2026-09-14 12:55:39,853 INFO tile_cache: tile_cache: forbid_remote=True (cache-only mode)
2026-09-14 12:55:39,853 INFO segv2.build: building 173 KGs
2026-09-14 12:56:45,464 INFO segv2.fetch: downloaded 32001-east_full.gpkg: 693 MB in 64s (10.7 MB/s)
2026-09-14 12:56:47,457 INFO segv2.labels: KG 32001 cadastre: 2673 footprints, 4055 landuse polys, 5538 parcels
2026-09-14 12:56:47,612 INFO segv2.labels: KG 32001 osm: 89 road, 0 rail, 7 water lines, 5 water areas; invekos: 465
2026-09-14 12:56:50,923 INFO object_segmentation: NDVI fusion: BEV mean=0.008, Cop mean=0.439, Fused mean=0.439, offset mean=0.429
2026-09-14 12:56:51,108 INFO tile_cache: tile_cache: forbid_remote=True (cache-only mode)
2026-09-14 12:56:58,818 INFO object_segmentation:   elevated layer: 62937 px → 493 segments
2026-09-14 12:57:04,285 INFO object_segmentation:   ground layer: 1270646 px → 551 segments
2026-09-14 12:57:07,138 INFO texture_features: Using pre-loaded grey image for texture (1500x1500)
2026-09-14 12:57:07,138 INFO texture_features: Computing per-segment GLCM texture at 0.50m (1500x1500)
2026-09-14 12:57:07,699 INFO texture_features: Computed texture for 922 segments
2026-09-14 12:57:08,554 INFO segv2.build: KG 32001-east tile 0: 1044 segments, labelled 98%
2026-09-14 12:57:10,862 INFO object_segmentation: NDVI fusion: BEV mean=0.094, Cop mean=0.496, Fused mean=0.495, offset mean=0.397
2026-09-14 12:57:11,063 INFO tile_cache: tile_cache: forbid_remote=True (cache-only mode)
2026-09-14 12:57:19,398 INFO object_segmentation:   elevated layer: 153220 px → 852 segments
2026-09-14 12:57:24,852 INFO object_segmentation:   ground layer: 1594691 px → 764 segments
2026-09-14 12:57:28,484 INFO texture_features: Using pre-loaded grey image for texture (1500x1500)
2026-09-14 12:57:28,484 INFO texture_features: Computing per-segment GLCM texture at 0.50m (1500x1500)
2026-09-14 12:57:29,154 INFO texture_features: Computed texture for 1403 segments
2026-09-14 12:57:30,365 INFO segv2.build: KG 32001-east tile 3: 1616 segments, labelled 95%
2026-09-14 12:57:32,621 INFO object_segmentation: NDVI fusion: BEV mean=0.049, Cop mean=0.442, Fused mean=0.441, offset mean=0.388
2026-09-14 12:57:32,794 INFO tile_cache: tile_cache: forbid_remote=True (cache-only mode)
2026-09-14 12:57:43,229 INFO object_segmentation:   elevated layer: 21678 px → 139 segments
2026-09-14 12:58:04,932 INFO object_segmentation:   ground layer: 223439 px → 163 segments
2026-09-14 12:58:05,783 INFO texture_features: Using pre-loaded grey image for texture (1500x1500)
2026-09-14 12:58:05,783 INFO texture_features: Computing per-segment GLCM texture at 0.50m (1500x1500)
2026-09-14 12:58:05,930 INFO texture_features: Computed texture for 277 segments
2026-09-14 12:58:06,266 INFO segv2.build: KG 32001-east tile 4: 302 segments, labelled 89%
2026-09-14 12:58:08,496 INFO object_segmentation: NDVI fusion: BEV mean=0.034, Cop mean=0.373, Fused mean=0.372, offset mean=0.389
2026-09-14 12:58:08,659 INFO tile_cache: tile_cache: forbid_remote=True (cache-only mode)
2026-09-14 12:58:13,954 INFO object_segmentation:   elevated layer: 102313 px → 661 segments
2026-09-14 12:58:19,450 INFO object_segmentation:   ground layer: 2080316 px → 600 segments
2026-09-14 12:58:23,378 INFO texture_features: Using pre-loaded grey image for texture (1500x1500)
2026-09-14 12:58:23,378 INFO texture_features: Computing per-segment GLCM texture at 0.50m (1500x1500)
2026-09-14 12:58:23,917 INFO texture_features: Computed texture for 1072 segments
2026-09-14 12:58:25,162 INFO segv2.build: KG 32001-east tile 6: 1261 segments, labelled 72%
2026-09-14 12:58:27,381 INFO object_segmentation: NDVI fusion: BEV mean=0.047, Cop mean=0.479, Fused mean=0.479, offset mean=0.432
2026-09-14 12:58:27,596 INFO tile_cache: tile_cache: forbid_remote=True (cache-only mode)
2026-09-14 12:58:41,242 INFO object_segmentation:   elevated layer: 44047 px → 325 segments
2026-09-14 12:58:50,450 INFO object_segmentation:   ground layer: 1009630 px → 429 segments
2026-09-14 12:58:52,633 INFO texture_features: Using pre-loaded grey image for texture (1500x1500)
2026-09-14 12:58:52,633 INFO texture_features: Computing per-segment GLCM texture at 0.50m (1500x1500)
2026-09-14 12:58:52,991 INFO texture_features: Computed texture for 664 segments
2026-09-14 12:58:53,677 INFO segv2.build: KG 32001-east tile 7: 754 segments, labelled 91%
2026-09-14 12:58:55,838 INFO object_segmentation: NDVI fusion: BEV mean=0.132, Cop mean=0.461, Fused mean=0.460, offset mean=0.403
2026-09-14 12:58:55,993 INFO tile_cache: tile_cache: forbid_remote=True (cache-only mode)
2026-09-14 12:59:00,694 INFO object_segmentation:   elevated layer: 166694 px → 760 segments
2026-09-14 12:59:05,602 INFO object_segmentation:   ground layer: 1855542 px → 722 segments
2026-09-14 12:59:09,312 INFO texture_features: Using pre-loaded grey image for texture (1500x1474)
2026-09-14 12:59:09,312 INFO texture_features: Computing per-segment GLCM texture at 0.50m (1500x1474)
2026-09-14 12:59:09,956 INFO texture_features: Computed texture for 1325 segments
2026-09-14 12:59:11,068 INFO segv2.build: KG 32001-east tile 9: 1482 segments, labelled 69%
2026-09-14 12:59:13,205 INFO object_segmentation: NDVI fusion: BEV mean=0.183, Cop mean=0.486, Fused mean=0.485, offset mean=0.314
2026-09-14 12:59:13,406 INFO tile_cache: tile_cache: forbid_remote=True (cache-only mode)
2026-09-14 12:59:18,243 INFO object_segmentation:   elevated layer: 155259 px → 672 segments
2026-09-14 12:59:24,383 INFO object_segmentation:   ground layer: 1452335 px → 606 segments
2026-09-14 12:59:27,698 INFO texture_features: Using pre-loaded grey image for texture (1500x1474)
2026-09-14 12:59:27,698 INFO texture_features: Computing per-segment GLCM texture at 0.50m (1500x1474)
2026-09-14 12:59:28,266 INFO texture_features: Computed texture for 1143 segments
2026-09-14 12:59:29,121 INFO segv2.build: KG 32001-east tile 10: 1278 segments, labelled 86%
2026-09-14 12:59:29,174 INFO segv2.build: KG 32001-east done: 7737 segs, 6539 labelled (4450 good) in 229s
2026-09-14 13:01:18,965 INFO segv2.fetch: downloaded 32001-northeast_full.gpkg: 662 MB in 109s (6.1 MB/s)
2026-09-14 13:01:20,784 INFO segv2.labels: KG 32001 cadastre: 2673 footprints, 4055 landuse polys, 5538 parcels
2026-09-14 13:01:20,902 INFO segv2.labels: KG 32001 osm: 10 road, 0 rail, 4 water lines, 2 water areas; invekos: 705
2026-09-14 13:01:23,662 INFO object_segmentation: NDVI fusion: BEV mean=-0.072, Cop mean=0.404, Fused mean=0.204, offset mean=0.556
2026-09-14 13:01:23,779 INFO tile_cache: tile_cache: forbid_remote=True (cache-only mode)
2026-09-14 13:01:34,563 INFO object_segmentation:   elevated layer: 10719 px → 69 segments
2026-09-14 13:01:42,034 INFO object_segmentation:   ground layer: 1468182 px → 235 segments
2026-09-14 13:01:44,398 INFO texture_features: Using pre-loaded grey image for texture (1500x1500)
2026-09-14 13:01:44,398 INFO texture_features: Computing per-segment GLCM texture at 0.50m (1500x1500)
2026-09-14 13:01:44,587 INFO texture_features: Computed texture for 272 segments
2026-09-14 13:01:45,396 INFO segv2.build: KG 32001-northeast tile 4: 304 segments, labelled 89%
2026-09-14 13:01:47,652 INFO object_segmentation: NDVI fusion: BEV mean=-0.080, Cop mean=0.372, Fused mean=0.371, offset mean=0.450
2026-09-14 13:01:47,869 INFO tile_cache: tile_cache: forbid_remote=True (cache-only mode)
2026-09-14 13:02:00,414 INFO object_segmentation:   elevated layer: 7678 px → 102 segments
2026-09-14 13:02:18,867 INFO object_segmentation:   ground layer: 235735 px → 135 segments
2026-09-14 13:02:19,733 INFO texture_features: Using pre-loaded grey image for texture (1500x1500)
2026-09-14 13:02:19,733 INFO texture_features: Computing per-segment GLCM texture at 0.50m (1500x1500)
2026-09-14 13:02:19,860 INFO texture_features: Computed texture for 199 segments
2026-09-14 13:02:20,112 INFO segv2.build: KG 32001-northeast tile 5: 237 segments, labelled 98%
2026-09-14 13:02:22,270 INFO object_segmentation: NDVI fusion: BEV mean=-0.006, Cop mean=0.337, Fused mean=0.338, offset mean=0.405
2026-09-14 13:02:22,433 INFO tile_cache: tile_cache: forbid_remote=True (cache-only mode)
2026-09-14 13:02:31,677 INFO object_segmentation:   elevated layer: 17126 px → 140 segments
2026-09-14 13:02:37,585 INFO object_segmentation:   ground layer: 2226578 px → 589 segments
2026-09-14 13:02:41,400 INFO texture_features: Using pre-loaded grey image for texture (1500x1500)
2026-09-14 13:02:41,400 INFO texture_features: Computing per-segment GLCM texture at 0.50m (1500x1500)
2026-09-14 13:02:41,808 INFO texture_features: Computed texture for 667 segments
2026-09-14 13:02:42,921 INFO segv2.build: KG 32001-northeast tile 8: 729 segments, labelled 89%
2026-09-14 13:02:45,211 INFO object_segmentation: NDVI fusion: BEV mean=-0.005, Cop mean=0.431, Fused mean=0.431, offset mean=0.436
2026-09-14 13:02:45,441 INFO tile_cache: tile_cache: forbid_remote=True (cache-only mode)
2026-09-14 13:02:59,096 INFO object_segmentation:   elevated layer: 10132 px → 126 segments
2026-09-14 13:03:04,279 INFO object_segmentation:   ground layer: 1177664 px → 518 segments
2026-09-14 13:03:06,664 INFO texture_features: Using pre-loaded grey image for texture (1500x1500)
2026-09-14 13:03:06,664 INFO texture_features: Computing per-segment GLCM texture at 0.50m (1500x1500)
2026-09-14 13:03:07,105 INFO texture_features: Computed texture for 581 segments
2026-09-14 13:03:07,846 INFO segv2.build: KG 32001-northeast tile 9: 644 segments, labelled 92%
2026-09-14 13:03:09,988 INFO object_segmentation: NDVI fusion: BEV mean=-0.014, Cop mean=0.361, Fused mean=0.361, offset mean=0.457
2026-09-14 13:03:10,143 INFO tile_cache: tile_cache: forbid_remote=True (cache-only mode)
2026-09-14 13:03:18,747 INFO object_segmentation:   elevated layer: 20973 px → 156 segments
2026-09-14 13:03:24,500 INFO object_segmentation:   ground layer: 1822707 px → 397 segments
2026-09-14 13:03:27,604 INFO texture_features: Using pre-loaded grey image for texture (1500x1474)
2026-09-14 13:03:27,605 INFO texture_features: Computing per-segment GLCM texture at 0.50m (1500x1474)
2026-09-14 13:03:27,935 INFO texture_features: Computed texture for 502 segments
2026-09-14 13:03:28,890 INFO segv2.build: KG 32001-northeast tile 12: 553 segments, labelled 86%
2026-09-14 13:03:31,023 INFO object_segmentation: NDVI fusion: BEV mean=-0.124, Cop mean=0.400, Fused mean=0.400, offset mean=0.547
2026-09-14 13:03:31,185 INFO tile_cache: tile_cache: forbid_remote=True (cache-only mode)
2026-09-14 13:03:48,512 INFO object_segmentation:   elevated layer: 464 px → 13 segments
2026-09-14 13:03:52,833 INFO object_segmentation:   ground layer: 50085 px → 27 segments
2026-09-14 13:03:53,397 INFO texture_features: Using pre-loaded grey image for texture (1500x1474)
2026-09-14 13:03:53,397 INFO texture_features: Computing per-segment GLCM texture at 0.50m (1500x1474)
2026-09-14 13:03:53,427 INFO texture_features: Computed texture for 34 segments
2026-09-14 13:03:53,590 INFO segv2.build: KG 32001-northeast tile 13: 40 segments, labelled 40%
2026-09-14 13:03:53,622 INFO segv2.build: KG 32001-northeast done: 2507 segs, 2237 labelled (1720 good) in 264s
2026-09-14 13:05:20,574 INFO segv2.fetch: downloaded 40301_full.gpkg: 886 MB in 85s (10.4 MB/s)
2026-09-14 13:05:21,575 INFO segv2.labels: KG 40301 cadastre: 1401 footprints, 1906 landuse polys, 872 parcels
2026-09-14 13:05:21,758 INFO segv2.labels: KG 40301 osm: 574 road, 0 rail, 36 water lines, 9 water areas; invekos: 660
2026-09-14 13:05:24,429 INFO object_segmentation: NDVI fusion: BEV mean=0.178, Cop mean=0.660, Fused mean=0.643, offset mean=0.486
2026-09-14 13:05:24,581 INFO tile_cache: tile_cache: forbid_remote=True (cache-only mode)
2026-09-14 13:05:29,538 INFO object_segmentation:   elevated layer: 157113 px → 586 segments
2026-09-14 13:05:37,471 INFO object_segmentation:   ground layer: 390976 px → 382 segments
/home/exedev/.local/lib/python3.12/site-packages/numpy/lib/_nanfunctions_impl.py:1997: RuntimeWarning: Degrees of freedom <= 0 for slice.
  var = nanvar(a, axis=axis, dtype=dtype, out=out, ddof=ddof,
2026-09-14 13:05:39,134 INFO texture_features: Using pre-loaded grey image for texture (1500x1500)
2026-09-14 13:05:39,135 INFO texture_features: Computing per-segment GLCM texture at 0.50m (1500x1500)
2026-09-14 13:05:39,610 INFO texture_features: Computed texture for 858 segments
2026-09-14 13:05:40,245 INFO segv2.build: KG 40301 tile 3: 968 segments, labelled 92%
2026-09-14 13:05:42,532 INFO object_segmentation: NDVI fusion: BEV mean=0.139, Cop mean=0.617, Fused mean=0.616, offset mean=0.477
2026-09-14 13:05:42,763 INFO tile_cache: tile_cache: forbid_remote=True (cache-only mode)
2026-09-14 13:05:47,866 INFO object_segmentation:   elevated layer: 388221 px → 1643 segments
2026-09-14 13:05:52,578 INFO object_segmentation:   ground layer: 471153 px → 815 segments
2026-09-14 13:05:55,529 INFO texture_features: Using pre-loaded grey image for texture (1500x1500)
2026-09-14 13:05:55,529 INFO texture_features: Computing per-segment GLCM texture at 0.50m (1500x1500)
2026-09-14 13:05:56,554 INFO texture_features: Computed texture for 2233 segments
2026-09-14 13:05:57,708 INFO segv2.build: KG 40301 tile 4: 2458 segments, labelled 93%
2026-09-14 13:05:59,971 INFO object_segmentation: NDVI fusion: BEV mean=0.103, Cop mean=0.651, Fused mean=0.650, offset mean=0.546
2026-09-14 13:06:00,172 INFO tile_cache: tile_cache: forbid_remote=True (cache-only mode)
2026-09-14 13:06:15,158 INFO object_segmentation:   elevated layer: 60404 px → 239 segments
2026-09-14 13:06:33,271 INFO object_segmentation:   ground layer: 26637 px → 90 segments
/home/exedev/.local/lib/python3.12/site-packages/numpy/lib/_nanfunctions_impl.py:1997: RuntimeWarning: Degrees of freedom <= 0 for slice.
  var = nanvar(a, axis=axis, dtype=dtype, out=out, ddof=ddof,
2026-09-14 13:06:33,772 INFO texture_features: Using pre-loaded grey image for texture (1489x1500)
2026-09-14 13:06:33,773 INFO texture_features: Computing per-segment GLCM texture at 0.50m (1489x1500)
2026-09-14 13:06:33,907 INFO texture_features: Computed texture for 289 segments
2026-09-14 13:06:34,505 INFO segv2.build: KG 40301 tile 5: 329 segments, labelled 88%
2026-09-14 13:06:36,701 INFO object_segmentation: NDVI fusion: BEV mean=0.251, Cop mean=0.686, Fused mean=0.684, offset mean=0.433
2026-09-14 13:06:36,922 INFO tile_cache: tile_cache: forbid_remote=True (cache-only mode)
2026-09-14 13:06:42,326 INFO object_segmentation:   elevated layer: 328012 px → 957 segments
2026-09-14 13:06:47,596 INFO object_segmentation:   ground layer: 449025 px → 489 segments
/home/exedev/.local/lib/python3.12/site-packages/numpy/lib/_nanfunctions_impl.py:1997: RuntimeWarning: Degrees of freedom <= 0 for slice.
  var = nanvar(a, axis=axis, dtype=dtype, out=out, ddof=ddof,
2026-09-14 13:06:49,729 INFO texture_features: Using pre-loaded grey image for texture (1500x1478)
2026-09-14 13:06:49,729 INFO texture_features: Computing per-segment GLCM texture at 0.50m (1500x1478)
2026-09-14 13:06:50,364 INFO texture_features: Computed texture for 1342 segments
2026-09-14 13:06:51,225 INFO segv2.build: KG 40301 tile 6: 1446 segments, labelled 92%
2026-09-14 13:06:51,263 INFO segv2.build: KG 40301 done: 5201 segs, 4795 labelled (2291 good) in 178s
2026-09-14 13:08:27,121 INFO segv2.fetch: downloaded 45401-northwest_full.gpkg: 637 MB in 95s (6.7 MB/s)
2026-09-14 13:08:28,677 INFO segv2.labels: KG 45401 cadastre: 1423 footprints, 3934 landuse polys, 1249 parcels
2026-09-14 13:08:28,832 INFO segv2.labels: KG 45401 osm: 122 road, 0 rail, 55 water lines, 22 water areas; invekos: 256
2026-09-14 13:08:31,338 INFO object_segmentation: NDVI fusion: BEV mean=0.287, Cop mean=0.769, Fused mean=0.773, offset mean=0.504
2026-09-14 13:08:31,442 INFO tile_cache: tile_cache: forbid_remote=True (cache-only mode)
2026-09-14 13:08:37,144 INFO object_segmentation:   elevated layer: 124405 px → 250 segments
2026-09-14 13:08:43,032 INFO object_segmentation:   ground layer: 18313 px → 83 segments
/home/exedev/.local/lib/python3.12/site-packages/numpy/lib/_nanfunctions_impl.py:1997: RuntimeWarning: Degrees of freedom <= 0 for slice.
  var = nanvar(a, axis=axis, dtype=dtype, out=out, ddof=ddof,
2026-09-14 13:08:43,726 INFO texture_features: Using pre-loaded grey image for texture (1500x1500)
2026-09-14 13:08:43,726 INFO texture_features: Computing per-segment GLCM texture at 0.50m (1500x1500)
2026-09-14 13:08:43,882 INFO texture_features: Computed texture for 312 segments
2026-09-14 13:08:44,208 INFO segv2.build: KG 45401-northwest tile 0: 333 segments, labelled 71%
2026-09-14 13:08:46,480 INFO object_segmentation: NDVI fusion: BEV mean=0.285, Cop mean=0.801, Fused mean=0.800, offset mean=0.514
2026-09-14 13:08:46,704 INFO tile_cache: tile_cache: forbid_remote=True (cache-only mode)
2026-09-14 13:08:51,984 INFO object_segmentation:   elevated layer: 776431 px → 1904 segments
2026-09-14 13:09:01,260 INFO object_segmentation:   ground layer: 235755 px → 1024 segments
/home/exedev/.local/lib/python3.12/site-packages/numpy/lib/_nanfunctions_impl.py:1997: RuntimeWarning: Degrees of freedom <= 0 for slice.
  var = nanvar(a, axis=axis, dtype=dtype, out=out, ddof=ddof,
2026-09-14 13:09:04,452 INFO texture_features: Using pre-loaded grey image for texture (1500x1500)
2026-09-14 13:09:04,452 INFO texture_features: Computing per-segment GLCM texture at 0.50m (1500x1500)
2026-09-14 13:09:05,669 INFO texture_features: Computed texture for 2653 segments
2026-09-14 13:09:06,663 INFO segv2.build: KG 45401-northwest tile 3: 2928 segments, labelled 52%
2026-09-14 13:09:09,190 INFO object_segmentation: NDVI fusion: BEV mean=0.316, Cop mean=0.789, Fused mean=0.789, offset mean=0.474
2026-09-14 13:09:09,453 INFO tile_cache: tile_cache: forbid_remote=True (cache-only mode)
2026-09-14 13:09:18,042 INFO object_segmentation:   elevated layer: 1019836 px → 2474 segments
2026-09-14 13:09:24,745 INFO object_segmentation:   ground layer: 402664 px → 1330 segments
2026-09-14 13:09:29,053 INFO texture_features: Using pre-loaded grey image for texture (1500x1500)
2026-09-14 13:09:29,053 INFO texture_features: Computing per-segment GLCM texture at 0.50m (1500x1500)
2026-09-14 13:09:30,618 INFO texture_features: Computed texture for 3460 segments
2026-09-14 13:09:31,793 INFO segv2.build: KG 45401-northwest tile 4: 3804 segments, labelled 57%
2026-09-14 13:09:32,185 INFO object_segmentation: NDVI fusion: BEV mean=0.299, Cop mean=0.800, Fused mean=0.793, offset mean=0.475
2026-09-14 13:09:32,252 INFO tile_cache: tile_cache: forbid_remote=True (cache-only mode)
2026-09-14 13:09:32,793 INFO object_segmentation:   elevated layer: 72728 px → 200 segments
2026-09-14 13:09:33,395 INFO object_segmentation:   ground layer: 15024 px → 87 segments
/home/exedev/.local/lib/python3.12/site-packages/numpy/lib/_nanfunctions_impl.py:1997: RuntimeWarning: Degrees of freedom <= 0 for slice.
  var = nanvar(a, axis=axis, dtype=dtype, out=out, ddof=ddof,
2026-09-14 13:09:33,739 INFO texture_features: Using pre-loaded grey image for texture (160x1500)
2026-09-14 13:09:33,739 INFO texture_features: Computing per-segment GLCM texture at 0.50m (160x1500)
2026-09-14 13:09:33,851 INFO texture_features: Computed texture for 261 segments
2026-09-14 13:09:33,950 INFO segv2.build: KG 45401-northwest tile 5: 287 segments, labelled 62%
2026-09-14 13:09:36,178 INFO object_segmentation: NDVI fusion: BEV mean=0.303, Cop mean=0.812, Fused mean=0.811, offset mean=0.507
2026-09-14 13:09:36,405 INFO tile_cache: tile_cache: forbid_remote=True (cache-only mode)
2026-09-14 13:09:42,210 INFO object_segmentation:   elevated layer: 728812 px → 1394 segments
2026-09-14 13:09:46,988 INFO object_segmentation:   ground layer: 504274 px → 625 segments
/home/exedev/.local/lib/python3.12/site-packages/numpy/lib/_nanfunctions_impl.py:1997: RuntimeWarning: Degrees of freedom <= 0 for slice.
  var = nanvar(a, axis=axis, dtype=dtype, out=out, ddof=ddof,
2026-09-14 13:09:50,266 INFO texture_features: Using pre-loaded grey image for texture (1500x1477)
2026-09-14 13:09:50,266 INFO texture_features: Computing per-segment GLCM texture at 0.50m (1500x1477)
2026-09-14 13:09:51,128 INFO texture_features: Computed texture for 1914 segments
2026-09-14 13:09:52,264 INFO segv2.build: KG 45401-northwest tile 7: 2019 segments, labelled 81%
2026-09-14 13:09:52,630 INFO object_segmentation: NDVI fusion: BEV mean=0.317, Cop mean=0.812, Fused mean=0.812, offset mean=0.493
2026-09-14 13:09:52,690 INFO tile_cache: tile_cache: forbid_remote=True (cache-only mode)
2026-09-14 13:09:53,142 INFO object_segmentation:   elevated layer: 177476 px → 359 segments
2026-09-14 13:09:53,477 INFO object_segmentation:   ground layer: 44488 px → 176 segments
/home/exedev/.local/lib/python3.12/site-packages/numpy/lib/_nanfunctions_impl.py:1997: RuntimeWarning: Degrees of freedom <= 0 for slice.
  var = nanvar(a, axis=axis, dtype=dtype, out=out, ddof=ddof,
2026-09-14 13:09:54,107 INFO texture_features: Using pre-loaded grey image for texture (160x1477)
2026-09-14 13:09:54,107 INFO texture_features: Computing per-segment GLCM texture at 0.50m (160x1477)
2026-09-14 13:09:54,340 INFO texture_features: Computed texture for 498 segments
2026-09-14 13:09:54,508 INFO segv2.build: KG 45401-northwest tile 8: 535 segments, labelled 71%
2026-09-14 13:09:54,571 INFO segv2.build: KG 45401-northwest done: 9906 segs, 6103 labelled (2412 good) in 183s
2026-09-14 13:11:33,050 INFO segv2.fetch: downloaded 47301-north_full.gpkg: 777 MB in 97s (8.0 MB/s)
2026-09-14 13:11:34,079 INFO segv2.labels: KG 47301 cadastre: 839 footprints, 2314 landuse polys, 889 parcels
2026-09-14 13:11:34,245 INFO segv2.labels: KG 47301 osm: 304 road, 0 rail, 195 water lines, 50 water areas; invekos: 431
2026-09-14 13:11:36,673 INFO object_segmentation: NDVI fusion: BEV mean=0.294, Cop mean=0.629, Fused mean=0.633, offset mean=0.394
2026-09-14 13:11:36,784 INFO tile_cache: tile_cache: forbid_remote=True (cache-only mode)
2026-09-14 13:11:42,347 INFO object_segmentation:   elevated layer: 99541 px → 296 segments
2026-09-14 13:11:54,110 INFO object_segmentation:   ground layer: 10519 px → 66 segments
/home/exedev/.local/lib/python3.12/site-packages/numpy/lib/_nanfunctions_impl.py:1997: RuntimeWarning: Degrees of freedom <= 0 for slice.
  var = nanvar(a, axis=axis, dtype=dtype, out=out, ddof=ddof,
2026-09-14 13:11:54,707 INFO texture_features: Using pre-loaded grey image for texture (1500x1500)
2026-09-14 13:11:54,708 INFO texture_features: Computing per-segment GLCM texture at 0.50m (1500x1500)
2026-09-14 13:11:54,860 INFO texture_features: Computed texture for 338 segments
2026-09-14 13:11:55,176 INFO segv2.build: KG 47301-north tile 0: 362 segments, labelled 74%
2026-09-14 13:11:57,420 INFO object_segmentation: NDVI fusion: BEV mean=0.226, Cop mean=0.707, Fused mean=0.712, offset mean=0.531
2026-09-14 13:11:57,569 INFO tile_cache: tile_cache: forbid_remote=True (cache-only mode)
2026-09-14 13:12:04,721 INFO object_segmentation:   elevated layer: 356395 px → 1018 segments
2026-09-14 13:12:09,789 INFO object_segmentation:   ground layer: 64452 px → 341 segments
/home/exedev/.local/lib/python3.12/site-packages/numpy/lib/_nanfunctions_impl.py:1997: RuntimeWarning: Degrees of freedom <= 0 for slice.
  var = nanvar(a, axis=axis, dtype=dtype, out=out, ddof=ddof,
2026-09-14 13:12:11,279 INFO texture_features: Using pre-loaded grey image for texture (1500x1500)
2026-09-14 13:12:11,280 INFO texture_features: Computing per-segment GLCM texture at 0.50m (1500x1500)
2026-09-14 13:12:11,849 INFO texture_features: Computed texture for 1272 segments
2026-09-14 13:12:12,470 INFO segv2.build: KG 47301-north tile 1: 1359 segments, labelled 68%
2026-09-14 13:12:14,740 INFO object_segmentation: NDVI fusion: BEV mean=0.255, Cop mean=0.741, Fused mean=0.746, offset mean=0.505
2026-09-14 13:12:14,866 INFO tile_cache: tile_cache: forbid_remote=True (cache-only mode)
2026-09-14 13:12:37,487 INFO object_segmentation:   elevated layer: 150346 px → 438 segments
2026-09-14 13:12:56,686 INFO object_segmentation:   ground layer: 26801 px → 173 segments
/home/exedev/.local/lib/python3.12/site-packages/numpy/lib/_nanfunctions_impl.py:1997: RuntimeWarning: Degrees of freedom <= 0 for slice.
  var = nanvar(a, axis=axis, dtype=dtype, out=out, ddof=ddof,
2026-09-14 13:12:57,469 INFO texture_features: Using pre-loaded grey image for texture (1500x1500)
2026-09-14 13:12:57,469 INFO texture_features: Computing per-segment GLCM texture at 0.50m (1500x1500)
2026-09-14 13:12:57,715 INFO texture_features: Computed texture for 563 segments
2026-09-14 13:12:58,106 INFO segv2.build: KG 47301-north tile 2: 611 segments, labelled 67%
2026-09-14 13:13:00,322 INFO object_segmentation: NDVI fusion: BEV mean=0.273, Cop mean=0.786, Fused mean=0.785, offset mean=0.511
2026-09-14 13:13:00,512 INFO tile_cache: tile_cache: forbid_remote=True (cache-only mode)
2026-09-14 13:13:08,588 INFO object_segmentation:   elevated layer: 804185 px → 1705 segments
2026-09-14 13:13:16,855 INFO object_segmentation:   ground layer: 881752 px → 777 segments
/home/exedev/.local/lib/python3.12/site-packages/numpy/lib/_nanfunctions_impl.py:1997: RuntimeWarning: Degrees of freedom <= 0 for slice.
  var = nanvar(a, axis=axis, dtype=dtype, out=out, ddof=ddof,
2026-09-14 13:13:20,863 INFO texture_features: Using pre-loaded grey image for texture (1500x1500)
2026-09-14 13:13:20,864 INFO texture_features: Computing per-segment GLCM texture at 0.50m (1500x1500)
2026-09-14 13:13:21,924 INFO texture_features: Computed texture for 2347 segments
2026-09-14 13:13:23,193 INFO segv2.build: KG 47301-north tile 4: 2482 segments, labelled 76%
2026-09-14 13:13:25,513 INFO object_segmentation: NDVI fusion: BEV mean=0.287, Cop mean=0.766, Fused mean=0.765, offset mean=0.478
2026-09-14 13:13:25,756 INFO tile_cache: tile_cache: forbid_remote=True (cache-only mode)
2026-09-14 13:13:31,328 INFO object_segmentation:   elevated layer: 1490316 px → 3842 segments
2026-09-14 13:13:36,604 INFO object_segmentation:   ground layer: 759679 px → 1322 segments
2026-09-14 13:13:42,736 INFO texture_features: Using pre-loaded grey image for texture (1500x1500)
2026-09-14 13:13:42,736 INFO texture_features: Computing per-segment GLCM texture at 0.50m (1500x1500)
2026-09-14 13:13:45,047 INFO texture_features: Computed texture for 4908 segments
2026-09-14 13:13:46,804 INFO segv2.build: KG 47301-north tile 5: 5164 segments, labelled 77%
2026-09-14 13:13:49,136 INFO object_segmentation: NDVI fusion: BEV mean=0.274, Cop mean=0.795, Fused mean=0.795, offset mean=0.522
2026-09-14 13:13:49,404 INFO tile_cache: tile_cache: forbid_remote=True (cache-only mode)
2026-09-14 13:13:55,305 INFO object_segmentation:   elevated layer: 1203008 px → 3279 segments
2026-09-14 13:14:00,950 INFO object_segmentation:   ground layer: 607843 px → 1125 segments
/home/exedev/.local/lib/python3.12/site-packages/numpy/lib/_nanfunctions_impl.py:1997: RuntimeWarning: Degrees of freedom <= 0 for slice.
  var = nanvar(a, axis=axis, dtype=dtype, out=out, ddof=ddof,
2026-09-14 13:14:06,172 INFO texture_features: Using pre-loaded grey image for texture (1500x1500)
2026-09-14 13:14:06,172 INFO texture_features: Computing per-segment GLCM texture at 0.50m (1500x1500)
2026-09-14 13:14:08,020 INFO texture_features: Computed texture for 4162 segments
2026-09-14 13:14:09,509 INFO segv2.build: KG 47301-north tile 6: 4404 segments, labelled 71%
2026-09-14 13:14:09,952 INFO object_segmentation: NDVI fusion: BEV mean=0.254, Cop mean=0.811, Fused mean=0.810, offset mean=0.554
2026-09-14 13:14:10,013 INFO tile_cache: tile_cache: forbid_remote=True (cache-only mode)
2026-09-14 13:14:10,982 INFO object_segmentation:   elevated layer: 115635 px → 239 segments
2026-09-14 13:14:11,452 INFO object_segmentation:   ground layer: 111139 px → 108 segments
/home/exedev/.local/lib/python3.12/site-packages/numpy/lib/_nanfunctions_impl.py:1997: RuntimeWarning: Degrees of freedom <= 0 for slice.
  var = nanvar(a, axis=axis, dtype=dtype, out=out, ddof=ddof,
2026-09-14 13:14:11,965 INFO texture_features: Using pre-loaded grey image for texture (1500x232)
2026-09-14 13:14:11,965 INFO texture_features: Computing per-segment GLCM texture at 0.50m (1500x232)
2026-09-14 13:14:12,106 INFO texture_features: Computed texture for 330 segments
2026-09-14 13:14:12,271 INFO segv2.build: KG 47301-north tile 8: 347 segments, labelled 88%
2026-09-14 13:14:12,722 INFO object_segmentation: NDVI fusion: BEV mean=0.317, Cop mean=0.765, Fused mean=0.762, offset mean=0.435
2026-09-14 13:14:12,788 INFO tile_cache: tile_cache: forbid_remote=True (cache-only mode)
2026-09-14 13:14:14,197 INFO object_segmentation:   elevated layer: 56571 px → 146 segments
2026-09-14 13:14:14,685 INFO object_segmentation:   ground layer: 186345 px → 125 segments
/home/exedev/.local/lib/python3.12/site-packages/numpy/lib/_nanfunctions_impl.py:1997: RuntimeWarning: Degrees of freedom <= 0 for slice.
  var = nanvar(a, axis=axis, dtype=dtype, out=out, ddof=ddof,
2026-09-14 13:14:15,201 INFO texture_features: Using pre-loaded grey image for texture (1500x232)
2026-09-14 13:14:15,201 INFO texture_features: Computing per-segment GLCM texture at 0.50m (1500x232)
2026-09-14 13:14:15,322 INFO texture_features: Computed texture for 250 segments
2026-09-14 13:14:15,507 INFO segv2.build: KG 47301-north tile 9: 271 segments, labelled 92%
2026-09-14 13:14:16,001 INFO object_segmentation: NDVI fusion: BEV mean=0.354, Cop mean=0.759, Fused mean=0.751, offset mean=0.377
2026-09-14 13:14:16,067 INFO tile_cache: tile_cache: forbid_remote=True (cache-only mode)
2026-09-14 13:14:19,131 INFO object_segmentation:   elevated layer: 12510 px → 63 segments
2026-09-14 13:14:20,559 INFO object_segmentation:   ground layer: 92733 px → 70 segments
/home/exedev/.local/lib/python3.12/site-packages/numpy/lib/_nanfunctions_impl.py:1997: RuntimeWarning: Degrees of freedom <= 0 for slice.
  var = nanvar(a, axis=axis, dtype=dtype, out=out, ddof=ddof,
2026-09-14 13:14:20,821 INFO texture_features: Using pre-loaded grey image for texture (1500x232)
2026-09-14 13:14:20,822 INFO texture_features: Computing per-segment GLCM texture at 0.50m (1500x232)
2026-09-14 13:14:20,873 INFO texture_features: Computed texture for 115 segments
2026-09-14 13:14:20,990 INFO segv2.build: KG 47301-north tile 10: 133 segments, labelled 88%
2026-09-14 13:14:21,081 INFO segv2.build: KG 47301-north done: 15133 segs, 11271 labelled (5311 good) in 266s
2026-09-14 13:15:33,568 INFO segv2.fetch: downloaded 66302_full.gpkg: 365 MB in 72s (5.1 MB/s)
2026-09-14 13:15:34,033 INFO segv2.labels: KG 66302 cadastre: 282 footprints, 747 landuse polys, 505 parcels
2026-09-14 13:15:34,156 INFO segv2.labels: KG 66302 osm: 198 road, 0 rail, 59 water lines, 10 water areas; invekos: 356
2026-09-14 13:15:36,606 INFO object_segmentation: NDVI fusion: BEV mean=0.246, Cop mean=0.674, Fused mean=0.674, offset mean=0.427
2026-09-14 13:15:36,756 INFO tile_cache: tile_cache: forbid_remote=True (cache-only mode)
2026-09-14 13:15:41,808 INFO object_segmentation:   elevated layer: 87480 px → 190 segments
2026-09-14 13:15:50,150 INFO object_segmentation:   ground layer: 858715 px → 287 segments
/home/exedev/.local/lib/python3.12/site-packages/numpy/lib/_nanfunctions_impl.py:1997: RuntimeWarning: Degrees of freedom <= 0 for slice.
  var = nanvar(a, axis=axis, dtype=dtype, out=out, ddof=ddof,
2026-09-14 13:15:51,874 INFO texture_features: Using pre-loaded grey image for texture (1500x1500)
2026-09-14 13:15:51,874 INFO texture_features: Computing per-segment GLCM texture at 0.50m (1500x1500)
2026-09-14 13:15:52,140 INFO texture_features: Computed texture for 465 segments
2026-09-14 13:15:52,906 INFO segv2.build: KG 66302 tile 0: 477 segments, labelled 95%
2026-09-14 13:15:55,223 INFO object_segmentation: NDVI fusion: BEV mean=0.141, Cop mean=0.592, Fused mean=0.566, offset mean=0.438
2026-09-14 13:15:55,381 INFO tile_cache: tile_cache: forbid_remote=True (cache-only mode)
2026-09-14 13:16:08,564 INFO object_segmentation:   elevated layer: 42998 px → 110 segments
2026-09-14 13:16:28,429 INFO object_segmentation:   ground layer: 129412 px → 77 segments
/home/exedev/.local/lib/python3.12/site-packages/numpy/lib/_nanfunctions_impl.py:1997: RuntimeWarning: Degrees of freedom <= 0 for slice.
  var = nanvar(a, axis=axis, dtype=dtype, out=out, ddof=ddof,
2026-09-14 13:16:28,920 INFO texture_features: Using pre-loaded grey image for texture (1500x1500)
2026-09-14 13:16:28,920 INFO texture_features: Computing per-segment GLCM texture at 0.50m (1500x1500)
2026-09-14 13:16:29,011 INFO texture_features: Computed texture for 177 segments
2026-09-14 13:16:29,336 INFO segv2.build: KG 66302 tile 1: 187 segments, labelled 89%
2026-09-14 13:16:31,603 INFO object_segmentation: NDVI fusion: BEV mean=0.267, Cop mean=0.698, Fused mean=0.697, offset mean=0.429
2026-09-14 13:16:31,776 INFO tile_cache: tile_cache: forbid_remote=True (cache-only mode)
2026-09-14 13:16:56,767 INFO object_segmentation:   elevated layer: 222670 px → 494 segments
2026-09-14 13:17:31,928 INFO object_segmentation:   ground layer: 133755 px → 163 segments
/home/exedev/.local/lib/python3.12/site-packages/numpy/lib/_nanfunctions_impl.py:1997: RuntimeWarning: Degrees of freedom <= 0 for slice.
  var = nanvar(a, axis=axis, dtype=dtype, out=out, ddof=ddof,
2026-09-14 13:17:32,998 INFO texture_features: Using pre-loaded grey image for texture (1500x1500)
2026-09-14 13:17:32,998 INFO texture_features: Computing per-segment GLCM texture at 0.50m (1500x1500)
2026-09-14 13:17:33,282 INFO texture_features: Computed texture for 626 segments
2026-09-14 13:17:33,883 INFO segv2.build: KG 66302 tile 3: 657 segments, labelled 91%
2026-09-14 13:17:36,205 INFO object_segmentation: NDVI fusion: BEV mean=0.256, Cop mean=0.706, Fused mean=0.706, offset mean=0.448
2026-09-14 13:17:36,397 INFO tile_cache: tile_cache: forbid_remote=True (cache-only mode)
2026-09-14 13:17:47,020 INFO object_segmentation:   elevated layer: 236630 px → 725 segments
2026-09-14 13:17:55,593 INFO object_segmentation:   ground layer: 451197 px → 374 segments
2026-09-14 13:17:57,358 INFO texture_features: Using pre-loaded grey image for texture (1500x1500)
2026-09-14 13:17:57,358 INFO texture_features: Computing per-segment GLCM texture at 0.50m (1500x1500)
2026-09-14 13:17:57,838 INFO texture_features: Computed texture for 1048 segments
2026-09-14 13:17:58,571 INFO segv2.build: KG 66302 tile 4: 1099 segments, labelled 94%
2026-09-14 13:17:58,594 INFO segv2.build: KG 66302 done: 2420 segs, 2241 labelled (1294 good) in 217s
2026-09-14 13:19:15,144 INFO segv2.fetch: downloaded 75314-southeast_full.gpkg: 705 MB in 75s (9.3 MB/s)
2026-09-14 13:19:17,564 INFO segv2.labels: KG 75314 cadastre: 2100 footprints, 6132 landuse polys, 1414 parcels
2026-09-14 13:19:17,757 INFO segv2.labels: KG 75314 osm: 66 road, 11 rail, 74 water lines, 2 water areas; invekos: 41
2026-09-14 13:19:20,240 INFO object_segmentation: NDVI fusion: BEV mean=0.229, Cop mean=0.754, Fused mean=0.753, offset mean=0.523
2026-09-14 13:19:20,408 INFO tile_cache: tile_cache: forbid_remote=True (cache-only mode)
2026-09-14 13:19:26,390 INFO object_segmentation:   elevated layer: 1331188 px → 3327 segments
2026-09-14 13:19:30,856 INFO object_segmentation:   ground layer: 274673 px → 1304 segments
2026-09-14 13:19:35,982 INFO texture_features: Using pre-loaded grey image for texture (1500x1500)
2026-09-14 13:19:35,982 INFO texture_features: Computing per-segment GLCM texture at 0.50m (1500x1500)
2026-09-14 13:19:37,830 INFO texture_features: Computed texture for 4235 segments
2026-09-14 13:19:39,391 INFO segv2.build: KG 75314-southeast tile 0: 4631 segments, labelled 75%
2026-09-14 13:19:41,677 INFO object_segmentation: NDVI fusion: BEV mean=0.270, Cop mean=0.829, Fused mean=0.828, offset mean=0.556
2026-09-14 13:19:41,904 INFO tile_cache: tile_cache: forbid_remote=True (cache-only mode)
2026-09-14 13:19:48,218 INFO object_segmentation:   elevated layer: 1337458 px → 2834 segments
2026-09-14 13:19:53,422 INFO object_segmentation:   ground layer: 188522 px → 1153 segments
2026-09-14 13:19:58,216 INFO texture_features: Using pre-loaded grey image for texture (1500x1500)
2026-09-14 13:19:58,216 INFO texture_features: Computing per-segment GLCM texture at 0.50m (1500x1500)
2026-09-14 13:19:59,866 INFO texture_features: Computed texture for 3616 segments
2026-09-14 13:20:01,205 INFO segv2.build: KG 75314-southeast tile 3: 3987 segments, labelled 70%
2026-09-14 13:20:03,433 INFO object_segmentation: NDVI fusion: BEV mean=0.213, Cop mean=0.787, Fused mean=0.786, offset mean=0.570
2026-09-14 13:20:03,637 INFO tile_cache: tile_cache: forbid_remote=True (cache-only mode)
2026-09-14 13:20:09,426 INFO object_segmentation:   elevated layer: 934208 px → 2112 segments
2026-09-14 13:20:13,317 INFO object_segmentation:   ground layer: 264846 px → 761 segments
2026-09-14 13:20:16,900 INFO texture_features: Using pre-loaded grey image for texture (1500x1465)
2026-09-14 13:20:16,900 INFO texture_features: Computing per-segment GLCM texture at 0.50m (1500x1465)
2026-09-14 13:20:18,076 INFO texture_features: Computed texture for 2665 segments
2026-09-14 13:20:19,387 INFO segv2.build: KG 75314-southeast tile 6: 2873 segments, labelled 86%
2026-09-14 13:20:19,458 INFO segv2.build: KG 75314-southeast done: 11491 segs, 8741 labelled (3843 good) in 141s
2026-09-14 13:22:29,438 INFO segv2.fetch: downloaded 75314-southwest_full.gpkg: 737 MB in 129s (5.7 MB/s)
2026-09-14 13:22:31,574 INFO segv2.labels: KG 75314 cadastre: 2100 footprints, 6132 landuse polys, 1414 parcels
2026-09-14 13:22:31,683 INFO segv2.labels: KG 75314 osm: 18 road, 1 rail, 64 water lines, 10 water areas; invekos: 45
2026-09-14 13:22:34,262 INFO object_segmentation: NDVI fusion: BEV mean=0.246, Cop mean=0.749, Fused mean=0.749, offset mean=0.501
2026-09-14 13:22:34,473 INFO tile_cache: tile_cache: forbid_remote=True (cache-only mode)
2026-09-14 13:22:41,287 INFO object_segmentation:   elevated layer: 1534572 px → 3488 segments
2026-09-14 13:22:45,888 INFO object_segmentation:   ground layer: 298109 px → 1472 segments
2026-09-14 13:22:51,769 INFO texture_features: Using pre-loaded grey image for texture (1500x1500)
2026-09-14 13:22:51,769 INFO texture_features: Computing per-segment GLCM texture at 0.50m (1500x1500)
2026-09-14 13:22:53,682 INFO texture_features: Computed texture for 4533 segments
2026-09-14 13:22:55,262 INFO segv2.build: KG 75314-southwest tile 0: 4960 segments, labelled 71%
2026-09-14 13:22:57,567 INFO object_segmentation: NDVI fusion: BEV mean=0.213, Cop mean=0.711, Fused mean=0.711, offset mean=0.498
2026-09-14 13:22:57,787 INFO tile_cache: tile_cache: forbid_remote=True (cache-only mode)
2026-09-14 13:23:03,643 INFO object_segmentation:   elevated layer: 1790981 px → 4824 segments
2026-09-14 13:23:08,280 INFO object_segmentation:   ground layer: 454720 px → 2104 segments
2026-09-14 13:23:15,586 INFO texture_features: Using pre-loaded grey image for texture (1500x1500)
2026-09-14 13:23:15,586 INFO texture_features: Computing per-segment GLCM texture at 0.50m (1500x1500)
2026-09-14 13:23:18,449 INFO texture_features: Computed texture for 6309 segments
2026-09-14 13:23:20,490 INFO segv2.build: KG 75314-southwest tile 1: 6928 segments, labelled 74%
2026-09-14 13:23:20,815 INFO object_segmentation: NDVI fusion: BEV mean=0.016, Cop mean=0.053, Fused mean=0.049, offset mean=0.422
2026-09-14 13:23:20,854 INFO tile_cache: tile_cache: forbid_remote=True (cache-only mode)
2026-09-14 13:23:21,548 INFO object_segmentation:   elevated layer: 7089 px → 20 segments
2026-09-14 13:23:21,925 INFO object_segmentation:   ground layer: 108011 px → 8 segments
2026-09-14 13:23:22,167 INFO texture_features: Using pre-loaded grey image for texture (144x1500)
2026-09-14 13:23:22,168 INFO texture_features: Computing per-segment GLCM texture at 0.50m (144x1500)
2026-09-14 13:23:22,181 INFO texture_features: Computed texture for 25 segments
2026-09-14 13:23:22,340 INFO segv2.build: KG 75314-southwest tile 2: 28 segments, labelled 71%
2026-09-14 13:23:24,538 INFO object_segmentation: NDVI fusion: BEV mean=0.227, Cop mean=0.695, Fused mean=0.695, offset mean=0.467
2026-09-14 13:23:24,737 INFO tile_cache: tile_cache: forbid_remote=True (cache-only mode)
2026-09-14 13:23:31,768 INFO object_segmentation:   elevated layer: 1489472 px → 3440 segments
2026-09-14 13:23:37,205 INFO object_segmentation:   ground layer: 317165 px → 1404 segments
2026-09-14 13:23:42,542 INFO texture_features: Using pre-loaded grey image for texture (1500x1500)
2026-09-14 13:23:42,542 INFO texture_features: Computing per-segment GLCM texture at 0.50m (1500x1500)
2026-09-14 13:23:44,622 INFO texture_features: Computed texture for 4428 segments
2026-09-14 13:23:46,075 INFO segv2.build: KG 75314-southwest tile 3: 4844 segments, labelled 88%
2026-09-14 13:23:48,519 INFO object_segmentation: NDVI fusion: BEV mean=0.269, Cop mean=0.795, Fused mean=0.795, offset mean=0.526
2026-09-14 13:23:48,764 INFO tile_cache: tile_cache: forbid_remote=True (cache-only mode)
2026-09-14 13:23:54,434 INFO object_segmentation:   elevated layer: 1942395 px → 4752 segments
2026-09-14 13:24:01,587 INFO object_segmentation:   ground layer: 307604 px → 1610 segments
2026-09-14 13:24:08,401 INFO texture_features: Using pre-loaded grey image for texture (1500x1500)
2026-09-14 13:24:08,401 INFO texture_features: Computing per-segment GLCM texture at 0.50m (1500x1500)
2026-09-14 13:24:11,007 INFO texture_features: Computed texture for 5844 segments
2026-09-14 13:24:12,835 INFO segv2.build: KG 75314-southwest tile 4: 6362 segments, labelled 77%
2026-09-14 13:24:13,181 INFO object_segmentation: NDVI fusion: BEV mean=0.160, Cop mean=0.511, Fused mean=0.490, offset mean=0.474
2026-09-14 13:24:13,231 INFO tile_cache: tile_cache: forbid_remote=True (cache-only mode)
2026-09-14 13:24:13,768 INFO object_segmentation:   elevated layer: 109843 px → 235 segments
2026-09-14 13:24:14,119 INFO object_segmentation:   ground layer: 87449 px → 80 segments
2026-09-14 13:24:14,672 INFO texture_features: Using pre-loaded grey image for texture (144x1500)
2026-09-14 13:24:14,672 INFO texture_features: Computing per-segment GLCM texture at 0.50m (144x1500)
2026-09-14 13:24:14,796 INFO texture_features: Computed texture for 281 segments
2026-09-14 13:24:14,977 INFO segv2.build: KG 75314-southwest tile 5: 315 segments, labelled 79%
2026-09-14 13:24:17,095 INFO object_segmentation: NDVI fusion: BEV mean=0.238, Cop mean=0.682, Fused mean=0.684, offset mean=0.471
2026-09-14 13:24:17,244 INFO tile_cache: tile_cache: forbid_remote=True (cache-only mode)
2026-09-14 13:24:22,623 INFO object_segmentation:   elevated layer: 910752 px → 2343 segments
2026-09-14 13:24:29,769 INFO object_segmentation:   ground layer: 264803 px → 1050 segments
2026-09-14 13:24:33,707 INFO texture_features: Using pre-loaded grey image for texture (1500x1464)
2026-09-14 13:24:33,707 INFO texture_features: Computing per-segment GLCM texture at 0.50m (1500x1464)
2026-09-14 13:24:35,021 INFO texture_features: Computed texture for 3020 segments
2026-09-14 13:24:36,064 INFO segv2.build: KG 75314-southwest tile 6: 3393 segments, labelled 80%
2026-09-14 13:24:38,379 INFO object_segmentation: NDVI fusion: BEV mean=0.172, Cop mean=0.714, Fused mean=0.713, offset mean=0.540
2026-09-14 13:24:38,618 INFO tile_cache: tile_cache: forbid_remote=True (cache-only mode)
2026-09-14 13:24:44,047 INFO object_segmentation:   elevated layer: 1117395 px → 3655 segments
2026-09-14 13:24:48,537 INFO object_segmentation:   ground layer: 959786 px → 1823 segments
2026-09-14 13:24:54,711 INFO texture_features: Using pre-loaded grey image for texture (1500x1464)
2026-09-14 13:24:54,711 INFO texture_features: Computing per-segment GLCM texture at 0.50m (1500x1464)
2026-09-14 13:24:56,934 INFO texture_features: Computed texture for 5008 segments
2026-09-14 13:24:58,764 INFO segv2.build: KG 75314-southwest tile 7: 5478 segments, labelled 93%
2026-09-14 13:24:59,120 INFO object_segmentation: NDVI fusion: BEV mean=0.216, Cop mean=0.792, Fused mean=0.791, offset mean=0.574
2026-09-14 13:24:59,179 INFO tile_cache: tile_cache: forbid_remote=True (cache-only mode)
2026-09-14 13:24:59,491 INFO object_segmentation:   elevated layer: 157264 px → 359 segments
2026-09-14 13:24:59,807 INFO object_segmentation:   ground layer: 26972 px → 123 segments
2026-09-14 13:25:00,441 INFO texture_features: Using pre-loaded grey image for texture (144x1464)
2026-09-14 13:25:00,442 INFO texture_features: Computing per-segment GLCM texture at 0.50m (144x1464)
2026-09-14 13:25:00,631 INFO texture_features: Computed texture for 441 segments
2026-09-14 13:25:00,896 INFO segv2.build: KG 75314-southwest tile 8: 482 segments, labelled 87%
2026-09-14 13:25:01,071 INFO segv2.build: KG 75314-southwest done: 32790 segs, 26232 labelled (16069 good) in 282s
2026-09-14 13:27:37,153 INFO segv2.fetch: downloaded 85106-southwest-1_full.gpkg: 884 MB in 155s (5.7 MB/s)
2026-09-14 13:27:39,644 INFO segv2.labels: KG 85106 cadastre: 1286 footprints, 4286 landuse polys, 2704 parcels
2026-09-14 13:27:39,773 INFO segv2.labels: KG 85106 osm: 31 road, 0 rail, 33 water lines, 2 water areas; invekos: 63
2026-09-14 13:27:42,510 INFO object_segmentation: NDVI fusion: BEV mean=-0.099, Cop mean=0.000, Fused mean=-0.004, offset mean=0.096
2026-09-14 13:27:42,694 INFO tile_cache: tile_cache: forbid_remote=True (cache-only mode)
2026-09-14 13:27:55,633 INFO object_segmentation:   elevated layer: 56511 px → 843 segments
2026-09-14 13:28:03,118 INFO object_segmentation:   ground layer: 295816 px → 484 segments
2026-09-14 13:28:04,516 INFO texture_features: Using pre-loaded grey image for texture (1500x1500)
2026-09-14 13:28:04,517 INFO texture_features: Computing per-segment GLCM texture at 0.50m (1500x1500)
2026-09-14 13:28:04,979 INFO texture_features: Computed texture for 1052 segments
2026-09-14 13:28:05,412 INFO segv2.build: KG 85106-southwest-1 tile 1: 1327 segments, labelled 100%
2026-09-14 13:28:07,692 INFO object_segmentation: NDVI fusion: BEV mean=-0.095, Cop mean=0.212, Fused mean=0.211, offset mean=0.325
2026-09-14 13:28:07,910 INFO tile_cache: tile_cache: forbid_remote=True (cache-only mode)
2026-09-14 13:28:13,972 INFO object_segmentation:   elevated layer: 510683 px → 6597 segments
2026-09-14 13:28:19,810 INFO object_segmentation:   ground layer: 1654507 px → 3666 segments
2026-09-14 13:28:28,763 INFO texture_features: Using pre-loaded grey image for texture (1500x1500)
2026-09-14 13:28:28,764 INFO texture_features: Computing per-segment GLCM texture at 0.50m (1500x1500)
2026-09-14 13:28:32,788 INFO texture_features: Computed texture for 7983 segments
2026-09-14 13:28:35,124 INFO segv2.build: KG 85106-southwest-1 tile 2: 10263 segments, labelled 100%
2026-09-14 13:28:37,379 INFO object_segmentation: NDVI fusion: BEV mean=-0.092, Cop mean=0.488, Fused mean=0.487, offset mean=0.583
2026-09-14 13:28:37,605 INFO tile_cache: tile_cache: forbid_remote=True (cache-only mode)
2026-09-14 13:28:43,168 INFO object_segmentation:   elevated layer: 316455 px → 4507 segments
2026-09-14 13:28:48,943 INFO object_segmentation:   ground layer: 1619727 px → 2417 segments
2026-09-14 13:28:55,459 INFO texture_features: Using pre-loaded grey image for texture (1399x1500)
2026-09-14 13:28:55,459 INFO texture_features: Computing per-segment GLCM texture at 0.50m (1399x1500)
2026-09-14 13:28:57,750 INFO texture_features: Computed texture for 5251 segments
2026-09-14 13:28:59,466 INFO segv2.build: KG 85106-southwest-1 tile 3: 6924 segments, labelled 62%
2026-09-14 13:29:01,676 INFO object_segmentation: NDVI fusion: BEV mean=-0.017, Cop mean=0.000, Fused mean=0.002, offset mean=0.035
2026-09-14 13:29:01,820 INFO tile_cache: tile_cache: forbid_remote=True (cache-only mode)
2026-09-14 13:29:13,253 INFO object_segmentation:   elevated layer: 33982 px → 301 segments
2026-09-14 13:29:18,618 INFO object_segmentation:   ground layer: 705428 px → 393 segments
2026-09-14 13:29:20,071 INFO texture_features: Using pre-loaded grey image for texture (1500x1500)
2026-09-14 13:29:20,071 INFO texture_features: Computing per-segment GLCM texture at 0.50m (1500x1500)
2026-09-14 13:29:20,436 INFO texture_features: Computed texture for 597 segments
2026-09-14 13:29:20,912 INFO segv2.build: KG 85106-southwest-1 tile 5: 694 segments, labelled 100%
2026-09-14 13:29:23,189 INFO object_segmentation: NDVI fusion: BEV mean=-0.021, Cop mean=0.006, Fused mean=0.002, offset mean=0.033
2026-09-14 13:29:23,364 INFO tile_cache: tile_cache: forbid_remote=True (cache-only mode)
2026-09-14 13:29:56,348 INFO object_segmentation:   elevated layer: 101058 px → 1236 segments
2026-09-14 13:30:03,071 INFO object_segmentation:   ground layer: 1276469 px → 1131 segments
2026-09-14 13:30:06,281 INFO texture_features: Using pre-loaded grey image for texture (1500x1500)
2026-09-14 13:30:06,281 INFO texture_features: Computing per-segment GLCM texture at 0.50m (1500x1500)
2026-09-14 13:30:07,319 INFO texture_features: Computed texture for 1982 segments
2026-09-14 13:30:08,367 INFO segv2.build: KG 85106-southwest-1 tile 6: 2367 segments, labelled 100%
2026-09-14 13:30:10,546 INFO object_segmentation: NDVI fusion: BEV mean=0.037, Cop mean=0.024, Fused mean=0.020, offset mean=-0.023
2026-09-14 13:30:10,725 INFO tile_cache: tile_cache: forbid_remote=True (cache-only mode)
2026-09-14 13:30:16,444 INFO object_segmentation:   elevated layer: 387205 px → 3245 segments
2026-09-14 13:30:21,204 INFO object_segmentation:   ground layer: 1228471 px → 1917 segments
2026-09-14 13:30:26,672 INFO texture_features: Using pre-loaded grey image for texture (1399x1500)
2026-09-14 13:30:26,672 INFO texture_features: Computing per-segment GLCM texture at 0.50m (1399x1500)
2026-09-14 13:30:28,557 INFO texture_features: Computed texture for 4278 segments
2026-09-14 13:30:29,818 INFO segv2.build: KG 85106-southwest-1 tile 7: 5162 segments, labelled 96%
2026-09-14 13:30:32,028 INFO object_segmentation: NDVI fusion: BEV mean=0.159, Cop mean=0.366, Fused mean=0.276, offset mean=0.188
2026-09-14 13:30:32,159 INFO tile_cache: tile_cache: forbid_remote=True (cache-only mode)
2026-09-14 13:30:55,689 INFO object_segmentation:   elevated layer: 133485 px → 467 segments
2026-09-14 13:31:12,877 INFO object_segmentation:   ground layer: 53945 px → 221 segments
2026-09-14 13:31:13,887 INFO texture_features: Using pre-loaded grey image for texture (1399x1500)
2026-09-14 13:31:13,887 INFO texture_features: Computing per-segment GLCM texture at 0.50m (1399x1500)
2026-09-14 13:31:14,169 INFO texture_features: Computed texture for 594 segments
2026-09-14 13:31:14,539 INFO segv2.build: KG 85106-southwest-1 tile 11: 688 segments, labelled 99%
2026-09-14 13:31:14,689 INFO segv2.build: KG 85106-southwest-1 done: 27425 segs, 24551 labelled (23852 good) in 374s
2026-09-14 13:33:33,950 INFO segv2.fetch: downloaded 86019_full.gpkg: 838 MB in 138s (6.1 MB/s)
2026-09-14 13:33:34,901 INFO segv2.labels: KG 86019 cadastre: 223 footprints, 1337 landuse polys, 1579 parcels
2026-09-14 13:33:35,046 INFO segv2.labels: KG 86019 osm: 157 road, 0 rail, 154 water lines, 8 water areas; invekos: 256
2026-09-14 13:33:37,666 INFO object_segmentation: NDVI fusion: BEV mean=0.387, Cop mean=0.823, Fused mean=0.827, offset mean=0.438
2026-09-14 13:33:37,803 INFO tile_cache: tile_cache: forbid_remote=True (cache-only mode)
2026-09-14 13:33:45,140 INFO object_segmentation:   elevated layer: 330414 px → 863 segments
2026-09-14 13:33:49,555 INFO object_segmentation:   ground layer: 131798 px → 317 segments
/home/exedev/.local/lib/python3.12/site-packages/numpy/lib/_nanfunctions_impl.py:1997: RuntimeWarning: Degrees of freedom <= 0 for slice.
  var = nanvar(a, axis=axis, dtype=dtype, out=out, ddof=ddof,
2026-09-14 13:33:51,111 INFO texture_features: Using pre-loaded grey image for texture (1500x1500)
2026-09-14 13:33:51,111 INFO texture_features: Computing per-segment GLCM texture at 0.50m (1500x1500)
2026-09-14 13:33:51,599 INFO texture_features: Computed texture for 1095 segments
2026-09-14 13:33:52,300 INFO segv2.build: KG 86019 tile 0: 1180 segments, labelled 76%
2026-09-14 13:33:54,678 INFO object_segmentation: NDVI fusion: BEV mean=0.373, Cop mean=0.811, Fused mean=0.813, offset mean=0.437
2026-09-14 13:33:54,876 INFO tile_cache: tile_cache: forbid_remote=True (cache-only mode)
2026-09-14 13:34:01,029 INFO object_segmentation:   elevated layer: 434450 px → 1322 segments
2026-09-14 13:34:06,738 INFO object_segmentation:   ground layer: 273228 px → 549 segments
/home/exedev/.local/lib/python3.12/site-packages/numpy/lib/_nanfunctions_impl.py:1997: RuntimeWarning: Degrees of freedom <= 0 for slice.
  var = nanvar(a, axis=axis, dtype=dtype, out=out, ddof=ddof,
2026-09-14 13:34:08,941 INFO texture_features: Using pre-loaded grey image for texture (1500x1500)
2026-09-14 13:34:08,941 INFO texture_features: Computing per-segment GLCM texture at 0.50m (1500x1500)
2026-09-14 13:34:09,786 INFO texture_features: Computed texture for 1693 segments
2026-09-14 13:34:10,560 INFO segv2.build: KG 86019 tile 1: 1871 segments, labelled 77%
2026-09-14 13:34:12,689 INFO object_segmentation: NDVI fusion: BEV mean=0.391, Cop mean=0.826, Fused mean=0.825, offset mean=0.431
2026-09-14 13:34:12,843 INFO tile_cache: tile_cache: forbid_remote=True (cache-only mode)
2026-09-14 13:34:22,235 INFO object_segmentation:   elevated layer: 337244 px → 917 segments
2026-09-14 13:34:29,642 INFO object_segmentation:   ground layer: 173660 px → 348 segments
/home/exedev/.local/lib/python3.12/site-packages/numpy/lib/_nanfunctions_impl.py:1997: RuntimeWarning: Degrees of freedom <= 0 for slice.
  var = nanvar(a, axis=axis, dtype=dtype, out=out, ddof=ddof,
2026-09-14 13:34:31,228 INFO texture_features: Using pre-loaded grey image for texture (1359x1500)
2026-09-14 13:34:31,228 INFO texture_features: Computing per-segment GLCM texture at 0.50m (1359x1500)
2026-09-14 13:34:31,809 INFO texture_features: Computed texture for 1166 segments
2026-09-14 13:34:32,318 INFO segv2.build: KG 86019 tile 2: 1265 segments, labelled 87%
2026-09-14 13:34:34,611 INFO object_segmentation: NDVI fusion: BEV mean=0.363, Cop mean=0.800, Fused mean=0.800, offset mean=0.437
2026-09-14 13:34:34,838 INFO tile_cache: tile_cache: forbid_remote=True (cache-only mode)
2026-09-14 13:34:40,907 INFO object_segmentation:   elevated layer: 766187 px → 2546 segments
2026-09-14 13:34:46,009 INFO object_segmentation:   ground layer: 952257 px → 1332 segments
/home/exedev/.local/lib/python3.12/site-packages/numpy/lib/_nanfunctions_impl.py:1997: RuntimeWarning: Degrees of freedom <= 0 for slice.
  var = nanvar(a, axis=axis, dtype=dtype, out=out, ddof=ddof,
2026-09-14 13:34:50,987 INFO texture_features: Using pre-loaded grey image for texture (1500x1500)
2026-09-14 13:34:50,988 INFO texture_features: Computing per-segment GLCM texture at 0.50m (1500x1500)
2026-09-14 13:34:52,667 INFO texture_features: Computed texture for 3573 segments
2026-09-14 13:34:54,172 INFO segv2.build: KG 86019 tile 3: 3878 segments, labelled 90%
2026-09-14 13:34:56,472 INFO object_segmentation: NDVI fusion: BEV mean=0.399, Cop mean=0.826, Fused mean=0.825, offset mean=0.426
2026-09-14 13:34:56,720 INFO tile_cache: tile_cache: forbid_remote=True (cache-only mode)
2026-09-14 13:35:03,325 INFO object_segmentation:   elevated layer: 1154312 px → 3028 segments
2026-09-14 13:35:08,270 INFO object_segmentation:   ground layer: 1057250 px → 1421 segments
2026-09-14 13:35:14,262 INFO texture_features: Using pre-loaded grey image for texture (1500x1500)
2026-09-14 13:35:14,262 INFO texture_features: Computing per-segment GLCM texture at 0.50m (1500x1500)
2026-09-14 13:35:16,091 INFO texture_features: Computed texture for 4090 segments
2026-09-14 13:35:17,810 INFO segv2.build: KG 86019 tile 4: 4449 segments, labelled 85%
2026-09-14 13:35:19,963 INFO object_segmentation: NDVI fusion: BEV mean=0.397, Cop mean=0.836, Fused mean=0.804, offset mean=0.417
2026-09-14 13:35:20,127 INFO tile_cache: tile_cache: forbid_remote=True (cache-only mode)
2026-09-14 13:35:37,954 INFO object_segmentation:   elevated layer: 191914 px → 458 segments
2026-09-14 13:35:54,262 INFO object_segmentation:   ground layer: 92233 px → 174 segments
/home/exedev/.local/lib/python3.12/site-packages/numpy/lib/_nanfunctions_impl.py:1997: RuntimeWarning: Degrees of freedom <= 0 for slice.
  var = nanvar(a, axis=axis, dtype=dtype, out=out, ddof=ddof,
2026-09-14 13:35:55,217 INFO texture_features: Using pre-loaded grey image for texture (1359x1500)
2026-09-14 13:35:55,218 INFO texture_features: Computing per-segment GLCM texture at 0.50m (1359x1500)
2026-09-14 13:35:55,494 INFO texture_features: Computed texture for 576 segments
2026-09-14 13:35:55,912 INFO segv2.build: KG 86019 tile 5: 632 segments, labelled 78%
2026-09-14 13:35:57,988 INFO object_segmentation: NDVI fusion: BEV mean=0.358, Cop mean=0.821, Fused mean=0.824, offset mean=0.462
2026-09-14 13:35:58,128 INFO tile_cache: tile_cache: forbid_remote=True (cache-only mode)
2026-09-14 13:36:17,420 INFO object_segmentation:   elevated layer: 78123 px → 227 segments
2026-09-14 13:36:39,769 INFO object_segmentation:   ground layer: 15851 px → 65 segments
/home/exedev/.local/lib/python3.12/site-packages/numpy/lib/_nanfunctions_impl.py:1997: RuntimeWarning: Degrees of freedom <= 0 for slice.
  var = nanvar(a, axis=axis, dtype=dtype, out=out, ddof=ddof,
2026-09-14 13:36:40,236 INFO texture_features: Using pre-loaded grey image for texture (1500x1340)
2026-09-14 13:36:40,236 INFO texture_features: Computing per-segment GLCM texture at 0.50m (1500x1340)
2026-09-14 13:36:40,364 INFO texture_features: Computed texture for 273 segments
2026-09-14 13:36:40,644 INFO segv2.build: KG 86019 tile 6: 292 segments, labelled 77%
2026-09-14 13:36:42,706 INFO object_segmentation: NDVI fusion: BEV mean=0.394, Cop mean=0.817, Fused mean=0.816, offset mean=0.422
2026-09-14 13:36:42,923 INFO tile_cache: tile_cache: forbid_remote=True (cache-only mode)
2026-09-14 13:36:47,841 INFO object_segmentation:   elevated layer: 629437 px → 1965 segments
2026-09-14 13:36:51,793 INFO object_segmentation:   ground layer: 410811 px → 895 segments
/home/exedev/.local/lib/python3.12/site-packages/numpy/lib/_nanfunctions_impl.py:1997: RuntimeWarning: Degrees of freedom <= 0 for slice.
  var = nanvar(a, axis=axis, dtype=dtype, out=out, ddof=ddof,
2026-09-14 13:36:55,282 INFO texture_features: Using pre-loaded grey image for texture (1500x1340)
2026-09-14 13:36:55,282 INFO texture_features: Computing per-segment GLCM texture at 0.50m (1500x1340)
2026-09-14 13:36:56,517 INFO texture_features: Computed texture for 2618 segments
2026-09-14 13:36:57,369 INFO segv2.build: KG 86019 tile 7: 2860 segments, labelled 83%
2026-09-14 13:36:57,477 INFO segv2.build: KG 86019 done: 16427 segs, 13831 labelled (8120 good) in 343s
2026-09-14 13:40:26,542 INFO segv2.fetch: downloaded 73301-east_full.gpkg: 1900 MB in 206s (9.2 MB/s)
2026-09-14 13:40:32,918 INFO segv2.labels: KG 73301 cadastre: 971 footprints, 2096 landuse polys, 477 parcels
2026-09-14 13:40:33,330 INFO segv2.labels: KG 73301 osm: 0 road, 0 rail, 195 water lines, 22 water areas; invekos: 514
2026-09-14 13:40:35,943 INFO object_segmentation: NDVI fusion: BEV mean=0.189, Cop mean=0.723, Fused mean=0.722, offset mean=0.531
2026-09-14 13:40:36,126 INFO tile_cache: tile_cache: forbid_remote=True (cache-only mode)
2026-09-14 13:40:36,165 INFO zenodo_cache: Fetching ZIP index from https://zenodo.org/api/records/19650075/draft/files/copernicus_harmonics_cell_47.0_48.0_12.0_14.0.zip/content
2026-09-14 13:40:42,327 INFO object_segmentation:   elevated layer: 1152318 px → 5176 segments
2026-09-14 13:40:46,907 INFO object_segmentation:   ground layer: 914635 px → 2472 segments
2026-09-14 13:40:54,001 INFO texture_features: Using pre-loaded grey image for texture (1500x1500)
2026-09-14 13:40:54,002 INFO texture_features: Computing per-segment GLCM texture at 0.50m (1500x1500)
2026-09-14 13:40:56,863 INFO texture_features: Computed texture for 6351 segments
2026-09-14 13:40:58,852 INFO segv2.build: KG 73301-east tile 0: 7648 segments, labelled 84%
2026-09-14 13:41:01,140 INFO object_segmentation: NDVI fusion: BEV mean=-0.021, Cop mean=0.254, Fused mean=0.251, offset mean=0.298
2026-09-14 13:41:01,371 INFO tile_cache: tile_cache: forbid_remote=True (cache-only mode)
2026-09-14 13:41:01,409 INFO zenodo_cache: Fetching ZIP index from https://zenodo.org/api/records/19650075/draft/files/copernicus_harmonics_cell_47.0_48.0_12.0_14.0.zip/content
2026-09-14 13:41:09,968 INFO object_segmentation:   elevated layer: 151584 px → 2855 segments
2026-09-14 13:41:16,349 INFO object_segmentation:   ground layer: 1641973 px → 1770 segments
2026-09-14 13:41:21,605 INFO texture_features: Using pre-loaded grey image for texture (1500x1500)
2026-09-14 13:41:21,605 INFO texture_features: Computing per-segment GLCM texture at 0.50m (1500x1500)
2026-09-14 13:41:23,261 INFO texture_features: Computed texture for 3519 segments
2026-09-14 13:41:24,724 INFO segv2.build: KG 73301-east tile 1: 4625 segments, labelled 88%
2026-09-14 13:41:27,000 INFO object_segmentation: NDVI fusion: BEV mean=-0.052, Cop mean=0.009, Fused mean=0.002, offset mean=0.061
2026-09-14 13:41:27,202 INFO tile_cache: tile_cache: forbid_remote=True (cache-only mode)
2026-09-14 13:41:27,240 INFO zenodo_cache: Fetching ZIP index from https://zenodo.org/api/records/19650075/draft/files/copernicus_harmonics_cell_47.0_48.0_12.0_14.0.zip/content
2026-09-14 13:41:32,439 INFO object_segmentation:   elevated layer: 47804 px → 962 segments
2026-09-14 13:41:45,004 INFO object_segmentation:   ground layer: 477876 px → 522 segments
2026-09-14 13:41:46,665 INFO texture_features: Using pre-loaded grey image for texture (1500x1500)
2026-09-14 13:41:46,665 INFO texture_features: Computing per-segment GLCM texture at 0.50m (1500x1500)
2026-09-14 13:41:47,174 INFO texture_features: Computed texture for 1108 segments
2026-09-14 13:41:47,732 INFO segv2.build: KG 73301-east tile 2: 1484 segments, labelled 100%
2026-09-14 13:41:48,024 INFO object_segmentation: NDVI fusion: BEV mean=0.000, Cop mean=0.000, Fused mean=0.000, offset mean=0.000
2026-09-14 13:41:48,055 INFO tile_cache: tile_cache: forbid_remote=True (cache-only mode)
2026-09-14 13:41:48,092 INFO zenodo_cache: Fetching ZIP index from https://zenodo.org/api/records/19650075/draft/files/copernicus_harmonics_cell_47.0_48.0_12.0_14.0.zip/content
2026-09-14 13:41:48,954 INFO object_segmentation:   ground layer: 4080 px → 2 segments
2026-09-14 13:41:49,028 INFO texture_features: Using pre-loaded grey image for texture (130x1500)
2026-09-14 13:41:49,028 INFO texture_features: Computing per-segment GLCM texture at 0.50m (130x1500)
2026-09-14 13:41:49,030 INFO texture_features: Computed texture for 2 segments
2026-09-14 13:41:49,045 ERROR segv2.build: KG 73301-east failed
Traceback (most recent call last):
  File "/home/exedev/srtm-lidar/segv2/build_dataset.py", line 148, in build_kg
    assert rgb_sat >= 0.5, \
           ^^^^^^^^^^^^^^
AssertionError: NIR is a constant alpha plane (rgb_sat=0.00) — writer contract violated
2026-09-14 13:44:57,835 INFO segv2.fetch: downloaded 86016-west_full.gpkg: 2129 MB in 185s (11.5 MB/s)
2026-09-14 13:45:03,275 INFO segv2.labels: KG 86016 cadastre: 184 footprints, 1533 landuse polys, 1739 parcels
2026-09-14 13:45:03,436 INFO segv2.labels: KG 86016 osm: 0 road, 0 rail, 289 water lines, 9 water areas; invekos: 243
2026-09-14 13:45:06,209 INFO object_segmentation: NDVI fusion: BEV mean=0.329, Cop mean=0.554, Fused mean=0.554, offset mean=0.226
2026-09-14 13:45:06,403 INFO tile_cache: tile_cache: forbid_remote=True (cache-only mode)
2026-09-14 13:45:17,045 INFO object_segmentation:   elevated layer: 81912 px → 343 segments
2026-09-14 13:45:32,722 INFO object_segmentation:   ground layer: 95724 px → 216 segments
/home/exedev/.local/lib/python3.12/site-packages/numpy/lib/_nanfunctions_impl.py:1997: RuntimeWarning: Degrees of freedom <= 0 for slice.
  var = nanvar(a, axis=axis, dtype=dtype, out=out, ddof=ddof,
2026-09-14 13:45:33,435 INFO texture_features: Using pre-loaded grey image for texture (1500x1500)
2026-09-14 13:45:33,435 INFO texture_features: Computing per-segment GLCM texture at 0.50m (1500x1500)
2026-09-14 13:45:33,648 INFO texture_features: Computed texture for 474 segments
2026-09-14 13:45:33,940 INFO segv2.build: KG 86016-west tile 1: 559 segments, labelled 87%
2026-09-14 13:45:36,283 INFO object_segmentation: NDVI fusion: BEV mean=0.178, Cop mean=0.373, Fused mean=0.352, offset mean=0.195
2026-09-14 13:45:36,497 INFO tile_cache: tile_cache: forbid_remote=True (cache-only mode)
2026-09-14 13:45:41,883 INFO object_segmentation:   elevated layer: 263754 px → 2202 segments
2026-09-14 13:45:50,059 INFO object_segmentation:   ground layer: 1209641 px → 1426 segments
/home/exedev/.local/lib/python3.12/site-packages/numpy/lib/_nanfunctions_impl.py:1997: RuntimeWarning: Degrees of freedom <= 0 for slice.
  var = nanvar(a, axis=axis, dtype=dtype, out=out, ddof=ddof,
2026-09-14 13:45:54,359 INFO texture_features: Using pre-loaded grey image for texture (1500x1500)
2026-09-14 13:45:54,359 INFO texture_features: Computing per-segment GLCM texture at 0.50m (1500x1500)
2026-09-14 13:45:55,689 INFO texture_features: Computed texture for 2993 segments
2026-09-14 13:45:56,789 INFO segv2.build: KG 86016-west tile 2: 3628 segments, labelled 74%
2026-09-14 13:45:58,631 INFO object_segmentation: NDVI fusion: BEV mean=0.122, Cop mean=0.547, Fused mean=0.378, offset mean=0.365
2026-09-14 13:45:58,742 INFO tile_cache: tile_cache: forbid_remote=True (cache-only mode)
2026-09-14 13:46:02,902 INFO object_segmentation:   elevated layer: 106071 px → 941 segments
2026-09-14 13:46:10,758 INFO object_segmentation:   ground layer: 1359800 px → 842 segments
/home/exedev/.local/lib/python3.12/site-packages/numpy/lib/_nanfunctions_impl.py:1997: RuntimeWarning: Degrees of freedom <= 0 for slice.
  var = nanvar(a, axis=axis, dtype=dtype, out=out, ddof=ddof,
2026-09-14 13:46:13,826 INFO texture_features: Using pre-loaded grey image for texture (1264x1500)
2026-09-14 13:46:13,826 INFO texture_features: Computing per-segment GLCM texture at 0.50m (1264x1500)
2026-09-14 13:46:14,592 INFO texture_features: Computed texture for 1480 segments
2026-09-14 13:46:15,477 INFO segv2.build: KG 86016-west tile 3: 1783 segments, labelled 79%
2026-09-14 13:46:17,878 INFO object_segmentation: NDVI fusion: BEV mean=0.218, Cop mean=0.465, Fused mean=0.464, offset mean=0.243
2026-09-14 13:46:18,072 INFO tile_cache: tile_cache: forbid_remote=True (cache-only mode)
2026-09-14 13:46:27,052 INFO object_segmentation:   elevated layer: 88703 px → 1021 segments
2026-09-14 13:46:34,483 INFO object_segmentation:   ground layer: 645095 px → 882 segments
2026-09-14 13:46:36,673 INFO texture_features: Using pre-loaded grey image for texture (1500x1500)
2026-09-14 13:46:36,673 INFO texture_features: Computing per-segment GLCM texture at 0.50m (1500x1500)
2026-09-14 13:46:37,390 INFO texture_features: Computed texture for 1567 segments
2026-09-14 13:46:38,031 INFO segv2.build: KG 86016-west tile 5: 1903 segments, labelled 97%
2026-09-14 13:46:40,350 INFO object_segmentation: NDVI fusion: BEV mean=0.209, Cop mean=0.567, Fused mean=0.587, offset mean=0.384
2026-09-14 13:46:40,608 INFO tile_cache: tile_cache: forbid_remote=True (cache-only mode)
2026-09-14 13:46:47,551 INFO object_segmentation:   elevated layer: 260328 px → 2713 segments
2026-09-14 13:46:53,007 INFO object_segmentation:   ground layer: 1717886 px → 2387 segments
2026-09-14 13:46:58,675 INFO texture_features: Using pre-loaded grey image for texture (1500x1500)
2026-09-14 13:46:58,675 INFO texture_features: Computing per-segment GLCM texture at 0.50m (1500x1500)
2026-09-14 13:47:00,624 INFO texture_features: Computed texture for 4355 segments
2026-09-14 13:47:02,110 INFO segv2.build: KG 86016-west tile 6: 5100 segments, labelled 68%
2026-09-14 13:47:04,012 INFO object_segmentation: NDVI fusion: BEV mean=0.312, Cop mean=0.689, Fused mean=0.689, offset mean=0.376
2026-09-14 13:47:04,212 INFO tile_cache: tile_cache: forbid_remote=True (cache-only mode)
2026-09-14 13:47:04,251 INFO zenodo_cache: Cache manifest reloaded (depo_id=19650075, 2626 files)
2026-09-14 13:47:08,349 INFO object_segmentation:   elevated layer: 826118 px → 4027 segments
2026-09-14 13:47:12,167 INFO object_segmentation:   ground layer: 1035256 px → 2092 segments
/home/exedev/.local/lib/python3.12/site-packages/numpy/lib/_nanfunctions_impl.py:1997: RuntimeWarning: Degrees of freedom <= 0 for slice.
  var = nanvar(a, axis=axis, dtype=dtype, out=out, ddof=ddof,
2026-09-14 13:47:18,463 INFO texture_features: Using pre-loaded grey image for texture (1264x1500)
2026-09-14 13:47:18,463 INFO texture_features: Computing per-segment GLCM texture at 0.50m (1264x1500)
2026-09-14 13:47:20,773 INFO texture_features: Computed texture for 5260 segments
2026-09-14 13:47:22,391 INFO segv2.build: KG 86016-west tile 7: 6119 segments, labelled 76%
2026-09-14 13:47:24,693 INFO object_segmentation: NDVI fusion: BEV mean=0.242, Cop mean=0.627, Fused mean=0.549, offset mean=0.342
2026-09-14 13:47:24,886 INFO tile_cache: tile_cache: forbid_remote=True (cache-only mode)
2026-09-14 13:47:31,948 INFO object_segmentation:   elevated layer: 2319 px → 59 segments
2026-09-14 13:47:49,536 INFO object_segmentation:   ground layer: 288052 px → 300 segments
/home/exedev/.local/lib/python3.12/site-packages/numpy/lib/_nanfunctions_impl.py:1997: RuntimeWarning: Degrees of freedom <= 0 for slice.
  var = nanvar(a, axis=axis, dtype=dtype, out=out, ddof=ddof,
2026-09-14 13:47:50,290 INFO texture_features: Using pre-loaded grey image for texture (1500x1500)
2026-09-14 13:47:50,290 INFO texture_features: Computing per-segment GLCM texture at 0.50m (1500x1500)
2026-09-14 13:47:50,461 INFO texture_features: Computed texture for 336 segments
2026-09-14 13:47:50,797 INFO segv2.build: KG 86016-west tile 8: 359 segments, labelled 91%
2026-09-14 13:47:53,175 INFO object_segmentation: NDVI fusion: BEV mean=0.292, Cop mean=0.650, Fused mean=0.650, offset mean=0.357
2026-09-14 13:47:53,457 INFO tile_cache: tile_cache: forbid_remote=True (cache-only mode)
2026-09-14 13:48:00,570 INFO object_segmentation:   elevated layer: 95221 px → 1172 segments
2026-09-14 13:48:05,852 INFO object_segmentation:   ground layer: 1956725 px → 1996 segments
2026-09-14 13:48:10,643 INFO texture_features: Using pre-loaded grey image for texture (1500x1500)
2026-09-14 13:48:10,643 INFO texture_features: Computing per-segment GLCM texture at 0.50m (1500x1500)
2026-09-14 13:48:12,002 INFO texture_features: Computed texture for 2784 segments
2026-09-14 13:48:13,312 INFO segv2.build: KG 86016-west tile 9: 3168 segments, labelled 93%
2026-09-14 13:48:15,655 INFO object_segmentation: NDVI fusion: BEV mean=0.362, Cop mean=0.659, Fused mean=0.684, offset mean=0.331
2026-09-14 13:48:15,942 INFO tile_cache: tile_cache: forbid_remote=True (cache-only mode)
2026-09-14 13:48:15,986 INFO zenodo_cache: Cache manifest reloaded (depo_id=19650075, 2626 files)
2026-09-14 13:48:27,343 INFO object_segmentation:   elevated layer: 784936 px → 3500 segments
2026-09-14 13:48:32,433 INFO object_segmentation:   ground layer: 1465019 px → 2419 segments
2026-09-14 13:48:39,005 INFO texture_features: Using pre-loaded grey image for texture (1500x1500)
2026-09-14 13:48:39,005 INFO texture_features: Computing per-segment GLCM texture at 0.50m (1500x1500)
2026-09-14 13:48:41,397 INFO texture_features: Computed texture for 5223 segments
2026-09-14 13:48:43,028 INFO segv2.build: KG 86016-west tile 10: 5919 segments, labelled 88%
2026-09-14 13:48:44,944 INFO object_segmentation: NDVI fusion: BEV mean=0.403, Cop mean=0.742, Fused mean=0.742, offset mean=0.339
2026-09-14 13:48:45,147 INFO tile_cache: tile_cache: forbid_remote=True (cache-only mode)
2026-09-14 13:48:49,849 INFO object_segmentation:   elevated layer: 1496005 px → 3782 segments
2026-09-14 13:48:53,816 INFO object_segmentation:   ground layer: 377147 px → 1679 segments
/home/exedev/.local/lib/python3.12/site-packages/numpy/lib/_nanfunctions_impl.py:1997: RuntimeWarning: Degrees of freedom <= 0 for slice.
  var = nanvar(a, axis=axis, dtype=dtype, out=out, ddof=ddof,
2026-09-14 13:48:59,527 INFO texture_features: Using pre-loaded grey image for texture (1264x1500)
2026-09-14 13:48:59,527 INFO texture_features: Computing per-segment GLCM texture at 0.50m (1264x1500)
2026-09-14 13:49:01,728 INFO texture_features: Computed texture for 4874 segments
2026-09-14 13:49:03,211 INFO segv2.build: KG 86016-west tile 11: 5461 segments, labelled 81%
2026-09-14 13:49:05,557 INFO object_segmentation: NDVI fusion: BEV mean=0.285, Cop mean=0.639, Fused mean=0.639, offset mean=0.354
2026-09-14 13:49:05,786 INFO tile_cache: tile_cache: forbid_remote=True (cache-only mode)
2026-09-14 13:49:05,829 INFO zenodo_cache: Cache manifest reloaded (depo_id=19650075, 2626 files)
2026-09-14 13:49:10,196 INFO object_segmentation:   elevated layer: 131870 px → 1299 segments
2026-09-14 13:49:15,959 INFO object_segmentation:   ground layer: 1707190 px → 1460 segments
/home/exedev/.local/lib/python3.12/site-packages/numpy/lib/_nanfunctions_impl.py:1997: RuntimeWarning: Degrees of freedom <= 0 for slice.
  var = nanvar(a, axis=axis, dtype=dtype, out=out, ddof=ddof,
2026-09-14 13:49:20,522 INFO texture_features: Using pre-loaded grey image for texture (1500x1500)
2026-09-14 13:49:20,522 INFO texture_features: Computing per-segment GLCM texture at 0.50m (1500x1500)
2026-09-14 13:49:21,623 INFO texture_features: Computed texture for 2344 segments
2026-09-14 13:49:22,827 INFO segv2.build: KG 86016-west tile 12: 2759 segments, labelled 88%
2026-09-14 13:49:25,183 INFO object_segmentation: NDVI fusion: BEV mean=0.392, Cop mean=0.757, Fused mean=0.756, offset mean=0.364
2026-09-14 13:49:25,451 INFO tile_cache: tile_cache: forbid_remote=True (cache-only mode)
2026-09-14 13:49:31,688 INFO object_segmentation:   elevated layer: 582561 px → 2845 segments
2026-09-14 13:49:36,638 INFO object_segmentation:   ground layer: 1197980 px → 2040 segments
2026-09-14 13:49:42,303 INFO texture_features: Using pre-loaded grey image for texture (1500x1500)
2026-09-14 13:49:42,303 INFO texture_features: Computing per-segment GLCM texture at 0.50m (1500x1500)
2026-09-14 13:49:44,349 INFO texture_features: Computed texture for 4286 segments
2026-09-14 13:49:45,782 INFO segv2.build: KG 86016-west tile 13: 4885 segments, labelled 95%
2026-09-14 13:49:48,160 INFO object_segmentation: NDVI fusion: BEV mean=0.400, Cop mean=0.767, Fused mean=0.767, offset mean=0.368
2026-09-14 13:49:48,470 INFO tile_cache: tile_cache: forbid_remote=True (cache-only mode)
2026-09-14 13:49:54,084 INFO object_segmentation:   elevated layer: 1306855 px → 4687 segments
2026-09-14 13:49:59,637 INFO object_segmentation:   ground layer: 790560 px → 2374 segments
2026-09-14 13:50:07,029 INFO texture_features: Using pre-loaded grey image for texture (1500x1500)
2026-09-14 13:50:07,029 INFO texture_features: Computing per-segment GLCM texture at 0.50m (1500x1500)
2026-09-14 13:50:09,700 INFO texture_features: Computed texture for 6253 segments
2026-09-14 13:50:11,549 INFO segv2.build: KG 86016-west tile 14: 7061 segments, labelled 95%
2026-09-14 13:50:13,464 INFO object_segmentation: NDVI fusion: BEV mean=0.279, Cop mean=0.565, Fused mean=0.565, offset mean=0.286
2026-09-14 13:50:13,678 INFO tile_cache: tile_cache: forbid_remote=True (cache-only mode)
2026-09-14 13:50:18,515 INFO object_segmentation:   elevated layer: 666954 px → 3839 segments
2026-09-14 13:50:22,641 INFO object_segmentation:   ground layer: 1219803 px → 2204 segments
/home/exedev/.local/lib/python3.12/site-packages/numpy/lib/_nanfunctions_impl.py:1997: RuntimeWarning: Degrees of freedom <= 0 for slice.
  var = nanvar(a, axis=axis, dtype=dtype, out=out, ddof=ddof,
2026-09-14 13:50:28,957 INFO texture_features: Using pre-loaded grey image for texture (1264x1500)
2026-09-14 13:50:28,957 INFO texture_features: Computing per-segment GLCM texture at 0.50m (1264x1500)
2026-09-14 13:50:31,292 INFO texture_features: Computed texture for 5199 segments
2026-09-14 13:50:32,784 INFO segv2.build: KG 86016-west tile 15: 6043 segments, labelled 87%
2026-09-14 13:50:34,518 INFO object_segmentation: NDVI fusion: BEV mean=0.242, Cop mean=0.517, Fused mean=0.517, offset mean=0.276
2026-09-14 13:50:34,687 INFO tile_cache: tile_cache: forbid_remote=True (cache-only mode)
2026-09-14 13:50:37,970 INFO object_segmentation:   elevated layer: 133154 px → 1881 segments
2026-09-14 13:50:41,800 INFO object_segmentation:   ground layer: 1569800 px → 1445 segments
/home/exedev/.local/lib/python3.12/site-packages/numpy/lib/_nanfunctions_impl.py:1997: RuntimeWarning: Degrees of freedom <= 0 for slice.
  var = nanvar(a, axis=axis, dtype=dtype, out=out, ddof=ddof,
2026-09-14 13:50:46,148 INFO texture_features: Using pre-loaded grey image for texture (1500x1147)
2026-09-14 13:50:46,148 INFO texture_features: Computing per-segment GLCM texture at 0.50m (1500x1147)
2026-09-14 13:50:47,395 INFO texture_features: Computed texture for 2665 segments
2026-09-14 13:50:48,524 INFO segv2.build: KG 86016-west tile 16: 3326 segments, labelled 99%
2026-09-14 13:50:50,285 INFO object_segmentation: NDVI fusion: BEV mean=0.203, Cop mean=0.408, Fused mean=0.408, offset mean=0.204
2026-09-14 13:50:50,463 INFO tile_cache: tile_cache: forbid_remote=True (cache-only mode)
2026-09-14 13:51:00,649 INFO object_segmentation:   elevated layer: 304621 px → 3057 segments
2026-09-14 13:51:04,683 INFO object_segmentation:   ground layer: 1328125 px → 1831 segments
/home/exedev/.local/lib/python3.12/site-packages/numpy/lib/_nanfunctions_impl.py:1997: RuntimeWarning: Degrees of freedom <= 0 for slice.
  var = nanvar(a, axis=axis, dtype=dtype, out=out, ddof=ddof,
2026-09-14 13:51:09,767 INFO texture_features: Using pre-loaded grey image for texture (1500x1147)
2026-09-14 13:51:09,767 INFO texture_features: Computing per-segment GLCM texture at 0.50m (1500x1147)
2026-09-14 13:51:11,602 INFO texture_features: Computed texture for 4033 segments
2026-09-14 13:51:12,850 INFO segv2.build: KG 86016-west tile 17: 4888 segments, labelled 99%
2026-09-14 13:51:14,627 INFO object_segmentation: NDVI fusion: BEV mean=0.188, Cop mean=0.365, Fused mean=0.364, offset mean=0.176
2026-09-14 13:51:14,819 INFO tile_cache: tile_cache: forbid_remote=True (cache-only mode)
2026-09-14 13:51:18,081 INFO object_segmentation:   elevated layer: 130305 px → 1478 segments
2026-09-14 13:51:21,579 INFO object_segmentation:   ground layer: 1110006 px → 1277 segments
/home/exedev/.local/lib/python3.12/site-packages/numpy/lib/_nanfunctions_impl.py:1997: RuntimeWarning: Degrees of freedom <= 0 for slice.
  var = nanvar(a, axis=axis, dtype=dtype, out=out, ddof=ddof,
2026-09-14 13:51:24,756 INFO texture_features: Using pre-loaded grey image for texture (1500x1147)
2026-09-14 13:51:24,757 INFO texture_features: Computing per-segment GLCM texture at 0.50m (1500x1147)
2026-09-14 13:51:25,792 INFO texture_features: Computed texture for 2329 segments
2026-09-14 13:51:26,670 INFO segv2.build: KG 86016-west tile 18: 2755 segments, labelled 99%
2026-09-14 13:51:28,145 INFO object_segmentation: NDVI fusion: BEV mean=0.082, Cop mean=0.174, Fused mean=0.173, offset mean=0.092
2026-09-14 13:51:28,306 INFO tile_cache: tile_cache: forbid_remote=True (cache-only mode)
2026-09-14 13:51:34,768 INFO object_segmentation:   elevated layer: 127171 px → 1534 segments
2026-09-14 13:51:38,451 INFO object_segmentation:   ground layer: 395196 px → 856 segments
/home/exedev/.local/lib/python3.12/site-packages/numpy/lib/_nanfunctions_impl.py:1997: RuntimeWarning: Degrees of freedom <= 0 for slice.
  var = nanvar(a, axis=axis, dtype=dtype, out=out, ddof=ddof,
2026-09-14 13:51:40,558 INFO texture_features: Using pre-loaded grey image for texture (1264x1147)
2026-09-14 13:51:40,559 INFO texture_features: Computing per-segment GLCM texture at 0.50m (1264x1147)
2026-09-14 13:51:41,459 INFO texture_features: Computed texture for 1921 segments
2026-09-14 13:51:41,988 INFO segv2.build: KG 86016-west tile 19: 2390 segments, labelled 100%
2026-09-14 13:51:42,352 INFO segv2.build: KG 86016-west done: 68106 segs, 59783 labelled (43878 good) in 593s
2026-09-14 13:55:21,407 INFO segv2.fetch: downloaded 85002_full.gpkg: 2507 MB in 215s (11.7 MB/s)
2026-09-14 13:55:36,947 INFO segv2.labels: KG 85002 cadastre: 718 footprints, 3300 landuse polys, 707 parcels
2026-09-14 13:55:37,956 INFO segv2.labels: KG 85002 osm: 405 road, 0 rail, 254 water lines, 44 water areas; invekos: 1539
2026-09-14 13:55:40,595 INFO object_segmentation: NDVI fusion: BEV mean=-0.016, Cop mean=0.288, Fused mean=0.287, offset mean=0.317
2026-09-14 13:55:40,794 INFO tile_cache: tile_cache: forbid_remote=True (cache-only mode)
2026-09-14 13:55:59,682 INFO object_segmentation:   elevated layer: 12983 px → 259 segments
2026-09-14 13:56:04,517 INFO object_segmentation:   ground layer: 99694 px → 171 segments
2026-09-14 13:56:05,056 INFO texture_features: Using pre-loaded grey image for texture (1500x1500)
2026-09-14 13:56:05,056 INFO texture_features: Computing per-segment GLCM texture at 0.50m (1500x1500)
2026-09-14 13:56:05,215 INFO texture_features: Computed texture for 341 segments
2026-09-14 13:56:05,707 INFO segv2.build: KG 85002 tile 1: 430 segments, labelled 100%
2026-09-14 13:56:08,017 INFO object_segmentation: NDVI fusion: BEV mean=-0.064, Cop mean=0.094, Fused mean=0.092, offset mean=0.168
2026-09-14 13:56:08,259 INFO tile_cache: tile_cache: forbid_remote=True (cache-only mode)
2026-09-14 13:56:18,296 INFO object_segmentation:   elevated layer: 31861 px → 650 segments
2026-09-14 13:56:35,536 INFO object_segmentation:   ground layer: 367805 px → 406 segments
2026-09-14 13:56:36,846 INFO texture_features: Using pre-loaded grey image for texture (1500x1500)
2026-09-14 13:56:36,846 INFO texture_features: Computing per-segment GLCM texture at 0.50m (1500x1500)
2026-09-14 13:56:37,251 INFO texture_features: Computed texture for 821 segments
2026-09-14 13:56:37,781 INFO segv2.build: KG 85002 tile 2: 1056 segments, labelled 100%
2026-09-14 13:56:40,106 INFO object_segmentation: NDVI fusion: BEV mean=0.020, Cop mean=0.424, Fused mean=0.424, offset mean=0.404
2026-09-14 13:56:40,335 INFO tile_cache: tile_cache: forbid_remote=True (cache-only mode)
2026-09-14 13:56:45,304 INFO object_segmentation:   elevated layer: 78885 px → 1261 segments
2026-09-14 13:56:55,374 INFO object_segmentation:   ground layer: 739456 px → 900 segments
2026-09-14 13:56:57,795 INFO texture_features: Using pre-loaded grey image for texture (1500x1500)
2026-09-14 13:56:57,796 INFO texture_features: Computing per-segment GLCM texture at 0.50m (1500x1500)
2026-09-14 13:56:58,649 INFO texture_features: Computed texture for 1740 segments
2026-09-14 13:56:59,489 INFO segv2.build: KG 85002 tile 4: 2161 segments, labelled 41%
2026-09-14 13:57:01,753 INFO object_segmentation: NDVI fusion: BEV mean=-0.038, Cop mean=0.271, Fused mean=0.270, offset mean=0.314
2026-09-14 13:57:02,008 INFO tile_cache: tile_cache: forbid_remote=True (cache-only mode)
2026-09-14 13:57:11,235 INFO object_segmentation:   elevated layer: 259029 px → 3216 segments
2026-09-14 13:57:16,659 INFO object_segmentation:   ground layer: 1251230 px → 2148 segments
2026-09-14 13:57:21,646 INFO texture_features: Using pre-loaded grey image for texture (1500x1500)
2026-09-14 13:57:21,646 INFO texture_features: Computing per-segment GLCM texture at 0.50m (1500x1500)
2026-09-14 13:57:23,591 INFO texture_features: Computed texture for 4256 segments
2026-09-14 13:57:24,996 INFO segv2.build: KG 85002 tile 5: 5364 segments, labelled 28%
2026-09-14 13:57:27,281 INFO object_segmentation: NDVI fusion: BEV mean=-0.033, Cop mean=0.163, Fused mean=0.165, offset mean=0.241
2026-09-14 13:57:27,525 INFO tile_cache: tile_cache: forbid_remote=True (cache-only mode)
2026-09-14 13:57:32,999 INFO object_segmentation:   elevated layer: 228267 px → 3711 segments
2026-09-14 13:57:38,784 INFO object_segmentation:   ground layer: 1934711 px → 2211 segments
2026-09-14 13:57:44,998 INFO texture_features: Using pre-loaded grey image for texture (1500x1500)
2026-09-14 13:57:44,999 INFO texture_features: Computing per-segment GLCM texture at 0.50m (1500x1500)
2026-09-14 13:57:47,133 INFO texture_features: Computed texture for 4561 segments
2026-09-14 13:57:48,824 INFO segv2.build: KG 85002 tile 6: 5922 segments, labelled 44%
2026-09-14 13:57:50,943 INFO object_segmentation: NDVI fusion: BEV mean=-0.019, Cop mean=0.085, Fused mean=0.088, offset mean=0.133
2026-09-14 13:57:51,153 INFO tile_cache: tile_cache: forbid_remote=True (cache-only mode)
2026-09-14 13:58:06,266 INFO object_segmentation:   elevated layer: 30920 px → 519 segments
2026-09-14 13:58:30,756 INFO object_segmentation:   ground layer: 345147 px → 394 segments
2026-09-14 13:58:31,956 INFO texture_features: Using pre-loaded grey image for texture (1488x1500)
2026-09-14 13:58:31,956 INFO texture_features: Computing per-segment GLCM texture at 0.50m (1488x1500)
2026-09-14 13:58:32,293 INFO texture_features: Computed texture for 725 segments
2026-09-14 13:58:32,796 INFO segv2.build: KG 85002 tile 7: 913 segments, labelled 99%
2026-09-14 13:58:35,176 INFO object_segmentation: NDVI fusion: BEV mean=0.190, Cop mean=0.746, Fused mean=0.745, offset mean=0.554
2026-09-14 13:58:35,408 INFO tile_cache: tile_cache: forbid_remote=True (cache-only mode)
2026-09-14 13:58:42,414 INFO object_segmentation:   elevated layer: 780111 px → 3027 segments
2026-09-14 13:58:48,075 INFO object_segmentation:   ground layer: 514217 px → 1357 segments
2026-09-14 13:58:52,602 INFO texture_features: Using pre-loaded grey image for texture (1500x1500)
2026-09-14 13:58:52,603 INFO texture_features: Computing per-segment GLCM texture at 0.50m (1500x1500)
2026-09-14 13:58:54,466 INFO texture_features: Computed texture for 3994 segments
2026-09-14 13:58:55,810 INFO segv2.build: KG 85002 tile 8: 4384 segments, labelled 82%
2026-09-14 13:58:58,161 INFO object_segmentation: NDVI fusion: BEV mean=0.126, Cop mean=0.654, Fused mean=0.653, offset mean=0.527
2026-09-14 13:58:58,413 INFO tile_cache: tile_cache: forbid_remote=True (cache-only mode)
2026-09-14 13:58:58,545 INFO zenodo_cache: Cache manifest reloaded (depo_id=19650075, 2627 files)
2026-09-14 13:59:03,762 INFO object_segmentation:   elevated layer: 808467 px → 5386 segments
2026-09-14 13:59:09,936 INFO object_segmentation:   ground layer: 1441533 px → 2785 segments
2026-09-14 13:59:17,481 INFO texture_features: Using pre-loaded grey image for texture (1500x1500)
2026-09-14 13:59:17,481 INFO texture_features: Computing per-segment GLCM texture at 0.50m (1500x1500)
2026-09-14 13:59:20,695 INFO texture_features: Computed texture for 7040 segments
2026-09-14 13:59:22,734 INFO segv2.build: KG 85002 tile 9: 8171 segments, labelled 81%
2026-09-14 13:59:25,043 INFO object_segmentation: NDVI fusion: BEV mean=0.089, Cop mean=0.587, Fused mean=0.587, offset mean=0.498
2026-09-14 13:59:25,289 INFO tile_cache: tile_cache: forbid_remote=True (cache-only mode)
2026-09-14 13:59:31,065 INFO object_segmentation:   elevated layer: 460712 px → 4118 segments
2026-09-14 13:59:36,572 INFO object_segmentation:   ground layer: 1789288 px → 2631 segments
2026-09-14 13:59:43,166 INFO texture_features: Using pre-loaded grey image for texture (1500x1500)
2026-09-14 13:59:43,166 INFO texture_features: Computing per-segment GLCM texture at 0.50m (1500x1500)
2026-09-14 13:59:45,708 INFO texture_features: Computed texture for 5687 segments
2026-09-14 13:59:47,619 INFO segv2.build: KG 85002 tile 10: 6749 segments, labelled 69%
2026-09-14 13:59:49,836 INFO object_segmentation: NDVI fusion: BEV mean=-0.020, Cop mean=0.276, Fused mean=0.271, offset mean=0.327
2026-09-14 13:59:50,071 INFO tile_cache: tile_cache: forbid_remote=True (cache-only mode)
2026-09-14 13:59:57,375 INFO object_segmentation:   elevated layer: 75905 px → 1269 segments
2026-09-14 14:00:11,926 INFO object_segmentation:   ground layer: 638651 px → 859 segments
2026-09-14 14:00:14,181 INFO texture_features: Using pre-loaded grey image for texture (1488x1500)
2026-09-14 14:00:14,181 INFO texture_features: Computing per-segment GLCM texture at 0.50m (1488x1500)
2026-09-14 14:00:14,956 INFO texture_features: Computed texture for 1687 segments
2026-09-14 14:00:15,747 INFO segv2.build: KG 85002 tile 11: 2128 segments, labelled 71%
2026-09-14 14:00:18,037 INFO object_segmentation: NDVI fusion: BEV mean=0.233, Cop mean=0.757, Fused mean=0.756, offset mean=0.521
2026-09-14 14:00:18,274 INFO tile_cache: tile_cache: forbid_remote=True (cache-only mode)
2026-09-14 14:00:33,006 INFO object_segmentation:   elevated layer: 1019758 px → 3016 segments
2026-09-14 14:00:40,829 INFO object_segmentation:   ground layer: 426797 px → 1182 segments
2026-09-14 14:00:45,515 INFO texture_features: Using pre-loaded grey image for texture (1500x1500)
2026-09-14 14:00:45,515 INFO texture_features: Computing per-segment GLCM texture at 0.50m (1500x1500)
2026-09-14 14:00:47,328 INFO texture_features: Computed texture for 3856 segments
2026-09-14 14:00:48,749 INFO segv2.build: KG 85002 tile 12: 4198 segments, labelled 73%
2026-09-14 14:00:51,216 INFO object_segmentation: NDVI fusion: BEV mean=0.210, Cop mean=0.739, Fused mean=0.739, offset mean=0.528
2026-09-14 14:00:51,545 INFO tile_cache: tile_cache: forbid_remote=True (cache-only mode)
2026-09-14 14:00:57,396 INFO object_segmentation:   elevated layer: 1754566 px → 5098 segments
2026-09-14 14:01:05,908 INFO object_segmentation:   ground layer: 495216 px → 2323 segments
2026-09-14 14:01:13,261 INFO texture_features: Using pre-loaded grey image for texture (1500x1500)
2026-09-14 14:01:13,261 INFO texture_features: Computing per-segment GLCM texture at 0.50m (1500x1500)
2026-09-14 14:01:16,205 INFO texture_features: Computed texture for 6752 segments
2026-09-14 14:01:18,160 INFO segv2.build: KG 85002 tile 13: 7421 segments, labelled 72%
2026-09-14 14:01:20,709 INFO object_segmentation: NDVI fusion: BEV mean=0.207, Cop mean=0.721, Fused mean=0.721, offset mean=0.514
2026-09-14 14:01:21,001 INFO tile_cache: tile_cache: forbid_remote=True (cache-only mode)
2026-09-14 14:01:27,566 INFO object_segmentation:   elevated layer: 1350417 px → 5136 segments
2026-09-14 14:01:33,403 INFO object_segmentation:   ground layer: 745695 px → 2346 segments
2026-09-14 14:01:40,906 INFO texture_features: Using pre-loaded grey image for texture (1500x1500)
2026-09-14 14:01:40,906 INFO texture_features: Computing per-segment GLCM texture at 0.50m (1500x1500)
2026-09-14 14:01:43,916 INFO texture_features: Computed texture for 6673 segments
2026-09-14 14:01:45,781 INFO segv2.build: KG 85002 tile 14: 7482 segments, labelled 88%
2026-09-14 14:01:48,046 INFO object_segmentation: NDVI fusion: BEV mean=0.122, Cop mean=0.675, Fused mean=0.675, offset mean=0.551
2026-09-14 14:01:48,311 INFO tile_cache: tile_cache: forbid_remote=True (cache-only mode)
2026-09-14 14:01:58,425 INFO object_segmentation:   elevated layer: 26733 px → 521 segments
2026-09-14 14:02:17,086 INFO object_segmentation:   ground layer: 389923 px → 321 segments
2026-09-14 14:02:18,317 INFO texture_features: Using pre-loaded grey image for texture (1488x1500)
2026-09-14 14:02:18,317 INFO texture_features: Computing per-segment GLCM texture at 0.50m (1488x1500)
2026-09-14 14:02:18,636 INFO texture_features: Computed texture for 655 segments
2026-09-14 14:02:19,335 INFO segv2.build: KG 85002 tile 15: 842 segments, labelled 44%
2026-09-14 14:02:21,344 INFO object_segmentation: NDVI fusion: BEV mean=0.201, Cop mean=0.676, Fused mean=0.675, offset mean=0.472
2026-09-14 14:02:21,532 INFO tile_cache: tile_cache: forbid_remote=True (cache-only mode)
2026-09-14 14:02:52,462 INFO object_segmentation:   elevated layer: 287307 px → 797 segments
2026-09-14 14:03:15,116 INFO object_segmentation:   ground layer: 112118 px → 254 segments
2026-09-14 14:03:16,377 INFO texture_features: Using pre-loaded grey image for texture (1500x1321)
2026-09-14 14:03:16,377 INFO texture_features: Computing per-segment GLCM texture at 0.50m (1500x1321)
2026-09-14 14:03:16,816 INFO texture_features: Computed texture for 988 segments
2026-09-14 14:03:17,608 INFO segv2.build: KG 85002 tile 16: 1051 segments, labelled 89%
2026-09-14 14:03:19,591 INFO object_segmentation: NDVI fusion: BEV mean=0.262, Cop mean=0.782, Fused mean=0.781, offset mean=0.518
2026-09-14 14:03:19,808 INFO tile_cache: tile_cache: forbid_remote=True (cache-only mode)
2026-09-14 14:03:24,717 INFO object_segmentation:   elevated layer: 820927 px → 2147 segments
2026-09-14 14:03:28,625 INFO object_segmentation:   ground layer: 286514 px → 749 segments
2026-09-14 14:03:31,957 INFO texture_features: Using pre-loaded grey image for texture (1500x1321)
2026-09-14 14:03:31,957 INFO texture_features: Computing per-segment GLCM texture at 0.50m (1500x1321)
2026-09-14 14:03:33,206 INFO texture_features: Computed texture for 2714 segments
2026-09-14 14:03:34,284 INFO segv2.build: KG 85002 tile 17: 2896 segments, labelled 76%
2026-09-14 14:03:34,665 INFO segv2.build: KG 85002 done: 61168 segs, 42278 labelled (16389 good) in 712s
2026-09-14 14:06:40,017 INFO segv2.fetch: downloaded 84106-southwest_full.gpkg: 2017 MB in 182s (11.1 MB/s)
2026-09-14 14:07:01,356 INFO segv2.labels: KG 84106 cadastre: 1037 footprints, 4645 landuse polys, 1603 parcels
2026-09-14 14:07:01,681 INFO segv2.labels: KG 84106 osm: 57 road, 0 rail, 185 water lines, 21 water areas; invekos: 393
2026-09-14 14:07:04,380 INFO object_segmentation: NDVI fusion: BEV mean=0.001, Cop mean=0.339, Fused mean=0.339, offset mean=0.337
2026-09-14 14:07:04,562 INFO tile_cache: tile_cache: forbid_remote=True (cache-only mode)
2026-09-14 14:07:09,872 INFO object_segmentation:   elevated layer: 120376 px → 2565 segments
2026-09-14 14:07:15,960 INFO object_segmentation:   ground layer: 2087347 px → 1921 segments
/home/exedev/.local/lib/python3.12/site-packages/numpy/lib/_nanfunctions_impl.py:1997: RuntimeWarning: Degrees of freedom <= 0 for slice.
  var = nanvar(a, axis=axis, dtype=dtype, out=out, ddof=ddof,
2026-09-14 14:07:21,648 INFO texture_features: Using pre-loaded grey image for texture (1500x1500)
2026-09-14 14:07:21,649 INFO texture_features: Computing per-segment GLCM texture at 0.50m (1500x1500)
2026-09-14 14:07:23,281 INFO texture_features: Computed texture for 3455 segments
2026-09-14 14:07:24,838 INFO segv2.build: KG 84106-southwest tile 0: 4486 segments, labelled 91%
2026-09-14 14:07:27,263 INFO object_segmentation: NDVI fusion: BEV mean=0.004, Cop mean=0.300, Fused mean=0.300, offset mean=0.297
2026-09-14 14:07:27,495 INFO tile_cache: tile_cache: forbid_remote=True (cache-only mode)
2026-09-14 14:07:32,881 INFO object_segmentation:   elevated layer: 251240 px → 4795 segments
2026-09-14 14:07:37,977 INFO object_segmentation:   ground layer: 1978863 px → 2828 segments
/home/exedev/.local/lib/python3.12/site-packages/numpy/lib/_nanfunctions_impl.py:1997: RuntimeWarning: Degrees of freedom <= 0 for slice.
  var = nanvar(a, axis=axis, dtype=dtype, out=out, ddof=ddof,
2026-09-14 14:07:45,044 INFO texture_features: Using pre-loaded grey image for texture (1500x1500)
2026-09-14 14:07:45,044 INFO texture_features: Computing per-segment GLCM texture at 0.50m (1500x1500)
2026-09-14 14:07:47,642 INFO texture_features: Computed texture for 5870 segments
2026-09-14 14:07:49,517 INFO segv2.build: KG 84106-southwest tile 1: 7623 segments, labelled 100%
2026-09-14 14:07:51,679 INFO object_segmentation: NDVI fusion: BEV mean=0.090, Cop mean=0.437, Fused mean=0.438, offset mean=0.358
2026-09-14 14:07:51,905 INFO tile_cache: tile_cache: forbid_remote=True (cache-only mode)
2026-09-14 14:07:56,929 INFO object_segmentation:   elevated layer: 537782 px → 3170 segments
2026-09-14 14:08:01,835 INFO object_segmentation:   ground layer: 1555045 px → 1827 segments
/home/exedev/.local/lib/python3.12/site-packages/numpy/lib/_nanfunctions_impl.py:1997: RuntimeWarning: Degrees of freedom <= 0 for slice.
  var = nanvar(a, axis=axis, dtype=dtype, out=out, ddof=ddof,
2026-09-14 14:08:07,908 INFO texture_features: Using pre-loaded grey image for texture (1412x1500)
2026-09-14 14:08:07,909 INFO texture_features: Computing per-segment GLCM texture at 0.50m (1412x1500)
2026-09-14 14:08:09,744 INFO texture_features: Computed texture for 4132 segments
2026-09-14 14:08:11,535 INFO segv2.build: KG 84106-southwest tile 2: 4997 segments, labelled 96%
2026-09-14 14:08:14,025 INFO object_segmentation: NDVI fusion: BEV mean=-0.064, Cop mean=0.105, Fused mean=0.107, offset mean=0.173
2026-09-14 14:08:14,279 INFO tile_cache: tile_cache: forbid_remote=True (cache-only mode)
2026-09-14 14:08:20,247 INFO object_segmentation:   elevated layer: 193117 px → 4012 segments
2026-09-14 14:08:25,504 INFO object_segmentation:   ground layer: 2037368 px → 2178 segments
/home/exedev/.local/lib/python3.12/site-packages/numpy/lib/_nanfunctions_impl.py:1997: RuntimeWarning: Degrees of freedom <= 0 for slice.
  var = nanvar(a, axis=axis, dtype=dtype, out=out, ddof=ddof,
2026-09-14 14:08:31,997 INFO texture_features: Using pre-loaded grey image for texture (1500x1500)
2026-09-14 14:08:31,997 INFO texture_features: Computing per-segment GLCM texture at 0.50m (1500x1500)
2026-09-14 14:08:34,092 INFO texture_features: Computed texture for 4700 segments
2026-09-14 14:08:35,767 INFO segv2.build: KG 84106-southwest tile 3: 6190 segments, labelled 98%
2026-09-14 14:08:38,133 INFO object_segmentation: NDVI fusion: BEV mean=0.040, Cop mean=0.428, Fused mean=0.428, offset mean=0.388
2026-09-14 14:08:38,404 INFO tile_cache: tile_cache: forbid_remote=True (cache-only mode)
2026-09-14 14:08:45,539 INFO object_segmentation:   elevated layer: 108454 px → 2577 segments
2026-09-14 14:08:51,013 INFO object_segmentation:   ground layer: 2141544 px → 1953 segments
2026-09-14 14:08:56,634 INFO texture_features: Using pre-loaded grey image for texture (1500x1500)
2026-09-14 14:08:56,635 INFO texture_features: Computing per-segment GLCM texture at 0.50m (1500x1500)
2026-09-14 14:08:58,385 INFO texture_features: Computed texture for 3554 segments
2026-09-14 14:09:00,077 INFO segv2.build: KG 84106-southwest tile 4: 4530 segments, labelled 93%
2026-09-14 14:09:02,227 INFO object_segmentation: NDVI fusion: BEV mean=0.227, Cop mean=0.737, Fused mean=0.737, offset mean=0.508
2026-09-14 14:09:02,467 INFO tile_cache: tile_cache: forbid_remote=True (cache-only mode)
2026-09-14 14:09:08,650 INFO object_segmentation:   elevated layer: 634173 px → 3647 segments
2026-09-14 14:09:13,901 INFO object_segmentation:   ground layer: 1405388 px → 2158 segments
/home/exedev/.local/lib/python3.12/site-packages/numpy/lib/_nanfunctions_impl.py:1997: RuntimeWarning: Degrees of freedom <= 0 for slice.
  var = nanvar(a, axis=axis, dtype=dtype, out=out, ddof=ddof,
2026-09-14 14:09:20,307 INFO texture_features: Using pre-loaded grey image for texture (1412x1500)
2026-09-14 14:09:20,307 INFO texture_features: Computing per-segment GLCM texture at 0.50m (1412x1500)
2026-09-14 14:09:22,493 INFO texture_features: Computed texture for 4887 segments
2026-09-14 14:09:24,385 INFO segv2.build: KG 84106-southwest tile 5: 5805 segments, labelled 93%
2026-09-14 14:09:26,693 INFO object_segmentation: NDVI fusion: BEV mean=-0.027, Cop mean=0.220, Fused mean=0.225, offset mean=0.256
2026-09-14 14:09:26,954 INFO tile_cache: tile_cache: forbid_remote=True (cache-only mode)
2026-09-14 14:09:33,315 INFO object_segmentation:   elevated layer: 192859 px → 3673 segments
2026-09-14 14:09:38,610 INFO object_segmentation:   ground layer: 2016373 px → 2208 segments
/home/exedev/.local/lib/python3.12/site-packages/numpy/lib/_nanfunctions_impl.py:1997: RuntimeWarning: Degrees of freedom <= 0 for slice.
  var = nanvar(a, axis=axis, dtype=dtype, out=out, ddof=ddof,
2026-09-14 14:09:45,008 INFO texture_features: Using pre-loaded grey image for texture (1500x1500)
2026-09-14 14:09:45,009 INFO texture_features: Computing per-segment GLCM texture at 0.50m (1500x1500)
2026-09-14 14:09:47,087 INFO texture_features: Computed texture for 4493 segments
2026-09-14 14:09:49,027 INFO segv2.build: KG 84106-southwest tile 6: 5881 segments, labelled 95%
2026-09-14 14:09:51,442 INFO object_segmentation: NDVI fusion: BEV mean=0.096, Cop mean=0.572, Fused mean=0.572, offset mean=0.475
2026-09-14 14:09:51,741 INFO tile_cache: tile_cache: forbid_remote=True (cache-only mode)
2026-09-14 14:09:56,720 INFO object_segmentation:   elevated layer: 79668 px → 1967 segments
2026-09-14 14:10:02,434 INFO object_segmentation:   ground layer: 2170331 px → 1907 segments
2026-09-14 14:10:07,776 INFO texture_features: Using pre-loaded grey image for texture (1500x1500)
2026-09-14 14:10:07,776 INFO texture_features: Computing per-segment GLCM texture at 0.50m (1500x1500)
2026-09-14 14:10:09,208 INFO texture_features: Computed texture for 3026 segments
2026-09-14 14:10:10,960 INFO segv2.build: KG 84106-southwest tile 7: 3874 segments, labelled 72%
2026-09-14 14:10:13,114 INFO object_segmentation: NDVI fusion: BEV mean=0.160, Cop mean=0.614, Fused mean=0.613, offset mean=0.451
2026-09-14 14:10:13,365 INFO tile_cache: tile_cache: forbid_remote=True (cache-only mode)
2026-09-14 14:10:19,060 INFO object_segmentation:   elevated layer: 324255 px → 3583 segments
2026-09-14 14:10:24,651 INFO object_segmentation:   ground layer: 1736403 px → 2061 segments
/home/exedev/.local/lib/python3.12/site-packages/numpy/lib/_nanfunctions_impl.py:1997: RuntimeWarning: Degrees of freedom <= 0 for slice.
  var = nanvar(a, axis=axis, dtype=dtype, out=out, ddof=ddof,
2026-09-14 14:10:30,795 INFO texture_features: Using pre-loaded grey image for texture (1412x1500)
2026-09-14 14:10:30,795 INFO texture_features: Computing per-segment GLCM texture at 0.50m (1412x1500)
2026-09-14 14:10:32,908 INFO texture_features: Computed texture for 4665 segments
2026-09-14 14:10:34,800 INFO segv2.build: KG 84106-southwest tile 8: 5644 segments, labelled 96%
2026-09-14 14:10:37,084 INFO object_segmentation: NDVI fusion: BEV mean=-0.021, Cop mean=0.261, Fused mean=0.260, offset mean=0.282
2026-09-14 14:10:37,319 INFO tile_cache: tile_cache: forbid_remote=True (cache-only mode)
2026-09-14 14:10:41,982 INFO object_segmentation:   elevated layer: 122192 px → 2781 segments
2026-09-14 14:10:47,478 INFO object_segmentation:   ground layer: 2031632 px → 1797 segments
/home/exedev/.local/lib/python3.12/site-packages/numpy/lib/_nanfunctions_impl.py:1997: RuntimeWarning: Degrees of freedom <= 0 for slice.
  var = nanvar(a, axis=axis, dtype=dtype, out=out, ddof=ddof,
2026-09-14 14:10:53,094 INFO texture_features: Using pre-loaded grey image for texture (1500x1500)
2026-09-14 14:10:53,094 INFO texture_features: Computing per-segment GLCM texture at 0.50m (1500x1500)
2026-09-14 14:10:54,775 INFO texture_features: Computed texture for 3492 segments
2026-09-14 14:10:56,413 INFO segv2.build: KG 84106-southwest tile 9: 4578 segments, labelled 85%
2026-09-14 14:10:58,767 INFO object_segmentation: NDVI fusion: BEV mean=0.028, Cop mean=0.405, Fused mean=0.405, offset mean=0.377
2026-09-14 14:10:59,052 INFO tile_cache: tile_cache: forbid_remote=True (cache-only mode)
2026-09-14 14:11:03,505 INFO object_segmentation:   elevated layer: 80751 px → 1881 segments
2026-09-14 14:11:09,456 INFO object_segmentation:   ground layer: 2169249 px → 1663 segments
2026-09-14 14:11:14,685 INFO texture_features: Using pre-loaded grey image for texture (1500x1500)
2026-09-14 14:11:14,686 INFO texture_features: Computing per-segment GLCM texture at 0.50m (1500x1500)
2026-09-14 14:11:16,048 INFO texture_features: Computed texture for 2765 segments
2026-09-14 14:11:17,808 INFO segv2.build: KG 84106-southwest tile 10: 3544 segments, labelled 86%
2026-09-14 14:11:20,034 INFO object_segmentation: NDVI fusion: BEV mean=0.049, Cop mean=0.425, Fused mean=0.425, offset mean=0.376
2026-09-14 14:11:20,270 INFO tile_cache: tile_cache: forbid_remote=True (cache-only mode)
2026-09-14 14:11:24,633 INFO object_segmentation:   elevated layer: 114135 px → 2128 segments
2026-09-14 14:11:30,586 INFO object_segmentation:   ground layer: 1968513 px → 1704 segments
/home/exedev/.local/lib/python3.12/site-packages/numpy/lib/_nanfunctions_impl.py:1997: RuntimeWarning: Degrees of freedom <= 0 for slice.
  var = nanvar(a, axis=axis, dtype=dtype, out=out, ddof=ddof,
2026-09-14 14:11:35,831 INFO texture_features: Using pre-loaded grey image for texture (1412x1500)
2026-09-14 14:11:35,832 INFO texture_features: Computing per-segment GLCM texture at 0.50m (1412x1500)
2026-09-14 14:11:37,351 INFO texture_features: Computed texture for 2954 segments
2026-09-14 14:11:38,811 INFO segv2.build: KG 84106-southwest tile 11: 3832 segments, labelled 87%
2026-09-14 14:11:41,123 INFO object_segmentation: NDVI fusion: BEV mean=-0.072, Cop mean=0.053, Fused mean=0.046, offset mean=0.130
2026-09-14 14:11:41,345 INFO tile_cache: tile_cache: forbid_remote=True (cache-only mode)
2026-09-14 14:11:48,884 INFO object_segmentation:   elevated layer: 86679 px → 1285 segments
2026-09-14 14:12:03,709 INFO object_segmentation:   ground layer: 842992 px → 960 segments
/home/exedev/.local/lib/python3.12/site-packages/numpy/lib/_nanfunctions_impl.py:1997: RuntimeWarning: Degrees of freedom <= 0 for slice.
  var = nanvar(a, axis=axis, dtype=dtype, out=out, ddof=ddof,
2026-09-14 14:12:06,553 INFO texture_features: Using pre-loaded grey image for texture (1500x1500)
2026-09-14 14:12:06,553 INFO texture_features: Computing per-segment GLCM texture at 0.50m (1500x1500)
2026-09-14 14:12:07,409 INFO texture_features: Computed texture for 1756 segments
2026-09-14 14:12:08,302 INFO segv2.build: KG 84106-southwest tile 12: 2245 segments, labelled 95%
2026-09-14 14:12:10,626 INFO object_segmentation: NDVI fusion: BEV mean=-0.087, Cop mean=0.031, Fused mean=0.019, offset mean=0.120
2026-09-14 14:12:10,881 INFO tile_cache: tile_cache: forbid_remote=True (cache-only mode)
2026-09-14 14:12:15,373 INFO object_segmentation:   elevated layer: 81607 px → 1822 segments
2026-09-14 14:12:21,599 INFO object_segmentation:   ground layer: 2168393 px → 1547 segments
2026-09-14 14:12:26,703 INFO texture_features: Using pre-loaded grey image for texture (1500x1500)
2026-09-14 14:12:26,703 INFO texture_features: Computing per-segment GLCM texture at 0.50m (1500x1500)
2026-09-14 14:12:27,885 INFO texture_features: Computed texture for 2610 segments
2026-09-14 14:12:29,491 INFO segv2.build: KG 84106-southwest tile 13: 3369 segments, labelled 98%
2026-09-14 14:12:31,629 INFO object_segmentation: NDVI fusion: BEV mean=-0.064, Cop mean=0.091, Fused mean=0.081, offset mean=0.164
2026-09-14 14:12:31,862 INFO tile_cache: tile_cache: forbid_remote=True (cache-only mode)
2026-09-14 14:12:36,306 INFO object_segmentation:   elevated layer: 85421 px → 1804 segments
2026-09-14 14:12:41,826 INFO object_segmentation:   ground layer: 2018014 px → 1379 segments
/home/exedev/.local/lib/python3.12/site-packages/numpy/lib/_nanfunctions_impl.py:1997: RuntimeWarning: Degrees of freedom <= 0 for slice.
  var = nanvar(a, axis=axis, dtype=dtype, out=out, ddof=ddof,
2026-09-14 14:12:46,819 INFO texture_features: Using pre-loaded grey image for texture (1412x1500)
2026-09-14 14:12:46,819 INFO texture_features: Computing per-segment GLCM texture at 0.50m (1412x1500)
2026-09-14 14:12:47,995 INFO texture_features: Computed texture for 2443 segments
2026-09-14 14:12:49,443 INFO segv2.build: KG 84106-southwest tile 14: 3183 segments, labelled 100%
2026-09-14 14:12:51,044 INFO object_segmentation: NDVI fusion: BEV mean=-0.064, Cop mean=0.056, Fused mean=0.053, offset mean=0.124
2026-09-14 14:12:51,164 INFO tile_cache: tile_cache: forbid_remote=True (cache-only mode)
2026-09-14 14:13:07,342 INFO object_segmentation:   elevated layer: 19007 px → 344 segments
2026-09-14 14:13:25,938 INFO object_segmentation:   ground layer: 182005 px → 254 segments
/home/exedev/.local/lib/python3.12/site-packages/numpy/lib/_nanfunctions_impl.py:1997: RuntimeWarning: Degrees of freedom <= 0 for slice.
  var = nanvar(a, axis=axis, dtype=dtype, out=out, ddof=ddof,
2026-09-14 14:13:26,725 INFO texture_features: Using pre-loaded grey image for texture (1500x1056)
2026-09-14 14:13:26,725 INFO texture_features: Computing per-segment GLCM texture at 0.50m (1500x1056)
2026-09-14 14:13:26,932 INFO texture_features: Computed texture for 468 segments
2026-09-14 14:13:27,255 INFO segv2.build: KG 84106-southwest tile 15: 598 segments, labelled 99%
2026-09-14 14:13:28,811 INFO object_segmentation: NDVI fusion: BEV mean=-0.080, Cop mean=-0.003, Fused mean=-0.017, offset mean=0.072
2026-09-14 14:13:28,979 INFO tile_cache: tile_cache: forbid_remote=True (cache-only mode)
2026-09-14 14:13:31,819 INFO object_segmentation:   elevated layer: 48712 px → 1257 segments
2026-09-14 14:13:36,228 INFO object_segmentation:   ground layer: 1179524 px → 879 segments
/home/exedev/.local/lib/python3.12/site-packages/numpy/lib/_nanfunctions_impl.py:1997: RuntimeWarning: Degrees of freedom <= 0 for slice.
  var = nanvar(a, axis=axis, dtype=dtype, out=out, ddof=ddof,
2026-09-14 14:13:39,149 INFO texture_features: Using pre-loaded grey image for texture (1500x1056)
2026-09-14 14:13:39,149 INFO texture_features: Computing per-segment GLCM texture at 0.50m (1500x1056)
2026-09-14 14:13:39,937 INFO texture_features: Computed texture for 1636 segments
2026-09-14 14:13:40,789 INFO segv2.build: KG 84106-southwest tile 16: 2136 segments, labelled 100%
2026-09-14 14:13:42,328 INFO object_segmentation: NDVI fusion: BEV mean=-0.063, Cop mean=-0.006, Fused mean=-0.010, offset mean=0.055
2026-09-14 14:13:42,506 INFO tile_cache: tile_cache: forbid_remote=True (cache-only mode)
2026-09-14 14:13:45,651 INFO object_segmentation:   elevated layer: 61813 px → 1463 segments
2026-09-14 14:13:48,630 INFO object_segmentation:   ground layer: 1390145 px → 960 segments
/home/exedev/.local/lib/python3.12/site-packages/numpy/lib/_nanfunctions_impl.py:1997: RuntimeWarning: Degrees of freedom <= 0 for slice.
  var = nanvar(a, axis=axis, dtype=dtype, out=out, ddof=ddof,
2026-09-14 14:13:51,909 INFO texture_features: Using pre-loaded grey image for texture (1412x1056)
2026-09-14 14:13:51,909 INFO texture_features: Computing per-segment GLCM texture at 0.50m (1412x1056)
2026-09-14 14:13:52,740 INFO texture_features: Computed texture for 1932 segments
2026-09-14 14:13:53,597 INFO segv2.build: KG 84106-southwest tile 17: 2423 segments, labelled 94%
2026-09-14 14:13:53,973 INFO segv2.build: KG 84106-southwest done: 74938 segs, 69873 labelled (59681 good) in 619s
2026-09-14 14:16:21,932 INFO segv2.fetch: downloaded 87102-north_full.gpkg: 1903 MB in 145s (13.1 MB/s)
2026-09-14 14:16:38,195 INFO segv2.labels: KG 87102 cadastre: 1153 footprints, 3938 landuse polys, 1150 parcels
2026-09-14 14:16:38,940 INFO segv2.labels: KG 87102 osm: 29 road, 0 rail, 172 water lines, 3 water areas; invekos: 924
2026-09-14 14:16:41,586 INFO object_segmentation: NDVI fusion: BEV mean=0.072, Cop mean=0.632, Fused mean=0.632, offset mean=0.559
2026-09-14 14:16:41,803 INFO tile_cache: tile_cache: forbid_remote=True (cache-only mode)
2026-09-14 14:16:41,847 INFO zenodo_cache: Cache manifest reloaded (depo_id=19650075, 2627 files)
2026-09-14 14:16:52,704 INFO object_segmentation:   elevated layer: 62654 px → 754 segments
2026-09-14 14:17:07,321 INFO object_segmentation:   ground layer: 465607 px → 476 segments
2026-09-14 14:17:08,847 INFO texture_features: Using pre-loaded grey image for texture (1500x1500)
2026-09-14 14:17:08,847 INFO texture_features: Computing per-segment GLCM texture at 0.50m (1500x1500)
2026-09-14 14:17:09,318 INFO texture_features: Computed texture for 1013 segments
2026-09-14 14:17:10,103 INFO segv2.build: KG 87102-north tile 0: 1230 segments, labelled 92%
2026-09-14 14:17:12,417 INFO object_segmentation: NDVI fusion: BEV mean=0.132, Cop mean=0.619, Fused mean=0.619, offset mean=0.485
2026-09-14 14:17:12,656 INFO tile_cache: tile_cache: forbid_remote=True (cache-only mode)
2026-09-14 14:17:12,697 INFO zenodo_cache: Cache manifest reloaded (depo_id=19650075, 2627 files)
2026-09-14 14:17:18,225 INFO object_segmentation:   elevated layer: 988233 px → 3970 segments
2026-09-14 14:17:23,455 INFO object_segmentation:   ground layer: 1138856 px → 1869 segments
2026-09-14 14:17:30,025 INFO texture_features: Using pre-loaded grey image for texture (1500x1500)
2026-09-14 14:17:30,025 INFO texture_features: Computing per-segment GLCM texture at 0.50m (1500x1500)
2026-09-14 14:17:32,286 INFO texture_features: Computed texture for 4884 segments
2026-09-14 14:17:34,003 INFO segv2.build: KG 87102-north tile 5: 5839 segments, labelled 90%
2026-09-14 14:17:36,499 INFO object_segmentation: NDVI fusion: BEV mean=0.032, Cop mean=0.426, Fused mean=0.426, offset mean=0.394
2026-09-14 14:17:36,758 INFO tile_cache: tile_cache: forbid_remote=True (cache-only mode)
2026-09-14 14:17:36,798 INFO zenodo_cache: Cache manifest reloaded (depo_id=19650075, 2627 files)
2026-09-14 14:17:42,056 INFO object_segmentation:   elevated layer: 203958 px → 2429 segments
2026-09-14 14:18:10,574 INFO object_segmentation:   ground layer: 982280 px → 1595 segments
2026-09-14 14:18:14,522 INFO texture_features: Using pre-loaded grey image for texture (1500x1500)
2026-09-14 14:18:14,522 INFO texture_features: Computing per-segment GLCM texture at 0.50m (1500x1500)
2026-09-14 14:18:15,954 INFO texture_features: Computed texture for 3147 segments
2026-09-14 14:18:17,156 INFO segv2.build: KG 87102-north tile 6: 4024 segments, labelled 99%
2026-09-14 14:18:19,558 INFO object_segmentation: NDVI fusion: BEV mean=0.065, Cop mean=0.552, Fused mean=0.552, offset mean=0.487
2026-09-14 14:18:19,814 INFO tile_cache: tile_cache: forbid_remote=True (cache-only mode)
2026-09-14 14:18:19,857 INFO zenodo_cache: Cache manifest reloaded (depo_id=19650075, 2627 files)
2026-09-14 14:18:30,625 INFO object_segmentation:   elevated layer: 25320 px → 332 segments
2026-09-14 14:19:02,019 INFO object_segmentation:   ground layer: 176053 px → 270 segments
2026-09-14 14:19:02,814 INFO texture_features: Using pre-loaded grey image for texture (1500x1500)
2026-09-14 14:19:02,814 INFO texture_features: Computing per-segment GLCM texture at 0.50m (1500x1500)
2026-09-14 14:19:03,037 INFO texture_features: Computed texture for 483 segments
2026-09-14 14:19:03,686 INFO segv2.build: KG 87102-north tile 7: 602 segments, labelled 100%
2026-09-14 14:19:05,968 INFO object_segmentation: NDVI fusion: BEV mean=0.249, Cop mean=0.796, Fused mean=0.796, offset mean=0.545
2026-09-14 14:19:06,191 INFO tile_cache: tile_cache: forbid_remote=True (cache-only mode)
2026-09-14 14:19:12,698 INFO object_segmentation:   elevated layer: 1581752 px → 3824 segments
2026-09-14 14:19:20,097 INFO object_segmentation:   ground layer: 563844 px → 1403 segments
2026-09-14 14:19:26,807 INFO texture_features: Using pre-loaded grey image for texture (1500x1500)
2026-09-14 14:19:26,807 INFO texture_features: Computing per-segment GLCM texture at 0.50m (1500x1500)
2026-09-14 14:19:28,926 INFO texture_features: Computed texture for 4703 segments
2026-09-14 14:19:30,678 INFO segv2.build: KG 87102-north tile 10: 5227 segments, labelled 80%
2026-09-14 14:19:33,110 INFO object_segmentation: NDVI fusion: BEV mean=0.243, Cop mean=0.758, Fused mean=0.758, offset mean=0.513
2026-09-14 14:19:33,367 INFO tile_cache: tile_cache: forbid_remote=True (cache-only mode)
2026-09-14 14:19:39,349 INFO object_segmentation:   elevated layer: 1457138 px → 4348 segments
2026-09-14 14:19:45,207 INFO object_segmentation:   ground layer: 746139 px → 1791 segments
2026-09-14 14:19:52,080 INFO texture_features: Using pre-loaded grey image for texture (1500x1500)
2026-09-14 14:19:52,080 INFO texture_features: Computing per-segment GLCM texture at 0.50m (1500x1500)
2026-09-14 14:19:54,736 INFO texture_features: Computed texture for 5426 segments
2026-09-14 14:19:56,697 INFO segv2.build: KG 87102-north tile 11: 6139 segments, labelled 90%
2026-09-14 14:19:59,055 INFO object_segmentation: NDVI fusion: BEV mean=0.100, Cop mean=0.530, Fused mean=0.530, offset mean=0.429
2026-09-14 14:19:59,329 INFO tile_cache: tile_cache: forbid_remote=True (cache-only mode)
2026-09-14 14:20:04,315 INFO object_segmentation:   elevated layer: 472604 px → 3038 segments
2026-09-14 14:20:09,856 INFO object_segmentation:   ground layer: 1325695 px → 1578 segments
2026-09-14 14:20:14,870 INFO texture_features: Using pre-loaded grey image for texture (1500x1500)
2026-09-14 14:20:14,870 INFO texture_features: Computing per-segment GLCM texture at 0.50m (1500x1500)
2026-09-14 14:20:16,581 INFO texture_features: Computed texture for 3696 segments
2026-09-14 14:20:18,001 INFO segv2.build: KG 87102-north tile 12: 4616 segments, labelled 98%
2026-09-14 14:20:20,245 INFO object_segmentation: NDVI fusion: BEV mean=0.004, Cop mean=0.226, Fused mean=0.225, offset mean=0.222
2026-09-14 14:20:20,469 INFO tile_cache: tile_cache: forbid_remote=True (cache-only mode)
2026-09-14 14:20:20,511 INFO zenodo_cache: Cache manifest reloaded (depo_id=19650075, 2627 files)
2026-09-14 14:20:20,511 INFO zenodo_cache: Fetching ZIP index from https://zenodo.org/api/records/19650075/draft/files/copernicus_harmonics_cell_47.0_48.0_12.0_14.0.zip/content
2026-09-14 14:20:27,215 INFO object_segmentation:   elevated layer: 112920 px → 1675 segments
2026-09-14 14:20:48,028 INFO object_segmentation:   ground layer: 591070 px → 1062 segments
2026-09-14 14:20:50,885 INFO texture_features: Using pre-loaded grey image for texture (1500x1500)
2026-09-14 14:20:50,885 INFO texture_features: Computing per-segment GLCM texture at 0.50m (1500x1500)
2026-09-14 14:20:51,922 INFO texture_features: Computed texture for 2087 segments
2026-09-14 14:20:52,808 INFO segv2.build: KG 87102-north tile 13: 2737 segments, labelled 99%
2026-09-14 14:20:52,976 INFO object_segmentation: NDVI fusion: BEV mean=0.276, Cop mean=0.787, Fused mean=0.784, offset mean=0.507
2026-09-14 14:20:53,009 INFO tile_cache: tile_cache: forbid_remote=True (cache-only mode)
2026-09-14 14:20:53,062 INFO object_segmentation:   elevated layer: 4303 px → 64 segments
2026-09-14 14:20:53,067 INFO object_segmentation:   ground layer: 1409 px → 22 segments
2026-09-14 14:20:53,277 INFO texture_features: Using pre-loaded grey image for texture (1500x5)
2026-09-14 14:20:53,277 INFO texture_features: Computing per-segment GLCM texture at 0.50m (1500x5)
2026-09-14 14:20:53,310 INFO texture_features: Computed texture for 76 segments
2026-09-14 14:20:53,364 INFO segv2.build: KG 87102-north tile 15: 86 segments, labelled 88%
2026-09-14 14:20:53,525 INFO object_segmentation: NDVI fusion: BEV mean=0.305, Cop mean=0.847, Fused mean=0.841, offset mean=0.519
2026-09-14 14:20:53,561 INFO tile_cache: tile_cache: forbid_remote=True (cache-only mode)
2026-09-14 14:20:53,612 INFO object_segmentation:   elevated layer: 473 px → 7 segments
2026-09-14 14:20:53,626 INFO object_segmentation:   ground layer: 31 px → 1 segments
2026-09-14 14:20:53,739 INFO texture_features: Using pre-loaded grey image for texture (1500x5)
2026-09-14 14:20:53,740 INFO texture_features: Computing per-segment GLCM texture at 0.50m (1500x5)
2026-09-14 14:20:53,743 INFO texture_features: Computed texture for 7 segments
2026-09-14 14:20:53,826 INFO segv2.build: KG 87102-north tile 16: 8 segments, labelled 100%
2026-09-14 14:20:54,010 INFO object_segmentation: NDVI fusion: BEV mean=0.000, Cop mean=0.000, Fused mean=0.000, offset mean=0.000
2026-09-14 14:20:54,040 INFO tile_cache: tile_cache: forbid_remote=True (cache-only mode)
2026-09-14 14:20:54,078 INFO zenodo_cache: Fetching ZIP index from https://zenodo.org/api/records/19650075/draft/files/copernicus_harmonics_cell_47.0_48.0_12.0_14.0.zip/content
2026-09-14 14:20:54,545 INFO object_segmentation:   ground layer: 560 px → 1 segments
2026-09-14 14:20:54,647 INFO texture_features: Using pre-loaded grey image for texture (1500x5)
2026-09-14 14:20:54,648 INFO texture_features: Computing per-segment GLCM texture at 0.50m (1500x5)
2026-09-14 14:20:54,648 INFO texture_features: Computed texture for 1 segments
2026-09-14 14:20:54,649 ERROR segv2.build: KG 87102-north failed
Traceback (most recent call last):
  File "/home/exedev/srtm-lidar/segv2/build_dataset.py", line 139, in build_kg
    df = F2.extract(seg, L, context=ctx_r, obs_year=obs_year)
         ^^^^^^^^^^^^^^^^^^^^^^^^^^^^^^^^^^^^^^^^^^^^^^^^^^^^
  File "/home/exedev/srtm-lidar/segv2/features.py", line 585, in extract
    wgt = F["area"][bi]
          ~~~~~~~~~^^^^
IndexError: arrays used as indices must be of integer (or boolean) type
2026-09-14 14:23:48,512 INFO segv2.fetch: downloaded 57201-southeast_full.gpkg: 1901 MB in 171s (11.1 MB/s)
2026-09-14 14:23:55,860 INFO segv2.labels: KG 57201 cadastre: 1626 footprints, 3700 landuse polys, 1412 parcels
2026-09-14 14:23:56,697 INFO segv2.labels: KG 57201 osm: 50 road, 0 rail, 273 water lines, 69 water areas; invekos: 1329
2026-09-14 14:23:59,311 INFO object_segmentation: NDVI fusion: BEV mean=0.313, Cop mean=0.779, Fused mean=0.779, offset mean=0.464
2026-09-14 14:23:59,491 INFO tile_cache: tile_cache: forbid_remote=True (cache-only mode)
2026-09-14 14:23:59,531 INFO zenodo_cache: Fetching ZIP index from https://zenodo.org/api/records/19650075/draft/files/copernicus_harmonics_cell_47.0_48.0_12.0_14.0.zip/content
2026-09-14 14:24:06,751 INFO object_segmentation:   elevated layer: 1012372 px → 2892 segments
2026-09-14 14:24:11,586 INFO object_segmentation:   ground layer: 982098 px → 1504 segments
2026-09-14 14:24:17,369 INFO texture_features: Using pre-loaded grey image for texture (1500x1500)
2026-09-14 14:24:17,370 INFO texture_features: Computing per-segment GLCM texture at 0.50m (1500x1500)
2026-09-14 14:24:19,202 INFO texture_features: Computed texture for 3957 segments
2026-09-14 14:24:20,974 INFO segv2.build: KG 57201-southeast tile 0: 4396 segments, labelled 91%
2026-09-14 14:24:23,199 INFO object_segmentation: NDVI fusion: BEV mean=0.315, Cop mean=0.796, Fused mean=0.796, offset mean=0.479
2026-09-14 14:24:23,431 INFO tile_cache: tile_cache: forbid_remote=True (cache-only mode)
2026-09-14 14:24:23,473 INFO zenodo_cache: Fetching ZIP index from https://zenodo.org/api/records/19650075/draft/files/copernicus_harmonics_cell_47.0_48.0_12.0_14.0.zip/content
2026-09-14 14:24:29,585 INFO object_segmentation:   elevated layer: 1450034 px → 3303 segments
2026-09-14 14:24:35,369 INFO object_segmentation:   ground layer: 636652 px → 1446 segments
2026-09-14 14:24:41,350 INFO texture_features: Using pre-loaded grey image for texture (1500x1500)
2026-09-14 14:24:41,350 INFO texture_features: Computing per-segment GLCM texture at 0.50m (1500x1500)
2026-09-14 14:24:43,372 INFO texture_features: Computed texture for 4310 segments
2026-09-14 14:24:45,137 INFO segv2.build: KG 57201-southeast tile 1: 4749 segments, labelled 66%
2026-09-14 14:24:47,503 INFO object_segmentation: NDVI fusion: BEV mean=0.215, Cop mean=0.736, Fused mean=0.736, offset mean=0.519
2026-09-14 14:24:47,721 INFO tile_cache: tile_cache: forbid_remote=True (cache-only mode)
2026-09-14 14:24:47,761 INFO zenodo_cache: Fetching ZIP index from https://zenodo.org/api/records/19650075/draft/files/copernicus_harmonics_cell_47.0_48.0_12.0_14.0.zip/content
2026-09-14 14:24:53,303 INFO object_segmentation:   elevated layer: 300381 px → 3163 segments
2026-09-14 14:24:59,508 INFO object_segmentation:   ground layer: 1845419 px → 1834 segments
2026-09-14 14:25:05,091 INFO texture_features: Using pre-loaded grey image for texture (1500x1500)
2026-09-14 14:25:05,091 INFO texture_features: Computing per-segment GLCM texture at 0.50m (1500x1500)
2026-09-14 14:25:06,971 INFO texture_features: Computed texture for 3977 segments
2026-09-14 14:25:08,445 INFO segv2.build: KG 57201-southeast tile 2: 4997 segments, labelled 94%
2026-09-14 14:25:10,626 INFO object_segmentation: NDVI fusion: BEV mean=0.084, Cop mean=0.536, Fused mean=0.536, offset mean=0.474
2026-09-14 14:25:10,804 INFO tile_cache: tile_cache: forbid_remote=True (cache-only mode)
2026-09-14 14:25:10,844 INFO zenodo_cache: Fetching ZIP index from https://zenodo.org/api/records/19650075/draft/files/copernicus_harmonics_cell_47.0_48.0_12.0_14.0.zip/content
2026-09-14 14:25:36,804 INFO object_segmentation:   elevated layer: 23634 px → 334 segments
2026-09-14 14:25:58,798 INFO object_segmentation:   ground layer: 274648 px → 290 segments
2026-09-14 14:25:59,755 INFO texture_features: Using pre-loaded grey image for texture (1460x1500)
2026-09-14 14:25:59,755 INFO texture_features: Computing per-segment GLCM texture at 0.50m (1460x1500)
2026-09-14 14:25:59,986 INFO texture_features: Computed texture for 507 segments
2026-09-14 14:26:00,532 INFO segv2.build: KG 57201-southeast tile 3: 624 segments, labelled 56%
2026-09-14 14:26:02,802 INFO object_segmentation: NDVI fusion: BEV mean=0.349, Cop mean=0.770, Fused mean=0.770, offset mean=0.420
2026-09-14 14:26:03,030 INFO tile_cache: tile_cache: forbid_remote=True (cache-only mode)
2026-09-14 14:26:03,067 INFO zenodo_cache: Fetching ZIP index from https://zenodo.org/api/records/19650075/draft/files/copernicus_harmonics_cell_47.0_48.0_12.0_14.0.zip/content
2026-09-14 14:26:10,035 INFO object_segmentation:   elevated layer: 1153992 px → 3313 segments
2026-09-14 14:26:16,006 INFO object_segmentation:   ground layer: 1026520 px → 1763 segments
2026-09-14 14:26:22,145 INFO texture_features: Using pre-loaded grey image for texture (1500x1500)
2026-09-14 14:26:22,145 INFO texture_features: Computing per-segment GLCM texture at 0.50m (1500x1500)
2026-09-14 14:26:24,296 INFO texture_features: Computed texture for 4579 segments
2026-09-14 14:26:26,310 INFO segv2.build: KG 57201-southeast tile 4: 5076 segments, labelled 94%
2026-09-14 14:26:28,664 INFO object_segmentation: NDVI fusion: BEV mean=0.313, Cop mean=0.779, Fused mean=0.779, offset mean=0.467
2026-09-14 14:26:28,952 INFO tile_cache: tile_cache: forbid_remote=True (cache-only mode)
2026-09-14 14:26:28,995 INFO zenodo_cache: Fetching ZIP index from https://zenodo.org/api/records/19650075/draft/files/copernicus_harmonics_cell_47.0_48.0_12.0_14.0.zip/content
2026-09-14 14:26:34,729 INFO object_segmentation:   elevated layer: 1397425 px → 4658 segments
2026-09-14 14:26:39,777 INFO object_segmentation:   ground layer: 852573 px → 2700 segments
2026-09-14 14:26:47,242 INFO texture_features: Using pre-loaded grey image for texture (1500x1500)
2026-09-14 14:26:47,242 INFO texture_features: Computing per-segment GLCM texture at 0.50m (1500x1500)
2026-09-14 14:26:50,170 INFO texture_features: Computed texture for 6714 segments
2026-09-14 14:26:52,242 INFO segv2.build: KG 57201-southeast tile 5: 7358 segments, labelled 74%
2026-09-14 14:26:54,551 INFO object_segmentation: NDVI fusion: BEV mean=0.187, Cop mean=0.678, Fused mean=0.678, offset mean=0.491
2026-09-14 14:26:54,805 INFO tile_cache: tile_cache: forbid_remote=True (cache-only mode)
2026-09-14 14:26:54,843 INFO zenodo_cache: Fetching ZIP index from https://zenodo.org/api/records/19650075/draft/files/copernicus_harmonics_cell_47.0_48.0_12.0_14.0.zip/content
2026-09-14 14:27:01,091 INFO object_segmentation:   elevated layer: 203171 px → 2113 segments
2026-09-14 14:27:07,159 INFO object_segmentation:   ground layer: 1726345 px → 1511 segments
2026-09-14 14:27:12,104 INFO texture_features: Using pre-loaded grey image for texture (1500x1500)
2026-09-14 14:27:12,104 INFO texture_features: Computing per-segment GLCM texture at 0.50m (1500x1500)
2026-09-14 14:27:13,575 INFO texture_features: Computed texture for 2925 segments
2026-09-14 14:27:15,153 INFO segv2.build: KG 57201-southeast tile 6: 3624 segments, labelled 91%
2026-09-14 14:27:17,333 INFO object_segmentation: NDVI fusion: BEV mean=0.127, Cop mean=0.598, Fused mean=0.597, offset mean=0.486
2026-09-14 14:27:17,555 INFO tile_cache: tile_cache: forbid_remote=True (cache-only mode)
2026-09-14 14:27:17,592 INFO zenodo_cache: Fetching ZIP index from https://zenodo.org/api/records/19650075/draft/files/copernicus_harmonics_cell_47.0_48.0_12.0_14.0.zip/content
2026-09-14 14:27:32,252 INFO object_segmentation:   elevated layer: 2383 px → 42 segments
2026-09-14 14:27:51,650 INFO object_segmentation:   ground layer: 123891 px → 94 segments
2026-09-14 14:27:52,106 INFO texture_features: Using pre-loaded grey image for texture (1460x1500)
2026-09-14 14:27:52,106 INFO texture_features: Computing per-segment GLCM texture at 0.50m (1460x1500)
2026-09-14 14:27:52,171 INFO texture_features: Computed texture for 118 segments
2026-09-14 14:27:52,705 INFO segv2.build: KG 57201-southeast tile 7: 136 segments, labelled 53%
2026-09-14 14:27:54,963 INFO object_segmentation: NDVI fusion: BEV mean=0.317, Cop mean=0.695, Fused mean=0.694, offset mean=0.376
2026-09-14 14:27:55,197 INFO tile_cache: tile_cache: forbid_remote=True (cache-only mode)
2026-09-14 14:27:55,235 INFO zenodo_cache: Fetching ZIP index from https://zenodo.org/api/records/19650075/draft/files/copernicus_harmonics_cell_47.0_48.0_12.0_14.0.zip/content
2026-09-14 14:28:01,302 INFO object_segmentation:   elevated layer: 1167856 px → 3509 segments
2026-09-14 14:28:06,445 INFO object_segmentation:   ground layer: 924875 px → 2006 segments
2026-09-14 14:28:12,977 INFO texture_features: Using pre-loaded grey image for texture (1500x1500)
2026-09-14 14:28:12,977 INFO texture_features: Computing per-segment GLCM texture at 0.50m (1500x1500)
2026-09-14 14:28:15,257 INFO texture_features: Computed texture for 4993 segments
2026-09-14 14:28:17,382 INFO segv2.build: KG 57201-southeast tile 8: 5515 segments, labelled 98%
2026-09-14 14:28:19,701 INFO object_segmentation: NDVI fusion: BEV mean=0.272, Cop mean=0.742, Fused mean=0.742, offset mean=0.470
2026-09-14 14:28:19,958 INFO tile_cache: tile_cache: forbid_remote=True (cache-only mode)
2026-09-14 14:28:20,010 INFO zenodo_cache: Fetching ZIP index from https://zenodo.org/api/records/19650075/draft/files/copernicus_harmonics_cell_47.0_48.0_12.0_14.0.zip/content
2026-09-14 14:28:26,554 INFO object_segmentation:   elevated layer: 651642 px → 3077 segments
2026-09-14 14:28:31,707 INFO object_segmentation:   ground layer: 1598355 px → 2249 segments
2026-09-14 14:28:37,827 INFO texture_features: Using pre-loaded grey image for texture (1500x1500)
2026-09-14 14:28:37,827 INFO texture_features: Computing per-segment GLCM texture at 0.50m (1500x1500)
2026-09-14 14:28:39,942 INFO texture_features: Computed texture for 4667 segments
2026-09-14 14:28:41,786 INFO segv2.build: KG 57201-southeast tile 9: 5326 segments, labelled 95%
2026-09-14 14:28:44,079 INFO object_segmentation: NDVI fusion: BEV mean=0.173, Cop mean=0.648, Fused mean=0.648, offset mean=0.476
2026-09-14 14:28:44,330 INFO tile_cache: tile_cache: forbid_remote=True (cache-only mode)
2026-09-14 14:28:44,368 INFO zenodo_cache: Fetching ZIP index from https://zenodo.org/api/records/19650075/draft/files/copernicus_harmonics_cell_47.0_48.0_12.0_14.0.zip/content
2026-09-14 14:28:50,723 INFO object_segmentation:   elevated layer: 158523 px → 1380 segments
2026-09-14 14:28:56,477 INFO object_segmentation:   ground layer: 916207 px → 1068 segments
2026-09-14 14:28:59,894 INFO texture_features: Using pre-loaded grey image for texture (1500x1500)
2026-09-14 14:28:59,894 INFO texture_features: Computing per-segment GLCM texture at 0.50m (1500x1500)
2026-09-14 14:29:00,838 INFO texture_features: Computed texture for 1990 segments
2026-09-14 14:29:02,076 INFO segv2.build: KG 57201-southeast tile 10: 2448 segments, labelled 76%
2026-09-14 14:29:04,221 INFO object_segmentation: NDVI fusion: BEV mean=0.067, Cop mean=0.433, Fused mean=0.435, offset mean=0.383
2026-09-14 14:29:04,428 INFO tile_cache: tile_cache: forbid_remote=True (cache-only mode)
2026-09-14 14:29:04,467 INFO zenodo_cache: Fetching ZIP index from https://zenodo.org/api/records/19650075/draft/files/copernicus_harmonics_cell_47.0_48.0_12.0_14.0.zip/content
2026-09-14 14:29:20,932 INFO object_segmentation:   elevated layer: 24088 px → 371 segments
2026-09-14 14:29:26,982 INFO object_segmentation:   ground layer: 1904691 px → 1108 segments
2026-09-14 14:29:30,819 INFO texture_features: Using pre-loaded grey image for texture (1500x1443)
2026-09-14 14:29:30,819 INFO texture_features: Computing per-segment GLCM texture at 0.50m (1500x1443)
2026-09-14 14:29:31,501 INFO texture_features: Computed texture for 1380 segments
2026-09-14 14:29:32,843 INFO segv2.build: KG 57201-southeast tile 12: 1479 segments, labelled 99%
2026-09-14 14:29:35,097 INFO object_segmentation: NDVI fusion: BEV mean=0.023, Cop mean=0.347, Fused mean=0.347, offset mean=0.357
2026-09-14 14:29:35,328 INFO tile_cache: tile_cache: forbid_remote=True (cache-only mode)
2026-09-14 14:29:35,362 INFO zenodo_cache: Fetching ZIP index from https://zenodo.org/api/records/19650075/draft/files/copernicus_harmonics_cell_47.0_48.0_12.0_14.0.zip/content
2026-09-14 14:29:47,932 INFO object_segmentation:   elevated layer: 43354 px → 463 segments
2026-09-14 14:29:54,558 INFO object_segmentation:   ground layer: 1514382 px → 1088 segments
2026-09-14 14:29:57,812 INFO texture_features: Using pre-loaded grey image for texture (1500x1443)
2026-09-14 14:29:57,813 INFO texture_features: Computing per-segment GLCM texture at 0.50m (1500x1443)
2026-09-14 14:29:58,524 INFO texture_features: Computed texture for 1379 segments
2026-09-14 14:29:59,672 INFO segv2.build: KG 57201-southeast tile 13: 1551 segments, labelled 82%
2026-09-14 14:29:59,955 INFO segv2.build: KG 57201-southeast done: 47279 segs, 40760 labelled (26074 good) in 545s
2026-09-14 14:30:00,699 WARNING segv2.fetch: range 4 attempt 0 failed: HTTP 404
2026-09-14 14:30:00,723 WARNING segv2.fetch: range 7 attempt 0 failed: HTTP 404
2026-09-14 14:30:00,747 WARNING segv2.fetch: range 6 attempt 0 failed: HTTP 404
2026-09-14 14:30:00,759 WARNING segv2.fetch: range 1 attempt 0 failed: HTTP 404
2026-09-14 14:30:00,761 WARNING segv2.fetch: range 5 attempt 0 failed: HTTP 404
2026-09-14 14:30:00,774 WARNING segv2.fetch: range 3 attempt 0 failed: HTTP 404
2026-09-14 14:30:00,804 WARNING segv2.fetch: range 2 attempt 0 failed: HTTP 404
2026-09-14 14:30:00,842 WARNING segv2.fetch: range 0 attempt 0 failed: HTTP 404
2026-09-14 14:30:06,307 WARNING segv2.fetch: range 1 attempt 1 failed: HTTP 404
2026-09-14 14:30:06,354 WARNING segv2.fetch: range 5 attempt 1 failed: HTTP 404
2026-09-14 14:30:06,387 WARNING segv2.fetch: range 7 attempt 1 failed: HTTP 404
2026-09-14 14:30:06,393 WARNING segv2.fetch: range 0 attempt 1 failed: HTTP 404
2026-09-14 14:30:06,396 WARNING segv2.fetch: range 3 attempt 1 failed: HTTP 404
2026-09-14 14:30:06,429 WARNING segv2.fetch: range 6 attempt 1 failed: HTTP 404
2026-09-14 14:30:06,447 WARNING segv2.fetch: range 2 attempt 1 failed: HTTP 404
2026-09-14 14:30:06,595 WARNING segv2.fetch: range 4 attempt 1 failed: HTTP 404
2026-09-14 14:30:16,856 WARNING segv2.fetch: range 1 attempt 2 failed: HTTP 404
2026-09-14 14:30:16,943 WARNING segv2.fetch: range 5 attempt 2 failed: HTTP 404
2026-09-14 14:30:16,968 WARNING segv2.fetch: range 3 attempt 2 failed: HTTP 404
2026-09-14 14:30:16,971 WARNING segv2.fetch: range 7 attempt 2 failed: HTTP 404
2026-09-14 14:30:16,978 WARNING segv2.fetch: range 0 attempt 2 failed: HTTP 404
2026-09-14 14:30:17,008 WARNING segv2.fetch: range 2 attempt 2 failed: HTTP 404
2026-09-14 14:30:17,105 WARNING segv2.fetch: range 6 attempt 2 failed: HTTP 404
2026-09-14 14:30:17,294 WARNING segv2.fetch: range 4 attempt 2 failed: HTTP 404
2026-09-14 14:30:37,501 WARNING segv2.fetch: range 1 attempt 3 failed: HTTP 404
2026-09-14 14:30:37,563 WARNING segv2.fetch: range 5 attempt 3 failed: HTTP 404
2026-09-14 14:30:37,621 WARNING segv2.fetch: range 7 attempt 3 failed: HTTP 404
2026-09-14 14:30:37,625 WARNING segv2.fetch: range 0 attempt 3 failed: HTTP 404
2026-09-14 14:30:37,873 WARNING segv2.fetch: range 3 attempt 3 failed: HTTP 404
2026-09-14 14:30:37,914 WARNING segv2.fetch: range 6 attempt 3 failed: HTTP 404
2026-09-14 14:30:38,007 WARNING segv2.fetch: range 2 attempt 3 failed: HTTP 404
2026-09-14 14:30:38,186 WARNING segv2.fetch: range 4 attempt 3 failed: HTTP 404
2026-09-14 14:31:18,120 WARNING segv2.fetch: range 5 attempt 4 failed: HTTP 404
2026-09-14 14:31:18,275 WARNING segv2.fetch: range 7 attempt 4 failed: HTTP 404
2026-09-14 14:31:18,475 WARNING segv2.fetch: range 6 attempt 4 failed: HTTP 404
2026-09-14 14:31:18,869 WARNING segv2.fetch: range 0 attempt 4 failed: HTTP 404
2026-09-14 14:31:19,003 WARNING segv2.fetch: range 2 attempt 4 failed: HTTP 404
2026-09-14 14:31:20,247 WARNING segv2.fetch: range 1 attempt 4 failed: HTTP 404
2026-09-14 14:31:20,453 WARNING segv2.fetch: range 3 attempt 4 failed: HTTP 404
2026-09-14 14:31:20,565 WARNING segv2.fetch: range 4 attempt 4 failed: HTTP 404
2026-09-14 14:32:38,671 WARNING segv2.fetch: range 5 attempt 5 failed: HTTP 404
2026-09-14 14:32:38,836 WARNING segv2.fetch: range 7 attempt 5 failed: HTTP 404
2026-09-14 14:32:39,052 WARNING segv2.fetch: range 6 attempt 5 failed: HTTP 404
2026-09-14 14:32:39,449 WARNING segv2.fetch: range 0 attempt 5 failed: HTTP 404
2026-09-14 14:32:39,549 WARNING segv2.fetch: range 2 attempt 5 failed: HTTP 404
2026-09-14 14:32:40,800 WARNING segv2.fetch: range 1 attempt 5 failed: HTTP 404
2026-09-14 14:32:41,080 WARNING segv2.fetch: range 3 attempt 5 failed: HTTP 404
2026-09-14 14:32:41,142 WARNING segv2.fetch: range 4 attempt 5 failed: HTTP 404
2026-09-14 14:35:19,223 WARNING segv2.fetch: range 5 attempt 6 failed: HTTP 404
2026-09-14 14:35:19,398 WARNING segv2.fetch: range 7 attempt 6 failed: HTTP 404
2026-09-14 14:35:19,591 WARNING segv2.fetch: range 6 attempt 6 failed: HTTP 404
2026-09-14 14:35:20,195 WARNING segv2.fetch: range 0 attempt 6 failed: HTTP 404
2026-09-14 14:35:20,211 WARNING segv2.fetch: range 2 attempt 6 failed: HTTP 404
2026-09-14 14:35:21,387 WARNING segv2.fetch: range 1 attempt 6 failed: HTTP 404
2026-09-14 14:35:21,649 WARNING segv2.fetch: range 3 attempt 6 failed: HTTP 404
2026-09-14 14:35:21,704 WARNING segv2.fetch: range 4 attempt 6 failed: HTTP 404
2026-09-14 14:40:19,799 WARNING segv2.fetch: range 5 attempt 7 failed: HTTP 404
2026-09-14 14:40:19,953 WARNING segv2.fetch: range 7 attempt 7 failed: HTTP 404
2026-09-14 14:40:20,220 WARNING segv2.fetch: range 6 attempt 7 failed: HTTP 404
2026-09-14 14:40:20,765 WARNING segv2.fetch: range 0 attempt 7 failed: HTTP 404
2026-09-14 14:40:20,814 WARNING segv2.fetch: range 2 attempt 7 failed: HTTP 404
2026-09-14 14:40:21,967 WARNING segv2.fetch: range 1 attempt 7 failed: HTTP 404
2026-09-14 14:40:22,264 WARNING segv2.fetch: range 3 attempt 7 failed: HTTP 404
2026-09-14 14:40:22,303 WARNING segv2.fetch: range 4 attempt 7 failed: HTTP 404
2026-09-14 14:45:20,361 WARNING segv2.fetch: range 5 attempt 8 failed: HTTP 404
2026-09-14 14:45:20,856 WARNING segv2.fetch: range 6 attempt 8 failed: HTTP 404
2026-09-14 14:45:20,922 WARNING segv2.fetch: range 7 attempt 8 failed: HTTP 404
2026-09-14 14:45:21,399 WARNING segv2.fetch: range 2 attempt 8 failed: HTTP 404
2026-09-14 14:45:21,496 WARNING segv2.fetch: range 0 attempt 8 failed: HTTP 404
2026-09-14 14:45:22,598 WARNING segv2.fetch: range 1 attempt 8 failed: HTTP 404
2026-09-14 14:45:22,869 WARNING segv2.fetch: range 4 attempt 8 failed: HTTP 404
2026-09-14 14:45:22,874 WARNING segv2.fetch: range 3 attempt 8 failed: HTTP 404
2026-09-14 14:50:20,942 WARNING segv2.fetch: range 5 attempt 9 failed: HTTP 404
2026-09-14 14:50:21,420 WARNING segv2.fetch: range 6 attempt 9 failed: HTTP 404
2026-09-14 14:50:21,474 WARNING segv2.fetch: range 7 attempt 9 failed: HTTP 404
2026-09-14 14:50:21,972 WARNING segv2.fetch: range 2 attempt 9 failed: HTTP 404
2026-09-14 14:50:22,036 WARNING segv2.fetch: range 0 attempt 9 failed: HTTP 404
2026-09-14 14:50:23,184 WARNING segv2.fetch: range 1 attempt 9 failed: HTTP 404
2026-09-14 14:50:23,423 WARNING segv2.fetch: range 4 attempt 9 failed: HTTP 404
2026-09-14 14:50:23,434 WARNING segv2.fetch: range 3 attempt 9 failed: HTTP 404
2026-09-14 14:55:21,583 WARNING segv2.fetch: range 5 attempt 10 failed: HTTP 404
2026-09-14 14:55:21,997 WARNING segv2.fetch: range 6 attempt 10 failed: HTTP 404
2026-09-14 14:55:22,030 WARNING segv2.fetch: range 7 attempt 10 failed: HTTP 404
2026-09-14 14:55:22,605 WARNING segv2.fetch: range 2 attempt 10 failed: HTTP 404
2026-09-14 14:55:22,633 WARNING segv2.fetch: range 0 attempt 10 failed: HTTP 404
2026-09-14 14:55:23,762 WARNING segv2.fetch: range 1 attempt 10 failed: HTTP 404
2026-09-14 14:55:23,973 WARNING segv2.fetch: range 4 attempt 10 failed: HTTP 404
2026-09-14 14:55:23,982 WARNING segv2.fetch: range 3 attempt 10 failed: HTTP 404
2026-09-14 15:00:22,264 WARNING segv2.fetch: range 5 attempt 11 failed: HTTP 404
2026-09-14 15:00:22,610 WARNING segv2.fetch: range 6 attempt 11 failed: HTTP 404
2026-09-14 15:00:22,644 WARNING segv2.fetch: range 7 attempt 11 failed: HTTP 404
2026-09-14 15:00:23,286 WARNING segv2.fetch: range 0 attempt 11 failed: HTTP 404
2026-09-14 15:00:23,341 WARNING segv2.fetch: range 2 attempt 11 failed: HTTP 404
2026-09-14 15:00:24,407 WARNING segv2.fetch: range 1 attempt 11 failed: HTTP 404
2026-09-14 15:00:24,542 WARNING segv2.fetch: range 3 attempt 11 failed: HTTP 404
2026-09-14 15:00:24,748 WARNING segv2.fetch: range 4 attempt 11 failed: HTTP 404
2026-09-14 15:08:24,689 INFO segv2.fetch: downloaded 57004-west_full.gpkg: 1587 MB in 177s (8.9 MB/s)
2026-09-14 15:08:31,225 INFO segv2.labels: KG 57004 cadastre: 5136 footprints, 9047 landuse polys, 831 parcels
2026-09-14 15:08:31,965 INFO segv2.labels: KG 57004 osm: 98 road, 0 rail, 198 water lines, 13 water areas; invekos: 596
2026-09-14 15:08:34,544 INFO object_segmentation: NDVI fusion: BEV mean=0.124, Cop mean=0.730, Fused mean=0.730, offset mean=0.604
2026-09-14 15:08:34,726 INFO tile_cache: tile_cache: forbid_remote=True (cache-only mode)
2026-09-14 15:08:34,767 INFO zenodo_cache: Cache manifest reloaded (depo_id=19650075, 2627 files)
2026-09-14 15:08:34,767 INFO zenodo_cache: Fetching ZIP index from https://zenodo.org/api/records/19650075/draft/files/copernicus_harmonics_cell_47.0_48.0_12.0_14.0.zip/content
2026-09-14 15:08:44,105 INFO object_segmentation:   elevated layer: 294457 px → 2994 segments
2026-09-14 15:08:49,731 INFO object_segmentation:   ground layer: 1391098 px → 1890 segments
/home/exedev/.local/lib/python3.12/site-packages/numpy/lib/_nanfunctions_impl.py:1997: RuntimeWarning: Degrees of freedom <= 0 for slice.
  var = nanvar(a, axis=axis, dtype=dtype, out=out, ddof=ddof,
2026-09-14 15:08:55,040 INFO texture_features: Using pre-loaded grey image for texture (1500x1500)
2026-09-14 15:08:55,041 INFO texture_features: Computing per-segment GLCM texture at 0.50m (1500x1500)
2026-09-14 15:08:56,819 INFO texture_features: Computed texture for 4083 segments
2026-09-14 15:08:58,252 INFO segv2.build: KG 57004-west tile 0: 4884 segments, labelled 93%
2026-09-14 15:09:00,656 INFO object_segmentation: NDVI fusion: BEV mean=0.259, Cop mean=0.773, Fused mean=0.776, offset mean=0.520
2026-09-14 15:09:00,889 INFO tile_cache: tile_cache: forbid_remote=True (cache-only mode)
2026-09-14 15:09:00,927 INFO zenodo_cache: Fetching ZIP index from https://zenodo.org/api/records/19650075/draft/files/copernicus_harmonics_cell_47.0_48.0_12.0_14.0.zip/content
2026-09-14 15:09:07,146 INFO object_segmentation:   elevated layer: 1375805 px → 4374 segments
2026-09-14 15:09:12,980 INFO object_segmentation:   ground layer: 810968 px → 2025 segments
/home/exedev/.local/lib/python3.12/site-packages/numpy/lib/_nanfunctions_impl.py:1997: RuntimeWarning: Degrees of freedom <= 0 for slice.
  var = nanvar(a, axis=axis, dtype=dtype, out=out, ddof=ddof,
2026-09-14 15:09:20,170 INFO texture_features: Using pre-loaded grey image for texture (1500x1500)
2026-09-14 15:09:20,170 INFO texture_features: Computing per-segment GLCM texture at 0.50m (1500x1500)
2026-09-14 15:09:22,718 INFO texture_features: Computed texture for 5746 segments
2026-09-14 15:09:24,662 INFO segv2.build: KG 57004-west tile 1: 6399 segments, labelled 83%
2026-09-14 15:09:27,013 INFO object_segmentation: NDVI fusion: BEV mean=0.285, Cop mean=0.813, Fused mean=0.812, offset mean=0.526
2026-09-14 15:09:27,249 INFO tile_cache: tile_cache: forbid_remote=True (cache-only mode)
2026-09-14 15:09:27,289 INFO zenodo_cache: Fetching ZIP index from https://zenodo.org/api/records/19650075/draft/files/copernicus_harmonics_cell_47.0_48.0_12.0_14.0.zip/content
2026-09-14 15:09:33,705 INFO object_segmentation:   elevated layer: 1242703 px → 3724 segments
2026-09-14 15:09:39,699 INFO object_segmentation:   ground layer: 810969 px → 1773 segments
/home/exedev/.local/lib/python3.12/site-packages/numpy/lib/_nanfunctions_impl.py:1997: RuntimeWarning: Degrees of freedom <= 0 for slice.
  var = nanvar(a, axis=axis, dtype=dtype, out=out, ddof=ddof,
2026-09-14 15:09:46,469 INFO texture_features: Using pre-loaded grey image for texture (1500x1500)
2026-09-14 15:09:46,469 INFO texture_features: Computing per-segment GLCM texture at 0.50m (1500x1500)
2026-09-14 15:09:48,658 INFO texture_features: Computed texture for 4952 segments
2026-09-14 15:09:50,381 INFO segv2.build: KG 57004-west tile 2: 5497 segments, labelled 70%
2026-09-14 15:09:52,725 INFO object_segmentation: NDVI fusion: BEV mean=0.168, Cop mean=0.804, Fused mean=0.803, offset mean=0.634
2026-09-14 15:09:52,935 INFO tile_cache: tile_cache: forbid_remote=True (cache-only mode)
2026-09-14 15:09:52,974 INFO zenodo_cache: Fetching ZIP index from https://zenodo.org/api/records/19650075/draft/files/copernicus_harmonics_cell_47.0_48.0_12.0_14.0.zip/content
2026-09-14 15:09:59,121 INFO object_segmentation:   elevated layer: 777961 px → 4624 segments
2026-09-14 15:10:04,996 INFO object_segmentation:   ground layer: 1410011 px → 2934 segments
/home/exedev/.local/lib/python3.12/site-packages/numpy/lib/_nanfunctions_impl.py:1997: RuntimeWarning: Degrees of freedom <= 0 for slice.
  var = nanvar(a, axis=axis, dtype=dtype, out=out, ddof=ddof,
2026-09-14 15:10:12,603 INFO texture_features: Using pre-loaded grey image for texture (1500x1500)
2026-09-14 15:10:12,603 INFO texture_features: Computing per-segment GLCM texture at 0.50m (1500x1500)
2026-09-14 15:10:15,388 INFO texture_features: Computed texture for 6521 segments
2026-09-14 15:10:17,362 INFO segv2.build: KG 57004-west tile 4: 7558 segments, labelled 89%
2026-09-14 15:10:19,771 INFO object_segmentation: NDVI fusion: BEV mean=0.193, Cop mean=0.813, Fused mean=0.813, offset mean=0.619
2026-09-14 15:10:20,021 INFO tile_cache: tile_cache: forbid_remote=True (cache-only mode)
2026-09-14 15:10:20,058 INFO zenodo_cache: Fetching ZIP index from https://zenodo.org/api/records/19650075/draft/files/copernicus_harmonics_cell_47.0_48.0_12.0_14.0.zip/content
2026-09-14 15:10:26,488 INFO object_segmentation:   elevated layer: 1432968 px → 3935 segments
2026-09-14 15:10:31,545 INFO object_segmentation:   ground layer: 731292 px → 1488 segments
2026-09-14 15:10:38,696 INFO texture_features: Using pre-loaded grey image for texture (1500x1500)
2026-09-14 15:10:38,696 INFO texture_features: Computing per-segment GLCM texture at 0.50m (1500x1500)
2026-09-14 15:10:40,936 INFO texture_features: Computed texture for 4994 segments
2026-09-14 15:10:42,746 INFO segv2.build: KG 57004-west tile 5: 5423 segments, labelled 66%
2026-09-14 15:10:45,134 INFO object_segmentation: NDVI fusion: BEV mean=0.110, Cop mean=0.803, Fused mean=0.802, offset mean=0.691
2026-09-14 15:10:45,378 INFO tile_cache: tile_cache: forbid_remote=True (cache-only mode)
2026-09-14 15:10:45,419 INFO zenodo_cache: Fetching ZIP index from https://zenodo.org/api/records/19650075/draft/files/copernicus_harmonics_cell_47.0_48.0_12.0_14.0.zip/content
2026-09-14 15:10:51,849 INFO object_segmentation:   elevated layer: 1249194 px → 3950 segments
2026-09-14 15:10:56,966 INFO object_segmentation:   ground layer: 894103 px → 1878 segments
/home/exedev/.local/lib/python3.12/site-packages/numpy/lib/_nanfunctions_impl.py:1997: RuntimeWarning: Degrees of freedom <= 0 for slice.
  var = nanvar(a, axis=axis, dtype=dtype, out=out, ddof=ddof,
2026-09-14 15:11:04,117 INFO texture_features: Using pre-loaded grey image for texture (1500x1500)
2026-09-14 15:11:04,118 INFO texture_features: Computing per-segment GLCM texture at 0.50m (1500x1500)
2026-09-14 15:11:06,458 INFO texture_features: Computed texture for 5145 segments
2026-09-14 15:11:08,315 INFO segv2.build: KG 57004-west tile 6: 5828 segments, labelled 46%
2026-09-14 15:11:10,612 INFO object_segmentation: NDVI fusion: BEV mean=-0.034, Cop mean=0.738, Fused mean=0.051, offset mean=1.324
2026-09-14 15:11:10,833 INFO tile_cache: tile_cache: forbid_remote=True (cache-only mode)
2026-09-14 15:11:10,873 INFO zenodo_cache: Fetching ZIP index from https://zenodo.org/api/records/19650075/draft/files/copernicus_harmonics_cell_47.0_48.0_12.0_14.0.zip/content
2026-09-14 15:11:17,126 INFO object_segmentation:   elevated layer: 683805 px → 4494 segments
2026-09-14 15:11:22,322 INFO object_segmentation:   ground layer: 1430188 px → 2313 segments
/home/exedev/.local/lib/python3.12/site-packages/numpy/lib/_nanfunctions_impl.py:1997: RuntimeWarning: Degrees of freedom <= 0 for slice.
  var = nanvar(a, axis=axis, dtype=dtype, out=out, ddof=ddof,
2026-09-14 15:11:28,707 INFO texture_features: Using pre-loaded grey image for texture (1500x1500)
2026-09-14 15:11:28,707 INFO texture_features: Computing per-segment GLCM texture at 0.50m (1500x1500)
2026-09-14 15:11:30,964 INFO texture_features: Computed texture for 5162 segments
2026-09-14 15:11:32,748 INFO segv2.build: KG 57004-west tile 8: 6807 segments, labelled 92%
2026-09-14 15:11:35,156 INFO object_segmentation: NDVI fusion: BEV mean=-0.047, Cop mean=0.791, Fused mean=0.054, offset mean=1.650
2026-09-14 15:11:35,451 INFO tile_cache: tile_cache: forbid_remote=True (cache-only mode)
2026-09-14 15:11:35,485 INFO zenodo_cache: Fetching ZIP index from https://zenodo.org/api/records/19650075/draft/files/copernicus_harmonics_cell_47.0_48.0_12.0_14.0.zip/content
2026-09-14 15:11:41,086 INFO object_segmentation:   elevated layer: 1180510 px → 3398 segments
2026-09-14 15:11:47,275 INFO object_segmentation:   ground layer: 822630 px → 1331 segments
2026-09-14 15:11:52,963 INFO texture_features: Using pre-loaded grey image for texture (1500x1500)
2026-09-14 15:11:52,963 INFO texture_features: Computing per-segment GLCM texture at 0.50m (1500x1500)
2026-09-14 15:11:54,891 INFO texture_features: Computed texture for 4237 segments
2026-09-14 15:11:56,767 INFO segv2.build: KG 57004-west tile 9: 4729 segments, labelled 83%
2026-09-14 15:11:59,080 INFO object_segmentation: NDVI fusion: BEV mean=-0.048, Cop mean=0.782, Fused mean=0.054, offset mean=1.675
2026-09-14 15:11:59,317 INFO tile_cache: tile_cache: forbid_remote=True (cache-only mode)
2026-09-14 15:11:59,361 INFO zenodo_cache: Fetching ZIP index from https://zenodo.org/api/records/19650075/draft/files/copernicus_harmonics_cell_47.0_48.0_12.0_14.0.zip/content
2026-09-14 15:12:05,129 INFO object_segmentation:   elevated layer: 879825 px → 3706 segments
2026-09-14 15:12:10,688 INFO object_segmentation:   ground layer: 1331708 px → 1765 segments
/home/exedev/.local/lib/python3.12/site-packages/numpy/lib/_nanfunctions_impl.py:1997: RuntimeWarning: Degrees of freedom <= 0 for slice.
  var = nanvar(a, axis=axis, dtype=dtype, out=out, ddof=ddof,
2026-09-14 15:12:16,952 INFO texture_features: Using pre-loaded grey image for texture (1500x1500)
2026-09-14 15:12:16,952 INFO texture_features: Computing per-segment GLCM texture at 0.50m (1500x1500)
2026-09-14 15:12:19,119 INFO texture_features: Computed texture for 4380 segments
2026-09-14 15:12:20,941 INFO segv2.build: KG 57004-west tile 10: 5471 segments, labelled 94%
2026-09-14 15:12:21,131 INFO object_segmentation: NDVI fusion: BEV mean=0.000, Cop mean=0.762, Fused mean=0.000, offset mean=0.000
2026-09-14 15:12:21,171 INFO tile_cache: tile_cache: forbid_remote=True (cache-only mode)
2026-09-14 15:12:21,211 INFO zenodo_cache: Fetching ZIP index from https://zenodo.org/api/records/19650075/draft/files/copernicus_harmonics_cell_47.0_48.0_12.0_14.0.zip/content
2026-09-14 15:12:21,586 INFO object_segmentation:   elevated layer: 1880 px → 18 segments
2026-09-14 15:12:21,615 INFO object_segmentation:   ground layer: 2590 px → 10 segments
/home/exedev/.local/lib/python3.12/site-packages/numpy/lib/_nanfunctions_impl.py:1997: RuntimeWarning: Degrees of freedom <= 0 for slice.
  var = nanvar(a, axis=axis, dtype=dtype, out=out, ddof=ddof,
2026-09-14 15:12:21,859 INFO texture_features: Using pre-loaded grey image for texture (16x1500)
2026-09-14 15:12:21,859 INFO texture_features: Computing per-segment GLCM texture at 0.50m (16x1500)
2026-09-14 15:12:21,869 INFO texture_features: Computed texture for 22 segments
2026-09-14 15:12:21,880 ERROR segv2.build: KG 57004-west failed
Traceback (most recent call last):
  File "/home/exedev/srtm-lidar/segv2/build_dataset.py", line 148, in build_kg
    assert rgb_sat >= 0.5, \
           ^^^^^^^^^^^^^^
AssertionError: NIR is a constant alpha plane (rgb_sat=0.00) — writer contract violated
2026-09-14 15:15:32,584 INFO segv2.fetch: downloaded 55130-south_full.gpkg: 1921 MB in 187s (10.3 MB/s)
2026-09-14 15:15:41,711 INFO segv2.labels: KG 55130 cadastre: 542 footprints, 1668 landuse polys, 500 parcels
2026-09-14 15:15:42,130 INFO segv2.labels: KG 55130 osm: 0 road, 0 rail, 236 water lines, 44 water areas; invekos: 351
2026-09-14 15:15:44,688 INFO object_segmentation: NDVI fusion: BEV mean=0.199, Cop mean=0.739, Fused mean=0.739, offset mean=0.538
2026-09-14 15:15:44,879 INFO tile_cache: tile_cache: forbid_remote=True (cache-only mode)
2026-09-14 15:15:44,918 INFO zenodo_cache: Fetching ZIP index from https://zenodo.org/api/records/19650075/draft/files/copernicus_harmonics_cell_47.0_48.0_12.0_14.0.zip/content
2026-09-14 15:15:51,015 INFO object_segmentation:   elevated layer: 945125 px → 3553 segments
2026-09-14 15:15:55,618 INFO object_segmentation:   ground layer: 929875 px → 1895 segments
2026-09-14 15:16:01,708 INFO texture_features: Using pre-loaded grey image for texture (1500x1500)
2026-09-14 15:16:01,708 INFO texture_features: Computing per-segment GLCM texture at 0.50m (1500x1500)
2026-09-14 15:16:04,028 INFO texture_features: Computed texture for 4884 segments
2026-09-14 15:16:05,849 INFO segv2.build: KG 55130-south tile 0: 5448 segments, labelled 87%
2026-09-14 15:16:08,344 INFO object_segmentation: NDVI fusion: BEV mean=0.209, Cop mean=0.767, Fused mean=0.765, offset mean=0.554
2026-09-14 15:16:08,623 INFO tile_cache: tile_cache: forbid_remote=True (cache-only mode)
2026-09-14 15:16:08,666 INFO zenodo_cache: Fetching ZIP index from https://zenodo.org/api/records/19650075/draft/files/copernicus_harmonics_cell_47.0_48.0_12.0_14.0.zip/content
2026-09-14 15:16:15,961 INFO object_segmentation:   elevated layer: 1747426 px → 3669 segments
2026-09-14 15:16:21,486 INFO object_segmentation:   ground layer: 227866 px → 1235 segments
2026-09-14 15:16:27,119 INFO texture_features: Using pre-loaded grey image for texture (1500x1500)
2026-09-14 15:16:27,119 INFO texture_features: Computing per-segment GLCM texture at 0.50m (1500x1500)
2026-09-14 15:16:29,211 INFO texture_features: Computed texture for 4498 segments
2026-09-14 15:16:30,820 INFO segv2.build: KG 55130-south tile 1: 4904 segments, labelled 68%
2026-09-14 15:16:33,059 INFO object_segmentation: NDVI fusion: BEV mean=0.194, Cop mean=0.713, Fused mean=0.712, offset mean=0.517
2026-09-14 15:16:33,271 INFO tile_cache: tile_cache: forbid_remote=True (cache-only mode)
2026-09-14 15:16:33,309 INFO zenodo_cache: Fetching ZIP index from https://zenodo.org/api/records/19650075/draft/files/copernicus_harmonics_cell_47.0_48.0_12.0_14.0.zip/content
2026-09-14 15:16:39,608 INFO object_segmentation:   elevated layer: 1386181 px → 3695 segments
2026-09-14 15:16:44,757 INFO object_segmentation:   ground layer: 689584 px → 1482 segments
2026-09-14 15:16:51,125 INFO texture_features: Using pre-loaded grey image for texture (1500x1500)
2026-09-14 15:16:51,125 INFO texture_features: Computing per-segment GLCM texture at 0.50m (1500x1500)
2026-09-14 15:16:53,337 INFO texture_features: Computed texture for 4651 segments
2026-09-14 15:16:54,975 INFO segv2.build: KG 55130-south tile 2: 5177 segments, labelled 86%
2026-09-14 15:16:57,319 INFO object_segmentation: NDVI fusion: BEV mean=0.044, Cop mean=0.579, Fused mean=0.579, offset mean=0.534
2026-09-14 15:16:57,606 INFO tile_cache: tile_cache: forbid_remote=True (cache-only mode)
2026-09-14 15:16:57,643 INFO zenodo_cache: Fetching ZIP index from https://zenodo.org/api/records/19650075/draft/files/copernicus_harmonics_cell_47.0_48.0_12.0_14.0.zip/content
2026-09-14 15:17:04,358 INFO object_segmentation:   elevated layer: 144559 px → 1166 segments
2026-09-14 15:17:09,360 INFO object_segmentation:   ground layer: 1041405 px → 936 segments
2026-09-14 15:17:12,209 INFO texture_features: Using pre-loaded grey image for texture (1500x1500)
2026-09-14 15:17:12,209 INFO texture_features: Computing per-segment GLCM texture at 0.50m (1500x1500)
2026-09-14 15:17:12,992 INFO texture_features: Computed texture for 1764 segments
2026-09-14 15:17:13,966 INFO segv2.build: KG 55130-south tile 3: 2102 segments, labelled 63%
2026-09-14 15:17:16,329 INFO object_segmentation: NDVI fusion: BEV mean=0.092, Cop mean=0.574, Fused mean=0.574, offset mean=0.480
2026-09-14 15:17:16,559 INFO tile_cache: tile_cache: forbid_remote=True (cache-only mode)
2026-09-14 15:17:16,599 INFO zenodo_cache: Fetching ZIP index from https://zenodo.org/api/records/19650075/draft/files/copernicus_harmonics_cell_47.0_48.0_12.0_14.0.zip/content
2026-09-14 15:17:23,611 INFO object_segmentation:   elevated layer: 562217 px → 3140 segments
2026-09-14 15:17:29,307 INFO object_segmentation:   ground layer: 1562570 px → 2254 segments
2026-09-14 15:17:35,585 INFO texture_features: Using pre-loaded grey image for texture (1500x1500)
2026-09-14 15:17:35,585 INFO texture_features: Computing per-segment GLCM texture at 0.50m (1500x1500)
2026-09-14 15:17:37,715 INFO texture_features: Computed texture for 4533 segments
2026-09-14 15:17:39,499 INFO segv2.build: KG 55130-south tile 5: 5394 segments, labelled 90%
2026-09-14 15:17:41,956 INFO object_segmentation: NDVI fusion: BEV mean=0.112, Cop mean=0.652, Fused mean=0.652, offset mean=0.540
2026-09-14 15:17:42,256 INFO tile_cache: tile_cache: forbid_remote=True (cache-only mode)
2026-09-14 15:17:42,296 INFO zenodo_cache: Fetching ZIP index from https://zenodo.org/api/records/19650075/draft/files/copernicus_harmonics_cell_47.0_48.0_12.0_14.0.zip/content
2026-09-14 15:17:48,268 INFO object_segmentation:   elevated layer: 1446322 px → 5792 segments
2026-09-14 15:17:53,904 INFO object_segmentation:   ground layer: 803678 px → 2349 segments
2026-09-14 15:18:01,642 INFO texture_features: Using pre-loaded grey image for texture (1500x1500)
2026-09-14 15:18:01,642 INFO texture_features: Computing per-segment GLCM texture at 0.50m (1500x1500)
2026-09-14 15:18:04,708 INFO texture_features: Computed texture for 7226 segments
2026-09-14 15:18:06,685 INFO segv2.build: KG 55130-south tile 6: 8141 segments, labelled 81%
2026-09-14 15:18:09,004 INFO object_segmentation: NDVI fusion: BEV mean=0.166, Cop mean=0.678, Fused mean=0.678, offset mean=0.512
2026-09-14 15:18:09,263 INFO tile_cache: tile_cache: forbid_remote=True (cache-only mode)
2026-09-14 15:18:09,302 INFO zenodo_cache: Fetching ZIP index from https://zenodo.org/api/records/19650075/draft/files/copernicus_harmonics_cell_47.0_48.0_12.0_14.0.zip/content
2026-09-14 15:18:15,404 INFO object_segmentation:   elevated layer: 1512270 px → 5208 segments
2026-09-14 15:18:21,601 INFO object_segmentation:   ground layer: 737729 px → 2179 segments
2026-09-14 15:18:29,118 INFO texture_features: Using pre-loaded grey image for texture (1500x1500)
2026-09-14 15:18:29,118 INFO texture_features: Computing per-segment GLCM texture at 0.50m (1500x1500)
2026-09-14 15:18:31,872 INFO texture_features: Computed texture for 6500 segments
2026-09-14 15:18:33,814 INFO segv2.build: KG 55130-south tile 7: 7387 segments, labelled 87%
2026-09-14 15:18:36,163 INFO object_segmentation: NDVI fusion: BEV mean=0.090, Cop mean=0.548, Fused mean=0.548, offset mean=0.458
2026-09-14 15:18:36,452 INFO tile_cache: tile_cache: forbid_remote=True (cache-only mode)
2026-09-14 15:18:36,497 INFO zenodo_cache: Fetching ZIP index from https://zenodo.org/api/records/19650075/draft/files/copernicus_harmonics_cell_47.0_48.0_12.0_14.0.zip/content
2026-09-14 15:18:43,582 INFO object_segmentation:   elevated layer: 915989 px → 4308 segments
2026-09-14 15:18:48,520 INFO object_segmentation:   ground layer: 1013417 px → 2175 segments
2026-09-14 15:18:55,206 INFO texture_features: Using pre-loaded grey image for texture (1500x1500)
2026-09-14 15:18:55,207 INFO texture_features: Computing per-segment GLCM texture at 0.50m (1500x1500)
2026-09-14 15:18:57,651 INFO texture_features: Computed texture for 5515 segments
2026-09-14 15:18:59,295 INFO segv2.build: KG 55130-south tile 8: 6483 segments, labelled 91%
2026-09-14 15:19:01,375 INFO object_segmentation: NDVI fusion: BEV mean=-0.115, Cop mean=0.289, Fused mean=0.289, offset mean=0.402
2026-09-14 15:19:01,583 INFO tile_cache: tile_cache: forbid_remote=True (cache-only mode)
2026-09-14 15:19:01,622 INFO zenodo_cache: Fetching ZIP index from https://zenodo.org/api/records/19650075/draft/files/copernicus_harmonics_cell_47.0_48.0_12.0_14.0.zip/content
2026-09-14 15:19:17,078 INFO object_segmentation:   elevated layer: 17544 px → 264 segments
2026-09-14 15:19:33,308 INFO object_segmentation:   ground layer: 113395 px → 193 segments
2026-09-14 15:19:33,955 INFO texture_features: Using pre-loaded grey image for texture (1326x1500)
2026-09-14 15:19:33,955 INFO texture_features: Computing per-segment GLCM texture at 0.50m (1326x1500)
2026-09-14 15:19:34,133 INFO texture_features: Computed texture for 375 segments
2026-09-14 15:19:34,453 INFO segv2.build: KG 55130-south tile 9: 457 segments, labelled 100%
2026-09-14 15:19:36,771 INFO object_segmentation: NDVI fusion: BEV mean=-0.093, Cop mean=0.166, Fused mean=0.165, offset mean=0.258
2026-09-14 15:19:37,003 INFO tile_cache: tile_cache: forbid_remote=True (cache-only mode)
2026-09-14 15:19:37,047 INFO zenodo_cache: Fetching ZIP index from https://zenodo.org/api/records/19650075/draft/files/copernicus_harmonics_cell_47.0_48.0_12.0_14.0.zip/content
2026-09-14 15:19:42,524 INFO object_segmentation:   elevated layer: 152287 px → 2640 segments
2026-09-14 15:19:48,678 INFO object_segmentation:   ground layer: 1407485 px → 1741 segments
2026-09-14 15:19:53,411 INFO texture_features: Using pre-loaded grey image for texture (1500x1500)
2026-09-14 15:19:53,411 INFO texture_features: Computing per-segment GLCM texture at 0.50m (1500x1500)
2026-09-14 15:19:55,067 INFO texture_features: Computed texture for 3364 segments
2026-09-14 15:19:56,337 INFO segv2.build: KG 55130-south tile 10: 4381 segments, labelled 99%
2026-09-14 15:19:58,738 INFO object_segmentation: NDVI fusion: BEV mean=-0.087, Cop mean=0.229, Fused mean=0.230, offset mean=0.323
2026-09-14 15:19:59,036 INFO tile_cache: tile_cache: forbid_remote=True (cache-only mode)
2026-09-14 15:19:59,080 INFO zenodo_cache: Fetching ZIP index from https://zenodo.org/api/records/19650075/draft/files/copernicus_harmonics_cell_47.0_48.0_12.0_14.0.zip/content
2026-09-14 15:20:05,220 INFO object_segmentation:   elevated layer: 368878 px → 4343 segments
2026-09-14 15:20:11,017 INFO object_segmentation:   ground layer: 1881122 px → 2833 segments
2026-09-14 15:20:18,456 INFO texture_features: Using pre-loaded grey image for texture (1500x1500)
2026-09-14 15:20:18,456 INFO texture_features: Computing per-segment GLCM texture at 0.50m (1500x1500)
2026-09-14 15:20:21,039 INFO texture_features: Computed texture for 5650 segments
2026-09-14 15:20:22,870 INFO segv2.build: KG 55130-south tile 11: 7176 segments, labelled 100%
2026-09-14 15:20:25,549 INFO object_segmentation: NDVI fusion: BEV mean=0.114, Cop mean=0.575, Fused mean=0.575, offset mean=0.461
2026-09-14 15:20:25,825 INFO tile_cache: tile_cache: forbid_remote=True (cache-only mode)
2026-09-14 15:20:25,870 INFO zenodo_cache: Fetching ZIP index from https://zenodo.org/api/records/19650075/draft/files/copernicus_harmonics_cell_47.0_48.0_12.0_14.0.zip/content
2026-09-14 15:20:32,810 INFO object_segmentation:   elevated layer: 887880 px → 5354 segments
2026-09-14 15:20:38,867 INFO object_segmentation:   ground layer: 1362120 px → 2902 segments
2026-09-14 15:20:46,696 INFO texture_features: Using pre-loaded grey image for texture (1500x1500)
2026-09-14 15:20:46,696 INFO texture_features: Computing per-segment GLCM texture at 0.50m (1500x1500)
2026-09-14 15:20:49,713 INFO texture_features: Computed texture for 6896 segments
2026-09-14 15:20:51,795 INFO segv2.build: KG 55130-south tile 12: 8256 segments, labelled 82%
2026-09-14 15:20:54,150 INFO object_segmentation: NDVI fusion: BEV mean=0.003, Cop mean=0.451, Fused mean=0.451, offset mean=0.445
2026-09-14 15:20:54,401 INFO tile_cache: tile_cache: forbid_remote=True (cache-only mode)
2026-09-14 15:20:54,442 INFO zenodo_cache: Fetching ZIP index from https://zenodo.org/api/records/19650075/draft/files/copernicus_harmonics_cell_47.0_48.0_12.0_14.0.zip/content
2026-09-14 15:21:00,318 INFO object_segmentation:   elevated layer: 612488 px → 4571 segments
2026-09-14 15:21:06,050 INFO object_segmentation:   ground layer: 1543188 px → 2526 segments
2026-09-14 15:21:13,735 INFO texture_features: Using pre-loaded grey image for texture (1500x1500)
2026-09-14 15:21:13,735 INFO texture_features: Computing per-segment GLCM texture at 0.50m (1500x1500)
2026-09-14 15:21:16,239 INFO texture_features: Computed texture for 5708 segments
2026-09-14 15:21:18,213 INFO segv2.build: KG 55130-south tile 13: 7097 segments, labelled 83%
2026-09-14 15:21:20,266 INFO object_segmentation: NDVI fusion: BEV mean=-0.078, Cop mean=0.223, Fused mean=0.219, offset mean=0.311
2026-09-14 15:21:20,476 INFO tile_cache: tile_cache: forbid_remote=True (cache-only mode)
2026-09-14 15:21:20,516 INFO zenodo_cache: Fetching ZIP index from https://zenodo.org/api/records/19650075/draft/files/copernicus_harmonics_cell_47.0_48.0_12.0_14.0.zip/content
2026-09-14 15:21:25,432 INFO object_segmentation:   elevated layer: 228160 px → 2801 segments
2026-09-14 15:21:36,883 INFO object_segmentation:   ground layer: 804823 px → 1604 segments
2026-09-14 15:21:40,927 INFO texture_features: Using pre-loaded grey image for texture (1326x1500)
2026-09-14 15:21:40,927 INFO texture_features: Computing per-segment GLCM texture at 0.50m (1326x1500)
2026-09-14 15:21:42,533 INFO texture_features: Computed texture for 3483 segments
2026-09-14 15:21:43,533 INFO segv2.build: KG 55130-south tile 14: 4405 segments, labelled 98%
2026-09-14 15:21:43,867 INFO object_segmentation: NDVI fusion: BEV mean=-0.110, Cop mean=0.052, Fused mean=0.052, offset mean=0.161
2026-09-14 15:21:43,924 INFO tile_cache: tile_cache: forbid_remote=True (cache-only mode)
2026-09-14 15:21:43,961 INFO zenodo_cache: Fetching ZIP index from https://zenodo.org/api/records/19650075/draft/files/copernicus_harmonics_cell_47.0_48.0_12.0_14.0.zip/content
2026-09-14 15:21:44,869 INFO object_segmentation:   elevated layer: 7381 px → 150 segments
2026-09-14 15:21:45,274 INFO object_segmentation:   ground layer: 60100 px → 107 segments
2026-09-14 15:21:45,557 INFO texture_features: Using pre-loaded grey image for texture (1500x129)
2026-09-14 15:21:45,558 INFO texture_features: Computing per-segment GLCM texture at 0.50m (1500x129)
2026-09-14 15:21:45,653 INFO texture_features: Computed texture for 207 segments
2026-09-14 15:21:45,734 INFO segv2.build: KG 55130-south tile 15: 257 segments, labelled 100%
2026-09-14 15:21:46,089 INFO object_segmentation: NDVI fusion: BEV mean=-0.058, Cop mean=0.105, Fused mean=0.103, offset mean=0.188
2026-09-14 15:21:46,149 INFO tile_cache: tile_cache: forbid_remote=True (cache-only mode)
2026-09-14 15:21:46,190 INFO zenodo_cache: Fetching ZIP index from https://zenodo.org/api/records/19650075/draft/files/copernicus_harmonics_cell_47.0_48.0_12.0_14.0.zip/content
2026-09-14 15:21:46,925 INFO object_segmentation:   elevated layer: 10812 px → 202 segments
2026-09-14 15:21:47,244 INFO object_segmentation:   ground layer: 125894 px → 163 segments
2026-09-14 15:21:47,638 INFO texture_features: Using pre-loaded grey image for texture (1500x129)
2026-09-14 15:21:47,638 INFO texture_features: Computing per-segment GLCM texture at 0.50m (1500x129)
2026-09-14 15:21:47,761 INFO texture_features: Computed texture for 280 segments
2026-09-14 15:21:47,870 INFO segv2.build: KG 55130-south tile 16: 365 segments, labelled 100%
2026-09-14 15:21:48,199 INFO object_segmentation: NDVI fusion: BEV mean=0.007, Cop mean=0.111, Fused mean=0.100, offset mean=0.293
2026-09-14 15:21:48,245 INFO tile_cache: tile_cache: forbid_remote=True (cache-only mode)
2026-09-14 15:21:48,283 INFO zenodo_cache: Fetching ZIP index from https://zenodo.org/api/records/19650075/draft/files/copernicus_harmonics_cell_47.0_48.0_12.0_14.0.zip/content
2026-09-14 15:21:49,197 INFO object_segmentation:   elevated layer: 1225 px → 24 segments
2026-09-14 15:21:49,415 INFO object_segmentation:   ground layer: 41453 px → 40 segments
2026-09-14 15:21:49,545 INFO texture_features: Using pre-loaded grey image for texture (1500x129)
2026-09-14 15:21:49,545 INFO texture_features: Computing per-segment GLCM texture at 0.50m (1500x129)
2026-09-14 15:21:49,574 INFO texture_features: Computed texture for 59 segments
2026-09-14 15:21:49,674 INFO segv2.build: KG 55130-south tile 17: 64 segments, labelled 92%
2026-09-14 15:21:49,977 INFO object_segmentation: NDVI fusion: BEV mean=0.000, Cop mean=0.001, Fused mean=0.001, offset mean=0.226
2026-09-14 15:21:50,022 INFO tile_cache: tile_cache: forbid_remote=True (cache-only mode)
2026-09-14 15:21:50,060 INFO zenodo_cache: Fetching ZIP index from https://zenodo.org/api/records/19650075/draft/files/copernicus_harmonics_cell_47.0_48.0_12.0_14.0.zip/content
2026-09-14 15:21:50,760 INFO object_segmentation:   ground layer: 13186 px → 4 segments
2026-09-14 15:21:50,870 INFO texture_features: Using pre-loaded grey image for texture (1500x129)
2026-09-14 15:21:50,870 INFO texture_features: Computing per-segment GLCM texture at 0.50m (1500x129)
2026-09-14 15:21:50,874 INFO texture_features: Computed texture for 4 segments
2026-09-14 15:21:51,012 INFO segv2.build: KG 55130-south tile 18: 4 segments, labelled 100%
2026-09-14 15:21:51,440 INFO segv2.build: KG 55130-south done: 77498 segs, 67277 labelled (46532 good) in 569s
2026-09-14 15:25:19,807 INFO segv2.fetch: downloaded 73505-west_full.gpkg: 2339 MB in 205s (11.4 MB/s)
2026-09-14 15:25:29,073 INFO segv2.labels: KG 73505 cadastre: 2427 footprints, 5189 landuse polys, 929 parcels
2026-09-14 15:25:29,939 INFO segv2.labels: KG 73505 osm: 330 road, 0 rail, 153 water lines, 17 water areas; invekos: 2332
2026-09-14 15:25:32,599 INFO object_segmentation: NDVI fusion: BEV mean=-0.018, Cop mean=0.293, Fused mean=0.293, offset mean=0.310
2026-09-14 15:25:32,803 INFO tile_cache: tile_cache: forbid_remote=True (cache-only mode)
2026-09-14 15:25:32,841 INFO zenodo_cache: Fetching ZIP index from https://zenodo.org/api/records/19650075/draft/files/copernicus_harmonics_cell_47.0_48.0_12.0_14.0.zip/content
2026-09-14 15:25:42,493 INFO object_segmentation:   elevated layer: 29998 px → 473 segments
2026-09-14 15:25:50,315 INFO object_segmentation:   ground layer: 768271 px → 497 segments
2026-09-14 15:25:52,142 INFO texture_features: Using pre-loaded grey image for texture (1500x1500)
2026-09-14 15:25:52,143 INFO texture_features: Computing per-segment GLCM texture at 0.50m (1500x1500)
2026-09-14 15:25:52,533 INFO texture_features: Computed texture for 789 segments
2026-09-14 15:25:53,301 INFO segv2.build: KG 73505-west tile 2: 970 segments, labelled 73%
2026-09-14 15:25:55,613 INFO object_segmentation: NDVI fusion: BEV mean=0.010, Cop mean=0.317, Fused mean=0.317, offset mean=0.332
2026-09-14 15:25:55,830 INFO tile_cache: tile_cache: forbid_remote=True (cache-only mode)
2026-09-14 15:25:55,869 INFO zenodo_cache: Fetching ZIP index from https://zenodo.org/api/records/19650075/draft/files/copernicus_harmonics_cell_47.0_48.0_12.0_14.0.zip/content
2026-09-14 15:26:00,745 INFO object_segmentation:   elevated layer: 71887 px → 1788 segments
2026-09-14 15:26:07,022 INFO object_segmentation:   ground layer: 2035070 px → 1194 segments
2026-09-14 15:26:11,481 INFO texture_features: Using pre-loaded grey image for texture (1500x1500)
2026-09-14 15:26:11,481 INFO texture_features: Computing per-segment GLCM texture at 0.50m (1500x1500)
2026-09-14 15:26:12,595 INFO texture_features: Computed texture for 2182 segments
2026-09-14 15:26:13,972 INFO segv2.build: KG 73505-west tile 3: 2982 segments, labelled 14%
2026-09-14 15:26:14,107 INFO object_segmentation: NDVI fusion: BEV mean=0.000, Cop mean=0.000, Fused mean=0.000, offset mean=0.000
2026-09-14 15:26:14,124 INFO tile_cache: tile_cache: forbid_remote=True (cache-only mode)
2026-09-14 15:26:14,160 INFO zenodo_cache: Fetching ZIP index from https://zenodo.org/api/records/19650075/draft/files/copernicus_harmonics_cell_47.0_48.0_12.0_14.0.zip/content
2026-09-14 15:26:14,498 INFO object_segmentation:   ground layer: 9000 px → 1 segments
2026-09-14 15:26:14,643 INFO texture_features: Using pre-loaded grey image for texture (6x1500)
2026-09-14 15:26:14,643 INFO texture_features: Computing per-segment GLCM texture at 0.50m (6x1500)
2026-09-14 15:26:14,644 INFO texture_features: Computed texture for 1 segments
2026-09-14 15:26:14,645 ERROR segv2.build: KG 73505-west failed
Traceback (most recent call last):
  File "/home/exedev/srtm-lidar/segv2/build_dataset.py", line 139, in build_kg
    df = F2.extract(seg, L, context=ctx_r, obs_year=obs_year)
         ^^^^^^^^^^^^^^^^^^^^^^^^^^^^^^^^^^^^^^^^^^^^^^^^^^^^
  File "/home/exedev/srtm-lidar/segv2/features.py", line 585, in extract
    wgt = F["area"][bi]
          ~~~~~~~~~^^^^
IndexError: arrays used as indices must be of integer (or boolean) type
2026-09-14 15:29:59,929 INFO segv2.fetch: downloaded 73518-southwest_full.gpkg: 2142 MB in 222s (9.7 MB/s)
2026-09-14 15:30:10,316 INFO segv2.labels: KG 73518 cadastre: 3176 footprints, 7982 landuse polys, 1898 parcels
2026-09-14 15:30:11,162 INFO segv2.labels: KG 73518 osm: 0 road, 0 rail, 259 water lines, 20 water areas; invekos: 867
2026-09-14 15:30:13,963 INFO object_segmentation: NDVI fusion: BEV mean=-0.047, Cop mean=0.198, Fused mean=0.191, offset mean=0.268
2026-09-14 15:30:14,169 INFO tile_cache: tile_cache: forbid_remote=True (cache-only mode)
2026-09-14 15:30:14,215 INFO zenodo_cache: Fetching ZIP index from https://zenodo.org/api/records/19650075/draft/files/copernicus_harmonics_cell_47.0_48.0_12.0_14.0.zip/content
2026-09-14 15:30:31,101 INFO object_segmentation:   elevated layer: 25332 px → 530 segments
2026-09-14 15:30:56,567 INFO object_segmentation:   ground layer: 371352 px → 358 segments
2026-09-14 15:30:57,889 INFO texture_features: Using pre-loaded grey image for texture (1500x1500)
2026-09-14 15:30:57,889 INFO texture_features: Computing per-segment GLCM texture at 0.50m (1500x1500)
2026-09-14 15:30:58,242 INFO texture_features: Computed texture for 698 segments
2026-09-14 15:30:58,946 INFO segv2.build: KG 73518-southwest tile 1: 888 segments, labelled 15%
2026-09-14 15:31:01,383 INFO object_segmentation: NDVI fusion: BEV mean=0.003, Cop mean=0.413, Fused mean=0.412, offset mean=0.410
2026-09-14 15:31:01,634 INFO tile_cache: tile_cache: forbid_remote=True (cache-only mode)
2026-09-14 15:31:01,672 INFO zenodo_cache: Fetching ZIP index from https://zenodo.org/api/records/19650075/draft/files/copernicus_harmonics_cell_47.0_48.0_12.0_14.0.zip/content
2026-09-14 15:31:09,484 INFO object_segmentation:   elevated layer: 60456 px → 1238 segments
2026-09-14 15:31:15,807 INFO object_segmentation:   ground layer: 2035904 px → 1282 segments
2026-09-14 15:31:20,379 INFO texture_features: Using pre-loaded grey image for texture (1500x1500)
2026-09-14 15:31:20,379 INFO texture_features: Computing per-segment GLCM texture at 0.50m (1500x1500)
2026-09-14 15:31:21,413 INFO texture_features: Computed texture for 2051 segments
2026-09-14 15:31:22,920 INFO segv2.build: KG 73518-southwest tile 2: 2520 segments, labelled 24%
2026-09-14 15:31:25,192 INFO object_segmentation: NDVI fusion: BEV mean=0.145, Cop mean=0.679, Fused mean=0.679, offset mean=0.532
2026-09-14 15:31:25,416 INFO tile_cache: tile_cache: forbid_remote=True (cache-only mode)
2026-09-14 15:31:25,454 INFO zenodo_cache: Fetching ZIP index from https://zenodo.org/api/records/19650075/draft/files/copernicus_harmonics_cell_47.0_48.0_12.0_14.0.zip/content
2026-09-14 15:31:35,331 INFO object_segmentation:   elevated layer: 588017 px → 3694 segments
2026-09-14 15:31:41,259 INFO object_segmentation:   ground layer: 1600858 px → 2259 segments
2026-09-14 15:31:48,050 INFO texture_features: Using pre-loaded grey image for texture (1500x1500)
2026-09-14 15:31:48,051 INFO texture_features: Computing per-segment GLCM texture at 0.50m (1500x1500)
2026-09-14 15:31:50,238 INFO texture_features: Computed texture for 4980 segments
2026-09-14 15:31:52,231 INFO segv2.build: KG 73518-southwest tile 3: 5953 segments, labelled 88%
2026-09-14 15:31:54,267 INFO object_segmentation: NDVI fusion: BEV mean=0.070, Cop mean=0.547, Fused mean=0.543, offset mean=0.543
2026-09-14 15:31:54,455 INFO tile_cache: tile_cache: forbid_remote=True (cache-only mode)
2026-09-14 15:31:54,493 INFO zenodo_cache: Fetching ZIP index from https://zenodo.org/api/records/19650075/draft/files/copernicus_harmonics_cell_47.0_48.0_12.0_14.0.zip/content
2026-09-14 15:32:02,893 INFO object_segmentation:   elevated layer: 303448 px → 3196 segments
2026-09-14 15:32:08,947 INFO object_segmentation:   ground layer: 1491308 px → 1793 segments
2026-09-14 15:32:14,724 INFO texture_features: Using pre-loaded grey image for texture (1348x1500)
2026-09-14 15:32:14,725 INFO texture_features: Computing per-segment GLCM texture at 0.50m (1348x1500)
2026-09-14 15:32:16,521 INFO texture_features: Computed texture for 3942 segments
2026-09-14 15:32:18,097 INFO segv2.build: KG 73518-southwest tile 4: 4989 segments, labelled 70%
2026-09-14 15:32:20,643 INFO object_segmentation: NDVI fusion: BEV mean=-0.084, Cop mean=0.041, Fused mean=0.033, offset mean=0.132
2026-09-14 15:32:20,905 INFO tile_cache: tile_cache: forbid_remote=True (cache-only mode)
2026-09-14 15:32:20,988 INFO zenodo_cache: Fetching ZIP index from https://zenodo.org/api/records/19650075/draft/files/copernicus_harmonics_cell_47.0_48.0_12.0_14.0.zip/content
2026-09-14 15:32:26,303 INFO object_segmentation:   elevated layer: 45153 px → 954 segments
2026-09-14 15:32:32,271 INFO object_segmentation:   ground layer: 1199297 px → 821 segments
2026-09-14 15:32:35,421 INFO texture_features: Using pre-loaded grey image for texture (1500x1500)
2026-09-14 15:32:35,421 INFO texture_features: Computing per-segment GLCM texture at 0.50m (1500x1500)
2026-09-14 15:32:36,092 INFO texture_features: Computed texture for 1418 segments
2026-09-14 15:32:37,018 INFO segv2.build: KG 73518-southwest tile 6: 1775 segments, labelled 15%
2026-09-14 15:32:39,418 INFO object_segmentation: NDVI fusion: BEV mean=0.038, Cop mean=0.536, Fused mean=0.536, offset mean=0.498
2026-09-14 15:32:39,697 INFO tile_cache: tile_cache: forbid_remote=True (cache-only mode)
2026-09-14 15:32:39,779 INFO zenodo_cache: Fetching ZIP index from https://zenodo.org/api/records/19650075/draft/files/copernicus_harmonics_cell_47.0_48.0_12.0_14.0.zip/content
2026-09-14 15:32:44,436 INFO object_segmentation:   elevated layer: 39017 px → 1090 segments
2026-09-14 15:32:50,743 INFO object_segmentation:   ground layer: 2210983 px → 1349 segments
2026-09-14 15:32:55,533 INFO texture_features: Using pre-loaded grey image for texture (1500x1500)
2026-09-14 15:32:55,533 INFO texture_features: Computing per-segment GLCM texture at 0.50m (1500x1500)
2026-09-14 15:32:56,472 INFO texture_features: Computed texture for 1992 segments
2026-09-14 15:32:58,053 INFO segv2.build: KG 73518-southwest tile 7: 2439 segments, labelled 46%
2026-09-14 15:33:00,358 INFO object_segmentation: NDVI fusion: BEV mean=0.108, Cop mean=0.671, Fused mean=0.671, offset mean=0.563
2026-09-14 15:33:00,609 INFO tile_cache: tile_cache: forbid_remote=True (cache-only mode)
2026-09-14 15:33:00,686 INFO zenodo_cache: Fetching ZIP index from https://zenodo.org/api/records/19650075/draft/files/copernicus_harmonics_cell_47.0_48.0_12.0_14.0.zip/content
2026-09-14 15:33:06,740 INFO object_segmentation:   elevated layer: 218982 px → 2557 segments
2026-09-14 15:33:13,106 INFO object_segmentation:   ground layer: 2031018 px → 2065 segments
2026-09-14 15:33:19,103 INFO texture_features: Using pre-loaded grey image for texture (1500x1500)
2026-09-14 15:33:19,104 INFO texture_features: Computing per-segment GLCM texture at 0.50m (1500x1500)
2026-09-14 15:33:21,017 INFO texture_features: Computed texture for 3905 segments
2026-09-14 15:33:22,846 INFO segv2.build: KG 73518-southwest tile 8: 4622 segments, labelled 84%
2026-09-14 15:33:24,919 INFO object_segmentation: NDVI fusion: BEV mean=-0.062, Cop mean=0.209, Fused mean=0.202, offset mean=0.286
2026-09-14 15:33:25,149 INFO tile_cache: tile_cache: forbid_remote=True (cache-only mode)
2026-09-14 15:33:25,235 INFO zenodo_cache: Fetching ZIP index from https://zenodo.org/api/records/19650075/draft/files/copernicus_harmonics_cell_47.0_48.0_12.0_14.0.zip/content
2026-09-14 15:33:29,543 INFO object_segmentation:   elevated layer: 123630 px → 2142 segments
2026-09-14 15:33:35,050 INFO object_segmentation:   ground layer: 1647863 px → 1399 segments
2026-09-14 15:33:39,530 INFO texture_features: Using pre-loaded grey image for texture (1348x1500)
2026-09-14 15:33:39,530 INFO texture_features: Computing per-segment GLCM texture at 0.50m (1348x1500)
2026-09-14 15:33:40,843 INFO texture_features: Computed texture for 2792 segments
2026-09-14 15:33:42,199 INFO segv2.build: KG 73518-southwest tile 9: 3541 segments, labelled 19%
2026-09-14 15:33:44,554 INFO object_segmentation: NDVI fusion: BEV mean=-0.051, Cop mean=0.148, Fused mean=0.140, offset mean=0.216
2026-09-14 15:33:44,847 INFO tile_cache: tile_cache: forbid_remote=True (cache-only mode)
2026-09-14 15:34:23,912 INFO object_segmentation:   elevated layer: 37133 px → 785 segments
2026-09-14 15:35:00,625 INFO object_segmentation:   ground layer: 401808 px → 494 segments
2026-09-14 15:35:02,230 INFO texture_features: Using pre-loaded grey image for texture (1500x1500)
2026-09-14 15:35:02,230 INFO texture_features: Computing per-segment GLCM texture at 0.50m (1500x1500)
2026-09-14 15:35:02,677 INFO texture_features: Computed texture for 991 segments
2026-09-14 15:35:03,240 INFO segv2.build: KG 73518-southwest tile 11: 1279 segments, labelled 8%
2026-09-14 15:35:05,686 INFO object_segmentation: NDVI fusion: BEV mean=-0.005, Cop mean=0.342, Fused mean=0.338, offset mean=0.374
2026-09-14 15:35:05,950 INFO tile_cache: tile_cache: forbid_remote=True (cache-only mode)
2026-09-14 15:35:10,963 INFO object_segmentation:   elevated layer: 104029 px → 2019 segments
2026-09-14 15:35:16,113 INFO object_segmentation:   ground layer: 2129025 px → 1783 segments
2026-09-14 15:35:21,711 INFO texture_features: Using pre-loaded grey image for texture (1500x1500)
2026-09-14 15:35:21,711 INFO texture_features: Computing per-segment GLCM texture at 0.50m (1500x1500)
2026-09-14 15:35:23,217 INFO texture_features: Computed texture for 2967 segments
2026-09-14 15:35:24,899 INFO segv2.build: KG 73518-southwest tile 12: 3802 segments, labelled 26%
2026-09-14 15:35:27,259 INFO object_segmentation: NDVI fusion: BEV mean=-0.015, Cop mean=0.345, Fused mean=0.344, offset mean=0.367
2026-09-14 15:35:27,565 INFO tile_cache: tile_cache: forbid_remote=True (cache-only mode)
2026-09-14 15:35:34,207 INFO object_segmentation:   elevated layer: 58525 px → 1228 segments
2026-09-14 15:35:41,068 INFO object_segmentation:   ground layer: 2191475 px → 1668 segments
2026-09-14 15:35:46,214 INFO texture_features: Using pre-loaded grey image for texture (1500x1500)
2026-09-14 15:35:46,214 INFO texture_features: Computing per-segment GLCM texture at 0.50m (1500x1500)
2026-09-14 15:35:47,407 INFO texture_features: Computed texture for 2317 segments
2026-09-14 15:35:49,029 INFO segv2.build: KG 73518-southwest tile 13: 2896 segments, labelled 23%
2026-09-14 15:35:51,200 INFO object_segmentation: NDVI fusion: BEV mean=-0.072, Cop mean=0.072, Fused mean=0.063, offset mean=0.163
2026-09-14 15:35:51,414 INFO tile_cache: tile_cache: forbid_remote=True (cache-only mode)
2026-09-14 15:36:00,264 INFO object_segmentation:   elevated layer: 30434 px → 626 segments
2026-09-14 15:36:16,951 INFO object_segmentation:   ground layer: 701657 px → 560 segments
2026-09-14 15:36:18,939 INFO texture_features: Using pre-loaded grey image for texture (1348x1500)
2026-09-14 15:36:18,939 INFO texture_features: Computing per-segment GLCM texture at 0.50m (1348x1500)
2026-09-14 15:36:19,382 INFO texture_features: Computed texture for 913 segments
2026-09-14 15:36:20,127 INFO segv2.build: KG 73518-southwest tile 14: 1186 segments, labelled 32%
2026-09-14 15:36:22,484 INFO object_segmentation: NDVI fusion: BEV mean=-0.048, Cop mean=0.052, Fused mean=0.041, offset mean=0.116
2026-09-14 15:36:22,731 INFO tile_cache: tile_cache: forbid_remote=True (cache-only mode)
2026-09-14 15:36:27,394 INFO object_segmentation:   elevated layer: 62420 px → 1393 segments
2026-09-14 15:36:33,000 INFO object_segmentation:   ground layer: 1689256 px → 1091 segments
2026-09-14 15:36:37,007 INFO texture_features: Using pre-loaded grey image for texture (1500x1475)
2026-09-14 15:36:37,007 INFO texture_features: Computing per-segment GLCM texture at 0.50m (1500x1475)
2026-09-14 15:36:37,918 INFO texture_features: Computed texture for 1887 segments
2026-09-14 15:36:39,094 INFO segv2.build: KG 73518-southwest tile 17: 2484 segments, labelled 81%
2026-09-14 15:36:41,304 INFO object_segmentation: NDVI fusion: BEV mean=-0.089, Cop mean=0.033, Fused mean=0.028, offset mean=0.133
2026-09-14 15:36:41,550 INFO tile_cache: tile_cache: forbid_remote=True (cache-only mode)
2026-09-14 15:36:46,382 INFO object_segmentation:   elevated layer: 141636 px → 2183 segments
2026-09-14 15:36:52,993 INFO object_segmentation:   ground layer: 1796808 px → 1612 segments
2026-09-14 15:36:58,018 INFO texture_features: Using pre-loaded grey image for texture (1500x1475)
2026-09-14 15:36:58,018 INFO texture_features: Computing per-segment GLCM texture at 0.50m (1500x1475)
2026-09-14 15:36:59,392 INFO texture_features: Computed texture for 2862 segments
2026-09-14 15:37:00,911 INFO segv2.build: KG 73518-southwest tile 18: 3795 segments, labelled 81%
2026-09-14 15:37:02,975 INFO object_segmentation: NDVI fusion: BEV mean=-0.034, Cop mean=0.174, Fused mean=0.169, offset mean=0.252
2026-09-14 15:37:03,159 INFO tile_cache: tile_cache: forbid_remote=True (cache-only mode)
2026-09-14 15:37:19,115 INFO object_segmentation:   elevated layer: 11757 px → 283 segments
2026-09-14 15:37:42,142 INFO object_segmentation:   ground layer: 270406 px → 209 segments
2026-09-14 15:37:43,044 INFO texture_features: Using pre-loaded grey image for texture (1348x1475)
2026-09-14 15:37:43,044 INFO texture_features: Computing per-segment GLCM texture at 0.50m (1348x1475)
2026-09-14 15:37:43,227 INFO texture_features: Computed texture for 384 segments
2026-09-14 15:37:43,806 INFO segv2.build: KG 73518-southwest tile 19: 492 segments, labelled 100%
2026-09-14 15:37:44,137 INFO segv2.build: KG 73518-southwest done: 42661 segs, 23144 labelled (12092 good) in 689s
2026-09-14 15:41:17,805 INFO segv2.fetch: downloaded 58037-northeast_full.gpkg: 2502 MB in 210s (11.9 MB/s)
2026-09-14 15:41:29,796 INFO segv2.labels: KG 58037 cadastre: 723 footprints, 2277 landuse polys, 1573 parcels
2026-09-14 15:41:30,669 INFO segv2.labels: KG 58037 osm: 15 road, 0 rail, 291 water lines, 81 water areas; invekos: 1067
2026-09-14 15:41:33,434 INFO object_segmentation: NDVI fusion: BEV mean=0.013, Cop mean=0.459, Fused mean=0.458, offset mean=0.444
2026-09-14 15:41:33,616 INFO tile_cache: tile_cache: forbid_remote=True (cache-only mode)
2026-09-14 15:41:33,654 INFO zenodo_cache: Fetching ZIP index from https://zenodo.org/api/records/19650075/draft/files/copernicus_harmonics_cell_47.0_48.0_12.0_14.0.zip/content
2026-09-14 15:41:39,273 INFO object_segmentation:   elevated layer: 39192 px → 852 segments
2026-09-14 15:41:45,370 INFO object_segmentation:   ground layer: 657659 px → 568 segments
2026-09-14 15:41:47,282 INFO texture_features: Using pre-loaded grey image for texture (1500x1500)
2026-09-14 15:41:47,282 INFO texture_features: Computing per-segment GLCM texture at 0.50m (1500x1500)
2026-09-14 15:41:47,819 INFO texture_features: Computed texture for 1126 segments
2026-09-14 15:41:48,818 INFO segv2.build: KG 58037-northeast tile 0: 1420 segments, labelled 53%
2026-09-14 15:41:51,193 INFO object_segmentation: NDVI fusion: BEV mean=-0.020, Cop mean=0.392, Fused mean=0.392, offset mean=0.410
2026-09-14 15:41:51,470 INFO tile_cache: tile_cache: forbid_remote=True (cache-only mode)
2026-09-14 15:41:51,508 INFO zenodo_cache: Fetching ZIP index from https://zenodo.org/api/records/19650075/draft/files/copernicus_harmonics_cell_47.0_48.0_12.0_14.0.zip/content
2026-09-14 15:42:04,690 INFO object_segmentation:   elevated layer: 18834 px → 357 segments
2026-09-14 15:42:28,114 INFO object_segmentation:   ground layer: 315218 px → 327 segments
2026-09-14 15:42:29,125 INFO texture_features: Using pre-loaded grey image for texture (1500x1500)
2026-09-14 15:42:29,126 INFO texture_features: Computing per-segment GLCM texture at 0.50m (1500x1500)
2026-09-14 15:42:29,386 INFO texture_features: Computed texture for 549 segments
2026-09-14 15:42:30,027 INFO segv2.build: KG 58037-northeast tile 1: 684 segments, labelled 79%
2026-09-14 15:42:32,363 INFO object_segmentation: NDVI fusion: BEV mean=0.189, Cop mean=0.679, Fused mean=0.679, offset mean=0.488
2026-09-14 15:42:32,590 INFO tile_cache: tile_cache: forbid_remote=True (cache-only mode)
2026-09-14 15:42:32,628 INFO zenodo_cache: Fetching ZIP index from https://zenodo.org/api/records/19650075/draft/files/copernicus_harmonics_cell_47.0_48.0_12.0_14.0.zip/content
2026-09-14 15:42:43,486 INFO object_segmentation:   elevated layer: 496128 px → 3751 segments
2026-09-14 15:42:49,429 INFO object_segmentation:   ground layer: 1671570 px → 2343 segments
2026-09-14 15:42:56,131 INFO texture_features: Using pre-loaded grey image for texture (1500x1500)
2026-09-14 15:42:56,131 INFO texture_features: Computing per-segment GLCM texture at 0.50m (1500x1500)
2026-09-14 15:42:58,636 INFO texture_features: Computed texture for 5222 segments
2026-09-14 15:43:00,598 INFO segv2.build: KG 58037-northeast tile 5: 6094 segments, labelled 89%
2026-09-14 15:43:02,960 INFO object_segmentation: NDVI fusion: BEV mean=0.115, Cop mean=0.615, Fused mean=0.615, offset mean=0.500
2026-09-14 15:43:03,237 INFO tile_cache: tile_cache: forbid_remote=True (cache-only mode)
2026-09-14 15:43:03,276 INFO zenodo_cache: Fetching ZIP index from https://zenodo.org/api/records/19650075/draft/files/copernicus_harmonics_cell_47.0_48.0_12.0_14.0.zip/content
2026-09-14 15:43:08,664 INFO object_segmentation:   elevated layer: 325101 px → 2944 segments
2026-09-14 15:43:14,106 INFO object_segmentation:   ground layer: 1890633 px → 2255 segments
2026-09-14 15:43:20,559 INFO texture_features: Using pre-loaded grey image for texture (1500x1500)
2026-09-14 15:43:20,559 INFO texture_features: Computing per-segment GLCM texture at 0.50m (1500x1500)
2026-09-14 15:43:22,683 INFO texture_features: Computed texture for 4440 segments
2026-09-14 15:43:24,324 INFO segv2.build: KG 58037-northeast tile 6: 5199 segments, labelled 77%
2026-09-14 15:43:26,747 INFO object_segmentation: NDVI fusion: BEV mean=0.024, Cop mean=0.514, Fused mean=0.515, offset mean=0.492
2026-09-14 15:43:27,057 INFO tile_cache: tile_cache: forbid_remote=True (cache-only mode)
2026-09-14 15:43:27,093 INFO zenodo_cache: Fetching ZIP index from https://zenodo.org/api/records/19650075/draft/files/copernicus_harmonics_cell_47.0_48.0_12.0_14.0.zip/content
2026-09-14 15:43:34,828 INFO object_segmentation:   elevated layer: 28180 px → 529 segments
2026-09-14 15:43:56,753 INFO object_segmentation:   ground layer: 538952 px → 528 segments
2026-09-14 15:43:58,403 INFO texture_features: Using pre-loaded grey image for texture (1500x1500)
2026-09-14 15:43:58,403 INFO texture_features: Computing per-segment GLCM texture at 0.50m (1500x1500)
2026-09-14 15:43:58,825 INFO texture_features: Computed texture for 855 segments
2026-09-14 15:43:59,429 INFO segv2.build: KG 58037-northeast tile 7: 1057 segments, labelled 53%
2026-09-14 15:44:01,769 INFO object_segmentation: NDVI fusion: BEV mean=0.230, Cop mean=0.693, Fused mean=0.692, offset mean=0.461
2026-09-14 15:44:01,984 INFO tile_cache: tile_cache: forbid_remote=True (cache-only mode)
2026-09-14 15:44:02,022 INFO zenodo_cache: Fetching ZIP index from https://zenodo.org/api/records/19650075/draft/files/copernicus_harmonics_cell_47.0_48.0_12.0_14.0.zip/content
2026-09-14 15:44:07,947 INFO object_segmentation:   elevated layer: 960933 px → 4636 segments
2026-09-14 15:44:13,062 INFO object_segmentation:   ground layer: 1099495 px → 2743 segments
2026-09-14 15:44:20,200 INFO texture_features: Using pre-loaded grey image for texture (1500x1500)
2026-09-14 15:44:20,200 INFO texture_features: Computing per-segment GLCM texture at 0.50m (1500x1500)
2026-09-14 15:44:22,980 INFO texture_features: Computed texture for 6252 segments
2026-09-14 15:44:24,885 INFO segv2.build: KG 58037-northeast tile 10: 7379 segments, labelled 90%
2026-09-14 15:44:27,233 INFO object_segmentation: NDVI fusion: BEV mean=0.046, Cop mean=0.491, Fused mean=0.491, offset mean=0.445
2026-09-14 15:44:27,492 INFO tile_cache: tile_cache: forbid_remote=True (cache-only mode)
2026-09-14 15:44:27,531 INFO zenodo_cache: Fetching ZIP index from https://zenodo.org/api/records/19650075/draft/files/copernicus_harmonics_cell_47.0_48.0_12.0_14.0.zip/content
2026-09-14 15:44:33,143 INFO object_segmentation:   elevated layer: 308466 px → 2930 segments
2026-09-14 15:44:38,769 INFO object_segmentation:   ground layer: 1623558 px → 2126 segments
2026-09-14 15:44:44,272 INFO texture_features: Using pre-loaded grey image for texture (1500x1500)
2026-09-14 15:44:44,272 INFO texture_features: Computing per-segment GLCM texture at 0.50m (1500x1500)
2026-09-14 15:44:46,103 INFO texture_features: Computed texture for 4206 segments
2026-09-14 15:44:47,483 INFO segv2.build: KG 58037-northeast tile 11: 5056 segments, labelled 56%
2026-09-14 15:44:49,974 INFO object_segmentation: NDVI fusion: BEV mean=0.034, Cop mean=0.489, Fused mean=0.509, offset mean=0.493
2026-09-14 15:44:50,233 INFO tile_cache: tile_cache: forbid_remote=True (cache-only mode)
2026-09-14 15:44:50,281 INFO zenodo_cache: Fetching ZIP index from https://zenodo.org/api/records/19650075/draft/files/copernicus_harmonics_cell_47.0_48.0_12.0_14.0.zip/content
2026-09-14 15:45:09,276 INFO object_segmentation:   elevated layer: 583 px → 15 segments
2026-09-14 15:45:21,715 INFO object_segmentation:   ground layer: 59912 px → 46 segments
2026-09-14 15:45:22,032 INFO texture_features: Using pre-loaded grey image for texture (1500x1500)
2026-09-14 15:45:22,032 INFO texture_features: Computing per-segment GLCM texture at 0.50m (1500x1500)
2026-09-14 15:45:22,071 INFO texture_features: Computed texture for 57 segments
2026-09-14 15:45:22,394 INFO segv2.build: KG 58037-northeast tile 12: 61 segments, labelled 5%
2026-09-14 15:45:24,763 INFO object_segmentation: NDVI fusion: BEV mean=0.276, Cop mean=0.747, Fused mean=0.747, offset mean=0.469
2026-09-14 15:45:25,008 INFO tile_cache: tile_cache: forbid_remote=True (cache-only mode)
2026-09-14 15:45:25,049 INFO zenodo_cache: Fetching ZIP index from https://zenodo.org/api/records/19650075/draft/files/copernicus_harmonics_cell_47.0_48.0_12.0_14.0.zip/content
2026-09-14 15:45:31,473 INFO object_segmentation:   elevated layer: 1306179 px → 4204 segments
2026-09-14 15:45:37,109 INFO object_segmentation:   ground layer: 646577 px → 2110 segments
2026-09-14 15:45:43,847 INFO texture_features: Using pre-loaded grey image for texture (1500x1500)
2026-09-14 15:45:43,848 INFO texture_features: Computing per-segment GLCM texture at 0.50m (1500x1500)
2026-09-14 15:45:46,247 INFO texture_features: Computed texture for 5576 segments
2026-09-14 15:45:47,998 INFO segv2.build: KG 58037-northeast tile 15: 6314 segments, labelled 78%
2026-09-14 15:45:50,386 INFO object_segmentation: NDVI fusion: BEV mean=0.021, Cop mean=0.502, Fused mean=0.502, offset mean=0.481
2026-09-14 15:45:50,638 INFO tile_cache: tile_cache: forbid_remote=True (cache-only mode)
2026-09-14 15:45:50,677 INFO zenodo_cache: Fetching ZIP index from https://zenodo.org/api/records/19650075/draft/files/copernicus_harmonics_cell_47.0_48.0_12.0_14.0.zip/content
2026-09-14 15:45:56,066 INFO object_segmentation:   elevated layer: 179404 px → 2203 segments
2026-09-14 15:46:01,516 INFO object_segmentation:   ground layer: 1521844 px → 1782 segments
2026-09-14 15:46:06,341 INFO texture_features: Using pre-loaded grey image for texture (1500x1500)
2026-09-14 15:46:06,341 INFO texture_features: Computing per-segment GLCM texture at 0.50m (1500x1500)
2026-09-14 15:46:07,861 INFO texture_features: Computed texture for 3318 segments
2026-09-14 15:46:08,972 INFO segv2.build: KG 58037-northeast tile 16: 3985 segments, labelled 52%
2026-09-14 15:46:11,076 INFO object_segmentation: NDVI fusion: BEV mean=0.180, Cop mean=0.629, Fused mean=0.628, offset mean=0.527
2026-09-14 15:46:11,276 INFO tile_cache: tile_cache: forbid_remote=True (cache-only mode)
2026-09-14 15:46:11,314 INFO zenodo_cache: Fetching ZIP index from https://zenodo.org/api/records/19650075/draft/files/copernicus_harmonics_cell_47.0_48.0_12.0_14.0.zip/content
2026-09-14 15:46:17,044 INFO object_segmentation:   elevated layer: 1129837 px → 3546 segments
2026-09-14 15:46:21,214 INFO object_segmentation:   ground layer: 906298 px → 1586 segments
2026-09-14 15:46:27,235 INFO texture_features: Using pre-loaded grey image for texture (1500x1394)
2026-09-14 15:46:27,236 INFO texture_features: Computing per-segment GLCM texture at 0.50m (1500x1394)
2026-09-14 15:46:29,404 INFO texture_features: Computed texture for 4526 segments
2026-09-14 15:46:31,070 INFO segv2.build: KG 58037-northeast tile 20: 5132 segments, labelled 71%
2026-09-14 15:46:33,208 INFO object_segmentation: NDVI fusion: BEV mean=0.110, Cop mean=0.643, Fused mean=0.643, offset mean=0.532
2026-09-14 15:46:33,415 INFO tile_cache: tile_cache: forbid_remote=True (cache-only mode)
2026-09-14 15:46:33,453 INFO zenodo_cache: Fetching ZIP index from https://zenodo.org/api/records/19650075/draft/files/copernicus_harmonics_cell_47.0_48.0_12.0_14.0.zip/content
2026-09-14 15:46:38,995 INFO object_segmentation:   elevated layer: 406739 px → 2984 segments
2026-09-14 15:46:44,097 INFO object_segmentation:   ground layer: 1531330 px → 1854 segments
2026-09-14 15:46:49,579 INFO texture_features: Using pre-loaded grey image for texture (1500x1394)
2026-09-14 15:46:49,579 INFO texture_features: Computing per-segment GLCM texture at 0.50m (1500x1394)
2026-09-14 15:46:51,421 INFO texture_features: Computed texture for 4099 segments
2026-09-14 15:46:52,742 INFO segv2.build: KG 58037-northeast tile 21: 4838 segments, labelled 68%
2026-09-14 15:46:54,886 INFO object_segmentation: NDVI fusion: BEV mean=0.087, Cop mean=0.587, Fused mean=0.610, offset mean=0.541
2026-09-14 15:46:55,112 INFO tile_cache: tile_cache: forbid_remote=True (cache-only mode)
2026-09-14 15:46:55,152 INFO zenodo_cache: Fetching ZIP index from https://zenodo.org/api/records/19650075/draft/files/copernicus_harmonics_cell_47.0_48.0_12.0_14.0.zip/content
2026-09-14 15:47:12,678 INFO object_segmentation:   elevated layer: 5212 px → 139 segments
2026-09-14 15:47:29,012 INFO object_segmentation:   ground layer: 162092 px → 129 segments
2026-09-14 15:47:29,640 INFO texture_features: Using pre-loaded grey image for texture (1500x1394)
2026-09-14 15:47:29,641 INFO texture_features: Computing per-segment GLCM texture at 0.50m (1500x1394)
2026-09-14 15:47:29,760 INFO texture_features: Computed texture for 219 segments
2026-09-14 15:47:30,116 INFO segv2.build: KG 58037-northeast tile 22: 268 segments, labelled 18%
2026-09-14 15:47:30,413 INFO segv2.build: KG 58037-northeast done: 47487 segs, 34682 labelled (15957 good) in 586s
2026-09-14 15:50:59,147 INFO segv2.fetch: downloaded 72010-south_full.gpkg: 1815 MB in 206s (8.8 MB/s)
2026-09-14 15:51:11,508 INFO segv2.labels: KG 72010 cadastre: 1863 footprints, 5987 landuse polys, 949 parcels
2026-09-14 15:51:11,944 INFO segv2.labels: KG 72010 osm: 35 road, 0 rail, 78 water lines, 4 water areas; invekos: 272
2026-09-14 15:51:14,659 INFO object_segmentation: NDVI fusion: BEV mean=0.199, Cop mean=0.742, Fused mean=0.741, offset mean=0.539
2026-09-14 15:51:14,833 INFO tile_cache: tile_cache: forbid_remote=True (cache-only mode)
2026-09-14 15:51:21,488 INFO object_segmentation:   elevated layer: 905641 px → 1684 segments
2026-09-14 15:51:25,935 INFO object_segmentation:   ground layer: 123868 px → 567 segments
2026-09-14 15:51:28,918 INFO texture_features: Using pre-loaded grey image for texture (1500x1500)
2026-09-14 15:51:28,918 INFO texture_features: Computing per-segment GLCM texture at 0.50m (1500x1500)
2026-09-14 15:51:29,875 INFO texture_features: Computed texture for 2063 segments
2026-09-14 15:51:30,752 INFO segv2.build: KG 72010-south tile 0: 2251 segments, labelled 68%
2026-09-14 15:51:33,076 INFO object_segmentation: NDVI fusion: BEV mean=0.237, Cop mean=0.804, Fused mean=0.804, offset mean=0.565
2026-09-14 15:51:33,292 INFO tile_cache: tile_cache: forbid_remote=True (cache-only mode)
2026-09-14 15:51:40,591 INFO object_segmentation:   elevated layer: 1730770 px → 3034 segments
2026-09-14 15:51:44,687 INFO object_segmentation:   ground layer: 272450 px → 960 segments
2026-09-14 15:51:50,052 INFO texture_features: Using pre-loaded grey image for texture (1500x1500)
2026-09-14 15:51:50,052 INFO texture_features: Computing per-segment GLCM texture at 0.50m (1500x1500)
2026-09-14 15:51:51,787 INFO texture_features: Computed texture for 3679 segments
2026-09-14 15:51:53,288 INFO segv2.build: KG 72010-south tile 1: 3994 segments, labelled 75%
2026-09-14 15:51:55,706 INFO object_segmentation: NDVI fusion: BEV mean=0.261, Cop mean=0.828, Fused mean=0.827, offset mean=0.564
2026-09-14 15:51:55,933 INFO tile_cache: tile_cache: forbid_remote=True (cache-only mode)
2026-09-14 15:52:02,292 INFO object_segmentation:   elevated layer: 619373 px → 1377 segments
2026-09-14 15:52:08,906 INFO object_segmentation:   ground layer: 31305 px → 128 segments
2026-09-14 15:52:10,818 INFO texture_features: Using pre-loaded grey image for texture (1500x1500)
2026-09-14 15:52:10,819 INFO texture_features: Computing per-segment GLCM texture at 0.50m (1500x1500)
2026-09-14 15:52:11,460 INFO texture_features: Computed texture for 1465 segments
2026-09-14 15:52:12,274 INFO segv2.build: KG 72010-south tile 2: 1505 segments, labelled 56%
2026-09-14 15:52:14,489 INFO object_segmentation: NDVI fusion: BEV mean=0.183, Cop mean=0.745, Fused mean=0.744, offset mean=0.606
2026-09-14 15:52:14,679 INFO tile_cache: tile_cache: forbid_remote=True (cache-only mode)
2026-09-14 15:52:31,759 INFO object_segmentation:   elevated layer: 119906 px → 280 segments
2026-09-14 15:52:38,639 INFO object_segmentation:   ground layer: 1552 px → 23 segments
2026-09-14 15:52:39,159 INFO texture_features: Using pre-loaded grey image for texture (1500x1500)
2026-09-14 15:52:39,159 INFO texture_features: Computing per-segment GLCM texture at 0.50m (1500x1500)
2026-09-14 15:52:39,297 INFO texture_features: Computed texture for 298 segments
2026-09-14 15:52:39,767 INFO segv2.build: KG 72010-south tile 3: 303 segments, labelled 19%
2026-09-14 15:52:42,064 INFO object_segmentation: NDVI fusion: BEV mean=0.265, Cop mean=0.784, Fused mean=0.784, offset mean=0.517
2026-09-14 15:52:42,287 INFO tile_cache: tile_cache: forbid_remote=True (cache-only mode)
2026-09-14 15:52:48,238 INFO object_segmentation:   elevated layer: 1796162 px → 3279 segments
2026-09-14 15:52:52,439 INFO object_segmentation:   ground layer: 308717 px → 1208 segments
2026-09-14 15:52:58,123 INFO texture_features: Using pre-loaded grey image for texture (1500x1500)
2026-09-14 15:52:58,123 INFO texture_features: Computing per-segment GLCM texture at 0.50m (1500x1500)
2026-09-14 15:53:00,074 INFO texture_features: Computed texture for 4120 segments
2026-09-14 15:53:01,531 INFO segv2.build: KG 72010-south tile 5: 4487 segments, labelled 76%
2026-09-14 15:53:03,851 INFO object_segmentation: NDVI fusion: BEV mean=0.306, Cop mean=0.838, Fused mean=0.838, offset mean=0.533
2026-09-14 15:53:04,105 INFO tile_cache: tile_cache: forbid_remote=True (cache-only mode)
2026-09-14 15:53:10,406 INFO object_segmentation:   elevated layer: 1896032 px → 4297 segments
2026-09-14 15:53:19,778 INFO object_segmentation:   ground layer: 353838 px → 1007 segments
2026-09-14 15:53:26,146 INFO texture_features: Using pre-loaded grey image for texture (1500x1500)
2026-09-14 15:53:26,147 INFO texture_features: Computing per-segment GLCM texture at 0.50m (1500x1500)
2026-09-14 15:53:28,416 INFO texture_features: Computed texture for 5020 segments
2026-09-14 15:53:30,263 INFO segv2.build: KG 72010-south tile 6: 5304 segments, labelled 71%
2026-09-14 15:53:32,644 INFO object_segmentation: NDVI fusion: BEV mean=0.286, Cop mean=0.819, Fused mean=0.819, offset mean=0.533
2026-09-14 15:53:32,907 INFO tile_cache: tile_cache: forbid_remote=True (cache-only mode)
2026-09-14 15:53:38,682 INFO object_segmentation:   elevated layer: 1949364 px → 4453 segments
2026-09-14 15:53:45,342 INFO object_segmentation:   ground layer: 247169 px → 1069 segments
2026-09-14 15:53:51,852 INFO texture_features: Using pre-loaded grey image for texture (1500x1500)
2026-09-14 15:53:51,852 INFO texture_features: Computing per-segment GLCM texture at 0.50m (1500x1500)
2026-09-14 15:53:54,224 INFO texture_features: Computed texture for 5149 segments
2026-09-14 15:53:55,836 INFO segv2.build: KG 72010-south tile 7: 5522 segments, labelled 11%
2026-09-14 15:53:58,192 INFO object_segmentation: NDVI fusion: BEV mean=0.227, Cop mean=0.780, Fused mean=0.779, offset mean=0.579
2026-09-14 15:53:58,423 INFO tile_cache: tile_cache: forbid_remote=True (cache-only mode)
2026-09-14 15:54:04,785 INFO object_segmentation:   elevated layer: 1732687 px → 3226 segments
2026-09-14 15:54:08,748 INFO object_segmentation:   ground layer: 265171 px → 1075 segments
2026-09-14 15:54:14,843 INFO texture_features: Using pre-loaded grey image for texture (1500x1500)
2026-09-14 15:54:14,843 INFO texture_features: Computing per-segment GLCM texture at 0.50m (1500x1500)
2026-09-14 15:54:16,578 INFO texture_features: Computed texture for 3875 segments
2026-09-14 15:54:18,025 INFO segv2.build: KG 72010-south tile 8: 4301 segments, labelled 10%
2026-09-14 15:54:20,281 INFO object_segmentation: NDVI fusion: BEV mean=0.208, Cop mean=0.646, Fused mean=0.651, offset mean=0.481
2026-09-14 15:54:20,446 INFO tile_cache: tile_cache: forbid_remote=True (cache-only mode)
2026-09-14 15:54:25,780 INFO object_segmentation:   elevated layer: 967448 px → 2533 segments
2026-09-14 15:54:31,372 INFO object_segmentation:   ground layer: 250466 px → 1007 segments
2026-09-14 15:54:35,492 INFO texture_features: Using pre-loaded grey image for texture (1500x1500)
2026-09-14 15:54:35,492 INFO texture_features: Computing per-segment GLCM texture at 0.50m (1500x1500)
2026-09-14 15:54:37,029 INFO texture_features: Computed texture for 3213 segments
2026-09-14 15:54:38,014 INFO segv2.build: KG 72010-south tile 10: 3540 segments, labelled 65%
2026-09-14 15:54:40,330 INFO object_segmentation: NDVI fusion: BEV mean=0.305, Cop mean=0.785, Fused mean=0.785, offset mean=0.480
2026-09-14 15:54:40,582 INFO tile_cache: tile_cache: forbid_remote=True (cache-only mode)
2026-09-14 15:54:46,311 INFO object_segmentation:   elevated layer: 1971366 px → 4078 segments
2026-09-14 15:54:50,628 INFO object_segmentation:   ground layer: 278622 px → 1115 segments
2026-09-14 15:54:56,993 INFO texture_features: Using pre-loaded grey image for texture (1500x1500)
2026-09-14 15:54:56,993 INFO texture_features: Computing per-segment GLCM texture at 0.50m (1500x1500)
2026-09-14 15:54:59,192 INFO texture_features: Computed texture for 4813 segments
2026-09-14 15:55:00,928 INFO segv2.build: KG 72010-south tile 11: 5193 segments, labelled 62%
2026-09-14 15:55:03,292 INFO object_segmentation: NDVI fusion: BEV mean=0.204, Cop mean=0.682, Fused mean=0.682, offset mean=0.478
2026-09-14 15:55:03,537 INFO tile_cache: tile_cache: forbid_remote=True (cache-only mode)
2026-09-14 15:55:09,182 INFO object_segmentation:   elevated layer: 1709944 px → 4723 segments
2026-09-14 15:55:22,002 INFO object_segmentation:   ground layer: 540056 px → 1915 segments
2026-09-14 15:55:29,246 INFO texture_features: Using pre-loaded grey image for texture (1500x1500)
2026-09-14 15:55:29,246 INFO texture_features: Computing per-segment GLCM texture at 0.50m (1500x1500)
2026-09-14 15:55:32,062 INFO texture_features: Computed texture for 6078 segments
2026-09-14 15:55:33,780 INFO segv2.build: KG 72010-south tile 12: 6638 segments, labelled 55%
2026-09-14 15:55:36,057 INFO object_segmentation: NDVI fusion: BEV mean=0.211, Cop mean=0.728, Fused mean=0.728, offset mean=0.516
2026-09-14 15:55:36,313 INFO tile_cache: tile_cache: forbid_remote=True (cache-only mode)
2026-09-14 15:55:42,666 INFO object_segmentation:   elevated layer: 1230261 px → 3079 segments
2026-09-14 15:55:47,038 INFO object_segmentation:   ground layer: 313347 px → 1196 segments
2026-09-14 15:55:51,869 INFO texture_features: Using pre-loaded grey image for texture (1500x1500)
2026-09-14 15:55:51,869 INFO texture_features: Computing per-segment GLCM texture at 0.50m (1500x1500)
2026-09-14 15:55:53,648 INFO texture_features: Computed texture for 3925 segments
2026-09-14 15:55:54,955 INFO segv2.build: KG 72010-south tile 13: 4275 segments, labelled 59%
2026-09-14 15:55:57,188 INFO object_segmentation: NDVI fusion: BEV mean=0.135, Cop mean=0.598, Fused mean=0.581, offset mean=0.535
2026-09-14 15:55:57,318 INFO tile_cache: tile_cache: forbid_remote=True (cache-only mode)
2026-09-14 15:56:20,552 INFO object_segmentation:   elevated layer: 61905 px → 566 segments
2026-09-14 15:56:49,486 INFO object_segmentation:   ground layer: 232059 px → 435 segments
2026-09-14 15:56:50,787 INFO texture_features: Using pre-loaded grey image for texture (1500x1500)
2026-09-14 15:56:50,787 INFO texture_features: Computing per-segment GLCM texture at 0.50m (1500x1500)
2026-09-14 15:56:51,168 INFO texture_features: Computed texture for 859 segments
2026-09-14 15:56:51,473 INFO segv2.build: KG 72010-south tile 15: 1001 segments, labelled 23%
2026-09-14 15:56:53,795 INFO object_segmentation: NDVI fusion: BEV mean=0.136, Cop mean=0.528, Fused mean=0.529, offset mean=0.393
2026-09-14 15:56:54,002 INFO tile_cache: tile_cache: forbid_remote=True (cache-only mode)
2026-09-14 15:56:59,885 INFO object_segmentation:   elevated layer: 913231 px → 3502 segments
2026-09-14 15:57:05,101 INFO object_segmentation:   ground layer: 883751 px → 1747 segments
2026-09-14 15:57:11,202 INFO texture_features: Using pre-loaded grey image for texture (1500x1500)
2026-09-14 15:57:11,202 INFO texture_features: Computing per-segment GLCM texture at 0.50m (1500x1500)
2026-09-14 15:57:13,381 INFO texture_features: Computed texture for 4573 segments
2026-09-14 15:57:14,776 INFO segv2.build: KG 72010-south tile 16: 5249 segments, labelled 46%
2026-09-14 15:57:17,033 INFO object_segmentation: NDVI fusion: BEV mean=0.230, Cop mean=0.653, Fused mean=0.653, offset mean=0.447
2026-09-14 15:57:17,270 INFO tile_cache: tile_cache: forbid_remote=True (cache-only mode)
2026-09-14 15:57:22,853 INFO object_segmentation:   elevated layer: 1235928 px → 3135 segments
2026-09-14 15:57:27,837 INFO object_segmentation:   ground layer: 964108 px → 1285 segments
2026-09-14 15:57:33,896 INFO texture_features: Using pre-loaded grey image for texture (1500x1500)
2026-09-14 15:57:33,897 INFO texture_features: Computing per-segment GLCM texture at 0.50m (1500x1500)
2026-09-14 15:57:35,753 INFO texture_features: Computed texture for 4009 segments
2026-09-14 15:57:37,399 INFO segv2.build: KG 72010-south tile 17: 4420 segments, labelled 68%
2026-09-14 15:57:39,776 INFO object_segmentation: NDVI fusion: BEV mean=0.102, Cop mean=0.490, Fused mean=0.491, offset mean=0.433
2026-09-14 15:57:39,986 INFO tile_cache: tile_cache: forbid_remote=True (cache-only mode)
2026-09-14 15:57:49,963 INFO object_segmentation:   elevated layer: 410472 px → 1629 segments
2026-09-14 15:57:59,589 INFO object_segmentation:   ground layer: 486583 px → 806 segments
2026-09-14 15:58:02,486 INFO texture_features: Using pre-loaded grey image for texture (1500x1500)
2026-09-14 15:58:02,486 INFO texture_features: Computing per-segment GLCM texture at 0.50m (1500x1500)
2026-09-14 15:58:03,513 INFO texture_features: Computed texture for 2165 segments
2026-09-14 15:58:04,396 INFO segv2.build: KG 72010-south tile 18: 2435 segments, labelled 58%
2026-09-14 15:58:04,577 INFO object_segmentation: NDVI fusion: BEV mean=0.181, Cop mean=0.464, Fused mean=0.489, offset mean=0.493
2026-09-14 15:58:04,603 INFO tile_cache: tile_cache: forbid_remote=True (cache-only mode)
2026-09-14 15:58:04,823 INFO object_segmentation: NDVI fusion: BEV mean=0.000, Cop mean=0.000, Fused mean=0.000, offset mean=0.000
2026-09-14 15:58:04,845 INFO tile_cache: tile_cache: forbid_remote=True (cache-only mode)
2026-09-14 15:58:04,934 INFO object_segmentation:   ground layer: 30285 px → 1 segments
2026-09-14 15:58:05,054 INFO texture_features: Using pre-loaded grey image for texture (1500x27)
2026-09-14 15:58:05,055 INFO texture_features: Computing per-segment GLCM texture at 0.50m (1500x27)
2026-09-14 15:58:05,056 INFO texture_features: Computed texture for 1 segments
2026-09-14 15:58:05,058 ERROR segv2.build: KG 72010-south failed
Traceback (most recent call last):
  File "/home/exedev/srtm-lidar/segv2/build_dataset.py", line 139, in build_kg
    df = F2.extract(seg, L, context=ctx_r, obs_year=obs_year)
         ^^^^^^^^^^^^^^^^^^^^^^^^^^^^^^^^^^^^^^^^^^^^^^^^^^^^
  File "/home/exedev/srtm-lidar/segv2/features.py", line 585, in extract
    wgt = F["area"][bi]
          ~~~~~~~~~^^^^
IndexError: arrays used as indices must be of integer (or boolean) type
2026-09-14 16:01:18,864 INFO segv2.fetch: downloaded 57118-east_full.gpkg: 2171 MB in 190s (11.4 MB/s)
2026-09-14 16:01:26,681 INFO segv2.labels: KG 57118 cadastre: 559 footprints, 1494 landuse polys, 553 parcels
2026-09-14 16:01:26,896 INFO segv2.labels: KG 57118 osm: 80 road, 1 rail, 135 water lines, 19 water areas; invekos: 194
2026-09-14 16:01:29,631 INFO object_segmentation: NDVI fusion: BEV mean=0.323, Cop mean=0.651, Fused mean=0.650, offset mean=0.326
2026-09-14 16:01:29,857 INFO tile_cache: tile_cache: forbid_remote=True (cache-only mode)
2026-09-14 16:01:29,897 INFO zenodo_cache: Fetching ZIP index from https://zenodo.org/api/records/19650075/draft/files/copernicus_harmonics_cell_47.0_48.0_12.0_14.0.zip/content
2026-09-14 16:01:52,178 INFO object_segmentation:   elevated layer: 403701 px → 1388 segments
2026-09-14 16:01:57,471 INFO object_segmentation:   ground layer: 138707 px → 766 segments
/home/exedev/.local/lib/python3.12/site-packages/numpy/lib/_nanfunctions_impl.py:1997: RuntimeWarning: Degrees of freedom <= 0 for slice.
  var = nanvar(a, axis=axis, dtype=dtype, out=out, ddof=ddof,
2026-09-14 16:01:59,516 INFO texture_features: Using pre-loaded grey image for texture (1500x1500)
2026-09-14 16:01:59,516 INFO texture_features: Computing per-segment GLCM texture at 0.50m (1500x1500)
2026-09-14 16:02:00,338 INFO texture_features: Computed texture for 1902 segments
2026-09-14 16:02:01,079 INFO segv2.build: KG 57118-east tile 4: 2154 segments, labelled 73%
2026-09-14 16:02:03,496 INFO object_segmentation: NDVI fusion: BEV mean=0.063, Cop mean=0.306, Fused mean=0.306, offset mean=0.241
2026-09-14 16:02:03,724 INFO tile_cache: tile_cache: forbid_remote=True (cache-only mode)
2026-09-14 16:02:03,765 INFO zenodo_cache: Fetching ZIP index from https://zenodo.org/api/records/19650075/draft/files/copernicus_harmonics_cell_47.0_48.0_12.0_14.0.zip/content
2026-09-14 16:02:08,990 INFO object_segmentation:   elevated layer: 44839 px → 875 segments
2026-09-14 16:02:22,752 INFO object_segmentation:   ground layer: 650923 px → 685 segments
2026-09-14 16:02:24,772 INFO texture_features: Using pre-loaded grey image for texture (1500x1500)
2026-09-14 16:02:24,772 INFO texture_features: Computing per-segment GLCM texture at 0.50m (1500x1500)
2026-09-14 16:02:25,370 INFO texture_features: Computed texture for 1295 segments
2026-09-14 16:02:26,049 INFO segv2.build: KG 57118-east tile 5: 1560 segments, labelled 92%
2026-09-14 16:02:28,418 INFO object_segmentation: NDVI fusion: BEV mean=0.002, Cop mean=0.224, Fused mean=0.147, offset mean=0.216
2026-09-14 16:02:28,531 INFO tile_cache: tile_cache: forbid_remote=True (cache-only mode)
2026-09-14 16:02:28,571 INFO zenodo_cache: Fetching ZIP index from https://zenodo.org/api/records/19650075/draft/files/copernicus_harmonics_cell_47.0_48.0_12.0_14.0.zip/content
2026-09-14 16:02:45,965 INFO object_segmentation:   elevated layer: 3966 px → 89 segments
2026-09-14 16:02:59,812 INFO object_segmentation:   ground layer: 71896 px → 112 segments
/home/exedev/.local/lib/python3.12/site-packages/numpy/lib/_nanfunctions_impl.py:1997: RuntimeWarning: Degrees of freedom <= 0 for slice.
  var = nanvar(a, axis=axis, dtype=dtype, out=out, ddof=ddof,
2026-09-14 16:03:00,225 INFO texture_features: Using pre-loaded grey image for texture (1500x1500)
2026-09-14 16:03:00,225 INFO texture_features: Computing per-segment GLCM texture at 0.50m (1500x1500)
2026-09-14 16:03:00,310 INFO texture_features: Computed texture for 174 segments
2026-09-14 16:03:00,556 INFO segv2.build: KG 57118-east tile 6: 201 segments, labelled 99%
2026-09-14 16:03:02,818 INFO object_segmentation: NDVI fusion: BEV mean=0.339, Cop mean=0.673, Fused mean=0.673, offset mean=0.332
2026-09-14 16:03:03,037 INFO tile_cache: tile_cache: forbid_remote=True (cache-only mode)
2026-09-14 16:03:03,075 INFO zenodo_cache: Fetching ZIP index from https://zenodo.org/api/records/19650075/draft/files/copernicus_harmonics_cell_47.0_48.0_12.0_14.0.zip/content
2026-09-14 16:03:09,415 INFO object_segmentation:   elevated layer: 1183868 px → 6375 segments
2026-09-14 16:03:14,440 INFO object_segmentation:   ground layer: 905720 px → 3613 segments
/home/exedev/.local/lib/python3.12/site-packages/numpy/lib/_nanfunctions_impl.py:1997: RuntimeWarning: Degrees of freedom <= 0 for slice.
  var = nanvar(a, axis=axis, dtype=dtype, out=out, ddof=ddof,
2026-09-14 16:03:22,920 INFO texture_features: Using pre-loaded grey image for texture (1500x1500)
2026-09-14 16:03:22,920 INFO texture_features: Computing per-segment GLCM texture at 0.50m (1500x1500)
2026-09-14 16:03:26,668 INFO texture_features: Computed texture for 8449 segments
2026-09-14 16:03:28,753 INFO segv2.build: KG 57118-east tile 8: 9988 segments, labelled 91%
2026-09-14 16:03:31,057 INFO object_segmentation: NDVI fusion: BEV mean=0.164, Cop mean=0.426, Fused mean=0.426, offset mean=0.262
2026-09-14 16:03:31,329 INFO tile_cache: tile_cache: forbid_remote=True (cache-only mode)
2026-09-14 16:03:31,366 INFO zenodo_cache: Fetching ZIP index from https://zenodo.org/api/records/19650075/draft/files/copernicus_harmonics_cell_47.0_48.0_12.0_14.0.zip/content
2026-09-14 16:03:37,981 INFO object_segmentation:   elevated layer: 436748 px → 4668 segments
2026-09-14 16:03:42,993 INFO object_segmentation:   ground layer: 1813251 px → 2834 segments
2026-09-14 16:03:49,957 INFO texture_features: Using pre-loaded grey image for texture (1500x1500)
2026-09-14 16:03:49,957 INFO texture_features: Computing per-segment GLCM texture at 0.50m (1500x1500)
2026-09-14 16:03:52,762 INFO texture_features: Computed texture for 6234 segments
2026-09-14 16:03:54,557 INFO segv2.build: KG 57118-east tile 9: 7502 segments, labelled 89%
2026-09-14 16:03:56,918 INFO object_segmentation: NDVI fusion: BEV mean=0.054, Cop mean=0.337, Fused mean=0.337, offset mean=0.284
2026-09-14 16:03:57,173 INFO tile_cache: tile_cache: forbid_remote=True (cache-only mode)
2026-09-14 16:03:57,212 INFO zenodo_cache: Fetching ZIP index from https://zenodo.org/api/records/19650075/draft/files/copernicus_harmonics_cell_47.0_48.0_12.0_14.0.zip/content
2026-09-14 16:04:03,519 INFO object_segmentation:   elevated layer: 248371 px → 4116 segments
2026-09-14 16:04:09,287 INFO object_segmentation:   ground layer: 1853132 px → 2395 segments
/home/exedev/.local/lib/python3.12/site-packages/numpy/lib/_nanfunctions_impl.py:1997: RuntimeWarning: Degrees of freedom <= 0 for slice.
  var = nanvar(a, axis=axis, dtype=dtype, out=out, ddof=ddof,
2026-09-14 16:04:15,879 INFO texture_features: Using pre-loaded grey image for texture (1500x1500)
2026-09-14 16:04:15,880 INFO texture_features: Computing per-segment GLCM texture at 0.50m (1500x1500)
2026-09-14 16:04:18,297 INFO texture_features: Computed texture for 5374 segments
2026-09-14 16:04:19,888 INFO segv2.build: KG 57118-east tile 10: 6511 segments, labelled 93%
2026-09-14 16:04:20,212 INFO object_segmentation: NDVI fusion: BEV mean=-0.014, Cop mean=0.033, Fused mean=0.031, offset mean=0.213
2026-09-14 16:04:20,252 INFO tile_cache: tile_cache: forbid_remote=True (cache-only mode)
2026-09-14 16:04:20,289 INFO zenodo_cache: Fetching ZIP index from https://zenodo.org/api/records/19650075/draft/files/copernicus_harmonics_cell_47.0_48.0_12.0_14.0.zip/content
2026-09-14 16:04:21,325 INFO object_segmentation:   elevated layer: 1041 px → 17 segments
2026-09-14 16:04:21,766 INFO object_segmentation:   ground layer: 32594 px → 18 segments
/home/exedev/.local/lib/python3.12/site-packages/numpy/lib/_nanfunctions_impl.py:1997: RuntimeWarning: Degrees of freedom <= 0 for slice.
  var = nanvar(a, axis=axis, dtype=dtype, out=out, ddof=ddof,
2026-09-14 16:04:21,869 INFO texture_features: Using pre-loaded grey image for texture (147x1500)
2026-09-14 16:04:21,869 INFO texture_features: Computing per-segment GLCM texture at 0.50m (147x1500)
2026-09-14 16:04:21,883 INFO texture_features: Computed texture for 28 segments
2026-09-14 16:04:21,934 INFO segv2.build: KG 57118-east tile 11: 35 segments, labelled 100%
2026-09-14 16:04:24,217 INFO object_segmentation: NDVI fusion: BEV mean=0.274, Cop mean=0.544, Fused mean=0.544, offset mean=0.268
2026-09-14 16:04:24,433 INFO tile_cache: tile_cache: forbid_remote=True (cache-only mode)
2026-09-14 16:04:24,473 INFO zenodo_cache: Fetching ZIP index from https://zenodo.org/api/records/19650075/draft/files/copernicus_harmonics_cell_47.0_48.0_12.0_14.0.zip/content
2026-09-14 16:04:34,113 INFO object_segmentation:   elevated layer: 773008 px → 4388 segments
2026-09-14 16:04:39,747 INFO object_segmentation:   ground layer: 738948 px → 2510 segments
/home/exedev/.local/lib/python3.12/site-packages/numpy/lib/_nanfunctions_impl.py:1997: RuntimeWarning: Degrees of freedom <= 0 for slice.
  var = nanvar(a, axis=axis, dtype=dtype, out=out, ddof=ddof,
2026-09-14 16:04:46,144 INFO texture_features: Using pre-loaded grey image for texture (1500x1500)
2026-09-14 16:04:46,145 INFO texture_features: Computing per-segment GLCM texture at 0.50m (1500x1500)
2026-09-14 16:04:48,743 INFO texture_features: Computed texture for 5736 segments
2026-09-14 16:04:50,250 INFO segv2.build: KG 57118-east tile 12: 6898 segments, labelled 39%
2026-09-14 16:04:52,695 INFO object_segmentation: NDVI fusion: BEV mean=0.316, Cop mean=0.605, Fused mean=0.605, offset mean=0.288
2026-09-14 16:04:52,971 INFO tile_cache: tile_cache: forbid_remote=True (cache-only mode)
2026-09-14 16:04:53,005 INFO zenodo_cache: Fetching ZIP index from https://zenodo.org/api/records/19650075/draft/files/copernicus_harmonics_cell_47.0_48.0_12.0_14.0.zip/content
2026-09-14 16:04:58,546 INFO object_segmentation:   elevated layer: 857721 px → 4694 segments
2026-09-14 16:05:07,081 INFO object_segmentation:   ground layer: 696565 px → 2465 segments
2026-09-14 16:05:13,381 INFO texture_features: Using pre-loaded grey image for texture (1500x1500)
2026-09-14 16:05:13,382 INFO texture_features: Computing per-segment GLCM texture at 0.50m (1500x1500)
2026-09-14 16:05:16,135 INFO texture_features: Computed texture for 6178 segments
2026-09-14 16:05:17,570 INFO segv2.build: KG 57118-east tile 13: 7159 segments, labelled 53%
2026-09-14 16:05:19,937 INFO object_segmentation: NDVI fusion: BEV mean=0.119, Cop mean=0.402, Fused mean=0.402, offset mean=0.283
2026-09-14 16:05:20,199 INFO tile_cache: tile_cache: forbid_remote=True (cache-only mode)
2026-09-14 16:05:20,239 INFO zenodo_cache: Fetching ZIP index from https://zenodo.org/api/records/19650075/draft/files/copernicus_harmonics_cell_47.0_48.0_12.0_14.0.zip/content
2026-09-14 16:05:54,598 INFO object_segmentation:   elevated layer: 181111 px → 1143 segments
2026-09-14 16:06:20,962 INFO object_segmentation:   ground layer: 204009 px → 644 segments
2026-09-14 16:06:22,588 INFO texture_features: Using pre-loaded grey image for texture (1500x1500)
2026-09-14 16:06:22,588 INFO texture_features: Computing per-segment GLCM texture at 0.50m (1500x1500)
2026-09-14 16:06:23,240 INFO texture_features: Computed texture for 1501 segments
2026-09-14 16:06:23,823 INFO segv2.build: KG 57118-east tile 14: 1787 segments, labelled 52%
2026-09-14 16:06:24,083 INFO segv2.build: KG 57118-east done: 43795 segs, 32420 labelled (20560 good) in 499s
2026-09-14 16:11:56,228 INFO segv2.fetch: downloaded 84003-southeast_full.gpkg: 2338 MB in 328s (7.1 MB/s)
2026-09-14 16:12:20,895 INFO segv2.labels: KG 84003 cadastre: 708 footprints, 3724 landuse polys, 1264 parcels
2026-09-14 16:12:21,336 INFO segv2.labels: KG 84003 osm: 0 road, 0 rail, 147 water lines, 19 water areas; invekos: 791
2026-09-14 16:12:24,104 INFO object_segmentation: NDVI fusion: BEV mean=0.244, Cop mean=0.747, Fused mean=0.747, offset mean=0.502
2026-09-14 16:12:24,280 INFO tile_cache: tile_cache: forbid_remote=True (cache-only mode)
2026-09-14 16:12:29,693 INFO object_segmentation:   elevated layer: 859989 px → 5059 segments
2026-09-14 16:12:35,088 INFO object_segmentation:   ground layer: 1369298 px → 2881 segments
/home/exedev/.local/lib/python3.12/site-packages/numpy/lib/_nanfunctions_impl.py:1997: RuntimeWarning: Degrees of freedom <= 0 for slice.
  var = nanvar(a, axis=axis, dtype=dtype, out=out, ddof=ddof,
2026-09-14 16:12:43,074 INFO texture_features: Using pre-loaded grey image for texture (1500x1500)
2026-09-14 16:12:43,074 INFO texture_features: Computing per-segment GLCM texture at 0.50m (1500x1500)
2026-09-14 16:12:46,164 INFO texture_features: Computed texture for 6718 segments
2026-09-14 16:12:48,355 INFO segv2.build: KG 84003-southeast tile 0: 7940 segments, labelled 98%
2026-09-14 16:12:50,722 INFO object_segmentation: NDVI fusion: BEV mean=0.103, Cop mean=0.509, Fused mean=0.510, offset mean=0.407
2026-09-14 16:12:50,962 INFO tile_cache: tile_cache: forbid_remote=True (cache-only mode)
2026-09-14 16:12:57,904 INFO object_segmentation:   elevated layer: 330712 px → 3202 segments
2026-09-14 16:13:03,643 INFO object_segmentation:   ground layer: 1905210 px → 2004 segments
/home/exedev/.local/lib/python3.12/site-packages/numpy/lib/_nanfunctions_impl.py:1997: RuntimeWarning: Degrees of freedom <= 0 for slice.
  var = nanvar(a, axis=axis, dtype=dtype, out=out, ddof=ddof,
2026-09-14 16:13:09,600 INFO texture_features: Using pre-loaded grey image for texture (1500x1500)
2026-09-14 16:13:09,600 INFO texture_features: Computing per-segment GLCM texture at 0.50m (1500x1500)
2026-09-14 16:13:11,650 INFO texture_features: Computed texture for 4209 segments
2026-09-14 16:13:13,270 INFO segv2.build: KG 84003-southeast tile 1: 5206 segments, labelled 98%
2026-09-14 16:13:15,607 INFO object_segmentation: NDVI fusion: BEV mean=0.136, Cop mean=0.571, Fused mean=0.571, offset mean=0.435
2026-09-14 16:13:15,830 INFO tile_cache: tile_cache: forbid_remote=True (cache-only mode)
2026-09-14 16:13:20,519 INFO object_segmentation:   elevated layer: 219196 px → 3007 segments
2026-09-14 16:13:25,624 INFO object_segmentation:   ground layer: 2024420 px → 2131 segments
/home/exedev/.local/lib/python3.12/site-packages/numpy/lib/_nanfunctions_impl.py:1997: RuntimeWarning: Degrees of freedom <= 0 for slice.
  var = nanvar(a, axis=axis, dtype=dtype, out=out, ddof=ddof,
2026-09-14 16:13:31,613 INFO texture_features: Using pre-loaded grey image for texture (1500x1500)
2026-09-14 16:13:31,613 INFO texture_features: Computing per-segment GLCM texture at 0.50m (1500x1500)
2026-09-14 16:13:33,624 INFO texture_features: Computed texture for 4213 segments
2026-09-14 16:13:35,301 INFO segv2.build: KG 84003-southeast tile 2: 5138 segments, labelled 96%
2026-09-14 16:13:37,346 INFO object_segmentation: NDVI fusion: BEV mean=-0.013, Cop mean=0.233, Fused mean=0.233, offset mean=0.244
2026-09-14 16:13:37,528 INFO tile_cache: tile_cache: forbid_remote=True (cache-only mode)
2026-09-14 16:13:41,604 INFO object_segmentation:   elevated layer: 143065 px → 2667 segments
2026-09-14 16:13:45,936 INFO object_segmentation:   ground layer: 1632842 px → 1832 segments
/home/exedev/.local/lib/python3.12/site-packages/numpy/lib/_nanfunctions_impl.py:1997: RuntimeWarning: Degrees of freedom <= 0 for slice.
  var = nanvar(a, axis=axis, dtype=dtype, out=out, ddof=ddof,
2026-09-14 16:13:50,719 INFO texture_features: Using pre-loaded grey image for texture (1261x1500)
2026-09-14 16:13:50,719 INFO texture_features: Computing per-segment GLCM texture at 0.50m (1261x1500)
2026-09-14 16:13:52,424 INFO texture_features: Computed texture for 3553 segments
2026-09-14 16:13:53,567 INFO segv2.build: KG 84003-southeast tile 3: 4499 segments, labelled 95%
2026-09-14 16:13:55,872 INFO object_segmentation: NDVI fusion: BEV mean=0.239, Cop mean=0.740, Fused mean=0.740, offset mean=0.502
2026-09-14 16:13:56,198 INFO tile_cache: tile_cache: forbid_remote=True (cache-only mode)
2026-09-14 16:14:01,694 INFO object_segmentation:   elevated layer: 660824 px → 3836 segments
2026-09-14 16:14:06,981 INFO object_segmentation:   ground layer: 1583035 px → 2312 segments
/home/exedev/.local/lib/python3.12/site-packages/numpy/lib/_nanfunctions_impl.py:1997: RuntimeWarning: Degrees of freedom <= 0 for slice.
  var = nanvar(a, axis=axis, dtype=dtype, out=out, ddof=ddof,
2026-09-14 16:14:14,212 INFO texture_features: Using pre-loaded grey image for texture (1500x1500)
2026-09-14 16:14:14,212 INFO texture_features: Computing per-segment GLCM texture at 0.50m (1500x1500)
2026-09-14 16:14:16,618 INFO texture_features: Computed texture for 5066 segments
2026-09-14 16:14:18,623 INFO segv2.build: KG 84003-southeast tile 4: 6148 segments, labelled 99%
2026-09-14 16:14:21,081 INFO object_segmentation: NDVI fusion: BEV mean=-0.016, Cop mean=0.210, Fused mean=0.210, offset mean=0.226
2026-09-14 16:14:21,356 INFO tile_cache: tile_cache: forbid_remote=True (cache-only mode)
2026-09-14 16:14:29,121 INFO object_segmentation:   elevated layer: 230829 px → 4192 segments
2026-09-14 16:14:34,145 INFO object_segmentation:   ground layer: 2019168 px → 2782 segments
2026-09-14 16:14:41,326 INFO texture_features: Using pre-loaded grey image for texture (1500x1500)
2026-09-14 16:14:41,326 INFO texture_features: Computing per-segment GLCM texture at 0.50m (1500x1500)
2026-09-14 16:14:43,986 INFO texture_features: Computed texture for 5579 segments
2026-09-14 16:14:45,606 INFO segv2.build: KG 84003-southeast tile 5: 6974 segments, labelled 96%
2026-09-14 16:14:47,964 INFO object_segmentation: NDVI fusion: BEV mean=0.072, Cop mean=0.476, Fused mean=0.476, offset mean=0.404
2026-09-14 16:14:48,213 INFO tile_cache: tile_cache: forbid_remote=True (cache-only mode)
2026-09-14 16:14:54,024 INFO object_segmentation:   elevated layer: 113429 px → 2054 segments
2026-09-14 16:14:59,487 INFO object_segmentation:   ground layer: 2136570 px → 2053 segments
2026-09-14 16:15:05,214 INFO texture_features: Using pre-loaded grey image for texture (1500x1500)
2026-09-14 16:15:05,215 INFO texture_features: Computing per-segment GLCM texture at 0.50m (1500x1500)
2026-09-14 16:15:06,879 INFO texture_features: Computed texture for 3318 segments
2026-09-14 16:15:08,541 INFO segv2.build: KG 84003-southeast tile 6: 4107 segments, labelled 92%
2026-09-14 16:15:10,516 INFO object_segmentation: NDVI fusion: BEV mean=0.009, Cop mean=0.270, Fused mean=0.270, offset mean=0.262
2026-09-14 16:15:10,716 INFO tile_cache: tile_cache: forbid_remote=True (cache-only mode)
2026-09-14 16:15:15,424 INFO object_segmentation:   elevated layer: 58176 px → 1281 segments
2026-09-14 16:15:20,287 INFO object_segmentation:   ground layer: 1273619 px → 1185 segments
/home/exedev/.local/lib/python3.12/site-packages/numpy/lib/_nanfunctions_impl.py:1997: RuntimeWarning: Degrees of freedom <= 0 for slice.
  var = nanvar(a, axis=axis, dtype=dtype, out=out, ddof=ddof,
2026-09-14 16:15:23,787 INFO texture_features: Using pre-loaded grey image for texture (1261x1500)
2026-09-14 16:15:23,787 INFO texture_features: Computing per-segment GLCM texture at 0.50m (1261x1500)
2026-09-14 16:15:24,706 INFO texture_features: Computed texture for 2010 segments
2026-09-14 16:15:25,655 INFO segv2.build: KG 84003-southeast tile 7: 2466 segments, labelled 99%
2026-09-14 16:15:27,968 INFO object_segmentation: NDVI fusion: BEV mean=0.210, Cop mean=0.659, Fused mean=0.659, offset mean=0.449
2026-09-14 16:15:28,214 INFO tile_cache: tile_cache: forbid_remote=True (cache-only mode)
2026-09-14 16:15:34,172 INFO object_segmentation:   elevated layer: 502735 px → 3413 segments
2026-09-14 16:15:39,848 INFO object_segmentation:   ground layer: 1736248 px → 2123 segments
/home/exedev/.local/lib/python3.12/site-packages/numpy/lib/_nanfunctions_impl.py:1997: RuntimeWarning: Degrees of freedom <= 0 for slice.
  var = nanvar(a, axis=axis, dtype=dtype, out=out, ddof=ddof,
2026-09-14 16:15:46,103 INFO texture_features: Using pre-loaded grey image for texture (1500x1500)
2026-09-14 16:15:46,104 INFO texture_features: Computing per-segment GLCM texture at 0.50m (1500x1500)
2026-09-14 16:15:48,291 INFO texture_features: Computed texture for 4655 segments
2026-09-14 16:15:50,153 INFO segv2.build: KG 84003-southeast tile 8: 5536 segments, labelled 97%
2026-09-14 16:15:52,521 INFO object_segmentation: NDVI fusion: BEV mean=-0.008, Cop mean=0.220, Fused mean=0.220, offset mean=0.229
2026-09-14 16:15:52,797 INFO tile_cache: tile_cache: forbid_remote=True (cache-only mode)
2026-09-14 16:15:57,762 INFO object_segmentation:   elevated layer: 117383 px → 2587 segments
2026-09-14 16:16:03,273 INFO object_segmentation:   ground layer: 2132617 px → 2008 segments
2026-09-14 16:16:09,039 INFO texture_features: Using pre-loaded grey image for texture (1500x1500)
2026-09-14 16:16:09,040 INFO texture_features: Computing per-segment GLCM texture at 0.50m (1500x1500)
2026-09-14 16:16:10,860 INFO texture_features: Computed texture for 3589 segments
2026-09-14 16:16:12,588 INFO segv2.build: KG 84003-southeast tile 9: 4595 segments, labelled 97%
2026-09-14 16:16:14,953 INFO object_segmentation: NDVI fusion: BEV mean=-0.063, Cop mean=0.100, Fused mean=0.099, offset mean=0.164
2026-09-14 16:16:15,226 INFO tile_cache: tile_cache: forbid_remote=True (cache-only mode)
2026-09-14 16:16:21,278 INFO object_segmentation:   elevated layer: 114213 px → 2251 segments
2026-09-14 16:16:27,756 INFO object_segmentation:   ground layer: 2135787 px → 1822 segments
2026-09-14 16:16:33,404 INFO texture_features: Using pre-loaded grey image for texture (1500x1500)
2026-09-14 16:16:33,404 INFO texture_features: Computing per-segment GLCM texture at 0.50m (1500x1500)
2026-09-14 16:16:34,952 INFO texture_features: Computed texture for 3207 segments
2026-09-14 16:16:36,458 INFO segv2.build: KG 84003-southeast tile 10: 4073 segments, labelled 100%
2026-09-14 16:16:38,582 INFO object_segmentation: NDVI fusion: BEV mean=-0.029, Cop mean=0.148, Fused mean=0.150, offset mean=0.180
2026-09-14 16:16:38,767 INFO tile_cache: tile_cache: forbid_remote=True (cache-only mode)
2026-09-14 16:16:44,439 INFO object_segmentation:   elevated layer: 61600 px → 1413 segments
2026-09-14 16:16:48,871 INFO object_segmentation:   ground layer: 706831 px → 884 segments
/home/exedev/.local/lib/python3.12/site-packages/numpy/lib/_nanfunctions_impl.py:1997: RuntimeWarning: Degrees of freedom <= 0 for slice.
  var = nanvar(a, axis=axis, dtype=dtype, out=out, ddof=ddof,
2026-09-14 16:16:51,212 INFO texture_features: Using pre-loaded grey image for texture (1261x1500)
2026-09-14 16:16:51,212 INFO texture_features: Computing per-segment GLCM texture at 0.50m (1261x1500)
2026-09-14 16:16:52,037 INFO texture_features: Computed texture for 1801 segments
2026-09-14 16:16:52,699 INFO segv2.build: KG 84003-southeast tile 11: 2297 segments, labelled 98%
2026-09-14 16:16:55,004 INFO object_segmentation: NDVI fusion: BEV mean=0.136, Cop mean=0.448, Fused mean=0.448, offset mean=0.313
2026-09-14 16:16:55,238 INFO tile_cache: tile_cache: forbid_remote=True (cache-only mode)
2026-09-14 16:16:59,594 INFO zenodo_cache: Restored harmonics_303fa2229b1fd31e.npz from Zenodo (4497858 bytes)
2026-09-14 16:17:08,106 INFO object_segmentation:   elevated layer: 311707 px → 3224 segments
2026-09-14 16:17:14,064 INFO object_segmentation:   ground layer: 1922480 px → 2051 segments
/home/exedev/.local/lib/python3.12/site-packages/numpy/lib/_nanfunctions_impl.py:1997: RuntimeWarning: Degrees of freedom <= 0 for slice.
  var = nanvar(a, axis=axis, dtype=dtype, out=out, ddof=ddof,
2026-09-14 16:17:20,233 INFO texture_features: Using pre-loaded grey image for texture (1500x1500)
2026-09-14 16:17:20,233 INFO texture_features: Computing per-segment GLCM texture at 0.50m (1500x1500)
2026-09-14 16:17:22,143 INFO texture_features: Computed texture for 4249 segments
2026-09-14 16:17:24,000 INFO segv2.build: KG 84003-southeast tile 12: 5275 segments, labelled 99%
2026-09-14 16:17:26,460 INFO object_segmentation: NDVI fusion: BEV mean=-0.052, Cop mean=0.049, Fused mean=0.043, offset mean=0.106
2026-09-14 16:17:26,731 INFO tile_cache: tile_cache: forbid_remote=True (cache-only mode)
2026-09-14 16:17:31,813 INFO object_segmentation:   elevated layer: 193188 px → 3568 segments
2026-09-14 16:17:37,967 INFO object_segmentation:   ground layer: 2056812 px → 2466 segments
2026-09-14 16:17:44,442 INFO texture_features: Using pre-loaded grey image for texture (1500x1500)
2026-09-14 16:17:44,442 INFO texture_features: Computing per-segment GLCM texture at 0.50m (1500x1500)
2026-09-14 16:17:46,522 INFO texture_features: Computed texture for 4773 segments
2026-09-14 16:17:48,043 INFO segv2.build: KG 84003-southeast tile 13: 6034 segments, labelled 100%
2026-09-14 16:17:50,356 INFO object_segmentation: NDVI fusion: BEV mean=-0.062, Cop mean=0.016, Fused mean=0.009, offset mean=0.081
2026-09-14 16:17:50,596 INFO tile_cache: tile_cache: forbid_remote=True (cache-only mode)
2026-09-14 16:17:57,315 INFO object_segmentation:   elevated layer: 171267 px → 2940 segments
2026-09-14 16:18:02,823 INFO object_segmentation:   ground layer: 1935531 px → 2266 segments
2026-09-14 16:18:08,625 INFO texture_features: Using pre-loaded grey image for texture (1500x1500)
2026-09-14 16:18:08,625 INFO texture_features: Computing per-segment GLCM texture at 0.50m (1500x1500)
2026-09-14 16:18:10,588 INFO texture_features: Computed texture for 4204 segments
2026-09-14 16:18:12,110 INFO segv2.build: KG 84003-southeast tile 14: 5206 segments, labelled 100%
2026-09-14 16:18:14,178 INFO object_segmentation: NDVI fusion: BEV mean=-0.050, Cop mean=0.112, Fused mean=0.114, offset mean=0.162
2026-09-14 16:18:14,338 INFO tile_cache: tile_cache: forbid_remote=True (cache-only mode)
2026-09-14 16:18:30,488 INFO object_segmentation:   elevated layer: 3165 px → 95 segments
2026-09-14 16:18:48,003 INFO object_segmentation:   ground layer: 167083 px → 163 segments
/home/exedev/.local/lib/python3.12/site-packages/numpy/lib/_nanfunctions_impl.py:1997: RuntimeWarning: Degrees of freedom <= 0 for slice.
  var = nanvar(a, axis=axis, dtype=dtype, out=out, ddof=ddof,
2026-09-14 16:18:48,560 INFO texture_features: Using pre-loaded grey image for texture (1261x1500)
2026-09-14 16:18:48,560 INFO texture_features: Computing per-segment GLCM texture at 0.50m (1261x1500)
2026-09-14 16:18:48,702 INFO texture_features: Computed texture for 214 segments
2026-09-14 16:18:49,018 INFO segv2.build: KG 84003-southeast tile 15: 258 segments, labelled 100%
2026-09-14 16:18:50,803 INFO object_segmentation: NDVI fusion: BEV mean=0.162, Cop mean=0.578, Fused mean=0.578, offset mean=0.417
2026-09-14 16:18:50,970 INFO tile_cache: tile_cache: forbid_remote=True (cache-only mode)
2026-09-14 16:18:55,265 INFO object_segmentation:   elevated layer: 68816 px → 1656 segments
2026-09-14 16:18:58,663 INFO object_segmentation:   ground layer: 1611494 px → 1282 segments
/home/exedev/.local/lib/python3.12/site-packages/numpy/lib/_nanfunctions_impl.py:1997: RuntimeWarning: Degrees of freedom <= 0 for slice.
  var = nanvar(a, axis=axis, dtype=dtype, out=out, ddof=ddof,
2026-09-14 16:19:02,693 INFO texture_features: Using pre-loaded grey image for texture (1500x1131)
2026-09-14 16:19:02,693 INFO texture_features: Computing per-segment GLCM texture at 0.50m (1500x1131)
2026-09-14 16:19:03,850 INFO texture_features: Computed texture for 2319 segments
2026-09-14 16:19:05,270 INFO segv2.build: KG 84003-southeast tile 16: 2938 segments, labelled 94%
2026-09-14 16:19:07,000 INFO object_segmentation: NDVI fusion: BEV mean=0.022, Cop mean=0.275, Fused mean=0.274, offset mean=0.256
2026-09-14 16:19:07,186 INFO tile_cache: tile_cache: forbid_remote=True (cache-only mode)
2026-09-14 16:19:10,634 INFO object_segmentation:   elevated layer: 27289 px → 847 segments
2026-09-14 16:19:14,778 INFO object_segmentation:   ground layer: 1661614 px → 981 segments
/home/exedev/.local/lib/python3.12/site-packages/numpy/lib/_nanfunctions_impl.py:1997: RuntimeWarning: Degrees of freedom <= 0 for slice.
  var = nanvar(a, axis=axis, dtype=dtype, out=out, ddof=ddof,
2026-09-14 16:19:18,114 INFO texture_features: Using pre-loaded grey image for texture (1500x1131)
2026-09-14 16:19:18,114 INFO texture_features: Computing per-segment GLCM texture at 0.50m (1500x1131)
2026-09-14 16:19:18,853 INFO texture_features: Computed texture for 1466 segments
2026-09-14 16:19:19,967 INFO segv2.build: KG 84003-southeast tile 17: 1828 segments, labelled 95%
2026-09-14 16:19:21,776 INFO object_segmentation: NDVI fusion: BEV mean=-0.069, Cop mean=0.042, Fused mean=0.037, offset mean=0.113
2026-09-14 16:19:21,964 INFO tile_cache: tile_cache: forbid_remote=True (cache-only mode)
2026-09-14 16:19:25,577 INFO object_segmentation:   elevated layer: 118031 px → 2557 segments
2026-09-14 16:19:29,436 INFO object_segmentation:   ground layer: 1543100 px → 1442 segments
/home/exedev/.local/lib/python3.12/site-packages/numpy/lib/_nanfunctions_impl.py:1997: RuntimeWarning: Degrees of freedom <= 0 for slice.
  var = nanvar(a, axis=axis, dtype=dtype, out=out, ddof=ddof,
2026-09-14 16:19:33,819 INFO texture_features: Using pre-loaded grey image for texture (1500x1131)
2026-09-14 16:19:33,820 INFO texture_features: Computing per-segment GLCM texture at 0.50m (1500x1131)
2026-09-14 16:19:35,140 INFO texture_features: Computed texture for 3057 segments
2026-09-14 16:19:36,284 INFO segv2.build: KG 84003-southeast tile 18: 3999 segments, labelled 100%
2026-09-14 16:19:37,835 INFO object_segmentation: NDVI fusion: BEV mean=-0.072, Cop mean=0.058, Fused mean=0.050, offset mean=0.134
2026-09-14 16:19:37,959 INFO tile_cache: tile_cache: forbid_remote=True (cache-only mode)
2026-09-14 16:19:46,797 INFO object_segmentation:   elevated layer: 25139 px → 558 segments
2026-09-14 16:19:58,411 INFO object_segmentation:   ground layer: 260721 px → 299 segments
/home/exedev/.local/lib/python3.12/site-packages/numpy/lib/_nanfunctions_impl.py:1997: RuntimeWarning: Degrees of freedom <= 0 for slice.
  var = nanvar(a, axis=axis, dtype=dtype, out=out, ddof=ddof,
2026-09-14 16:19:59,339 INFO texture_features: Using pre-loaded grey image for texture (1261x1131)
2026-09-14 16:19:59,339 INFO texture_features: Computing per-segment GLCM texture at 0.50m (1261x1131)
2026-09-14 16:19:59,718 INFO texture_features: Computed texture for 660 segments
2026-09-14 16:20:00,038 INFO segv2.build: KG 84003-southeast tile 19: 857 segments, labelled 100%
2026-09-14 16:20:00,583 INFO segv2.build: KG 84003-southeast done: 85374 segs, 83251 labelled (73477 good) in 816s
2026-09-14 16:23:12,010 INFO segv2.fetch: downloaded 57025-southeast_full.gpkg: 1579 MB in 189s (8.4 MB/s)
2026-09-14 16:23:17,639 INFO segv2.labels: KG 57025 cadastre: 4588 footprints, 7204 landuse polys, 932 parcels
2026-09-14 16:23:17,846 INFO segv2.labels: KG 57025 osm: 0 road, 0 rail, 119 water lines, 4 water areas; invekos: 123
2026-09-14 16:23:20,445 INFO object_segmentation: NDVI fusion: BEV mean=-0.158, Cop mean=0.385, Fused mean=0.377, offset mean=0.550
2026-09-14 16:23:20,624 INFO tile_cache: tile_cache: forbid_remote=True (cache-only mode)
2026-09-14 16:23:20,666 INFO zenodo_cache: Fetching ZIP index from https://zenodo.org/api/records/19650075/draft/files/copernicus_harmonics_cell_47.0_48.0_12.0_14.0.zip/content
2026-09-14 16:23:26,196 INFO object_segmentation:   elevated layer: 43080 px → 1120 segments
2026-09-14 16:23:31,905 INFO object_segmentation:   ground layer: 2008646 px → 1485 segments
2026-09-14 16:23:36,425 INFO texture_features: Using pre-loaded grey image for texture (1500x1500)
2026-09-14 16:23:36,425 INFO texture_features: Computing per-segment GLCM texture at 0.50m (1500x1500)
2026-09-14 16:23:37,397 INFO texture_features: Computed texture for 2173 segments
2026-09-14 16:23:38,636 INFO segv2.build: KG 57025-southeast tile 0: 2605 segments, labelled 80%
2026-09-14 16:23:41,069 INFO object_segmentation: NDVI fusion: BEV mean=-0.015, Cop mean=0.602, Fused mean=0.600, offset mean=0.617
2026-09-14 16:23:41,295 INFO tile_cache: tile_cache: forbid_remote=True (cache-only mode)
2026-09-14 16:23:41,335 INFO zenodo_cache: Fetching ZIP index from https://zenodo.org/api/records/19650075/draft/files/copernicus_harmonics_cell_47.0_48.0_12.0_14.0.zip/content
2026-09-14 16:23:47,179 INFO object_segmentation:   elevated layer: 331978 px → 4249 segments
2026-09-14 16:23:53,194 INFO object_segmentation:   ground layer: 1791249 px → 2331 segments
2026-09-14 16:24:00,049 INFO texture_features: Using pre-loaded grey image for texture (1500x1500)
2026-09-14 16:24:00,049 INFO texture_features: Computing per-segment GLCM texture at 0.50m (1500x1500)
2026-09-14 16:24:02,625 INFO texture_features: Computed texture for 5422 segments
2026-09-14 16:24:04,334 INFO segv2.build: KG 57025-southeast tile 1: 6580 segments, labelled 98%
2026-09-14 16:24:06,613 INFO object_segmentation: NDVI fusion: BEV mean=-0.039, Cop mean=0.485, Fused mean=0.485, offset mean=0.522
2026-09-14 16:24:06,832 INFO tile_cache: tile_cache: forbid_remote=True (cache-only mode)
2026-09-14 16:24:06,871 INFO zenodo_cache: Fetching ZIP index from https://zenodo.org/api/records/19650075/draft/files/copernicus_harmonics_cell_47.0_48.0_12.0_14.0.zip/content
2026-09-14 16:24:22,391 INFO object_segmentation:   elevated layer: 61051 px → 1213 segments
2026-09-14 16:24:28,484 INFO object_segmentation:   ground layer: 1998224 px → 1659 segments
2026-09-14 16:24:33,297 INFO texture_features: Using pre-loaded grey image for texture (1500x1500)
2026-09-14 16:24:33,298 INFO texture_features: Computing per-segment GLCM texture at 0.50m (1500x1500)
2026-09-14 16:24:34,549 INFO texture_features: Computed texture for 2473 segments
2026-09-14 16:24:35,900 INFO segv2.build: KG 57025-southeast tile 2: 2872 segments, labelled 85%
2026-09-14 16:24:38,104 INFO object_segmentation: NDVI fusion: BEV mean=-0.243, Cop mean=0.076, Fused mean=0.030, offset mean=0.326
2026-09-14 16:24:38,311 INFO tile_cache: tile_cache: forbid_remote=True (cache-only mode)
2026-09-14 16:24:38,355 INFO zenodo_cache: Fetching ZIP index from https://zenodo.org/api/records/19650075/draft/files/copernicus_harmonics_cell_47.0_48.0_12.0_14.0.zip/content
2026-09-14 16:24:47,492 INFO object_segmentation:   elevated layer: 5234 px → 232 segments
2026-09-14 16:25:07,418 INFO object_segmentation:   ground layer: 686220 px → 543 segments
2026-09-14 16:25:09,048 INFO texture_features: Using pre-loaded grey image for texture (1411x1500)
2026-09-14 16:25:09,048 INFO texture_features: Computing per-segment GLCM texture at 0.50m (1411x1500)
2026-09-14 16:25:09,359 INFO texture_features: Computed texture for 640 segments
2026-09-14 16:25:09,898 INFO segv2.build: KG 57025-southeast tile 3: 775 segments, labelled 81%
2026-09-14 16:25:12,259 INFO object_segmentation: NDVI fusion: BEV mean=-0.125, Cop mean=0.318, Fused mean=0.310, offset mean=0.447
2026-09-14 16:25:12,468 INFO tile_cache: tile_cache: forbid_remote=True (cache-only mode)
2026-09-14 16:25:12,506 INFO zenodo_cache: Fetching ZIP index from https://zenodo.org/api/records/19650075/draft/files/copernicus_harmonics_cell_47.0_48.0_12.0_14.0.zip/content
2026-09-14 16:25:18,847 INFO object_segmentation:   elevated layer: 176349 px → 3416 segments
2026-09-14 16:25:24,791 INFO object_segmentation:   ground layer: 2017089 px → 2318 segments
2026-09-14 16:25:31,035 INFO texture_features: Using pre-loaded grey image for texture (1500x1500)
2026-09-14 16:25:31,035 INFO texture_features: Computing per-segment GLCM texture at 0.50m (1500x1500)
2026-09-14 16:25:33,215 INFO texture_features: Computed texture for 4762 segments
2026-09-14 16:25:34,788 INFO segv2.build: KG 57025-southeast tile 4: 5734 segments, labelled 32%
2026-09-14 16:25:37,162 INFO object_segmentation: NDVI fusion: BEV mean=-0.214, Cop mean=0.199, Fused mean=0.170, offset mean=0.436
2026-09-14 16:25:37,435 INFO tile_cache: tile_cache: forbid_remote=True (cache-only mode)
2026-09-14 16:25:37,476 INFO zenodo_cache: Fetching ZIP index from https://zenodo.org/api/records/19650075/draft/files/copernicus_harmonics_cell_47.0_48.0_12.0_14.0.zip/content
2026-09-14 16:25:42,976 INFO object_segmentation:   elevated layer: 19564 px → 555 segments
2026-09-14 16:25:48,623 INFO object_segmentation:   ground layer: 2230435 px → 1836 segments
2026-09-14 16:25:53,422 INFO texture_features: Using pre-loaded grey image for texture (1500x1500)
2026-09-14 16:25:53,422 INFO texture_features: Computing per-segment GLCM texture at 0.50m (1500x1500)
2026-09-14 16:25:54,541 INFO texture_features: Computed texture for 2162 segments
2026-09-14 16:25:55,923 INFO segv2.build: KG 57025-southeast tile 5: 2391 segments, labelled 100%
2026-09-14 16:25:58,239 INFO object_segmentation: NDVI fusion: BEV mean=-0.116, Cop mean=0.377, Fused mean=0.374, offset mean=0.502
2026-09-14 16:25:58,478 INFO tile_cache: tile_cache: forbid_remote=True (cache-only mode)
2026-09-14 16:25:58,516 INFO zenodo_cache: Fetching ZIP index from https://zenodo.org/api/records/19650075/draft/files/copernicus_harmonics_cell_47.0_48.0_12.0_14.0.zip/content
2026-09-14 16:26:06,689 INFO object_segmentation:   elevated layer: 8915 px → 316 segments
2026-09-14 16:26:12,565 INFO object_segmentation:   ground layer: 2241085 px → 1588 segments
2026-09-14 16:26:17,083 INFO texture_features: Using pre-loaded grey image for texture (1500x1500)
2026-09-14 16:26:17,083 INFO texture_features: Computing per-segment GLCM texture at 0.50m (1500x1500)
2026-09-14 16:26:17,921 INFO texture_features: Computed texture for 1742 segments
2026-09-14 16:26:19,289 INFO segv2.build: KG 57025-southeast tile 6: 1904 segments, labelled 80%
2026-09-14 16:26:21,493 INFO object_segmentation: NDVI fusion: BEV mean=-0.157, Cop mean=0.076, Fused mean=0.059, offset mean=0.240
2026-09-14 16:26:21,709 INFO tile_cache: tile_cache: forbid_remote=True (cache-only mode)
2026-09-14 16:26:21,747 INFO zenodo_cache: Fetching ZIP index from https://zenodo.org/api/records/19650075/draft/files/copernicus_harmonics_cell_47.0_48.0_12.0_14.0.zip/content
2026-09-14 16:26:30,952 INFO object_segmentation:   elevated layer: 5237 px → 230 segments
2026-09-14 16:26:37,336 INFO object_segmentation:   ground layer: 1827714 px → 1366 segments
2026-09-14 16:26:41,202 INFO texture_features: Using pre-loaded grey image for texture (1411x1500)
2026-09-14 16:26:41,202 INFO texture_features: Computing per-segment GLCM texture at 0.50m (1411x1500)
2026-09-14 16:26:41,940 INFO texture_features: Computed texture for 1441 segments
2026-09-14 16:26:43,015 INFO segv2.build: KG 57025-southeast tile 7: 1596 segments, labelled 83%
2026-09-14 16:26:45,332 INFO object_segmentation: NDVI fusion: BEV mean=-0.067, Cop mean=0.348, Fused mean=0.339, offset mean=0.437
2026-09-14 16:26:45,565 INFO tile_cache: tile_cache: forbid_remote=True (cache-only mode)
2026-09-14 16:26:45,609 INFO zenodo_cache: Fetching ZIP index from https://zenodo.org/api/records/19650075/draft/files/copernicus_harmonics_cell_47.0_48.0_12.0_14.0.zip/content
2026-09-14 16:26:51,545 INFO object_segmentation:   elevated layer: 27281 px → 817 segments
2026-09-14 16:26:57,592 INFO object_segmentation:   ground layer: 2099947 px → 1335 segments
2026-09-14 16:27:02,229 INFO texture_features: Using pre-loaded grey image for texture (1500x1500)
2026-09-14 16:27:02,229 INFO texture_features: Computing per-segment GLCM texture at 0.50m (1500x1500)
2026-09-14 16:27:03,046 INFO texture_features: Computed texture for 1748 segments
2026-09-14 16:27:04,352 INFO segv2.build: KG 57025-southeast tile 8: 2152 segments, labelled 72%
2026-09-14 16:27:06,673 INFO object_segmentation: NDVI fusion: BEV mean=-0.192, Cop mean=0.000, Fused mean=-0.005, offset mean=0.192
2026-09-14 16:27:06,943 INFO tile_cache: tile_cache: forbid_remote=True (cache-only mode)
2026-09-14 16:27:06,984 INFO zenodo_cache: Fetching ZIP index from https://zenodo.org/api/records/19650075/draft/files/copernicus_harmonics_cell_47.0_48.0_12.0_14.0.zip/content
2026-09-14 16:27:11,973 INFO object_segmentation:   elevated layer: 17069 px → 748 segments
2026-09-14 16:27:17,958 INFO object_segmentation:   ground layer: 2232931 px → 1906 segments
2026-09-14 16:27:23,127 INFO texture_features: Using pre-loaded grey image for texture (1500x1500)
2026-09-14 16:27:23,127 INFO texture_features: Computing per-segment GLCM texture at 0.50m (1500x1500)
2026-09-14 16:27:24,353 INFO texture_features: Computed texture for 2247 segments
2026-09-14 16:27:25,672 INFO segv2.build: KG 57025-southeast tile 9: 2654 segments, labelled 96%
2026-09-14 16:27:28,060 INFO object_segmentation: NDVI fusion: BEV mean=-0.264, Cop mean=0.010, Fused mean=-0.012, offset mean=0.267
2026-09-14 16:27:28,319 INFO tile_cache: tile_cache: forbid_remote=True (cache-only mode)
2026-09-14 16:27:28,365 INFO zenodo_cache: Fetching ZIP index from https://zenodo.org/api/records/19650075/draft/files/copernicus_harmonics_cell_47.0_48.0_12.0_14.0.zip/content
2026-09-14 16:27:33,318 INFO object_segmentation:   elevated layer: 12574 px → 498 segments
2026-09-14 16:27:38,815 INFO object_segmentation:   ground layer: 2237426 px → 1714 segments
2026-09-14 16:27:43,375 INFO texture_features: Using pre-loaded grey image for texture (1500x1500)
2026-09-14 16:27:43,375 INFO texture_features: Computing per-segment GLCM texture at 0.50m (1500x1500)
2026-09-14 16:27:44,363 INFO texture_features: Computed texture for 1962 segments
2026-09-14 16:27:45,610 INFO segv2.build: KG 57025-southeast tile 10: 2212 segments, labelled 100%
2026-09-14 16:27:47,786 INFO object_segmentation: NDVI fusion: BEV mean=-0.129, Cop mean=0.000, Fused mean=-0.002, offset mean=0.129
2026-09-14 16:27:48,008 INFO tile_cache: tile_cache: forbid_remote=True (cache-only mode)
2026-09-14 16:27:48,046 INFO zenodo_cache: Fetching ZIP index from https://zenodo.org/api/records/19650075/draft/files/copernicus_harmonics_cell_47.0_48.0_12.0_14.0.zip/content
2026-09-14 16:27:53,656 INFO object_segmentation:   elevated layer: 12435 px → 486 segments
2026-09-14 16:27:58,871 INFO object_segmentation:   ground layer: 2074841 px → 1253 segments
2026-09-14 16:28:03,168 INFO texture_features: Using pre-loaded grey image for texture (1411x1500)
2026-09-14 16:28:03,169 INFO texture_features: Computing per-segment GLCM texture at 0.50m (1411x1500)
2026-09-14 16:28:03,971 INFO texture_features: Computed texture for 1512 segments
2026-09-14 16:28:05,091 INFO segv2.build: KG 57025-southeast tile 11: 1739 segments, labelled 100%
2026-09-14 16:28:07,227 INFO object_segmentation: NDVI fusion: BEV mean=-0.017, Cop mean=0.389, Fused mean=0.388, offset mean=0.404
2026-09-14 16:28:07,424 INFO tile_cache: tile_cache: forbid_remote=True (cache-only mode)
2026-09-14 16:28:07,462 INFO zenodo_cache: Fetching ZIP index from https://zenodo.org/api/records/19650075/draft/files/copernicus_harmonics_cell_47.0_48.0_12.0_14.0.zip/content
2026-09-14 16:28:15,184 INFO object_segmentation:   elevated layer: 10821 px → 438 segments
2026-09-14 16:28:20,789 INFO object_segmentation:   ground layer: 1899037 px → 1119 segments
2026-09-14 16:28:24,428 INFO texture_features: Using pre-loaded grey image for texture (1500x1391)
2026-09-14 16:28:24,428 INFO texture_features: Computing per-segment GLCM texture at 0.50m (1500x1391)
2026-09-14 16:28:25,051 INFO texture_features: Computed texture for 1317 segments
2026-09-14 16:28:26,283 INFO segv2.build: KG 57025-southeast tile 12: 1557 segments, labelled 92%
2026-09-14 16:28:28,395 INFO object_segmentation: NDVI fusion: BEV mean=-0.053, Cop mean=0.110, Fused mean=0.109, offset mean=0.174
2026-09-14 16:28:28,630 INFO tile_cache: tile_cache: forbid_remote=True (cache-only mode)
2026-09-14 16:28:28,671 INFO zenodo_cache: Fetching ZIP index from https://zenodo.org/api/records/19650075/draft/files/copernicus_harmonics_cell_47.0_48.0_12.0_14.0.zip/content
2026-09-14 16:28:34,492 INFO object_segmentation:   elevated layer: 7966 px → 273 segments
2026-09-14 16:28:40,100 INFO object_segmentation:   ground layer: 2024196 px → 955 segments
2026-09-14 16:28:43,780 INFO texture_features: Using pre-loaded grey image for texture (1500x1391)
2026-09-14 16:28:43,780 INFO texture_features: Computing per-segment GLCM texture at 0.50m (1500x1391)
2026-09-14 16:28:44,322 INFO texture_features: Computed texture for 1078 segments
2026-09-14 16:28:45,488 INFO segv2.build: KG 57025-southeast tile 13: 1228 segments, labelled 100%
2026-09-14 16:28:47,618 INFO object_segmentation: NDVI fusion: BEV mean=-0.090, Cop mean=0.000, Fused mean=-0.000, offset mean=0.089
2026-09-14 16:28:47,828 INFO tile_cache: tile_cache: forbid_remote=True (cache-only mode)
2026-09-14 16:28:47,865 INFO zenodo_cache: Fetching ZIP index from https://zenodo.org/api/records/19650075/draft/files/copernicus_harmonics_cell_47.0_48.0_12.0_14.0.zip/content
2026-09-14 16:28:51,933 INFO object_segmentation:   elevated layer: 14984 px → 624 segments
2026-09-14 16:28:57,234 INFO object_segmentation:   ground layer: 1948152 px → 989 segments
2026-09-14 16:29:01,092 INFO texture_features: Using pre-loaded grey image for texture (1500x1391)
2026-09-14 16:29:01,092 INFO texture_features: Computing per-segment GLCM texture at 0.50m (1500x1391)
2026-09-14 16:29:01,732 INFO texture_features: Computed texture for 1287 segments
2026-09-14 16:29:02,801 INFO segv2.build: KG 57025-southeast tile 14: 1613 segments, labelled 100%
2026-09-14 16:29:04,807 INFO object_segmentation: NDVI fusion: BEV mean=-0.088, Cop mean=0.000, Fused mean=-0.000, offset mean=0.087
2026-09-14 16:29:04,994 INFO tile_cache: tile_cache: forbid_remote=True (cache-only mode)
2026-09-14 16:29:05,032 INFO zenodo_cache: Fetching ZIP index from https://zenodo.org/api/records/19650075/draft/files/copernicus_harmonics_cell_47.0_48.0_12.0_14.0.zip/content
2026-09-14 16:29:10,198 INFO object_segmentation:   elevated layer: 88938 px → 1594 segments
2026-09-14 16:29:14,788 INFO object_segmentation:   ground layer: 1690529 px → 1185 segments
2026-09-14 16:29:18,912 INFO texture_features: Using pre-loaded grey image for texture (1411x1391)
2026-09-14 16:29:18,912 INFO texture_features: Computing per-segment GLCM texture at 0.50m (1411x1391)
2026-09-14 16:29:19,978 INFO texture_features: Computed texture for 2269 segments
2026-09-14 16:29:21,032 INFO segv2.build: KG 57025-southeast tile 15: 2779 segments, labelled 100%
2026-09-14 16:29:21,284 INFO segv2.build: KG 57025-southeast done: 40391 segs, 33764 labelled (29357 good) in 561s
2026-09-14 16:32:04,461 INFO segv2.fetch: downloaded 85106-southeast-1_full.gpkg: 1807 MB in 160s (11.3 MB/s)
2026-09-14 16:32:11,023 INFO segv2.labels: KG 85106 cadastre: 1286 footprints, 4286 landuse polys, 2704 parcels
2026-09-14 16:32:11,431 INFO segv2.labels: KG 85106 osm: 194 road, 0 rail, 226 water lines, 11 water areas; invekos: 635
2026-09-14 16:32:14,143 INFO object_segmentation: NDVI fusion: BEV mean=0.124, Cop mean=0.713, Fused mean=0.712, offset mean=0.586
2026-09-14 16:32:14,328 INFO tile_cache: tile_cache: forbid_remote=True (cache-only mode)
2026-09-14 16:32:22,506 INFO object_segmentation:   elevated layer: 784435 px → 3289 segments
2026-09-14 16:32:27,617 INFO object_segmentation:   ground layer: 1270285 px → 2023 segments
2026-09-14 16:32:33,945 INFO texture_features: Using pre-loaded grey image for texture (1500x1500)
2026-09-14 16:32:33,945 INFO texture_features: Computing per-segment GLCM texture at 0.50m (1500x1500)
2026-09-14 16:32:36,247 INFO texture_features: Computed texture for 4579 segments
2026-09-14 16:32:37,780 INFO segv2.build: KG 85106-southeast-1 tile 0: 5312 segments, labelled 65%
2026-09-14 16:32:40,163 INFO object_segmentation: NDVI fusion: BEV mean=0.143, Cop mean=0.765, Fused mean=0.765, offset mean=0.619
2026-09-14 16:32:40,403 INFO tile_cache: tile_cache: forbid_remote=True (cache-only mode)
2026-09-14 16:32:47,491 INFO object_segmentation:   elevated layer: 717759 px → 2635 segments
2026-09-14 16:32:52,524 INFO object_segmentation:   ground layer: 1408235 px → 1642 segments
2026-09-14 16:32:58,147 INFO texture_features: Using pre-loaded grey image for texture (1500x1500)
2026-09-14 16:32:58,148 INFO texture_features: Computing per-segment GLCM texture at 0.50m (1500x1500)
2026-09-14 16:32:59,962 INFO texture_features: Computed texture for 3760 segments
2026-09-14 16:33:01,445 INFO segv2.build: KG 85106-southeast-1 tile 1: 4277 segments, labelled 59%
2026-09-14 16:33:03,746 INFO object_segmentation: NDVI fusion: BEV mean=0.150, Cop mean=0.762, Fused mean=0.762, offset mean=0.610
2026-09-14 16:33:03,963 INFO tile_cache: tile_cache: forbid_remote=True (cache-only mode)
2026-09-14 16:33:12,535 INFO object_segmentation:   elevated layer: 830180 px → 3107 segments
2026-09-14 16:33:17,820 INFO object_segmentation:   ground layer: 1360891 px → 1628 segments
2026-09-14 16:33:23,725 INFO texture_features: Using pre-loaded grey image for texture (1500x1500)
2026-09-14 16:33:23,725 INFO texture_features: Computing per-segment GLCM texture at 0.50m (1500x1500)
2026-09-14 16:33:25,777 INFO texture_features: Computed texture for 4223 segments
2026-09-14 16:33:27,394 INFO segv2.build: KG 85106-southeast-1 tile 2: 4735 segments, labelled 73%
2026-09-14 16:33:29,547 INFO object_segmentation: NDVI fusion: BEV mean=0.175, Cop mean=0.740, Fused mean=0.739, offset mean=0.570
2026-09-14 16:33:29,743 INFO tile_cache: tile_cache: forbid_remote=True (cache-only mode)
2026-09-14 16:33:35,231 INFO object_segmentation:   elevated layer: 1104679 px → 3447 segments
2026-09-14 16:33:39,887 INFO object_segmentation:   ground layer: 848182 px → 1728 segments
2026-09-14 16:33:45,715 INFO texture_features: Using pre-loaded grey image for texture (1408x1500)
2026-09-14 16:33:45,715 INFO texture_features: Computing per-segment GLCM texture at 0.50m (1408x1500)
2026-09-14 16:33:47,906 INFO texture_features: Computed texture for 4613 segments
2026-09-14 16:33:49,524 INFO segv2.build: KG 85106-southeast-1 tile 3: 5175 segments, labelled 68%
2026-09-14 16:33:51,749 INFO object_segmentation: NDVI fusion: BEV mean=0.212, Cop mean=0.736, Fused mean=0.735, offset mean=0.522
2026-09-14 16:33:52,012 INFO tile_cache: tile_cache: forbid_remote=True (cache-only mode)
2026-09-14 16:33:57,873 INFO object_segmentation:   elevated layer: 1867646 px → 3815 segments
2026-09-14 16:34:03,257 INFO object_segmentation:   ground layer: 326971 px → 1261 segments
2026-09-14 16:34:09,602 INFO texture_features: Using pre-loaded grey image for texture (1500x1500)
2026-09-14 16:34:09,603 INFO texture_features: Computing per-segment GLCM texture at 0.50m (1500x1500)
2026-09-14 16:34:11,765 INFO texture_features: Computed texture for 4692 segments
2026-09-14 16:34:13,548 INFO segv2.build: KG 85106-southeast-1 tile 4: 5076 segments, labelled 78%
2026-09-14 16:34:15,885 INFO object_segmentation: NDVI fusion: BEV mean=0.214, Cop mean=0.746, Fused mean=0.746, offset mean=0.533
2026-09-14 16:34:16,176 INFO tile_cache: tile_cache: forbid_remote=True (cache-only mode)
2026-09-14 16:34:21,993 INFO object_segmentation:   elevated layer: 1981958 px → 5603 segments
2026-09-14 16:34:28,332 INFO object_segmentation:   ground layer: 268039 px → 1371 segments
2026-09-14 16:34:35,584 INFO texture_features: Using pre-loaded grey image for texture (1500x1500)
2026-09-14 16:34:35,584 INFO texture_features: Computing per-segment GLCM texture at 0.50m (1500x1500)
2026-09-14 16:34:38,489 INFO texture_features: Computed texture for 6517 segments
2026-09-14 16:34:40,421 INFO segv2.build: KG 85106-southeast-1 tile 5: 6974 segments, labelled 74%
2026-09-14 16:34:42,752 INFO object_segmentation: NDVI fusion: BEV mean=0.193, Cop mean=0.754, Fused mean=0.754, offset mean=0.560
2026-09-14 16:34:43,023 INFO tile_cache: tile_cache: forbid_remote=True (cache-only mode)
2026-09-14 16:34:48,555 INFO object_segmentation:   elevated layer: 1590079 px → 4992 segments
2026-09-14 16:34:55,361 INFO object_segmentation:   ground layer: 659727 px → 1903 segments
2026-09-14 16:35:02,601 INFO texture_features: Using pre-loaded grey image for texture (1500x1500)
2026-09-14 16:35:02,601 INFO texture_features: Computing per-segment GLCM texture at 0.50m (1500x1500)
2026-09-14 16:35:05,483 INFO texture_features: Computed texture for 6294 segments
2026-09-14 16:35:07,594 INFO segv2.build: KG 85106-southeast-1 tile 6: 6895 segments, labelled 68%
2026-09-14 16:35:09,789 INFO object_segmentation: NDVI fusion: BEV mean=0.211, Cop mean=0.700, Fused mean=0.717, offset mean=0.529
2026-09-14 16:35:10,012 INFO tile_cache: tile_cache: forbid_remote=True (cache-only mode)
2026-09-14 16:35:15,679 INFO object_segmentation:   elevated layer: 1373190 px → 3782 segments
2026-09-14 16:35:19,834 INFO object_segmentation:   ground layer: 648114 px → 1697 segments
2026-09-14 16:35:26,458 INFO texture_features: Using pre-loaded grey image for texture (1408x1500)
2026-09-14 16:35:26,458 INFO texture_features: Computing per-segment GLCM texture at 0.50m (1408x1500)
2026-09-14 16:35:28,812 INFO texture_features: Computed texture for 4904 segments
2026-09-14 16:35:30,592 INFO segv2.build: KG 85106-southeast-1 tile 7: 5479 segments, labelled 64%
2026-09-14 16:35:32,827 INFO object_segmentation: NDVI fusion: BEV mean=0.152, Cop mean=0.728, Fused mean=0.728, offset mean=0.573
2026-09-14 16:35:33,064 INFO tile_cache: tile_cache: forbid_remote=True (cache-only mode)
2026-09-14 16:35:39,557 INFO object_segmentation:   elevated layer: 364426 px → 2272 segments
2026-09-14 16:35:45,027 INFO object_segmentation:   ground layer: 1764020 px → 1845 segments
2026-09-14 16:35:50,536 INFO texture_features: Using pre-loaded grey image for texture (1500x1500)
2026-09-14 16:35:50,537 INFO texture_features: Computing per-segment GLCM texture at 0.50m (1500x1500)
2026-09-14 16:35:52,265 INFO texture_features: Computed texture for 3597 segments
2026-09-14 16:35:53,827 INFO segv2.build: KG 85106-southeast-1 tile 8: 4117 segments, labelled 92%
2026-09-14 16:35:56,188 INFO object_segmentation: NDVI fusion: BEV mean=0.234, Cop mean=0.778, Fused mean=0.778, offset mean=0.544
2026-09-14 16:35:56,444 INFO tile_cache: tile_cache: forbid_remote=True (cache-only mode)
2026-09-14 16:36:01,980 INFO object_segmentation:   elevated layer: 1193683 px → 5084 segments
2026-09-14 16:36:07,155 INFO object_segmentation:   ground layer: 1056317 px → 2236 segments
2026-09-14 16:36:14,453 INFO texture_features: Using pre-loaded grey image for texture (1500x1500)
2026-09-14 16:36:14,453 INFO texture_features: Computing per-segment GLCM texture at 0.50m (1500x1500)
2026-09-14 16:36:17,189 INFO texture_features: Computed texture for 6464 segments
2026-09-14 16:36:19,222 INFO segv2.build: KG 85106-southeast-1 tile 9: 7320 segments, labelled 87%
2026-09-14 16:36:21,589 INFO object_segmentation: NDVI fusion: BEV mean=0.270, Cop mean=0.814, Fused mean=0.814, offset mean=0.545
2026-09-14 16:36:21,864 INFO tile_cache: tile_cache: forbid_remote=True (cache-only mode)
2026-09-14 16:36:27,368 INFO object_segmentation:   elevated layer: 1666820 px → 5739 segments
2026-09-14 16:36:35,001 INFO object_segmentation:   ground layer: 583177 px → 2309 segments
2026-09-14 16:36:42,961 INFO texture_features: Using pre-loaded grey image for texture (1500x1500)
2026-09-14 16:36:42,961 INFO texture_features: Computing per-segment GLCM texture at 0.50m (1500x1500)
2026-09-14 16:36:46,083 INFO texture_features: Computed texture for 7281 segments
2026-09-14 16:36:48,087 INFO segv2.build: KG 85106-southeast-1 tile 10: 8048 segments, labelled 81%
2026-09-14 16:36:50,287 INFO object_segmentation: NDVI fusion: BEV mean=0.140, Cop mean=0.620, Fused mean=0.620, offset mean=0.482
2026-09-14 16:36:50,516 INFO tile_cache: tile_cache: forbid_remote=True (cache-only mode)
2026-09-14 16:36:55,892 INFO object_segmentation:   elevated layer: 599943 px → 3819 segments
2026-09-14 16:37:01,278 INFO object_segmentation:   ground layer: 1481991 px → 2140 segments
2026-09-14 16:37:07,529 INFO texture_features: Using pre-loaded grey image for texture (1408x1500)
2026-09-14 16:37:07,529 INFO texture_features: Computing per-segment GLCM texture at 0.50m (1408x1500)
2026-09-14 16:37:09,777 INFO texture_features: Computed texture for 5021 segments
2026-09-14 16:37:11,492 INFO segv2.build: KG 85106-southeast-1 tile 11: 5959 segments, labelled 74%
2026-09-14 16:37:13,684 INFO object_segmentation: NDVI fusion: BEV mean=0.104, Cop mean=0.664, Fused mean=0.665, offset mean=0.564
2026-09-14 16:37:13,866 INFO tile_cache: tile_cache: forbid_remote=True (cache-only mode)
2026-09-14 16:37:36,355 INFO object_segmentation:   elevated layer: 11795 px → 378 segments
2026-09-14 16:37:52,344 INFO object_segmentation:   ground layer: 717078 px → 475 segments
2026-09-14 16:37:54,054 INFO texture_features: Using pre-loaded grey image for texture (1500x1388)
2026-09-14 16:37:54,055 INFO texture_features: Computing per-segment GLCM texture at 0.50m (1500x1388)
2026-09-14 16:37:54,386 INFO texture_features: Computed texture for 684 segments
2026-09-14 16:37:54,986 INFO segv2.build: KG 85106-southeast-1 tile 12: 853 segments, labelled 74%
2026-09-14 16:37:57,105 INFO object_segmentation: NDVI fusion: BEV mean=0.030, Cop mean=0.466, Fused mean=0.465, offset mean=0.434
2026-09-14 16:37:57,326 INFO tile_cache: tile_cache: forbid_remote=True (cache-only mode)
2026-09-14 16:38:02,612 INFO object_segmentation:   elevated layer: 52159 px → 1209 segments
2026-09-14 16:38:08,144 INFO object_segmentation:   ground layer: 1535272 px → 1198 segments
2026-09-14 16:38:11,917 INFO texture_features: Using pre-loaded grey image for texture (1500x1388)
2026-09-14 16:38:11,917 INFO texture_features: Computing per-segment GLCM texture at 0.50m (1500x1388)
2026-09-14 16:38:12,792 INFO texture_features: Computed texture for 1909 segments
2026-09-14 16:38:13,810 INFO segv2.build: KG 85106-southeast-1 tile 13: 2407 segments, labelled 72%
2026-09-14 16:38:15,928 INFO object_segmentation: NDVI fusion: BEV mean=0.219, Cop mean=0.799, Fused mean=0.798, offset mean=0.577
2026-09-14 16:38:16,149 INFO tile_cache: tile_cache: forbid_remote=True (cache-only mode)
2026-09-14 16:38:21,023 INFO object_segmentation:   elevated layer: 378337 px → 3613 segments
2026-09-14 16:38:25,969 INFO object_segmentation:   ground layer: 1577164 px → 1946 segments
2026-09-14 16:38:32,016 INFO texture_features: Using pre-loaded grey image for texture (1500x1388)
2026-09-14 16:38:32,016 INFO texture_features: Computing per-segment GLCM texture at 0.50m (1500x1388)
2026-09-14 16:38:34,094 INFO texture_features: Computed texture for 4762 segments
2026-09-14 16:38:35,745 INFO segv2.build: KG 85106-southeast-1 tile 14: 5559 segments, labelled 99%
2026-09-14 16:38:37,687 INFO object_segmentation: NDVI fusion: BEV mean=0.098, Cop mean=0.658, Fused mean=0.657, offset mean=0.557
2026-09-14 16:38:37,891 INFO tile_cache: tile_cache: forbid_remote=True (cache-only mode)
2026-09-14 16:38:41,910 INFO object_segmentation:   elevated layer: 82608 px → 1671 segments
2026-09-14 16:38:46,764 INFO object_segmentation:   ground layer: 1573597 px → 1126 segments
2026-09-14 16:38:50,665 INFO texture_features: Using pre-loaded grey image for texture (1408x1388)
2026-09-14 16:38:50,665 INFO texture_features: Computing per-segment GLCM texture at 0.50m (1408x1388)
2026-09-14 16:38:51,830 INFO texture_features: Computed texture for 2380 segments
2026-09-14 16:38:52,955 INFO segv2.build: KG 85106-southeast-1 tile 15: 2797 segments, labelled 88%
2026-09-14 16:38:53,431 INFO segv2.build: KG 85106-southeast-1 done: 80983 segs, 61807 labelled (26504 good) in 572s
2026-09-14 16:42:44,631 INFO segv2.fetch: downloaded 84114_full.gpkg: 2720 MB in 227s (12.0 MB/s)
2026-09-14 16:42:58,020 INFO segv2.labels: KG 84114 cadastre: 129 footprints, 731 landuse polys, 576 parcels
2026-09-14 16:42:58,891 INFO segv2.labels: KG 84114 osm: 78 road, 0 rail, 267 water lines, 25 water areas; invekos: 1580
2026-09-14 16:43:01,709 INFO object_segmentation: NDVI fusion: BEV mean=0.038, Cop mean=0.340, Fused mean=0.340, offset mean=0.302
2026-09-14 16:43:01,936 INFO tile_cache: tile_cache: forbid_remote=True (cache-only mode)
2026-09-14 16:43:06,471 INFO object_segmentation:   elevated layer: 22862 px → 471 segments
2026-09-14 16:43:14,798 INFO object_segmentation:   ground layer: 588093 px → 540 segments
/home/exedev/.local/lib/python3.12/site-packages/numpy/lib/_nanfunctions_impl.py:1997: RuntimeWarning: Degrees of freedom <= 0 for slice.
  var = nanvar(a, axis=axis, dtype=dtype, out=out, ddof=ddof,
2026-09-14 16:43:16,377 INFO texture_features: Using pre-loaded grey image for texture (1500x1500)
2026-09-14 16:43:16,377 INFO texture_features: Computing per-segment GLCM texture at 0.50m (1500x1500)
2026-09-14 16:43:16,777 INFO texture_features: Computed texture for 848 segments
2026-09-14 16:43:17,576 INFO segv2.build: KG 84114 tile 1: 1011 segments, labelled 75%
2026-09-14 16:43:20,010 INFO object_segmentation: NDVI fusion: BEV mean=0.075, Cop mean=0.439, Fused mean=0.439, offset mean=0.364
2026-09-14 16:43:20,261 INFO tile_cache: tile_cache: forbid_remote=True (cache-only mode)
2026-09-14 16:43:27,221 INFO object_segmentation:   elevated layer: 49863 px → 756 segments
2026-09-14 16:43:33,559 INFO object_segmentation:   ground layer: 583087 px → 618 segments
/home/exedev/.local/lib/python3.12/site-packages/numpy/lib/_nanfunctions_impl.py:1997: RuntimeWarning: Degrees of freedom <= 0 for slice.
  var = nanvar(a, axis=axis, dtype=dtype, out=out, ddof=ddof,
2026-09-14 16:43:35,276 INFO texture_features: Using pre-loaded grey image for texture (1500x1500)
2026-09-14 16:43:35,276 INFO texture_features: Computing per-segment GLCM texture at 0.50m (1500x1500)
2026-09-14 16:43:35,856 INFO texture_features: Computed texture for 1099 segments
2026-09-14 16:43:36,596 INFO segv2.build: KG 84114 tile 2: 1374 segments, labelled 52%
2026-09-14 16:43:38,872 INFO object_segmentation: NDVI fusion: BEV mean=0.020, Cop mean=0.212, Fused mean=0.212, offset mean=0.193
2026-09-14 16:43:39,088 INFO tile_cache: tile_cache: forbid_remote=True (cache-only mode)
2026-09-14 16:43:49,744 INFO object_segmentation:   elevated layer: 7200 px → 231 segments
2026-09-14 16:44:22,725 INFO object_segmentation:   ground layer: 181261 px → 193 segments
/home/exedev/.local/lib/python3.12/site-packages/numpy/lib/_nanfunctions_impl.py:1997: RuntimeWarning: Degrees of freedom <= 0 for slice.
  var = nanvar(a, axis=axis, dtype=dtype, out=out, ddof=ddof,
2026-09-14 16:44:23,336 INFO texture_features: Using pre-loaded grey image for texture (1500x1500)
2026-09-14 16:44:23,336 INFO texture_features: Computing per-segment GLCM texture at 0.50m (1500x1500)
2026-09-14 16:44:23,507 INFO texture_features: Computed texture for 334 segments
2026-09-14 16:44:23,907 INFO segv2.build: KG 84114 tile 3: 424 segments, labelled 100%
2026-09-14 16:44:26,223 INFO object_segmentation: NDVI fusion: BEV mean=0.113, Cop mean=0.311, Fused mean=0.320, offset mean=0.213
2026-09-14 16:44:26,474 INFO tile_cache: tile_cache: forbid_remote=True (cache-only mode)
2026-09-14 16:44:34,219 INFO object_segmentation:   elevated layer: 3654 px → 120 segments
2026-09-14 16:44:47,497 INFO object_segmentation:   ground layer: 811454 px → 529 segments
/home/exedev/.local/lib/python3.12/site-packages/numpy/lib/_nanfunctions_impl.py:1997: RuntimeWarning: Degrees of freedom <= 0 for slice.
  var = nanvar(a, axis=axis, dtype=dtype, out=out, ddof=ddof,
2026-09-14 16:44:49,113 INFO texture_features: Using pre-loaded grey image for texture (1500x1500)
2026-09-14 16:44:49,113 INFO texture_features: Computing per-segment GLCM texture at 0.50m (1500x1500)
2026-09-14 16:44:49,414 INFO texture_features: Computed texture for 588 segments
2026-09-14 16:44:50,180 INFO segv2.build: KG 84114 tile 5: 649 segments, labelled 96%
2026-09-14 16:44:52,533 INFO object_segmentation: NDVI fusion: BEV mean=0.150, Cop mean=0.619, Fused mean=0.619, offset mean=0.469
2026-09-14 16:44:52,780 INFO tile_cache: tile_cache: forbid_remote=True (cache-only mode)
2026-09-14 16:44:57,390 INFO object_segmentation:   elevated layer: 159689 px → 2000 segments
2026-09-14 16:45:03,485 INFO object_segmentation:   ground layer: 2020333 px → 1946 segments
2026-09-14 16:45:08,907 INFO texture_features: Using pre-loaded grey image for texture (1500x1500)
2026-09-14 16:45:08,907 INFO texture_features: Computing per-segment GLCM texture at 0.50m (1500x1500)
2026-09-14 16:45:10,515 INFO texture_features: Computed texture for 3310 segments
2026-09-14 16:45:12,218 INFO segv2.build: KG 84114 tile 6: 3946 segments, labelled 76%
2026-09-14 16:45:14,634 INFO object_segmentation: NDVI fusion: BEV mean=0.039, Cop mean=0.667, Fused mean=0.667, offset mean=0.628
2026-09-14 16:45:14,876 INFO tile_cache: tile_cache: forbid_remote=True (cache-only mode)
2026-09-14 16:45:19,327 INFO object_segmentation:   elevated layer: 110546 px → 1554 segments
2026-09-14 16:45:25,223 INFO object_segmentation:   ground layer: 2139454 px → 1768 segments
2026-09-14 16:45:30,238 INFO texture_features: Using pre-loaded grey image for texture (1500x1500)
2026-09-14 16:45:30,239 INFO texture_features: Computing per-segment GLCM texture at 0.50m (1500x1500)
2026-09-14 16:45:31,712 INFO texture_features: Computed texture for 2817 segments
2026-09-14 16:45:33,229 INFO segv2.build: KG 84114 tile 7: 3322 segments, labelled 52%
2026-09-14 16:45:35,576 INFO object_segmentation: NDVI fusion: BEV mean=0.154, Cop mean=0.358, Fused mean=0.358, offset mean=0.204
2026-09-14 16:45:35,816 INFO tile_cache: tile_cache: forbid_remote=True (cache-only mode)
2026-09-14 16:45:48,169 INFO object_segmentation:   elevated layer: 16868 px → 343 segments
2026-09-14 16:46:12,225 INFO object_segmentation:   ground layer: 571188 px → 426 segments
2026-09-14 16:46:13,807 INFO texture_features: Using pre-loaded grey image for texture (1500x1500)
2026-09-14 16:46:13,807 INFO texture_features: Computing per-segment GLCM texture at 0.50m (1500x1500)
2026-09-14 16:46:14,109 INFO texture_features: Computed texture for 644 segments
2026-09-14 16:46:14,752 INFO segv2.build: KG 84114 tile 8: 769 segments, labelled 99%
2026-09-14 16:46:17,161 INFO object_segmentation: NDVI fusion: BEV mean=0.160, Cop mean=0.612, Fused mean=0.621, offset mean=0.477
2026-09-14 16:46:17,402 INFO tile_cache: tile_cache: forbid_remote=True (cache-only mode)
2026-09-14 16:46:33,852 INFO object_segmentation:   elevated layer: 4322 px → 101 segments
2026-09-14 16:47:09,456 INFO object_segmentation:   ground layer: 334655 px → 234 segments
/home/exedev/.local/lib/python3.12/site-packages/numpy/lib/_nanfunctions_impl.py:1997: RuntimeWarning: Degrees of freedom <= 0 for slice.
  var = nanvar(a, axis=axis, dtype=dtype, out=out, ddof=ddof,
2026-09-14 16:47:10,347 INFO texture_features: Using pre-loaded grey image for texture (1500x1500)
2026-09-14 16:47:10,347 INFO texture_features: Computing per-segment GLCM texture at 0.50m (1500x1500)
2026-09-14 16:47:10,503 INFO texture_features: Computed texture for 296 segments
2026-09-14 16:47:10,879 INFO segv2.build: KG 84114 tile 10: 335 segments, labelled 82%
2026-09-14 16:47:13,281 INFO object_segmentation: NDVI fusion: BEV mean=0.158, Cop mean=0.748, Fused mean=0.748, offset mean=0.589
2026-09-14 16:47:13,546 INFO tile_cache: tile_cache: forbid_remote=True (cache-only mode)
2026-09-14 16:47:18,017 INFO object_segmentation:   elevated layer: 115432 px → 1260 segments
2026-09-14 16:47:24,116 INFO object_segmentation:   ground layer: 1933080 px → 1632 segments
2026-09-14 16:47:29,043 INFO texture_features: Using pre-loaded grey image for texture (1500x1500)
2026-09-14 16:47:29,043 INFO texture_features: Computing per-segment GLCM texture at 0.50m (1500x1500)
2026-09-14 16:47:30,247 INFO texture_features: Computed texture for 2496 segments
2026-09-14 16:47:31,624 INFO segv2.build: KG 84114 tile 11: 2892 segments, labelled 89%
2026-09-14 16:47:33,981 INFO object_segmentation: NDVI fusion: BEV mean=0.178, Cop mean=0.723, Fused mean=0.722, offset mean=0.541
2026-09-14 16:47:34,220 INFO tile_cache: tile_cache: forbid_remote=True (cache-only mode)
2026-09-14 16:47:41,268 INFO object_segmentation:   elevated layer: 621725 px → 3083 segments
2026-09-14 16:47:46,317 INFO object_segmentation:   ground layer: 1288469 px → 2158 segments
2026-09-14 16:47:52,455 INFO texture_features: Using pre-loaded grey image for texture (1500x1500)
2026-09-14 16:47:52,456 INFO texture_features: Computing per-segment GLCM texture at 0.50m (1500x1500)
2026-09-14 16:47:54,778 INFO texture_features: Computed texture for 4824 segments
2026-09-14 16:47:56,628 INFO segv2.build: KG 84114 tile 12: 5241 segments, labelled 90%
2026-09-14 16:47:59,050 INFO object_segmentation: NDVI fusion: BEV mean=0.221, Cop mean=0.592, Fused mean=0.592, offset mean=0.371
2026-09-14 16:47:59,315 INFO tile_cache: tile_cache: forbid_remote=True (cache-only mode)
2026-09-14 16:48:05,193 INFO object_segmentation:   elevated layer: 47529 px → 523 segments
2026-09-14 16:48:13,224 INFO object_segmentation:   ground layer: 1239097 px → 864 segments
2026-09-14 16:48:15,822 INFO texture_features: Using pre-loaded grey image for texture (1500x1500)
2026-09-14 16:48:15,822 INFO texture_features: Computing per-segment GLCM texture at 0.50m (1500x1500)
2026-09-14 16:48:16,370 INFO texture_features: Computed texture for 1200 segments
2026-09-14 16:48:17,407 INFO segv2.build: KG 84114 tile 13: 1387 segments, labelled 98%
2026-09-14 16:48:19,732 INFO object_segmentation: NDVI fusion: BEV mean=0.211, Cop mean=0.774, Fused mean=0.774, offset mean=0.561
2026-09-14 16:48:19,994 INFO tile_cache: tile_cache: forbid_remote=True (cache-only mode)
2026-09-14 16:48:36,110 INFO object_segmentation:   elevated layer: 93113 px → 540 segments
2026-09-14 16:49:04,704 INFO object_segmentation:   ground layer: 213289 px → 323 segments
/home/exedev/.local/lib/python3.12/site-packages/numpy/lib/_nanfunctions_impl.py:1997: RuntimeWarning: Degrees of freedom <= 0 for slice.
  var = nanvar(a, axis=axis, dtype=dtype, out=out, ddof=ddof,
2026-09-14 16:49:05,896 INFO texture_features: Using pre-loaded grey image for texture (1500x1500)
2026-09-14 16:49:05,896 INFO texture_features: Computing per-segment GLCM texture at 0.50m (1500x1500)
2026-09-14 16:49:06,234 INFO texture_features: Computed texture for 700 segments
2026-09-14 16:49:06,706 INFO segv2.build: KG 84114 tile 16: 863 segments, labelled 86%
2026-09-14 16:49:09,020 INFO object_segmentation: NDVI fusion: BEV mean=0.207, Cop mean=0.757, Fused mean=0.708, offset mean=0.524
2026-09-14 16:49:09,170 INFO tile_cache: tile_cache: forbid_remote=True (cache-only mode)
2026-09-14 16:49:29,464 INFO object_segmentation:   elevated layer: 308814 px → 1200 segments
2026-09-14 16:49:35,146 INFO object_segmentation:   ground layer: 1362223 px → 1034 segments
/home/exedev/.local/lib/python3.12/site-packages/numpy/lib/_nanfunctions_impl.py:1997: RuntimeWarning: Degrees of freedom <= 0 for slice.
  var = nanvar(a, axis=axis, dtype=dtype, out=out, ddof=ddof,
2026-09-14 16:49:38,678 INFO texture_features: Using pre-loaded grey image for texture (1500x1500)
2026-09-14 16:49:38,678 INFO texture_features: Computing per-segment GLCM texture at 0.50m (1500x1500)
2026-09-14 16:49:39,578 INFO texture_features: Computed texture for 1995 segments
2026-09-14 16:49:40,793 INFO segv2.build: KG 84114 tile 17: 2234 segments, labelled 70%
2026-09-14 16:49:43,218 INFO object_segmentation: NDVI fusion: BEV mean=0.274, Cop mean=0.656, Fused mean=0.656, offset mean=0.380
2026-09-14 16:49:43,429 INFO tile_cache: tile_cache: forbid_remote=True (cache-only mode)
2026-09-14 16:49:52,714 INFO object_segmentation:   elevated layer: 643934 px → 2571 segments
2026-09-14 16:49:58,267 INFO object_segmentation:   ground layer: 911606 px → 1775 segments
2026-09-14 16:50:03,392 INFO texture_features: Using pre-loaded grey image for texture (1500x1500)
2026-09-14 16:50:03,392 INFO texture_features: Computing per-segment GLCM texture at 0.50m (1500x1500)
2026-09-14 16:50:05,137 INFO texture_features: Computed texture for 3864 segments
2026-09-14 16:50:06,478 INFO segv2.build: KG 84114 tile 18: 4346 segments, labelled 96%
2026-09-14 16:50:08,382 INFO object_segmentation: NDVI fusion: BEV mean=0.273, Cop mean=0.673, Fused mean=0.672, offset mean=0.400
2026-09-14 16:50:08,574 INFO tile_cache: tile_cache: forbid_remote=True (cache-only mode)
2026-09-14 16:50:21,095 INFO object_segmentation:   elevated layer: 101031 px → 383 segments
2026-09-14 16:50:30,957 INFO object_segmentation:   ground layer: 13745 px → 140 segments
/home/exedev/.local/lib/python3.12/site-packages/numpy/lib/_nanfunctions_impl.py:1997: RuntimeWarning: Degrees of freedom <= 0 for slice.
  var = nanvar(a, axis=axis, dtype=dtype, out=out, ddof=ddof,
2026-09-14 16:50:31,516 INFO texture_features: Using pre-loaded grey image for texture (1197x1500)
2026-09-14 16:50:31,516 INFO texture_features: Computing per-segment GLCM texture at 0.50m (1197x1500)
2026-09-14 16:50:31,725 INFO texture_features: Computed texture for 471 segments
2026-09-14 16:50:32,123 INFO segv2.build: KG 84114 tile 19: 523 segments, labelled 91%
2026-09-14 16:50:34,439 INFO object_segmentation: NDVI fusion: BEV mean=0.260, Cop mean=0.733, Fused mean=0.733, offset mean=0.470
2026-09-14 16:50:34,660 INFO tile_cache: tile_cache: forbid_remote=True (cache-only mode)
2026-09-14 16:51:09,248 INFO object_segmentation:   elevated layer: 354113 px → 1047 segments
2026-09-14 16:51:41,294 INFO object_segmentation:   ground layer: 50522 px → 367 segments
2026-09-14 16:51:42,808 INFO texture_features: Using pre-loaded grey image for texture (1500x1500)
2026-09-14 16:51:42,809 INFO texture_features: Computing per-segment GLCM texture at 0.50m (1500x1500)
2026-09-14 16:51:43,435 INFO texture_features: Computed texture for 1300 segments
2026-09-14 16:51:44,054 INFO segv2.build: KG 84114 tile 21: 1414 segments, labelled 71%
2026-09-14 16:51:46,379 INFO object_segmentation: NDVI fusion: BEV mean=0.254, Cop mean=0.748, Fused mean=0.747, offset mean=0.489
2026-09-14 16:51:46,616 INFO tile_cache: tile_cache: forbid_remote=True (cache-only mode)
2026-09-14 16:51:52,116 INFO object_segmentation:   elevated layer: 1179648 px → 3582 segments
2026-09-14 16:51:59,713 INFO object_segmentation:   ground layer: 660078 px → 1802 segments
2026-09-14 16:52:05,583 INFO texture_features: Using pre-loaded grey image for texture (1500x1500)
2026-09-14 16:52:05,583 INFO texture_features: Computing per-segment GLCM texture at 0.50m (1500x1500)
2026-09-14 16:52:07,873 INFO texture_features: Computed texture for 4744 segments
2026-09-14 16:52:09,469 INFO segv2.build: KG 84114 tile 22: 5384 segments, labelled 74%
2026-09-14 16:52:11,853 INFO object_segmentation: NDVI fusion: BEV mean=0.245, Cop mean=0.761, Fused mean=0.760, offset mean=0.510
2026-09-14 16:52:12,097 INFO tile_cache: tile_cache: forbid_remote=True (cache-only mode)
2026-09-14 16:52:18,228 INFO object_segmentation:   elevated layer: 1277331 px → 3441 segments
2026-09-14 16:52:25,371 INFO object_segmentation:   ground layer: 628298 px → 1647 segments
2026-09-14 16:52:31,371 INFO texture_features: Using pre-loaded grey image for texture (1500x1500)
2026-09-14 16:52:31,371 INFO texture_features: Computing per-segment GLCM texture at 0.50m (1500x1500)
2026-09-14 16:52:33,449 INFO texture_features: Computed texture for 4575 segments
2026-09-14 16:52:35,106 INFO segv2.build: KG 84114 tile 23: 5088 segments, labelled 76%
2026-09-14 16:52:37,039 INFO object_segmentation: NDVI fusion: BEV mean=0.237, Cop mean=0.774, Fused mean=0.774, offset mean=0.537
2026-09-14 16:52:37,291 INFO tile_cache: tile_cache: forbid_remote=True (cache-only mode)
2026-09-14 16:52:41,197 INFO object_segmentation:   elevated layer: 756575 px → 2279 segments
2026-09-14 16:52:45,639 INFO object_segmentation:   ground layer: 309924 px → 1039 segments
/home/exedev/.local/lib/python3.12/site-packages/numpy/lib/_nanfunctions_impl.py:1997: RuntimeWarning: Degrees of freedom <= 0 for slice.
  var = nanvar(a, axis=axis, dtype=dtype, out=out, ddof=ddof,
2026-09-14 16:52:49,397 INFO texture_features: Using pre-loaded grey image for texture (1197x1500)
2026-09-14 16:52:49,397 INFO texture_features: Computing per-segment GLCM texture at 0.50m (1197x1500)
2026-09-14 16:52:50,742 INFO texture_features: Computed texture for 2967 segments
2026-09-14 16:52:51,753 INFO segv2.build: KG 84114 tile 24: 3318 segments, labelled 81%
2026-09-14 16:52:53,331 INFO object_segmentation: NDVI fusion: BEV mean=0.257, Cop mean=0.727, Fused mean=0.702, offset mean=0.459
2026-09-14 16:52:53,435 INFO tile_cache: tile_cache: forbid_remote=True (cache-only mode)
2026-09-14 16:52:57,733 INFO object_segmentation:   elevated layer: 276428 px → 785 segments
2026-09-14 16:53:14,949 INFO object_segmentation:   ground layer: 44652 px → 244 segments
/home/exedev/.local/lib/python3.12/site-packages/numpy/lib/_nanfunctions_impl.py:1997: RuntimeWarning: Degrees of freedom <= 0 for slice.
  var = nanvar(a, axis=axis, dtype=dtype, out=out, ddof=ddof,
2026-09-14 16:53:16,097 INFO texture_features: Using pre-loaded grey image for texture (1500x1050)
2026-09-14 16:53:16,097 INFO texture_features: Computing per-segment GLCM texture at 0.50m (1500x1050)
2026-09-14 16:53:16,500 INFO texture_features: Computed texture for 935 segments
2026-09-14 16:53:16,934 INFO segv2.build: KG 84114 tile 28: 1029 segments, labelled 69%
2026-09-14 16:53:18,216 INFO object_segmentation: NDVI fusion: BEV mean=0.251, Cop mean=0.739, Fused mean=0.742, offset mean=0.487
2026-09-14 16:53:18,335 INFO tile_cache: tile_cache: forbid_remote=True (cache-only mode)
2026-09-14 16:53:21,188 INFO object_segmentation:   elevated layer: 521249 px → 1280 segments
2026-09-14 16:53:24,553 INFO object_segmentation:   ground layer: 94638 px → 482 segments
/home/exedev/.local/lib/python3.12/site-packages/numpy/lib/_nanfunctions_impl.py:1997: RuntimeWarning: Degrees of freedom <= 0 for slice.
  var = nanvar(a, axis=axis, dtype=dtype, out=out, ddof=ddof,
2026-09-14 16:53:26,485 INFO texture_features: Using pre-loaded grey image for texture (1197x1050)
2026-09-14 16:53:26,486 INFO texture_features: Computing per-segment GLCM texture at 0.50m (1197x1050)
2026-09-14 16:53:27,192 INFO texture_features: Computed texture for 1602 segments
2026-09-14 16:53:27,748 INFO segv2.build: KG 84114 tile 29: 1762 segments, labelled 60%
2026-09-14 16:53:28,034 INFO segv2.build: KG 84114 done: 47311 segs, 37172 labelled (19971 good) in 874s
2026-09-14 16:55:50,183 INFO segv2.fetch: downloaded 80110-southwest-5_full.gpkg: 1281 MB in 140s (9.1 MB/s)
2026-09-14 16:56:03,275 INFO segv2.labels: KG 80110 cadastre: 3080 footprints, 12248 landuse polys, 8665 parcels
2026-09-14 16:56:03,704 INFO segv2.labels: KG 80110 osm: 0 road, 0 rail, 144 water lines, 8 water areas; invekos: 174
2026-09-14 16:56:07,205 INFO object_segmentation: NDVI fusion: BEV mean=-0.057, Cop mean=0.225, Fused mean=0.225, offset mean=0.281
2026-09-14 16:56:07,379 INFO tile_cache: tile_cache: forbid_remote=True (cache-only mode)
2026-09-14 16:56:12,019 INFO object_segmentation:   elevated layer: 66721 px → 1850 segments
2026-09-14 16:56:18,038 INFO object_segmentation:   ground layer: 2132285 px → 1405 segments
/home/exedev/.local/lib/python3.12/site-packages/numpy/lib/_nanfunctions_impl.py:1997: RuntimeWarning: Degrees of freedom <= 0 for slice.
  var = nanvar(a, axis=axis, dtype=dtype, out=out, ddof=ddof,
2026-09-14 16:56:23,165 INFO texture_features: Using pre-loaded grey image for texture (1500x1500)
2026-09-14 16:56:23,166 INFO texture_features: Computing per-segment GLCM texture at 0.50m (1500x1500)
2026-09-14 16:56:24,322 INFO texture_features: Computed texture for 2481 segments
2026-09-14 16:56:26,191 INFO segv2.build: KG 80110-southwest-5 tile 0: 3255 segments, labelled 48%
2026-09-14 16:56:28,553 INFO object_segmentation: NDVI fusion: BEV mean=-0.024, Cop mean=0.285, Fused mean=0.285, offset mean=0.307
2026-09-14 16:56:28,787 INFO tile_cache: tile_cache: forbid_remote=True (cache-only mode)
2026-09-14 16:56:36,940 INFO object_segmentation:   elevated layer: 38887 px → 1090 segments
2026-09-14 16:56:42,400 INFO object_segmentation:   ground layer: 2187256 px → 1254 segments
/home/exedev/.local/lib/python3.12/site-packages/numpy/lib/_nanfunctions_impl.py:1997: RuntimeWarning: Degrees of freedom <= 0 for slice.
  var = nanvar(a, axis=axis, dtype=dtype, out=out, ddof=ddof,
2026-09-14 16:56:47,202 INFO texture_features: Using pre-loaded grey image for texture (1500x1500)
2026-09-14 16:56:47,202 INFO texture_features: Computing per-segment GLCM texture at 0.50m (1500x1500)
2026-09-14 16:56:48,170 INFO texture_features: Computed texture for 1865 segments
2026-09-14 16:56:50,046 INFO segv2.build: KG 80110-southwest-5 tile 1: 2344 segments, labelled 45%
2026-09-14 16:56:52,210 INFO object_segmentation: NDVI fusion: BEV mean=0.136, Cop mean=0.677, Fused mean=0.676, offset mean=0.550
2026-09-14 16:56:52,399 INFO tile_cache: tile_cache: forbid_remote=True (cache-only mode)
2026-09-14 16:56:56,979 INFO object_segmentation:   elevated layer: 167113 px → 946 segments
2026-09-14 16:57:03,409 INFO object_segmentation:   ground layer: 1912673 px → 1088 segments
/home/exedev/.local/lib/python3.12/site-packages/numpy/lib/_nanfunctions_impl.py:1997: RuntimeWarning: Degrees of freedom <= 0 for slice.
  var = nanvar(a, axis=axis, dtype=dtype, out=out, ddof=ddof,
2026-09-14 16:57:07,873 INFO texture_features: Using pre-loaded grey image for texture (1397x1500)
2026-09-14 16:57:07,874 INFO texture_features: Computing per-segment GLCM texture at 0.50m (1397x1500)
2026-09-14 16:57:08,712 INFO texture_features: Computed texture for 1766 segments
2026-09-14 16:57:10,622 INFO segv2.build: KG 80110-southwest-5 tile 2: 2034 segments, labelled 86%
2026-09-14 16:57:12,952 INFO object_segmentation: NDVI fusion: BEV mean=-0.011, Cop mean=0.359, Fused mean=0.359, offset mean=0.368
2026-09-14 16:57:13,159 INFO tile_cache: tile_cache: forbid_remote=True (cache-only mode)
2026-09-14 16:57:18,831 INFO object_segmentation:   elevated layer: 35999 px → 1101 segments
2026-09-14 16:57:24,964 INFO object_segmentation:   ground layer: 2190315 px → 1364 segments
/home/exedev/.local/lib/python3.12/site-packages/numpy/lib/_nanfunctions_impl.py:1997: RuntimeWarning: Degrees of freedom <= 0 for slice.
  var = nanvar(a, axis=axis, dtype=dtype, out=out, ddof=ddof,
2026-09-14 16:57:29,615 INFO texture_features: Using pre-loaded grey image for texture (1500x1500)
2026-09-14 16:57:29,615 INFO texture_features: Computing per-segment GLCM texture at 0.50m (1500x1500)
2026-09-14 16:57:30,528 INFO texture_features: Computed texture for 1958 segments
2026-09-14 16:57:32,225 INFO segv2.build: KG 80110-southwest-5 tile 3: 2465 segments, labelled 58%
2026-09-14 16:57:34,604 INFO object_segmentation: NDVI fusion: BEV mean=0.107, Cop mean=0.591, Fused mean=0.591, offset mean=0.484
2026-09-14 16:57:34,867 INFO tile_cache: tile_cache: forbid_remote=True (cache-only mode)
2026-09-14 16:57:39,339 INFO object_segmentation:   elevated layer: 92505 px → 1423 segments
2026-09-14 16:57:44,987 INFO object_segmentation:   ground layer: 2157495 px → 1809 segments
2026-09-14 16:57:50,684 INFO texture_features: Using pre-loaded grey image for texture (1500x1500)
2026-09-14 16:57:50,684 INFO texture_features: Computing per-segment GLCM texture at 0.50m (1500x1500)
2026-09-14 16:57:51,940 INFO texture_features: Computed texture for 2673 segments
2026-09-14 16:57:53,935 INFO segv2.build: KG 80110-southwest-5 tile 4: 3232 segments, labelled 74%
2026-09-14 16:57:56,167 INFO object_segmentation: NDVI fusion: BEV mean=0.094, Cop mean=0.466, Fused mean=0.466, offset mean=0.369
2026-09-14 16:57:56,383 INFO tile_cache: tile_cache: forbid_remote=True (cache-only mode)
2026-09-14 16:58:00,886 INFO object_segmentation:   elevated layer: 255793 px → 2961 segments
2026-09-14 16:58:07,222 INFO object_segmentation:   ground layer: 1793143 px → 2070 segments
/home/exedev/.local/lib/python3.12/site-packages/numpy/lib/_nanfunctions_impl.py:1997: RuntimeWarning: Degrees of freedom <= 0 for slice.
  var = nanvar(a, axis=axis, dtype=dtype, out=out, ddof=ddof,
2026-09-14 16:58:13,426 INFO texture_features: Using pre-loaded grey image for texture (1397x1500)
2026-09-14 16:58:13,427 INFO texture_features: Computing per-segment GLCM texture at 0.50m (1397x1500)
2026-09-14 16:58:15,418 INFO texture_features: Computed texture for 3995 segments
2026-09-14 16:58:17,421 INFO segv2.build: KG 80110-southwest-5 tile 5: 5031 segments, labelled 99%
2026-09-14 16:58:19,692 INFO object_segmentation: NDVI fusion: BEV mean=0.028, Cop mean=0.447, Fused mean=0.446, offset mean=0.416
2026-09-14 16:58:19,924 INFO tile_cache: tile_cache: forbid_remote=True (cache-only mode)
2026-09-14 16:58:24,241 INFO object_segmentation:   elevated layer: 34610 px → 882 segments
2026-09-14 16:58:30,202 INFO object_segmentation:   ground layer: 2166803 px → 1246 segments
/home/exedev/.local/lib/python3.12/site-packages/numpy/lib/_nanfunctions_impl.py:1997: RuntimeWarning: Degrees of freedom <= 0 for slice.
  var = nanvar(a, axis=axis, dtype=dtype, out=out, ddof=ddof,
2026-09-14 16:58:34,725 INFO texture_features: Using pre-loaded grey image for texture (1500x1500)
2026-09-14 16:58:34,725 INFO texture_features: Computing per-segment GLCM texture at 0.50m (1500x1500)
2026-09-14 16:58:35,552 INFO texture_features: Computed texture for 1731 segments
2026-09-14 16:58:37,494 INFO segv2.build: KG 80110-southwest-5 tile 6: 2128 segments, labelled 32%
2026-09-14 16:58:39,835 INFO object_segmentation: NDVI fusion: BEV mean=0.010, Cop mean=0.311, Fused mean=0.311, offset mean=0.301
2026-09-14 16:58:40,098 INFO tile_cache: tile_cache: forbid_remote=True (cache-only mode)
2026-09-14 16:58:44,733 INFO object_segmentation:   elevated layer: 89588 px → 2080 segments
2026-09-14 16:58:50,824 INFO object_segmentation:   ground layer: 2160412 px → 1858 segments
2026-09-14 16:58:56,413 INFO texture_features: Using pre-loaded grey image for texture (1500x1500)
2026-09-14 16:58:56,414 INFO texture_features: Computing per-segment GLCM texture at 0.50m (1500x1500)
2026-09-14 16:58:57,890 INFO texture_features: Computed texture for 3131 segments
2026-09-14 16:58:59,916 INFO segv2.build: KG 80110-southwest-5 tile 7: 3938 segments, labelled 68%
2026-09-14 16:59:02,185 INFO object_segmentation: NDVI fusion: BEV mean=-0.067, Cop mean=0.008, Fused mean=0.008, offset mean=0.076
2026-09-14 16:59:02,407 INFO tile_cache: tile_cache: forbid_remote=True (cache-only mode)
2026-09-14 16:59:07,610 INFO object_segmentation:   elevated layer: 77270 px → 1711 segments
2026-09-14 16:59:13,419 INFO object_segmentation:   ground layer: 1996279 px → 1336 segments
/home/exedev/.local/lib/python3.12/site-packages/numpy/lib/_nanfunctions_impl.py:1997: RuntimeWarning: Degrees of freedom <= 0 for slice.
  var = nanvar(a, axis=axis, dtype=dtype, out=out, ddof=ddof,
2026-09-14 16:59:18,310 INFO texture_features: Using pre-loaded grey image for texture (1397x1500)
2026-09-14 16:59:18,311 INFO texture_features: Computing per-segment GLCM texture at 0.50m (1397x1500)
2026-09-14 16:59:19,378 INFO texture_features: Computed texture for 2428 segments
2026-09-14 16:59:21,066 INFO segv2.build: KG 80110-southwest-5 tile 8: 3047 segments, labelled 90%
2026-09-14 16:59:22,961 INFO object_segmentation: NDVI fusion: BEV mean=-0.006, Cop mean=0.336, Fused mean=0.335, offset mean=0.340
2026-09-14 16:59:23,143 INFO tile_cache: tile_cache: forbid_remote=True (cache-only mode)
2026-09-14 16:59:30,253 INFO object_segmentation:   elevated layer: 20205 px → 517 segments
2026-09-14 16:59:36,145 INFO object_segmentation:   ground layer: 1814742 px → 1069 segments
/home/exedev/.local/lib/python3.12/site-packages/numpy/lib/_nanfunctions_impl.py:1997: RuntimeWarning: Degrees of freedom <= 0 for slice.
  var = nanvar(a, axis=axis, dtype=dtype, out=out, ddof=ddof,
2026-09-14 16:59:39,905 INFO texture_features: Using pre-loaded grey image for texture (1500x1263)
2026-09-14 16:59:39,905 INFO texture_features: Computing per-segment GLCM texture at 0.50m (1500x1263)
2026-09-14 16:59:40,540 INFO texture_features: Computed texture for 1360 segments
2026-09-14 16:59:42,212 INFO segv2.build: KG 80110-southwest-5 tile 9: 1586 segments, labelled 37%
2026-09-14 16:59:44,144 INFO object_segmentation: NDVI fusion: BEV mean=-0.080, Cop mean=0.075, Fused mean=0.075, offset mean=0.154
2026-09-14 16:59:44,354 INFO tile_cache: tile_cache: forbid_remote=True (cache-only mode)
2026-09-14 16:59:48,202 INFO object_segmentation:   elevated layer: 38264 px → 1015 segments
2026-09-14 16:59:52,978 INFO object_segmentation:   ground layer: 1831791 px → 982 segments
/home/exedev/.local/lib/python3.12/site-packages/numpy/lib/_nanfunctions_impl.py:1997: RuntimeWarning: Degrees of freedom <= 0 for slice.
  var = nanvar(a, axis=axis, dtype=dtype, out=out, ddof=ddof,
2026-09-14 16:59:56,942 INFO texture_features: Using pre-loaded grey image for texture (1500x1263)
2026-09-14 16:59:56,942 INFO texture_features: Computing per-segment GLCM texture at 0.50m (1500x1263)
2026-09-14 16:59:57,679 INFO texture_features: Computed texture for 1587 segments
2026-09-14 16:59:59,190 INFO segv2.build: KG 80110-southwest-5 tile 10: 1997 segments, labelled 78%
2026-09-14 17:00:01,087 INFO object_segmentation: NDVI fusion: BEV mean=-0.085, Cop mean=0.031, Fused mean=0.030, offset mean=0.115
2026-09-14 17:00:01,277 INFO tile_cache: tile_cache: forbid_remote=True (cache-only mode)
2026-09-14 17:00:05,360 INFO object_segmentation:   elevated layer: 69388 px → 1774 segments
2026-09-14 17:00:09,709 INFO object_segmentation:   ground layer: 1647691 px → 1110 segments
/home/exedev/.local/lib/python3.12/site-packages/numpy/lib/_nanfunctions_impl.py:1997: RuntimeWarning: Degrees of freedom <= 0 for slice.
  var = nanvar(a, axis=axis, dtype=dtype, out=out, ddof=ddof,
2026-09-14 17:00:14,050 INFO texture_features: Using pre-loaded grey image for texture (1397x1263)
2026-09-14 17:00:14,050 INFO texture_features: Computing per-segment GLCM texture at 0.50m (1397x1263)
2026-09-14 17:00:15,010 INFO texture_features: Computed texture for 2177 segments
2026-09-14 17:00:16,503 INFO segv2.build: KG 80110-southwest-5 tile 11: 2884 segments, labelled 51%
2026-09-14 17:00:16,695 INFO segv2.build: KG 80110-southwest-5 done: 33941 segs, 22899 labelled (16304 good) in 408s
2026-09-14 17:03:01,351 INFO segv2.fetch: downloaded 85204_full.gpkg: 1769 MB in 162s (10.9 MB/s)
2026-09-14 17:03:08,189 INFO segv2.labels: KG 85204 cadastre: 254 footprints, 2122 landuse polys, 415 parcels
2026-09-14 17:03:08,711 INFO segv2.labels: KG 85204 osm: 498 road, 40 rail, 182 water lines, 15 water areas; invekos: 1036
2026-09-14 17:03:11,246 INFO object_segmentation: NDVI fusion: BEV mean=0.220, Cop mean=0.722, Fused mean=0.721, offset mean=0.500
2026-09-14 17:03:11,440 INFO tile_cache: tile_cache: forbid_remote=True (cache-only mode)
2026-09-14 17:03:17,649 INFO object_segmentation:   elevated layer: 49725 px → 121 segments
2026-09-14 17:03:23,358 INFO object_segmentation:   ground layer: 59667 px → 50 segments
2026-09-14 17:03:23,753 INFO texture_features: Using pre-loaded grey image for texture (1500x1500)
2026-09-14 17:03:23,753 INFO texture_features: Computing per-segment GLCM texture at 0.50m (1500x1500)
2026-09-14 17:03:23,838 INFO texture_features: Computed texture for 161 segments
2026-09-14 17:03:24,481 INFO segv2.build: KG 85204 tile 1: 171 segments, labelled 88%
2026-09-14 17:03:27,042 INFO object_segmentation: NDVI fusion: BEV mean=0.231, Cop mean=0.710, Fused mean=0.710, offset mean=0.480
2026-09-14 17:03:27,320 INFO tile_cache: tile_cache: forbid_remote=True (cache-only mode)
2026-09-14 17:03:33,210 INFO object_segmentation:   elevated layer: 927135 px → 2942 segments
2026-09-14 17:03:38,246 INFO object_segmentation:   ground layer: 625146 px → 1272 segments
2026-09-14 17:03:43,214 INFO texture_features: Using pre-loaded grey image for texture (1500x1500)
2026-09-14 17:03:43,214 INFO texture_features: Computing per-segment GLCM texture at 0.50m (1500x1500)
2026-09-14 17:03:45,064 INFO texture_features: Computed texture for 3869 segments
2026-09-14 17:03:46,412 INFO segv2.build: KG 85204 tile 5: 4214 segments, labelled 74%
2026-09-14 17:03:48,812 INFO object_segmentation: NDVI fusion: BEV mean=0.239, Cop mean=0.738, Fused mean=0.738, offset mean=0.497
2026-09-14 17:03:49,104 INFO tile_cache: tile_cache: forbid_remote=True (cache-only mode)
2026-09-14 17:04:04,244 INFO object_segmentation:   elevated layer: 156822 px → 451 segments
2026-09-14 17:04:19,934 INFO object_segmentation:   ground layer: 169597 px → 174 segments
2026-09-14 17:04:20,852 INFO texture_features: Using pre-loaded grey image for texture (1500x1500)
2026-09-14 17:04:20,852 INFO texture_features: Computing per-segment GLCM texture at 0.50m (1500x1500)
2026-09-14 17:04:21,121 INFO texture_features: Computed texture for 587 segments
2026-09-14 17:04:21,828 INFO segv2.build: KG 85204 tile 6: 625 segments, labelled 95%
2026-09-14 17:04:24,113 INFO object_segmentation: NDVI fusion: BEV mean=0.229, Cop mean=0.749, Fused mean=0.749, offset mean=0.518
2026-09-14 17:04:24,334 INFO tile_cache: tile_cache: forbid_remote=True (cache-only mode)
2026-09-14 17:04:43,691 INFO object_segmentation:   elevated layer: 161906 px → 591 segments
2026-09-14 17:04:57,054 INFO object_segmentation:   ground layer: 79103 px → 329 segments
2026-09-14 17:04:58,019 INFO texture_features: Using pre-loaded grey image for texture (1500x1500)
2026-09-14 17:04:58,020 INFO texture_features: Computing per-segment GLCM texture at 0.50m (1500x1500)
2026-09-14 17:04:58,382 INFO texture_features: Computed texture for 831 segments
2026-09-14 17:04:58,882 INFO segv2.build: KG 85204 tile 8: 920 segments, labelled 84%
2026-09-14 17:05:01,131 INFO object_segmentation: NDVI fusion: BEV mean=0.238, Cop mean=0.693, Fused mean=0.693, offset mean=0.455
2026-09-14 17:05:01,380 INFO tile_cache: tile_cache: forbid_remote=True (cache-only mode)
2026-09-14 17:05:07,634 INFO object_segmentation:   elevated layer: 1552503 px → 4605 segments
2026-09-14 17:05:13,980 INFO object_segmentation:   ground layer: 234802 px → 1574 segments
2026-09-14 17:05:19,957 INFO texture_features: Using pre-loaded grey image for texture (1500x1500)
2026-09-14 17:05:19,957 INFO texture_features: Computing per-segment GLCM texture at 0.50m (1500x1500)
2026-09-14 17:05:22,493 INFO texture_features: Computed texture for 5704 segments
2026-09-14 17:05:24,116 INFO segv2.build: KG 85204 tile 9: 6179 segments, labelled 73%
2026-09-14 17:05:26,369 INFO object_segmentation: NDVI fusion: BEV mean=0.132, Cop mean=0.657, Fused mean=0.657, offset mean=0.523
2026-09-14 17:05:26,599 INFO tile_cache: tile_cache: forbid_remote=True (cache-only mode)
2026-09-14 17:05:34,001 INFO object_segmentation:   elevated layer: 214145 px → 1810 segments
2026-09-14 17:05:48,482 INFO object_segmentation:   ground layer: 889233 px → 1280 segments
2026-09-14 17:05:51,765 INFO texture_features: Using pre-loaded grey image for texture (1500x1500)
2026-09-14 17:05:51,765 INFO texture_features: Computing per-segment GLCM texture at 0.50m (1500x1500)
2026-09-14 17:05:52,954 INFO texture_features: Computed texture for 2634 segments
2026-09-14 17:05:53,984 INFO segv2.build: KG 85204 tile 12: 3090 segments, labelled 81%
2026-09-14 17:05:56,260 INFO object_segmentation: NDVI fusion: BEV mean=0.222, Cop mean=0.762, Fused mean=0.762, offset mean=0.540
2026-09-14 17:05:56,515 INFO tile_cache: tile_cache: forbid_remote=True (cache-only mode)
2026-09-14 17:06:02,067 INFO object_segmentation:   elevated layer: 1311298 px → 4817 segments
2026-09-14 17:06:08,138 INFO object_segmentation:   ground layer: 682268 px → 2221 segments
2026-09-14 17:06:15,127 INFO texture_features: Using pre-loaded grey image for texture (1500x1500)
2026-09-14 17:06:15,127 INFO texture_features: Computing per-segment GLCM texture at 0.50m (1500x1500)
2026-09-14 17:06:17,953 INFO texture_features: Computed texture for 6229 segments
2026-09-14 17:06:19,654 INFO segv2.build: KG 85204 tile 13: 7038 segments, labelled 84%
2026-09-14 17:06:21,503 INFO object_segmentation: NDVI fusion: BEV mean=0.119, Cop mean=0.691, Fused mean=0.691, offset mean=0.574
2026-09-14 17:06:21,684 INFO tile_cache: tile_cache: forbid_remote=True (cache-only mode)
2026-09-14 17:06:35,225 INFO object_segmentation:   elevated layer: 43054 px → 673 segments
2026-09-14 17:06:39,528 INFO object_segmentation:   ground layer: 968039 px → 808 segments
2026-09-14 17:06:41,819 INFO texture_features: Using pre-loaded grey image for texture (1500x1254)
2026-09-14 17:06:41,819 INFO texture_features: Computing per-segment GLCM texture at 0.50m (1500x1254)
2026-09-14 17:06:42,491 INFO texture_features: Computed texture for 1249 segments
2026-09-14 17:06:43,246 INFO segv2.build: KG 85204 tile 16: 1481 segments, labelled 86%
2026-09-14 17:06:45,198 INFO object_segmentation: NDVI fusion: BEV mean=0.112, Cop mean=0.649, Fused mean=0.648, offset mean=0.534
2026-09-14 17:06:45,402 INFO tile_cache: tile_cache: forbid_remote=True (cache-only mode)
2026-09-14 17:06:49,572 INFO object_segmentation:   elevated layer: 123424 px → 1389 segments
2026-09-14 17:06:53,679 INFO object_segmentation:   ground layer: 856569 px → 1046 segments
2026-09-14 17:06:56,417 INFO texture_features: Using pre-loaded grey image for texture (1500x1254)
2026-09-14 17:06:56,417 INFO texture_features: Computing per-segment GLCM texture at 0.50m (1500x1254)
2026-09-14 17:06:57,319 INFO texture_features: Computed texture for 1965 segments
2026-09-14 17:06:58,093 INFO segv2.build: KG 85204 tile 17: 2435 segments, labelled 67%
2026-09-14 17:06:58,249 INFO segv2.build: KG 85204 done: 26153 segs, 20463 labelled (9465 good) in 401s
2026-09-14 17:11:06,055 INFO segv2.fetch: downloaded 86029-west_full.gpkg: 1921 MB in 245s (7.9 MB/s)
2026-09-14 17:11:12,434 INFO segv2.labels: KG 86029 cadastre: 225 footprints, 2928 landuse polys, 2649 parcels
2026-09-14 17:11:12,760 INFO segv2.labels: KG 86029 osm: 127 road, 0 rail, 113 water lines, 3 water areas; invekos: 341
2026-09-14 17:11:15,586 INFO object_segmentation: NDVI fusion: BEV mean=0.336, Cop mean=0.803, Fused mean=0.803, offset mean=0.466
2026-09-14 17:11:15,780 INFO tile_cache: tile_cache: forbid_remote=True (cache-only mode)
2026-09-14 17:11:22,472 INFO object_segmentation:   elevated layer: 26153 px → 217 segments
2026-09-14 17:11:27,058 INFO object_segmentation:   ground layer: 87649 px → 162 segments
/home/exedev/.local/lib/python3.12/site-packages/numpy/lib/_nanfunctions_impl.py:1997: RuntimeWarning: Degrees of freedom <= 0 for slice.
  var = nanvar(a, axis=axis, dtype=dtype, out=out, ddof=ddof,
2026-09-14 17:11:27,634 INFO texture_features: Using pre-loaded grey image for texture (1500x1500)
2026-09-14 17:11:27,634 INFO texture_features: Computing per-segment GLCM texture at 0.50m (1500x1500)
2026-09-14 17:11:27,789 INFO texture_features: Computed texture for 322 segments
2026-09-14 17:11:28,208 INFO segv2.build: KG 86029-west tile 0: 379 segments, labelled 99%
2026-09-14 17:11:30,526 INFO object_segmentation: NDVI fusion: BEV mean=0.287, Cop mean=0.642, Fused mean=0.642, offset mean=0.355
2026-09-14 17:11:30,767 INFO tile_cache: tile_cache: forbid_remote=True (cache-only mode)
2026-09-14 17:11:36,064 INFO object_segmentation:   elevated layer: 25181 px → 412 segments
2026-09-14 17:11:43,959 INFO object_segmentation:   ground layer: 559295 px → 550 segments
/home/exedev/.local/lib/python3.12/site-packages/numpy/lib/_nanfunctions_impl.py:1997: RuntimeWarning: Degrees of freedom <= 0 for slice.
  var = nanvar(a, axis=axis, dtype=dtype, out=out, ddof=ddof,
2026-09-14 17:11:45,661 INFO texture_features: Using pre-loaded grey image for texture (1500x1500)
2026-09-14 17:11:45,661 INFO texture_features: Computing per-segment GLCM texture at 0.50m (1500x1500)
2026-09-14 17:11:46,027 INFO texture_features: Computed texture for 785 segments
2026-09-14 17:11:46,597 INFO segv2.build: KG 86029-west tile 1: 962 segments, labelled 98%
2026-09-14 17:11:48,666 INFO object_segmentation: NDVI fusion: BEV mean=0.254, Cop mean=0.627, Fused mean=0.625, offset mean=0.377
2026-09-14 17:11:48,848 INFO tile_cache: tile_cache: forbid_remote=True (cache-only mode)
2026-09-14 17:11:53,790 INFO object_segmentation:   elevated layer: 12722 px → 337 segments
2026-09-14 17:11:58,945 INFO object_segmentation:   ground layer: 580938 px → 457 segments
/home/exedev/.local/lib/python3.12/site-packages/numpy/lib/_nanfunctions_impl.py:1997: RuntimeWarning: Degrees of freedom <= 0 for slice.
  var = nanvar(a, axis=axis, dtype=dtype, out=out, ddof=ddof,
2026-09-14 17:12:00,440 INFO texture_features: Using pre-loaded grey image for texture (1386x1500)
2026-09-14 17:12:00,441 INFO texture_features: Computing per-segment GLCM texture at 0.50m (1386x1500)
2026-09-14 17:12:00,779 INFO texture_features: Computed texture for 641 segments
2026-09-14 17:12:01,298 INFO segv2.build: KG 86029-west tile 2: 794 segments, labelled 97%
2026-09-14 17:12:03,618 INFO object_segmentation: NDVI fusion: BEV mean=0.429, Cop mean=0.805, Fused mean=0.805, offset mean=0.375
2026-09-14 17:12:03,869 INFO tile_cache: tile_cache: forbid_remote=True (cache-only mode)
2026-09-14 17:12:16,386 INFO object_segmentation:   elevated layer: 926712 px → 2819 segments
2026-09-14 17:12:22,272 INFO object_segmentation:   ground layer: 327160 px → 1102 segments
/home/exedev/.local/lib/python3.12/site-packages/numpy/lib/_nanfunctions_impl.py:1997: RuntimeWarning: Degrees of freedom <= 0 for slice.
  var = nanvar(a, axis=axis, dtype=dtype, out=out, ddof=ddof,
2026-09-14 17:12:26,593 INFO texture_features: Using pre-loaded grey image for texture (1500x1500)
2026-09-14 17:12:26,594 INFO texture_features: Computing per-segment GLCM texture at 0.50m (1500x1500)
2026-09-14 17:12:28,199 INFO texture_features: Computed texture for 3527 segments
2026-09-14 17:12:29,419 INFO segv2.build: KG 86029-west tile 3: 3921 segments, labelled 82%
2026-09-14 17:12:31,858 INFO object_segmentation: NDVI fusion: BEV mean=0.418, Cop mean=0.802, Fused mean=0.802, offset mean=0.384
2026-09-14 17:12:32,130 INFO tile_cache: tile_cache: forbid_remote=True (cache-only mode)
2026-09-14 17:12:37,122 INFO object_segmentation:   elevated layer: 989849 px → 3206 segments
2026-09-14 17:12:41,883 INFO object_segmentation:   ground layer: 1260072 px → 1900 segments
2026-09-14 17:12:48,446 INFO texture_features: Using pre-loaded grey image for texture (1500x1500)
2026-09-14 17:12:48,446 INFO texture_features: Computing per-segment GLCM texture at 0.50m (1500x1500)
2026-09-14 17:12:50,477 INFO texture_features: Computed texture for 4499 segments
2026-09-14 17:12:52,318 INFO segv2.build: KG 86029-west tile 4: 5106 segments, labelled 88%
2026-09-14 17:12:54,569 INFO object_segmentation: NDVI fusion: BEV mean=0.403, Cop mean=0.788, Fused mean=0.785, offset mean=0.385
2026-09-14 17:12:54,792 INFO tile_cache: tile_cache: forbid_remote=True (cache-only mode)
2026-09-14 17:12:59,777 INFO object_segmentation:   elevated layer: 673019 px → 3003 segments
2026-09-14 17:13:04,675 INFO object_segmentation:   ground layer: 1393342 px → 1792 segments
/home/exedev/.local/lib/python3.12/site-packages/numpy/lib/_nanfunctions_impl.py:1997: RuntimeWarning: Degrees of freedom <= 0 for slice.
  var = nanvar(a, axis=axis, dtype=dtype, out=out, ddof=ddof,
2026-09-14 17:13:10,720 INFO texture_features: Using pre-loaded grey image for texture (1386x1500)
2026-09-14 17:13:10,720 INFO texture_features: Computing per-segment GLCM texture at 0.50m (1386x1500)
2026-09-14 17:13:12,503 INFO texture_features: Computed texture for 3997 segments
2026-09-14 17:13:14,082 INFO segv2.build: KG 86029-west tile 5: 4795 segments, labelled 94%
2026-09-14 17:13:16,408 INFO object_segmentation: NDVI fusion: BEV mean=0.363, Cop mean=0.715, Fused mean=0.715, offset mean=0.351
2026-09-14 17:13:16,653 INFO tile_cache: tile_cache: forbid_remote=True (cache-only mode)
2026-09-14 17:13:24,270 INFO object_segmentation:   elevated layer: 1342925 px → 4239 segments
2026-09-14 17:13:32,059 INFO object_segmentation:   ground layer: 416099 px → 2079 segments
/home/exedev/.local/lib/python3.12/site-packages/numpy/lib/_nanfunctions_impl.py:1997: RuntimeWarning: Degrees of freedom <= 0 for slice.
  var = nanvar(a, axis=axis, dtype=dtype, out=out, ddof=ddof,
2026-09-14 17:13:38,364 INFO texture_features: Using pre-loaded grey image for texture (1500x1500)
2026-09-14 17:13:38,364 INFO texture_features: Computing per-segment GLCM texture at 0.50m (1500x1500)
2026-09-14 17:13:40,905 INFO texture_features: Computed texture for 5652 segments
2026-09-14 17:13:42,386 INFO segv2.build: KG 86029-west tile 6: 6318 segments, labelled 84%
2026-09-14 17:13:44,722 INFO object_segmentation: NDVI fusion: BEV mean=0.415, Cop mean=0.798, Fused mean=0.798, offset mean=0.383
2026-09-14 17:13:44,987 INFO tile_cache: tile_cache: forbid_remote=True (cache-only mode)
2026-09-14 17:13:50,537 INFO object_segmentation:   elevated layer: 1832365 px → 4303 segments
2026-09-14 17:13:55,341 INFO object_segmentation:   ground layer: 417612 px → 1959 segments
2026-09-14 17:14:02,340 INFO texture_features: Using pre-loaded grey image for texture (1500x1500)
2026-09-14 17:14:02,340 INFO texture_features: Computing per-segment GLCM texture at 0.50m (1500x1500)
2026-09-14 17:14:05,012 INFO texture_features: Computed texture for 5721 segments
2026-09-14 17:14:06,894 INFO segv2.build: KG 86029-west tile 7: 6262 segments, labelled 70%
2026-09-14 17:14:09,116 INFO object_segmentation: NDVI fusion: BEV mean=0.417, Cop mean=0.774, Fused mean=0.774, offset mean=0.355
2026-09-14 17:14:09,418 INFO tile_cache: tile_cache: forbid_remote=True (cache-only mode)
2026-09-14 17:14:14,986 INFO object_segmentation:   elevated layer: 1545799 px → 4206 segments
2026-09-14 17:14:19,040 INFO object_segmentation:   ground layer: 503134 px → 2108 segments
/home/exedev/.local/lib/python3.12/site-packages/numpy/lib/_nanfunctions_impl.py:1997: RuntimeWarning: Degrees of freedom <= 0 for slice.
  var = nanvar(a, axis=axis, dtype=dtype, out=out, ddof=ddof,
2026-09-14 17:14:26,002 INFO texture_features: Using pre-loaded grey image for texture (1386x1500)
2026-09-14 17:14:26,002 INFO texture_features: Computing per-segment GLCM texture at 0.50m (1386x1500)
2026-09-14 17:14:28,528 INFO texture_features: Computed texture for 5669 segments
2026-09-14 17:14:30,349 INFO segv2.build: KG 86029-west tile 8: 6314 segments, labelled 73%
2026-09-14 17:14:32,756 INFO object_segmentation: NDVI fusion: BEV mean=0.322, Cop mean=0.636, Fused mean=0.636, offset mean=0.312
2026-09-14 17:14:33,004 INFO tile_cache: tile_cache: forbid_remote=True (cache-only mode)
2026-09-14 17:14:57,424 INFO object_segmentation:   elevated layer: 55498 px → 304 segments
2026-09-14 17:15:21,894 INFO object_segmentation:   ground layer: 60368 px → 185 segments
/home/exedev/.local/lib/python3.12/site-packages/numpy/lib/_nanfunctions_impl.py:1997: RuntimeWarning: Degrees of freedom <= 0 for slice.
  var = nanvar(a, axis=axis, dtype=dtype, out=out, ddof=ddof,
2026-09-14 17:15:22,597 INFO texture_features: Using pre-loaded grey image for texture (1500x1500)
2026-09-14 17:15:22,598 INFO texture_features: Computing per-segment GLCM texture at 0.50m (1500x1500)
2026-09-14 17:15:22,797 INFO texture_features: Computed texture for 414 segments
2026-09-14 17:15:23,225 INFO segv2.build: KG 86029-west tile 9: 489 segments, labelled 98%
2026-09-14 17:15:25,580 INFO object_segmentation: NDVI fusion: BEV mean=0.294, Cop mean=0.545, Fused mean=0.545, offset mean=0.251
2026-09-14 17:15:25,846 INFO tile_cache: tile_cache: forbid_remote=True (cache-only mode)
2026-09-14 17:15:32,049 INFO object_segmentation:   elevated layer: 784896 px → 3278 segments
2026-09-14 17:15:36,802 INFO object_segmentation:   ground layer: 509821 px → 1683 segments
2026-09-14 17:15:41,664 INFO texture_features: Using pre-loaded grey image for texture (1500x1500)
2026-09-14 17:15:41,664 INFO texture_features: Computing per-segment GLCM texture at 0.50m (1500x1500)
2026-09-14 17:15:43,653 INFO texture_features: Computed texture for 4377 segments
2026-09-14 17:15:44,989 INFO segv2.build: KG 86029-west tile 10: 4961 segments, labelled 95%
2026-09-14 17:15:47,213 INFO object_segmentation: NDVI fusion: BEV mean=0.385, Cop mean=0.708, Fused mean=0.708, offset mean=0.322
2026-09-14 17:15:47,446 INFO tile_cache: tile_cache: forbid_remote=True (cache-only mode)
2026-09-14 17:15:52,759 INFO object_segmentation:   elevated layer: 1571250 px → 4218 segments
2026-09-14 17:15:57,179 INFO object_segmentation:   ground layer: 489984 px → 1904 segments
/home/exedev/.local/lib/python3.12/site-packages/numpy/lib/_nanfunctions_impl.py:1997: RuntimeWarning: Degrees of freedom <= 0 for slice.
  var = nanvar(a, axis=axis, dtype=dtype, out=out, ddof=ddof,
2026-09-14 17:16:03,704 INFO texture_features: Using pre-loaded grey image for texture (1386x1500)
2026-09-14 17:16:03,704 INFO texture_features: Computing per-segment GLCM texture at 0.50m (1386x1500)
2026-09-14 17:16:06,317 INFO texture_features: Computed texture for 5502 segments
2026-09-14 17:16:08,025 INFO segv2.build: KG 86029-west tile 11: 6122 segments, labelled 83%
2026-09-14 17:16:09,704 INFO object_segmentation: NDVI fusion: BEV mean=0.393, Cop mean=0.732, Fused mean=0.733, offset mean=0.339
2026-09-14 17:16:09,889 INFO tile_cache: tile_cache: forbid_remote=True (cache-only mode)
2026-09-14 17:16:13,392 INFO object_segmentation:   elevated layer: 620626 px → 1397 segments
2026-09-14 17:16:22,925 INFO object_segmentation:   ground layer: 143062 px → 626 segments
/home/exedev/.local/lib/python3.12/site-packages/numpy/lib/_nanfunctions_impl.py:1997: RuntimeWarning: Degrees of freedom <= 0 for slice.
  var = nanvar(a, axis=axis, dtype=dtype, out=out, ddof=ddof,
2026-09-14 17:16:25,496 INFO texture_features: Using pre-loaded grey image for texture (1386x1149)
2026-09-14 17:16:25,497 INFO texture_features: Computing per-segment GLCM texture at 0.50m (1386x1149)
2026-09-14 17:16:26,417 INFO texture_features: Computed texture for 1835 segments
2026-09-14 17:16:27,290 INFO segv2.build: KG 86029-west tile 14: 2023 segments, labelled 98%
2026-09-14 17:16:27,589 INFO segv2.build: KG 86029-west done: 48446 segs, 40780 labelled (27986 good) in 569s
2026-09-14 17:19:45,782 INFO segv2.fetch: downloaded 73501-north_full.gpkg: 2139 MB in 195s (11.0 MB/s)
2026-09-14 17:19:59,944 INFO segv2.labels: KG 73501 cadastre: 1834 footprints, 4154 landuse polys, 1520 parcels
2026-09-14 17:20:00,613 INFO segv2.labels: KG 73501 osm: 85 road, 0 rail, 262 water lines, 15 water areas; invekos: 902
2026-09-14 17:20:03,313 INFO object_segmentation: NDVI fusion: BEV mean=0.024, Cop mean=0.362, Fused mean=0.362, offset mean=0.337
2026-09-14 17:20:03,489 INFO tile_cache: tile_cache: forbid_remote=True (cache-only mode)
2026-09-14 17:20:03,527 INFO zenodo_cache: Fetching ZIP index from https://zenodo.org/api/records/19650075/draft/files/copernicus_harmonics_cell_47.0_48.0_12.0_14.0.zip/content
2026-09-14 17:20:10,058 INFO object_segmentation:   elevated layer: 17937 px → 313 segments
2026-09-14 17:20:16,201 INFO object_segmentation:   ground layer: 1035318 px → 784 segments
2026-09-14 17:20:18,547 INFO texture_features: Using pre-loaded grey image for texture (1500x1500)
2026-09-14 17:20:18,547 INFO texture_features: Computing per-segment GLCM texture at 0.50m (1500x1500)
2026-09-14 17:20:19,037 INFO texture_features: Computed texture for 973 segments
2026-09-14 17:20:19,967 INFO segv2.build: KG 73501-north tile 0: 1097 segments, labelled 55%
2026-09-14 17:20:22,294 INFO object_segmentation: NDVI fusion: BEV mean=0.002, Cop mean=0.184, Fused mean=0.195, offset mean=0.211
2026-09-14 17:20:22,523 INFO tile_cache: tile_cache: forbid_remote=True (cache-only mode)
2026-09-14 17:20:22,563 INFO zenodo_cache: Fetching ZIP index from https://zenodo.org/api/records/19650075/draft/files/copernicus_harmonics_cell_47.0_48.0_12.0_14.0.zip/content
2026-09-14 17:20:27,560 INFO object_segmentation:   elevated layer: 43028 px → 796 segments
2026-09-14 17:20:34,484 INFO object_segmentation:   ground layer: 1058257 px → 937 segments
2026-09-14 17:20:37,042 INFO texture_features: Using pre-loaded grey image for texture (1500x1500)
2026-09-14 17:20:37,043 INFO texture_features: Computing per-segment GLCM texture at 0.50m (1500x1500)
2026-09-14 17:20:37,753 INFO texture_features: Computed texture for 1386 segments
2026-09-14 17:20:38,731 INFO segv2.build: KG 73501-north tile 1: 1733 segments, labelled 53%
2026-09-14 17:20:41,049 INFO object_segmentation: NDVI fusion: BEV mean=-0.030, Cop mean=0.062, Fused mean=0.071, offset mean=0.112
2026-09-14 17:20:41,280 INFO tile_cache: tile_cache: forbid_remote=True (cache-only mode)
2026-09-14 17:20:41,328 INFO zenodo_cache: Fetching ZIP index from https://zenodo.org/api/records/19650075/draft/files/copernicus_harmonics_cell_47.0_48.0_12.0_14.0.zip/content
2026-09-14 17:20:46,345 INFO object_segmentation:   elevated layer: 72239 px → 981 segments
2026-09-14 17:20:56,140 INFO object_segmentation:   ground layer: 767886 px → 902 segments
2026-09-14 17:20:58,500 INFO texture_features: Using pre-loaded grey image for texture (1500x1500)
2026-09-14 17:20:58,501 INFO texture_features: Computing per-segment GLCM texture at 0.50m (1500x1500)
2026-09-14 17:20:59,202 INFO texture_features: Computed texture for 1563 segments
2026-09-14 17:21:00,013 INFO segv2.build: KG 73501-north tile 2: 1883 segments, labelled 40%
2026-09-14 17:21:02,264 INFO object_segmentation: NDVI fusion: BEV mean=-0.049, Cop mean=0.039, Fused mean=0.034, offset mean=0.094
2026-09-14 17:21:02,484 INFO tile_cache: tile_cache: forbid_remote=True (cache-only mode)
2026-09-14 17:21:02,522 INFO zenodo_cache: Fetching ZIP index from https://zenodo.org/api/records/19650075/draft/files/copernicus_harmonics_cell_47.0_48.0_12.0_14.0.zip/content
2026-09-14 17:21:08,128 INFO object_segmentation:   elevated layer: 60326 px → 814 segments
2026-09-14 17:21:18,841 INFO object_segmentation:   ground layer: 626707 px → 729 segments
2026-09-14 17:21:20,859 INFO texture_features: Using pre-loaded grey image for texture (1500x1500)
2026-09-14 17:21:20,860 INFO texture_features: Computing per-segment GLCM texture at 0.50m (1500x1500)
2026-09-14 17:21:21,451 INFO texture_features: Computed texture for 1255 segments
2026-09-14 17:21:22,097 INFO segv2.build: KG 73501-north tile 3: 1543 segments, labelled 8%
2026-09-14 17:21:24,329 INFO object_segmentation: NDVI fusion: BEV mean=0.092, Cop mean=0.550, Fused mean=0.550, offset mean=0.457
2026-09-14 17:21:24,542 INFO tile_cache: tile_cache: forbid_remote=True (cache-only mode)
2026-09-14 17:21:24,580 INFO zenodo_cache: Fetching ZIP index from https://zenodo.org/api/records/19650075/draft/files/copernicus_harmonics_cell_47.0_48.0_12.0_14.0.zip/content
2026-09-14 17:21:29,255 INFO object_segmentation:   elevated layer: 79405 px → 1112 segments
2026-09-14 17:21:35,613 INFO object_segmentation:   ground layer: 1813497 px → 1369 segments
2026-09-14 17:21:40,024 INFO texture_features: Using pre-loaded grey image for texture (1500x1500)
2026-09-14 17:21:40,024 INFO texture_features: Computing per-segment GLCM texture at 0.50m (1500x1500)
2026-09-14 17:21:40,937 INFO texture_features: Computed texture for 2053 segments
2026-09-14 17:21:42,466 INFO segv2.build: KG 73501-north tile 5: 2481 segments, labelled 63%
2026-09-14 17:21:44,924 INFO object_segmentation: NDVI fusion: BEV mean=0.208, Cop mean=0.724, Fused mean=0.724, offset mean=0.516
2026-09-14 17:21:45,201 INFO tile_cache: tile_cache: forbid_remote=True (cache-only mode)
2026-09-14 17:21:45,239 INFO zenodo_cache: Fetching ZIP index from https://zenodo.org/api/records/19650075/draft/files/copernicus_harmonics_cell_47.0_48.0_12.0_14.0.zip/content
2026-09-14 17:21:49,968 INFO object_segmentation:   elevated layer: 104268 px → 1259 segments
2026-09-14 17:21:55,625 INFO object_segmentation:   ground layer: 2145732 px → 1644 segments
2026-09-14 17:22:00,537 INFO texture_features: Using pre-loaded grey image for texture (1500x1500)
2026-09-14 17:22:00,537 INFO texture_features: Computing per-segment GLCM texture at 0.50m (1500x1500)
2026-09-14 17:22:01,639 INFO texture_features: Computed texture for 2420 segments
2026-09-14 17:22:03,279 INFO segv2.build: KG 73501-north tile 6: 2903 segments, labelled 89%
2026-09-14 17:22:05,626 INFO object_segmentation: NDVI fusion: BEV mean=0.032, Cop mean=0.361, Fused mean=0.361, offset mean=0.329
2026-09-14 17:22:05,880 INFO tile_cache: tile_cache: forbid_remote=True (cache-only mode)
2026-09-14 17:22:05,919 INFO zenodo_cache: Fetching ZIP index from https://zenodo.org/api/records/19650075/draft/files/copernicus_harmonics_cell_47.0_48.0_12.0_14.0.zip/content
2026-09-14 17:22:11,172 INFO object_segmentation:   elevated layer: 120333 px → 1817 segments
2026-09-14 17:22:17,149 INFO object_segmentation:   ground layer: 2129661 px → 1869 segments
2026-09-14 17:22:22,552 INFO texture_features: Using pre-loaded grey image for texture (1500x1500)
2026-09-14 17:22:22,553 INFO texture_features: Computing per-segment GLCM texture at 0.50m (1500x1500)
2026-09-14 17:22:23,923 INFO texture_features: Computed texture for 2951 segments
2026-09-14 17:22:25,587 INFO segv2.build: KG 73501-north tile 7: 3686 segments, labelled 45%
2026-09-14 17:22:27,872 INFO object_segmentation: NDVI fusion: BEV mean=-0.048, Cop mean=0.103, Fused mean=0.100, offset mean=0.162
2026-09-14 17:22:28,117 INFO tile_cache: tile_cache: forbid_remote=True (cache-only mode)
2026-09-14 17:22:28,155 INFO zenodo_cache: Fetching ZIP index from https://zenodo.org/api/records/19650075/draft/files/copernicus_harmonics_cell_47.0_48.0_12.0_14.0.zip/content
2026-09-14 17:25:57,112 INFO object_segmentation:   elevated layer: 195821 px → 3234 segments
2026-09-14 17:26:02,779 INFO object_segmentation:   ground layer: 2054179 px → 2264 segments
2026-09-14 17:26:09,275 INFO texture_features: Using pre-loaded grey image for texture (1500x1500)
2026-09-14 17:26:09,275 INFO texture_features: Computing per-segment GLCM texture at 0.50m (1500x1500)
2026-09-14 17:26:11,300 INFO texture_features: Computed texture for 4195 segments
2026-09-14 17:26:13,048 INFO segv2.build: KG 73501-north tile 8: 5498 segments, labelled 19%
2026-09-14 17:26:15,094 INFO object_segmentation: NDVI fusion: BEV mean=-0.064, Cop mean=0.000, Fused mean=-0.000, offset mean=0.063
2026-09-14 17:26:15,313 INFO tile_cache: tile_cache: forbid_remote=True (cache-only mode)
2026-09-14 17:26:15,355 INFO zenodo_cache: Cache manifest reloaded (depo_id=19650075, 2627 files)
2026-09-14 17:26:15,355 INFO zenodo_cache: Fetching ZIP index from https://zenodo.org/api/records/19650075/draft/files/copernicus_harmonics_cell_47.0_48.0_12.0_14.0.zip/content
2026-09-14 17:26:20,351 INFO object_segmentation:   elevated layer: 42756 px → 843 segments
2026-09-14 17:26:26,613 INFO object_segmentation:   ground layer: 547745 px → 638 segments
2026-09-14 17:26:28,445 INFO texture_features: Using pre-loaded grey image for texture (1358x1500)
2026-09-14 17:26:28,445 INFO texture_features: Computing per-segment GLCM texture at 0.50m (1358x1500)
2026-09-14 17:26:28,979 INFO texture_features: Computed texture for 1137 segments
2026-09-14 17:26:29,658 INFO segv2.build: KG 73501-north tile 9: 1481 segments, labelled 95%
2026-09-14 17:26:32,006 INFO object_segmentation: NDVI fusion: BEV mean=0.215, Cop mean=0.763, Fused mean=0.762, offset mean=0.546
2026-09-14 17:26:32,254 INFO tile_cache: tile_cache: forbid_remote=True (cache-only mode)
2026-09-14 17:26:32,296 INFO zenodo_cache: Cache manifest reloaded (depo_id=19650075, 2627 files)
2026-09-14 17:26:32,297 INFO zenodo_cache: Fetching ZIP index from https://zenodo.org/api/records/19650075/draft/files/copernicus_harmonics_cell_47.0_48.0_12.0_14.0.zip/content
2026-09-14 17:26:41,494 INFO object_segmentation:   elevated layer: 391546 px → 1840 segments
2026-09-14 17:26:47,239 INFO object_segmentation:   ground layer: 977561 px → 1212 segments
2026-09-14 17:26:51,218 INFO texture_features: Using pre-loaded grey image for texture (1500x1500)
2026-09-14 17:26:51,219 INFO texture_features: Computing per-segment GLCM texture at 0.50m (1500x1500)
2026-09-14 17:26:52,465 INFO texture_features: Computed texture for 2663 segments
2026-09-14 17:26:53,709 INFO segv2.build: KG 73501-north tile 10: 3052 segments, labelled 86%
2026-09-14 17:26:56,082 INFO object_segmentation: NDVI fusion: BEV mean=0.212, Cop mean=0.728, Fused mean=0.728, offset mean=0.516
2026-09-14 17:26:56,392 INFO tile_cache: tile_cache: forbid_remote=True (cache-only mode)
2026-09-14 17:26:56,430 INFO zenodo_cache: Fetching ZIP index from https://zenodo.org/api/records/19650075/draft/files/copernicus_harmonics_cell_47.0_48.0_12.0_14.0.zip/content
2026-09-14 17:27:05,487 INFO object_segmentation:   elevated layer: 143369 px → 1065 segments
2026-09-14 17:27:11,365 INFO object_segmentation:   ground layer: 2106629 px → 1571 segments
2026-09-14 17:27:16,430 INFO texture_features: Using pre-loaded grey image for texture (1500x1500)
2026-09-14 17:27:16,430 INFO texture_features: Computing per-segment GLCM texture at 0.50m (1500x1500)
2026-09-14 17:27:17,623 INFO texture_features: Computed texture for 2427 segments
2026-09-14 17:27:19,122 INFO segv2.build: KG 73501-north tile 11: 2636 segments, labelled 97%
2026-09-14 17:27:21,457 INFO object_segmentation: NDVI fusion: BEV mean=0.106, Cop mean=0.566, Fused mean=0.566, offset mean=0.460
2026-09-14 17:27:21,706 INFO tile_cache: tile_cache: forbid_remote=True (cache-only mode)
2026-09-14 17:27:21,748 INFO zenodo_cache: Cache manifest reloaded (depo_id=19650075, 2627 files)
2026-09-14 17:27:21,748 INFO zenodo_cache: Fetching ZIP index from https://zenodo.org/api/records/19650075/draft/files/copernicus_harmonics_cell_47.0_48.0_12.0_14.0.zip/content
2026-09-14 17:27:28,334 INFO object_segmentation:   elevated layer: 129141 px → 1700 segments
2026-09-14 17:27:33,660 INFO object_segmentation:   ground layer: 2120777 px → 1708 segments
2026-09-14 17:27:38,866 INFO texture_features: Using pre-loaded grey image for texture (1500x1500)
2026-09-14 17:27:38,867 INFO texture_features: Computing per-segment GLCM texture at 0.50m (1500x1500)
2026-09-14 17:27:40,200 INFO texture_features: Computed texture for 2772 segments
2026-09-14 17:27:41,991 INFO segv2.build: KG 73501-north tile 12: 3408 segments, labelled 69%
2026-09-14 17:27:44,354 INFO object_segmentation: NDVI fusion: BEV mean=-0.075, Cop mean=0.191, Fused mean=0.188, offset mean=0.299
2026-09-14 17:27:44,617 INFO tile_cache: tile_cache: forbid_remote=True (cache-only mode)
2026-09-14 17:27:44,655 INFO zenodo_cache: Fetching ZIP index from https://zenodo.org/api/records/19650075/draft/files/copernicus_harmonics_cell_47.0_48.0_12.0_14.0.zip/content
2026-09-14 17:27:50,198 INFO object_segmentation:   elevated layer: 214414 px → 3690 segments
2026-09-14 17:27:55,493 INFO object_segmentation:   ground layer: 2035586 px → 2278 segments
2026-09-14 17:28:01,857 INFO texture_features: Using pre-loaded grey image for texture (1500x1500)
2026-09-14 17:28:01,857 INFO texture_features: Computing per-segment GLCM texture at 0.50m (1500x1500)
2026-09-14 17:28:03,811 INFO texture_features: Computed texture for 4495 segments
2026-09-14 17:28:05,760 INFO segv2.build: KG 73501-north tile 13: 5968 segments, labelled 47%
2026-09-14 17:28:07,840 INFO object_segmentation: NDVI fusion: BEV mean=-0.084, Cop mean=0.000, Fused mean=-0.006, offset mean=0.083
2026-09-14 17:28:08,058 INFO tile_cache: tile_cache: forbid_remote=True (cache-only mode)
2026-09-14 17:28:08,096 INFO zenodo_cache: Fetching ZIP index from https://zenodo.org/api/records/19650075/draft/files/copernicus_harmonics_cell_47.0_48.0_12.0_14.0.zip/content
2026-09-14 17:28:12,501 INFO object_segmentation:   elevated layer: 62291 px → 1679 segments
2026-09-14 17:28:18,924 INFO object_segmentation:   ground layer: 1595879 px → 1034 segments
2026-09-14 17:28:22,577 INFO texture_features: Using pre-loaded grey image for texture (1358x1500)
2026-09-14 17:28:22,577 INFO texture_features: Computing per-segment GLCM texture at 0.50m (1358x1500)
2026-09-14 17:28:23,557 INFO texture_features: Computed texture for 1956 segments
2026-09-14 17:28:24,660 INFO segv2.build: KG 73501-north tile 14: 2713 segments, labelled 75%
2026-09-14 17:28:26,953 INFO object_segmentation: NDVI fusion: BEV mean=0.303, Cop mean=0.769, Fused mean=0.769, offset mean=0.464
2026-09-14 17:28:27,200 INFO tile_cache: tile_cache: forbid_remote=True (cache-only mode)
2026-09-14 17:28:27,238 INFO zenodo_cache: Fetching ZIP index from https://zenodo.org/api/records/19650075/draft/files/copernicus_harmonics_cell_47.0_48.0_12.0_14.0.zip/content
2026-09-14 17:28:36,866 INFO object_segmentation:   elevated layer: 564559 px → 1709 segments
2026-09-14 17:28:44,571 INFO object_segmentation:   ground layer: 391343 px → 820 segments
2026-09-14 17:28:47,811 INFO texture_features: Using pre-loaded grey image for texture (1500x1490)
2026-09-14 17:28:47,811 INFO texture_features: Computing per-segment GLCM texture at 0.50m (1500x1490)
2026-09-14 17:28:48,810 INFO texture_features: Computed texture for 2201 segments
2026-09-14 17:28:50,006 INFO segv2.build: KG 73501-north tile 15: 2529 segments, labelled 74%
2026-09-14 17:28:52,312 INFO object_segmentation: NDVI fusion: BEV mean=0.283, Cop mean=0.719, Fused mean=0.719, offset mean=0.435
2026-09-14 17:28:52,579 INFO tile_cache: tile_cache: forbid_remote=True (cache-only mode)
2026-09-14 17:28:52,617 INFO zenodo_cache: Fetching ZIP index from https://zenodo.org/api/records/19650075/draft/files/copernicus_harmonics_cell_47.0_48.0_12.0_14.0.zip/content
2026-09-14 17:28:58,085 INFO object_segmentation:   elevated layer: 1009812 px → 3840 segments
2026-09-14 17:29:03,240 INFO object_segmentation:   ground layer: 1155058 px → 1749 segments
2026-09-14 17:29:09,603 INFO texture_features: Using pre-loaded grey image for texture (1500x1490)
2026-09-14 17:29:09,603 INFO texture_features: Computing per-segment GLCM texture at 0.50m (1500x1490)
2026-09-14 17:29:11,804 INFO texture_features: Computed texture for 4825 segments
2026-09-14 17:29:13,644 INFO segv2.build: KG 73501-north tile 16: 5589 segments, labelled 86%
2026-09-14 17:29:15,924 INFO object_segmentation: NDVI fusion: BEV mean=0.247, Cop mean=0.610, Fused mean=0.610, offset mean=0.380
2026-09-14 17:29:16,165 INFO tile_cache: tile_cache: forbid_remote=True (cache-only mode)
2026-09-14 17:29:16,204 INFO zenodo_cache: Fetching ZIP index from https://zenodo.org/api/records/19650075/draft/files/copernicus_harmonics_cell_47.0_48.0_12.0_14.0.zip/content
2026-09-14 17:29:22,243 INFO object_segmentation:   elevated layer: 993263 px → 4705 segments
2026-09-14 17:29:27,327 INFO object_segmentation:   ground layer: 1203746 px → 2549 segments
2026-09-14 17:29:35,169 INFO texture_features: Using pre-loaded grey image for texture (1500x1490)
2026-09-14 17:29:35,169 INFO texture_features: Computing per-segment GLCM texture at 0.50m (1500x1490)
2026-09-14 17:29:38,053 INFO texture_features: Computed texture for 6054 segments
2026-09-14 17:29:40,296 INFO segv2.build: KG 73501-north tile 17: 7254 segments, labelled 90%
2026-09-14 17:29:42,605 INFO object_segmentation: NDVI fusion: BEV mean=-0.015, Cop mean=0.235, Fused mean=0.235, offset mean=0.266
2026-09-14 17:29:42,835 INFO tile_cache: tile_cache: forbid_remote=True (cache-only mode)
2026-09-14 17:29:42,876 INFO zenodo_cache: Fetching ZIP index from https://zenodo.org/api/records/19650075/draft/files/copernicus_harmonics_cell_47.0_48.0_12.0_14.0.zip/content
2026-09-14 17:29:48,029 INFO object_segmentation:   elevated layer: 276063 px → 3241 segments
2026-09-14 17:29:53,204 INFO object_segmentation:   ground layer: 1789281 px → 1976 segments
2026-09-14 17:29:58,934 INFO texture_features: Using pre-loaded grey image for texture (1500x1490)
2026-09-14 17:29:58,935 INFO texture_features: Computing per-segment GLCM texture at 0.50m (1500x1490)
2026-09-14 17:30:00,791 INFO texture_features: Computed texture for 4104 segments
2026-09-14 17:30:02,425 INFO segv2.build: KG 73501-north tile 18: 5217 segments, labelled 92%
2026-09-14 17:30:04,517 INFO object_segmentation: NDVI fusion: BEV mean=-0.067, Cop mean=0.071, Fused mean=0.063, offset mean=0.156
2026-09-14 17:30:04,701 INFO tile_cache: tile_cache: forbid_remote=True (cache-only mode)
2026-09-14 17:30:04,738 INFO zenodo_cache: Fetching ZIP index from https://zenodo.org/api/records/19650075/draft/files/copernicus_harmonics_cell_47.0_48.0_12.0_14.0.zip/content
2026-09-14 17:30:20,648 INFO object_segmentation:   elevated layer: 44011 px → 795 segments
2026-09-14 17:30:39,616 INFO object_segmentation:   ground layer: 393137 px → 589 segments
2026-09-14 17:30:41,219 INFO texture_features: Using pre-loaded grey image for texture (1358x1490)
2026-09-14 17:30:41,219 INFO texture_features: Computing per-segment GLCM texture at 0.50m (1358x1490)
2026-09-14 17:30:41,709 INFO texture_features: Computed texture for 1060 segments
2026-09-14 17:30:42,218 INFO segv2.build: KG 73501-north tile 19: 1384 segments, labelled 100%
2026-09-14 17:30:42,616 INFO segv2.build: KG 73501-north done: 62055 segs, 42348 labelled (23992 good) in 855s
2026-09-14 17:33:19,268 INFO segv2.fetch: downloaded 87107-northeast_full.gpkg: 2217 MB in 153s (14.5 MB/s)
2026-09-14 17:33:29,182 INFO segv2.labels: KG 87107 cadastre: 1374 footprints, 4198 landuse polys, 1931 parcels
2026-09-14 17:33:30,286 INFO segv2.labels: KG 87107 osm: 201 road, 0 rail, 302 water lines, 33 water areas; invekos: 2196
2026-09-14 17:33:32,897 INFO object_segmentation: NDVI fusion: BEV mean=0.051, Cop mean=0.628, Fused mean=0.627, offset mean=0.574
2026-09-14 17:33:33,074 INFO tile_cache: tile_cache: forbid_remote=True (cache-only mode)
2026-09-14 17:33:33,112 INFO zenodo_cache: Fetching ZIP index from https://zenodo.org/api/records/19650075/draft/files/copernicus_harmonics_cell_47.0_48.0_12.0_14.0.zip/content
2026-09-14 17:33:37,856 INFO object_segmentation:   elevated layer: 70262 px → 1234 segments
2026-09-14 17:33:42,410 INFO object_segmentation:   ground layer: 1128236 px → 1080 segments
2026-09-14 17:33:45,445 INFO texture_features: Using pre-loaded grey image for texture (1500x1500)
2026-09-14 17:33:45,445 INFO texture_features: Computing per-segment GLCM texture at 0.50m (1500x1500)
2026-09-14 17:33:46,275 INFO texture_features: Computed texture for 1828 segments
2026-09-14 17:33:47,385 INFO segv2.build: KG 87107-northeast tile 0: 2314 segments, labelled 56%
2026-09-14 17:33:49,709 INFO object_segmentation: NDVI fusion: BEV mean=0.080, Cop mean=0.648, Fused mean=0.647, offset mean=0.565
2026-09-14 17:33:49,943 INFO tile_cache: tile_cache: forbid_remote=True (cache-only mode)
2026-09-14 17:33:49,982 INFO zenodo_cache: Fetching ZIP index from https://zenodo.org/api/records/19650075/draft/files/copernicus_harmonics_cell_47.0_48.0_12.0_14.0.zip/content
2026-09-14 17:33:55,254 INFO object_segmentation:   elevated layer: 204281 px → 1930 segments
2026-09-14 17:34:00,819 INFO object_segmentation:   ground layer: 1601778 px → 1567 segments
2026-09-14 17:34:05,434 INFO texture_features: Using pre-loaded grey image for texture (1500x1500)
2026-09-14 17:34:05,434 INFO texture_features: Computing per-segment GLCM texture at 0.50m (1500x1500)
2026-09-14 17:34:06,802 INFO texture_features: Computed texture for 2857 segments
2026-09-14 17:34:08,277 INFO segv2.build: KG 87107-northeast tile 1: 3497 segments, labelled 71%
2026-09-14 17:34:10,582 INFO object_segmentation: NDVI fusion: BEV mean=0.168, Cop mean=0.758, Fused mean=0.758, offset mean=0.588
2026-09-14 17:34:10,815 INFO tile_cache: tile_cache: forbid_remote=True (cache-only mode)
2026-09-14 17:34:10,853 INFO zenodo_cache: Fetching ZIP index from https://zenodo.org/api/records/19650075/draft/files/copernicus_harmonics_cell_47.0_48.0_12.0_14.0.zip/content
2026-09-14 17:34:18,811 INFO object_segmentation:   elevated layer: 871649 px → 3089 segments
2026-09-14 17:34:24,107 INFO object_segmentation:   ground layer: 1327639 px → 1727 segments
2026-09-14 17:34:30,306 INFO texture_features: Using pre-loaded grey image for texture (1500x1500)
2026-09-14 17:34:30,306 INFO texture_features: Computing per-segment GLCM texture at 0.50m (1500x1500)
2026-09-14 17:34:32,230 INFO texture_features: Computed texture for 4094 segments
2026-09-14 17:34:34,055 INFO segv2.build: KG 87107-northeast tile 4: 4816 segments, labelled 87%
2026-09-14 17:34:36,395 INFO object_segmentation: NDVI fusion: BEV mean=0.162, Cop mean=0.745, Fused mean=0.745, offset mean=0.583
2026-09-14 17:34:36,659 INFO tile_cache: tile_cache: forbid_remote=True (cache-only mode)
2026-09-14 17:34:36,693 INFO zenodo_cache: Fetching ZIP index from https://zenodo.org/api/records/19650075/draft/files/copernicus_harmonics_cell_47.0_48.0_12.0_14.0.zip/content
2026-09-14 17:34:42,191 INFO object_segmentation:   elevated layer: 785961 px → 3812 segments
2026-09-14 17:34:47,420 INFO object_segmentation:   ground layer: 1464037 px → 2321 segments
2026-09-14 17:34:54,134 INFO texture_features: Using pre-loaded grey image for texture (1500x1500)
2026-09-14 17:34:54,135 INFO texture_features: Computing per-segment GLCM texture at 0.50m (1500x1500)
2026-09-14 17:34:56,563 INFO texture_features: Computed texture for 5463 segments
2026-09-14 17:34:58,423 INFO segv2.build: KG 87107-northeast tile 5: 6133 segments, labelled 90%
2026-09-14 17:35:00,778 INFO object_segmentation: NDVI fusion: BEV mean=0.078, Cop mean=0.691, Fused mean=0.691, offset mean=0.613
2026-09-14 17:35:01,051 INFO tile_cache: tile_cache: forbid_remote=True (cache-only mode)
2026-09-14 17:35:01,091 INFO zenodo_cache: Fetching ZIP index from https://zenodo.org/api/records/19650075/draft/files/copernicus_harmonics_cell_47.0_48.0_12.0_14.0.zip/content
2026-09-14 17:35:06,366 INFO object_segmentation:   elevated layer: 26238 px → 342 segments
2026-09-14 17:35:12,862 INFO object_segmentation:   ground layer: 1576375 px → 898 segments
2026-09-14 17:35:15,963 INFO texture_features: Using pre-loaded grey image for texture (1500x1500)
2026-09-14 17:35:15,963 INFO texture_features: Computing per-segment GLCM texture at 0.50m (1500x1500)
2026-09-14 17:35:16,512 INFO texture_features: Computed texture for 1135 segments
2026-09-14 17:35:17,812 INFO segv2.build: KG 87107-northeast tile 6: 1240 segments, labelled 73%
2026-09-14 17:35:20,038 INFO object_segmentation: NDVI fusion: BEV mean=0.134, Cop mean=0.723, Fused mean=0.723, offset mean=0.606
2026-09-14 17:35:20,263 INFO tile_cache: tile_cache: forbid_remote=True (cache-only mode)
2026-09-14 17:35:20,303 INFO zenodo_cache: Fetching ZIP index from https://zenodo.org/api/records/19650075/draft/files/copernicus_harmonics_cell_47.0_48.0_12.0_14.0.zip/content
2026-09-14 17:35:41,472 INFO object_segmentation:   elevated layer: 17824 px → 127 segments
2026-09-14 17:36:03,381 INFO object_segmentation:   ground layer: 203184 px → 146 segments
2026-09-14 17:36:04,095 INFO texture_features: Using pre-loaded grey image for texture (1431x1500)
2026-09-14 17:36:04,096 INFO texture_features: Computing per-segment GLCM texture at 0.50m (1431x1500)
2026-09-14 17:36:04,215 INFO texture_features: Computed texture for 238 segments
2026-09-14 17:36:04,844 INFO segv2.build: KG 87107-northeast tile 7: 273 segments, labelled 86%
2026-09-14 17:36:07,092 INFO object_segmentation: NDVI fusion: BEV mean=0.170, Cop mean=0.785, Fused mean=0.784, offset mean=0.612
2026-09-14 17:36:07,324 INFO tile_cache: tile_cache: forbid_remote=True (cache-only mode)
2026-09-14 17:36:07,364 INFO zenodo_cache: Fetching ZIP index from https://zenodo.org/api/records/19650075/draft/files/copernicus_harmonics_cell_47.0_48.0_12.0_14.0.zip/content
2026-09-14 17:36:13,545 INFO object_segmentation:   elevated layer: 1351637 px → 3945 segments
2026-09-14 17:36:19,280 INFO object_segmentation:   ground layer: 785980 px → 1959 segments
2026-09-14 17:36:26,192 INFO texture_features: Using pre-loaded grey image for texture (1500x1500)
2026-09-14 17:36:26,192 INFO texture_features: Computing per-segment GLCM texture at 0.50m (1500x1500)
2026-09-14 17:36:28,469 INFO texture_features: Computed texture for 5133 segments
2026-09-14 17:36:30,321 INFO segv2.build: KG 87107-northeast tile 8: 5904 segments, labelled 62%
2026-09-14 17:36:32,593 INFO object_segmentation: NDVI fusion: BEV mean=0.168, Cop mean=0.764, Fused mean=0.764, offset mean=0.596
2026-09-14 17:36:32,863 INFO tile_cache: tile_cache: forbid_remote=True (cache-only mode)
2026-09-14 17:36:32,900 INFO zenodo_cache: Fetching ZIP index from https://zenodo.org/api/records/19650075/draft/files/copernicus_harmonics_cell_47.0_48.0_12.0_14.0.zip/content
2026-09-14 17:36:39,068 INFO object_segmentation:   elevated layer: 1347385 px → 4649 segments
2026-09-14 17:36:43,959 INFO object_segmentation:   ground layer: 902615 px → 2167 segments
2026-09-14 17:36:51,478 INFO texture_features: Using pre-loaded grey image for texture (1500x1500)
2026-09-14 17:36:51,478 INFO texture_features: Computing per-segment GLCM texture at 0.50m (1500x1500)
2026-09-14 17:36:54,227 INFO texture_features: Computed texture for 6125 segments
2026-09-14 17:36:56,262 INFO segv2.build: KG 87107-northeast tile 9: 6816 segments, labelled 80%
2026-09-14 17:36:58,556 INFO object_segmentation: NDVI fusion: BEV mean=0.177, Cop mean=0.755, Fused mean=0.754, offset mean=0.577
2026-09-14 17:36:58,820 INFO tile_cache: tile_cache: forbid_remote=True (cache-only mode)
2026-09-14 17:36:58,858 INFO zenodo_cache: Fetching ZIP index from https://zenodo.org/api/records/19650075/draft/files/copernicus_harmonics_cell_47.0_48.0_12.0_14.0.zip/content
2026-09-14 17:37:05,159 INFO object_segmentation:   elevated layer: 1048748 px → 3960 segments
2026-09-14 17:37:10,300 INFO object_segmentation:   ground layer: 1201249 px → 1980 segments
2026-09-14 17:37:17,302 INFO texture_features: Using pre-loaded grey image for texture (1500x1500)
2026-09-14 17:37:17,303 INFO texture_features: Computing per-segment GLCM texture at 0.50m (1500x1500)
2026-09-14 17:37:19,899 INFO texture_features: Computed texture for 5228 segments
2026-09-14 17:37:21,988 INFO segv2.build: KG 87107-northeast tile 10: 5940 segments, labelled 80%
2026-09-14 17:37:24,247 INFO object_segmentation: NDVI fusion: BEV mean=0.182, Cop mean=0.699, Fused mean=0.698, offset mean=0.526
2026-09-14 17:37:24,496 INFO tile_cache: tile_cache: forbid_remote=True (cache-only mode)
2026-09-14 17:37:24,535 INFO zenodo_cache: Fetching ZIP index from https://zenodo.org/api/records/19650075/draft/files/copernicus_harmonics_cell_47.0_48.0_12.0_14.0.zip/content
2026-09-14 17:37:35,866 INFO object_segmentation:   elevated layer: 558501 px → 1986 segments
2026-09-14 17:37:45,819 INFO object_segmentation:   ground layer: 630439 px → 950 segments
2026-09-14 17:37:49,595 INFO texture_features: Using pre-loaded grey image for texture (1431x1500)
2026-09-14 17:37:49,595 INFO texture_features: Computing per-segment GLCM texture at 0.50m (1431x1500)
2026-09-14 17:37:50,850 INFO texture_features: Computed texture for 2600 segments
2026-09-14 17:37:52,139 INFO segv2.build: KG 87107-northeast tile 11: 2936 segments, labelled 86%
2026-09-14 17:37:54,403 INFO object_segmentation: NDVI fusion: BEV mean=0.118, Cop mean=0.734, Fused mean=0.734, offset mean=0.613
2026-09-14 17:37:54,619 INFO tile_cache: tile_cache: forbid_remote=True (cache-only mode)
2026-09-14 17:37:54,657 INFO zenodo_cache: Fetching ZIP index from https://zenodo.org/api/records/19650075/draft/files/copernicus_harmonics_cell_47.0_48.0_12.0_14.0.zip/content
2026-09-14 17:38:12,215 INFO object_segmentation:   elevated layer: 575304 px → 2371 segments
2026-09-14 17:38:18,494 INFO object_segmentation:   ground layer: 1477564 px → 1403 segments
2026-09-14 17:38:23,838 INFO texture_features: Using pre-loaded grey image for texture (1500x1500)
2026-09-14 17:38:23,838 INFO texture_features: Computing per-segment GLCM texture at 0.50m (1500x1500)
2026-09-14 17:38:25,459 INFO texture_features: Computed texture for 3295 segments
2026-09-14 17:38:27,214 INFO segv2.build: KG 87107-northeast tile 12: 3774 segments, labelled 83%
2026-09-14 17:38:29,525 INFO object_segmentation: NDVI fusion: BEV mean=0.213, Cop mean=0.792, Fused mean=0.792, offset mean=0.579
2026-09-14 17:38:29,798 INFO tile_cache: tile_cache: forbid_remote=True (cache-only mode)
2026-09-14 17:38:29,836 INFO zenodo_cache: Fetching ZIP index from https://zenodo.org/api/records/19650075/draft/files/copernicus_harmonics_cell_47.0_48.0_12.0_14.0.zip/content
2026-09-14 17:38:35,579 INFO object_segmentation:   elevated layer: 1618257 px → 4647 segments
2026-09-14 17:38:40,419 INFO object_segmentation:   ground layer: 631734 px → 1435 segments
2026-09-14 17:38:47,229 INFO texture_features: Using pre-loaded grey image for texture (1500x1500)
2026-09-14 17:38:47,229 INFO texture_features: Computing per-segment GLCM texture at 0.50m (1500x1500)
2026-09-14 17:38:49,681 INFO texture_features: Computed texture for 5484 segments
2026-09-14 17:38:51,548 INFO segv2.build: KG 87107-northeast tile 13: 6082 segments, labelled 73%
2026-09-14 17:38:53,918 INFO object_segmentation: NDVI fusion: BEV mean=0.168, Cop mean=0.570, Fused mean=0.570, offset mean=0.402
2026-09-14 17:38:54,179 INFO tile_cache: tile_cache: forbid_remote=True (cache-only mode)
2026-09-14 17:38:54,219 INFO zenodo_cache: Fetching ZIP index from https://zenodo.org/api/records/19650075/draft/files/copernicus_harmonics_cell_47.0_48.0_12.0_14.0.zip/content
2026-09-14 17:38:59,966 INFO object_segmentation:   elevated layer: 1399116 px → 4267 segments
2026-09-14 17:39:05,323 INFO object_segmentation:   ground layer: 850842 px → 1726 segments
2026-09-14 17:39:12,150 INFO texture_features: Using pre-loaded grey image for texture (1500x1500)
2026-09-14 17:39:12,151 INFO texture_features: Computing per-segment GLCM texture at 0.50m (1500x1500)
2026-09-14 17:39:14,637 INFO texture_features: Computed texture for 5516 segments
2026-09-14 17:39:16,487 INFO segv2.build: KG 87107-northeast tile 14: 5993 segments, labelled 73%
2026-09-14 17:39:18,736 INFO object_segmentation: NDVI fusion: BEV mean=0.021, Cop mean=0.183, Fused mean=0.185, offset mean=0.164
2026-09-14 17:39:18,979 INFO tile_cache: tile_cache: forbid_remote=True (cache-only mode)
2026-09-14 17:39:19,021 INFO zenodo_cache: Fetching ZIP index from https://zenodo.org/api/records/19650075/draft/files/copernicus_harmonics_cell_47.0_48.0_12.0_14.0.zip/content
2026-09-14 17:39:39,270 INFO object_segmentation:   elevated layer: 146339 px → 579 segments
2026-09-14 17:39:57,995 INFO object_segmentation:   ground layer: 282898 px → 178 segments
2026-09-14 17:39:59,374 INFO texture_features: Using pre-loaded grey image for texture (1431x1500)
2026-09-14 17:39:59,374 INFO texture_features: Computing per-segment GLCM texture at 0.50m (1431x1500)
2026-09-14 17:39:59,696 INFO texture_features: Computed texture for 699 segments
2026-09-14 17:40:00,345 INFO segv2.build: KG 87107-northeast tile 15: 757 segments, labelled 65%
2026-09-14 17:40:02,269 INFO object_segmentation: NDVI fusion: BEV mean=0.170, Cop mean=0.800, Fused mean=0.800, offset mean=0.628
2026-09-14 17:40:02,450 INFO tile_cache: tile_cache: forbid_remote=True (cache-only mode)
2026-09-14 17:40:02,484 INFO zenodo_cache: Fetching ZIP index from https://zenodo.org/api/records/19650075/draft/files/copernicus_harmonics_cell_47.0_48.0_12.0_14.0.zip/content
2026-09-14 17:40:07,928 INFO object_segmentation:   elevated layer: 1336990 px → 3391 segments
2026-09-14 17:40:11,668 INFO object_segmentation:   ground layer: 371648 px → 1438 segments
2026-09-14 17:40:17,131 INFO texture_features: Using pre-loaded grey image for texture (1500x1274)
2026-09-14 17:40:17,131 INFO texture_features: Computing per-segment GLCM texture at 0.50m (1500x1274)
2026-09-14 17:40:19,165 INFO texture_features: Computed texture for 4259 segments
2026-09-14 17:40:20,603 INFO segv2.build: KG 87107-northeast tile 16: 4829 segments, labelled 55%
2026-09-14 17:40:22,531 INFO object_segmentation: NDVI fusion: BEV mean=0.191, Cop mean=0.784, Fused mean=0.783, offset mean=0.590
2026-09-14 17:40:22,740 INFO tile_cache: tile_cache: forbid_remote=True (cache-only mode)
2026-09-14 17:40:22,778 INFO zenodo_cache: Fetching ZIP index from https://zenodo.org/api/records/19650075/draft/files/copernicus_harmonics_cell_47.0_48.0_12.0_14.0.zip/content
2026-09-14 17:40:28,146 INFO object_segmentation:   elevated layer: 1175600 px → 3003 segments
2026-09-14 17:40:32,521 INFO object_segmentation:   ground layer: 683433 px → 1174 segments
2026-09-14 17:40:37,766 INFO texture_features: Using pre-loaded grey image for texture (1500x1274)
2026-09-14 17:40:37,766 INFO texture_features: Computing per-segment GLCM texture at 0.50m (1500x1274)
2026-09-14 17:40:39,462 INFO texture_features: Computed texture for 3558 segments
2026-09-14 17:40:40,892 INFO segv2.build: KG 87107-northeast tile 17: 4177 segments, labelled 67%
2026-09-14 17:40:42,776 INFO object_segmentation: NDVI fusion: BEV mean=0.145, Cop mean=0.736, Fused mean=0.735, offset mean=0.588
2026-09-14 17:40:42,988 INFO tile_cache: tile_cache: forbid_remote=True (cache-only mode)
2026-09-14 17:40:43,026 INFO zenodo_cache: Fetching ZIP index from https://zenodo.org/api/records/19650075/draft/files/copernicus_harmonics_cell_47.0_48.0_12.0_14.0.zip/content
2026-09-14 17:40:50,236 INFO object_segmentation:   elevated layer: 366543 px → 1741 segments
2026-09-14 17:40:54,543 INFO object_segmentation:   ground layer: 1088571 px → 1283 segments
2026-09-14 17:40:58,479 INFO texture_features: Using pre-loaded grey image for texture (1500x1274)
2026-09-14 17:40:58,479 INFO texture_features: Computing per-segment GLCM texture at 0.50m (1500x1274)
2026-09-14 17:40:59,839 INFO texture_features: Computed texture for 2699 segments
2026-09-14 17:41:01,009 INFO segv2.build: KG 87107-northeast tile 18: 3024 segments, labelled 90%
2026-09-14 17:41:01,425 INFO segv2.build: KG 87107-northeast done: 68505 segs, 51618 labelled (16639 good) in 619s
2026-09-14 17:41:01,569 WARNING segv2.build: retry pass: 6 KGs errored: 73301-east 87102-north 72321 57004-west 73505-west 72010-south
2026-09-14 17:43:09,533 INFO segv2.fetch: downloaded 73301-east_full.gpkg: 1900 MB in 125s (15.2 MB/s)
2026-09-14 17:43:15,476 INFO segv2.labels: KG 73301 cadastre: 971 footprints, 2096 landuse polys, 477 parcels
2026-09-14 17:43:15,876 INFO segv2.labels: KG 73301 osm: 0 road, 0 rail, 195 water lines, 22 water areas; invekos: 514
2026-09-14 17:43:18,396 INFO object_segmentation: NDVI fusion: BEV mean=0.189, Cop mean=0.723, Fused mean=0.722, offset mean=0.531
2026-09-14 17:43:18,576 INFO tile_cache: tile_cache: forbid_remote=True (cache-only mode)
2026-09-14 17:43:18,617 INFO zenodo_cache: Cache manifest reloaded (depo_id=19650075, 2627 files)
2026-09-14 17:43:18,617 INFO zenodo_cache: Fetching ZIP index from https://zenodo.org/api/records/19650075/draft/files/copernicus_harmonics_cell_47.0_48.0_12.0_14.0.zip/content
2026-09-14 17:43:24,104 INFO object_segmentation:   elevated layer: 1152318 px → 5176 segments
2026-09-14 17:43:28,922 INFO object_segmentation:   ground layer: 914635 px → 2472 segments
2026-09-14 17:43:36,025 INFO texture_features: Using pre-loaded grey image for texture (1500x1500)
2026-09-14 17:43:36,025 INFO texture_features: Computing per-segment GLCM texture at 0.50m (1500x1500)
2026-09-14 17:43:38,837 INFO texture_features: Computed texture for 6351 segments
2026-09-14 17:43:40,863 INFO segv2.build: KG 73301-east tile 0: 7648 segments, labelled 84%
2026-09-14 17:43:43,171 INFO object_segmentation: NDVI fusion: BEV mean=-0.021, Cop mean=0.254, Fused mean=0.251, offset mean=0.298
2026-09-14 17:43:43,401 INFO tile_cache: tile_cache: forbid_remote=True (cache-only mode)
2026-09-14 17:43:43,439 INFO zenodo_cache: Fetching ZIP index from https://zenodo.org/api/records/19650075/draft/files/copernicus_harmonics_cell_47.0_48.0_12.0_14.0.zip/content
2026-09-14 17:43:51,830 INFO object_segmentation:   elevated layer: 151584 px → 2855 segments
2026-09-14 17:43:58,245 INFO object_segmentation:   ground layer: 1641973 px → 1770 segments
2026-09-14 17:44:03,290 INFO texture_features: Using pre-loaded grey image for texture (1500x1500)
2026-09-14 17:44:03,290 INFO texture_features: Computing per-segment GLCM texture at 0.50m (1500x1500)
2026-09-14 17:44:04,869 INFO texture_features: Computed texture for 3519 segments
2026-09-14 17:44:06,316 INFO segv2.build: KG 73301-east tile 1: 4625 segments, labelled 88%
2026-09-14 17:44:08,606 INFO object_segmentation: NDVI fusion: BEV mean=-0.052, Cop mean=0.009, Fused mean=0.002, offset mean=0.061
2026-09-14 17:44:08,816 INFO tile_cache: tile_cache: forbid_remote=True (cache-only mode)
2026-09-14 17:44:08,857 INFO zenodo_cache: Cache manifest reloaded (depo_id=19650075, 2627 files)
2026-09-14 17:44:08,857 INFO zenodo_cache: Fetching ZIP index from https://zenodo.org/api/records/19650075/draft/files/copernicus_harmonics_cell_47.0_48.0_12.0_14.0.zip/content
2026-09-14 17:44:14,178 INFO object_segmentation:   elevated layer: 47804 px → 962 segments
2026-09-14 17:44:26,958 INFO object_segmentation:   ground layer: 477876 px → 522 segments
2026-09-14 17:44:28,562 INFO texture_features: Using pre-loaded grey image for texture (1500x1500)
2026-09-14 17:44:28,562 INFO texture_features: Computing per-segment GLCM texture at 0.50m (1500x1500)
2026-09-14 17:44:29,152 INFO texture_features: Computed texture for 1108 segments
2026-09-14 17:44:29,718 INFO segv2.build: KG 73301-east tile 2: 1484 segments, labelled 100%
2026-09-14 17:44:30,025 INFO object_segmentation: NDVI fusion: BEV mean=0.000, Cop mean=0.000, Fused mean=0.000, offset mean=0.000
2026-09-14 17:44:30,060 INFO tile_cache: tile_cache: forbid_remote=True (cache-only mode)
2026-09-14 17:44:30,101 INFO zenodo_cache: Cache manifest reloaded (depo_id=19650075, 2627 files)
2026-09-14 17:44:30,101 INFO zenodo_cache: Fetching ZIP index from https://zenodo.org/api/records/19650075/draft/files/copernicus_harmonics_cell_47.0_48.0_12.0_14.0.zip/content
2026-09-14 17:44:31,034 INFO object_segmentation:   ground layer: 4080 px → 2 segments
2026-09-14 17:44:31,107 INFO texture_features: Using pre-loaded grey image for texture (130x1500)
2026-09-14 17:44:31,107 INFO texture_features: Computing per-segment GLCM texture at 0.50m (130x1500)
2026-09-14 17:44:31,109 INFO texture_features: Computed texture for 2 segments
2026-09-14 17:44:31,123 ERROR segv2.build: KG 73301-east failed
Traceback (most recent call last):
  File "/home/exedev/srtm-lidar/segv2/build_dataset.py", line 148, in build_kg
    assert rgb_sat >= 0.5, \
           ^^^^^^^^^^^^^^
AssertionError: NIR is a constant alpha plane (rgb_sat=0.00) — writer contract violated
2026-09-14 17:46:13,283 INFO segv2.fetch: downloaded 87102-north_full.gpkg: 1903 MB in 99s (19.2 MB/s)
2026-09-14 17:46:20,877 INFO segv2.labels: KG 87102 cadastre: 1153 footprints, 3938 landuse polys, 1150 parcels
2026-09-14 17:46:21,416 INFO segv2.labels: KG 87102 osm: 29 road, 0 rail, 172 water lines, 3 water areas; invekos: 924
2026-09-14 17:46:24,103 INFO object_segmentation: NDVI fusion: BEV mean=0.072, Cop mean=0.632, Fused mean=0.632, offset mean=0.559
2026-09-14 17:46:24,285 INFO tile_cache: tile_cache: forbid_remote=True (cache-only mode)
2026-09-14 17:46:24,325 INFO zenodo_cache: Cache manifest reloaded (depo_id=19650075, 2627 files)
2026-09-14 17:46:35,069 INFO object_segmentation:   elevated layer: 62654 px → 754 segments
2026-09-14 17:46:49,786 INFO object_segmentation:   ground layer: 465607 px → 476 segments
2026-09-14 17:46:51,427 INFO texture_features: Using pre-loaded grey image for texture (1500x1500)
2026-09-14 17:46:51,427 INFO texture_features: Computing per-segment GLCM texture at 0.50m (1500x1500)
2026-09-14 17:46:51,934 INFO texture_features: Computed texture for 1013 segments
2026-09-14 17:46:52,750 INFO segv2.build: KG 87102-north tile 0: 1230 segments, labelled 92%
2026-09-14 17:46:55,114 INFO object_segmentation: NDVI fusion: BEV mean=0.132, Cop mean=0.619, Fused mean=0.619, offset mean=0.485
2026-09-14 17:46:55,358 INFO tile_cache: tile_cache: forbid_remote=True (cache-only mode)
2026-09-14 17:46:55,399 INFO zenodo_cache: Cache manifest reloaded (depo_id=19650075, 2627 files)
2026-09-14 17:47:00,758 INFO object_segmentation:   elevated layer: 988233 px → 3970 segments
2026-09-14 17:47:05,915 INFO object_segmentation:   ground layer: 1138856 px → 1869 segments
2026-09-14 17:47:12,959 INFO texture_features: Using pre-loaded grey image for texture (1500x1500)
2026-09-14 17:47:12,959 INFO texture_features: Computing per-segment GLCM texture at 0.50m (1500x1500)
2026-09-14 17:47:15,246 INFO texture_features: Computed texture for 4884 segments
2026-09-14 17:47:17,117 INFO segv2.build: KG 87102-north tile 5: 5839 segments, labelled 90%
2026-09-14 17:47:19,414 INFO object_segmentation: NDVI fusion: BEV mean=0.032, Cop mean=0.426, Fused mean=0.426, offset mean=0.394
2026-09-14 17:47:19,671 INFO tile_cache: tile_cache: forbid_remote=True (cache-only mode)
2026-09-14 17:47:24,865 INFO object_segmentation:   elevated layer: 203958 px → 2429 segments
2026-09-14 17:47:53,248 INFO object_segmentation:   ground layer: 982280 px → 1595 segments
2026-09-14 17:47:57,359 INFO texture_features: Using pre-loaded grey image for texture (1500x1500)
2026-09-14 17:47:57,359 INFO texture_features: Computing per-segment GLCM texture at 0.50m (1500x1500)
2026-09-14 17:47:58,742 INFO texture_features: Computed texture for 3147 segments
2026-09-14 17:47:59,906 INFO segv2.build: KG 87102-north tile 6: 4024 segments, labelled 99%
2026-09-14 17:48:02,181 INFO object_segmentation: NDVI fusion: BEV mean=0.065, Cop mean=0.552, Fused mean=0.552, offset mean=0.487
2026-09-14 17:48:02,438 INFO tile_cache: tile_cache: forbid_remote=True (cache-only mode)
2026-09-14 17:48:13,056 INFO object_segmentation:   elevated layer: 25320 px → 332 segments
2026-09-14 17:48:43,939 INFO object_segmentation:   ground layer: 176053 px → 270 segments
2026-09-14 17:48:44,718 INFO texture_features: Using pre-loaded grey image for texture (1500x1500)
2026-09-14 17:48:44,718 INFO texture_features: Computing per-segment GLCM texture at 0.50m (1500x1500)
2026-09-14 17:48:44,937 INFO texture_features: Computed texture for 483 segments
2026-09-14 17:48:45,561 INFO segv2.build: KG 87102-north tile 7: 602 segments, labelled 100%
2026-09-14 17:48:47,878 INFO object_segmentation: NDVI fusion: BEV mean=0.249, Cop mean=0.796, Fused mean=0.796, offset mean=0.545
2026-09-14 17:48:48,103 INFO tile_cache: tile_cache: forbid_remote=True (cache-only mode)
2026-09-14 17:48:48,144 INFO zenodo_cache: Cache manifest reloaded (depo_id=19650075, 2627 files)
2026-09-14 17:48:55,351 INFO object_segmentation:   elevated layer: 1581752 px → 3824 segments
2026-09-14 17:49:02,566 INFO object_segmentation:   ground layer: 563844 px → 1403 segments
2026-09-14 17:49:09,031 INFO texture_features: Using pre-loaded grey image for texture (1500x1500)
2026-09-14 17:49:09,032 INFO texture_features: Computing per-segment GLCM texture at 0.50m (1500x1500)
2026-09-14 17:49:11,217 INFO texture_features: Computed texture for 4703 segments
2026-09-14 17:49:12,999 INFO segv2.build: KG 87102-north tile 10: 5227 segments, labelled 80%
2026-09-14 17:49:15,334 INFO object_segmentation: NDVI fusion: BEV mean=0.243, Cop mean=0.758, Fused mean=0.758, offset mean=0.513
2026-09-14 17:49:15,597 INFO tile_cache: tile_cache: forbid_remote=True (cache-only mode)
2026-09-14 17:49:21,556 INFO object_segmentation:   elevated layer: 1457138 px → 4348 segments
2026-09-14 17:49:27,343 INFO object_segmentation:   ground layer: 746139 px → 1791 segments
2026-09-14 17:49:34,057 INFO texture_features: Using pre-loaded grey image for texture (1500x1500)
2026-09-14 17:49:34,057 INFO texture_features: Computing per-segment GLCM texture at 0.50m (1500x1500)
2026-09-14 17:49:36,503 INFO texture_features: Computed texture for 5426 segments
2026-09-14 17:49:38,544 INFO segv2.build: KG 87102-north tile 11: 6139 segments, labelled 90%
2026-09-14 17:49:40,863 INFO object_segmentation: NDVI fusion: BEV mean=0.100, Cop mean=0.530, Fused mean=0.530, offset mean=0.429
2026-09-14 17:49:41,099 INFO tile_cache: tile_cache: forbid_remote=True (cache-only mode)
2026-09-14 17:49:46,204 INFO object_segmentation:   elevated layer: 472604 px → 3038 segments
2026-09-14 17:49:51,327 INFO object_segmentation:   ground layer: 1325695 px → 1578 segments
2026-09-14 17:49:56,526 INFO texture_features: Using pre-loaded grey image for texture (1500x1500)
2026-09-14 17:49:56,526 INFO texture_features: Computing per-segment GLCM texture at 0.50m (1500x1500)
2026-09-14 17:49:58,323 INFO texture_features: Computed texture for 3696 segments
2026-09-14 17:49:59,783 INFO segv2.build: KG 87102-north tile 12: 4616 segments, labelled 98%
2026-09-14 17:50:02,090 INFO object_segmentation: NDVI fusion: BEV mean=0.004, Cop mean=0.226, Fused mean=0.225, offset mean=0.222
2026-09-14 17:50:02,346 INFO tile_cache: tile_cache: forbid_remote=True (cache-only mode)
2026-09-14 17:50:02,390 INFO zenodo_cache: Fetching ZIP index from https://zenodo.org/api/records/19650075/draft/files/copernicus_harmonics_cell_47.0_48.0_12.0_14.0.zip/content
2026-09-14 17:50:09,107 INFO object_segmentation:   elevated layer: 112920 px → 1675 segments
2026-09-14 17:50:29,974 INFO object_segmentation:   ground layer: 591070 px → 1062 segments
2026-09-14 17:50:32,579 INFO texture_features: Using pre-loaded grey image for texture (1500x1500)
2026-09-14 17:50:32,580 INFO texture_features: Computing per-segment GLCM texture at 0.50m (1500x1500)
2026-09-14 17:50:33,548 INFO texture_features: Computed texture for 2087 segments
2026-09-14 17:50:34,493 INFO segv2.build: KG 87102-north tile 13: 2737 segments, labelled 99%
2026-09-14 17:50:34,674 INFO object_segmentation: NDVI fusion: BEV mean=0.276, Cop mean=0.787, Fused mean=0.784, offset mean=0.507
2026-09-14 17:50:34,725 INFO tile_cache: tile_cache: forbid_remote=True (cache-only mode)
2026-09-14 17:50:34,772 INFO object_segmentation:   elevated layer: 4303 px → 64 segments
2026-09-14 17:50:34,778 INFO object_segmentation:   ground layer: 1409 px → 22 segments
2026-09-14 17:50:34,989 INFO texture_features: Using pre-loaded grey image for texture (1500x5)
2026-09-14 17:50:34,990 INFO texture_features: Computing per-segment GLCM texture at 0.50m (1500x5)
2026-09-14 17:50:35,023 INFO texture_features: Computed texture for 76 segments
2026-09-14 17:50:35,085 INFO segv2.build: KG 87102-north tile 15: 86 segments, labelled 88%
2026-09-14 17:50:35,272 INFO object_segmentation: NDVI fusion: BEV mean=0.305, Cop mean=0.847, Fused mean=0.841, offset mean=0.519
2026-09-14 17:50:35,309 INFO tile_cache: tile_cache: forbid_remote=True (cache-only mode)
2026-09-14 17:50:35,363 INFO object_segmentation:   elevated layer: 473 px → 7 segments
2026-09-14 17:50:35,376 INFO object_segmentation:   ground layer: 31 px → 1 segments
2026-09-14 17:50:35,476 INFO texture_features: Using pre-loaded grey image for texture (1500x5)
2026-09-14 17:50:35,476 INFO texture_features: Computing per-segment GLCM texture at 0.50m (1500x5)
2026-09-14 17:50:35,480 INFO texture_features: Computed texture for 7 segments
2026-09-14 17:50:35,559 INFO segv2.build: KG 87102-north tile 16: 8 segments, labelled 100%
2026-09-14 17:50:35,726 INFO object_segmentation: NDVI fusion: BEV mean=0.000, Cop mean=0.000, Fused mean=0.000, offset mean=0.000
2026-09-14 17:50:35,755 INFO tile_cache: tile_cache: forbid_remote=True (cache-only mode)
2026-09-14 17:50:35,793 INFO zenodo_cache: Fetching ZIP index from https://zenodo.org/api/records/19650075/draft/files/copernicus_harmonics_cell_47.0_48.0_12.0_14.0.zip/content
2026-09-14 17:50:36,096 INFO object_segmentation:   ground layer: 560 px → 1 segments
2026-09-14 17:50:36,194 INFO texture_features: Using pre-loaded grey image for texture (1500x5)
2026-09-14 17:50:36,194 INFO texture_features: Computing per-segment GLCM texture at 0.50m (1500x5)
2026-09-14 17:50:36,195 INFO texture_features: Computed texture for 1 segments
2026-09-14 17:50:36,195 ERROR segv2.build: KG 87102-north failed
Traceback (most recent call last):
  File "/home/exedev/srtm-lidar/segv2/build_dataset.py", line 139, in build_kg
    df = F2.extract(seg, L, context=ctx_r, obs_year=obs_year)
         ^^^^^^^^^^^^^^^^^^^^^^^^^^^^^^^^^^^^^^^^^^^^^^^^^^^^
  File "/home/exedev/srtm-lidar/segv2/features.py", line 585, in extract
    wgt = F["area"][bi]
          ~~~~~~~~~^^^^
IndexError: arrays used as indices must be of integer (or boolean) type
2026-09-14 17:50:36,938 WARNING segv2.fetch: range 1 attempt 0 failed: HTTP 404
2026-09-14 17:50:36,942 WARNING segv2.fetch: range 3 attempt 0 failed: HTTP 404
2026-09-14 17:50:36,957 WARNING segv2.fetch: range 0 attempt 0 failed: HTTP 404
2026-09-14 17:50:36,966 WARNING segv2.fetch: range 5 attempt 0 failed: HTTP 404
2026-09-14 17:50:36,976 WARNING segv2.fetch: range 2 attempt 0 failed: HTTP 404
2026-09-14 17:50:36,996 WARNING segv2.fetch: range 7 attempt 0 failed: HTTP 404
2026-09-14 17:50:37,018 WARNING segv2.fetch: range 6 attempt 0 failed: HTTP 404
2026-09-14 17:50:37,035 WARNING segv2.fetch: range 4 attempt 0 failed: HTTP 404
2026-09-14 17:50:42,515 WARNING segv2.fetch: range 3 attempt 1 failed: HTTP 404
2026-09-14 17:50:42,551 WARNING segv2.fetch: range 7 attempt 1 failed: HTTP 404
2026-09-14 17:50:42,593 WARNING segv2.fetch: range 5 attempt 1 failed: HTTP 404
2026-09-14 17:50:42,607 WARNING segv2.fetch: range 1 attempt 1 failed: HTTP 404
2026-09-14 17:50:42,614 WARNING segv2.fetch: range 2 attempt 1 failed: HTTP 404
2026-09-14 17:50:42,620 WARNING segv2.fetch: range 4 attempt 1 failed: HTTP 404
2026-09-14 17:50:42,623 WARNING segv2.fetch: range 0 attempt 1 failed: HTTP 404
2026-09-14 17:50:42,623 WARNING segv2.fetch: range 6 attempt 1 failed: HTTP 404
2026-09-14 17:50:53,080 WARNING segv2.fetch: range 3 attempt 2 failed: HTTP 404
2026-09-14 17:50:53,089 WARNING segv2.fetch: range 7 attempt 2 failed: HTTP 404
2026-09-14 17:50:53,135 WARNING segv2.fetch: range 5 attempt 2 failed: HTTP 404
2026-09-14 17:50:53,156 WARNING segv2.fetch: range 6 attempt 2 failed: HTTP 404
2026-09-14 17:50:53,194 WARNING segv2.fetch: range 0 attempt 2 failed: HTTP 404
2026-09-14 17:50:53,196 WARNING segv2.fetch: range 4 attempt 2 failed: HTTP 404
2026-09-14 17:50:53,208 WARNING segv2.fetch: range 1 attempt 2 failed: HTTP 404
2026-09-14 17:50:53,223 WARNING segv2.fetch: range 2 attempt 2 failed: HTTP 404
2026-09-14 17:51:13,641 WARNING segv2.fetch: range 7 attempt 3 failed: HTTP 404
2026-09-14 17:51:13,674 WARNING segv2.fetch: range 3 attempt 3 failed: HTTP 404
2026-09-14 17:51:13,709 WARNING segv2.fetch: range 6 attempt 3 failed: HTTP 404
2026-09-14 17:51:13,762 WARNING segv2.fetch: range 0 attempt 3 failed: HTTP 404
2026-09-14 17:51:13,786 WARNING segv2.fetch: range 2 attempt 3 failed: HTTP 404
2026-09-14 17:51:13,870 WARNING segv2.fetch: range 1 attempt 3 failed: HTTP 404
2026-09-14 17:51:13,881 WARNING segv2.fetch: range 5 attempt 3 failed: HTTP 404
2026-09-14 17:51:13,896 WARNING segv2.fetch: range 4 attempt 3 failed: HTTP 404
2026-09-14 17:51:54,258 WARNING segv2.fetch: range 6 attempt 4 failed: HTTP 404
2026-09-14 17:51:54,295 WARNING segv2.fetch: range 3 attempt 4 failed: HTTP 404
2026-09-14 17:51:54,316 WARNING segv2.fetch: range 2 attempt 4 failed: HTTP 404
2026-09-14 17:51:54,330 WARNING segv2.fetch: range 0 attempt 4 failed: HTTP 404
2026-09-14 17:51:54,342 WARNING segv2.fetch: range 7 attempt 4 failed: HTTP 404
2026-09-14 17:51:54,424 WARNING segv2.fetch: range 1 attempt 4 failed: HTTP 404
2026-09-14 17:51:54,426 WARNING segv2.fetch: range 5 attempt 4 failed: HTTP 404
2026-09-14 17:51:54,434 WARNING segv2.fetch: range 4 attempt 4 failed: HTTP 404
2026-09-14 17:53:14,810 WARNING segv2.fetch: range 6 attempt 5 failed: HTTP 404
2026-09-14 17:53:14,848 WARNING segv2.fetch: range 3 attempt 5 failed: HTTP 404
2026-09-14 17:53:14,870 WARNING segv2.fetch: range 0 attempt 5 failed: HTTP 404
2026-09-14 17:53:14,889 WARNING segv2.fetch: range 2 attempt 5 failed: HTTP 404
2026-09-14 17:53:14,899 WARNING segv2.fetch: range 7 attempt 5 failed: HTTP 404
2026-09-14 17:53:14,977 WARNING segv2.fetch: range 4 attempt 5 failed: HTTP 404
2026-09-14 17:53:14,988 WARNING segv2.fetch: range 5 attempt 5 failed: HTTP 404
2026-09-14 17:53:15,017 WARNING segv2.fetch: range 1 attempt 5 failed: HTTP 404
2026-09-14 17:55:55,376 WARNING segv2.fetch: range 6 attempt 6 failed: HTTP 404
2026-09-14 17:55:55,390 WARNING segv2.fetch: range 3 attempt 6 failed: HTTP 404
2026-09-14 17:55:55,445 WARNING segv2.fetch: range 7 attempt 6 failed: HTTP 404
2026-09-14 17:55:55,463 WARNING segv2.fetch: range 2 attempt 6 failed: HTTP 404
2026-09-14 17:55:55,502 WARNING segv2.fetch: range 4 attempt 6 failed: HTTP 404
2026-09-14 17:55:55,532 WARNING segv2.fetch: range 5 attempt 6 failed: HTTP 404
2026-09-14 17:55:55,564 WARNING segv2.fetch: range 0 attempt 6 failed: HTTP 404
2026-09-14 17:55:55,578 WARNING segv2.fetch: range 1 attempt 6 failed: HTTP 404
2026-09-14 18:00:55,908 WARNING segv2.fetch: range 6 attempt 7 failed: HTTP 404
2026-09-14 18:00:56,008 WARNING segv2.fetch: range 7 attempt 7 failed: HTTP 404
2026-09-14 18:00:56,031 WARNING segv2.fetch: range 2 attempt 7 failed: HTTP 404
2026-09-14 18:00:56,067 WARNING segv2.fetch: range 4 attempt 7 failed: HTTP 404
2026-09-14 18:00:56,075 WARNING segv2.fetch: range 5 attempt 7 failed: HTTP 404
2026-09-14 18:00:56,140 WARNING segv2.fetch: range 1 attempt 7 failed: HTTP 404
2026-09-14 18:00:56,143 WARNING segv2.fetch: range 3 attempt 7 failed: HTTP 404
2026-09-14 18:00:56,147 WARNING segv2.fetch: range 0 attempt 7 failed: HTTP 404
2026-09-14 18:05:56,459 WARNING segv2.fetch: range 6 attempt 8 failed: HTTP 404
2026-09-14 18:05:56,570 WARNING segv2.fetch: range 7 attempt 8 failed: HTTP 404
2026-09-14 18:05:56,576 WARNING segv2.fetch: range 2 attempt 8 failed: HTTP 404
2026-09-14 18:05:56,614 WARNING segv2.fetch: range 4 attempt 8 failed: HTTP 404
2026-09-14 18:05:56,616 WARNING segv2.fetch: range 5 attempt 8 failed: HTTP 404
2026-09-14 18:05:56,687 WARNING segv2.fetch: range 1 attempt 8 failed: HTTP 404
2026-09-14 18:05:56,691 WARNING segv2.fetch: range 0 attempt 8 failed: HTTP 404
2026-09-14 18:05:56,719 WARNING segv2.fetch: range 3 attempt 8 failed: HTTP 404
2026-09-14 18:10:57,008 WARNING segv2.fetch: range 6 attempt 9 failed: HTTP 404
2026-09-14 18:10:57,144 WARNING segv2.fetch: range 2 attempt 9 failed: HTTP 404
2026-09-14 18:10:57,148 WARNING segv2.fetch: range 7 attempt 9 failed: HTTP 404
2026-09-14 18:10:57,170 WARNING segv2.fetch: range 5 attempt 9 failed: HTTP 404
2026-09-14 18:10:57,173 WARNING segv2.fetch: range 4 attempt 9 failed: HTTP 404
2026-09-14 18:10:57,241 WARNING segv2.fetch: range 1 attempt 9 failed: HTTP 404
2026-09-14 18:10:57,257 WARNING segv2.fetch: range 3 attempt 9 failed: HTTP 404
2026-09-14 18:10:57,291 WARNING segv2.fetch: range 0 attempt 9 failed: HTTP 404
2026-09-14 18:15:57,553 WARNING segv2.fetch: range 6 attempt 10 failed: HTTP 404
2026-09-14 18:15:57,694 WARNING segv2.fetch: range 7 attempt 10 failed: HTTP 404
2026-09-14 18:15:57,709 WARNING segv2.fetch: range 2 attempt 10 failed: HTTP 404
2026-09-14 18:15:57,738 WARNING segv2.fetch: range 5 attempt 10 failed: HTTP 404
2026-09-14 18:15:57,761 WARNING segv2.fetch: range 4 attempt 10 failed: HTTP 404
2026-09-14 18:15:57,803 WARNING segv2.fetch: range 1 attempt 10 failed: HTTP 404
2026-09-14 18:15:57,808 WARNING segv2.fetch: range 3 attempt 10 failed: HTTP 404
2026-09-14 18:15:57,829 WARNING segv2.fetch: range 0 attempt 10 failed: HTTP 404
2026-09-14 18:20:58,294 WARNING segv2.fetch: range 5 attempt 11 failed: HTTP 404
2026-09-14 18:20:58,321 WARNING segv2.fetch: range 2 attempt 11 failed: HTTP 404
2026-09-14 18:20:58,324 WARNING segv2.fetch: range 7 attempt 11 failed: HTTP 404
2026-09-14 18:20:58,346 WARNING segv2.fetch: range 6 attempt 11 failed: HTTP 404
2026-09-14 18:20:58,364 WARNING segv2.fetch: range 3 attempt 11 failed: HTTP 404
2026-09-14 18:20:58,380 WARNING segv2.fetch: range 4 attempt 11 failed: HTTP 404
2026-09-14 18:20:58,384 WARNING segv2.fetch: range 1 attempt 11 failed: HTTP 404
2026-09-14 18:20:58,401 WARNING segv2.fetch: range 0 attempt 11 failed: HTTP 404
2026-09-14 18:27:23,602 INFO segv2.fetch: downloaded 57004-west_full.gpkg: 1587 MB in 83s (19.2 MB/s)
2026-09-14 18:27:29,350 INFO segv2.labels: KG 57004 cadastre: 5136 footprints, 9047 landuse polys, 831 parcels
2026-09-14 18:27:29,778 INFO segv2.labels: KG 57004 osm: 98 road, 0 rail, 198 water lines, 13 water areas; invekos: 596
2026-09-14 18:27:32,413 INFO object_segmentation: NDVI fusion: BEV mean=0.124, Cop mean=0.730, Fused mean=0.730, offset mean=0.604
2026-09-14 18:27:32,606 INFO tile_cache: tile_cache: forbid_remote=True (cache-only mode)
2026-09-14 18:27:32,645 INFO zenodo_cache: Fetching ZIP index from https://zenodo.org/api/records/19650075/draft/files/copernicus_harmonics_cell_47.0_48.0_12.0_14.0.zip/content
2026-09-14 18:27:42,069 INFO object_segmentation:   elevated layer: 294457 px → 2994 segments
2026-09-14 18:27:47,397 INFO object_segmentation:   ground layer: 1391098 px → 1890 segments
/home/exedev/.local/lib/python3.12/site-packages/numpy/lib/_nanfunctions_impl.py:1997: RuntimeWarning: Degrees of freedom <= 0 for slice.
  var = nanvar(a, axis=axis, dtype=dtype, out=out, ddof=ddof,
2026-09-14 18:27:52,649 INFO texture_features: Using pre-loaded grey image for texture (1500x1500)
2026-09-14 18:27:52,650 INFO texture_features: Computing per-segment GLCM texture at 0.50m (1500x1500)
2026-09-14 18:27:54,535 INFO texture_features: Computed texture for 4083 segments
2026-09-14 18:27:55,947 INFO segv2.build: KG 57004-west tile 0: 4884 segments, labelled 93%
2026-09-14 18:27:58,260 INFO object_segmentation: NDVI fusion: BEV mean=0.259, Cop mean=0.773, Fused mean=0.776, offset mean=0.520
2026-09-14 18:27:58,491 INFO tile_cache: tile_cache: forbid_remote=True (cache-only mode)
2026-09-14 18:27:58,529 INFO zenodo_cache: Fetching ZIP index from https://zenodo.org/api/records/19650075/draft/files/copernicus_harmonics_cell_47.0_48.0_12.0_14.0.zip/content
2026-09-14 18:28:04,431 INFO object_segmentation:   elevated layer: 1375805 px → 4374 segments
2026-09-14 18:28:10,299 INFO object_segmentation:   ground layer: 810968 px → 2025 segments
/home/exedev/.local/lib/python3.12/site-packages/numpy/lib/_nanfunctions_impl.py:1997: RuntimeWarning: Degrees of freedom <= 0 for slice.
  var = nanvar(a, axis=axis, dtype=dtype, out=out, ddof=ddof,
2026-09-14 18:28:17,701 INFO texture_features: Using pre-loaded grey image for texture (1500x1500)
2026-09-14 18:28:17,701 INFO texture_features: Computing per-segment GLCM texture at 0.50m (1500x1500)
2026-09-14 18:28:20,315 INFO texture_features: Computed texture for 5746 segments
2026-09-14 18:28:22,303 INFO segv2.build: KG 57004-west tile 1: 6399 segments, labelled 83%
2026-09-14 18:28:24,574 INFO object_segmentation: NDVI fusion: BEV mean=0.285, Cop mean=0.813, Fused mean=0.812, offset mean=0.526
2026-09-14 18:28:24,851 INFO tile_cache: tile_cache: forbid_remote=True (cache-only mode)
2026-09-14 18:28:24,892 INFO zenodo_cache: Fetching ZIP index from https://zenodo.org/api/records/19650075/draft/files/copernicus_harmonics_cell_47.0_48.0_12.0_14.0.zip/content
2026-09-14 18:28:30,918 INFO object_segmentation:   elevated layer: 1242703 px → 3724 segments
2026-09-14 18:28:36,873 INFO object_segmentation:   ground layer: 810969 px → 1773 segments
/home/exedev/.local/lib/python3.12/site-packages/numpy/lib/_nanfunctions_impl.py:1997: RuntimeWarning: Degrees of freedom <= 0 for slice.
  var = nanvar(a, axis=axis, dtype=dtype, out=out, ddof=ddof,
2026-09-14 18:28:43,831 INFO texture_features: Using pre-loaded grey image for texture (1500x1500)
2026-09-14 18:28:43,831 INFO texture_features: Computing per-segment GLCM texture at 0.50m (1500x1500)
2026-09-14 18:28:46,282 INFO texture_features: Computed texture for 4952 segments
2026-09-14 18:28:47,999 INFO segv2.build: KG 57004-west tile 2: 5497 segments, labelled 70%
2026-09-14 18:28:50,291 INFO object_segmentation: NDVI fusion: BEV mean=0.168, Cop mean=0.804, Fused mean=0.803, offset mean=0.634
2026-09-14 18:28:50,501 INFO tile_cache: tile_cache: forbid_remote=True (cache-only mode)
2026-09-14 18:28:50,539 INFO zenodo_cache: Fetching ZIP index from https://zenodo.org/api/records/19650075/draft/files/copernicus_harmonics_cell_47.0_48.0_12.0_14.0.zip/content
2026-09-14 18:28:56,674 INFO object_segmentation:   elevated layer: 777961 px → 4624 segments
2026-09-14 18:29:01,836 INFO object_segmentation:   ground layer: 1410011 px → 2934 segments
/home/exedev/.local/lib/python3.12/site-packages/numpy/lib/_nanfunctions_impl.py:1997: RuntimeWarning: Degrees of freedom <= 0 for slice.
  var = nanvar(a, axis=axis, dtype=dtype, out=out, ddof=ddof,
2026-09-14 18:29:09,521 INFO texture_features: Using pre-loaded grey image for texture (1500x1500)
2026-09-14 18:29:09,521 INFO texture_features: Computing per-segment GLCM texture at 0.50m (1500x1500)
2026-09-14 18:29:12,433 INFO texture_features: Computed texture for 6521 segments
2026-09-14 18:29:14,474 INFO segv2.build: KG 57004-west tile 4: 7558 segments, labelled 89%
2026-09-14 18:29:17,063 INFO object_segmentation: NDVI fusion: BEV mean=0.193, Cop mean=0.813, Fused mean=0.813, offset mean=0.619
2026-09-14 18:29:17,348 INFO tile_cache: tile_cache: forbid_remote=True (cache-only mode)
2026-09-14 18:29:17,385 INFO zenodo_cache: Fetching ZIP index from https://zenodo.org/api/records/19650075/draft/files/copernicus_harmonics_cell_47.0_48.0_12.0_14.0.zip/content
2026-09-14 18:29:23,443 INFO object_segmentation:   elevated layer: 1432968 px → 3935 segments
2026-09-14 18:29:28,185 INFO object_segmentation:   ground layer: 731292 px → 1488 segments
2026-09-14 18:29:35,090 INFO texture_features: Using pre-loaded grey image for texture (1500x1500)
2026-09-14 18:29:35,090 INFO texture_features: Computing per-segment GLCM texture at 0.50m (1500x1500)
2026-09-14 18:29:37,503 INFO texture_features: Computed texture for 4994 segments
2026-09-14 18:29:39,261 INFO segv2.build: KG 57004-west tile 5: 5423 segments, labelled 66%
2026-09-14 18:29:41,603 INFO object_segmentation: NDVI fusion: BEV mean=0.110, Cop mean=0.803, Fused mean=0.802, offset mean=0.691
2026-09-14 18:29:41,842 INFO tile_cache: tile_cache: forbid_remote=True (cache-only mode)
2026-09-14 18:29:41,881 INFO zenodo_cache: Fetching ZIP index from https://zenodo.org/api/records/19650075/draft/files/copernicus_harmonics_cell_47.0_48.0_12.0_14.0.zip/content
2026-09-14 18:29:47,974 INFO object_segmentation:   elevated layer: 1249194 px → 3950 segments
2026-09-14 18:29:53,282 INFO object_segmentation:   ground layer: 894103 px → 1878 segments
/home/exedev/.local/lib/python3.12/site-packages/numpy/lib/_nanfunctions_impl.py:1997: RuntimeWarning: Degrees of freedom <= 0 for slice.
  var = nanvar(a, axis=axis, dtype=dtype, out=out, ddof=ddof,
2026-09-14 18:30:00,781 INFO texture_features: Using pre-loaded grey image for texture (1500x1500)
2026-09-14 18:30:00,781 INFO texture_features: Computing per-segment GLCM texture at 0.50m (1500x1500)
2026-09-14 18:30:03,225 INFO texture_features: Computed texture for 5145 segments
2026-09-14 18:30:05,100 INFO segv2.build: KG 57004-west tile 6: 5828 segments, labelled 46%
2026-09-14 18:30:07,431 INFO object_segmentation: NDVI fusion: BEV mean=-0.034, Cop mean=0.738, Fused mean=0.051, offset mean=1.324
2026-09-14 18:30:07,636 INFO tile_cache: tile_cache: forbid_remote=True (cache-only mode)
2026-09-14 18:30:07,671 INFO zenodo_cache: Fetching ZIP index from https://zenodo.org/api/records/19650075/draft/files/copernicus_harmonics_cell_47.0_48.0_12.0_14.0.zip/content
2026-09-14 18:30:13,706 INFO object_segmentation:   elevated layer: 683805 px → 4494 segments
2026-09-14 18:30:19,263 INFO object_segmentation:   ground layer: 1430188 px → 2313 segments
/home/exedev/.local/lib/python3.12/site-packages/numpy/lib/_nanfunctions_impl.py:1997: RuntimeWarning: Degrees of freedom <= 0 for slice.
  var = nanvar(a, axis=axis, dtype=dtype, out=out, ddof=ddof,
2026-09-14 18:30:26,069 INFO texture_features: Using pre-loaded grey image for texture (1500x1500)
2026-09-14 18:30:26,069 INFO texture_features: Computing per-segment GLCM texture at 0.50m (1500x1500)
2026-09-14 18:30:28,346 INFO texture_features: Computed texture for 5162 segments
2026-09-14 18:30:30,039 INFO segv2.build: KG 57004-west tile 8: 6807 segments, labelled 92%
2026-09-14 18:30:32,363 INFO object_segmentation: NDVI fusion: BEV mean=-0.047, Cop mean=0.791, Fused mean=0.054, offset mean=1.650
2026-09-14 18:30:32,633 INFO tile_cache: tile_cache: forbid_remote=True (cache-only mode)
2026-09-14 18:30:32,673 INFO zenodo_cache: Fetching ZIP index from https://zenodo.org/api/records/19650075/draft/files/copernicus_harmonics_cell_47.0_48.0_12.0_14.0.zip/content
2026-09-14 18:30:38,481 INFO object_segmentation:   elevated layer: 1180510 px → 3398 segments
2026-09-14 18:30:44,801 INFO object_segmentation:   ground layer: 822630 px → 1331 segments
2026-09-14 18:30:50,297 INFO texture_features: Using pre-loaded grey image for texture (1500x1500)
2026-09-14 18:30:50,298 INFO texture_features: Computing per-segment GLCM texture at 0.50m (1500x1500)
2026-09-14 18:30:52,226 INFO texture_features: Computed texture for 4237 segments
2026-09-14 18:30:54,130 INFO segv2.build: KG 57004-west tile 9: 4729 segments, labelled 83%
2026-09-14 18:30:56,396 INFO object_segmentation: NDVI fusion: BEV mean=-0.048, Cop mean=0.782, Fused mean=0.054, offset mean=1.675
2026-09-14 18:30:56,630 INFO tile_cache: tile_cache: forbid_remote=True (cache-only mode)
2026-09-14 18:30:56,663 INFO zenodo_cache: Fetching ZIP index from https://zenodo.org/api/records/19650075/draft/files/copernicus_harmonics_cell_47.0_48.0_12.0_14.0.zip/content
2026-09-14 18:31:02,421 INFO object_segmentation:   elevated layer: 879825 px → 3706 segments
2026-09-14 18:31:07,977 INFO object_segmentation:   ground layer: 1331708 px → 1765 segments
/home/exedev/.local/lib/python3.12/site-packages/numpy/lib/_nanfunctions_impl.py:1997: RuntimeWarning: Degrees of freedom <= 0 for slice.
  var = nanvar(a, axis=axis, dtype=dtype, out=out, ddof=ddof,
2026-09-14 18:31:14,332 INFO texture_features: Using pre-loaded grey image for texture (1500x1500)
2026-09-14 18:31:14,332 INFO texture_features: Computing per-segment GLCM texture at 0.50m (1500x1500)
2026-09-14 18:31:16,267 INFO texture_features: Computed texture for 4380 segments
2026-09-14 18:31:18,107 INFO segv2.build: KG 57004-west tile 10: 5471 segments, labelled 94%
2026-09-14 18:31:18,283 INFO object_segmentation: NDVI fusion: BEV mean=0.000, Cop mean=0.762, Fused mean=0.000, offset mean=0.000
2026-09-14 18:31:18,320 INFO tile_cache: tile_cache: forbid_remote=True (cache-only mode)
2026-09-14 18:31:18,359 INFO zenodo_cache: Fetching ZIP index from https://zenodo.org/api/records/19650075/draft/files/copernicus_harmonics_cell_47.0_48.0_12.0_14.0.zip/content
2026-09-14 18:31:18,716 INFO object_segmentation:   elevated layer: 1880 px → 18 segments
2026-09-14 18:31:18,744 INFO object_segmentation:   ground layer: 2590 px → 10 segments
/home/exedev/.local/lib/python3.12/site-packages/numpy/lib/_nanfunctions_impl.py:1997: RuntimeWarning: Degrees of freedom <= 0 for slice.
  var = nanvar(a, axis=axis, dtype=dtype, out=out, ddof=ddof,
2026-09-14 18:31:19,054 INFO texture_features: Using pre-loaded grey image for texture (16x1500)
2026-09-14 18:31:19,054 INFO texture_features: Computing per-segment GLCM texture at 0.50m (16x1500)
2026-09-14 18:31:19,063 INFO texture_features: Computed texture for 22 segments
2026-09-14 18:31:19,074 ERROR segv2.build: KG 57004-west failed
Traceback (most recent call last):
  File "/home/exedev/srtm-lidar/segv2/build_dataset.py", line 148, in build_kg
    assert rgb_sat >= 0.5, \
           ^^^^^^^^^^^^^^
AssertionError: NIR is a constant alpha plane (rgb_sat=0.00) — writer contract violated
2026-09-14 18:33:15,419 INFO segv2.fetch: downloaded 73505-west_full.gpkg: 2339 MB in 113s (20.8 MB/s)
2026-09-14 18:33:25,640 INFO segv2.labels: KG 73505 cadastre: 2427 footprints, 5189 landuse polys, 929 parcels
2026-09-14 18:33:26,447 INFO segv2.labels: KG 73505 osm: 330 road, 0 rail, 153 water lines, 17 water areas; invekos: 2332
2026-09-14 18:33:29,076 INFO object_segmentation: NDVI fusion: BEV mean=-0.018, Cop mean=0.293, Fused mean=0.293, offset mean=0.310
2026-09-14 18:33:29,284 INFO tile_cache: tile_cache: forbid_remote=True (cache-only mode)
2026-09-14 18:33:29,317 INFO zenodo_cache: Fetching ZIP index from https://zenodo.org/api/records/19650075/draft/files/copernicus_harmonics_cell_47.0_48.0_12.0_14.0.zip/content
2026-09-14 18:33:38,945 INFO object_segmentation:   elevated layer: 29998 px → 473 segments
2026-09-14 18:33:46,603 INFO object_segmentation:   ground layer: 768271 px → 497 segments
2026-09-14 18:33:48,392 INFO texture_features: Using pre-loaded grey image for texture (1500x1500)
2026-09-14 18:33:48,392 INFO texture_features: Computing per-segment GLCM texture at 0.50m (1500x1500)
2026-09-14 18:33:48,762 INFO texture_features: Computed texture for 789 segments
2026-09-14 18:33:49,432 INFO segv2.build: KG 73505-west tile 2: 970 segments, labelled 73%
2026-09-14 18:33:51,768 INFO object_segmentation: NDVI fusion: BEV mean=0.010, Cop mean=0.317, Fused mean=0.317, offset mean=0.332
2026-09-14 18:33:51,977 INFO tile_cache: tile_cache: forbid_remote=True (cache-only mode)
2026-09-14 18:33:52,015 INFO zenodo_cache: Fetching ZIP index from https://zenodo.org/api/records/19650075/draft/files/copernicus_harmonics_cell_47.0_48.0_12.0_14.0.zip/content
2026-09-14 18:33:56,854 INFO object_segmentation:   elevated layer: 71887 px → 1788 segments
2026-09-14 18:34:02,827 INFO object_segmentation:   ground layer: 2035070 px → 1194 segments
2026-09-14 18:34:07,440 INFO texture_features: Using pre-loaded grey image for texture (1500x1500)
2026-09-14 18:34:07,440 INFO texture_features: Computing per-segment GLCM texture at 0.50m (1500x1500)
2026-09-14 18:34:08,442 INFO texture_features: Computed texture for 2182 segments
2026-09-14 18:34:09,872 INFO segv2.build: KG 73505-west tile 3: 2982 segments, labelled 14%
2026-09-14 18:34:10,010 INFO object_segmentation: NDVI fusion: BEV mean=0.000, Cop mean=0.000, Fused mean=0.000, offset mean=0.000
2026-09-14 18:34:10,027 INFO tile_cache: tile_cache: forbid_remote=True (cache-only mode)
2026-09-14 18:34:10,064 INFO zenodo_cache: Fetching ZIP index from https://zenodo.org/api/records/19650075/draft/files/copernicus_harmonics_cell_47.0_48.0_12.0_14.0.zip/content
2026-09-14 18:34:10,418 INFO object_segmentation:   ground layer: 9000 px → 1 segments
2026-09-14 18:34:10,556 INFO texture_features: Using pre-loaded grey image for texture (6x1500)
2026-09-14 18:34:10,556 INFO texture_features: Computing per-segment GLCM texture at 0.50m (6x1500)
2026-09-14 18:34:10,557 INFO texture_features: Computed texture for 1 segments
2026-09-14 18:34:10,558 ERROR segv2.build: KG 73505-west failed
Traceback (most recent call last):
  File "/home/exedev/srtm-lidar/segv2/build_dataset.py", line 139, in build_kg
    df = F2.extract(seg, L, context=ctx_r, obs_year=obs_year)
         ^^^^^^^^^^^^^^^^^^^^^^^^^^^^^^^^^^^^^^^^^^^^^^^^^^^^
  File "/home/exedev/srtm-lidar/segv2/features.py", line 585, in extract
    wgt = F["area"][bi]
          ~~~~~~~~~^^^^
IndexError: arrays used as indices must be of integer (or boolean) type
2026-09-14 18:36:07,212 INFO segv2.fetch: downloaded 72010-south_full.gpkg: 1815 MB in 114s (16.0 MB/s)
2026-09-14 18:36:13,525 INFO segv2.labels: KG 72010 cadastre: 1863 footprints, 5987 landuse polys, 949 parcels
2026-09-14 18:36:13,743 INFO segv2.labels: KG 72010 osm: 35 road, 0 rail, 78 water lines, 4 water areas; invekos: 272
2026-09-14 18:36:16,385 INFO object_segmentation: NDVI fusion: BEV mean=0.199, Cop mean=0.742, Fused mean=0.741, offset mean=0.539
2026-09-14 18:36:16,558 INFO tile_cache: tile_cache: forbid_remote=True (cache-only mode)
2026-09-14 18:36:23,054 INFO object_segmentation:   elevated layer: 905641 px → 1684 segments
2026-09-14 18:36:27,457 INFO object_segmentation:   ground layer: 123868 px → 567 segments
2026-09-14 18:36:30,429 INFO texture_features: Using pre-loaded grey image for texture (1500x1500)
2026-09-14 18:36:30,429 INFO texture_features: Computing per-segment GLCM texture at 0.50m (1500x1500)
2026-09-14 18:36:31,342 INFO texture_features: Computed texture for 2063 segments
2026-09-14 18:36:32,169 INFO segv2.build: KG 72010-south tile 0: 2251 segments, labelled 68%
2026-09-14 18:36:34,414 INFO object_segmentation: NDVI fusion: BEV mean=0.237, Cop mean=0.804, Fused mean=0.804, offset mean=0.565
2026-09-14 18:36:34,646 INFO tile_cache: tile_cache: forbid_remote=True (cache-only mode)
2026-09-14 18:36:42,236 INFO object_segmentation:   elevated layer: 1730770 px → 3034 segments
2026-09-14 18:36:46,565 INFO object_segmentation:   ground layer: 272450 px → 960 segments
2026-09-14 18:36:52,374 INFO texture_features: Using pre-loaded grey image for texture (1500x1500)
2026-09-14 18:36:52,375 INFO texture_features: Computing per-segment GLCM texture at 0.50m (1500x1500)
2026-09-14 18:36:54,105 INFO texture_features: Computed texture for 3679 segments
2026-09-14 18:36:55,612 INFO segv2.build: KG 72010-south tile 1: 3994 segments, labelled 75%
2026-09-14 18:36:57,935 INFO object_segmentation: NDVI fusion: BEV mean=0.261, Cop mean=0.828, Fused mean=0.827, offset mean=0.564
2026-09-14 18:36:58,160 INFO tile_cache: tile_cache: forbid_remote=True (cache-only mode)
2026-09-14 18:37:04,844 INFO object_segmentation:   elevated layer: 619373 px → 1377 segments
2026-09-14 18:37:11,574 INFO object_segmentation:   ground layer: 31305 px → 128 segments
2026-09-14 18:37:13,484 INFO texture_features: Using pre-loaded grey image for texture (1500x1500)
2026-09-14 18:37:13,484 INFO texture_features: Computing per-segment GLCM texture at 0.50m (1500x1500)
2026-09-14 18:37:14,137 INFO texture_features: Computed texture for 1465 segments
2026-09-14 18:37:14,920 INFO segv2.build: KG 72010-south tile 2: 1505 segments, labelled 56%
2026-09-14 18:37:17,305 INFO object_segmentation: NDVI fusion: BEV mean=0.183, Cop mean=0.745, Fused mean=0.744, offset mean=0.606
2026-09-14 18:37:17,509 INFO tile_cache: tile_cache: forbid_remote=True (cache-only mode)
2026-09-14 18:37:34,743 INFO object_segmentation:   elevated layer: 119906 px → 280 segments
2026-09-14 18:37:41,717 INFO object_segmentation:   ground layer: 1552 px → 23 segments
2026-09-14 18:37:42,290 INFO texture_features: Using pre-loaded grey image for texture (1500x1500)
2026-09-14 18:37:42,290 INFO texture_features: Computing per-segment GLCM texture at 0.50m (1500x1500)
2026-09-14 18:37:42,454 INFO texture_features: Computed texture for 298 segments
2026-09-14 18:37:42,939 INFO segv2.build: KG 72010-south tile 3: 303 segments, labelled 19%
2026-09-14 18:37:45,286 INFO object_segmentation: NDVI fusion: BEV mean=0.265, Cop mean=0.784, Fused mean=0.784, offset mean=0.517
2026-09-14 18:37:45,508 INFO tile_cache: tile_cache: forbid_remote=True (cache-only mode)
2026-09-14 18:37:51,890 INFO object_segmentation:   elevated layer: 1796162 px → 3279 segments
2026-09-14 18:37:56,135 INFO object_segmentation:   ground layer: 308717 px → 1208 segments
2026-09-14 18:38:01,813 INFO texture_features: Using pre-loaded grey image for texture (1500x1500)
2026-09-14 18:38:01,813 INFO texture_features: Computing per-segment GLCM texture at 0.50m (1500x1500)
2026-09-14 18:38:03,710 INFO texture_features: Computed texture for 4120 segments
2026-09-14 18:38:05,168 INFO segv2.build: KG 72010-south tile 5: 4487 segments, labelled 76%
2026-09-14 18:38:07,522 INFO object_segmentation: NDVI fusion: BEV mean=0.306, Cop mean=0.838, Fused mean=0.838, offset mean=0.533
2026-09-14 18:38:07,789 INFO tile_cache: tile_cache: forbid_remote=True (cache-only mode)
2026-09-14 18:38:14,108 INFO object_segmentation:   elevated layer: 1896032 px → 4297 segments
2026-09-14 18:38:23,430 INFO object_segmentation:   ground layer: 353838 px → 1007 segments
2026-09-14 18:38:29,647 INFO texture_features: Using pre-loaded grey image for texture (1500x1500)
2026-09-14 18:38:29,647 INFO texture_features: Computing per-segment GLCM texture at 0.50m (1500x1500)
2026-09-14 18:38:31,957 INFO texture_features: Computed texture for 5020 segments
2026-09-14 18:38:33,686 INFO segv2.build: KG 72010-south tile 6: 5304 segments, labelled 71%
2026-09-14 18:38:36,034 INFO object_segmentation: NDVI fusion: BEV mean=0.286, Cop mean=0.819, Fused mean=0.819, offset mean=0.533
2026-09-14 18:38:36,313 INFO tile_cache: tile_cache: forbid_remote=True (cache-only mode)
2026-09-14 18:38:42,578 INFO object_segmentation:   elevated layer: 1949364 px → 4453 segments
2026-09-14 18:38:49,172 INFO object_segmentation:   ground layer: 247169 px → 1069 segments
2026-09-14 18:38:55,426 INFO texture_features: Using pre-loaded grey image for texture (1500x1500)
2026-09-14 18:38:55,426 INFO texture_features: Computing per-segment GLCM texture at 0.50m (1500x1500)
2026-09-14 18:38:57,811 INFO texture_features: Computed texture for 5149 segments
2026-09-14 18:38:59,366 INFO segv2.build: KG 72010-south tile 7: 5522 segments, labelled 11%
2026-09-14 18:39:01,664 INFO object_segmentation: NDVI fusion: BEV mean=0.227, Cop mean=0.780, Fused mean=0.779, offset mean=0.579
2026-09-14 18:39:01,893 INFO tile_cache: tile_cache: forbid_remote=True (cache-only mode)
2026-09-14 18:39:08,483 INFO object_segmentation:   elevated layer: 1732687 px → 3226 segments
2026-09-14 18:39:12,404 INFO object_segmentation:   ground layer: 265171 px → 1075 segments
2026-09-14 18:39:17,962 INFO texture_features: Using pre-loaded grey image for texture (1500x1500)
2026-09-14 18:39:17,963 INFO texture_features: Computing per-segment GLCM texture at 0.50m (1500x1500)
2026-09-14 18:39:19,821 INFO texture_features: Computed texture for 3875 segments
2026-09-14 18:39:21,162 INFO segv2.build: KG 72010-south tile 8: 4301 segments, labelled 10%
2026-09-14 18:39:23,455 INFO object_segmentation: NDVI fusion: BEV mean=0.208, Cop mean=0.646, Fused mean=0.651, offset mean=0.481
2026-09-14 18:39:23,639 INFO tile_cache: tile_cache: forbid_remote=True (cache-only mode)
2026-09-14 18:39:29,093 INFO object_segmentation:   elevated layer: 967448 px → 2533 segments
2026-09-14 18:39:34,721 INFO object_segmentation:   ground layer: 250466 px → 1007 segments
2026-09-14 18:39:38,760 INFO texture_features: Using pre-loaded grey image for texture (1500x1500)
2026-09-14 18:39:38,760 INFO texture_features: Computing per-segment GLCM texture at 0.50m (1500x1500)
2026-09-14 18:39:40,337 INFO texture_features: Computed texture for 3213 segments
2026-09-14 18:39:41,331 INFO segv2.build: KG 72010-south tile 10: 3540 segments, labelled 65%
2026-09-14 18:39:43,687 INFO object_segmentation: NDVI fusion: BEV mean=0.305, Cop mean=0.785, Fused mean=0.785, offset mean=0.480
2026-09-14 18:39:43,944 INFO tile_cache: tile_cache: forbid_remote=True (cache-only mode)
2026-09-14 18:39:49,747 INFO object_segmentation:   elevated layer: 1971366 px → 4078 segments
2026-09-14 18:39:53,958 INFO object_segmentation:   ground layer: 278622 px → 1115 segments
2026-09-14 18:40:00,509 INFO texture_features: Using pre-loaded grey image for texture (1500x1500)
2026-09-14 18:40:00,510 INFO texture_features: Computing per-segment GLCM texture at 0.50m (1500x1500)
2026-09-14 18:40:02,818 INFO texture_features: Computed texture for 4813 segments
2026-09-14 18:40:04,540 INFO segv2.build: KG 72010-south tile 11: 5193 segments, labelled 62%
2026-09-14 18:40:06,848 INFO object_segmentation: NDVI fusion: BEV mean=0.204, Cop mean=0.682, Fused mean=0.682, offset mean=0.478
2026-09-14 18:40:07,103 INFO tile_cache: tile_cache: forbid_remote=True (cache-only mode)
2026-09-14 18:40:12,840 INFO object_segmentation:   elevated layer: 1709944 px → 4723 segments
2026-09-14 18:40:26,126 INFO object_segmentation:   ground layer: 540056 px → 1915 segments
2026-09-14 18:40:33,527 INFO texture_features: Using pre-loaded grey image for texture (1500x1500)
2026-09-14 18:40:33,527 INFO texture_features: Computing per-segment GLCM texture at 0.50m (1500x1500)
2026-09-14 18:40:36,109 INFO texture_features: Computed texture for 6078 segments
2026-09-14 18:40:37,816 INFO segv2.build: KG 72010-south tile 12: 6638 segments, labelled 55%
2026-09-14 18:40:40,223 INFO object_segmentation: NDVI fusion: BEV mean=0.211, Cop mean=0.728, Fused mean=0.728, offset mean=0.516
2026-09-14 18:40:40,508 INFO tile_cache: tile_cache: forbid_remote=True (cache-only mode)
2026-09-14 18:40:46,824 INFO object_segmentation:   elevated layer: 1230261 px → 3079 segments
2026-09-14 18:40:51,146 INFO object_segmentation:   ground layer: 313347 px → 1196 segments
2026-09-14 18:40:56,016 INFO texture_features: Using pre-loaded grey image for texture (1500x1500)
2026-09-14 18:40:56,017 INFO texture_features: Computing per-segment GLCM texture at 0.50m (1500x1500)
2026-09-14 18:40:57,756 INFO texture_features: Computed texture for 3925 segments
2026-09-14 18:40:59,150 INFO segv2.build: KG 72010-south tile 13: 4275 segments, labelled 59%
2026-09-14 18:41:01,484 INFO object_segmentation: NDVI fusion: BEV mean=0.135, Cop mean=0.598, Fused mean=0.581, offset mean=0.535
2026-09-14 18:41:01,584 INFO tile_cache: tile_cache: forbid_remote=True (cache-only mode)
2026-09-14 18:41:25,026 INFO object_segmentation:   elevated layer: 61905 px → 566 segments
2026-09-14 18:41:53,645 INFO object_segmentation:   ground layer: 232059 px → 435 segments
2026-09-14 18:41:54,976 INFO texture_features: Using pre-loaded grey image for texture (1500x1500)
2026-09-14 18:41:54,976 INFO texture_features: Computing per-segment GLCM texture at 0.50m (1500x1500)
2026-09-14 18:41:55,411 INFO texture_features: Computed texture for 859 segments
2026-09-14 18:41:55,794 INFO segv2.build: KG 72010-south tile 15: 1001 segments, labelled 23%
2026-09-14 18:41:58,240 INFO object_segmentation: NDVI fusion: BEV mean=0.136, Cop mean=0.528, Fused mean=0.529, offset mean=0.393
2026-09-14 18:41:58,484 INFO tile_cache: tile_cache: forbid_remote=True (cache-only mode)
2026-09-14 18:42:04,501 INFO object_segmentation:   elevated layer: 913231 px → 3502 segments
2026-09-14 18:42:09,768 INFO object_segmentation:   ground layer: 883751 px → 1747 segments
2026-09-14 18:42:15,997 INFO texture_features: Using pre-loaded grey image for texture (1500x1500)
2026-09-14 18:42:15,997 INFO texture_features: Computing per-segment GLCM texture at 0.50m (1500x1500)
2026-09-14 18:42:18,069 INFO texture_features: Computed texture for 4573 segments
2026-09-14 18:42:19,417 INFO segv2.build: KG 72010-south tile 16: 5249 segments, labelled 46%
2026-09-14 18:42:21,682 INFO object_segmentation: NDVI fusion: BEV mean=0.230, Cop mean=0.653, Fused mean=0.653, offset mean=0.447
2026-09-14 18:42:21,917 INFO tile_cache: tile_cache: forbid_remote=True (cache-only mode)
2026-09-14 18:42:27,794 INFO object_segmentation:   elevated layer: 1235928 px → 3135 segments
2026-09-14 18:42:32,929 INFO object_segmentation:   ground layer: 964108 px → 1285 segments
2026-09-14 18:42:38,848 INFO texture_features: Using pre-loaded grey image for texture (1500x1500)
2026-09-14 18:42:38,848 INFO texture_features: Computing per-segment GLCM texture at 0.50m (1500x1500)
2026-09-14 18:42:40,670 INFO texture_features: Computed texture for 4009 segments
2026-09-14 18:42:42,309 INFO segv2.build: KG 72010-south tile 17: 4420 segments, labelled 68%
2026-09-14 18:42:44,582 INFO object_segmentation: NDVI fusion: BEV mean=0.102, Cop mean=0.490, Fused mean=0.491, offset mean=0.433
2026-09-14 18:42:44,794 INFO tile_cache: tile_cache: forbid_remote=True (cache-only mode)
2026-09-14 18:42:54,647 INFO object_segmentation:   elevated layer: 410472 px → 1629 segments
2026-09-14 18:43:04,284 INFO object_segmentation:   ground layer: 486583 px → 806 segments
2026-09-14 18:43:07,164 INFO texture_features: Using pre-loaded grey image for texture (1500x1500)
2026-09-14 18:43:07,164 INFO texture_features: Computing per-segment GLCM texture at 0.50m (1500x1500)
2026-09-14 18:43:08,165 INFO texture_features: Computed texture for 2165 segments
2026-09-14 18:43:09,086 INFO segv2.build: KG 72010-south tile 18: 2435 segments, labelled 58%
2026-09-14 18:43:09,277 INFO object_segmentation: NDVI fusion: BEV mean=0.181, Cop mean=0.464, Fused mean=0.489, offset mean=0.493
2026-09-14 18:43:09,304 INFO tile_cache: tile_cache: forbid_remote=True (cache-only mode)
2026-09-14 18:43:09,547 INFO object_segmentation: NDVI fusion: BEV mean=0.000, Cop mean=0.000, Fused mean=0.000, offset mean=0.000
2026-09-14 18:43:09,576 INFO tile_cache: tile_cache: forbid_remote=True (cache-only mode)
2026-09-14 18:43:09,750 INFO object_segmentation:   ground layer: 30285 px → 1 segments
2026-09-14 18:43:09,879 INFO texture_features: Using pre-loaded grey image for texture (1500x27)
2026-09-14 18:43:09,879 INFO texture_features: Computing per-segment GLCM texture at 0.50m (1500x27)
2026-09-14 18:43:09,880 INFO texture_features: Computed texture for 1 segments
2026-09-14 18:43:09,883 ERROR segv2.build: KG 72010-south failed
Traceback (most recent call last):
  File "/home/exedev/srtm-lidar/segv2/build_dataset.py", line 139, in build_kg
    df = F2.extract(seg, L, context=ctx_r, obs_year=obs_year)
         ^^^^^^^^^^^^^^^^^^^^^^^^^^^^^^^^^^^^^^^^^^^^^^^^^^^^
  File "/home/exedev/srtm-lidar/segv2/features.py", line 585, in extract
    wgt = F["area"][bi]
          ~~~~~~~~~^^^^
IndexError: arrays used as indices must be of integer (or boolean) type
2026-09-14 18:43:10,006 WARNING segv2.build: retry pass: 6 KGs errored: 73301-east 87102-north 72321 57004-west 73505-west 72010-south
FINISHED
