{"type":"FeatureCollection","crs_epsg":3035,"source":"BEV Metadatenuebersicht_SHP 20230915 (www.bev.gv.at, ALS-Hoehenraster page)","features":[{"type":"Feature","properties":{"flugjahr":"2008","gebiet":"Tirol"},"geometry":{"type":"Polygon","coordinates":[[[4516495.826298756,2643342.578100487],[4514851.67245539,2643250.3193314425],[4512786.645483547,2642159.103233936],[4511853.580629135,2642054.85241705],[4511368.298338373,2641785.2569586663],[4510587.511701858,2641760.537331969],[4510164.995246967,2641816.8752226224],[4510054.637843395,2641978.6833434217],[4509871.492475083,2642952.9890868734],[4509626.446955157,2643436.938346705],[4508758.218528467,2643980.5176089173],[4506756.898005893,2644878.650007601],[4504238.568429704,2644767.0720633212],[4503172.417225306,2644047.7582909036],[4501529.232833548,2643556.9494423447],[4500277.930203441,2643646.673798336],[4499463.66159497,2643537.8833709736],[4499349.304346302,2643608.2374509284],[4498506.877695723,2643580.871015795],[4494114.618313104,2643301.2496063598],[4494063.028469942,2643390.320743772],[4501406.54159328,2643715.105083903],[4501363.384964865,2644713.2654918176],[4508862.310878579,2645045.4549831823],[4508905.470120566,2644047.261575996],[4510155.180254435,2644102.6698370166],[4510241.5030845525,2642106.314914293],[4512740.481719946,2642217.1929918597],[4512697.336348379,2643215.3731915355],[4516446.684220052,2643381.8854508605],[4516360.312537371,2645378.2485853233],[4518859.839265811,2645489.337601872],[4518816.641594735,2646487.518442445],[4519493.87109497,2646517.6335109365],[4519732.745384437,2646265.208089566],[4519315.694529874,2645992.119976811],[4519013.225976291,2645427.9309919905],[4517343.767317942,2645347.3757945467],[4516823.235481423,2645110.4326428142],[4516581.136478876,2643567.055451635],[4516495.826298756,2643342.578100487]]]}},{"type":"Feature","properties":{"flugjahr":"2015","gebiet":"Tirol"},"geometry":{"type":"Polygon","coordinates":[[[4543020.093982542,2636962.9394738204],[4543431.343772619,2636718.773682109],[4543235.792086537,2636223.208796061],[4541636.471179241,2636128.3709558253],[4540680.132088846,2636412.3161996007],[4540172.178096429,2636300.3144089933],[4539948.232574015,2636042.076283097],[4539399.024088069,2636088.683535101],[4539298.6383695295,2636140.3126265164],[4539234.505156451,2636532.07820361],[4539105.93910491,2636662.9925332093],[4539219.261576482,2636921.2982971007],[4539029.2708296,2637566.208768942],[4539027.813381656,2638217.033216347],[4538886.3709447,2638629.603969183],[4538261.330536519,2639171.1969507234],[4537752.217828123,2639328.010617256],[4537171.472455852,2639956.4179834602],[4536930.389533295,2639844.102405276],[4536288.4751202995,2639936.1246947986],[4536098.209613079,2639867.6597032947],[4535209.548743016,2640216.140419686],[4535128.040569843,2640391.1567548546],[4535159.176265566,2640845.2693278347],[4535022.630404372,2641067.736148951],[4534465.318241195,2641067.824036537],[4534370.187778008,2640981.933619637],[4533720.963598648,2641078.612580232],[4533565.004680496,2640955.082146956],[4532977.265489324,2640989.7001647744],[4532888.595433994,2640884.9223558977],[4532582.104297274,2640973.966247669],[4531577.674353872,2640957.225909221],[4531078.809371261,2641564.694274872],[4529795.299367695,2641930.3425281434],[4527077.387326537,2641799.6337134847],[4527027.483932047,2641601.3200220983],[4526547.497912464,2641454.814943574],[4526204.290427881,2642114.969472917],[4525775.978085199,2642613.6745166862],[4525338.831903806,2642598.763180392],[4525243.235615556,2642659.717956921],[4525118.732956763,2642833.490677584],[4525111.770410169,2643157.8538910635],[4524650.908107277,2643707.9355013305],[4524188.2411024235,2643989.3926703664],[4522943.955674058,2645288.2607897753],[4521512.33787451,2646399.52996972],[4521171.124211362,2646518.609231333],[4520486.432570161,2646529.896067615],[4520020.653000445,2646453.731224586],[4519732.745384439,2646265.2080895677],[4519493.87109497,2646517.6335109365],[4522566.337706641,2646654.214342956],[4522609.56520763,2645655.9827170256],[4523859.288628391,2645711.585885267],[4523902.500845567,2644713.3726094016],[4525152.217464309,2644768.9840529454],[4525238.603991458,2642772.574685422],[4526488.322673112,2642828.17656292],[4526531.515117007,2641829.9856624743],[4531530.586094072,2642052.6867774497],[4531573.72065005,2641054.4921521405],[4535323.0945063215,2641221.523363283],[4535366.283935086,2640223.3063506735],[4537865.827352094,2640334.752933218],[4537909.035427509,2639336.4958636733],[4539158.799587115,2639392.237233331],[4539288.455165056,2636397.6506419256],[4543037.329438312,2636564.986577708],[4543020.093982542,2636962.9394738204]]]}},{"type":"Feature","properties":{"flugjahr":"2022","gebiet":"Tirol"},"geometry":{"type":"Polygon","coordinates":[[[4517435.951997443,2645351.823065039],[4517280.968676047,2644672.5333066005],[4517482.8644669615,2642131.445570072],[4518401.333076848,2642017.2862682166],[4519186.93112566,2643253.0268379874],[4519930.792334159,2643793.3322873972],[4520167.807438443,2642486.6154145873],[4522393.053859527,2640930.01433404],[4523364.601206865,2640702.324036601],[4523581.592084317,2640033.6355691366],[4524986.247704948,2638361.2321105264],[4524023.939792282,2637869.628560095],[4521733.625720146,2639148.770616421],[4519943.673222254,2639628.484361029],[4519401.60294894,2638844.862847468],[4519608.137861064,2638330.328244039],[4520396.300851823,2637857.6225495264],[4520098.342243673,2637131.065056406],[4520229.599454651,2636352.7807814805],[4519828.318567104,2635916.35391681],[4517900.864842499,2636435.493991367],[4516515.635011513,2638408.75595281],[4514658.971732158,2639165.2263748497],[4514258.476474207,2638796.837317865],[4514080.534121559,2637904.3990392652],[4515247.778603614,2636862.7025954914],[4516093.954254346,2635043.406790788],[4515693.571310457,2634576.292488889],[4513886.06086443,2634937.1514082495],[4513183.797463448,2634422.610036959],[4511256.09929048,2633777.213787033],[4510514.164344485,2633096.8537531076],[4508966.143401013,2632237.1528523397],[4509639.57361031,2634905.2171562067],[4509758.231202218,2635951.257029225],[4510335.286170026,2636589.6460364545],[4510069.084659289,2637422.8225116483],[4510606.877158545,2638965.505222216],[4510408.517570592,2640167.422257902],[4509659.162188224,2641172.086170551],[4509091.299369522,2641292.104500177],[4508627.39022255,2640943.296550597],[4508721.160919606,2639949.2534896084],[4508333.611995256,2638583.478621123],[4506525.040593375,2635457.7253143582],[4503744.111145258,2636681.896133211],[4503108.564797972,2637540.121664212],[4501974.544205881,2637067.840888223],[4500765.204979735,2637358.343419298],[4500344.758598266,2639519.9134514118],[4499325.494340959,2640980.758224466],[4499297.618443323,2641655.0451223487],[4498377.99310401,2642005.8769080187],[4497728.301913602,2641651.293910463],[4497423.813364085,2641007.955164632],[4498351.443960754,2638986.483628865],[4498307.646623392,2637183.0202414687],[4498583.3318420015,2636546.436820772],[4497114.312577389,2635832.399011175],[4497051.056386504,2633745.1059228536],[4498203.807754562,2633475.7316870173],[4498951.877752947,2634395.5163763333],[4499669.273454136,2634544.856860919],[4500765.482292754,2633894.1494404785],[4503142.074123109,2633237.2296662056],[4504779.360294209,2632584.911904024],[4504240.882260778,2631145.0372128477],[4502925.822829967,2631276.988279961],[4502337.492756669,2630713.9057150916],[4501157.495327823,2630428.216142033],[4501024.52548227,2630301.921109027],[4500735.580323004,2631406.6967742536],[4500523.232913345,2631575.9916371545],[4499918.832376115,2631532.529047186],[4499442.1294424,2631811.6860639118],[4499020.543786207,2631864.8580422993],[4498560.615582136,2632101.7301961505],[4497756.157948269,2632300.6924709566],[4496911.40928767,2632143.839637355],[4496512.149163426,2632239.2247951906],[4495588.870675745,2632107.4675617707],[4495293.345280617,2632195.3318442423],[4495096.5629857285,2632393.3202859573],[4494771.769461753,2633231.298170524],[4494732.968679746,2633683.3217764786],[4494923.780715074,2634067.6667260253],[4495234.710687111,2634346.34874159],[4495391.965744995,2635013.0523590436],[4495324.044921351,2635340.8141082423],[4494897.684370967,2635987.027126789],[4494869.173832519,2636281.6928058444],[4495382.161384242,2637259.15243899],[4496137.176318229,2637981.786130923],[4496496.3892673245,2638563.2418870637],[4496386.299380958,2638835.8034050064],[4496039.419918257,2638931.37496951],[4495850.349195632,2639087.0538743297],[4495696.743110032,2639598.342597177],[4495476.158731572,2639879.6608234383],[4495208.787135927,2640789.8915273454],[4495279.623167009,2641247.573838945],[4495215.33554533,2641514.6467078216],[4494702.239042119,2641813.961612267],[4494183.555445425,2642351.20963633],[4494093.4144238485,2642644.3392886184],[4494171.490353646,2643128.6020330694],[4494114.618313105,2643301.2496063598],[4498506.877695723,2643580.871015796],[4499349.304346302,2643608.237450931],[4499463.66159497,2643537.883370975],[4500277.9302034415,2643646.6737983376],[4501529.232833549,2643556.9494423456],[4503172.417225306,2644047.7582909036],[4504238.568429705,2644767.0720633245],[4506756.898005893,2644878.650007603],[4508758.218528469,2643980.5176089173],[4509626.4469551565,2643436.9383467063],[4509871.492475082,2642952.9890868734],[4510054.637843395,2641978.6833434226],[4510164.995246968,2641816.875222623],[4511368.298338373,2641785.2569586663],[4511853.580629135,2642054.85241705],[4512786.645483547,2642159.103233936],[4514851.67245539,2643250.3193314425],[4516495.826298756,2643342.578100487],[4516823.235481424,2645110.4326428156],[4517435.951997443,2645351.823065039]]]}},{"type":"Feature","properties":{"flugjahr":"2022","gebiet":"Tirol"},"geometry":{"type":"Polygon","coordinates":[[[4504752.832703865,2625931.205121338],[4506435.009248829,2625280.712854593],[4507789.825308146,2625544.1079497873],[4507946.665884922,2624552.1578034433],[4508327.83571372,2624163.0936435284],[4508859.175965633,2624159.414948708],[4509488.371870504,2624629.379551155],[4509973.785543385,2623894.3602119787],[4511036.019631136,2624096.756182257],[4511980.332647458,2623416.1901791147],[4512892.753288008,2623976.5299484828],[4513682.907348813,2623072.160877757],[4514297.313794172,2623315.944679117],[4514782.6161463,2624377.7506735036],[4515585.697849759,2624499.255960932],[4515474.590181535,2622345.911523102],[4516510.062189537,2621595.616032368],[4517671.0116077745,2622279.43446815],[4518213.393430844,2623325.694683166],[4518855.1467104405,2623195.419171621],[4518720.87288489,2621928.47229564],[4517683.225252464,2619710.8575338065],[4518015.190902465,2619373.0739202527],[4520656.206238175,2620051.9698264026],[4520785.648507191,2621495.9905092786],[4521107.937110562,2621837.068643761],[4521544.0403502295,2620593.098808927],[4522078.20863728,2620441.67605881],[4522790.724553285,2620757.7547883713],[4523586.561650752,2619826.896151372],[4524589.4666384775,2620057.261954766],[4525239.974784112,2621016.4838914378],[4525876.565479847,2620574.67870547],[4526452.367268257,2620653.0376149574],[4527278.338573248,2622372.6679871157],[4527282.944203453,2622116.589965601],[4527475.600254634,2621774.0055336687],[4527435.393589842,2621384.1178368125],[4527628.485446516,2620607.3793431744],[4527580.222333906,2619563.5150005706],[4527451.926192978,2619338.9279403463],[4527222.080427152,2619206.6831131596],[4526459.403845918,2619048.7152419253],[4525852.593447414,2619189.68551485],[4525100.444922956,2619185.668710645],[4524547.536116569,2618951.1763422326],[4524235.858495615,2618684.2238954585],[4523431.451833452,2618507.317331479],[4523181.175202128,2618540.197244984],[4522480.561198136,2618881.916112514],[4522100.302940891,2619423.511519992],[4521951.3261867855,2619486.40150323],[4521744.314786094,2619462.605715416],[4521316.327569254,2619150.0120767388],[4520538.036124555,2618870.696474673],[4519695.624148076,2618896.835155118],[4518652.994233532,2618799.034873594],[4518192.575296458,2618356.098561934],[4517969.543391148,2618257.3654856095],[4517081.456459738,2618360.3852977986],[4516749.095987797,2618556.200592056],[4516535.709882487,2618915.13535631],[4515824.935927601,2619141.7451460357],[4515018.001016877,2619936.8703696523],[4514340.08480306,2620315.1225171294],[4514075.996792711,2620780.1180240004],[4513869.390171967,2620913.1311348993],[4513483.063907851,2621058.150616084],[4512655.78108083,2621048.6136443084],[4512215.320270773,2620896.7092026826],[4511754.185387332,2620843.1136174263],[4510896.534879972,2620865.6407686477],[4510497.949343679,2621067.4946350968],[4510166.755037674,2621806.9086282398],[4510059.00423377,2621901.1380718537],[4509444.799358369,2621876.0163067104],[4508479.137367424,2622169.697737707],[4508099.529020098,2622029.6738252593],[4507806.032221569,2622064.6575704296],[4507437.461279123,2622280.5610260013],[4507104.259580757,2622598.3491162444],[4506600.823780489,2622775.258965911],[4506296.731257558,2623146.6222117944],[4505474.747216783,2623412.2561242534],[4505029.733260238,2623872.597654354],[4504559.714367565,2624077.613249597],[4504244.118139326,2624399.87845652],[4503116.541225744,2625079.1793963728],[4502675.811907102,2625562.98086747],[4503448.281517557,2625861.177707681],[4504752.832703865,2625931.205121338]]]}},{"type":"Feature","properties":{"flugjahr":"2022","gebiet":"Tirol"},"geometry":{"type":"Polygon","coordinates":[[[4540333.711699139,2631233.069898488],[4539640.045109585,2631144.6199450307],[4538603.066463789,2630021.54947766],[4538378.655124205,2629890.016858142],[4537670.595904819,2629732.4627839862],[4537002.6171362875,2629918.2249992094],[4536046.99336419,2629759.9658608893],[4535813.514168483,2629877.9228600347],[4535797.826892578,2630240.707152174],[4535644.312092618,2630233.8648420377],[4535583.125284327,2630456.6616819883],[4535392.987807747,2630529.4903913047],[4535112.685069847,2630389.834401275],[4534588.055126569,2630301.3050547615],[4534226.029677294,2630047.954925278],[4533435.746508339,2629993.9363976945],[4532601.192350843,2629681.9104963],[4532042.682136762,2629717.3587790243],[4531714.657529478,2629442.515072002],[4531308.564385649,2629353.6338504246],[4530734.475508229,2628763.0894670417],[4530445.89711235,2628654.5820053],[4530023.066135901,2628693.350757477],[4529665.925783132,2628874.640709107],[4530258.278024695,2629670.076593231],[4530088.595401422,2629894.0270404695],[4528933.974776116,2630261.204004447],[4528187.674681081,2630298.77988213],[4527793.98894239,2630591.276211309],[4527868.383008714,2631131.1648620297],[4528693.364805019,2630923.7611222686],[4529125.2043659,2631054.0495315674],[4529287.814659621,2631339.127802945],[4528415.043701392,2632030.6061954615],[4528117.56550986,2632520.842609399],[4528374.280394479,2632795.034057605],[4529834.648567705,2632765.638811616],[4530478.3721317435,2633480.5139803845],[4531676.970807216,2633336.9406010825],[4532357.231149239,2632973.2607059227],[4532536.003534346,2632434.4631712693],[4532301.649229022,2631454.8755134433],[4532142.256930095,2631156.7001912827],[4532430.878931911,2630918.171143275],[4533263.728156114,2631272.807147086],[4533186.404023986,2632233.149322175],[4533567.60409289,2632793.427355653],[4533913.464421043,2632776.616606869],[4534198.8399997065,2632250.5428295597],[4534482.779757556,2632197.03938075],[4534626.695162921,2632699.6117389854],[4535019.988339753,2633166.775915453],[4537276.629778162,2633219.3953920836],[4538123.735104148,2633106.041763975],[4538423.038113821,2632682.357665729],[4537724.713935273,2631928.1035057227],[4537542.631056276,2631159.2125177793],[4538283.072226413,2631274.925748782],[4540250.800578672,2632667.61700436],[4540947.951722884,2631802.367729189],[4541064.866354573,2631479.9495894155],[4540333.711699139,2631233.069898488]]]}},{"type":"Feature","properties":{"flugjahr":"2022","gebiet":"Tirol"},"geometry":{"type":"Polygon","coordinates":[[[4543935.530394983,2638884.782445767],[4544577.613234351,2638309.0655248957],[4545352.824266603,2637933.2623338914],[4546013.197509522,2637394.062596706],[4546859.693848508,2636862.2855865513],[4547454.092416303,2636746.64487218],[4547730.516229031,2636565.457549143],[4547974.733456161,2636089.302171762],[4548101.6646967875,2635295.2196935555],[4548087.433951479,2634888.0266769677],[4547738.921278151,2635033.5990557745],[4546872.986765327,2635959.9095868547],[4545452.48960231,2636340.197801712],[4545105.199511768,2636938.752458851],[4544072.350987621,2637539.472610755],[4543482.732449775,2638432.6757553346],[4543450.390059023,2638693.7994466075],[4543935.530394983,2638884.782445767]]]}},{"type":"Feature","properties":{"flugjahr":"2022","gebiet":"Tirol"},"geometry":{"type":"Polygon","coordinates":[[[4526593.5053577935,2631070.711687195],[4527115.731893962,2628812.6767368703],[4526190.456014813,2628131.5023377994],[4524833.235872869,2628134.657985309],[4523231.514225317,2628889.029007324],[4522337.463466605,2629502.577370777],[4522662.435777162,2630282.0217963327],[4523253.621000813,2630456.784195074],[4524087.724581514,2629710.5207493408],[4525751.817977649,2629479.867492618],[4525778.334909334,2631288.4681562292],[4526174.191083423,2631941.122550849],[4526649.836608601,2631729.430222611],[4526593.5053577935,2631070.711687195]]]}},{"type":"Feature","properties":{"flugjahr":"2022","gebiet":"Tirol"},"geometry":{"type":"Polygon","coordinates":[[[4522149.074527649,2627930.7110557477],[4521718.145896617,2627107.1836087946],[4518043.168884507,2627261.513474221],[4520092.224778365,2629058.1627270263],[4521580.576429459,2628328.8155534095],[4522149.074527649,2627930.7110557477]]]}},{"type":"Feature","properties":{"flugjahr":"2008","gebiet":"Tirol"},"geometry":{"type":"Polygon","coordinates":[[[4542923.541277026,2639192.321672299],[4543398.971241599,2639108.9404041227],[4543587.890100156,2637583.6790240104],[4543431.343772619,2636718.773682109],[4543020.093982542,2636962.9394738204],[4542923.541277026,2639192.321672299]]]}},{"type":"Feature","properties":{"flugjahr":"2021","gebiet":"Tirol"},"geometry":{"type":"Polygon","coordinates":[[[4479407.517751404,2709040.4171792422],[4480691.206949347,2707138.24722168],[4480759.339806245,2704722.6257653977],[4480547.118369163,2704269.353184449],[4480229.940410522,2703903.5015413533],[4479835.150787054,2703843.753906759],[4479187.022447811,2703885.1079807547],[4478852.494273469,2703432.744837686],[4478621.141462437,2702660.0359240766],[4478578.902145245,2702193.9959953604],[4478677.936760282,2701854.067227964],[4478984.425642214,2701421.488815126],[4479668.333763208,2701240.191385763],[4479926.2204126315,2701281.3140558116],[4480274.005979525,2701481.8239691476],[4480535.963359627,2701529.433606638],[4480841.887587222,2701458.3605260765],[4480983.953225979,2701075.623951885],[4481098.725797756,2700188.1654997612],[4480946.472535456,2697857.7476963513],[4480683.927038695,2696817.851376368],[4481332.062679741,2696232.122227166],[4482221.035707596,2696316.5536394753],[4482661.411230612,2696938.0232401015],[4483092.337097782,2699209.8865919495],[4483010.551006797,2701703.320276031],[4483732.394736499,2702241.06322641],[4484558.738162778,2702411.053556518],[4485999.532254259,2700861.808675153],[4486891.555474024,2698921.829792126],[4487625.492833282,2697670.408856656],[4488127.2520471485,2696589.696310911],[4488898.048181349,2694505.58319108],[4487799.2449651435,2694732.1767209824],[4487832.151301859,2694494.4532166114],[4487661.673361498,2693129.4826376312],[4487330.007550089,2691573.146450591],[4487231.507171851,2689374.0024507297],[4487009.376734553,2689414.3156753834],[4486736.781911212,2689613.119012728],[4485947.6295890985,2689546.4611646803],[4485200.649604954,2689780.6100413576],[4485126.140004986,2689750.7522561625],[4485032.861415774,2689408.617531086],[4484544.55291431,2689190.2978671696],[4484284.4550259905,2688811.6796832634],[4483775.01683535,2688527.607793751],[4483457.626647518,2688160.74371236],[4483271.496278114,2688109.7947052377],[4482695.47631482,2688373.8185543427],[4482518.836811349,2688561.8708020877],[4482466.964008325,2688767.5783233903],[4481981.561778731,2689033.9432496727],[4481906.676713698,2689252.6302689873],[4481571.786349162,2689644.8061624994],[4481130.079136189,2689839.314045694],[4480879.89220039,2689800.8296720777],[4480460.376884275,2689210.85317289],[4480414.281017906,2688773.42546025],[4480131.9770820625,2688609.76556277],[4479906.109386498,2688352.6997015346],[4479759.760035506,2687844.0354328947],[4479533.266121601,2687644.780862015],[4479279.788203781,2687607.0918142293],[4478944.007643759,2687329.765174454],[4478740.476880843,2686936.2414682116],[4478705.476956191,2686300.2904249467],[4478778.789340587,2686108.6266765287],[4479032.348400293,2685960.6188538824],[4479565.880340381,2685405.826177502],[4480198.373798569,2685271.427010631],[4480394.850010989,2685132.738678755],[4480537.0268685445,2684944.3578211763],[4480571.143735392,2684666.517634432],[4481217.974168794,2683315.356395131],[4481174.188082765,2682917.8868053216],[4480872.153037515,2682491.8304601284],[4480392.560835851,2682020.600762555],[4480281.620806945,2681370.995025947],[4479907.542061023,2680570.5954411626],[4479517.433593815,2679992.520387455],[4479578.90975472,2679589.052560463],[4479718.633495119,2679431.082173747],[4479747.845774878,2679259.5668084836],[4479503.806546318,2678837.5776430992],[4479576.630951991,2678584.1612704955],[4479550.026391995,2678297.20815352],[4479204.245061314,2677844.2086662697],[4479177.491078136,2677638.8807640984],[4479327.291067136,2677465.373321811],[4479328.292797687,2676998.7885984555],[4479643.619394359,2676540.5293905493],[4479773.913548354,2675982.773085455],[4479778.130282724,2675718.2803578004],[4479568.434165159,2675286.750763393],[4479955.443329871,2675046.500358512],[4480091.277198274,2674530.9233627333],[4480180.887374632,2672676.3302102694],[4481357.147570297,2672113.9155167053],[4481552.934385692,2671891.379840576],[4481694.233819568,2671587.802826493],[4481727.235035294,2671181.736844237],[4481826.111994093,2670960.4545334214],[4481834.460016812,2670037.4718514187],[4482612.206157393,2669158.5088002994],[4482894.590940573,2668653.9161348655],[4483048.695566303,2667938.7437256947],[4482918.375589244,2667708.8607306005],[4482780.227619939,2666727.6062915027],[4483008.58857905,2666524.830944505],[4483604.615084978,2665450.3804743784],[4483571.091396533,2665110.349943879],[4483393.250449167,2664805.118979575],[4483203.432784362,2664685.486228762],[4482982.090683997,2664726.358664563],[4482066.392411069,2664189.69706993],[4481032.890569728,2664633.7448911974],[4480756.748527346,2664708.8619933664],[4480495.625014953,2664671.7406250807],[4480316.972577951,2664578.8233476495],[4480250.459093311,2664321.441519423],[4479848.321081972,2663916.2617341084],[4479482.315481346,2663764.075101525],[4479291.962589597,2663340.081958852],[4479177.046782731,2662723.8877460826],[4479034.644422642,2662550.341146044],[4478818.133185003,2662506.5544408304],[4478550.099987649,2662613.168785433],[4477555.614985444,2662429.2253267504],[4477392.226360355,2662489.5729911802],[4477217.691871584,2662693.875456976],[4476458.730975472,2662706.063321922],[4475944.059121645,2662405.8186631985],[4475632.590109504,2661568.5076725953],[4474762.860283474,2661103.385185702],[4474270.027615839,2661068.4590876047],[4472767.72178834,2661286.96564644],[4472014.106001789,2661000.9827053007],[4471781.2466917755,2661068.4817856243],[4471544.521310487,2661252.0408128565],[4471323.624580527,2661109.823728309],[4471021.833750715,2660464.2717967527],[4470840.422149967,2660274.8769986695],[4470217.252056857,2660215.843969006],[4469890.523718016,2660411.7459147642],[4469625.28575022,2660056.464922425],[4469498.7465904895,2659683.2135203774],[4469224.761684558,2659439.2283743126],[4468955.583960508,2659432.2268574014],[4468548.602083285,2659736.2067220663],[4468065.437186656,2659841.635154197],[4467658.940530196,2659565.366891235],[4466976.583327206,2659326.265079756],[4466841.863564903,2658907.6910212343],[4466453.069801526,2658747.0821207752],[4465581.400437779,2658078.447533761],[4465179.8594376035,2657461.106388451],[4464913.000180426,2657382.148318586],[4464166.623393629,2657369.0541000236],[4464053.283401183,2656999.1868227264],[4463774.796181203,2656724.889594439],[4463552.919371419,2656681.0205553165],[4463259.5815299135,2656830.803013547],[4462782.656312554,2656481.5852495213],[4462155.023873579,2655578.9673823277],[4461968.853684712,2655528.0481337016],[4461523.089758718,2655609.3495570384],[4461368.738010191,2655501.6139043756],[4461290.353443269,2655248.4317922723],[4460927.070974895,2654748.5686185756],[4460460.934222972,2654630.046832313],[4460163.659936149,2654680.2164133294],[4459244.312591934,2654327.452755716],[4458728.434149816,2654347.300119589],[4458310.382317143,2654463.5481220367],[4457735.895912579,2654412.5910732867],[4457366.745253998,2654292.263037615],[4457108.356156609,2654322.6059957775],[4456884.412357007,2654455.9566127174],[4456763.540661821,2654219.509699058],[4456539.172523505,2654127.295573639],[4456190.757670633,2653797.1548732687],[4455848.128835611,2653152.737465372],[4455727.023684397,2652590.711325947],[4455557.056480503,2652400.9963548044],[4454623.599998416,2652209.5695068515],[4454386.628400928,2651978.7487956574],[4454129.345458406,2651874.150958213],[4452371.034769072,2652291.148578489],[4452004.182724132,2653195.452821658],[4451559.419930435,2653614.3449428943],[4451413.460450366,2654049.221260269],[4451148.692635847,2654449.6756250784],[4450382.916432343,2654415.136862817],[4449542.454642364,2654680.6214111904],[4448759.300749491,2654373.0188720194],[4448520.544392542,2654365.2494147904],[4448358.597003958,2654447.855574656],[4447630.163230068,2654274.8084744173],[4447295.539081011,2654590.6530399695],[4446278.2135064695,2655021.934465532],[4445995.320459247,2655286.852371756],[4445252.65917368,2655531.304363342],[4445070.462307092,2655915.4776942404],[4444796.487293708,2656127.5354622304],[4444625.275122476,2656452.1645876095],[4444361.74307901,2656368.4626153214],[4444010.921962691,2656470.7536604363],[4443698.272566955,2656353.973308866],[4443260.041221798,2655906.7915093536],[4442853.015120153,2655706.8998334017],[4442132.724759047,2655670.479229197],[4441626.837054672,2655345.1845313413],[4441680.783405278,2655008.60039134],[4441542.243974334,2654770.1487482297],[4440713.341896528,2654322.953999066],[4440274.92996592,2654224.0424919],[4439989.113703752,2653974.6613467294],[4439322.544201983,2653920.1606948343],[4438770.389115862,2653577.5069297934],[4438684.915172993,2653396.0629044008],[4438465.375904807,2653265.126323338],[4438077.084500496,2653203.8750898708],[4437732.193945874,2653380.1321774116],[4437477.098046739,2653691.5569423786],[4437416.208811878,2654143.768754612],[4437009.2807705905,2654520.3443300403],[4436647.589876929,2654650.393809528],[4436420.993813826,2654945.881502763],[4436150.797437093,2655109.9991945187],[4435995.693574709,2655508.214422501],[4435577.005692034,2655753.763939196],[4435596.42289252,2656565.4551588893],[4435125.635991731,2657846.8453872288],[4434974.459868835,2657977.827543388],[4434432.815227421,2658188.5235172594],[4433845.977800703,2658750.446697716],[4433818.091314402,2659421.601370805],[4433944.181019725,2660167.3400675617],[4434254.593022118,2660491.580674497],[4434187.773785402,2661310.0220302674],[4434104.593658796,2661342.205161695],[4433962.872622895,2662176.297644123],[4434073.361370979,2662661.49895126],[4434050.910542826,2662988.6685425527],[4433867.654178505,2663435.000677037],[4433807.906636768,2663910.4504276733],[4433669.440725575,2664018.404776082],[4433500.087199115,2664779.8911079923],[4433331.458635861,2664964.0525749624],[4432997.041243242,2666021.0961665986],[4432403.600225016,2667105.8712132135],[4432537.52136933,2667148.034508176],[4432399.044693365,2667691.66230043],[4432243.648279041,2667833.684097481],[4431905.424470312,2668616.4867232377],[4431801.8756241035,2669051.831533162],[4431967.262382475,2669895.8094259324],[4432349.561090422,2670677.6126203095],[4432285.090657332,2670806.6522539975],[4432274.33171946,2671399.6013643425],[4432008.037285112,2671762.572483542],[4430768.304419471,2675093.629405389],[4430791.876095608,2675208.6196338367],[4430453.1972519355,2675807.6843313407],[4430462.1571966205,2676027.984112506],[4430281.640634853,2676188.6566078123],[4429332.649256815,2676559.831333744],[4428784.442649445,2677655.7401999077],[4428476.618543668,2678573.1871362347],[4428498.958791855,2679003.077356196],[4428696.545105842,2679548.7243791358],[4429436.305865895,2680287.64856797],[4430062.8992506135,2680458.3788828105],[4430330.901652475,2680693.315716518],[4431017.08916583,2680901.22917497],[4431313.625956827,2681105.768121491],[4435290.600647295,2682695.2492518406],[4437046.224895113,2683202.258098156],[4440426.970279177,2683836.8718150533],[4443948.104658531,2684719.7226673635],[4444607.399780272,2684961.9007530096],[4444737.925036549,2685089.470520911],[4447672.704258022,2686467.055781494],[4447921.51516853,2686436.3522209637],[4448398.390150608,2686656.1766598527],[4448808.836467442,2687195.6683852538],[4451996.902942971,2689787.6515403427],[4452278.043079922,2690689.85870461],[4453063.358599171,2692563.504676002],[4454394.567811814,2695210.9136535362],[4456610.253711902,2697596.609399814],[4458468.509958244,2698824.1248609885],[4459139.390143237,2699041.4215974314],[4459185.445660836,2699315.094560439],[4461345.616127095,2700703.898908697],[4465035.876640014,2702362.0656118253],[4465096.644186434,2702499.6979937595],[4466135.882411161,2703338.484358304],[4466421.207942494,2703868.194293282],[4468165.350367531,2705747.498361627],[4469716.411125874,2706949.769192295],[4470114.3782609645,2707162.9995813384],[4472339.237280118,2707885.6321862647],[4472447.845972989,2707731.8730072933],[4472876.394942948,2707841.763722995],[4473686.762380106,2708233.53710541],[4476800.131259367,2708855.102128276],[4478088.074746688,2709778.546006786],[4478784.368955252,2709589.614495959],[4479407.517751404,2709040.4171792422]]]}},{"type":"Feature","properties":{"flugjahr":"2022","gebiet":"Steiermark"},"geometry":{"type":"Polygon","coordinates":[[[4740268.666536859,2626119.75788484],[4739349.736200993,2626402.211266009],[4739126.279548243,2626568.538874399],[4739071.140968436,2627027.4902307764],[4739171.546096207,2627435.9912205157],[4739092.777127924,2627610.5220748335],[4738901.9059881,2627704.161932151],[4738454.058316693,2628211.521981995],[4738427.488464592,2629139.755699289],[4738189.114990617,2629286.300938168],[4737738.454296737,2629052.2827163693],[4737376.958279404,2629028.5118970014],[4736801.522981113,2629344.7997543784],[4736530.251540834,2629747.879940113],[4735916.204526808,2629766.997075455],[4735741.979181078,2630011.872854804],[4735734.653757291,2630567.534529304],[4735441.024734861,2630590.571563636],[4734921.106443459,2630468.423027709],[4734309.914636859,2630294.1432916676],[4733979.886437455,2630107.424350607],[4733510.124889816,2630153.671551403],[4733150.353030393,2630003.048708154],[4732697.592726065,2630012.1168065295],[4732280.292235451,2629746.904589121],[4732008.595079724,2629754.197086575],[4731815.739367006,2629873.497094298],[4730903.030364152,2629852.363881097],[4730742.592604896,2629959.1463730047],[4730663.080571839,2630169.532961831],[4730143.937943154,2629713.7840956897],[4729749.164270046,2629711.4533255184],[4729404.242100485,2629910.7902395595],[4729184.032246369,2629808.5031096144],[4728948.862487242,2629845.4999957755],[4728812.152203571,2629592.42823554],[4728501.9668556135,2629324.1513306503],[4728223.168977066,2629237.061309836],[4727796.62945259,2629378.611542278],[4727449.324054525,2629694.1001352714],[4726837.82512237,2629737.1237155404],[4726403.962580283,2629634.2797651263],[4726044.43051406,2629259.7943795724],[4725756.4456265215,2629139.8186931293],[4725605.827983074,2628818.6799730333],[4725163.179255101,2628562.3838734515],[4723935.078528059,2628572.36644628],[4723329.765201312,2628257.5661255694],[4722665.980135484,2628163.4838244314],[4722437.061484133,2627973.9638096117],[4721930.748244729,2627846.4901595223],[4720976.798315405,2628215.163569711],[4720511.700965738,2628062.33796833],[4719507.137234837,2628325.228273498],[4719234.674949326,2628278.6351737203],[4718821.125785469,2628357.8469912247],[4718283.419575281,2628705.4836973017],[4718078.870095008,2629098.692430277],[4717623.65988503,2629382.9306425923],[4717086.526414525,2629162.768690339],[4716520.439357072,2629104.655664941],[4716314.483521299,2629187.680276138],[4716136.153438102,2629437.8919708948],[4715639.699290401,2629223.014744231],[4715415.570820408,2629300.8268265575],[4715266.908597005,2629487.1901440076],[4714917.73505679,2629588.3133698865],[4714844.406767734,2629417.8853087667],[4714602.898607189,2629248.8625530223],[4714430.8933490915,2629220.1308473945],[4714272.5345287025,2629291.360751616],[4714061.436323383,2628643.405579766],[4713628.780321889,2628449.439153144],[4713263.7603911,2628599.4667551387],[4713139.430560599,2628889.185454796],[4712806.77159892,2628817.967662953],[4712463.052214411,2628981.6124006454],[4712127.79563438,2629395.169913275],[4711719.847104496,2629081.5747953183],[4711499.064426683,2628723.234621502],[4711306.986261384,2628615.2652620743],[4710861.779420927,2628551.2315942748],[4710374.903228962,2627784.9526972687],[4710136.628551466,2627667.1017658594],[4709840.385961368,2627791.445759527],[4709396.172336048,2628141.55334268],[4709125.723504199,2628142.852283774],[4708622.979023998,2628363.5126221],[4708480.212725935,2628545.35198165],[4708356.346362713,2629177.605566903],[4707692.997739416,2629311.8623916944],[4707192.973677218,2629967.3576359944],[4706275.843306403,2629722.4618588816],[4705777.7105095545,2630017.4158162777],[4705384.467897155,2630131.229286105],[4705177.283100284,2630344.848656647],[4705056.895614226,2630644.6142546963],[4705092.821261136,2630951.839203731],[4705301.857947281,2631303.578836362],[4705614.636712158,2631521.4157175575],[4705729.857081043,2632383.681999498],[4705692.979613159,2632857.411136426],[4705795.394510301,2633125.3639779845],[4705747.630980368,2634522.4218212035],[4705994.449343323,2635141.6661722613],[4706407.125173417,2635534.7655960536],[4706248.912383516,2635962.65908236],[4706238.849065329,2636259.5280399304],[4705895.518123911,2636485.135568707],[4705681.659939784,2636878.7814526274],[4705698.8406127505,2637052.1341201663],[4705994.223847841,2637603.7836003196],[4705395.404809271,2638371.185011014],[4705218.58744839,2638814.4682296235],[4705288.872234355,2639366.4563686764],[4704931.258076848,2639835.83310064],[4704840.940404781,2640101.4040416535],[4704802.350759996,2640506.5572210136],[4705005.347091941,2641062.511905209],[4705006.442167441,2641298.2443308206],[4704726.441315272,2641505.826641783],[4704309.619606758,2641539.4834806807],[4702594.646476256,2642058.951025596],[4702396.625097971,2642272.1378326043],[4701520.954781336,2642312.077126395],[4700854.780215601,2642647.524691575],[4700722.094188137,2642877.064072068],[4700916.419752766,2643653.1016637683],[4700829.790566869,2644193.9449155424],[4700951.075351567,2645139.627314658],[4701064.374051665,2645465.335151229],[4701392.456672061,2645845.21245276],[4701521.496761072,2646445.9646017193],[4701549.583712842,2647256.62357966],[4701737.070985119,2647440.321372333],[4701990.202843512,2647963.9223031015],[4702793.675997357,2648520.7243028926],[4703245.913705336,2648647.9864005395],[4703391.526520781,2649369.8662813376],[4703608.326496346,2649808.0860797027],[4703236.999124711,2650092.4534754883],[4702772.497494295,2650775.100801551],[4702618.668721247,2651560.4383055954],[4702713.294946793,2652619.293577669],[4702537.58668486,2652872.6331268363],[4702464.99210713,2653323.698329027],[4702530.119157033,2653728.702221579],[4703033.107641609,2654017.786994552],[4703142.096423287,2654265.097369343],[4703237.209200475,2655060.3425839487],[4703515.576097772,2655993.171879086],[4703499.02499754,2656296.506741299],[4703744.7113877665,2656743.7244516537],[4703660.816418834,2657015.19897132],[4703177.333883048,2657493.6142890668],[4703106.046689579,2657916.315511742],[4702945.286316792,2658144.862684597],[4702426.157679651,2658462.3712574895],[4702029.745188321,2658949.4877312714],[4701483.588464201,2659138.0777103687],[4701045.622611078,2659632.477332729],[4700843.360233847,2659965.4461256647],[4700881.503219098,2660221.4462999147],[4700585.661956877,2660569.7247032253],[4700441.762323691,2661131.671505976],[4700250.975179506,2661469.7795632193],[4699795.921660209,2661918.8029022166],[4699664.936745901,2662604.8841091176],[4699537.9619217105,2662840.378033615],[4699335.629648248,2662926.3957611048],[4699162.720778128,2663116.0754430112],[4699015.050237508,2663699.027220008],[4698642.508935979,2664212.332889402],[4698647.704030015,2664530.9674541606],[4698296.958442111,2664799.9970640577],[4698144.14009765,2665142.3218171652],[4697651.434762768,2665338.8167770095],[4697443.923973202,2665533.091210718],[4696957.950911789,2665471.838754048],[4696426.33606986,2665522.7730900645],[4693833.905762691,2666165.403133463],[4692940.364549243,2666951.4388165227],[4692506.967014615,2667080.353366582],[4691884.677638719,2667970.7207220383],[4691544.91943901,2668219.217733726],[4691356.28647918,2668472.4382948056],[4690852.806672433,2668628.216271439],[4690140.624883346,2668663.6897076825],[4689981.88362065,2668735.25996966],[4689752.4367130855,2669073.24675808],[4688647.900793153,2670152.5046085883],[4688573.034634803,2670738.403426921],[4688784.075594867,2671485.2632885776],[4689310.330951495,2672460.703600845],[4689483.467629132,2672546.3441197397],[4690346.084582304,2672578.8016904886],[4690347.087537558,2673200.517166012],[4690477.910369888,2673834.7069770275],[4690605.220888185,2673979.966878442],[4690801.156100895,2674016.8928187797],[4691017.998089977,2674828.114831865],[4691360.413828907,2675103.5802082596],[4691637.223386831,2675858.896497522],[4691859.197259295,2675918.770855923],[4692497.75005612,2675759.6399413715],[4692912.017705224,2675526.4191407766],[4693366.487153474,2674981.7134267287],[4694124.984011542,2674858.1153195174],[4694414.706099011,2675470.0870094723],[4694668.507960694,2675754.032727423],[4694130.615741097,2676433.0619219653],[4694079.83951878,2677185.4622291084],[4693897.495286585,2677692.8176432876],[4693940.651619486,2678010.449181922],[4693827.045402841,2678457.5833329293],[4693831.132326532,2678982.7288818797],[4693927.687258578,2679149.9593307427],[4694286.660041447,2679362.5064489297],[4694513.762344535,2679735.0135637615],[4694813.732034372,2679861.053561946],[4694781.255556782,2680170.166483215],[4695069.068811989,2680600.852233158],[4695439.302196255,2680990.8346165796],[4695853.183273734,2681218.7413442675],[4695804.211213567,2681653.085401916],[4695507.668690833,2682340.3275290825],[4695523.863150915,2682783.7135328394],[4695690.017202138,2682982.3511698856],[4695721.105652544,2683164.443925787],[4695679.200649531,2683869.573163816],[4695842.730636061,2684003.995696607],[4696410.414966241,2684133.5883678924],[4696607.258993417,2684411.3481628317],[4696649.997471754,2684693.0667722756],[4697033.014419169,2685058.1788731706],[4697458.049110311,2685640.69564562],[4697701.646449238,2685841.638747775],[4698082.02850359,2685965.869316991],[4698349.82014471,2686337.096109736],[4698601.052047554,2686918.952529837],[4698852.353469844,2687199.668392065],[4699331.255628943,2688204.6929438305],[4699836.479726569,2688342.4195577228],[4700028.417893439,2688582.8276520697],[4700392.099164721,2688827.056431867],[4700602.571659416,2688806.789022738],[4700831.519694945,2688628.474751936],[4701013.388197951,2688640.8562213634],[4701400.556260294,2688860.616580624],[4701750.373967456,2688906.108495707],[4701719.4543045405,2689216.8864491857],[4701876.45718152,2689551.241882232],[4702460.5140369255,2689919.676980408],[4702787.72831062,2689949.516981001],[4702983.729595675,2690437.94923939],[4703159.585487605,2690635.6880892534],[4703653.639347806,2690882.1309320107],[4704089.857854307,2690950.7580641266],[4704532.488811634,2690936.872894285],[4704874.681854015,2690810.219688493],[4705227.258442211,2691151.9435241967],[4705669.6610717205,2691252.6113507967],[4706605.767193152,2691159.5477273245],[4707075.598475902,2691005.867096222],[4707413.06743491,2691143.0730196703],[4707966.887527777,2691091.663453168],[4708173.338451608,2690996.1523614433],[4708354.009279048,2690734.320981918],[4708604.189906588,2690759.4931397815],[4708991.029203196,2690960.489846763],[4709250.518287654,2690930.4677171204],[4709694.981366296,2691234.0350476126],[4709942.935809496,2691281.8290426135],[4710233.613748148,2691222.400503186],[4710568.508872309,2690989.710447098],[4710841.243011578,2690712.886264726],[4710933.940556103,2690346.5557225617],[4711213.882604079,2690297.915051857],[4711489.770710635,2690502.535166969],[4711815.890480122,2690579.8770491434],[4711996.301647205,2690539.1809217026],[4712229.917675661,2690686.4723457224],[4712453.145102452,2690666.5071034576],[4712867.331050737,2690791.896864876],[4713429.516396606,2690741.7129552844],[4713598.266282106,2691128.8125491887],[4713863.783811048,2691300.8953737314],[4714422.253877756,2691358.0274354243],[4714748.39948967,2691290.350922184],[4715201.300760747,2691420.243520856],[4715488.32151791,2691653.906316825],[4715777.177576433,2691665.809550046],[4716178.203149566,2691537.4954083916],[4716995.193168227,2691623.4427003413],[4717520.888539267,2691477.8728241115],[4717860.735330577,2691794.8077413146],[4718568.966443722,2691662.3830152573],[4719212.04392654,2691815.4014454936],[4719617.28019833,2691767.9014325673],[4720084.333007032,2691566.9089212264],[4720448.662122549,2691685.1961278818],[4720639.995128605,2691660.467794721],[4720915.350341095,2691321.2947320896],[4720975.9770331355,2691119.1678760345],[4721378.87626612,2690790.530345381],[4722211.340339262,2690857.0917206565],[4722917.303847232,2690773.1141694714],[4723392.964844359,2690817.558492638],[4724512.375520341,2690434.441934825],[4724780.666523054,2690553.679082754],[4726171.019329997,2692105.6696898676],[4726761.4978451915,2692283.997355617],[4727910.255945259,2692404.4248316535],[4729394.219923374,2692150.804316564],[4731788.609283574,2692443.3436175985],[4733357.010500242,2692815.9882916664],[4734417.595201935,2692902.176348977],[4735210.8036471205,2691852.040449077],[4735476.462788468,2690899.386793078],[4735353.65417667,2689917.112961184],[4735497.514864686,2689462.165873073],[4735805.911912458,2689031.2343050353],[4736264.616776682,2688777.214681456],[4736645.586910202,2688129.18198131],[4736893.015888079,2687887.58194688],[4737175.443650013,2687897.2944531455],[4737861.722287925,2687292.962956443],[4738386.733307015,2687178.890617181],[4738557.068178424,2687000.1250093016],[4739674.701139537,2686361.336383206],[4740211.549380161,2685884.38102498],[4740307.713732776,2685699.6378572513],[4740244.044988309,2685406.037950999],[4740373.4722510055,2685125.8695238857],[4740384.676733528,2684871.629647655],[4740446.590147334,2684776.647262184],[4740816.02024886,2684713.646525841],[4741174.742538117,2684272.75578855],[4741161.459006059,2683970.797570248],[4741028.801948477,2683705.797263522],[4741267.867100573,2683191.8776548286],[4742065.319378763,2682766.576434221],[4742309.786234795,2682428.6432140893],[4742258.047018549,2682025.924491929],[4741994.992496133,2681721.4857471893],[4742096.613993687,2681403.9588380335],[4742429.700398039,2681229.6609179443],[4742594.07245465,2681266.7570042764],[4742931.683485978,2681189.2044193414],[4743097.626301456,2680991.9021880883],[4743146.679102016,2680605.704981046],[4743825.169354606,2680569.5062995264],[4744044.331237158,2680452.4667431144],[4744488.512350907,2679874.654444166],[4744899.544447273,2679496.3636790453],[4744876.900870096,2679123.022396505],[4745057.07765315,2678819.842247114],[4745334.89807124,2678700.0452655065],[4745627.111010085,2678717.557930063],[4745842.379675981,2678559.360094552],[4746016.916918415,2678036.3130429457],[4745955.514556315,2677873.123565437],[4745674.277872239,2677609.37465923],[4745756.306952291,2677332.3757879827],[4746250.099397163,2677104.852599927],[4746543.826516435,2676733.449988752],[4747021.657683497,2676577.9250533516],[4747571.414621444,2676206.536436039],[4747748.282059722,2675790.3853548444],[4747819.491886418,2675099.872736652],[4747940.503343295,2674871.5806239108],[4747890.133527733,2674589.784893667],[4748333.17391741,2673501.5191126093],[4748546.938770083,2673544.2793274443],[4748836.217594466,2673471.3584502107],[4749259.006589832,2672905.578672962],[4750163.458975463,2672518.9888560916],[4750310.755783875,2672366.8016247116],[4750430.970656133,2672026.7686514873],[4750422.477600308,2671638.5016277786],[4750243.603504022,2671144.335794001],[4750517.416752795,2670896.1290949807],[4750649.86298695,2670569.074420881],[4750509.900473101,2669807.8559535826],[4750355.521827396,2669662.967823918],[4749842.361189634,2669554.4105909774],[4749651.354995793,2669681.5164148095],[4749559.546822769,2669973.4855793975],[4749263.190553651,2669999.891841755],[4749056.742988587,2670131.4302660087],[4748614.8142862795,2670015.801123212],[4748206.425566055,2670192.29286081],[4747396.346213446,2668829.686457957],[4747142.8223681385,2668711.8648952693],[4747050.464003633,2667777.5803448954],[4746865.066773288,2667467.323336124],[4746877.699277468,2666898.943337012],[4746500.612537898,2666373.472413785],[4746540.820304105,2665954.6437916574],[4746699.663672499,2665675.696293313],[4746710.582696923,2665175.4595134],[4747344.645418823,2664104.7624201607],[4747383.347730313,2663397.3275672295],[4747533.056624681,2662873.9936383907],[4747824.058301376,2662824.6821305663],[4747969.1268097125,2662697.8694830015],[4747999.351046091,2662160.67615078],[4748256.572221433,2661852.9797493815],[4748582.996333279,2661173.3559875414],[4748609.792863634,2660755.0928710233],[4748773.910839912,2660449.4039188023],[4748653.094247417,2659658.46167461],[4749087.4161015805,2659438.8355720737],[4749499.532530904,2659415.712342371],[4749707.270590053,2659120.5316902874],[4749973.874497709,2659028.3420163943],[4750176.025663164,2659048.4165443657],[4750388.3989584455,2659214.109565636],[4750686.430524772,2659170.7406277144],[4751339.520067895,2659266.8551685205],[4751795.59591476,2658972.2322072927],[4752113.503054561,2659066.8199370424],[4752796.266616015,2658979.700436976],[4753103.2058294425,2658679.468360708],[4753130.23772312,2658441.267055751],[4753409.790956917,2658619.913048542],[4753713.467740397,2658617.5816675588],[4753973.389378341,2658502.1929443516],[4754081.738981693,2658350.612481543],[4754082.285093418,2658149.7831654693],[4754413.383607913,2657824.4474292165],[4754353.160390711,2657267.5893982938],[4754150.320062308,2656944.641833349],[4753756.408780545,2656601.3368357075],[4753727.0272121355,2656246.0138371484],[4754002.738875338,2655598.7241342505],[4754303.0938793775,2655722.956739134],[4754930.197414903,2655730.5267211585],[4755111.589569459,2655641.538270317],[4755224.390158261,2655417.3425363516],[4755200.748694591,2654479.743970855],[4755337.156028731,2654096.2389969146],[4755209.36490386,2653799.695545311],[4755277.691444837,2653488.971672488],[4755130.639155776,2652995.13343013],[4755239.0595046105,2652801.64009701],[4755179.135127978,2652367.796503757],[4755242.88339984,2652036.8711005813],[4755155.552539024,2651844.1171178087],[4754957.6044669645,2651747.710267879],[4754970.23444508,2651279.7819802896],[4754773.099715122,2650817.3217843],[4754895.823863175,2649971.3137788386],[4754697.08384654,2649651.6693344256],[4754750.623499692,2649431.2297985917],[4754954.421056635,2649188.3079916486],[4755055.413494875,2648391.708301731],[4755305.038618386,2647810.233352497],[4755324.2719878685,2647216.164686553],[4755495.360343056,2646695.3430290627],[4755629.316934816,2645114.3267421303],[4755867.060898724,2643967.724301534],[4756255.801577452,2643268.279052605],[4756740.227815374,2642624.9922199845],[4757612.887782451,2641718.6068348535],[4758334.163972681,2640338.989998562],[4759344.453526217,2639662.4408829343],[4759977.269065996,2639068.4695283356],[4760972.68909408,2637986.684137732],[4761166.734158705,2637678.8813636326],[4761183.758669075,2637505.587487531],[4761087.204740451,2637338.3069870807],[4760908.875734709,2637264.036771197],[4760163.768383784,2637419.457886265],[4759884.311777094,2637397.664426836],[4758980.214871724,2636928.9482258353],[4758551.654305413,2636843.376090577],[4756482.384161969,2637033.4288931247],[4755509.749110484,2637589.207080544],[4755011.459124859,2637782.837968296],[4753508.197940039,2637633.509270823],[4753397.112848107,2637611.239482046],[4753645.624199742,2637278.991094234],[4753711.655463141,2636917.401869405],[4753660.565271015,2636182.5814159876],[4753411.005673994,2635933.924924742],[4753078.07216768,2635940.9029704547],[4752643.3777007,2635758.3619880863],[4752392.149921338,2635864.76347488],[4752246.462705273,2635665.0332662934],[4752170.884326325,2635319.227076832],[4752286.152581196,2635070.4230415137],[4752268.756024717,2634894.884297598],[4751824.549572676,2634590.0233777417],[4750903.266465101,2634476.209217471],[4750389.4749799995,2634708.214187671],[4749706.443275813,2634553.8495642208],[4749505.993992602,2634725.1066735876],[4749407.833422039,2634959.940364367],[4749431.762380701,2635378.6320727686],[4749317.016387311,2635484.44499183],[4749140.305702105,2635501.7995236265],[4748944.780529011,2635208.40750263],[4748910.431301077,2634877.297055703],[4748782.960573388,2634737.942899828],[4748405.536292153,2634711.9072375605],[4747837.440362965,2634380.006380292],[4747280.757132886,2634239.3026446328],[4747190.0112280175,2633793.682082834],[4747029.482970677,2633686.1394146364],[4746819.481193958,2633693.3145238813],[4746492.879043948,2633190.8881304166],[4745763.8321659,2633160.1422604774],[4745722.639324885,2633044.8441489935],[4745843.530292585,2632786.141267743],[4745942.006012854,2632171.6955123954],[4746294.755466122,2631569.012589565],[4746385.268653903,2631242.140851083],[4746325.949693292,2630857.9713939214],[4746182.758869051,2630624.3036894454],[4746015.558762499,2630527.472926999],[4745765.617110892,2630532.7867638767],[4746200.790479215,2630209.275164579],[4746287.976013424,2629977.7321504224],[4746155.980205107,2629625.846671324],[4745899.050631641,2629385.38875593],[4745908.349830162,2629081.062127501],[4745622.186334203,2628592.235168675],[4745449.036955628,2628506.5199721335],[4745269.441652925,2628537.282551417],[4745065.15470608,2628847.6427146606],[4744382.330823844,2628114.892693102],[4744201.651979293,2627738.6004124996],[4743959.211924433,2627511.3280134294],[4743673.978402799,2627415.9774014964],[4743414.883925362,2627521.514045864],[4743465.020351666,2627073.457713584],[4743209.713256118,2626792.9515132117],[4742990.862592279,2626773.405420783],[4742732.873756,2626580.972610758],[4742408.654820416,2626502.8253002106],[4742088.814626885,2626676.930485261],[4741974.835979923,2626990.6620317562],[4741470.811455429,2627143.4422642826],[4741271.552806119,2627028.1227011844],[4741143.881396937,2626709.7584850094],[4740848.323132316,2626354.9773889547],[4740268.666536859,2626119.75788484]]]}},{"type":"Feature","properties":{"flugjahr":"2017","gebiet":"Steiermark"},"geometry":{"type":"Polygon","coordinates":[[[4634460.6823098045,2722372.020772345],[4632463.844075316,2722211.1300470345],[4632346.968854121,2723995.1538323318],[4632884.0157466205,2724236.4026886136],[4633213.187297463,2724641.0003113723],[4634022.015565778,2724691.0224186815],[4634264.432512803,2724799.267896682],[4634380.17818376,2724943.299333226],[4634829.409088939,2725045.132280564],[4634884.073299528,2723735.7048075465],[4634372.815097152,2723712.9032658054],[4634460.6823098045,2722372.020772345]]]}},{"type":"Feature","properties":{"flugjahr":"2021","gebiet":"Nieder\u00f6sterreich"},"geometry":{"type":"MultiPolygon","coordinates":[[[[4756626.752057463,2741810.385359702],[4756284.979782967,2741843.7777591106],[4755805.796243243,2742163.532411849],[4755455.036559407,2742022.059282818],[4755238.09343186,2742043.9294148027],[4755220.047306489,2742283.613421707],[4755093.732685499,2742410.281490423],[4754357.30940592,2742069.896523099],[4753874.846024869,2741469.9152259305],[4752935.731872673,2741090.6772581693],[4752530.874436222,2741006.5986861913],[4752229.0007564025,2741146.1264010845],[4752496.52367751,2741769.5179898185],[4752400.147083718,2742019.297761472],[4751641.358927604,2742471.940785736],[4751113.366932827,2742420.199414335],[4750931.508322909,2742515.622496749],[4750896.13310056,2743052.8597051282],[4751119.17921623,2743883.436772278],[4751051.807709984,2744501.0568242418],[4750899.446951185,2744868.349815924],[4750711.477996748,2745071.168172417],[4750342.528216377,2746325.9461384667],[4750064.725351416,2746684.2590636266],[4750157.30092319,2747291.712493506],[4750105.387531616,2747453.2098550885],[4749711.706187035,2748009.9854056425],[4749757.042988233,2748714.4906062465],[4749954.758213469,2748949.493097343],[4749976.237258047,2749387.0155499834],[4749828.009022774,2749680.243912443],[4749655.298067572,2749796.9182660133],[4748275.121448576,2749733.2005717396],[4747957.4140440095,2749168.281313215],[4747923.185211459,2748838.088929702],[4747826.289725908,2748731.8700388228],[4747665.542858673,2748722.924376794],[4747345.745222684,2748316.6096091853],[4747022.066642026,2748071.4496651674],[4746295.613140108,2749242.59072576],[4745670.27987109,2749414.9356123335],[4744989.85994581,2749823.769425358],[4744870.085321772,2749971.7426537476],[4744360.7757900525,2749852.1179611045],[4744114.461312658,2749913.1471608104],[4743685.363948582,2749646.8587931185],[4743384.286898144,2750271.592341501],[4743088.9829763,2750591.6514386777],[4743078.832161374,2750934.901554046],[4742957.043249661,2751194.7070528716],[4742662.971883581,2751467.6444227514],[4742492.223740775,2751881.3014680035],[4742236.46921058,2751984.102828542],[4742313.412563803,2752109.1317406273],[4742239.338479502,2752426.9803322777],[4742131.363688155,2752490.8386164256],[4741903.46834252,2753010.0768741015],[4741701.729003555,2752998.713422231],[4741578.901248177,2753462.464423778],[4741237.007867,2753565.9519857904],[4739659.278899169,2753048.127085953],[4738993.560705573,2753104.516179048],[4738458.87480875,2753036.5872627986],[4738119.98735972,2752858.9203687543],[4737856.136703622,2752555.408192503],[4737301.222134872,2752633.2726195017],[4737234.477120839,2752847.132160439],[4737080.147209262,2752948.052674981],[4736210.037149199,2752696.899401675],[4736067.95875022,2752719.881106167],[4735900.895781917,2752578.3769797566],[4735409.758121575,2752415.102302773],[4734821.730629614,2752577.2978234757],[4734631.726186235,2752377.746973427],[4734498.074514548,2752447.344985611],[4734311.531427611,2752399.037516601],[4733847.6238256525,2753097.1532859737],[4734261.144124281,2753396.54669407],[4734265.496446976,2753651.9750408945],[4734403.432728289,2753760.7138392623],[4734388.002885251,2754117.473002428],[4734341.8816732,2754253.484745825],[4733755.820858982,2754669.545005688],[4733234.008168028,2754825.5800793897],[4733151.723126657,2754750.9157826905],[4732786.7770390585,2754822.7826780705],[4732460.726353724,2754690.389901066],[4731910.35752931,2754918.9770133607],[4731402.075536477,2754852.547911741],[4730754.494474575,2754903.7670314177],[4730379.421865232,2754829.49398787],[4730155.929279657,2754685.5270697074],[4729671.402298448,2754999.6592784533],[4729311.442311033,2754955.71887187],[4728545.594034827,2756340.4659746815],[4728450.432196435,2756809.308759082],[4728323.38742028,2756899.4606404756],[4727922.476442323,2756957.211317743],[4727871.585215809,2756808.619386692],[4727525.242959993,2756639.839147721],[4727441.240379139,2756448.615708908],[4727153.027028901,2756170.0170128266],[4726637.9486033395,2756129.490357451],[4726464.947347721,2756043.8119461923],[4726263.041630377,2756077.392337353],[4726081.664364001,2756430.2118672603],[4725950.238618846,2757006.9787342786],[4725589.625157283,2757763.7646349748],[4725692.218522409,2758264.321544231],[4725611.583662401,2758443.2644273443],[4725597.460678891,2758853.843570876],[4725712.816461167,2759157.9243035177],[4725322.96756623,2759351.5186346094],[4725227.094728619,2759212.450280493],[4725165.488231033,2759278.404900448],[4725021.164391039,2759214.697933418],[4724980.911312884,2759261.5299037555],[4724897.5459301835,2759229.7989200344],[4724933.585238218,2759150.503911417],[4724781.560971877,2759200.1106110252],[4724601.888369025,2759082.2101108017],[4724526.916929305,2759504.2081146715],[4724311.166223708,2759577.2635090393],[4723605.169920664,2760232.9764201236],[4723319.067424102,2760252.7198497257],[4723287.704650714,2760382.262910054],[4722843.732223606,2760253.4793360545],[4722523.298925165,2760284.1999157364],[4722238.567642677,2760125.618327274],[4722229.617793164,2760258.5934110507],[4722077.522264842,2760345.6279955897],[4721740.066989959,2760403.6977445846],[4721035.311959287,2760245.8824984487],[4720709.107284542,2760467.0805411544],[4720498.947345052,2760459.779385233],[4720157.205324048,2760375.2051173598],[4719691.507252095,2759759.6768078613],[4719487.706345119,2759605.6356324684],[4719233.546586895,2759607.8112313617],[4718950.830717188,2759799.417018682],[4718746.835292514,2759688.0581028652],[4718573.2150465995,2759732.900758445],[4718337.129336559,2759416.3835170744],[4717927.182359976,2759534.8714652285],[4717610.624444502,2759444.4967841385],[4717629.747139807,2759306.575826292],[4717463.395460716,2759050.9507766645],[4717541.924071555,2758957.8082091985],[4717528.758544919,2758749.8287861287],[4717386.873637562,2758573.456093686],[4717459.403735484,2758498.5433807354],[4717373.55378696,2758206.808756158],[4717257.833778508,2758177.292134377],[4717376.794132227,2757830.443068655],[4717486.873276531,2757766.9405293395],[4717521.6037831,2757188.946609009],[4717467.599422486,2757084.661675185],[4717337.333674939,2757117.160158698],[4717237.165363057,2757019.8677349174],[4717268.359516344,2756893.965039496],[4717162.509045651,2756809.892478148],[4717154.811380521,2756659.9231233047],[4717249.172574297,2756370.6327175503],[4717003.442565682,2756005.4303452303],[4716844.240249949,2755992.5983122922],[4716584.156052734,2756112.638069602],[4715131.325784574,2756245.33851726],[4714802.572873385,2756165.5786339375],[4714786.717429057,2756058.2487499905],[4714330.9248239,2756158.341221039],[4713926.016957136,2756436.912759099],[4713598.659297175,2756553.6561161843],[4713325.091984542,2756552.5395563873],[4712984.462025082,2756679.0743873767],[4711975.765533638,2756265.546428232],[4711735.906657917,2756281.6487414525],[4711659.756469806,2756188.2979231584],[4711609.314981524,2755663.3180558607],[4711210.559845739,2755493.642439818],[4711113.723201369,2755322.535388613],[4711092.200700813,2754788.350851509],[4711004.978117317,2754686.133485225],[4711100.653098612,2754603.7900202437],[4711002.574193688,2754432.965279411],[4711069.340330687,2754197.086165103],[4710665.365866161,2753868.4380132467],[4710805.926685737,2753371.626545772],[4711067.217949334,2753322.8140641446],[4711240.755832082,2753411.171080652],[4711404.990897363,2753236.767346053],[4711245.856632275,2753029.3052459923],[4711333.851887882,2752825.4019575054],[4711464.766629341,2752742.380286662],[4711470.643528993,2752596.1126305475],[4711303.324069694,2752272.301191739],[4710823.219142741,2751685.5966988755],[4710811.642016894,2751508.8176980405],[4710719.142296286,2751462.5368029247],[4710132.270453846,2751732.871426321],[4709544.141932948,2751664.618944822],[4709491.722947849,2751744.141365429],[4708865.206801864,2751597.0763898888],[4708410.107676367,2751334.091261639],[4708139.690874213,2751593.838069334],[4707999.842828334,2751589.443915479],[4707658.01297378,2751805.173142304],[4707622.929784206,2751731.140722215],[4707357.533968045,2751713.680193476],[4707255.757808982,2751779.8000929],[4707135.083284473,2751687.082168605],[4706854.854463927,2751706.6920074406],[4706607.689254686,2751610.932257439],[4706251.578098444,2752031.8279394535],[4706172.285652589,2752036.7665327555],[4705856.107612531,2751631.6174793015],[4705710.364329918,2751060.2932373],[4705539.556431618,2751052.0495346296],[4705732.105557434,2750655.3201922737],[4705587.718934142,2750408.0138371596],[4705282.149792924,2750270.070914635],[4705000.320296576,2750289.0474857083],[4703874.255913364,2749900.841790919],[4703206.880002099,2749804.971747458],[4702568.314804205,2749562.1230679015],[4701796.068722037,2749662.726030245],[4701442.257193824,2749552.516509824],[4701210.918515356,2749573.734815463],[4701031.173059531,2749350.769694255],[4700632.624670129,2749462.2971917205],[4700270.031353067,2749278.938888629],[4700065.5286123045,2749309.2339077834],[4698404.264513396,2750532.2138413447],[4697997.301462254,2750491.516831115],[4697747.9543708665,2750157.545123233],[4697566.928177709,2750088.0435691704],[4697444.627935384,2749928.248498795],[4696602.737451416,2749540.423627279],[4696106.408987287,2749417.545527062],[4695681.14850456,2749087.1748207393],[4694881.9831231255,2748887.5085242866],[4694603.252048028,2748925.9644716294],[4694242.207950872,2749135.6913680774],[4693839.873427695,2749204.652849159],[4693509.160367943,2748761.672309029],[4693497.193285787,2748475.0582551886],[4692841.508710447,2748248.2280358854],[4692357.448343148,2747908.467807323],[4691972.612857885,2747305.935983995],[4691689.398333239,2747077.8940142253],[4691743.471197501,2746903.4997525425],[4691545.3787174225,2746635.2865583487],[4691299.39874908,2746461.5599414874],[4691232.684648987,2746254.0784613364],[4690925.45553418,2746080.6787419897],[4690857.251946679,2745580.524658898],[4690702.838959495,2745322.3954129317],[4689753.241665148,2745273.9918902484],[4689597.5285216905,2745065.197865463],[4689372.6987499455,2745218.412703603],[4689170.61778787,2745149.186143851],[4688460.218480643,2745202.2680293894],[4688140.971635791,2745426.1451723743],[4687365.089054946,2745414.595008166],[4686836.001678874,2745666.6255439874],[4686875.464679787,2745889.4227833548],[4686748.517488026,2746806.8079114086],[4686328.180160163,2747498.1001224853],[4686240.223229689,2747511.7211537417],[4685451.742327621,2748397.178091709],[4683963.229526626,2747474.072031846],[4683781.170207239,2747758.488916534],[4683527.744228809,2747736.4474598747],[4683248.720441092,2747981.998036887],[4683219.108101775,2748167.061561801],[4683362.683189654,2748521.609110752],[4682269.405195935,2748504.8672134164],[4681648.162019958,2747677.2627288196],[4681224.6863329355,2747814.6003506123],[4680870.355671035,2747734.7910319776],[4680756.089040824,2747507.6529237004],[4680350.575348823,2747389.5325898626],[4679996.812534905,2747029.5851397053],[4679207.055068877,2746548.1437178194],[4678556.187320134,2746270.392428609],[4678071.816939478,2746995.9262184063],[4677812.392399916,2747193.0978575856],[4677231.585965879,2747294.372185153],[4676444.925285154,2747819.90406953],[4676107.039363777,2748188.2796837064],[4676093.051161183,2748379.719380927],[4676284.99715682,2748599.017547731],[4676494.545374058,2749067.836459955],[4676448.752040956,2749124.510297529],[4676802.017126921,2749456.115451741],[4676595.816724748,2749655.8880231474],[4675999.874404624,2749737.2388446317],[4675773.337656933,2750066.925860132],[4675304.644211837,2750486.9444350824],[4675170.301514968,2750420.4725011997],[4675011.441089743,2750562.302255421],[4674871.025209498,2750835.03330637],[4674915.751709738,2751097.1840694817],[4674817.032888034,2751303.4223932223],[4674571.862075615,2751520.9393625404],[4674462.598300723,2752212.889377951],[4673985.74896818,2753080.4679602487],[4674404.281628144,2753483.222868582],[4674914.513297635,2753756.9423588337],[4675151.001683386,2754080.1577844447],[4675388.038311679,2754174.7983586383],[4675305.902446197,2754354.993090385],[4675381.607618645,2754730.0306780976],[4674884.512776447,2754916.1985160913],[4674597.53534848,2755289.1011365578],[4673884.519018548,2755702.371678222],[4673772.2264833,2755886.2173140063],[4673597.846948485,2756383.9880995112],[4673615.572597987,2756738.615738655],[4674061.800628351,2757370.3326742183],[4674236.287488594,2757463.3834014367],[4674511.911096063,2757803.849373771],[4674375.7512892345,2758135.0357869365],[4674358.408134878,2758557.0546616665],[4674475.496704749,2758577.4629092338],[4674612.217604868,2758804.0338623016],[4674327.411624916,2759103.2336410647],[4673546.478258709,2759296.401085484],[4673428.287327088,2759789.596279561],[4673789.790528155,2760229.0947840144],[4674190.484614267,2760487.839779393],[4674349.42432984,2760786.893411152],[4674883.380937575,2760940.4251251565],[4675225.732585974,2761362.392935775],[4676154.4962364845,2761651.495670836],[4676519.061754411,2761688.308985746],[4676897.617566119,2761945.133317304],[4677097.249249889,2762363.0351086413],[4677396.866921153,2762646.1924124174],[4677439.363588974,2762892.896943787],[4677602.386671012,2763009.38764206],[4677600.267746116,2763201.6417934247],[4677830.951184219,2763678.831365435],[4677395.849437099,2764495.1427252963],[4676748.712571951,2765142.644437043],[4676791.055164985,2765557.822678608],[4676430.3987266235,2765896.4281667694],[4676296.68816884,2766217.4827527143],[4675853.988638928,2766495.270353538],[4675422.280065511,2767370.2577343155],[4684178.743339475,2768115.1259978795],[4683348.624214273,2778076.497158868],[4738154.755676012,2782754.850056019],[4738570.756669822,2777773.059963526],[4763481.628774713,2779907.048523468],[4765560.486432142,2754996.8729548785],[4755595.627628652,2754143.1348019675],[4756626.752057463,2741810.385359702]]],[[[4675250.647481442,2767354.967143461],[4675250.029917614,2767355.603988008],[4675277.070056825,2767357.9043021905],[4675250.647481442,2767354.967143461]]]]}},{"type":"Feature","properties":{"flugjahr":"2019","gebiet":"Nieder\u00f6sterreich"},"geometry":{"type":"Polygon","coordinates":[[[4707402.541568915,2850368.20589912],[4710745.328359628,2810514.3831041176],[4691199.120505525,2808844.1961352252],[4691080.072419526,2809092.896244532],[4690984.21894468,2810002.0409341576],[4690877.008927485,2810139.4743447634],[4690897.510547352,2810500.328417681],[4690801.537559834,2810699.9505581707],[4690621.326854708,2810771.673170747],[4690714.1131354375,2810907.994837507],[4690687.046450157,2811281.853331006],[4690776.693195421,2811693.2799526327],[4690618.995846387,2812046.1766060516],[4690682.265640585,2812195.3081994373],[4690607.085986534,2812559.44461222],[4690724.856696021,2812903.811888053],[4690624.102574836,2813177.158490673],[4690206.705170932,2813549.5990054244],[4689905.814899239,2813545.6376675176],[4689724.342495099,2813393.086082739],[4688967.534577131,2813559.941808664],[4688745.79323405,2813686.5924205645],[4688300.941408786,2813577.129900786],[4688202.571495187,2813404.379542386],[4687975.34421696,2813318.17959689],[4687459.41723904,2813404.8860339336],[4687525.930928626,2814092.304959772],[4687699.338778139,2814437.3133567474],[4687656.338640261,2814671.525788408],[4687820.994735286,2814995.5550975613],[4687780.737552358,2815182.3566210996],[4688037.017567569,2815394.0719555914],[4687929.711587077,2815536.637288538],[4687968.54735905,2815649.3366203387],[4687861.132912543,2815712.256297597],[4687847.8605462555,2815892.803759354],[4687968.353610892,2816198.660180542],[4687867.776660928,2816365.71424937],[4687878.523320029,2816630.2822715733],[4688007.554095076,2816761.9741546987],[4687878.286341657,2816816.6794239213],[4687850.802039176,2817125.342853202],[4687986.128350567,2817210.9763203636],[4687902.667017022,2817674.774309219],[4688020.383447207,2817969.314736679],[4688085.5801269505,2818547.1619469314],[4688214.18124716,2818735.963022351],[4688225.310170139,2819051.124405496],[4688401.942470647,2819204.768278696],[4688595.645401718,2819590.527384236],[4688529.230020797,2820632.6437624493],[4688218.047409925,2820826.7176285414],[4687927.588672123,2820901.7885778383],[4687905.9326027855,2820974.7026931737],[4687826.720677015,2820844.9643822955],[4687540.158264683,2820827.20719304],[4687095.171454427,2821179.7522678776],[4686822.02989708,2821143.4887580387],[4686456.053214195,2821311.388570419],[4686121.313079577,2821177.6248747003],[4685976.0399194285,2820933.453019479],[4685720.160539028,2820799.001649871],[4685483.937211701,2820468.687263554],[4685204.224792178,2820411.921638924],[4685034.47035938,2820440.761621941],[4684939.68441422,2820551.253582429],[4685078.186705707,2820661.9231748916],[4685108.893461505,2821086.231488313],[4685468.045439862,2821308.2370632617],[4685629.580997409,2821619.219320005],[4686042.014695888,2821633.86006582],[4686156.63208896,2821802.9303320465],[4686514.726295473,2822040.735794628],[4686532.980190075,2822218.76073678],[4686636.589788173,2822268.564031941],[4686781.503201355,2822560.043180795],[4687130.51188134,2822749.7655718066],[4687075.986814861,2822993.484896694],[4687227.868334414,2823418.3602624787],[4686887.081571817,2823395.1360828592],[4686695.356548505,2823569.2949011535],[4686554.688927408,2823848.29205924],[4686711.661512998,2824042.7907641423],[4686386.047109542,2824424.0664296914],[4686099.530563712,2824498.6179521824],[4685835.808767948,2824415.798855218],[4685587.727657633,2824440.553818225],[4684984.659675398,2824971.120658541],[4684641.780658995,2824885.483609993],[4684509.045326758,2825043.986471246],[4684324.556200554,2825065.217022806],[4684373.977184287,2825454.6943295365],[4684126.291788848,2825753.8403264876],[4683908.234808941,2826245.5252175727],[4683390.1320238,2826805.1662739073],[4683351.513210566,2827094.8648888683],[4683198.832503471,2827262.3580086203],[4682740.384008005,2827240.951247232],[4682425.596615004,2827480.7214943697],[4682001.317015767,2827453.6951095923],[4681447.289191838,2827742.733188976],[4681309.633608741,2828104.8194721946],[4681545.536126196,2828729.734799438],[4681465.174155587,2828972.2104993085],[4681500.303009782,2829130.132330524],[4681415.8986004125,2829336.7442198056],[4681236.020381141,2829495.638090183],[4681229.653628968,2829630.968634296],[4680978.333316636,2829763.1348805586],[4680808.820656618,2830203.5042587384],[4680628.141957673,2830358.5251652882],[4681575.313891262,2830613.4277723217],[4681796.088833988,2830963.8708851365],[4682295.97766913,2831219.1621072595],[4682300.582742212,2831392.107604577],[4682075.548346926,2831852.593592454],[4682359.269973322,2832034.0414623315],[4682304.32153123,2832453.8715382414],[4682393.2563048005,2832603.199614512],[4683062.39395328,2832981.105954921],[4684018.060961217,2832867.2084560045],[4684316.24864624,2832695.8252372644],[4684519.441693966,2833324.916002386],[4684459.773766878,2833494.2980739055],[4683975.232712116,2833535.8696840904],[4683800.315465793,2833638.095473517],[4683669.058778706,2834046.713308683],[4683811.323415848,2834246.34115205],[4683721.523555708,2834441.8575060884],[4683391.153034766,2834665.814416948],[4683324.390238529,2834800.9825600316],[4682933.299405355,2835029.3416321143],[4682928.829438144,2835102.1416380974],[4682507.122891474,2835316.080529849],[4682154.553290588,2835354.3435640875],[4682015.490093443,2835284.0476116836],[4681621.33055693,2835457.445044331],[4681411.465820722,2835662.235083616],[4681054.863236092,2835720.1613227446],[4680303.595770177,2835599.6892300434],[4679819.427222356,2835750.1965801404],[4679472.721592531,2835709.239609001],[4679009.082235539,2835866.684819284],[4678669.707786036,2835823.786010465],[4678640.793349884,2835948.567111252],[4678814.585310258,2836052.346205253],[4678814.933998479,2836177.497217919],[4678976.371242039,2836353.826802836],[4678959.565352554,2836457.5350201502],[4678200.332759625,2837104.173351668],[4678118.430736675,2837314.004336163],[4677565.715075883,2837641.9624286112],[4677182.932772999,2837719.3961352785],[4676660.231475204,2837667.9610771406],[4676262.376211828,2837789.340991157],[4676143.428572664,2837914.5522995857],[4676119.698356021,2838224.7473120764],[4675766.992837931,2838520.4444802925],[4675515.590475482,2838558.865335674],[4675200.198008833,2838452.9078376205],[4674821.100449809,2838561.058934883],[4674580.943243377,2838811.124665406],[4674249.637253015,2838666.623875833],[4673890.517328674,2838877.2941709543],[4673547.116071013,2838717.7660526116],[4673346.909038089,2838329.7958614454],[4673221.67720315,2838290.470184555],[4672872.238611231,2838416.291205052],[4672714.5157351615,2838568.6158019044],[4672605.992436952,2838898.443041775],[4672405.478900902,2839163.2952779434],[4672034.917738523,2839159.7831420996],[4671770.555759445,2839096.075914768],[4671721.92112401,2839001.343363348],[4671428.472516587,2838988.75561194],[4671298.60791344,2838657.1645061756],[4671124.11633604,2838493.0110822143],[4670992.372462516,2838483.923082864],[4670974.94632593,2838265.615801039],[4671100.046014433,2837967.8263884904],[4671029.225776086,2837788.3646231373],[4670884.159333082,2837698.3887496134],[4670545.732543114,2837763.9302004767],[4670611.700637192,2838257.1903394223],[4670120.415656434,2838587.274240159],[4670035.626933351,2838803.269849921],[4669579.5923711825,2838806.6365981326],[4669329.408866831,2839175.839624256],[4669292.812528261,2839641.88199935],[4668969.68769933,2839900.347183359],[4668533.47369747,2840584.0773654534],[4668124.726004556,2840716.827887499],[4667892.8306964,2840604.905807626],[4667034.846087142,2840697.465404195],[4666920.581095868,2840807.4981021406],[4666972.492112573,2841206.1586803147],[4666713.507847202,2841180.841666602],[4666371.0841247225,2840894.0401356947],[4665959.644526862,2840905.018043963],[4665980.986863316,2841214.768100345],[4666979.85285619,2841332.4666889478],[4667923.981367043,2841859.978113199],[4668188.491050522,2842414.788139024],[4668690.697736779,2843142.0629671114],[4668674.019155146,2843818.259356804],[4668344.096285024,2845147.8137498493],[4668494.064208,2846058.8860858697],[4668509.043262894,2847042.1860352075],[4707402.541568915,2850368.20589912]]]}},{"type":"Feature","properties":{"flugjahr":"2018","gebiet":"Nieder\u00f6sterreich"},"geometry":{"type":"Polygon","coordinates":[[[4709910.640477108,2820477.043787467],[4707402.541568915,2850368.20589912],[4737288.980031459,2852931.6045294525],[4739381.239074934,2828025.28238151],[4740627.649044965,2828126.8539303145],[4741045.324990694,2823144.885348494],[4709910.640477108,2820477.043787467]]]}},{"type":"Feature","properties":{"flugjahr":"2017","gebiet":"Nieder\u00f6sterreich"},"geometry":{"type":"Polygon","coordinates":[[[4741045.324990694,2823144.885348494],[4742715.363872034,2803215.41700312],[4741469.902226329,2803108.6805497804],[4741720.168350604,2800119.46525013],[4740474.662656665,2800012.745882531],[4741308.13582789,2790048.7576312227],[4737571.577441654,2789728.879722172],[4738154.365208157,2782754.816637097],[4713243.00715212,2780625.4078662456],[4709910.640477108,2820477.043787467],[4741045.324990694,2823144.885348494]]]}},{"type":"Feature","properties":{"flugjahr":"2016","gebiet":"Nieder\u00f6sterreich"},"geometry":{"type":"Polygon","coordinates":[[[4710744.278221145,2810514.293250233],[4713243.00715212,2780625.4078662456],[4683348.624214273,2778076.497158868],[4684178.743338938,2768115.126005253],[4676256.732645058,2767441.2476533065],[4676246.687747428,2767668.32976914],[4674985.791292641,2767610.2809597054],[4674341.478198437,2769345.469784302],[4669908.592026556,2769858.6221422693],[4667776.790099816,2771133.5608783597],[4664773.113763384,2772109.207247793],[4663018.408270416,2773828.6765804975],[4659683.27801855,2774362.070966477],[4658654.688834311,2775535.277580702],[4657013.560314597,2776756.6688139616],[4655567.354564003,2778231.0466627614],[4654397.974956908,2779138.4760268275],[4654215.440042259,2784190.5902110245],[4656144.52999958,2784847.7060681996],[4656411.815601902,2787773.779924079],[4655656.556400113,2791217.4102924187],[4655765.078592352,2798758.6595486794],[4656013.561467713,2799349.7699644323],[4656541.184012978,2799496.0161787877],[4660683.399192495,2799685.997864367],[4661151.285720243,2799503.9322670987],[4661827.67510869,2797968.85122572],[4663741.9531115685,2797126.0765711535],[4665179.172976427,2794995.295939681],[4666350.0217488045,2794743.9583150977],[4667477.712248417,2793056.6725915447],[4670640.789376115,2792957.934049206],[4671305.424554655,2795042.864324029],[4674111.441251314,2795232.931888908],[4681122.303898379,2797942.164342788],[4682420.254578616,2798646.0877583567],[4683460.52394501,2800572.1591672753],[4685649.6122905435,2802205.3361131544],[4687900.75476851,2801753.0799852572],[4690124.186099368,2801618.2577499156],[4692014.478077064,2805854.978184469],[4691639.290514212,2808881.758070269],[4710744.278221145,2810514.293250233]]]}},{"type":"Feature","properties":{"flugjahr":"2013","gebiet":"K\u00e4rnten"},"geometry":{"type":"Polygon","coordinates":[[[4690921.149572582,2633278.692884174],[4695917.680214902,2633511.4919641595],[4695042.483105006,2653474.989493915],[4690127.390763421,2653247.944383572],[4689012.1502903085,2655803.2131788703],[4683435.645087183,2658860.6013837396],[4681642.871238488,2657266.0403646836],[4686129.479525395,2653065.537636008],[4680052.752629615,2652783.3491403516],[4679451.71797725,2666492.9111278527],[4680804.962760051,2666868.9121350986],[4681563.101886211,2668696.1443921244],[4683379.690476745,2669516.8613721156],[4686949.192453497,2669647.97124188],[4689440.882021124,2669339.8164829966],[4689727.589134692,2669099.132335748],[4689756.16097375,2668688.8790095365],[4691112.321286009,2668413.2668088363],[4691526.019864578,2668240.1766453204],[4691884.677638719,2667970.7207220383],[4692506.967014615,2667080.353366582],[4692914.316184162,2666951.801726057],[4693851.229388994,2666156.1833401253],[4696720.847331692,2665389.814036088],[4698256.021866383,2664860.1997206584],[4698652.008987354,2664447.477302752],[4698649.42257543,2664193.9735387973],[4699015.050237508,2663699.027220008],[4699162.720778128,2663116.0754430112],[4699684.621657634,2662409.665961025],[4699795.921660209,2661918.8029022166],[4700250.975179506,2661469.7795632193],[4700441.762323691,2661131.671505976],[4700585.661956877,2660569.7247032253],[4700881.503219098,2660221.4462999147],[4700843.360233847,2659965.4461256647],[4701045.622611078,2659632.477332729],[4701540.0449160775,2659027.800540424],[4703094.871743601,2657627.618735294],[4703142.096423287,2654265.097369343],[4702961.464678241,2653972.810738165],[4702520.175964144,2653714.7031721147],[4702465.6266925335,2653304.078614939],[4702537.58668486,2652872.6331268363],[4702696.000886551,2652649.4260888193],[4702618.668721247,2651560.4383055954],[4702674.478978558,2651116.1778824474],[4702798.062025046,2650710.2313246047],[4703053.544993173,2650323.542797664],[4703369.410607825,2649222.5893726586],[4702547.101017039,2648358.7709611254],[4701950.538781785,2647926.215624088],[4701737.070985119,2647440.321372333],[4701549.583712842,2647256.62357966],[4701523.003315659,2646649.152488012],[4701360.280295832,2645823.1924929926],[4701041.154680692,2645427.5543548143],[4700951.075351567,2645139.627314658],[4700829.790566869,2644193.9449155424],[4700916.419752766,2643653.1016637683],[4700727.201219656,2642838.1705723624],[4700854.780215601,2642647.524691575],[4701520.954781336,2642312.077126395],[4702437.195806948,2642183.061551104],[4702594.646476256,2642058.951025596],[4704155.858553184,2641579.515528002],[4704726.441315272,2641505.826641783],[4705006.442167441,2641298.2443308206],[4704794.666662619,2640299.270498144],[4704922.004968676,2639853.1261476176],[4705226.712999766,2639480.8874871475],[4705283.577870731,2639229.4063988426],[4705221.77791518,2638795.1070342623],[4705515.310827802,2638204.4938351833],[4705706.6164846225,2637358.3264006684],[4705676.554804979,2636917.673952346],[4705764.380936234,2636686.675495643],[4705908.847070159,2635006.909104665],[4705738.010757425,2634464.3819291745],[4705818.304768452,2633759.6812097197],[4705716.993920457,2632654.0159401647],[4705435.364723431,2632414.756403839],[4704692.055867189,2632375.7233182304],[4704347.019410715,2632085.8412104896],[4704483.124766594,2631347.044596409],[4705086.333716244,2630932.8773512],[4705060.085564896,2630625.253026707],[4705187.649007281,2630328.199615947],[4705891.762434089,2629673.446986089],[4707439.903653969,2629378.982531586],[4708188.347666586,2629032.2027000277],[4708056.869628037,2628720.91077635],[4707771.007974057,2628524.1285378966],[4706927.293124978,2628485.440660535],[4706825.174344443,2628325.4087239522],[4706411.484869179,2628134.418693712],[4706105.760185035,2627668.809922599],[4705105.48816908,2627143.1015721248],[4704810.46960357,2626442.98451594],[4704524.582461778,2626279.0678259195],[4704287.8835616475,2625753.5793323447],[4704005.128075401,2625486.2641278924],[4703883.033117021,2625182.2449512854],[4703601.974906331,2624862.099096885],[4703607.875962989,2624475.1721810587],[4703757.746534682,2624272.715702224],[4703680.886201779,2624046.253077173],[4703087.220736689,2623404.453611179],[4703121.084318835,2623168.1161432224],[4702958.649770228,2622857.503846789],[4702575.9989731945,2622582.987709733],[4702170.590466741,2623353.294698382],[4702038.544010072,2624312.18710442],[4701754.087714482,2625075.8334542303],[4701448.313576938,2625446.4100578916],[4700539.158048936,2625934.7236574665],[4700357.960550788,2625617.7620010786],[4700178.758426282,2625502.766908485],[4700230.03353995,2625460.788552433],[4699988.224623099,2625121.132824919],[4699665.169431305,2624813.9838967295],[4699562.965300134,2624536.199416156],[4699429.161439662,2624396.635395744],[4699199.2870204095,2624447.301872186],[4698965.579114994,2624003.625855326],[4698795.5505038425,2623880.8934085164],[4698541.345549053,2624293.7336489772],[4698115.913616212,2624453.585125719],[4697960.920637045,2623927.9139646683],[4698167.1546918405,2623357.331578387],[4698131.28896684,2622868.2005456435],[4698287.23715126,2622668.393949737],[4698253.450335728,2622500.2613154016],[4697995.3146584695,2622352.6992856995],[4697945.57200086,2622329.9132372974],[4697698.941009626,2622722.493714838],[4697524.643708396,2622795.1470029117],[4697517.32406789,2622563.632660241],[4697357.577343481,2622527.8334831707],[4697132.052833992,2622634.4563047104],[4696822.114204129,2622586.1178010707],[4696779.022694251,2622837.0952101615],[4696461.598066746,2623080.3128317175],[4696499.257129968,2623360.8516995646],[4696175.549316895,2623131.086655371],[4695645.8170112595,2623375.661276794],[4695400.112120844,2623368.330194112],[4695236.748334912,2623247.6190897343],[4694878.644773843,2623167.727216658],[4694936.78418535,2623008.7860946767],[4694823.290207789,2622835.678359345],[4694475.91801766,2622824.2317847954],[4694393.689165817,2622721.0967921587],[4694202.674090246,2622679.3101661745],[4693931.588395705,2622221.76089512],[4693950.808072598,2621908.0605623364],[4694037.262272152,2621794.5570419254],[4693866.807039382,2621104.6273343107],[4693609.682663974,2621152.8785139276],[4693243.81800206,2620934.9298366057],[4693253.517636996,2620332.9780709646],[4692974.468380117,2619846.67597589],[4692979.561325177,2619635.308926453],[4692688.954318657,2619526.1372277276],[4692427.717671911,2619264.1033083056],[4692378.287994754,2619042.2841754067],[4692132.371064944,2618703.8191545275],[4691986.335211641,2618163.267465097],[4692173.067750174,2617941.8498093244],[4691994.032103032,2617980.9284848836],[4691878.616503173,2617904.4806878953],[4691759.235302506,2617616.5418006703],[4692005.017033327,2617364.0905580604],[4692063.14872068,2617064.2405898087],[4691812.673546118,2616552.430324031],[4691841.372594206,2616401.807027237],[4691651.908697295,2616269.7509469353],[4690921.149572582,2633278.692884174]]]}},{"type":"Feature","properties":{"flugjahr":"2009","gebiet":"K\u00e4rnten"},"geometry":{"type":"Polygon","coordinates":[[[4690921.149572582,2633278.692884174],[4691665.733813048,2615947.3541986356],[4691217.6814161595,2615893.324337048],[4691193.136452392,2615634.853170573],[4691001.816754851,2615640.5374350734],[4690997.890768601,2615493.667503645],[4691018.31562473,2615343.931498821],[4691385.336083705,2615259.1245256052],[4691722.862377427,2614952.700692616],[4691303.471969397,2614576.317766492],[4691088.983633456,2614563.5443952037],[4691065.589121539,2614138.857373391],[4691277.503816064,2613875.2547308193],[4691092.121973373,2613569.9565829625],[4691074.886449587,2613280.493510008],[4681802.819557845,2612852.6873840354],[4680929.346801778,2632817.5186860785],[4690921.149572582,2633278.692884174]]]}},{"type":"Feature","properties":{"flugjahr":"2010","gebiet":"Salzburg"},"geometry":{"type":"Polygon","coordinates":[[[4514825.611765749,2728539.898910799],[4514979.680998193,2729407.207080108],[4515419.522548231,2730357.56650277],[4516420.951997383,2730402.2744319467],[4516355.582671217,2731898.9387132474],[4516502.382059474,2732338.133536454],[4516867.080534421,2732520.4982658694],[4517600.2175913835,2732405.10060452],[4517837.144341942,2732485.732067627],[4517998.206731925,2732661.949026013],[4518600.511245631,2732847.4131962927],[4519262.118166153,2732388.724061788],[4519540.039364574,2732570.367336075],[4519790.504966046,2732590.5203028675],[4520097.097031234,2732371.0650706743],[4520315.049837169,2732443.5704153418],[4520441.221367588,2732621.0871780165],[4520469.782064554,2732829.208709657],[4520727.566837192,2733095.716840012],[4523808.284981561,2733233.5046321955],[4523796.715646683,2733498.181958756],[4524229.5650413595,2733589.9862375725],[4524637.167913187,2733264.3365493584],[4525001.847219056,2733095.5486492203],[4525441.546015172,2733304.5196629805],[4526289.289833121,2733502.701373293],[4526864.239532842,2733157.649372722],[4527297.103037563,2733073.6183290165],[4527771.132642723,2732607.229330638],[4527834.749681575,2732400.392694412],[4528086.768236154,2732223.9236635044],[4528206.783070852,2731980.5072917417],[4528289.48654689,2731963.7021863717],[4528462.808869839,2732142.8848657026],[4528700.128285526,2732218.2065857113],[4529262.788034604,2732106.719788362],[4529668.915872424,2732809.164549991],[4529853.671334231,2732982.096452264],[4530000.665951119,2732977.1615800457],[4530299.947774143,2732580.2576545663],[4530147.882302327,2732008.798662943],[4529895.023920867,2731613.71522603],[4529901.226840461,2731316.580738753],[4529209.530533131,2730720.595432597],[4529002.919971418,2730610.348000273],[4528572.532706235,2730578.7981679635],[4528465.904433221,2730346.7005786207],[4528933.954267087,2729918.4177815737],[4529020.654456441,2729583.854864502],[4529360.412807679,2729327.489633872],[4529499.652113511,2729026.850606456],[4530157.4690396935,2728415.802352545],[4530800.462475108,2728498.885430771],[4531411.122644794,2727912.087635951],[4531636.795066492,2727819.512296614],[4531703.994630297,2727636.6691806805],[4532478.651417398,2727214.1333068954],[4533577.038396192,2726152.2771576075],[4533455.065327501,2725759.5552562354],[4533355.291797544,2725683.7997504645],[4532625.011663432,2725871.688980885],[4532209.181071744,2725715.9242545287],[4532008.364468371,2725496.773986682],[4531922.291972095,2725187.2790500214],[4531634.109465462,2725119.7460779347],[4531499.715522403,2724806.82998963],[4531241.021130967,2724672.9863769473],[4531182.052055112,2724435.079368868],[4531455.858472552,2724012.7306137374],[4531446.276295015,2723842.1690532165],[4531281.025010248,2723564.3119105767],[4530871.88689153,2723291.6819076254],[4530824.419204649,2723084.5916777076],[4530586.341669701,2722875.6140874894],[4530372.513638998,2722277.9285704438],[4530445.5025511095,2721883.0359095675],[4530713.842218115,2721310.321638612],[4531112.873571675,2720968.3473228095],[4531337.6260319995,2720873.5780026065],[4531512.732253067,2720015.259923823],[4531910.805381459,2719693.0203376208],[4532067.806454493,2716096.012655891],[4534566.694594318,2716207.889266612],[4534457.706660244,2718704.0350157134],[4535642.893081161,2718757.1033119652],[4535665.647658779,2718490.0961926198],[4535802.400239477,2718320.8497788603],[4535830.982168833,2717464.048181057],[4535912.831053581,2717280.855326569],[4536120.64756936,2717188.69030989],[4536354.116124738,2716930.1791351996],[4536583.838435277,2717038.2766892733],[4536761.476628886,2717029.3708525263],[4537061.345570564,2716619.82725335],[4537360.322724054,2716614.509399926],[4538014.322863715,2716425.6195438],[4538294.056687808,2716249.2782944767],[4538533.013638692,2715960.0185241136],[4538584.992962644,2715315.63627302],[4540054.375279137,2713952.6529440796],[4537174.583571212,2713823.6793662794],[4537283.546231051,2711327.5837619775],[4539782.496579344,2711439.4626469063],[4539891.416775974,2708943.38223607],[4544889.296969154,2709167.386571618],[4544998.215205029,2706671.2923862343],[4547497.1232145205,2706783.365464018],[4547714.9484146815,2701791.2210470554],[4550213.914871704,2701903.333430672],[4550322.779108595,2699407.297874942],[4552821.758612539,2699519.4649373377],[4552930.641213814,2697023.4320470057],[4550431.637906327,2696911.278399677],[4550540.476133292,2694415.2278609443],[4546791.939447691,2694247.1365048666],[4545542.429759438,2694191.1413847567],[4545324.821606387,2699183.1380756763],[4542825.856704878,2699071.1521012457],[4542934.640954352,2696575.1510377815],[4537936.572422757,2696351.323438884],[4537719.024126556,2701343.3377237436],[4540218.034067588,2701455.2215030747],[4540000.312548467,2706447.306633576],[4537501.368167383,2706335.410660799],[4537392.47210427,2708831.5068341633],[4529895.531982362,2708496.040563058],[4529786.714755577,2710992.0760096256],[4527287.765946861,2710880.3827047213],[4527178.900409696,2713376.4002909116],[4524679.988675772,2713264.703311233],[4524788.814554668,2710768.7026013643],[4524348.119836281,2710749.0135251125],[4524571.829696809,2710853.181212074],[4524320.743388189,2711335.1643727585],[4524408.443320716,2711683.03137939],[4524348.2753114365,2711983.447580451],[4524116.677981645,2712208.091526775],[4523571.946402361,2712300.3183290963],[4522662.229345537,2713144.45756464],[4522408.8042429425,2713201.475945364],[4522171.186937548,2714139.9128224207],[4521865.148736889,2713888.6392794666],[4521532.291511769,2714390.930219689],[4520931.459189726,2716546.5423074393],[4520859.783026688,2716936.62607692],[4520918.006920816,2717268.204976717],[4520657.280525137,2717225.485604014],[4520209.573731268,2717426.8725771653],[4520078.620402696,2717706.0025724852],[4519572.272532893,2717931.8054154078],[4519406.384003549,2718223.612205586],[4518914.194374051,2718617.254737692],[4519255.560859677,2718852.9615197377],[4519426.003786073,2718849.9663445964],[4519908.504513534,2719203.7173260804],[4520494.263535617,2720453.7325247116],[4520628.136263852,2720495.1610708223],[4520629.937492225,2720915.6298837205],[4521691.991249753,2721958.8651447557],[4520598.542265822,2723078.855574507],[4520067.959877278,2723335.8037503967],[4519893.879383871,2723327.6569431117],[4519692.987065209,2723510.5384788606],[4519379.303108122,2723485.4899169826],[4518141.451083051,2723950.3038796987],[4517200.231868952,2724037.7809529495],[4516743.347752178,2724307.638786303],[4516488.709351076,2724367.2016785005],[4515092.62511312,2724557.046079202],[4514955.572979645,2724503.5904965755],[4514668.84880826,2724632.3912083264],[4514507.876292987,2725117.71451147],[4514315.8682119325,2725367.3172156825],[4514286.958867083,2725873.910859715],[4514571.437997805,2727562.068070018],[4514645.056111233,2727756.214157758],[4514820.739362878,2727887.5279896753],[4514841.846806552,2728196.42267289],[4514973.688610324,2728488.384790429],[4514825.611765749,2728539.898910799]]]}},{"type":"Feature","properties":{"flugjahr":"2017","gebiet":"Salzburg"},"geometry":{"type":"Polygon","coordinates":[[[4519689.807743072,2708040.2214477924],[4537392.47210427,2708831.5068341633],[4537501.368167383,2706335.410660799],[4540000.312548467,2706447.306633576],[4540218.034067588,2701455.2215030747],[4537719.024126556,2701343.3377237436],[4538045.304781025,2693855.3325624904],[4550540.476133292,2694415.2278609443],[4550866.795921812,2686927.4082369446],[4498385.002765209,2684586.3212602413],[4498493.323077679,2682090.664428753],[4488496.676712121,2681647.6706589735],[4488604.856761487,2679152.1544655077],[4479544.527366924,2678751.657923093],[4479512.999626897,2678881.4523105305],[4479750.225080022,2679298.701834025],[4479578.90975472,2679589.052560463],[4479517.433593815,2679992.520387455],[4479907.542061023,2680570.5954411626],[4480281.620806945,2681370.995025947],[4480392.560835851,2682020.600762555],[4480872.153037515,2682491.8304601284],[4481174.188082765,2682917.8868053216],[4481232.172542504,2683222.2963992767],[4480571.143735392,2684666.517634432],[4480497.526748124,2685011.8943245793],[4480216.788161768,2685264.6237990116],[4479565.880340381,2685405.826177502],[4479032.348400293,2685960.6188538824],[4478778.789340587,2686108.6266765287],[4478707.393938502,2686670.2169076703],[4478740.476880843,2686936.2414682116],[4478944.007643759,2687329.765174454],[4479279.788203781,2687607.0918142293],[4479515.415764756,2687636.5829504523],[4479734.016567745,2687814.409108361],[4479906.109386498,2688352.6997015346],[4480131.9770820625,2688609.76556277],[4480414.281017906,2688773.42546025],[4480460.376884275,2689210.85317289],[4480879.89220039,2689800.8296720777],[4481130.079136189,2689839.314045694],[4481571.786349162,2689644.8061624994],[4481906.676713698,2689252.6302689873],[4481981.561778731,2689033.9432496727],[4482466.964008325,2688767.5783233903],[4482518.836811349,2688561.8708020877],[4482695.47631482,2688373.8185543427],[4483310.7545740185,2688110.0217577107],[4483488.657436121,2688184.790900114],[4483775.01683535,2688527.607793751],[4484284.4550259905,2688811.6796832634],[4484544.55291431,2689190.2978671696],[4485032.861415774,2689408.617531086],[4485126.140004986,2689750.7522561625],[4485200.649604954,2689780.6100413576],[4485947.6295890985,2689546.4611646803],[4486736.781911212,2689613.119012728],[4487009.376734553,2689414.3156753834],[4487231.507171851,2689374.0024507297],[4487258.485869946,2689976.3436217266],[4487260.636882288,2689672.352234148],[4487316.040655238,2689775.5955793215],[4487520.348529531,2689792.1775644305],[4487614.875768436,2689969.4693794665],[4488090.681376755,2690105.243621037],[4488670.90047948,2691158.8166567],[4488881.678996083,2691129.7803824944],[4489176.138144043,2691310.3356605493],[4489435.40663294,2691350.9162128647],[4489711.390403099,2691255.0708243195],[4489923.605072802,2690785.736387591],[4489894.026365462,2690473.213239802],[4490298.446364853,2690096.4854160594],[4490587.892670101,2690242.445943521],[4491086.785030991,2690306.186957717],[4491399.63688915,2690809.143570855],[4491593.151762944,2690859.7945865304],[4492324.69488755,2690242.625897454],[4492496.808016833,2690321.1907608774],[4492645.501824867,2690611.965466042],[4493021.423188155,2690926.9178825957],[4493258.124486343,2691327.402801255],[4493454.017943055,2691492.3061711467],[4493492.594294865,2691706.4951115977],[4493907.440551423,2692010.0163096143],[4494029.291710276,2692326.0743989865],[4494352.274086627,2692559.769524485],[4494394.32743037,2692774.6427714713],[4494621.659235958,2692993.4163322225],[4494688.408543376,2693191.9638827303],[4494681.469926868,2693693.76765334],[4495271.027164594,2693470.3841041056],[4495479.265686868,2693537.42880145],[4496222.307920166,2693413.9355454766],[4496387.2687804075,2692978.981924873],[4497516.393504864,2693218.0982905873],[4497616.4849446155,2693330.980034564],[4497745.755486293,2692913.464061283],[4497977.541717317,2692835.847573056],[4498166.970038886,2692598.4004347217],[4498622.137967025,2692501.3297324986],[4498831.327245001,2692250.9108196823],[4499317.759949516,2692275.5668927818],[4499485.620378584,2692204.947186635],[4499998.6156434845,2691791.3611901384],[4500236.504063546,2691807.2861035424],[4500649.448389488,2691514.499770411],[4501699.919520856,2691927.544414279],[4502267.164993845,2691973.515609606],[4502942.121115383,2691809.414493697],[4503345.753454556,2691858.0519575058],[4503608.680040464,2692082.9740631],[4503641.78143986,2692322.8098589783],[4503921.1850155275,2692756.885954218],[4505676.270349948,2693601.5893642157],[4506199.642957033,2693398.1987452777],[4506433.919841718,2693442.2375282235],[4507134.056753766,2693279.116815932],[4507437.302718753,2693295.1769529115],[4507804.803458179,2693134.3082819204],[4508002.406306371,2693304.191408812],[4508439.398999592,2693446.7747756764],[4508628.867160393,2693800.338443863],[4508711.9983296795,2693797.7868880527],[4509061.242195533,2694707.0802069986],[4509379.971732941,2694830.45872676],[4509676.633768544,2694712.9361898564],[4509625.882949493,2695149.146986399],[4509801.825265787,2695307.6387753235],[4509890.510989348,2695532.2144655576],[4509827.519139946,2695794.8140633493],[4509889.239844481,2696027.5244664345],[4509631.932829651,2695936.6778091975],[4509389.171710042,2696194.1301900544],[4508940.582169597,2696358.8932506675],[4508930.577265952,2696870.7753751525],[4509044.292747352,2697141.4061035966],[4508536.347042188,2697459.1237013894],[4508349.009226797,2697731.8177931583],[4508462.960960849,2698109.8177884133],[4508391.660492337,2698155.829313176],[4508338.09339649,2698094.181081769],[4508354.671272221,2698399.9855779125],[4508581.384399553,2699179.1723152753],[4509280.122972162,2699380.3527305587],[4509334.294571209,2699476.9107094565],[4509571.383667788,2699472.832058272],[4509728.619124681,2699607.30832149],[4509767.771482776,2700085.410304724],[4510145.860505711,2700632.263908475],[4510292.330207587,2701039.145567265],[4510975.871992583,2700977.2724092673],[4511630.257018902,2700704.557361336],[4512184.261850692,2700847.8727538125],[4512298.260792407,2700962.6369242193],[4513047.796838199,2701214.7767700893],[4513268.062646562,2701448.881576565],[4513238.010130118,2701574.448979141],[4513346.879262994,2701549.780793422],[4513969.28807421,2701772.0123542165],[4514243.249102309,2701635.5715841334],[4514544.887142501,2701786.18426585],[4514599.796604635,2701766.2741879257],[4514596.6344417,2701385.3932438567],[4514702.835857499,2701262.7772092377],[4515196.917105696,2701158.7143859365],[4515254.549174471,2701064.294484714],[4515773.53651635,2701045.902478952],[4516482.076489251,2701755.793540794],[4516619.429988479,2701961.1497163475],[4516566.4175551,2702251.057794287],[4516681.761308152,2702356.0419442775],[4516773.835548024,2702638.296576827],[4517119.4332047105,2702806.1555331154],[4517394.805578495,2703401.6306655356],[4517537.683528071,2703511.173953979],[4517748.700220517,2703478.901372254],[4518393.245122842,2703883.7668103627],[4518778.606633947,2703838.433524915],[4518993.288189158,2704065.566446673],[4519007.886328269,2704316.3064632327],[4519129.054649276,2704501.108180187],[4519098.286006365,2704760.738557377],[4519248.532304438,2704893.031921958],[4519286.269610043,2705316.570856069],[4519674.9056712715,2705585.5966928103],[4519803.941742317,2705962.7390476773],[4520052.362212796,2706097.101892072],[4520096.575609457,2706647.783686065],[4519972.318982769,2706963.4870509333],[4520021.803712344,2707516.008593723],[4519639.831229385,2707756.0355716823],[4519689.807743072,2708040.2214477924]]]}},{"type":"Feature","properties":{"flugjahr":"2010","gebiet":"Salzburg"},"geometry":{"type":"Polygon","coordinates":[[[4567706.3195195,2702689.6796029173],[4567269.985191568,2712674.469728727],[4569769.01473242,2712787.0669464516],[4569659.83262593,2715283.3116431898],[4574657.315225777,2715508.638071894],[4574548.078884581,2718004.8912551855],[4567051.804045188,2717666.933564085],[4566942.542454705,2720163.1579884025],[4581934.918207445,2720839.7739156927],[4582087.982031465,2717344.939811967],[4583337.31637333,2717401.4390417556],[4583381.061048202,2716402.9291136647],[4584630.390713052,2716459.4284209074],[4584761.601672135,2713463.8919559075],[4579764.057954969,2713238.046240296],[4580091.760822668,2705749.3059269674],[4575094.102527522,2705523.7283128346],[4575203.207953947,2703027.613885356],[4570205.411078643,2702802.2396925474],[4569987.273740537,2707794.599676014],[4567488.396561287,2707682.0210613087],[4567706.3195195,2702689.6796029173]]]}},{"type":"Feature","properties":{"flugjahr":"2019","gebiet":"Salzburg"},"geometry":{"type":"Polygon","coordinates":[[[4579361.57234803,2745841.599839661],[4579177.9502867935,2744699.5912542054],[4579331.578372415,2744385.1680122246],[4579063.544766977,2743530.9551453996],[4579101.263758042,2743329.460908142],[4578860.849425745,2743018.08976856],[4578928.359312069,2742685.9055425413],[4578776.749704234,2742259.108566054],[4578789.327848774,2742086.48291343],[4581878.876016131,2740637.9991473486],[4582605.81311778,2740443.453738816],[4583470.066799424,2740565.6842845846],[4584077.471817554,2740441.534312746],[4584137.502781912,2740302.094167337],[4583950.583490982,2740138.916598197],[4584132.679821609,2740031.9068282223],[4584490.70484949,2740036.195231354],[4584609.971532715,2740179.1014762744],[4585244.054716868,2740182.9377600094],[4585598.750410769,2739997.2086410737],[4585944.154280881,2740088.513303709],[4587299.129178774,2739751.157792451],[4587493.108640513,2739785.9926619586],[4587349.101731947,2739385.163146903],[4587380.635069946,2739190.6168394056],[4587275.788736206,2739099.6251313887],[4587186.980083642,2738737.1933252867],[4587210.693837016,2738518.246116996],[4587042.667314625,2738392.1425752565],[4586973.293254243,2738225.9022710524],[4586666.344136592,2738007.251588014],[4586447.120157424,2737641.994382327],[4586338.9265150335,2737309.716021529],[4586358.826943223,2736423.204511599],[4586287.807593814,2736236.483776782],[4586014.753429012,2735980.584631562],[4585570.347464804,2735860.39176549],[4585147.380699893,2735381.0987875927],[4584736.767716586,2735574.603591204],[4584553.1514560245,2735442.409656762],[4584332.86728484,2734989.4561178456],[4583968.340128785,2734646.33213599],[4584033.900961978,2733504.5817112355],[4583780.76448602,2732790.9193337313],[4583345.242952132,2732030.051276655],[4583413.997804998,2731784.4430882195],[4583301.834253661,2731583.5909030954],[4582969.828908232,2731391.7725825524],[4582982.337338003,2731083.690563329],[4583140.270237382,2730685.2978141764],[4583421.452508106,2730417.3372125896],[4583822.135663101,2730399.50242671],[4583983.191804621,2730465.720147458],[4584331.84984418,2730277.724311691],[4584508.280618406,2730289.700466511],[4585017.784403067,2730674.3348244587],[4585175.177204758,2730664.473848215],[4585604.5176553065,2730232.411250128],[4585574.9521146715,2729903.449062592],[4585731.839800875,2729779.6961045163],[4586013.71233524,2729051.2983880285],[4585722.838069433,2728514.9428255083],[4585595.550046177,2728509.1852337844],[4585510.680519242,2728327.5727192275],[4585298.262893879,2728187.8761971663],[4585273.052952639,2727989.451929689],[4584732.495328774,2727041.5598636265],[4584768.778129704,2726602.8922088314],[4584679.381510116,2726382.344497877],[4584857.014107328,2725566.2177268467],[4584748.806117867,2724954.909767853],[4584289.738434714,2724838.6945589893],[4583698.183885131,2724354.126745792],[4582793.697830806,2723321.3583742627],[4582983.633758691,2722892.3960789647],[4583062.934439207,2722420.92844917],[4583279.191909811,2722263.5431372016],[4583205.733878454,2722060.0999346646],[4583355.775945363,2721644.8889065688],[4583276.157035485,2721238.8417202574],[4582955.574066313,2721036.558897067],[4582945.039915662,2720885.450881538],[4561945.051566557,2719938.0992293744],[4562163.4054443585,2714945.954047952],[4564662.112795085,2715058.467194996],[4564771.246694822,2712562.3848842927],[4567269.964929777,2712674.9332929896],[4567815.331526444,2700193.731709117],[4560317.924927164,2699856.4015241866],[4559882.915077986,2709840.399543252],[4557383.164958646,2709727.9719352145],[4556946.699169957,2719713.2131094555],[4550124.303783373,2719406.573643397],[4550157.396416646,2719956.258873589],[4550687.308584117,2720427.321441944],[4550911.239064064,2720759.1996968035],[4550929.249171486,2721048.2285833796],[4550900.943607705,2721165.680421709],[4550586.071167148,2721324.0227787825],[4550155.479875436,2721909.049207258],[4550156.4944640435,2722069.3873048327],[4549880.671532344,2722394.0029812846],[4549756.226305407,2722747.7432476995],[4549796.072508072,2722931.2481716834],[4549981.703155102,2723105.8142519435],[4549879.036276453,2723620.6429627286],[4549968.300956359,2723718.082412095],[4550777.483672409,2723982.821235913],[4551609.101202902,2724137.6242805966],[4551830.413478756,2724099.866002432],[4551923.603520289,2724167.6098708706],[4551926.617797884,2724420.9142933395],[4551694.394404883,2724551.202872827],[4551379.794103483,2724986.1718116654],[4551229.552570611,2725712.0342324334],[4551378.084380908,2725937.248402647],[4551797.37458636,2726206.881460102],[4551880.132782142,2726772.0305679403],[4552311.9445165675,2727258.7330851965],[4552520.347561007,2727738.649112684],[4552860.977501983,2727964.232925565],[4553605.894452412,2728805.4263361963],[4553760.532107587,2729652.2737855576],[4553541.142532279,2730204.9577042377],[4553250.687295389,2730417.4426091923],[4553033.709751971,2730787.10151481],[4552925.958434229,2731149.187118596],[4553008.368169705,2731493.8456571493],[4552681.090457251,2732027.9463340337],[4552840.847080935,2732035.1182818413],[4552970.9750031065,2731840.4486078727],[4559108.93410783,2732116.5675995494],[4558872.737589754,2737508.4950371543],[4556374.274748387,2737396.022105814],[4555844.77261333,2749478.618767242],[4569054.696911472,2750074.067733219],[4569118.255443073,2749914.9681937033],[4569376.8734636605,2749878.3973147944],[4569845.036476879,2749981.52843245],[4569908.591442697,2749911.575308314],[4570823.701047991,2749993.7833359735],[4571041.298401463,2750070.7760476004],[4571245.279681643,2750001.6640654607],[4571440.849191427,2750076.4949295064],[4571593.22442705,2750037.8131256085],[4571793.519482685,2750156.664287109],[4572033.243735748,2749725.2145725535],[4573155.627341735,2749290.0580572975],[4573398.334160819,2748946.2341138204],[4573780.99422928,2748796.349415762],[4573868.5384270605,2748680.2862702818],[4574819.81850406,2748394.054512796],[4574819.174519147,2748273.029963297],[4574980.368988364,2748116.891183623],[4575385.465973712,2748221.072470041],[4575378.923889321,2748333.5939627066],[4575475.352142674,2748341.751649797],[4575652.34087225,2748615.3962406274],[4575901.086675042,2748762.2437830744],[4576159.150514024,2748735.9510320416],[4576298.3609899795,2748633.073310405],[4577116.0733984765,2748716.5670298263],[4577513.645211879,2748830.5634306767],[4577628.817017346,2748997.4414817896],[4578102.262012141,2749000.8862055074],[4578175.652094209,2748896.7534338776],[4578386.683556418,2748933.9597557373],[4578899.53291673,2749203.9657978574],[4579238.153646454,2749198.1920896713],[4579574.43062816,2749433.496518122],[4579879.456788046,2749297.093195645],[4580424.5599340275,2749424.5269038766],[4580600.148609318,2749316.838128352],[4580757.822578441,2749465.010239525],[4581380.285842003,2749268.6457397016],[4581559.469312723,2749130.7681732345],[4581921.936752773,2749261.3743436174],[4581896.452746844,2749118.558044925],[4582027.648952369,2749004.49256194],[4582119.091851447,2748257.7327675093],[4582232.876375009,2748065.6441957126],[4582561.194844282,2747900.634859889],[4582729.115162838,2748148.4165437906],[4582908.199604742,2748231.1722326106],[4583208.2886713855,2747937.3883151943],[4583545.452707794,2747977.8816662757],[4583815.24305717,2748114.7627388956],[4583952.311835151,2748334.313388486],[4583941.081246127,2748636.1615788443],[4584076.597336355,2748840.184617845],[4584447.974282225,2748752.331769701],[4584840.386351181,2748949.9653480756],[4585461.697675521,2748913.4569882406],[4585286.444650202,2748483.2654463835],[4585449.930876622,2748516.7589084688],[4585633.550017979,2748336.5981394374],[4585825.614882169,2747918.8272796576],[4586205.575847731,2747402.001250194],[4586011.974030927,2746615.695619297],[4585381.177758267,2746356.1226052623],[4585174.488944305,2746374.217304538],[4584523.81714389,2746085.8161030835],[4584242.420528832,2746310.310353069],[4583985.887748868,2746259.637471644],[4583776.135446622,2746315.956217833],[4583405.429978358,2746490.8173875804],[4583273.848336671,2746685.5403393167],[4582324.262700219,2747111.0309046786],[4582185.93330587,2747041.0621019267],[4581710.602430925,2747093.454469667],[4581213.737888922,2747443.6224408695],[4580710.640067252,2747478.752111865],[4580189.715398084,2746541.130975203],[4579361.57234803,2745841.599839661]]]}},{"type":"Feature","properties":{"flugjahr":"2007","gebiet":"Salzburg"},"geometry":{"type":"Polygon","coordinates":[[[4511205.793743516,2677654.185866458],[4511097.455171579,2680149.867877544],[4513596.664601785,2680261.1001314563],[4513705.018269703,2677765.328148469],[4511205.793743516,2677654.185866458]]]}},{"type":"Feature","properties":{"flugjahr":"2009","gebiet":"Salzburg"},"geometry":{"type":"Polygon","coordinates":[[[4523593.434042093,2680706.3006919874],[4511097.455171579,2680149.867877544],[4511205.793743516,2677654.185866458],[4508706.567757095,2677543.040976904],[4508489.94173141,2682534.4922303967],[4505990.759189529,2682423.4348125895],[4505882.417855627,2684919.213278247],[4523376.453456763,2685697.8285992504],[4523593.434042093,2680706.3006919874]]]}},{"type":"Feature","properties":{"flugjahr":"2018","gebiet":"Salzburg"},"geometry":{"type":"Polygon","coordinates":[[[4579256.296621182,2667609.7631998984],[4579661.5799798,2658212.99424492],[4572909.317859083,2657908.847070666],[4572465.6787782535,2657288.501064508],[4571661.753495725,2657648.407902898],[4571396.632510408,2657480.031941658],[4571112.163597009,2657601.907108752],[4570687.868478408,2657648.6456925785],[4569671.621552863,2657255.368030557],[4569676.773571712,2657136.8516315892],[4568977.791594892,2657002.7722119666],[4568017.3407814,2656579.5768050067],[4567761.737570193,2656293.041585303],[4567501.459525575,2656525.6733774543],[4566440.245487437,2655922.198070449],[4565857.889598313,2656173.0583291193],[4564712.665554444,2656160.4787634257],[4563417.633128905,2655965.7009063913],[4562837.938574335,2655597.789719187],[4562532.921454185,2655519.175797387],[4561956.586176148,2655832.919016292],[4561151.961098992,2655776.7264375836],[4561005.886948056,2655935.648016878],[4560312.929838897,2656309.2568050707],[4559703.737731535,2656294.0092151584],[4559689.972191664,2656610.721294803],[4558466.755072089,2657260.5291921026],[4557964.0653293915,2657240.543236493],[4557811.514030638,2657600.377139779],[4557263.512144354,2657208.6019031596],[4557092.683072078,2657192.5161507158],[4556749.90202822,2657545.875874158],[4555614.691681043,2657875.0268498645],[4555287.4217519825,2658294.5854301923],[4555203.084700399,2658578.426195964],[4554571.9676367,2658845.8920035628],[4554514.796651704,2660458.9690967067],[4553612.82839934,2660803.109835468],[4553124.501709941,2661242.617412238],[4552790.389888326,2661322.913566908],[4552643.345442843,2661186.566768299],[4552232.235398048,2661335.674678539],[4551767.181619757,2661741.8844232247],[4551130.2344032405,2661788.8942741607],[4550655.892417345,2662030.441635959],[4550749.871673915,2662819.779324377],[4550726.474850356,2663055.2544777524],[4550585.879227414,2663262.483029732],[4549715.981309366,2663522.4468147745],[4549379.936145698,2663550.5063118665],[4548802.308017453,2676831.6148376456],[4551300.282958436,2676946.1872268845],[4550431.637906327,2696911.278399677],[4557928.598430583,2697247.871465749],[4557819.7022984065,2699743.918346665],[4575312.275061342,2700531.4503787505],[4575094.102527522,2705523.7283128346],[4590372.919259227,2706242.1227789586],[4590556.428530071,2705809.58396225],[4590824.889245656,2705633.143121911],[4590861.200594867,2704970.7086730455],[4590757.593725497,2704256.5412242454],[4591046.494595249,2703660.977031446],[4591447.918569869,2703254.1522437017],[4591540.7738749925,2703058.85341976],[4591475.707804527,2702697.8903025435],[4591765.162428935,2701942.218662976],[4591665.257634467,2701562.66187403],[4591898.2102641575,2701176.847446677],[4591944.253311835,2700709.4032488465],[4592251.217910943,2700492.520263303],[4592316.96590311,2699979.1381776333],[4592593.682027488,2699701.1406455226],[4592866.251313891,2698928.737624079],[4593112.233106262,2698513.6729076626],[4593010.803609942,2698299.541645638],[4593196.262965065,2698097.05673123],[4593266.366385765,2697598.760204345],[4593452.7084172,2697350.194303262],[4593373.700922275,2697050.5963837286],[4593172.336651692,2696812.5112428335],[4592913.672691477,2695921.512629458],[4592983.501420715,2695748.1865912387],[4592964.412084104,2695391.7489012843],[4593093.583020565,2695284.1600357983],[4593415.0990546895,2695284.626874855],[4593499.333153145,2695218.4651502785],[4593445.312955434,2694937.198838312],[4593507.83579957,2694164.7872304786],[4593342.047754517,2693843.4778443845],[4593131.612151639,2693833.3931615516],[4593458.922990921,2686344.9933529124],[4575965.45010031,2685555.1129797176],[4576183.176267979,2680563.449786246],[4573684.281420418,2680450.8411386735],[4573793.08249065,2677955.0540514416],[4561297.436015941,2677392.9278118555],[4561898.7007207805,2663593.342970539],[4561493.292757679,2663202.7917074403],[4561141.7747590495,2663053.6110221962],[4561740.897448554,2661234.9517692397],[4562594.569183819,2659984.489029413],[4562839.4788087625,2659896.1296130144],[4563106.521742182,2660008.109215769],[4563994.32514385,2661228.687463688],[4564120.207669878,2663853.317098963],[4564632.499197173,2664021.8607936157],[4565380.490140547,2664014.770413712],[4566439.302919111,2664444.9522170406],[4568059.947085428,2664939.1215470135],[4568131.908210979,2665140.581322554],[4567813.000745781,2667050.8495654613],[4567380.813020975,2667446.725385055],[4567442.9245053595,2667680.718712489],[4567742.017228021,2668110.9671740574],[4567927.011447365,2668962.244793281],[4568781.0906275185,2669268.2694793786],[4569958.706110895,2669947.1251982385],[4570841.839183773,2669916.376048265],[4571271.305433629,2669652.4443695084],[4571590.026012973,2669238.3170954688],[4571869.59218603,2669112.363509555],[4572527.540943992,2669057.951012329],[4572696.942061019,2669341.0028449413],[4573580.998813629,2669670.98090965],[4573701.170267891,2669923.7087696567],[4574130.93250291,2670185.3911276697],[4574976.300569782,2670269.618712707],[4575176.678984093,2670222.7141559264],[4576378.413120218,2670616.886993632],[4576752.906780271,2670342.7261571083],[4577504.097792943,2670116.748050949],[4577634.391681171,2670002.1298034834],[4577682.414069933,2669122.5331713925],[4577787.279851806,2668743.7322188974],[4578222.498902086,2668275.8636617144],[4579256.296621182,2667609.7631998984]]]}},{"type":"Feature","properties":{"flugjahr":"2009","gebiet":"Salzburg"},"geometry":{"type":"Polygon","coordinates":[[[4575203.207953947,2703027.613885356],[4575312.275061342,2700531.4503787505],[4572813.385885506,2700418.7621187763],[4572704.337173926,2702914.9177939836],[4575203.207953947,2703027.613885356]]]}},{"type":"Feature","properties":{"flugjahr":"2009","gebiet":"Salzburg"},"geometry":{"type":"Polygon","coordinates":[[[4537936.572422757,2696351.323438884],[4542934.640954352,2696575.1510377815],[4543043.370096911,2694079.1443131045],[4538045.304781025,2693855.3325624904],[4537936.572422757,2696351.323438884]]]}},{"type":"Feature","properties":{"flugjahr":"2007","gebiet":"Salzburg"},"geometry":{"type":"Polygon","coordinates":[[[4513705.018269703,2677765.328148469],[4516204.243375773,2677876.5130507825],[4516095.867330584,2680372.2688989476],[4521094.2483991645,2680594.910650234],[4521202.675815996,2678099.1428780546],[4518703.46570796,2677987.792104617],[4518811.832824919,2675492.0966453054],[4513813.338984579,2675269.624886289],[4513705.018269703,2677765.328148469]]]}},{"type":"Feature","properties":{"flugjahr":"2008","gebiet":"Salzburg"},"geometry":{"type":"Polygon","coordinates":[[[4516095.867330584,2680372.2688989476],[4516204.243375773,2677876.5130507825],[4513705.018269703,2677765.328148469],[4513596.664601785,2680261.1001314563],[4516095.867330584,2680372.2688989476]]]}},{"type":"Feature","properties":{"flugjahr":"2008","gebiet":"Salzburg"},"geometry":{"type":"Polygon","coordinates":[[[4572813.385885506,2700418.7621187763],[4567815.534445576,2700193.535692294],[4567706.517799433,2702689.688531689],[4572704.337173926,2702914.9177939836],[4572813.385885506,2700418.7621187763]]]}},{"type":"Feature","properties":{"flugjahr":"2008","gebiet":"Salzburg"},"geometry":{"type":"Polygon","coordinates":[[[4540054.375279137,2713952.6529440796],[4540346.373878122,2713688.7537990543],[4542210.264336839,2712785.6965330318],[4543709.909203212,2711855.0052209487],[4544313.454315616,2711642.5228866083],[4539782.496579344,2711439.4626469063],[4539673.507815928,2713935.594511118],[4540054.375279137,2713952.6529440796]]]}},{"type":"Feature","properties":{"flugjahr":"2012","gebiet":"K\u00e4rnten"},"geometry":{"type":"Polygon","coordinates":[[[4661810.806854847,2611949.620027745],[4691074.886449587,2613280.493510008],[4690749.059905576,2612957.078185825],[4690770.184654027,2612807.3499240624],[4690898.116317203,2612693.154137047],[4690822.083308342,2612446.2883857554],[4690928.243916613,2612016.8600830776],[4690915.385523831,2611569.3612711304],[4690617.648081202,2611413.5369527424],[4689962.4407980135,2611306.1885777717],[4689434.496097181,2610888.97670917],[4689110.933611722,2610801.06190162],[4688444.284918159,2610306.709371876],[4688082.039046534,2610500.642913424],[4688001.334700819,2610380.974029805],[4687745.6762975175,2610830.721527577],[4687455.518801871,2610732.934135375],[4687137.752870714,2610790.0571755865],[4686694.909646733,2610688.3091152515],[4686458.420609701,2610740.2304773596],[4685609.751810258,2609914.9144959026],[4685503.882704925,2610095.3208185844],[4685507.447679793,2610261.8203256223],[4685416.359545411,2610288.846194623],[4685325.157380659,2610523.951426913],[4685017.111333167,2610722.2134943875],[4684755.022377815,2610473.155640593],[4684599.246534637,2609840.0864035697],[4684131.680940587,2609010.0662780358],[4684061.468596995,2609278.805097517],[4683839.4904892305,2609451.698202891],[4683575.414808527,2609854.3201384246],[4683019.623240069,2610010.9640820893],[4682939.741823951,2609446.352368243],[4682749.026336605,2609181.326938454],[4682839.677143343,2609077.783568158],[4682857.737355472,2608824.064547528],[4682724.370770322,2607866.958157741],[4682182.263690283,2607783.738532514],[4682140.862818911,2607528.4096025317],[4681873.356417781,2607102.7684868784],[4682167.091708244,2606803.953484511],[4682178.330723243,2606535.7780456473],[4682290.443327714,2606332.2340932116],[4682085.960631081,2605915.6287960797],[4681941.755334968,2605995.9196598153],[4681688.1372987265,2605905.745561649],[4681310.318711571,2605947.806701724],[4680815.784970697,2606304.228680893],[4680499.879771251,2605706.945110067],[4680279.782470381,2605596.815099743],[4680584.235816655,2605167.818900801],[4680366.369751901,2604755.6276779044],[4680286.218182054,2604354.254617352],[4679993.973758429,2604378.9356170315],[4679663.497428795,2604234.697927625],[4679424.554321176,2603801.028857925],[4679233.9992326815,2603633.3667883445],[4678834.81936877,2603543.4861402623],[4678604.229386331,2603615.3360668323],[4677972.576862744,2603335.180751864],[4677732.863328308,2603340.4489210453],[4677035.299028706,2602904.05471217],[4676328.4565221965,2602772.323520968],[4675623.277168343,2602849.9431868223],[4675194.767253321,2602744.9640027136],[4674998.168582808,2602494.7683995697],[4674328.900978926,2602439.7624069694],[4674374.481759705,2602141.1365393274],[4674309.131509757,2602037.6435859697],[4674048.200599792,2601808.8258267688],[4673642.633793954,2601610.124715923],[4673673.524165741,2601412.9708045404],[4673525.719390254,2600970.5593119436],[4673511.784137335,2600410.882910015],[4673420.7792779105,2600304.211091589],[4673491.611685371,2600055.415326207],[4673914.739039564,2599917.4853805276],[4673916.95634782,2599581.2408194826],[4674002.986291746,2599389.584279786],[4673946.769206906,2598947.386272564],[4673821.709914153,2598778.6094548865],[4673872.227511341,2598075.5802562614],[4673954.819416549,2597868.9850783553],[4673826.01131996,2597516.5870232387],[4673867.618563469,2597451.549449004],[4673726.39783808,2597013.273373213],[4673346.215946978,2596511.3897133423],[4673349.831480528,2596404.5183594194],[4673593.689309825,2596250.485854412],[4673353.839278587,2595726.423010874],[4672961.807174965,2595528.62136071],[4672661.40539617,2595545.2458598395],[4672444.779781464,2595446.934055142],[4672387.181108351,2595157.1635776325],[4672307.307091616,2595136.099493348],[4671721.384842963,2595565.879455218],[4671749.762145948,2595689.992395209],[4671633.3839947125,2595800.9819754916],[4671661.2365348125,2596526.3069699244],[4671474.360355277,2596807.935004246],[4671379.185156261,2597222.399627496],[4671118.21349063,2597706.645863721],[4670858.104113767,2597915.6948897275],[4670886.412810286,2598013.80278615],[4670413.064076887,2598504.4535920946],[4670268.049610842,2598798.2527911193],[4670186.94607477,2599377.1966361078],[4669883.597019287,2599654.3384367693],[4669567.032751491,2599675.22171134],[4668743.732765151,2600649.8811971624],[4668694.005495559,2601029.573846166],[4668301.5832755575,2600885.66030629],[4667805.43443784,2600829.7018947783],[4667469.27950332,2600616.4335405733],[4667295.71459224,2600462.3997272262],[4667268.988493411,2600168.182093847],[4667078.750608783,2600133.593862645],[4666888.550056733,2599985.3186019394],[4666517.604961075,2599302.1591682974],[4665904.762764236,2599544.3370057046],[4665694.979427631,2599355.098143868],[4665484.691479177,2599303.098996194],[4665414.665832777,2599765.5135026095],[4665260.991719219,2599992.3994669504],[4665031.715099894,2599962.781406603],[4664503.735565093,2600187.4573063143],[4663826.610336475,2600045.937574901],[4663329.1847616015,2600171.91295976],[4662971.09098436,2600053.1343938075],[4662644.483041958,2600196.8522916953],[4662538.174437039,2600466.922790502],[4662575.83299274,2600749.8772785226],[4662218.594254798,2601033.9049333427],[4662016.701875984,2601064.473894241],[4661602.08803865,2601584.942686416],[4661733.823342217,2601956.9126538886],[4662229.769653965,2602143.0231832312],[4662190.478584558,2602377.080562513],[4661912.055554166,2602346.348290499],[4661488.792970537,2602796.3147039334],[4661035.523498084,2602582.0128320185],[4660175.86025427,2602541.200232116],[4660083.41939021,2602639.5989550743],[4659966.008378425,2602631.9369238135],[4659909.130707866,2602515.18015069],[4658960.955130474,2602301.667527923],[4657896.032922407,2601701.9535921863],[4656836.273676025,2601718.579094752],[4656787.727906194,2601593.049033706],[4656573.704993904,2601524.372584791],[4655928.43120037,2601543.0765584097],[4655596.076996206,2601363.4063258925],[4654986.181214769,2601334.5180025143],[4654763.690878401,2601083.866269285],[4654526.965075078,2601046.1269858796],[4654107.3887283765,2600676.5689163534],[4653650.581801811,2600549.507289487],[4652916.768687135,2600565.7785865525],[4652493.090213612,2600414.5952736],[4652269.031499352,2600427.0079919817],[4651848.632313359,2600933.334391064],[4651817.665055258,2601157.432231837],[4651721.71381743,2601246.9370670114],[4651148.341638679,2601338.843267358],[4650274.206161407,2601743.75806717],[4650136.633520906,2601647.30357707],[4649916.889434729,2601664.2111079353],[4649410.969702888,2601494.9058539257],[4648869.971632075,2601080.9242577674],[4648649.749367566,2601179.3151658652],[4648247.288292547,2601128.376411872],[4648117.096637727,2600921.182798859],[4647664.1218996,2600588.754546019],[4646915.703306912,2600389.5705395984],[4646809.389079548,2600289.7424982097],[4646588.225195311,2600412.267919017],[4646313.696964842,2600443.8536369754],[4646003.987992951,2600651.1215600492],[4645724.822346285,2601155.8905660757],[4645370.576527239,2601433.1379469726],[4645212.672217849,2601347.4155905205],[4645022.214510043,2601389.1955967937],[4644866.788783069,2601035.3091821535],[4644499.419504978,2600947.435304666],[4643576.091979746,2601089.4387117885],[4643489.699994488,2601210.734164121],[4643293.955999691,2601235.2165846257],[4643199.471875868,2601387.337714861],[4643224.6171611305,2601192.8671285487],[4643083.251119263,2601016.342981314],[4642617.322065279,2600719.7428260604],[4642428.226186696,2600723.1934068464],[4642136.965670377,2600218.511498112],[4641850.780078412,2600203.8883875026],[4641608.89058332,2600096.494326073],[4641137.608398372,2600119.809356729],[4640449.414595846,2600314.707083534],[4640277.851818189,2600486.3064850243],[4640148.525369633,2601114.0766246226],[4639914.13594076,2601111.499654332],[4639600.602713643,2601388.663009229],[4639402.788289572,2601428.471812243],[4639276.07115417,2601649.131071867],[4639121.345406093,2601662.9375727237],[4638924.129945344,2601840.659832789],[4638841.987185561,2601949.5917504984],[4638905.843587803,2602269.626126494],[4638820.005188816,2602770.9231410343],[4638254.582499992,2603461.4364736136],[4638334.07452434,2603617.234913538],[4637911.290886354,2604214.7427512934],[4637589.51412526,2604437.5504126647],[4637663.494613375,2604712.4564289926],[4637058.806893188,2604857.924885578],[4636590.123601754,2615781.471485536],[4646596.27990918,2616238.212826536],[4646922.192274979,2608751.593396098],[4654419.694974061,2609094.4937900426],[4654093.48587574,2616581.1572275856],[4661583.318973567,2616928.296445772],[4661810.806854847,2611949.620027745]]]}},{"type":"Feature","properties":{"flugjahr":"2012","gebiet":"K\u00e4rnten"},"geometry":{"type":"Polygon","coordinates":[[[4608414.748632438,2656792.7363281683],[4608272.359051157,2656199.293947202],[4608343.195513181,2654369.1822927864],[4611845.8011293225,2651061.0584083935],[4614538.494153585,2651183.2986178715],[4617873.702563691,2652144.9848724846],[4619742.431446754,2655150.5440793843],[4622203.327380817,2655394.354723165],[4622629.608833077,2657298.049830036],[4626590.04203967,2658194.3415750335],[4627154.265948908,2662554.007854618],[4631448.654009856,2663145.38870426],[4633186.328068474,2666767.302836495],[4641293.179590068,2668607.157357915],[4642059.979112251,2665740.2072291835],[4649935.5546605345,2666251.080713088],[4652627.557334565,2665947.186277184],[4653343.138039642,2663103.1666833432],[4654754.477022071,2661695.299972158],[4660679.956881099,2662553.7842181996],[4661067.474098976,2664330.3072702093],[4672575.494933695,2664582.5762218446],[4679451.71797725,2666492.9111278527],[4680052.752629615,2652783.3491403516],[4685057.461883024,2653013.9950882844],[4685923.862501767,2633048.692204978],[4665934.30171929,2632135.636020826],[4665498.400836486,2642110.6264189556],[4660500.977878907,2641881.3142711474],[4660282.7223601425,2646872.910619106],[4655285.289849978,2646643.8189672143],[4655503.424566404,2641652.239841005],[4650505.746614778,2641423.4318635724],[4650941.519993564,2631440.483614035],[4640945.669168705,2630983.5835866584],[4640728.001547116,2635975.014576383],[4630731.83555901,2635519.219236651],[4630949.37013648,2630527.750913915],[4610955.821041346,2629619.0955039104],[4611172.825386973,2624627.760985838],[4606161.878764357,2624402.5528977076],[4605522.920012113,2639375.4368057614],[4595525.897864864,2638923.0466454895],[4595091.502434285,2648905.9375241282],[4577261.509751041,2648104.5057702903],[4577442.115681944,2648725.170909324],[4578099.799069651,2649494.975166289],[4578745.728932828,2649959.18510794],[4578989.492994865,2650506.0000116215],[4578647.740965669,2650847.7033123933],[4577772.839162592,2652308.674814911],[4577301.606549425,2652501.0334787993],[4576731.1815513745,2651991.028926487],[4576470.397969399,2650900.896572878],[4576143.737108432,2650581.1171374978],[4575872.521556038,2650022.718087234],[4575035.041481404,2649400.5832475866],[4574869.104205734,2652995.621630393],[4569878.240601268,2652768.790546141],[4569813.869669537,2654072.7876545284],[4571019.973827412,2654810.5779773034],[4572936.2009430835,2655662.4853027584],[4572990.7245392855,2656346.2307549636],[4572744.195877196,2656900.4980530846],[4572465.6787782535,2657288.501064508],[4572909.317859083,2657908.847070666],[4579661.5799798,2658212.99424492],[4579256.296621182,2667609.7631998984],[4579854.623850383,2667518.467672226],[4580022.289694677,2667613.997214212],[4580275.918454743,2667791.276154288],[4580777.341247367,2668545.0231213802],[4581397.860236308,2668890.4897301635],[4582361.830410433,2668607.3815879216],[4583665.508437255,2668951.7117985375],[4583954.827208975,2668788.6634022607],[4584718.323674897,2668690.350187711],[4586013.688806406,2668302.3556683073],[4586804.835358697,2668214.8163612154],[4587004.344252303,2668149.2302312194],[4587036.988625106,2668006.8985421252],[4587165.258915488,2667945.3857318424],[4587717.881737738,2668004.567552083],[4587883.227544339,2667869.6959631843],[4588563.649209615,2667825.0785953356],[4588677.822688038,2667703.2218328826],[4589367.611518571,2667415.058054095],[4589632.976207887,2667458.795776922],[4590627.000410985,2666958.6086214576],[4591040.600280606,2666922.170249978],[4591402.489220056,2666642.870677002],[4593197.6164671155,2666219.821244673],[4594053.674204353,2666599.7939449362],[4594443.824736316,2666571.2781271287],[4595134.230515066,2666760.581920623],[4595960.421740832,2667185.894646023],[4597414.991531113,2666890.222449845],[4597971.12282656,2665416.1870076293],[4598438.069307902,2665137.0794024565],[4598898.622073055,2665210.8646866577],[4599113.078896544,2665357.3257167083],[4599512.700887513,2665207.7846366465],[4599803.056345997,2665335.624867937],[4599911.162595599,2665186.1215158333],[4600760.764754944,2665352.5155228567],[4601639.327491082,2665361.396873314],[4601753.196566536,2665079.816681155],[4601865.705084335,2665031.976360426],[4601860.5436275825,2664846.4692304423],[4601296.143357978,2664318.0294916034],[4601603.507292898,2663265.15654015],[4601436.7061700225,2662662.45649676],[4601735.268408413,2662502.8071567453],[4601681.233362421,2662323.9072725656],[4601828.053071606,2662198.2170449547],[4601766.538401269,2662089.5592988506],[4601949.617742907,2661639.0671595144],[4602508.174207722,2661289.3845585193],[4602593.117828211,2660962.3745740824],[4602872.207105779,2660741.207436005],[4602969.594340105,2660533.8703227006],[4603530.147171714,2660399.7153614527],[4604190.520224968,2660112.022052025],[4604690.005738374,2660069.958614489],[4604866.855573215,2659930.9307383224],[4605056.217615124,2659910.105625632],[4605459.269560748,2660019.5443166737],[4606023.01935165,2660383.1599965994],[4606026.5196299525,2660477.0640008654],[4606113.883761476,2660384.386226625],[4606537.548022623,2660286.9914497966],[4606936.49095261,2659974.7564935507],[4606960.754516197,2659317.095590749],[4607107.322479899,2659197.2813988533],[4607312.785323322,2659212.478393706],[4607671.075671727,2659099.324657852],[4607973.415061032,2658783.652528249],[4608242.96961235,2657869.4847879275],[4608158.325832748,2657082.2396291476],[4608414.748632438,2656792.7363281683]]]}},{"type":"Feature","properties":{"flugjahr":"2011","gebiet":"K\u00e4rnten"},"geometry":{"type":"Polygon","coordinates":[[[4606161.878764357,2624402.5528977076],[4611172.825386973,2624627.760985838],[4611606.733058749,2614645.5022802493],[4636590.123601754,2615781.471485536],[4637058.806893188,2604857.924885578],[4636426.537576001,2605013.1974432366],[4636140.630480604,2604887.468164883],[4635935.343442354,2605001.0816566707],[4635948.767249176,2605208.7837017532],[4635551.404382242,2605521.562078465],[4635308.44389965,2605593.530707186],[4635059.678477755,2605540.6934972624],[4634879.925726157,2605674.084395594],[4634707.167823817,2605609.437271793],[4633684.115611986,2605671.816994734],[4633274.485694268,2605908.460254688],[4632740.985379801,2605927.1238514427],[4632135.031709577,2606252.7861152077],[4631703.752802885,2606144.1961876187],[4631354.272305243,2606191.61561445],[4631010.330425739,2606025.5655127936],[4630720.674221032,2605751.7608384965],[4630660.075262846,2605467.6804386443],[4630415.029872977,2605447.285221941],[4630279.660209167,2605348.5700020483],[4630169.236635126,2605054.3785411175],[4629913.887697548,2604847.081564004],[4629329.00548446,2604871.4395146733],[4628808.090140421,2604756.131537945],[4628117.211774758,2605342.0873610936],[4627695.495935035,2605362.0329657244],[4627466.124894503,2605459.17472749],[4627380.479504122,2605962.4253681367],[4627157.319118782,2605999.611511592],[4626343.256606439,2606504.0908197025],[4626169.934575438,2606362.4999577953],[4625892.182536347,2606318.4757189844],[4625216.837225198,2606716.263942544],[4625102.388594858,2606954.935144859],[4624524.935525567,2607299.7206054823],[4624517.637499327,2607417.865600072],[4624211.735209004,2607478.2351836935],[4623760.500996341,2607835.552055034],[4623386.687929669,2607823.479949416],[4623340.612522424,2607896.2373706624],[4622845.376688196,2608038.104578898],[4622602.416494316,2608031.865900156],[4622200.945473587,2608549.5028004246],[4621335.869812347,2608780.6628602333],[4621092.02022536,2608712.191785211],[4620936.749152683,2608558.8680621367],[4620518.083552897,2608479.4017978236],[4620088.44020509,2608514.6963075637],[4619826.36751894,2608709.6661284356],[4619453.543230714,2608663.9419472227],[4619020.641131917,2608841.9764713654],[4618796.56850769,2608424.898906366],[4618668.742715139,2608459.3712596437],[4618491.953643616,2608362.7898014546],[4618231.904153144,2608404.0595558514],[4617901.158355537,2608254.1410549018],[4617559.462031045,2607909.52140933],[4617424.032208828,2607933.5988740795],[4617277.6993290875,2607803.9005510905],[4617022.69383042,2607746.913044184],[4616770.419637097,2607802.9971065125],[4616446.637758042,2607760.2071387814],[4615989.116552983,2607925.6578622847],[4615679.110885023,2607918.0012231963],[4615485.577760719,2608013.018562747],[4615390.189647949,2608169.4910008963],[4615155.863119421,2608184.586869117],[4614960.101172556,2607981.080946014],[4615013.511164335,2607797.9570255103],[4614861.434249808,2607604.794526514],[4614480.841727267,2607485.5432425635],[4614399.442777438,2607238.4104010006],[4614131.377039064,2607179.6298499377],[4613992.524111762,2606893.8224355066],[4613759.613911415,2606726.219059466],[4613171.63219692,2606785.5148507357],[4612691.789242723,2606701.254705334],[4612425.323129732,2606559.6395547106],[4612199.312320345,2606837.130955123],[4612028.954426304,2606807.177868571],[4611650.854873463,2607118.224947784],[4611268.942111022,2607255.9831864526],[4611079.602188058,2607833.3732154504],[4610948.233814054,2607850.1739523737],[4610802.932182154,2607665.2899359106],[4610564.280249988,2607692.806951911],[4610296.192979107,2607594.3327616886],[4610196.712938426,2607467.296823626],[4609238.951970968,2607812.1580218845],[4608755.2546047475,2607696.53658754],[4607962.54757087,2607640.498649235],[4607078.675389708,2608143.9979253397],[4607042.676532613,2608268.9655010044],[4606886.625691168,2608253.8915886264],[4606161.878764357,2624402.5528977076]]]}},{"type":"Feature","properties":{"flugjahr":"2016-2017","gebiet":"Nieder\u00f6sterreich"},"geometry":{"type":"Polygon","coordinates":[[[4707399.499570208,2850369.0652918154],[4668509.043262894,2847042.1860352075],[4667937.241429187,2848495.657224725],[4668013.760924531,2849625.959578892],[4668638.620231683,2851699.3772963574],[4668714.420039912,2852617.7930410127],[4668917.176921256,2853263.2374866963],[4669279.486300854,2853997.8484965684],[4670543.857794311,2854878.7066982067],[4670850.282835072,2855440.3610897157],[4671827.723200684,2856133.0276031583],[4672811.251515756,2857146.3315961002],[4673577.853183571,2859573.937597273],[4673986.079341413,2860460.0640057446],[4674179.594201865,2861763.8831279236],[4674061.223599657,2862426.2728083055],[4674203.249365837,2863359.7066973797],[4675034.760125328,2863659.500279229],[4675517.4276276,2864072.6127447532],[4676760.375511809,2864164.344598353],[4677091.614251936,2863920.733406341],[4677738.407679566,2863630.4143806105],[4678559.463837156,2863859.3622748656],[4679192.503557896,2863875.102958124],[4679594.317762101,2863807.5484995823],[4679966.30781236,2863488.4762954554],[4679965.909977155,2863042.831410513],[4680074.522092769,2862917.6241647163],[4680750.900011109,2863030.778802904],[4683315.427142352,2863026.329476109],[4683657.932710629,2862381.1630345704],[4684059.329374097,2862093.122239075],[4685158.576935337,2862348.6479797163],[4685723.559607097,2862967.817773475],[4686474.526557197,2863391.1841915254],[4686491.259997689,2864230.2425436703],[4686226.178904771,2864517.7928580483],[4685679.778716742,2864696.8547865353],[4684997.312094037,2864719.66408546],[4684231.161765345,2864936.230836597],[4683840.0996976085,2865460.7554415613],[4684885.611973858,2866745.413670844],[4684815.451404271,2867546.3584700995],[4684882.809548677,2868319.606629755],[4685296.562585359,2868890.867758759],[4685374.521627658,2870789.097913833],[4685626.3302564155,2871400.5372969266],[4685723.279281243,2871970.7055995786],[4685551.413617448,2872760.094893269],[4685452.353850505,2874881.8243781794],[4686084.3717412725,2876580.937441143],[4686409.879044567,2876766.4601688543],[4686274.104160972,2879322.6359951985],[4686071.470539016,2879735.736194464],[4685488.7657229565,2880417.3832504675],[4684979.478841929,2882642.609395419],[4684712.549691591,2885233.49974317],[4684798.6948635215,2886116.6528947535],[4685285.429790682,2887256.9855496204],[4685284.544582434,2887427.3239308004],[4685624.268792381,2887749.820736145],[4685762.662820671,2888758.0858513582],[4685556.4508861415,2889702.596010394],[4685718.489257815,2890112.226859078],[4685973.543855769,2890498.9270729213],[4687550.495182924,2891335.646169298],[4688030.464121769,2891419.34143856],[4688449.483904104,2891193.5242432896],[4688787.80534918,2890793.5712196333],[4689283.457571939,2890530.4311064593],[4690803.959771842,2890955.6689522723],[4691325.895911612,2890714.194781905],[4691310.6886112895,2890364.4053897783],[4691503.328939889,2890055.3437758796],[4691549.955413479,2889760.6838318575],[4691422.6875915965,2889427.633575179],[4691520.686112116,2889185.466377369],[4691812.5848928355,2889114.252037154],[4694027.9293255,2888997.3346926365],[4694495.464887542,2889305.369769345],[4695488.312791848,2889347.1147788307],[4696325.220627162,2889522.43722017],[4696797.413387437,2889426.3388201874],[4698179.426826648,2888897.9064338235],[4699251.307391845,2886166.2488634726],[4699402.296771953,2885389.534183624],[4699060.260796329,2884065.00543785],[4699405.745798319,2883808.5113329417],[4700839.621300701,2883866.0839572744],[4701538.8378105415,2884676.177330582],[4702049.629133127,2884931.74802828],[4702203.378710752,2885247.891598342],[4703112.037452137,2885744.6759426226],[4703778.299527531,2885682.1965840952],[4704443.707005168,2885474.640147321],[4707399.499570208,2850369.0652918154]]]}},{"type":"Feature","properties":{"flugjahr":"2012","gebiet":"Ober\u00f6sterreich"},"geometry":{"type":"Polygon","coordinates":[[[4527738.825963391,2781271.05875072],[4533747.195491295,2786206.110762034],[4551491.613052729,2787004.561902081],[4552238.9138303995,2769727.070258161],[4551958.208564709,2769529.395364795],[4551944.261269898,2769679.0672808825],[4551619.548336502,2769889.14225144],[4551741.336669358,2770054.294791606],[4551604.259021373,2770376.6526222355],[4551437.394991847,2770241.9453806747],[4551228.605822127,2770559.176404884],[4551144.602074403,2770497.898006961],[4551277.645694728,2770349.438573227],[4551177.20601484,2770240.40198225],[4550974.2208946515,2770254.392125608],[4550713.319564868,2770512.3946426194],[4550496.256392928,2770408.8087715073],[4550370.585544162,2770687.210080445],[4550614.878614431,2770951.3036626354],[4550541.329203252,2771106.8456181115],[4550681.116663158,2771174.1982090925],[4550305.765266753,2771684.4314979063],[4550144.347908787,2771542.1333379135],[4549568.549605275,2771659.374434058],[4549569.983724909,2771512.1565535893],[4549304.922218985,2771348.1917154375],[4549169.683871014,2771354.7387838345],[4549200.69559629,2771612.284283642],[4549436.839751739,2771895.552650101],[4549376.584527227,2771988.2043539183],[4549560.173014161,2772013.732977625],[4549524.510869515,2772134.542127704],[4549134.656870396,2772378.0678978954],[4549153.227888186,2772495.1156005575],[4548968.993850671,2772726.1154218125],[4548995.192397509,2772935.989560872],[4549174.125471708,2773179.6847718754],[4548782.6554661235,2773195.4109990443],[4548357.476097637,2772889.268930155],[4548091.5151821785,2772974.649054419],[4548168.174489017,2773423.9743387434],[4548260.909012428,2773415.106738535],[4548393.994654102,2773708.172905723],[4548230.941714534,2774068.2252678107],[4548268.926394961,2774286.873339895],[4547884.541145274,2774436.3304089718],[4547616.9069706835,2774079.6216076487],[4547511.673107925,2774137.681333217],[4547342.266571875,2773798.0891847922],[4547087.82584996,2773648.7907776893],[4546946.630267102,2773403.7101801764],[4546489.883002464,2773447.3342034966],[4546351.882800316,2773389.4473065776],[4546168.684557419,2773764.3302799966],[4545873.336391147,2773858.6402756185],[4545482.102089743,2773678.4839359825],[4545521.212156564,2773430.87396295],[4545142.71343414,2773034.520392341],[4544859.04089021,2772940.1810995094],[4544415.865707502,2772923.2943283375],[4544290.235481947,2772806.5369750373],[4543861.982500928,2772804.984602508],[4543138.539759885,2772249.2257156577],[4542705.628526327,2772260.841804056],[4541905.765290441,2773224.406394786],[4541521.5779226925,2773261.4275578614],[4541245.653373795,2773491.7106125755],[4541081.482095136,2773346.477017946],[4540950.941738973,2773648.6625750614],[4540303.462879349,2773590.0357993376],[4539886.315339829,2773366.853790888],[4538952.555383252,2772076.2294964725],[4538743.436472944,2771979.7998267836],[4538299.250302533,2771993.6516172895],[4538151.722127309,2771890.883089524],[4538048.281204329,2771283.7280147094],[4537782.320762994,2771028.2799620037],[4537745.768064476,2770486.753433938],[4537592.181364133,2770130.974094],[4537265.16393648,2769986.8457838846],[4537268.948418363,2769819.824341279],[4537199.254105377,2769760.7617749874],[4537263.6263579475,2769718.9033545824],[4537242.417096886,2769468.0673172357],[4537014.5911298385,2769198.133668739],[4537024.110388959,2768813.832652218],[4536906.085902344,2768800.6624055924],[4527738.825963391,2781271.05875072]]]}},{"type":"Feature","properties":{"flugjahr":"2014","gebiet":"Ober\u00f6sterreich"},"geometry":{"type":"Polygon","coordinates":[[[4536906.085902344,2768800.6624055924],[4536862.08411378,2768515.393116841],[4536928.471910312,2768419.0960615985],[4536790.100663654,2768366.019553285],[4536391.226212145,2768578.8464287436],[4536246.865233332,2768572.5854545515],[4536228.792272713,2768660.547821473],[4536127.878881193,2768658.6434280267],[4536154.917934001,2768821.7167882184],[4535750.062249695,2768960.7390212696],[4534318.676931505,2768866.231928597],[4530814.2408642145,2770949.0453884765],[4525394.407420504,2777259.387750252],[4525177.308381899,2781423.0492393402],[4526227.921264344,2783327.4229952814],[4536906.085902344,2768800.6624055924]]]}},{"type":"Feature","properties":{"flugjahr":"2014","gebiet":"Ober\u00f6sterreich"},"geometry":{"type":"Polygon","coordinates":[[[4609281.474712051,2782116.6796115953],[4614277.460764889,2782344.1016308432],[4613505.323648237,2799822.0483614793],[4608509.318307111,2799594.487823778],[4607514.934342122,2822067.048707227],[4620004.034592951,2822636.174839922],[4620446.481184301,2812648.3893203316],[4632935.490472005,2813218.51144799],[4633046.085804811,2810721.5754574467],[4643036.824653119,2811178.4961321484],[4643147.506857164,2808681.5484918845],[4645645.142601668,2808795.856140761],[4645755.831003576,2806298.9558416805],[4658243.63175851,2806871.2451741844],[4658354.320293457,2804374.295082195],[4692006.154288077,2805922.134709539],[4690124.186099368,2801618.2577499156],[4687900.75476851,2801753.0799852572],[4685649.6122905435,2802205.3361131544],[4683460.52394501,2800572.1591672753],[4682420.254578616,2798646.0877583567],[4681122.303898379,2797942.164342788],[4674111.441251314,2795232.931888908],[4671305.424554655,2795042.864324029],[4670640.789376115,2792957.934049206],[4667477.712248417,2793056.6725915447],[4666350.0217488045,2794743.9583150977],[4665179.172976427,2794995.295939681],[4663741.9531115685,2797126.0765711535],[4661827.67510869,2797968.85122572],[4661151.285720243,2799503.9322670987],[4660683.399192495,2799685.997864367],[4656541.184012978,2799496.0161787877],[4656013.561467713,2799349.7699644323],[4655765.078592352,2798758.6595486794],[4655656.556400113,2791217.4102924187],[4656411.815601902,2787773.779924079],[4656144.52999958,2784847.7060681996],[4654215.440042259,2784190.5902110245],[4654397.974956908,2779138.4760268275],[4655567.354564003,2778231.0466627614],[4657013.560314597,2776756.6688139616],[4658654.688834311,2775535.277580702],[4659683.27801855,2774362.070966477],[4663018.408270416,2773828.6765804975],[4664773.113763384,2772109.207247793],[4667776.790099816,2771133.5608783597],[4669908.592026556,2769858.6221422693],[4674341.478198437,2769345.469784302],[4674985.791292641,2767610.2809597054],[4637531.402254824,2765892.7927136025],[4637861.724365026,2758403.6567182816],[4610411.898120462,2757151.647971952],[4609281.474712051,2782116.6796115953]],[[4645866.411181045,2803802.057060711],[4640871.051795978,2803573.4641499007],[4640760.445718561,2806070.3840795783],[4620778.165538044,2805157.4914151947],[4621330.361558723,2792673.02578659],[4646308.717518538,2793814.49692411],[4645866.411181045,2803802.057060711]]]}},{"type":"Feature","properties":{"flugjahr":"2019","gebiet":"Ober\u00f6sterreich"},"geometry":{"type":"Polygon","coordinates":[[[4610411.898120462,2757151.647971952],[4637862.26383102,2758403.6814214163],[4638192.843084331,2750913.8560612765],[4635692.771676893,2750799.64563859],[4636388.215639073,2735019.4023789437],[4636137.966799831,2734709.3531560707],[4636003.408456584,2734588.355714643],[4635597.867667195,2734530.3704764117],[4635287.296773296,2733943.9491749075],[4634939.265308289,2733790.768916484],[4634804.669484079,2733753.8533642357],[4634265.450638438,2733972.0133605506],[4633902.528835545,2733821.4213720593],[4633630.086675251,2733567.902341381],[4633415.1866958,2733515.9550873167],[4633114.533487085,2733602.4579650713],[4632977.91943208,2733503.2184481174],[4632544.773062074,2733553.9996788194],[4632111.037912548,2733216.182373151],[4631851.81908313,2733146.1595383547],[4631618.540033967,2732701.693351856],[4630879.648142749,2732407.714942791],[4629974.126667609,2732323.7773999595],[4629358.117213979,2731984.440845052],[4629319.580873746,2731841.2927112663],[4628867.284631778,2731804.524285982],[4628709.232005942,2731392.8941047927],[4627734.033341823,2731315.091423563],[4627040.676433291,2730982.301539905],[4626595.120693955,2730871.698909344],[4626235.319615499,2731086.7243672693],[4625543.619854545,2730953.316050551],[4625518.387828709,2731332.0239077783],[4625617.720834428,2731411.5164755816],[4625767.8142348165,2731846.052674811],[4625632.24905948,2731970.4915039116],[4625153.875441737,2731965.7100510043],[4625592.978123616,2736602.5200671908],[4624973.743357737,2737298.0229619555],[4624138.605115409,2737783.377316734],[4622788.37455372,2739000.9775477946],[4622036.641890165,2740081.8952926467],[4621358.049438201,2740285.1536399936],[4620928.913901892,2740117.7643895918],[4620895.884761879,2739901.642622156],[4620234.00567957,2739733.0589967524],[4620016.232119192,2739568.601054001],[4619322.9668063065,2739908.547489791],[4619280.708099563,2739863.9782276754],[4618909.190745473,2740217.654571217],[4617570.107988538,2740816.469776549],[4617143.142138826,2740732.7230149694],[4616336.129787582,2740750.994520854],[4615217.95528124,2740184.9697125326],[4614201.277516522,2740797.862573142],[4613894.020839962,2741333.6263754433],[4613903.5926567735,2741511.6535746846],[4613343.468257837,2741462.9738741787],[4612638.293644202,2741922.950835709],[4612307.485647032,2741971.655854272],[4612010.769140551,2741841.322808752],[4611947.670969215,2742269.5626152204],[4611831.08038424,2742347.3631107016],[4611677.08409095,2742283.432009859],[4611646.194463158,2742094.9072994217],[4611237.627003596,2742017.6759642437],[4611041.432969787,2742140.182209234],[4610411.898120462,2757151.647971952]]]}},{"type":"Feature","properties":{"flugjahr":"2020","gebiet":"Nieder\u00f6sterreich"},"geometry":{"type":"Polygon","coordinates":[[[4707402.541568915,2850368.20589912],[4704443.707005168,2885474.640147321],[4704940.6508825915,2885509.2910341052],[4706036.350832154,2884986.8944350476],[4706088.5300562065,2885361.3874670262],[4706266.1302847965,2885597.8428731896],[4706273.9851914765,2886100.3344310774],[4706380.30085517,2886457.6450584433],[4706698.973119207,2886484.4587798053],[4707036.442635079,2887091.7417640476],[4707301.789721467,2887875.0829942105],[4706868.267601348,2888567.9799295515],[4706839.859232634,2888998.1467968463],[4706931.785575806,2889593.011775189],[4707904.11636533,2889397.9419556223],[4708170.500249222,2889039.3529800205],[4708087.934886815,2888774.8571561878],[4708090.796673927,2888486.4863832756],[4708161.29207358,2888395.311543346],[4708401.8501908425,2888268.6791787175],[4708481.719050013,2888139.6443361556],[4709106.161970329,2887933.9472726574],[4709568.953557998,2888218.4879876324],[4710293.966983404,2887795.6698047193],[4710560.261662114,2888039.6220966894],[4710996.78073729,2888769.834580356],[4712543.061745055,2888833.6448326586],[4713002.060989787,2888673.8469546824],[4713632.747816716,2888602.0880035004],[4715284.167139715,2887700.655835772],[4715526.064165048,2887151.1204866683],[4715786.304986166,2886928.401342739],[4716385.770944532,2886774.102094977],[4717023.099349381,2886155.690746496],[4717958.463738921,2885640.52036044],[4718561.74583288,2885558.1373234666],[4719749.575236988,2885586.8421286363],[4719991.295087956,2885519.5655659065],[4720258.344568834,2885150.6805402455],[4720380.057183048,2885098.157999963],[4721059.411939872,2885776.3678019666],[4721225.483219329,2885836.5585929668],[4721816.862758226,2885247.0341985514],[4723403.46111618,2884574.8665105137],[4723801.506444024,2884312.0785878194],[4724000.228634757,2883316.5413175547],[4724174.9997222535,2883120.932190681],[4724238.460946485,2882620.2151173996],[4724807.847703988,2881971.264981864],[4728250.92454117,2881121.157293167],[4729670.6806425005,2880283.746949416],[4729907.116497424,2880268.639464526],[4732173.835820401,2880681.2956646713],[4732504.726717752,2880605.1110103703],[4733208.651211106,2879956.822538917],[4733480.713915266,2879589.6165752225],[4733886.742109396,2879444.8916174993],[4734003.182576029,2879620.6919179764],[4734212.586081322,2879623.9735534247],[4735069.648165159,2879278.0175263984],[4737288.209829799,2852931.8408634653],[4707402.541568915,2850368.20589912]]]}},{"type":"Feature","properties":{"flugjahr":"2007","gebiet":"K\u00e4rnten"},"geometry":{"type":"Polygon","coordinates":[[[4695917.680214902,2633511.4919641595],[4685923.862501767,2633048.692204978],[4685057.461883024,2653013.9950882844],[4686129.479525395,2653065.537636008],[4688305.2111726925,2651016.8095415113],[4689471.36597256,2649311.6188522605],[4690609.350215932,2649278.8102788213],[4691312.318690264,2650138.0533887884],[4691346.975314539,2650343.1741387676],[4690127.390763421,2653247.944383572],[4695042.483105006,2653474.989493915],[4695917.680214902,2633511.4919641595]]]}},{"type":"Feature","properties":{"flugjahr":"2010","gebiet":"Steiermark"},"geometry":{"type":"Polygon","coordinates":[[[4611316.966342437,2690876.0440058005],[4611296.938407567,2691183.1063888175],[4611352.6667069625,2691237.9314669194],[4624999.441841896,2692142.143347481],[4625606.972671219,2683230.645148415],[4625622.979721596,2683178.207155291],[4626060.932479122,2683198.413867496],[4626119.649915693,2683004.967338578],[4626250.948702896,2682967.785871066],[4626277.285312587,2682510.0969918184],[4626118.133346991,2682485.494483706],[4626117.549594126,2682423.7900991854],[4626151.984282505,2682297.067111575],[4626280.349935466,2682297.1724563185],[4626325.786264854,2681812.574926208],[4626113.404264774,2681772.5228540273],[4626169.194362573,2681581.6590114487],[4626332.334633646,2681580.4959989507],[4626362.464284084,2681223.903261522],[4625743.997741648,2681127.614650839],[4625867.49047696,2679183.611245949],[4621977.552835369,2678919.844581766],[4621420.019472377,2679817.171411155],[4620493.514826922,2680468.8443201794],[4620132.730552569,2680577.324127233],[4620019.666359363,2680528.4143908788],[4619488.656847913,2680831.908414093],[4619100.072967757,2680816.0099065807],[4618495.964118032,2681038.9335370823],[4618220.648657788,2681019.4077378456],[4618062.51892199,2680848.658195734],[4618075.994071709,2681288.9076040117],[4617967.2722779075,2681440.276820554],[4617903.538415286,2681872.695623705],[4617683.024411961,2682028.9005043805],[4617365.242692956,2682513.324332427],[4617231.899954084,2682307.080173933],[4616839.012637747,2682354.2151327166],[4616666.876385015,2682274.359943128],[4616604.395906068,2682149.050483849],[4616280.060484895,2682422.497980557],[4616419.9538574945,2682544.066368481],[4616468.998514155,2683006.883121509],[4616757.500453136,2683075.4788390845],[4616893.732916314,2683372.5067855143],[4616878.156372711,2683501.2180894567],[4615255.436875506,2684478.1327186297],[4614736.252597661,2685026.800832283],[4614572.72281473,2685340.6787279947],[4613970.165214258,2685650.4704130543],[4613829.996624187,2686138.8794627343],[4613544.514449045,2686456.909073971],[4613200.929938077,2686752.3496677307],[4612939.304358479,2686766.6031856854],[4612763.341799109,2686955.4348867917],[4612663.686888623,2687193.4733252428],[4612802.857831209,2687453.2220018087],[4613269.383798867,2687625.2498272825],[4613387.0404353235,2687877.768649347],[4613771.446002809,2688144.2436730755],[4613969.113557346,2688463.8100184966],[4613929.574179439,2688949.4764305055],[4613605.938734603,2689714.147177732],[4613450.73121232,2689924.907862055],[4612625.6607676055,2690197.1160509028],[4612071.901462835,2690633.776985175],[4611746.412806618,2690677.372443073],[4611595.35050885,2690824.1162133943],[4611316.966342437,2690876.0440058005]]]}},{"type":"Feature","properties":{"flugjahr":"2019","gebiet":"Burgenland"},"geometry":{"type":"Polygon","coordinates":[[[4802869.410434441,2778935.9263230762],[4803699.732542517,2779608.497486524],[4803993.020661649,2779338.371560253],[4804445.969975697,2779507.468876765],[4804686.58111981,2779429.58021417],[4805023.272966408,2779681.402298745],[4805096.226145899,2779993.8410547683],[4805368.245872023,2780103.0570722623],[4805571.843658748,2779963.9604962263],[4805960.422075537,2779941.5313368314],[4806143.64541312,2780006.494074858],[4806155.698985482,2779875.6226896695],[4806376.065274715,2779840.3843575814],[4806405.040186167,2779930.4205962364],[4806465.691448279,2779730.244049511],[4806582.203626055,2779713.1758257775],[4806480.761961648,2779835.5784041877],[4806600.022206711,2779928.1022707317],[4806808.782080177,2779980.3270464805],[4806912.291899985,2779896.216852927],[4806995.48708086,2779965.007936427],[4806889.509614828,2780029.05300705],[4807045.535046333,2780037.599357219],[4806968.70666489,2780099.3063480225],[4807152.033621654,2780102.2774617984],[4807097.805074629,2780335.1781803817],[4807347.823149624,2780255.964453134],[4807532.725575417,2780360.5757638616],[4807737.124174703,2780071.5007164385],[4807974.268063494,2779409.1740065278],[4808607.464699168,2778832.5543292277],[4808802.814741188,2778473.6512818933],[4809325.2050699005,2778055.021358394],[4809667.765411423,2777564.5909788795],[4809836.6150438525,2777457.5845533255],[4809869.411213175,2777324.6602523634],[4810263.619768345,2777028.33544769],[4810380.285589224,2777054.735635831],[4810394.668057417,2776846.167816876],[4810723.95771074,2776045.8046193467],[4811096.023676894,2775798.2322425763],[4811438.169464955,2775787.745125533],[4811586.199214758,2775662.5072641717],[4812033.945482154,2775177.1542106755],[4812132.112831485,2774960.1095383656],[4812093.901624208,2774621.9319355185],[4812200.6589769,2774383.0196908824],[4812408.208302561,2774470.3578060837],[4812696.445918751,2774744.8810948646],[4812846.561723556,2775033.26918538],[4813264.926539402,2776180.0416245963],[4814031.029520115,2776697.075499896],[4814660.295663193,2777796.2719859057],[4815594.440981899,2779163.6459919],[4816124.176752734,2779549.9054355007],[4816139.350814532,2779765.070390981],[4815896.35633333,2780640.744812662],[4816045.832588901,2781355.019716414],[4816524.07150232,2781429.5412052493],[4816878.579595344,2781667.4273821963],[4817418.268800296,2781874.7755890572],[4817307.654320449,2782592.2539579147],[4817413.595520274,2782838.227405805],[4817822.997443838,2783245.313504995],[4818268.107971501,2782805.584312945],[4818530.673230798,2783094.004938278],[4818847.077110589,2783251.463694528],[4819493.381640301,2783246.9199055433],[4819916.499006854,2783478.0323451823],[4820011.4270197945,2783737.373086552],[4820431.1737581035,2783828.409338166],[4820730.244370725,2784072.5988291525],[4820701.768715361,2784575.109731084],[4820917.100065278,2784788.5572554762],[4820634.9079637565,2785443.9677142603],[4820347.706793265,2785746.690143324],[4820276.529947216,2786275.460482464],[4820304.217813827,2786478.361343024],[4820685.651393359,2786472.7428962323],[4820483.974019873,2788357.8887493056],[4820461.4183878,2788945.618315244],[4820552.454293385,2788970.70474198],[4820555.609686331,2789057.3913681866],[4820499.519827772,2789051.5096563622],[4820550.499992683,2789206.8676158036],[4820650.8186530005,2789180.5639941394],[4820762.738868556,2788929.337581313],[4820878.1910513,2789074.070217777],[4821027.930602978,2789075.757952196],[4820921.175234365,2789109.9265895393],[4820992.526370112,2789239.0723092295],[4821194.613271337,2789297.896448834],[4821245.2943554325,2789247.84859022],[4821270.526107464,2789317.4122956796],[4821356.13034752,2789202.0128649985],[4821347.037955259,2789313.80172597],[4821630.402479794,2789267.3570319097],[4822288.608628737,2789085.472069356],[4822319.2128273975,2789017.8652928886],[4822680.898210563,2789284.2742172377],[4822979.506731209,2789125.831741116],[4823110.939854941,2789233.8095516227],[4823050.037341007,2789286.709124786],[4823284.159426124,2789298.715805224],[4823166.597344434,2789342.3503770367],[4823143.362810621,2789448.8136598887],[4823301.102021482,2789598.1710572243],[4823156.278299151,2789556.6210785424],[4823111.763393355,2789648.2096072887],[4823475.122169329,2789563.853387478],[4823634.161436855,2789735.813962533],[4823758.590659271,2789635.945110399],[4823717.978135566,2789795.787091285],[4823876.161135556,2789762.4744869517],[4823839.679240092,2789613.652849376],[4823933.921222835,2789602.555481154],[4823922.116824784,2789704.0776202567],[4824116.350515814,2789726.470782407],[4824091.321531431,2789598.4965598723],[4824175.005485339,2789544.2511756048],[4824336.542474068,2789627.1220916505],[4824344.022182706,2789508.107841432],[4824428.91401943,2789635.0897836415],[4824364.792731104,2789670.948451079],[4824389.9773009345,2789780.0713584474],[4824541.961297336,2789687.5944232773],[4824674.79921035,2789733.7811789466],[4824681.240088202,2789809.817931696],[4824778.439818647,2789746.408267401],[4824867.1424742285,2789849.0273636756],[4824854.353025197,2789981.1831622836],[4824984.675043305,2789850.1841054913],[4825007.359039294,2789976.176123692],[4825143.448372866,2789977.5695253676],[4825119.379743304,2790039.566479717],[4825336.045215196,2790226.8902713694],[4825603.953920688,2790287.688742583],[4825759.038834401,2790547.3357146154],[4825936.390202888,2790528.24390446],[4826297.790496875,2790767.6866070037],[4826338.888624729,2790940.6437829486],[4826535.529890168,2790880.696351854],[4826681.796695625,2790700.4612966743],[4826756.501997644,2790800.9723540186],[4827252.179629847,2791005.644625551],[4827490.6468001725,2791286.376198647],[4827482.4468027,2791617.9692864707],[4827589.5351219755,2791706.5219006334],[4827757.67913846,2791530.509744374],[4827730.300323496,2791677.34640841],[4827807.412145843,2791721.412101643],[4827964.112137216,2791696.4508879157],[4827955.591412769,2791596.9350573705],[4828199.900771152,2791773.6387452846],[4828350.155497431,2791680.2437029555],[4828280.205829706,2791851.9570999113],[4828581.903668562,2791710.946432683],[4828782.816701564,2791994.898565462],[4829016.521570069,2791895.71482353],[4829034.955747719,2791977.029134017],[4829148.369887477,2791896.0989945782],[4829208.98088329,2791970.2573912176],[4829202.29839814,2791823.577241452],[4829471.17049731,2791804.3263644623],[4829411.482657382,2791930.001984994],[4829688.864709254,2791834.840678638],[4829724.998364529,2791971.005228107],[4829828.483045271,2791933.097653806],[4830384.979671014,2792379.41080798],[4830220.1544483565,2792614.9814117043],[4830274.82964233,2792925.867001695],[4830018.985095951,2793040.1687111356],[4829957.318590105,2792926.906095084],[4829915.078529354,2793084.198006266],[4829834.418259467,2792956.488270474],[4829739.148339645,2793030.8852600474],[4829655.356684968,2792951.5263092523],[4829651.454146641,2793015.3088182705],[4829769.476801077,2793085.682784045],[4829695.475624709,2793187.175495051],[4829835.908377585,2793270.0934992866],[4829797.821440976,2793388.6531796805],[4829948.821601157,2793379.6299958937],[4829981.46440303,2793589.0378387175],[4830108.311472001,2793656.0349021265],[4830094.197466251,2793715.5504376222],[4830449.949903104,2793855.8378334744],[4830460.40946349,2793686.767827745],[4830615.798917534,2793919.236105512],[4830503.928387164,2794023.789298834],[4830658.994908916,2794112.5650447053],[4830527.268235511,2794190.274942962],[4830699.765742298,2794162.293054173],[4830780.467660118,2794245.2455561357],[4830586.253247651,2794311.732692974],[4830734.409930306,2794392.2341673714],[4830635.107086824,2794482.482836718],[4830839.712731498,2794840.569141305],[4830691.647372005,2794828.8967333897],[4830689.24133881,2794896.6383071207],[4830873.276177718,2795110.255001364],[4831079.737849444,2795191.474511924],[4831209.694294487,2795062.381402941],[4831349.256597327,2795112.09465732],[4831441.6748989895,2794951.3888193676],[4831531.459817404,2794952.0077708988],[4831464.025933021,2795141.990009743],[4831661.487309727,2795168.216242202],[4831715.824849986,2795337.214163747],[4831691.100444761,2795456.6807945883],[4831571.99017968,2795460.7085921112],[4831577.389439272,2795639.211588896],[4831730.306147285,2795708.125431107],[4831735.372885719,2795809.7858210756],[4831846.289411276,2795794.403228513],[4831739.848260246,2795929.298798296],[4831874.886665021,2795944.9835372684],[4831845.193206949,2796053.111181826],[4832021.567944849,2795992.769064721],[4832070.037802904,2796227.9826493384],[4832234.40735729,2796252.0860497486],[4832399.761233837,2796559.6209789785],[4832399.892310078,2796845.367444025],[4832522.47199595,2796859.3974427925],[4832493.419961675,2796700.0552582415],[4832552.882112591,2796686.2067692317],[4832668.829100886,2797022.825233821],[4832860.8812042335,2796840.76666218],[4833054.63995633,2796862.041794105],[4833044.523075471,2796733.7243240033],[4833167.934498502,2796751.0328595834],[4833145.538607359,2796646.1202394874],[4833326.074884788,2796627.267260971],[4833487.2979706945,2796860.7409528024],[4833568.7184668705,2796888.8569713556],[4833622.471407049,2796813.6702149063],[4833737.562915855,2797048.2044210117],[4833729.004792432,2797257.9716416243],[4833836.1586241,2797390.8060890925],[4834147.044042136,2797330.339712808],[4834310.349689433,2797208.7573558036],[4834322.780950757,2797402.733571283],[4834419.631660322,2797380.96436863],[4834524.040703871,2797248.5560308723],[4834500.707957251,2797148.9273591232],[4834584.103384968,2797107.3389781555],[4835060.131886635,2797067.7248015786],[4835963.974456759,2796735.317024147],[4836060.425961105,2796602.5992024015],[4836029.870116623,2796514.974452573],[4836168.53365829,2796446.0912289703],[4836178.3262565285,2796298.6588056027],[4835886.457498642,2795586.2943274765],[4836283.954906348,2794976.240277608],[4836896.598180638,2794991.4026577147],[4837090.03204654,2794824.4366961834],[4837355.2597787045,2794782.2573784147],[4837567.455531362,2794833.425237488],[4838219.8377363095,2794708.6994063873],[4838507.373917833,2794781.567268364],[4839447.087808116,2794414.775562181],[4839466.194322405,2794323.4029247127],[4839632.834284179,2794247.117175426],[4840021.168905499,2794228.2631523698],[4840236.549598238,2794100.6617139075],[4840546.577247977,2793625.0302675175],[4840471.453543698,2793515.7257659575],[4840363.202623605,2793589.1503041647],[4840353.062119877,2793715.195351156],[4840301.255777893,2793688.683403254],[4840137.9302968,2793132.006049854],[4840133.460435565,2792878.645173438],[4840273.955080087,2792679.055267438],[4840200.463133416,2792587.96886857],[4840429.000575842,2792665.7207834804],[4840549.458113137,2792321.2582318764],[4840641.783874848,2792337.101937075],[4840616.894448723,2792452.0044312403],[4840986.688257288,2792355.210995241],[4841463.909527956,2793015.633291594],[4841989.719014165,2795670.9796113353],[4842208.505841703,2796201.9178394345],[4842798.598624578,2797116.5196001837],[4843258.069117738,2798219.5848857863],[4842640.350540601,2798747.3757452294],[4840932.474135409,2799686.091377357],[4840141.174221752,2800267.280575085],[4839695.820358043,2800240.298711712],[4839450.843246552,2800329.6762789893],[4839586.468763828,2800829.0649619773],[4839863.869962208,2801416.287945817],[4839904.800449583,2801459.289489385],[4840109.756128562,2801230.8943402213],[4840359.14304327,2801352.5561357215],[4840584.9156763945,2801668.0785761448],[4840543.999897024,2802200.263771237],[4841183.4259029245,2801940.2807721165],[4841467.880738353,2801969.7273503738],[4841749.386628068,2801339.9778963025],[4842075.992114843,2800860.7647142266],[4842589.728988948,2801498.15512052],[4843172.890885031,2801734.2258717045],[4843517.826498531,2801351.122673463],[4843867.966804781,2801180.9882286545],[4843833.233779756,2801122.384503919],[4842921.273869629,2800592.3090294157],[4842393.335044735,2800430.6202196046],[4841999.962860495,2800178.106206574],[4844567.543411341,2799501.9396903273],[4844614.300355437,2800111.507220878],[4844747.016303656,2800573.112411611],[4844788.755444154,2801446.8368362556],[4844946.875503789,2801681.345734],[4846363.864144871,2802505.44486646],[4846196.652641185,2802874.927918695],[4846490.359011905,2803510.7992149508],[4846167.8019991,2803793.3869690653],[4846110.779987705,2803974.3613075046],[4846732.026995664,2804114.0250211116],[4846790.024615265,2803741.2198637887],[4847965.455735602,2802838.8661388736],[4848772.572322743,2801609.287611067],[4848841.395250141,2800657.7845387897],[4848770.750100613,2798309.842461636],[4848878.65028736,2796575.003526508],[4849053.4039186435,2794990.797894379],[4849356.62445095,2794150.018145754],[4850343.848118519,2794477.350490543],[4851632.401985671,2794332.4704292165],[4853407.73143326,2793391.1115016257],[4854453.514056916,2792471.1391621986],[4854641.670669299,2791785.438253631],[4854624.626061536,2791534.4876339873],[4852697.018697229,2788861.836774012],[4851995.675045493,2788076.2947439984],[4852229.716406323,2786155.770385281],[4852248.095873757,2782971.5422653714],[4851775.751639252,2779719.592441656],[4850884.273765566,2776609.890894268],[4849616.845906038,2776284.000782187],[4848152.658571493,2775417.8903758232],[4846750.0586430505,2774820.2063088208],[4846444.243973457,2774083.0813278197],[4847181.217249721,2773425.12705592],[4848547.893800255,2772856.20961283],[4848807.345627109,2771674.177422622],[4849693.813836116,2770640.0304018697],[4850683.511433026,2769275.392425867],[4849678.661315242,2767693.991460711],[4850576.9257839285,2765082.750745527],[4851164.851841547,2762161.74631608],[4851376.636268248,2760459.3251115056],[4853135.957292705,2758360.889160645],[4852684.497799726,2757911.765574097],[4848020.7745130425,2756746.0002268567],[4845303.491728878,2755840.824858343],[4840340.308489224,2754609.6450693603],[4839643.273713279,2754377.4754281337],[4837554.480531772,2754123.3860771493],[4836282.201726385,2754394.657412182],[4835831.437197937,2755080.942214855],[4835238.090238068,2755495.068093237],[4834399.428256925,2754968.6848596293],[4833887.067613431,2753573.184545838],[4833002.303369513,2753088.8777312585],[4827354.141356885,2752721.7822493725],[4826832.372576162,2753183.5802311623],[4825136.091309257,2755521.0590048283],[4824510.299807033,2757319.5710464595],[4824395.944504941,2758228.244792168],[4821931.246410774,2758303.046304194],[4819662.541319191,2758608.3516131765],[4818513.803442043,2759246.856781712],[4817880.509523815,2759895.0507461643],[4816855.797392276,2760067.6766473684],[4813132.788407666,2759110.0459329593],[4812171.681246365,2758519.061661669],[4811903.581767979,2757592.2921814206],[4812400.713977681,2756362.6488031605],[4812251.826751862,2755736.394209045],[4811581.735302795,2754569.493789197],[4810594.040815865,2754242.7001668923],[4808738.4869920015,2752921.4868007367],[4807396.823705536,2751774.5574318743],[4807234.907233706,2751146.090972164],[4806964.642532712,2750560.0129464567],[4806614.735780414,2750624.6623260127],[4806092.091632171,2750853.3318628357],[4805121.024289317,2751393.522346],[4804858.726908313,2751105.9475680045],[4804819.850460062,2750435.795819961],[4804531.0171329,2749861.94976426],[4804027.065664529,2749484.3381673098],[4803485.452022488,2748849.4190656403],[4804008.92135436,2748569.466278378],[4806286.410041068,2747959.5518028303],[4807442.452790572,2747817.575021103],[4808290.647208049,2747307.2509753206],[4809418.391597129,2746918.2567771915],[4809816.229826164,2747251.553704027],[4809971.986191486,2747504.617497594],[4810485.072878245,2747475.6264048736],[4811458.596723001,2747212.047958264],[4812742.77339759,2746675.6858241996],[4814020.644026273,2745785.2201795676],[4816115.209927857,2745419.8725160565],[4817581.581361043,2745754.612098079],[4818379.187599424,2746212.5325320163],[4819099.369179279,2746423.5336625595],[4820771.7690153625,2746104.649517957],[4821834.517666798,2744584.858453816],[4822669.546037374,2744204.224202496],[4822759.96405117,2743169.1376730977],[4823138.744607135,2741616.9589572675],[4823304.908848003,2739781.979525481],[4824471.973528464,2739024.71572488],[4825668.16150384,2737613.5827599457],[4826017.1432466265,2737132.126878952],[4826058.301149967,2736965.3352086367],[4825901.615741035,2736379.6925494974],[4825823.324729269,2734828.0280076866],[4825047.033184426,2733228.600985331],[4823058.236010347,2731881.383910817],[4823156.026674818,2730677.108058597],[4823720.270942054,2729259.0501182736],[4822971.494642596,2727867.3397845314],[4823024.456595791,2727339.1262756456],[4822927.058420889,2726877.515733582],[4821842.855084269,2725735.344523738],[4820960.309012625,2725030.232890812],[4820193.56110714,2723980.7880777395],[4818976.242914578,2723510.491503029],[4818450.596500464,2722954.966890893],[4817057.8982586805,2720976.097682509],[4814789.765865877,2720711.7913886425],[4813905.924284946,2720846.1613672003],[4812939.444983819,2720702.3093317994],[4812678.774749104,2719933.3004666017],[4811918.611414734,2718904.874887431],[4811193.571323532,2718634.8220235547],[4810883.913569548,2718747.9767845282],[4810135.170829828,2719233.5244897143],[4809742.344374393,2720335.330776505],[4808993.337570113,2720604.6297603776],[4808159.986513601,2720781.5122317336],[4807712.337633227,2720239.570970013],[4807671.100372629,2719618.509924905],[4807996.623156513,2718926.294815363],[4808468.620929616,2718476.8359454465],[4808693.271365925,2718064.850915913],[4808712.530430512,2717741.4555557924],[4808422.214407019,2717307.6449415917],[4808622.114500149,2715791.3858957216],[4808340.476154504,2714163.9849165278],[4809505.910357423,2713312.3661089335],[4810426.958204854,2710989.9256050717],[4811082.657937066,2709021.6685837293],[4811625.840993954,2706696.2019049996],[4811630.967690153,2704562.0026718527],[4811586.410339166,2704088.205512247],[4811381.48896492,2703773.4534343085],[4810590.93232495,2703806.064840877],[4810340.822169337,2703404.1081532296],[4809562.4708306305,2702962.7364872303],[4808674.253540987,2702602.09673922],[4808746.639066863,2699037.362797556],[4808462.368239965,2698205.0964203053],[4807958.27900214,2697899.6697479044],[4807823.502665764,2697094.0659845583],[4808659.128094861,2696419.3415700626],[4809578.034585115,2696678.777271484],[4810280.134887802,2696358.042674713],[4810713.323584631,2695598.8258593124],[4811049.789202227,2694507.5016022497],[4811056.648545763,2693164.839613528],[4810896.76884641,2692037.0873661293],[4811550.99645989,2691687.917815703],[4812654.803166099,2692211.517176697],[4814691.166220691,2692536.6636109417],[4815267.410424199,2692544.174734355],[4816177.517207587,2691519.2592640393],[4816230.046414131,2689957.191598836],[4814752.958133131,2689402.064125683],[4814392.796133582,2688097.8792780046],[4813534.043642975,2687291.002698472],[4812724.61623429,2686702.6391349854],[4812283.096239822,2686239.6701316023],[4812549.978927846,2684866.7706771023],[4812908.484548474,2684313.7515541445],[4814132.639696668,2683742.546528054],[4816323.953064691,2683079.36510743],[4816389.245118204,2682043.3489173152],[4815661.599166679,2681606.204146602],[4815255.869817938,2681223.525824508],[4814904.535689795,2681167.673112844],[4813960.255399693,2680739.986481438],[4812605.55220935,2679811.536578279],[4812909.948302639,2679147.8867723835],[4814902.317769899,2677017.7238397715],[4815754.539822743,2676334.1912228046],[4815998.302915811,2676235.681319678],[4816001.068188571,2675878.6832763012],[4815652.759203359,2675631.9280424467],[4814237.338570712,2674965.957998681],[4813644.671266789,2674810.3403343763],[4812897.550893135,2674814.493759699],[4811115.678278537,2674435.9218221884],[4809568.74789847,2674245.2833302016],[4808048.717773695,2674615.9967556344],[4805300.00637089,2674543.3498478043],[4804754.845089123,2674871.45672425],[4804290.0885115415,2674712.0745102186],[4803158.591139611,2674069.420159976],[4800560.210271093,2674153.7757953247],[4799688.14905035,2674093.201461119],[4798590.42914828,2673127.978714751],[4798737.73901386,2670520.0872300984],[4798651.047600697,2669808.6530978577],[4797977.039411864,2669639.5110872397],[4797198.926413214,2669603.0384177566],[4796944.024795007,2669399.9211660116],[4796508.751763655,2669348.9677259894],[4796427.71940169,2668988.4540261286],[4796724.107392295,2668804.448360827],[4796411.564361134,2668036.4467120008],[4795982.422487286,2667862.03585581],[4794661.089779708,2666542.829979868],[4793605.029778859,2666916.9100554883],[4792952.431783987,2666956.1792704687],[4792363.616548929,2665993.55703707],[4792188.737473591,2664741.059081233],[4791660.3158216495,2663244.844979357],[4791022.648104904,2662885.594480033],[4790757.543759009,2662851.199716806],[4790143.188144404,2661797.8212052872],[4789686.313572807,2661457.7120181913],[4789517.124920542,2661231.482498174],[4789418.024791398,2660789.1161898496],[4788850.212751889,2660109.159477849],[4788546.520648453,2659862.0677017397],[4788376.559086053,2659448.766327742],[4787866.942455696,2658966.468071705],[4786890.815393264,2658364.140534558],[4786132.8033753075,2657568.977999014],[4785720.585745145,2657405.611175339],[4784991.755681848,2656882.662822998],[4784204.890257541,2655806.8406226416],[4783184.602184152,2654865.2033122815],[4782686.498837963,2654792.810676003],[4781245.689808054,2653802.088537193],[4779802.42985404,2653764.118845801],[4778928.436981564,2653408.9471103763],[4778691.894305587,2652869.2747151735],[4777800.123803973,2652797.7268955912],[4777638.0223514885,2654752.5550842485],[4778692.770257333,2654850.8695759363],[4778960.706152015,2655414.9549139785],[4778742.578780376,2655516.828299759],[4778554.454324783,2655795.4788767137],[4779024.322860873,2656835.1753445496],[4779038.523533507,2657884.14063997],[4778913.525028743,2658342.8202878614],[4778952.734703054,2658977.8430153825],[4779148.464850312,2659711.257179841],[4779210.779478924,2659818.8161413213],[4779449.1431034645,2659849.6634870563],[4779815.372842393,2660113.021643359],[4779941.270777331,2660342.301979511],[4780458.809851148,2660831.9638295076],[4780798.904196875,2660869.0281456043],[4780772.928540445,2662001.0129462043],[4780863.623009636,2662186.90293735],[4781347.313460044,2662530.21908677],[4781495.690602607,2662862.374338717],[4781853.844397338,2662722.9316725964],[4782087.999028854,2662963.0710685086],[4782391.437206422,2663069.2831546576],[4782560.192911591,2663263.3908014186],[4782620.208539023,2663546.088257128],[4782513.825514253,2664004.031362685],[4782588.682254159,2664580.5278561166],[4782955.3885283,2665340.238944995],[4782915.747225269,2665588.927840757],[4783048.294292197,2665813.1306510083],[4783261.194794276,2665853.046631721],[4783605.101790114,2665690.791885067],[4783972.958153663,2665815.8067221045],[4784662.638246053,2665900.5143449917],[4784952.136831096,2665852.3758550338],[4784798.262743993,2666444.919694575],[4784940.753557563,2666555.8288656413],[4784971.6488456335,2666708.610015466],[4784829.2067933995,2667109.64059111],[4784870.224868978,2667492.159966005],[4784765.958966274,2667757.7426545448],[4784782.448550809,2667975.5350728906],[4784852.2832045965,2668244.3631050414],[4785079.796720607,2668377.416778262],[4785133.614482323,2668822.8182711396],[4785389.454296698,2668872.1967124827],[4785418.428363065,2669168.4689603588],[4785745.120598034,2669439.2403868195],[4785742.254200917,2669779.450214558],[4785513.45886247,2670082.3109166464],[4785728.739260734,2670210.9276188267],[4785690.291011809,2670400.7620137525],[4785828.636960747,2670584.2264422765],[4785931.609885962,2671000.4328534636],[4786043.071129791,2670906.1712417654],[4786328.137705468,2671052.3841114393],[4786491.067309549,2671799.739889053],[4786427.135983592,2672063.9019268844],[4786469.13608663,2672243.764694708],[4786932.775984699,2672418.9649596578],[4787001.99218743,2672570.8693807013],[4787434.132005903,2672789.700654218],[4787717.163401318,2672711.12007684],[4787817.895864515,2672607.9354140013],[4787898.921259788,2672700.203823194],[4788006.639300812,2672668.918488604],[4788140.41802174,2672516.1532188784],[4788374.897839996,2672609.7050409354],[4788863.378303367,2672468.5460795234],[4788956.065979286,2672466.7062580236],[4789020.804579075,2672693.1206624103],[4788902.496234684,2672764.208300908],[4788801.884880183,2672541.1855145986],[4788741.8813430695,2672544.337430015],[4788819.911191194,2672607.9588110507],[4788802.453343603,2672768.2173950993],[4788548.694645724,2672637.2786780633],[4788584.528127311,2672777.9799457383],[4788479.277677376,2672762.181132028],[4788414.767172733,2672847.4141768087],[4788622.620213156,2672947.316436525],[4788527.163702651,2673058.1827559895],[4788426.20982273,2672967.7291319794],[4788403.327457376,2673042.128090154],[4788539.81820792,2673214.3275397574],[4788277.787651732,2673304.840854375],[4788431.316304033,2673335.635812804],[4788430.960758051,2673516.9341143947],[4788278.530561401,2673516.229787812],[4788161.921355524,2673360.067886409],[4788158.247304919,2673163.1068459298],[4788039.809698515,2673162.594883796],[4788097.941900495,2673222.877317724],[4788051.74219019,2673355.577233217],[4787892.555821157,2673327.0707598026],[4787995.463971631,2673416.1446407894],[4787898.429608003,2673729.1992986207],[4787609.51833033,2673659.344325898],[4787705.640776256,2673750.5488489415],[4787681.306295892,2673884.3203243376],[4787346.359246631,2674141.051840378],[4787492.428419815,2674146.0974253793],[4787700.499163353,2674399.31890055],[4787594.711014091,2674490.8369838013],[4787500.522840689,2674437.8388483264],[4787422.238537558,2674581.465708972],[4787113.246460243,2674564.523202817],[4786974.456381224,2674649.9331587898],[4786914.72065911,2674760.3736842903],[4787072.79080186,2675063.68338629],[4786974.08223037,2675027.9806375103],[4786863.736025759,2675192.911559978],[4786719.790282922,2675175.2407237496],[4786468.575581003,2675370.974857438],[4786543.661976354,2675507.0904562697],[4786447.901039133,2675505.157282926],[4786467.297631143,2675759.1061963914],[4786366.635602893,2675698.714701287],[4786308.14615923,2675819.9395484384],[4786167.369220044,2675786.4047404416],[4786042.822346678,2675964.8824766455],[4786111.286191318,2676039.4429404656],[4786345.956103838,2675934.6464040065],[4786216.576700679,2676036.973994866],[4786342.54266346,2676122.3844127404],[4786338.956090411,2676293.8860144187],[4786159.437666961,2676191.492942331],[4786032.328709921,2676463.639525239],[4785881.166722436,2676380.9089170247],[4785562.714824308,2676511.3557323553],[4785639.904566591,2676655.3672124073],[4785681.94001722,2676575.943437936],[4785858.807042136,2676611.613376817],[4785983.938876748,2676504.977492355],[4786086.3257407425,2676692.301441125],[4785889.100110317,2676873.551313366],[4785583.937071314,2676784.1538132536],[4785560.287449709,2676871.8627124797],[4785643.925676231,2676901.793233926],[4785517.920888624,2677140.0147535587],[4785823.933169632,2677310.0191081525],[4785635.419083843,2677498.2993336455],[4785663.878553279,2677549.836081962],[4786032.3840657,2677695.449955384],[4785760.639358473,2677734.7887357445],[4785742.22129882,2677818.7143979548],[4785886.479948121,2677859.8252313533],[4785829.855900894,2677974.202495384],[4785967.864555727,2677910.4644734785],[4785941.783618755,2678228.388180245],[4785779.832095897,2678291.3019973286],[4785730.678584311,2678468.222998945],[4785607.983046562,2678491.4541812926],[4785605.886321158,2678657.4926692727],[4785529.182319992,2678529.9700854956],[4785416.0566262435,2678595.2568287994],[4785319.681775363,2678516.687744039],[4785273.131239764,2678634.0845000604],[4785436.326385648,2678650.527917881],[4785377.761695343,2678766.695755696],[4785160.641709471,2678618.418300257],[4784557.627355358,2679901.499768533],[4784091.185341448,2679581.30416781],[4783990.761258436,2679645.327786469],[4783999.013086724,2679794.997869858],[4784129.344124907,2679840.962167571],[4783942.774161546,2679933.8121958384],[4783920.8834976675,2680035.0337025323],[4783810.515369557,2680020.635293207],[4783805.71777342,2680262.7419910617],[4783608.640270222,2680521.1472854447],[4783653.373175995,2680611.5154596907],[4783548.650793474,2680695.138584309],[4783590.973567113,2680761.6437291875],[4783362.433120378,2680805.991997341],[4783471.760591611,2680864.133445034],[4783416.922455062,2681029.6175135802],[4783249.158438653,2681046.0374667076],[4783062.921717077,2681278.250334611],[4783134.832719693,2681400.9027989767],[4783274.784299108,2681438.455862792],[4783270.33594816,2681547.011808021],[4783175.026106268,2681459.7819516803],[4783096.562803075,2681562.279484099],[4783198.07549051,2681870.1901588617],[4783089.24406355,2681956.7277755095],[4783209.204047906,2681987.833815869],[4783281.735756502,2682167.707212623],[4783212.615139638,2682352.5315211057],[4782976.417510564,2682581.0765674836],[4782941.715392212,2682763.5016813446],[4783326.943611862,2683120.9730162276],[4783344.083676243,2683316.3939451547],[4783472.983481083,2683479.6523458017],[4783372.437497372,2683569.632638287],[4783448.553827273,2683686.4484086293],[4783293.908242811,2683760.7847157563],[4783170.054388524,2683973.3724763542],[4783279.270483693,2683967.6633328805],[4783310.081247573,2684045.5479621314],[4783195.739586209,2684254.432253884],[4783289.169675964,2684420.507767454],[4783222.337955759,2684564.967817457],[4783314.304634049,2684640.8106349586],[4783211.926072344,2684667.4693853683],[4783198.951099915,2684819.1251338683],[4783334.023895028,2684856.3365284503],[4783221.996696382,2685171.0274420916],[4783273.349873821,2685225.2070395807],[4783387.745959629,2685161.651398947],[4783461.832762929,2685243.852837038],[4783335.659851819,2685312.6618429003],[4783427.0712758945,2685378.005160339],[4783347.468574967,2685499.1199073694],[4783369.748096723,2685635.7156619607],[4783912.219524826,2685587.971009532],[4783919.040454273,2685800.363108819],[4784019.353196325,2685872.7505366583],[4784062.578910895,2685769.732250804],[4784126.266929951,2685826.7044462347],[4784013.533908022,2685889.8213519803],[4784086.419192905,2685950.3900719658],[4784066.624674137,2686101.979186091],[4784180.241490304,2686107.7284769057],[4784187.928430198,2686221.3644831134],[4784269.374701774,2686141.6438683462],[4784208.672125783,2686317.1942854407],[4784344.337882906,2686335.4560945826],[4784171.491247587,2686539.1247546175],[4784248.5812864015,2686563.681910459],[4784307.1732913535,2687255.2024569847],[4784404.196836749,2687526.430510738],[4784653.166255424,2687804.771352027],[4784702.780457685,2688007.274462248],[4784565.585448569,2688192.0173318516],[4784557.885684614,2688467.6134563587],[4784665.63454367,2688621.789034914],[4784531.871446169,2688732.1664684108],[4784616.617684638,2688807.288128756],[4784436.160680205,2688844.6961635],[4784475.603108921,2688978.6592895305],[4784578.8774413,2688964.355664591],[4784515.760627958,2689060.7215982564],[4784745.268585359,2689192.4170763907],[4784574.250931032,2689233.13377319],[4784624.601408966,2689398.019830704],[4784505.574987413,2689490.965744241],[4784574.088524215,2689594.6931999004],[4784396.094848539,2689754.727467156],[4784516.552272872,2689773.0290199597],[4784495.794777889,2689999.804216067],[4784280.911890714,2690162.2635235386],[4784395.015329022,2690315.550613329],[4784344.599790134,2690414.0800514687],[4784259.265406242,2690378.18045711],[4784254.964234874,2690466.599079467],[4784358.331870064,2690505.7078091376],[4784192.208786222,2690558.371957726],[4784256.553825313,2690600.240622541],[4784196.384380631,2690671.564761226],[4784349.552683673,2691106.4028700013],[4784231.862164905,2691124.045814529],[4784237.99641013,2691284.763414474],[4784106.651235978,2691296.3980062213],[4784163.745080599,2691442.9945648564],[4784049.40748278,2691499.21359169],[4784147.349115102,2691608.1752089136],[4783961.712982453,2691630.858741916],[4784010.390814226,2691714.4173825546],[4783933.28477483,2691809.4038040116],[4784043.543513693,2691855.3487846456],[4783755.434930077,2691999.351872378],[4783914.820932179,2692004.1798761464],[4783918.663117284,2692067.696377191],[4783704.459067997,2692127.2357776286],[4783808.860316201,2692170.1094946614],[4783604.920108847,2692690.935466379],[4783731.198789223,2692666.993120986],[4783823.150241455,2692740.1644191965],[4783795.289884115,2692807.1998583344],[4783647.577223328,2692769.5514464383],[4783698.193603209,2692967.549278393],[4783514.294024554,2693113.6105927136],[4783540.028012677,2693350.895006763],[4783359.094433131,2693352.495403422],[4783288.733707519,2693440.507407315],[4783263.9507221915,2693622.9598318227],[4783357.36911741,2693793.392546323],[4783107.412657996,2694014.1156367534],[4782989.0961968945,2693947.3005040614],[4782983.701261124,2694098.9464577488],[4783032.118909464,2694027.0267844107],[4783146.123690938,2694101.058259033],[4783018.474595404,2694138.3449315834],[4782984.172530793,2694290.627242933],[4782823.384558703,2694337.26347889],[4782820.125900019,2694415.345990481],[4782910.589354807,2694393.140933266],[4782888.653942573,2694529.473904905],[4782726.485744355,2694569.4003286273],[4782681.138338225,2694694.078172313],[4782805.81704378,2694789.2722996166],[4782733.207048363,2694860.566122946],[4782493.911267752,2694823.2266457574],[4782473.927551382,2694909.972539447],[4782643.033843009,2694864.3569218544],[4782718.027540267,2694927.494734148],[4782592.508839995,2694952.310823621],[4782549.250031567,2695146.8809902905],[4782344.031924996,2695075.2925137766],[4782296.809344263,2695169.266543597],[4782276.966770619,2695238.052089963],[4782424.355818749,2695221.1726554506],[4782428.9167218,2695298.0365940575],[4782315.659884321,2695336.8812752403],[4782368.24339233,2695405.8056906494],[4782220.085876797,2695574.961661081],[4782450.78805644,2695671.851536455],[4782331.808393784,2695805.3887733],[4782292.764833769,2695746.7761823563],[4782236.047694165,2695825.444883548],[4782183.638922977,2695787.8506390965],[4782118.240430869,2695932.133126258],[4782154.480939311,2696010.630978341],[4782262.3047183845,2695975.3345728144],[4782171.627107504,2696152.8571454897],[4782210.916515224,2696259.9569857917],[4782102.056727415,2696241.762090409],[4782031.86663871,2696397.221495921],[4781991.319827866,2696241.123995618],[4781789.914312413,2696435.0779359443],[4781891.7778053135,2696744.580422089],[4781737.320432376,2697006.171391688],[4781948.710440215,2697222.323878275],[4781696.460009693,2697179.9115365474],[4781742.076350764,2697302.7190016164],[4781589.612173773,2697473.8130692597],[4781660.85351359,2697436.30473995],[4781727.777930955,2697526.070392415],[4781553.403367481,2697546.7668643985],[4781685.827987758,2697676.281233476],[4781521.070908258,2697673.098495727],[4781481.977276801,2697802.7747698524],[4781545.422003808,2697767.4186315173],[4781627.053090868,2697916.0146655664],[4781505.144404296,2697913.4384095306],[4781514.83776162,2698003.805513129],[4781369.3798653,2697992.5316732535],[4781408.135555794,2698153.5624755844],[4781288.929645462,2698170.0800758745],[4781269.128813658,2698039.266426884],[4781180.251255957,2698041.7841270138],[4781244.157402698,2698220.047511881],[4781380.046773352,2698293.1207092134],[4781284.363293567,2698477.412510774],[4781396.281430643,2698496.2607271643],[4781443.120035365,2698413.1293682316],[4781470.68457725,2698520.3869424257],[4781604.511020741,2698480.779803756],[4781594.01827169,2698693.4618961434],[4781505.379919711,2698716.1068346156],[4781592.387503236,2698780.7027891115],[4781531.26063432,2698890.5339809693],[4781658.534395683,2698930.5830664164],[4781537.346579533,2699060.979360954],[4781534.80209074,2698981.3678564588],[4781402.650646061,2699014.3256678944],[4781473.745566518,2699105.4823444467],[4781564.537516547,2699081.0753433937],[4781428.511103453,2699173.249251293],[4781532.771053065,2699249.605597627],[4781459.953632045,2699295.5874191616],[4781454.936680334,2699462.6545537445],[4781568.80330905,2699449.884188952],[4781507.344091754,2699717.962815573],[4781622.718255905,2699718.9668497597],[4781519.460061423,2699777.0325597227],[4781605.491615113,2699770.458653824],[4781606.641995893,2699895.9338399153],[4781641.303230118,2699838.268507622],[4781711.529326646,2699923.0604884345],[4781660.970142496,2699998.0272963447],[4781552.671903969,2699965.0704255304],[4781631.468488705,2700123.358293444],[4781495.018030035,2700151.9959662617],[4781518.999001515,2700307.6410782957],[4781426.076913847,2700278.5594564416],[4781495.671830924,2700424.823613702],[4781410.253471668,2700433.6789007713],[4781511.087515251,2700500.0099606374],[4781500.0500884,2700589.177321014],[4781257.398161972,2700501.079592851],[4781242.025781726,2700583.5753051746],[4781326.7605714025,2700596.645066365],[4781269.328619134,2700658.846178335],[4781445.432032546,2700818.9810054544],[4781254.939639858,2700795.6889021173],[4781317.295021864,2700907.84345768],[4781270.027301178,2700879.4271663507],[4781232.738282065,2700966.5809092643],[4781219.943805018,2700884.844602441],[4781088.600004639,2700901.019036111],[4781219.98289119,2700996.6945662326],[4781104.953638684,2701075.0301428232],[4781260.308985518,2701131.086147225],[4781217.501870027,2701207.1926905205],[4781167.033848911,2701135.186591886],[4781078.701471899,2701188.494343403],[4781172.432187696,2701224.4077204554],[4781124.118645427,2701327.5762453475],[4781003.0383062,2701331.093925855],[4780956.244200927,2701425.9841647977],[4781018.697287687,2701423.671518229],[4781015.844381654,2701501.6411776203],[4780861.653467081,2701670.458831134],[4780942.99093849,2701763.948811375],[4780779.457517697,2701797.1916226014],[4780890.297934191,2701867.399606316],[4781025.242263769,2701805.5118774334],[4780943.669375807,2701852.351518264],[4781031.675924065,2701941.7964395517],[4780971.927871388,2702045.717347089],[4781105.107909433,2702022.2897340325],[4780857.158891351,2702250.058480415],[4780901.153001838,2702312.5005479283],[4780938.647038244,2702210.2879690337],[4781025.746976078,2702268.183709185],[4780985.312975025,2702374.379755951],[4780850.509911856,2702407.33695206],[4780830.834250633,2702519.695058866],[4780639.708824117,2702559.870466462],[4780737.405299008,2702707.252065369],[4780620.627442227,2702668.352069935],[4780643.630792482,2702804.5671836585],[4780738.958376547,2702797.1108681383],[4780666.8662266685,2702845.246978981],[4780719.876109528,2702883.086031879],[4780653.457116063,2702906.9838392707],[4780644.574411397,2703148.3766650464],[4780569.046133523,2703161.091276262],[4780524.963442544,2703065.337945595],[4780389.35623948,2703164.8270613495],[4780547.114020932,2703217.643419845],[4780373.950287492,2703284.5511299525],[4780437.493534559,2703325.594363327],[4780415.019519241,2703563.9616619176],[4780176.261440968,2703742.9879280194],[4780078.26303878,2704028.161365946],[4779935.772882523,2704008.943089011],[4779734.3676740825,2704348.7454787777],[4779643.041442195,2704292.27073245],[4779742.114667248,2704378.424498827],[4779622.401098742,2704448.5688193124],[4779703.813509241,2704617.200223785],[4779561.36229875,2704652.148643091],[4779543.883157087,2704562.9926815536],[4779441.183541455,2704652.852992613],[4779573.981363875,2704716.999774744],[4779478.228224941,2704973.6162713324],[4779617.367533892,2705026.406301111],[4779552.766008044,2705131.5575625217],[4779648.706029135,2705158.418016751],[4779548.872424917,2705338.826254796],[4779412.810006507,2705313.1985645127],[4779518.470934552,2705411.6369363684],[4779447.3808433125,2705474.595348873],[4779475.9322542185,2705566.4971658387],[4779381.051616337,2705546.4696779265],[4779383.461748565,2705445.668223147],[4779209.277232397,2705512.8292287216],[4779327.291816977,2705591.576362186],[4779220.260186741,2705662.7174062217],[4779026.584035127,2705649.7574230987],[4779085.946626221,2705800.154145142],[4779270.773925433,2705891.2113007493],[4779192.1786984755,2705983.890407564],[4779286.815711344,2706063.5882927976],[4779094.274219827,2706015.9191153664],[4779149.925932424,2706216.5903377365],[4779060.819465853,2706310.748988288],[4779168.237275482,2706291.805248879],[4779083.734302253,2706387.9434813485],[4779263.738665882,2706442.847970461],[4779086.690435254,2706547.0826487495],[4779228.787512406,2706645.230513658],[4779123.645485849,2706632.763079593],[4779174.626299527,2706689.8528296975],[4778862.633453162,2706867.307862364],[4778944.198071779,2706995.627364366],[4778867.202124471,2707157.0979226325],[4778975.681287298,2707208.057730942],[4778866.205170233,2707241.557484567],[4778828.292020188,2707545.535353403],[4778977.514523838,2707576.2414496485],[4778897.757203448,2707831.2072203327],[4778712.608416923,2707907.729550615],[4778629.754490078,2708037.975167487],[4778549.842027033,2707982.210074613],[4778616.672697016,2707868.463711227],[4778486.692344889,2707843.3488008818],[4778398.84151641,2708082.547648626],[4778220.724714895,2707940.2633705554],[4778267.989579684,2708104.9552626223],[4778129.11420236,2708148.709948918],[4778436.965689621,2708227.3760179756],[4778309.734273397,2708242.919293355],[4778295.227131717,2708334.639915094],[4778280.974313546,2708258.4573618015],[4778192.141408829,2708267.9887538073],[4778167.857331602,2708450.913763577],[4778356.564074023,2708539.7287415434],[4778317.3797563845,2708663.9461790835],[4778191.764465369,2708681.5466185557],[4778207.794621977,2708776.587488874],[4778101.39610841,2708876.8293448733],[4778004.090411532,2708777.8991170092],[4778072.256976951,2708892.0949783623],[4777989.6267014835,2708910.808132332],[4778019.694121043,2709036.130151563],[4777881.037012811,2709082.066163114],[4778027.917101274,2709477.711057983],[4777855.622954657,2709515.58338091],[4777978.728676121,2709528.1225546254],[4777952.902111932,2709699.917036513],[4778012.853169802,2709759.195094848],[4778115.629857794,2709622.7565488014],[4778101.990008178,2709782.0812120466],[4778004.097351654,2709919.9028478945],[4777894.510265099,2709905.7816410833],[4777853.456053848,2710031.516305498],[4777710.461491341,2709975.8356752195],[4777630.782378947,2710161.832069701],[4777380.764139494,2710380.997580103],[4777501.430898645,2710616.549680689],[4777433.712792444,2710835.3094840087],[4777362.890902631,2710879.84661999],[4777299.672200894,2710769.0787373083],[4777247.997725335,2710840.7610575203],[4776948.426988906,2710744.7238509767],[4776812.92948706,2710873.8188927346],[4776920.587373884,2710878.7313540326],[4776953.725330758,2710965.8732565325],[4776721.359098233,2711188.6720397626],[4776963.995509869,2711353.579317906],[4776828.863052421,2711345.312473788],[4776773.976179837,2711422.8015775206],[4776706.758509093,2711343.2390552727],[4776629.683922856,2711371.8307795282],[4776633.518312676,2711516.9672532915],[4776797.807579876,2711499.202485415],[4776853.187372688,2711639.560415933],[4776784.109074348,2711727.5532279266],[4776662.4607719835,2711585.7078492045],[4776574.324675955,2711740.338280185],[4776631.156480239,2712222.3571620365],[4776503.070705724,2712180.4756662543],[4776398.311393059,2711995.173371302],[4776397.748697587,2712108.124131756],[4776238.305295675,2712290.722200836],[4776177.8197512245,2712184.372686543],[4776064.741759832,2712346.0919054905],[4776086.391105324,2712451.8857125514],[4776191.261663982,2712413.472953027],[4776189.580560892,2712578.0954658515],[4776065.908587531,2712498.405560411],[4776015.271395406,2712541.712085572],[4776071.301743382,2712658.325561319],[4775830.241257761,2712921.599960917],[4775691.276368003,2712729.055549776],[4775579.746505744,2712741.9844952924],[4775579.120549907,2712975.108715647],[4775104.715067384,2713291.1713273833],[4775158.856779591,2713415.5396615304],[4776482.322265739,2713968.6617881563],[4776403.990630833,2714268.7023147824],[4776124.271597379,2714730.715878291],[4777018.381487103,2715150.146787068],[4777680.767947231,2715239.874885763],[4777883.763403575,2715396.5776193086],[4778178.90695142,2715470.572770998],[4778240.726406344,2715407.667099954],[4778617.8008046895,2715566.9708319604],[4778747.130821377,2715844.019536554],[4778685.438661163,2716147.6002187273],[4778607.610178729,2716128.9436575146],[4778551.777717191,2716242.0457277535],[4778605.638831185,2716589.808934387],[4778699.882293459,2716693.403708727],[4778701.630137113,2716993.912480251],[4778858.516914573,2717089.8534575473],[4778980.987933632,2717300.021185354],[4779037.98622573,2717739.9326279773],[4779534.304561643,2717903.4156084163],[4779931.30461498,2718379.1995688123],[4780050.615347954,2718229.117711256],[4780239.53147437,2718162.8788901065],[4780460.5715759965,2718336.4539672215],[4780771.498118726,2718396.124150302],[4780897.034701413,2718157.763900594],[4780564.858327944,2718119.9061096497],[4780243.242666254,2717958.12163956],[4780234.088369694,2717768.062875107],[4780395.064414066,2717467.4166998146],[4780300.127669928,2717268.4809080423],[4779919.428610308,2717111.4968586476],[4779884.008509371,2717052.7677722257],[4780004.104025722,2716907.5095232995],[4780388.449075194,2716708.7533513224],[4780760.519634149,2716321.0451873224],[4781173.360269243,2716623.151538451],[4781449.463210162,2716969.1719406717],[4781638.816473258,2716859.0577253196],[4781752.026441101,2716926.08598877],[4781783.803361324,2717137.424067717],[4781596.5930472305,2717386.4023771794],[4781757.544771708,2717710.6482630563],[4781552.0063136155,2717657.167457128],[4781147.551059414,2718245.402238584],[4781076.149387801,2718736.9382225308],[4781163.674920806,2719101.873995327],[4781449.812501026,2719049.5003357166],[4781772.857094086,2719135.9404026987],[4782056.240610133,2719043.143423532],[4782234.871179671,2719187.653016846],[4782441.4025993375,2719051.4918918847],[4783076.069835405,2719040.9247442237],[4783336.103153325,2719109.1335538314],[4783581.568986497,2719396.782667058],[4783867.4852775745,2719414.9293028717],[4784196.748173479,2719668.3072538036],[4784331.193583222,2719571.7830178635],[4784782.1549001625,2719939.9309492917],[4786015.06178675,2720144.6066064816],[4786864.182751953,2720591.725836448],[4787441.654152591,2720594.7460033],[4787842.927528778,2720501.7400201256],[4788500.552926481,2720560.063838447],[4789013.080932439,2720854.8866804694],[4789536.34614543,2720962.827817219],[4789952.261598564,2721197.2508015423],[4790288.8129902175,2721275.4607255915],[4790606.199895542,2721584.828335257],[4790797.279502792,2721940.96713831],[4791042.1116898935,2722040.02668796],[4791150.712037267,2722205.421340661],[4791533.330018878,2722463.066437917],[4791594.146048902,2723045.6847341345],[4792078.726837655,2723335.7849469557],[4792517.893934142,2724133.153298857],[4793102.822072148,2724328.7086576885],[4793474.532928609,2724747.557225582],[4793665.233375406,2724839.9003277146],[4793869.626991238,2724671.583816787],[4794020.802912805,2724758.8701767386],[4794312.82041624,2724711.12449143],[4794351.431492712,2724888.2446761345],[4795014.926302414,2725834.560920917],[4795191.683938317,2725945.549949258],[4795619.109881393,2726023.6398451347],[4795825.509319802,2726168.486438468],[4795939.475429394,2726390.296418137],[4795891.959667661,2726635.0546676354],[4795968.674460929,2727007.429854559],[4795562.564089784,2727277.884084188],[4795307.834770706,2727340.98467026],[4795467.039548146,2727448.3999331733],[4795630.359831314,2727411.232524201],[4795961.361301662,2727660.7472645184],[4796236.7636802215,2727646.22611124],[4796564.045142521,2727998.7914353726],[4796642.477778411,2728352.15701974],[4796334.582258558,2728653.3045100663],[4796943.582114794,2729241.5090660583],[4796866.725503365,2729340.110956499],[4796920.574708038,2729397.4158426174],[4797428.38608612,2729738.839580839],[4797281.77859722,2730029.1396141187],[4797836.396910564,2730679.0800344963],[4797791.131609318,2730932.1078546746],[4798156.437895656,2731844.8960385197],[4798085.47242524,2731986.8302687523],[4798142.060695709,2732156.4445124585],[4798040.098816982,2732703.372744602],[4797873.916662573,2732968.5414510514],[4797364.309751049,2733129.006154194],[4797233.242783219,2733272.202965794],[4797126.969844455,2733443.1823194884],[4797139.186268622,2733596.9595777392],[4796678.259477395,2734237.39608693],[4796530.725470714,2734222.9318224336],[4796545.468155332,2734301.4614165407],[4796395.7746327,2734459.3783554956],[4795805.933197763,2734688.6909602243],[4795775.880690115,2734845.773053285],[4795619.674168871,2734933.5731573845],[4795716.03881273,2735862.4971638857],[4795965.573647597,2736543.24611238],[4795717.228240984,2737099.3747306196],[4796152.745781325,2737614.7959196456],[4796210.041704265,2738036.61314204],[4796432.757140817,2738446.8739790893],[4796632.764461107,2738607.769728061],[4796657.638938193,2738845.7406702903],[4796766.650284574,2738989.0813211566],[4796585.479368676,2740629.6273011295],[4796695.509054263,2740996.4946862333],[4796964.593511245,2741266.5638979706],[4797370.410552739,2741477.328365556],[4797493.550162524,2741470.15553041],[4798087.697566548,2742123.6920801564],[4798318.113345036,2742228.4262812887],[4798316.494868928,2742466.3031610996],[4798203.839089306,2742503.490142398],[4798080.389055969,2742764.9061263795],[4797861.173662726,2742978.3241857206],[4798296.432602506,2743439.715909574],[4798401.521475944,2743533.241901402],[4798913.695687195,2743647.0383459837],[4799352.336475129,2743651.359653759],[4799552.311776858,2743930.267749692],[4799573.49293441,2744394.894665947],[4799409.808967264,2744605.4805473913],[4799155.122534231,2745281.6163767916],[4799409.6150170695,2745561.246282256],[4799455.2983850045,2746056.711044029],[4799197.883629931,2746589.8392789625],[4798612.832812038,2747209.0485880934],[4798359.884108914,2747722.9662486473],[4798401.456181804,2747975.125728207],[4798244.485542963,2748366.485340109],[4797890.377951801,2748894.2788891066],[4797646.643026757,2749105.4595915447],[4797715.363577108,2749386.8075153315],[4797589.883811343,2750121.8071322287],[4797079.019042718,2750053.2954859794],[4797019.087611472,2749901.1426905626],[4796554.311337694,2749966.5177367264],[4796212.215445153,2749796.1669874964],[4794937.027336709,2750495.369166289],[4794512.628461388,2750619.553765],[4794264.343698445,2750593.068827366],[4794364.4841798935,2751313.474877541],[4794230.86162415,2751501.9709075047],[4793876.433690645,2751678.127292168],[4793536.7376931375,2752884.060016281],[4793008.946524065,2753188.227205191],[4792987.393242145,2753621.890471969],[4792758.266681071,2753990.8895283737],[4792813.278212324,2754245.7571844365],[4792570.534019561,2755080.7119114446],[4792599.852994427,2755808.5172739034],[4792685.946654522,2756049.309499293],[4792577.372186613,2756540.769975776],[4792706.253337265,2756938.84687144],[4792921.955048345,2757122.921816595],[4793005.131340282,2757357.18696336],[4792878.139688652,2758117.667024707],[4792937.301051533,2758580.997824544],[4792870.745895205,2758752.65480478],[4792706.854810054,2758851.21296499],[4792549.5807019435,2759384.0123105138],[4792408.814047709,2759488.979582566],[4792805.7838442605,2760372.01920528],[4792991.690505348,2761375.4623759934],[4792702.015027642,2761565.2297590883],[4791480.522340041,2761826.359510717],[4791072.979903585,2762085.778595153],[4790802.181096349,2762100.30917559],[4790729.02442408,2761800.226436632],[4790327.639093045,2761849.095580044],[4790301.4372033635,2762441.5679667797],[4790737.221399631,2763841.771796877],[4790936.883418463,2764079.7802386824],[4791420.647170036,2764216.394263155],[4792204.57072297,2764013.6494434616],[4793182.428004561,2763903.930394597],[4793635.01935482,2763659.491661052],[4793315.205537223,2763478.5986021627],[4793132.929448954,2763464.2507246],[4793419.656504286,2762760.464116181],[4793222.156218764,2762066.1005608244],[4793884.244979607,2761441.9924813095],[4794429.511702854,2761890.6491769077],[4794587.101342643,2762552.0725211888],[4794940.530488918,2763309.2855779836],[4795558.529573654,2763634.0188167356],[4795813.815761372,2763476.754141642],[4796161.458923233,2763998.4259112184],[4796210.817232446,2764483.5179908327],[4796142.440112523,2764522.9411841123],[4796026.997021846,2765027.625655875],[4796071.145867759,2765221.923646366],[4796775.077247062,2765946.0445862687],[4797009.898432447,2766010.1763127064],[4798229.20543534,2767617.1973779844],[4798121.998327942,2767678.493128735],[4798619.905490447,2768541.55422481],[4798373.799680343,2768848.8451885725],[4796867.718273357,2769813.157767334],[4795630.37612883,2770722.500852177],[4795528.883935835,2770894.346515587],[4796124.279865921,2770720.301366889],[4796332.155221467,2770816.460447107],[4796375.921196765,2770971.4540439965],[4796616.60143137,2771181.0239612646],[4797111.4054618785,2771267.549698086],[4798013.150574526,2771899.607841613],[4798054.22255822,2772288.284618897],[4798181.996976479,2772268.4509331547],[4798452.50356498,2772648.5670139957],[4799355.144195579,2772098.7001761785],[4799666.455068634,2772317.4301158125],[4799944.263245269,2772700.0442032246],[4800205.3815071,2772782.0024638223],[4799862.281713389,2773079.5615775203],[4800402.449460521,2773797.5508706165],[4799888.272903794,2774014.3766914364],[4800271.471215377,2774378.3387323385],[4800392.2056245655,2774379.3903688653],[4800487.983333449,2774214.28607425],[4800627.014909355,2774263.8325346652],[4800647.889033104,2774382.257016632],[4800554.741153644,2774523.828289023],[4800694.182751526,2774708.0215266235],[4800681.488223985,2774923.3807023168],[4800792.0278425375,2775167.596181919],[4800744.152337622,2775492.8853672394],[4800624.437238897,2775472.1111839986],[4800519.148012312,2775561.9387035896],[4800813.54308878,2776201.5408429415],[4800547.629338151,2776122.5686895903],[4800414.1917391075,2776340.464422891],[4800684.420045657,2776417.764141069],[4800979.042613169,2776667.896295171],[4800915.133224676,2777084.360795454],[4801246.551345201,2777355.9149428494],[4801611.392401641,2778050.846067764],[4802186.779357927,2778305.1004286027],[4802372.601027398,2778797.538902982],[4802869.410434441,2778935.9263230762]]]}},{"type":"Feature","properties":{"flugjahr":"2011-2012","gebiet":"Nieder\u00f6sterreich"},"geometry":{"type":"Polygon","coordinates":[[[4803642.822603489,2779587.5650624144],[4803324.723281058,2779315.47024143],[4778760.169839634,2777203.3800009335],[4777677.001902381,2790157.476193279],[4783904.074496176,2790692.7849302497],[4783243.985582388,2798609.0382307703],[4783584.720994756,2798407.9401976895],[4784038.972149107,2798615.380276226],[4784825.182584446,2799209.6328031467],[4785597.918517062,2799422.2165677575],[4786380.520096813,2799294.065022745],[4786696.2735372,2799457.1183940293],[4787063.943327465,2799785.3767657257],[4787428.987648535,2799841.232680852],[4788097.331442073,2799696.195164797],[4788338.852797154,2799521.6268412583],[4788615.158093707,2799618.9046500823],[4789381.144731333,2799532.8563553058],[4789497.018168985,2799238.575727584],[4789475.906539088,2799077.4598452],[4790168.475759562,2798599.0934734894],[4790511.352641255,2798508.530442087],[4790567.730385814,2798535.6171738235],[4790622.473294544,2799200.1521378644],[4790957.26963587,2799122.262585321],[4791332.123597391,2800446.0096352682],[4791301.651025584,2800621.533369606],[4793276.426460192,2800216.6171601834],[4793842.026650732,2799908.53076815],[4794870.272473054,2799759.5782474433],[4795839.593169408,2799720.5091546047],[4797380.402614167,2799390.0064282417],[4797405.49229436,2799280.468915752],[4797581.806315418,2799192.412176466],[4797677.6297676135,2798968.546061927],[4798006.043071108,2799021.228033581],[4797928.791042917,2799251.100788823],[4798554.884502306,2799336.1236692574],[4798730.904908579,2799611.782636432],[4799794.57365719,2799366.357146066],[4799546.457079222,2799878.7192542213],[4799462.132647734,2800557.489401445],[4799364.407388267,2800690.2260243674],[4799336.470304932,2801327.6646875674],[4800838.021014087,2801579.4006815096],[4801423.459400359,2802073.1098933406],[4801735.06581011,2802471.604535831],[4803642.822603489,2779587.5650624144]]]}},{"type":"Feature","properties":{"flugjahr":"2013","gebiet":"Nieder\u00f6sterreich"},"geometry":{"type":"Polygon","coordinates":[[[4742715.363872034,2803215.41700312],[4740627.649044965,2828126.8539303145],[4769270.26170264,2830586.688357313],[4771026.310385799,2809659.564611249],[4780694.796677392,2810499.302826737],[4780724.573246695,2810385.1798820132],[4781165.269289551,2810140.0830317806],[4781091.748743814,2810103.4934333423],[4781143.811640724,2809906.273318931],[4780970.5995046655,2810015.707933722],[4780654.518624201,2809596.9490835667],[4780252.18736754,2809362.604221224],[4780193.39624135,2809199.0596148544],[4780709.938412943,2809287.524545828],[4781103.6213437375,2809256.3801344093],[4781155.872286087,2809137.1330850977],[4780942.798049152,2808863.5900120665],[4781192.622846419,2808299.7673222693],[4781455.802412094,2808138.3613488884],[4781994.061766804,2808002.1911239736],[4782107.160928504,2807862.0938817984],[4781597.492180605,2807276.5595973236],[4781739.620364627,2807108.7000436997],[4782004.817152045,2807038.7175134164],[4781811.739127876,2806354.4885309017],[4781793.211008392,2805747.061376905],[4781597.245016086,2805196.627756145],[4780788.686391884,2804117.6754641775],[4780800.520449701,2803757.468415296],[4780404.133376004,2803412.496969194],[4780624.210711937,2803193.0077111577],[4781316.982919711,2802966.4350767788],[4781531.20933258,2802712.272769404],[4781651.3600931335,2802383.6987896366],[4781635.457536457,2801895.8249920243],[4781770.6989799,2801637.389851357],[4782137.786595032,2801816.2772117835],[4783621.389002955,2801686.081821895],[4783656.250555545,2801573.339040098],[4783344.749703104,2801670.9249275997],[4783280.222297305,2801483.0930194375],[4782962.471395659,2801410.4173771697],[4782721.891935136,2801174.9192707613],[4782695.833850213,2800998.714342776],[4782859.949821374,2800922.1359214857],[4783013.787276724,2800657.8765979446],[4740724.857794711,2797023.590027755],[4740474.662656665,2800012.745882531],[4741720.168350604,2800119.46525013],[4741469.902226329,2803108.6805497804],[4742715.363872034,2803215.41700312]]]}},{"type":"Feature","properties":{"flugjahr":"2010","gebiet":"Steiermark"},"geometry":{"type":"Polygon","coordinates":[[[4683287.043343143,2683125.637817028],[4683228.430665162,2683200.609424879],[4683274.512602788,2683347.1232922925],[4683287.043343143,2683125.637817028]]]}},{"type":"Feature","properties":{"flugjahr":"DTM:2019, DSM:2010","gebiet":"Steiermark"},"geometry":{"type":"Polygon","coordinates":[[[4683232.624770213,2683988.4898054646],[4683228.430665162,2683200.609424879],[4683363.007987084,2681992.0534350025],[4682109.257485826,2682748.804653667],[4681557.147937613,2682729.4282726953],[4680983.022985541,2680743.312071072],[4681093.467994862,2679799.559038597],[4680712.596199359,2679506.8071114477],[4680546.539041902,2679089.8192293425],[4680015.514019155,2678886.2632941497],[4679617.138610764,2678398.559283292],[4679044.800842966,2678243.382654437],[4678270.480996679,2678191.2201804994],[4678965.857402264,2678951.155236441],[4679767.913636473,2679256.2206790107],[4679995.968205573,2679469.8733734447],[4680104.444459183,2680012.326250642],[4679982.877111558,2680958.578046277],[4680030.492897593,2681678.399351452],[4679429.08716797,2682738.7413586657],[4679498.96062669,2683110.2709731846],[4680337.909522691,2684218.7667302685],[4681265.479670893,2686480.44452781],[4681840.206196181,2686577.9332264727],[4682539.255879298,2686924.35767561],[4683553.191553998,2686190.2780849915],[4682905.770805153,2685533.9160946733],[4682707.1897688955,2684647.977446329],[4683232.624770213,2683988.4898054646]]]}},{"type":"Feature","properties":{"flugjahr":"2011","gebiet":"Steiermark"},"geometry":{"type":"MultiPolygon","coordinates":[[[[4683264.6249191575,2683103.0664605424],[4683409.550060252,2683776.4524613423],[4683232.624770213,2683988.4898054646],[4683134.473009064,2685491.181720089],[4683185.04387207,2685537.3822868965],[4690561.115044878,2686035.148077783],[4690624.453754511,2685992.8979170932],[4690697.27239496,2685047.0186678227],[4697018.838309717,2685467.148769276],[4696013.293794556,2697826.9823991284],[4695962.52093659,2697876.3300624145],[4693138.13945838,2697618.135935962],[4693205.960028257,2695859.886842328],[4692889.709772871,2696059.280313888],[4691745.119517403,2696415.920191524],[4691381.559350097,2697052.8218165096],[4690893.728679992,2697485.8034238783],[4690067.459449953,2698121.404586934],[4689195.090495551,2698642.7333450625],[4688256.619970235,2698639.5186411785],[4688081.265682729,2698070.8937150426],[4688335.272255853,2697488.0230767345],[4689306.901079394,2696667.9466916993],[4689638.582060961,2696254.7989519],[4691025.792300114,2695285.1390098473],[4687244.95835332,2695095.1046907124],[4687309.016396526,2693114.603588645],[4683279.88669413,2692927.7166860327],[4682775.1139989495,2703892.950351491],[4669803.99085523,2703317.3455508337],[4669274.211599057,2715333.3137332518],[4673297.778170572,2715517.4381905785],[4673457.7901538415,2712546.1658811485],[4675429.600491619,2712616.9236347396],[4675527.522222969,2710680.773954487],[4675586.777904319,2710623.272464958],[4679523.2072836645,2710803.6993933627],[4679660.24115261,2708810.06360868],[4686603.058664235,2709128.3154583946],[4686753.892497827,2706183.757524437],[4694292.182290854,2706800.8534292714],[4694551.1522316225,2703865.6776528596],[4696547.988415528,2703983.7557477024],[4696706.006363444,2702085.432155342],[4696766.357875517,2701997.4897765163],[4701591.249727098,2702407.026226097],[4701652.065443809,2702457.246080421],[4701505.382189784,2704403.277368289],[4707446.110023171,2704918.858180181],[4707308.0224888595,2706903.154734273],[4709287.474686233,2707096.9041962586],[4709056.412039745,2710061.953278811],[4718063.7045403365,2710815.847182876],[4719642.484368838,2691759.869912683],[4719192.409080956,2691814.7136217435],[4718568.966443722,2691662.3830152573],[4717880.117731788,2691798.0499205766],[4717721.359566752,2691725.799346269],[4717520.888539267,2691477.8728241115],[4716995.193168227,2691623.4427003413],[4716178.203149566,2691537.4954083916],[4715777.177576433,2691665.809550046],[4715488.32151791,2691653.906316825],[4715201.300760747,2691420.243520856],[4714748.39948967,2691290.350922184],[4714422.253877756,2691358.0274354243],[4713863.783811048,2691300.8953737314],[4713598.266282106,2691128.8125491887],[4713429.516396606,2690741.7129552844],[4712867.331050737,2690791.896864876],[4712453.145102452,2690666.5071034576],[4712229.917675661,2690686.4723457224],[4711996.301647205,2690539.1809217026],[4711815.890480122,2690579.8770491434],[4711489.770710635,2690502.535166969],[4711213.882604079,2690297.915051857],[4710988.062090151,2690295.924773776],[4710757.861694233,2690830.6629308625],[4710088.792639059,2691267.1443958944],[4709731.262718113,2691249.134244777],[4709250.518287654,2690930.4677171204],[4708991.029203196,2690960.489846763],[4708604.189906588,2690759.4931397815],[4708354.009279048,2690734.320981918],[4708173.338451608,2690996.1523614433],[4707947.5060529,2691094.819141999],[4707393.517285991,2691141.1057438445],[4707075.598475902,2691005.867096222],[4706613.7826887835,2691157.857657221],[4705957.041445478,2691248.6030684398],[4705376.6952430755,2691210.833530398],[4705145.293070828,2691100.345420831],[4704874.681854015,2690810.219688493],[4704532.488811634,2690936.872894285],[4704126.431950435,2690953.0716587952],[4703495.371527589,2690813.7876624614],[4703083.970040256,2690573.5196451745],[4702865.6129233735,2690019.0500227576],[4702758.883491489,2689927.1041558664],[4702460.5140369255,2689919.676980408],[4701888.922765377,2689566.445763599],[4701719.4543045405,2689216.8864491857],[4701750.373967456,2688906.108495707],[4701400.556260294,2688860.616580624],[4701013.388197951,2688640.8562213634],[4700831.519694945,2688628.474751936],[4700602.571659416,2688806.789022738],[4700392.099164721,2688827.056431867],[4700028.417893439,2688582.8276520697],[4699836.479726569,2688342.4195577228],[4699346.444361067,2688217.180306794],[4699160.9839595435,2687961.7753341924],[4698852.353469844,2687199.668392065],[4698601.052047554,2686918.952529837],[4698349.82014471,2686337.096109736],[4698082.02850359,2685965.869316991],[4697701.646449238,2685841.638747775],[4697458.049110311,2685640.69564562],[4697033.014419169,2685058.1788731706],[4696649.997471754,2684693.0667722756],[4696607.258993417,2684411.3481628317],[4696410.414966241,2684133.5883678924],[4695842.730636061,2684003.995696607],[4695679.200649531,2683869.573163816],[4695721.105652544,2683164.443925787],[4695690.017202138,2682982.3511698856],[4695523.863150915,2682783.7135328394],[4695507.668690833,2682340.3275290825],[4695804.211213567,2681653.085401916],[4695853.183273734,2681218.7413442675],[4695439.302196255,2680990.8346165796],[4695144.633177093,2680683.6991442507],[4694788.180595886,2680188.5550823133],[4694813.732034372,2679861.053561946],[4694513.762344535,2679735.0135637615],[4694286.660041447,2679362.5064489297],[4693942.877857776,2679162.444986237],[4693841.307900027,2679020.6564377085],[4693827.045402841,2678457.5833329293],[4693940.651619486,2678010.449181922],[4693897.495286585,2677692.8176432876],[4694079.83951878,2677185.4622291084],[4694130.615741097,2676433.0619219653],[4694665.870966177,2675706.2054704637],[4694425.085821734,2675486.779685307],[4694124.984011542,2674858.1153195174],[4693366.487153474,2674981.7134267287],[4692912.017705224,2675526.4191407766],[4692497.75005612,2675759.6399413715],[4691839.646075225,2675920.6558834706],[4691594.254565903,2675818.60699504],[4691360.413828907,2675103.5802082596],[4691017.998089977,2674828.114831865],[4690801.156100895,2674016.8928187797],[4690605.220888185,2673979.966878442],[4690477.910369888,2673834.7069770275],[4690347.087537558,2673200.517166012],[4690346.084582304,2672578.8016904886],[4689483.467629132,2672546.3441197397],[4689324.674922688,2672474.1514975536],[4689066.406023767,2672093.060913804],[4688634.879732048,2671069.5335159316],[4688572.398848219,2670758.022380075],[4688628.277336261,2670186.449837868],[4689440.882021124,2669339.8164829966],[4686949.192453497,2669647.97124188],[4683379.690476745,2669516.8613721156],[4681563.101886211,2668696.1443921244],[4680804.962760051,2666868.9121350986],[4675125.090173215,2665290.830661586],[4675040.603245479,2665496.5501241535],[4674969.164538365,2666516.3216128773],[4675042.862983457,2666596.552742402],[4675000.388469251,2666715.836609348],[4675084.419505624,2667108.3975498294],[4674944.5661644805,2667347.6035704664],[4674977.344698678,2667459.5544230724],[4674895.571280442,2667643.952802159],[4674793.889751788,2669208.832140168],[4674839.390428768,2669867.460421473],[4674694.463012122,2670728.6959321825],[4674465.5776535,2674239.280100135],[4674514.13263901,2674353.1786532714],[4674429.267083169,2674804.1673803153],[4674434.980843141,2674925.7674999973],[4675041.679483134,2675015.4454053347],[4674808.296980526,2678455.329902475],[4661130.690095401,2677538.944394705],[4661929.941116072,2664542.3462198433],[4661895.648753175,2664358.1237456105],[4661067.474098976,2664330.3072702093],[4660679.956881099,2662553.7842181996],[4654754.477022071,2661695.299972158],[4653343.138039642,2663103.1666833432],[4652627.557334565,2665947.186277184],[4649935.5546605345,2666251.080713088],[4644290.0437177215,2665888.944514708],[4643543.961241983,2677351.6460691746],[4653470.424670716,2678026.427216384],[4653534.882425473,2677952.1714452244],[4653621.270758813,2676534.7705973727],[4653054.532359288,2676495.4675928825],[4653007.975638583,2676419.744770851],[4653447.288853067,2670020.63924585],[4657753.74290035,2670298.176301127],[4657612.903107713,2673103.6100510685],[4657668.266891831,2673348.187545265],[4657552.405747113,2674240.836778711],[4657627.367921894,2674759.452017189],[4657510.670061013,2675018.84044058],[4657624.364196993,2675452.057702533],[4657512.42223581,2675977.359531339],[4657574.018991257,2676860.7632427993],[4657463.405675108,2677108.2488293876],[4657404.17153213,2677730.5724709174],[4657308.923768509,2677778.0044818446],[4657211.9322999865,2679249.7811087538],[4657830.8729415005,2679372.2008897197],[4657610.007727713,2682800.841144885],[4675991.8972575525,2684050.216921164],[4676460.814424957,2683981.2802213677],[4676809.495524088,2684104.058928941],[4677235.106990193,2684023.8047642843],[4677371.515928608,2684137.232517971],[4678031.019290709,2684180.8142196303],[4678093.325817787,2684143.8028898905],[4678042.162730019,2683852.642122805],[4678175.063114668,2683819.4508419624],[4678224.430553553,2683879.44590116],[4678333.564742787,2682210.930055767],[4678239.018656862,2681762.568262983],[4678353.713774312,2681773.696812681],[4678366.001647049,2681714.145800541],[4678498.534066553,2679683.676232568],[4678462.55956615,2679606.245739886],[4678259.16365275,2679645.7007720126],[4678195.103169207,2679542.49278647],[4678511.2538378285,2679488.7827195064],[4678541.240522478,2679029.2184462957],[4678353.646496693,2678953.0474181017],[4678546.36475626,2678948.082050423],[4678560.048918885,2678715.82613846],[4677328.178928657,2678627.810744901],[4677347.045400799,2678133.2452264233],[4677395.679136519,2678207.891154153],[4677500.3130937135,2678140.522161198],[4677667.461169644,2678216.1201033546],[4677745.900356018,2678155.9132091296],[4678270.480996679,2678191.2201804994],[4677552.308982493,2676893.5453953603],[4676504.631756086,2675906.637318703],[4676265.866049304,2675434.2817484727],[4676572.538106674,2674538.5828122515],[4676585.856373585,2673982.7130257636],[4675776.135515238,2672524.3238526015],[4676083.646608981,2672273.2120210677],[4676462.263436718,2672274.5758113293],[4676783.767029112,2672619.6180307046],[4677066.018103643,2673266.12326417],[4677226.998246446,2674005.147072382],[4676841.775464835,2675344.6272700266],[4677053.0629846975,2675712.6336449673],[4677880.435199409,2676400.1794654555],[4678489.753883572,2677263.870803482],[4678535.985053904,2677855.495498559],[4678808.312282411,2678179.2647836288],[4681147.04565208,2678475.869737074],[4681512.333780751,2678409.7975131026],[4682200.046559143,2678527.474911526],[4682476.981123377,2678479.7417431315],[4683325.237507225,2678531.8629432134],[4683388.094692667,2678592.5968354726],[4683493.515988142,2678546.3176861852],[4683573.564508923,2678767.0650181435],[4683382.61740064,2681690.917545696],[4683318.966506414,2681790.1500153877],[4683360.893256158,2681757.7807010263],[4683363.007987084,2681992.0534350025],[4683912.340151532,2681674.6810793225],[4684444.609690582,2681163.691195603],[4685083.784858223,2680385.3691439247],[4685628.817570692,2680429.4528533015],[4687079.180829892,2680867.530535769],[4687539.607326063,2680487.3622019193],[4687767.035862458,2680600.925377803],[4687663.095893773,2681212.7006381666],[4687366.329912676,2681424.2412524587],[4687095.429121336,2681479.8304193467],[4686223.604082973,2681075.374646632],[4685574.534644874,2680959.4335919237],[4684750.529339405,2681703.2261085887],[4684474.092880495,2682067.84117168],[4683454.466265932,2682591.4460126255],[4683264.6249191575,2683103.0664605424]]],[[[4747280.757132886,2634239.3026446328],[4751180.00660595,2634465.905047249],[4752538.856936007,2634613.6566676935],[4752070.1133173965,2634197.580785445],[4749079.646191584,2634132.408405466],[4747240.25281279,2633708.301967279],[4746775.788521258,2632861.7402165304],[4746811.047207214,2630697.7282771138],[4746225.648017444,2628902.7675205073],[4744661.959169289,2627902.2140777],[4743390.469798858,2626625.4884135565],[4742046.00767142,2626347.178088326],[4740524.010141686,2626172.988859912],[4740942.595214723,2626440.9940546346],[4741271.552806119,2627028.1227011844],[4741470.811455429,2627143.4422642826],[4741974.835979923,2626990.6620317562],[4742088.814626885,2626676.930485261],[4742408.654820416,2626502.8253002106],[4742732.873756,2626580.972610758],[4742990.862592279,2626773.405420783],[4743209.713256118,2626792.9515132117],[4743465.020351666,2627073.457713584],[4743414.883925362,2627521.514045864],[4743673.978402799,2627415.9774014964],[4743959.211924433,2627511.3280134294],[4744201.651979293,2627738.6004124996],[4744382.330823844,2628114.892693102],[4745065.15470608,2628847.6427146606],[4745137.037069498,2628651.908936364],[4745287.333458033,2628529.223337422],[4745468.422847476,2628509.7641962385],[4745635.623410013,2628606.5955361943],[4745908.349830162,2629081.062127501],[4745899.050631641,2629385.38875593],[4746155.980205107,2629625.846671324],[4746287.976013424,2629977.7321504224],[4746200.790479215,2630209.275164579],[4745765.617110892,2630532.7867638767],[4746015.558762499,2630527.472926999],[4746182.758869051,2630624.3036894454],[4746325.949693292,2630857.9713939214],[4746385.268653903,2631242.140851083],[4746294.755466122,2631569.012589565],[4745942.006012854,2632171.6955123954],[4745843.530292585,2632786.141267743],[4745722.639324885,2633044.8441489935],[4745763.8321659,2633160.1422604774],[4746284.844726903,2633140.492129218],[4746526.89820717,2633210.591996381],[4746677.821067865,2633567.0234032096],[4746819.481193958,2633693.3145238813],[4747029.482970677,2633686.1394146364],[4747190.0112280175,2633793.682082834],[4747280.757132886,2634239.3026446328]]],[[[4739884.261246969,2626099.772605459],[4739031.165120718,2626502.222334249],[4738579.411230938,2628050.4879386695],[4739133.533627432,2627542.276772674],[4739163.642194331,2627304.3485895814],[4739070.488405682,2627007.8683350636],[4739136.64622047,2626551.8926923783],[4739349.736200993,2626402.211266009],[4740150.807544175,2626130.2777756406],[4739884.261246969,2626099.772605459]]],[[[4738297.371797348,2629216.5343860732],[4738459.909242534,2629025.1443315386],[4738416.934471305,2628659.387610821],[4738297.371797348,2629216.5343860732]]],[[[4738161.294586694,2629272.564305977],[4738189.114990617,2629286.300938168],[4738215.991882761,2629265.8971028132],[4738161.294586694,2629272.564305977]]],[[[4735637.830570613,2629782.550574334],[4734218.579143832,2630018.048539085],[4727019.004134214,2628671.181084128],[4722598.335065265,2628085.888901343],[4722665.980135484,2628163.4838244314],[4723329.765201312,2628257.5661255694],[4723935.078528059,2628572.36644628],[4725163.179255101,2628562.3838734515],[4725605.827983074,2628818.6799730333],[4725756.4456265215,2629139.8186931293],[4726044.43051406,2629259.7943795724],[4726403.962580283,2629634.2797651263],[4726837.82512237,2629737.1237155404],[4727449.324054525,2629694.1001352714],[4727799.7902849205,2629376.768970318],[4728242.723040506,2629239.029421357],[4728454.106253597,2629289.7891172967],[4728784.367131835,2629564.6183386073],[4728948.862487242,2629845.4999957755],[4729184.032246369,2629808.5031096144],[4729404.242100485,2629910.7902395595],[4729749.164270046,2629711.4533255184],[4730143.937943154,2629713.7840956897],[4730663.080571839,2630169.532961831],[4730742.592604896,2629959.1463730047],[4730903.030364152,2629852.363881097],[4731815.739367006,2629873.497094298],[4732008.595079724,2629754.197086575],[4732280.292235451,2629746.904589121],[4732697.592726065,2630012.1168065295],[4733150.353030393,2630003.048708154],[4733510.124889816,2630153.671551403],[4733979.886437455,2630107.424350607],[4734309.914636859,2630294.1432916676],[4734921.106443459,2630468.423027709],[4735441.024734861,2630590.571563636],[4735734.653757291,2630567.534529304],[4735722.480372433,2630108.1216126466],[4735823.301376797,2629838.0367311146],[4736009.792597357,2629738.8444724632],[4736530.251540834,2629747.879940113],[4736722.811886835,2629447.578063677],[4735637.830570613,2629782.550574334]]],[[[4721587.8727906495,2627980.7569331583],[4719131.688013503,2628066.4073399813],[4718056.309221323,2628831.9008195787],[4717236.020946681,2628931.5577041856],[4715188.942976727,2628758.5960123762],[4713827.445881363,2628494.8444638494],[4714086.041901092,2628680.972401917],[4714272.5345287025,2629291.360751616],[4714430.8933490915,2629220.1308473945],[4714602.898607189,2629248.8625530223],[4714844.406767734,2629417.8853087667],[4714917.73505679,2629588.3133698865],[4715266.908597005,2629487.1901440076],[4715415.570820408,2629300.8268265575],[4715639.699290401,2629223.014744231],[4716136.153438102,2629437.8919708948],[4716314.483521299,2629187.680276138],[4716520.439357072,2629104.655664941],[4717086.526414525,2629162.768690339],[4717623.65988503,2629382.9306425923],[4718078.870095008,2629098.692430277],[4718269.0864370065,2628718.872012808],[4718802.740829003,2628364.7221021694],[4719234.674949326,2628278.6351737203],[4719507.137234837,2628325.228273498],[4720511.700965738,2628062.33796833],[4720976.798315405,2628215.163569711],[4721587.8727906495,2627980.7569331583]]],[[[4713269.170323805,2628595.0403889427],[4711966.893323476,2628778.0976236076],[4710867.672932542,2628435.0111173475],[4710575.370921974,2628136.762002361],[4710861.779420927,2628551.2315942748],[4711306.986261384,2628615.2652620743],[4711499.064426683,2628723.234621502],[4711719.847104496,2629081.5747953183],[4712127.79563438,2629395.169913275],[4712400.30545319,2629029.836333337],[4712713.179485422,2628846.140918608],[4712919.093395208,2628816.331039871],[4713139.430560599,2628889.185454796],[4713269.170323805,2628595.0403889427]]],[[[4708598.478949513,2628384.5630141003],[4707771.007974057,2628524.1285378966],[4708056.869628037,2628720.91077635],[4708188.347666586,2629032.2027000277],[4707439.903653969,2629378.982531586],[4705891.762434089,2629673.446986089],[4705465.565903736,2630091.346036349],[4705777.7105095545,2630017.4158162777],[4706314.7793734595,2629717.4195745606],[4707192.973677218,2629967.3576359944],[4707692.997739416,2629311.8623916944],[4708356.346362713,2629177.605566903],[4708480.212725935,2628545.35198165],[4708598.478949513,2628384.5630141003]]],[[[4704483.124766594,2631347.044596409],[4704347.019410715,2632085.8412104896],[4704692.055867189,2632375.7233182304],[4705435.364723431,2632414.756403839],[4705716.993920457,2632654.0159401647],[4705614.636712158,2631521.4157175575],[4705301.857947281,2631303.578836362],[4705086.333716244,2630932.8773512],[4704483.124766594,2631347.044596409]]],[[[4705764.380936234,2636686.675495643],[4705923.274516592,2636457.446194043],[4706238.849065329,2636259.5280399304],[4706248.912383516,2635962.65908236],[4706407.125173417,2635534.7655960536],[4705908.847070159,2635006.909104665],[4705764.380936234,2636686.675495643]]],[[[4705728.278198973,2637106.460448952],[4705515.310827802,2638204.4938351833],[4705994.223847841,2637603.7836003196],[4705728.278198973,2637106.460448952]]],[[[4705226.712999766,2639480.8874871475],[4705314.956092919,2639282.3987745577],[4705283.577870731,2639229.4063988426],[4705226.712999766,2639480.8874871475]]],[[[4701846.744994816,2642316.0584734892],[4702396.625097971,2642272.1378326043],[4702437.195806948,2642183.061551104],[4701846.744994816,2642316.0584734892]]],[[[4701523.003315659,2646649.152488012],[4701502.061746572,2646340.5674279565],[4701360.280295832,2645823.1924929926],[4701523.003315659,2646649.152488012]]],[[[4703369.410607825,2649222.5893726586],[4703245.913705336,2648647.9864005395],[4702828.90704717,2648538.1534536006],[4702547.101017039,2648358.7709611254],[4703369.410607825,2649222.5893726586]]],[[[4703053.544993173,2650323.542797664],[4703608.326496346,2649808.0860797027],[4703384.9228985235,2649347.252592789],[4703053.544993173,2650323.542797664]]],[[[4702696.000886551,2652649.4260888193],[4702713.294946793,2652619.293577669],[4702710.361412089,2652481.1375877643],[4702696.000886551,2652649.4260888193]]],[[[4703052.391350209,2654068.675574494],[4703033.107641609,2654017.786994552],[4702961.464678241,2653972.810738165],[4703052.391350209,2654068.675574494]]],[[[4703094.871743601,2657627.618735294],[4701479.38742305,2659141.515044385],[4702029.745188321,2658949.4877312714],[4702426.157679651,2658462.3712574895],[4702945.286316792,2658144.862684597],[4703106.046689579,2657916.315511742],[4703177.333883048,2657493.6142890668],[4703678.637114871,2656969.953147253],[4703744.7113877665,2656743.7244516537],[4703499.02499754,2656296.506741299],[4703515.576097772,2655993.171879086],[4703141.086932213,2654570.625310856],[4703094.871743601,2657627.618735294]]],[[[4699364.558710627,2662906.963777637],[4699538.657402123,2662839.485808269],[4699684.621657634,2662409.665961025],[4699364.558710627,2662906.963777637]]],[[[4698547.048111389,2664598.197678284],[4698629.110698625,2664563.5920672957],[4698652.008987354,2664447.477302752],[4698547.048111389,2664598.197678284]]],[[[4696720.847331692,2665389.814036088],[4695396.8190392675,2665745.0090607204],[4694072.780122598,2666100.2291148114],[4696498.873385744,2665510.4995791176],[4697443.923973202,2665533.091210718],[4697651.434762768,2665338.8167770095],[4698144.14009765,2665142.3218171652],[4698256.021866383,2664860.1997206584],[4696720.847331692,2665389.814036088]]],[[[4692914.316184162,2666951.801726057],[4692940.364549243,2666951.4388165227],[4692961.806820592,2666915.420748125],[4692914.316184162,2666951.801726057]]],[[[4691112.321286009,2668413.2668088363],[4689756.16097375,2668688.8790095365],[4689727.589134692,2669099.132335748],[4690047.034656705,2668691.8781810976],[4690852.806672433,2668628.216271439],[4691356.28647918,2668472.4382948056],[4691526.019864578,2668240.1766453204],[4691112.321286009,2668413.2668088363]]]]}},{"type":"Feature","properties":{"flugjahr":"2007","gebiet":"Salzburg"},"geometry":{"type":"Polygon","coordinates":[[[4545433.655586018,2696687.1461185305],[4545542.429759438,2694191.1413847567],[4543043.370096911,2694079.1443131045],[4542934.640954352,2696575.1510377815],[4545433.655586018,2696687.1461185305]]]}},{"type":"Feature","properties":{"flugjahr":"2013","gebiet":"K\u00e4rnten"},"geometry":{"type":"Polygon","coordinates":[[[4691665.733813048,2615947.3541986356],[4691652.316599256,2616260.2426394653],[4691692.8340633325,2615993.279693543],[4691665.733813048,2615947.3541986356]]]}},{"type":"Feature","properties":{"flugjahr":"2011-2012","gebiet":"Nieder\u00f6sterreich"},"geometry":{"type":"Polygon","coordinates":[[[4783243.985582388,2798609.0382307703],[4783103.822066392,2800479.297320671],[4783224.3829537025,2800312.1862409045],[4783495.3989082575,2800166.7460430907],[4783656.921070852,2799834.786722518],[4783616.040096457,2799729.041985609],[4784906.785478373,2800007.360614175],[4784760.037159436,2799735.5923453295],[4784955.341855028,2799655.884135515],[4784966.980676017,2799442.241479248],[4783481.359012426,2798872.4363894397],[4783460.8122977475,2798773.151201853],[4783243.985582388,2798609.0382307703]]]}},{"type":"Feature","properties":{"flugjahr":"2015","gebiet":"Nieder\u00f6sterreich"},"geometry":{"type":"Polygon","coordinates":[[[4783103.822066392,2800479.297320671],[4783904.074496176,2790692.7849302497],[4777677.001902381,2790157.476193279],[4778760.169839634,2777203.3800009335],[4773778.210722627,2776775.648449041],[4773861.461267502,2775779.2026018417],[4768879.408234177,2775351.6700373883],[4768463.149592595,2780333.8635467472],[4738570.756669822,2777773.059963526],[4737571.577441654,2789728.879722172],[4741308.13582789,2790048.7576312227],[4740724.857794711,2797023.590027755],[4783013.787276724,2800657.8765979446],[4783103.822066392,2800479.297320671]]]}},{"type":"Feature","properties":{"flugjahr":"2015","gebiet":"Wien"},"geometry":{"type":"Polygon","coordinates":[[[4783224.3829537025,2800312.1862409045],[4782885.713449491,2800893.404464163],[4782695.833850213,2800998.714342776],[4782721.891935136,2801174.9192707613],[4782962.471395659,2801410.4173771697],[4783280.222297305,2801483.0930194375],[4783344.749703104,2801670.9249275997],[4783656.250555545,2801573.339040098],[4783621.389002955,2801686.081821895],[4782137.786595032,2801816.2772117835],[4781770.6989799,2801637.389851357],[4781635.457536457,2801895.8249920243],[4781651.3600931335,2802383.6987896366],[4781531.20933258,2802712.272769404],[4781316.982919711,2802966.4350767788],[4780624.210711937,2803193.0077111577],[4780404.133376004,2803412.496969194],[4780800.520449701,2803757.468415296],[4780788.686391884,2804117.6754641775],[4781597.245016086,2805196.627756145],[4781793.211008392,2805747.061376905],[4781811.739127876,2806354.4885309017],[4782004.817152045,2807038.7175134164],[4781739.620364627,2807108.7000436997],[4781597.492180605,2807276.5595973236],[4782107.160928504,2807862.0938817984],[4781994.061766804,2808002.1911239736],[4781455.802412094,2808138.3613488884],[4781192.622846419,2808299.7673222693],[4780942.798049152,2808863.5900120665],[4781155.872286087,2809137.1330850977],[4781103.6213437375,2809256.3801344093],[4780709.938412943,2809287.524545828],[4780193.39624135,2809199.0596148544],[4780252.18736754,2809362.604221224],[4780654.518624201,2809596.9490835667],[4780970.5995046655,2810015.707933722],[4781143.811640724,2809906.273318931],[4781091.748743814,2810103.4934333423],[4781165.269289551,2810140.0830317806],[4780724.573246695,2810385.1798820132],[4780664.994583464,2810525.8465058324],[4780684.410159512,2810670.8359695636],[4780601.761806606,2810755.251046835],[4780704.751771688,2810874.696260743],[4780706.19727362,2811172.2252967115],[4780618.018401515,2811529.2338501913],[4780768.807807896,2811990.4767748886],[4780752.072116832,2812219.9958400642],[4781033.603377018,2812701.323624835],[4781390.653478077,2812996.475030024],[4781304.882323037,2813264.061676676],[4781305.480394472,2813646.4138415344],[4781471.158027673,2813869.4372883867],[4781645.832173525,2813853.180159026],[4781998.398252328,2813568.3590742527],[4782009.174664813,2813462.4090029593],[4782535.142746301,2813313.691686136],[4783540.281900798,2812514.1094629033],[4784073.030024421,2812353.3336227606],[4783857.374597738,2811705.3255552514],[4783941.09037286,2811449.1457168544],[4784204.920362108,2811250.91226173],[4784581.9048005305,2811352.7770467433],[4784827.041125761,2811510.770333382],[4785306.024983899,2811516.64003646],[4785300.229002338,2811850.46491918],[4785396.571317171,2812166.22700778],[4785579.240887873,2812158.24527642],[4785777.356866293,2812323.323570426],[4785879.838655359,2812488.5920407763],[4785831.403156802,2812590.2973999246],[4786221.478195238,2812925.119448694],[4786130.966075492,2813146.7161387163],[4785729.794615004,2813220.644115475],[4786070.505323887,2813244.3939059656],[4786554.0291561,2813523.867291884],[4786846.704563379,2813507.8527066335],[4787218.035380872,2813687.3885318884],[4787391.665304184,2813967.8219474247],[4787732.336756101,2814205.9421732663],[4787855.623543939,2814405.338371775],[4787633.202664562,2814696.0444924408],[4787248.564790565,2814675.938335596],[4787439.3079491425,2815110.5090678153],[4787809.245550892,2815318.870725523],[4788025.737731436,2815320.6567624686],[4788248.072437413,2815482.728014608],[4788662.182024053,2815348.0698941983],[4789066.196571916,2815624.3571289065],[4789286.472774518,2815651.0905202543],[4789500.081300269,2816010.8172318866],[4789701.32821738,2816157.25883918],[4790310.666479242,2816095.671400039],[4790403.751633258,2816170.3655437483],[4790520.582301434,2816523.35331453],[4790847.438091273,2816660.402635945],[4791430.989003789,2817122.754686262],[4791125.2221924625,2817482.582914561],[4791613.36200493,2817692.273674455],[4792069.337262123,2816982.4511121945],[4792805.134093901,2816881.7559104133],[4793093.421872302,2816769.0728533277],[4793356.513591078,2816862.7400240134],[4793101.352706376,2817083.760614777],[4793061.744034,2817423.6783138313],[4793842.203501272,2817658.538465071],[4793888.678102981,2817995.817818341],[4793602.014185553,2818463.263141147],[4793624.830816357,2818539.123277553],[4793845.247562167,2819158.32354364],[4794202.5897578625,2819123.831953688],[4794319.17577066,2819185.968235048],[4794150.454073894,2819277.7243425753],[4794193.268670829,2819408.9326664913],[4794060.818310356,2819575.306580647],[4794093.793161714,2819781.76883505],[4793966.684484372,2820239.066812783],[4793803.112275857,2820381.0508585465],[4793845.312335379,2820855.8272965476],[4794117.936609507,2821157.2158215065],[4794395.522524473,2821126.532923396],[4794435.741051435,2821265.5220954344],[4794344.270920194,2821264.4931813916],[4794334.933417369,2821338.4275178686],[4794513.399149942,2821342.268344934],[4794488.557639668,2821499.2284715385],[4794790.070469916,2821548.897245433],[4794817.369575493,2821280.539396592],[4794745.231324267,2821183.976039502],[4795414.571401462,2820969.1210172],[4795485.550348347,2821236.169823709],[4796521.005900935,2821711.175444205],[4796987.413644635,2821656.813063145],[4797990.455237197,2821185.884109452],[4798088.301467443,2820362.1329070167],[4798302.406016676,2819722.407165043],[4798421.686802575,2818444.587462623],[4800916.552803042,2816937.031782161],[4801614.695482834,2816662.879074548],[4801719.981995434,2817384.154815338],[4801448.753449384,2818436.9785596444],[4801431.478827233,2818872.1824719417],[4802558.648389727,2818872.1486210595],[4802549.574249546,2818801.7318371814],[4803847.539052641,2818390.5935416217],[4803840.713102729,2818295.571706562],[4803976.20955891,2818227.8393009575],[4803882.128607331,2817763.5731147737],[4803726.848817572,2817529.029354673],[4803494.829418606,2816846.211441487],[4804065.264595206,2816610.076780806],[4804006.875020212,2816248.0187553624],[4804478.01664678,2816193.2118605976],[4804626.140591742,2815940.4462679084],[4805342.574005209,2815761.9855665574],[4805523.2566131195,2815742.205449336],[4805545.910553363,2815832.9966719546],[4805941.723103454,2816013.279120953],[4806575.5594254015,2815934.9354364607],[4806338.578552735,2814957.5760166314],[4806209.806250212,2813652.4610249274],[4806861.305719102,2813694.4335005595],[4806858.180297953,2813424.731326769],[4807232.143682959,2813311.854022726],[4806950.450663441,2811545.335389292],[4806951.56379931,2810745.8776651016],[4806819.3014368275,2810226.6816396327],[4806479.344940554,2809433.1119760377],[4806383.867368671,2808934.658485593],[4806877.105724431,2807973.471430898],[4806693.607673981,2807436.71813647],[4806673.921464796,2807055.978229003],[4806918.981988277,2806994.512232977],[4806962.724467219,2806901.9590922208],[4806933.270006794,2806791.8578318586],[4806660.581660451,2806958.5314812167],[4806605.525639622,2806398.0322119426],[4806975.957021457,2806009.0011693537],[4806641.934672605,2806073.029623031],[4806672.942090901,2805947.6096283174],[4806848.609503804,2805892.4236943903],[4807015.789633107,2805986.77741635],[4807271.697077826,2805942.8089583893],[4807192.571122351,2806158.593072911],[4807032.523967074,2806194.4374830495],[4806964.011947364,2806306.1812871885],[4807226.325725556,2806381.7884396547],[4807302.363646692,2806498.433350444],[4807456.075519618,2806504.56117602],[4807608.846716456,2806397.2897638623],[4807734.296317091,2805955.6671613418],[4807698.678012126,2805822.1386339734],[4807433.762814232,2805798.350845864],[4807450.326203643,2805722.6625530133],[4807597.6475199815,2805316.8498156182],[4807741.892395243,2805221.00275729],[4807732.590343176,2805047.940106231],[4807966.126877749,2804822.865989547],[4808237.99568949,2804775.3688375433],[4808052.084827793,2804989.76083491],[4808221.219936602,2805079.5259452015],[4808331.545414961,2805050.921248259],[4808645.767086236,2804661.73286215],[4808816.16806762,2804881.6698022024],[4809098.022136319,2805064.4390575364],[4809327.159247006,2805092.6351694856],[4809640.9387583155,2804902.644849845],[4809752.36987592,2804608.0934284097],[4809567.33004749,2804160.5181547124],[4809906.273588726,2803764.2409423194],[4809957.322262482,2801983.5943345213],[4807429.395207341,2802652.0989556042],[4806045.819494201,2803765.538162977],[4805325.9932985315,2804152.406782173],[4805115.487032563,2804187.5915967324],[4804003.276849199,2803785.6094410745],[4803608.529024215,2804041.8596194787],[4803255.301912298,2803609.635769927],[4802482.284858984,2803714.258045329],[4802424.940103545,2803392.144318617],[4801423.459400359,2802073.1098933406],[4800967.280617075,2801654.1519502695],[4800652.777880914,2801536.0663757375],[4799336.470304932,2801327.6646875674],[4799364.407388267,2800690.2260243674],[4799462.132647734,2800557.489401445],[4799546.457079222,2799878.7192542213],[4799794.57365719,2799366.357146066],[4798730.904908579,2799611.782636432],[4798554.884502306,2799336.1236692574],[4797928.791042917,2799251.100788823],[4798006.043071108,2799021.228033581],[4797677.6297676135,2798968.546061927],[4797581.806315418,2799192.412176466],[4797405.49229436,2799280.468915752],[4797380.402614167,2799390.0064282417],[4795839.593169408,2799720.5091546047],[4794870.272473054,2799759.5782474433],[4793842.026650732,2799908.53076815],[4793276.426460192,2800216.6171601834],[4791301.651025584,2800621.533369606],[4791332.123597391,2800446.0096352682],[4790957.26963587,2799122.262585321],[4790622.473294544,2799200.1521378644],[4790567.730385814,2798535.6171738235],[4790511.352641255,2798508.530442087],[4790168.475759562,2798599.0934734894],[4789475.906539088,2799077.4598452],[4789497.018168985,2799238.575727584],[4789381.144731333,2799532.8563553058],[4788615.158093707,2799618.9046500823],[4788338.852797154,2799521.6268412583],[4788097.331442073,2799696.195164797],[4787428.987648535,2799841.232680852],[4787063.943327465,2799785.3767657257],[4786696.2735372,2799457.1183940293],[4786380.520096813,2799294.065022745],[4785597.918517062,2799422.2165677575],[4784825.182584446,2799209.6328031467],[4784038.972149107,2798615.380276226],[4783584.720994756,2798407.9401976895],[4783243.985582388,2798609.0382307703],[4783460.8122977475,2798773.151201853],[4783481.359012426,2798872.4363894397],[4784966.980676017,2799442.241479248],[4784955.341855028,2799655.884135515],[4784760.037159436,2799735.5923453295],[4784906.785478373,2800007.360614175],[4783616.040096457,2799729.041985609],[4783656.921070852,2799834.786722518],[4783495.3989082575,2800166.7460430907],[4783224.3829537025,2800312.1862409045]]]}},{"type":"Feature","properties":{"flugjahr":"2006-2009","gebiet":"Tirol"},"geometry":{"type":"Polygon","coordinates":[[[4355931.446973721,2704781.678675762],[4355886.195667245,2705373.64873772],[4355760.369555294,2705743.8115689503],[4355974.29750195,2706315.617086086],[4355850.032011272,2706692.638859082],[4355841.994611143,2707134.915375225],[4355627.3374408595,2707396.9672597246],[4354686.696012987,2707515.337858149],[4354435.050598898,2707634.752699229],[4354677.601743046,2707636.267298391],[4355020.921564364,2707763.8098667148],[4355321.42804726,2707521.0216717287],[4355674.003151887,2707467.706988085],[4355901.032349255,2707148.66001476],[4355905.451472412,2706706.291023628],[4356077.724008945,2706275.0145760956],[4355818.591957386,2705724.77148562],[4355993.627272192,2705098.0851570326],[4355931.446973721,2704781.678675762]]]}},{"type":"Feature","properties":{"flugjahr":"2006-2009","gebiet":"Tirol"},"geometry":{"type":"Polygon","coordinates":[[[4391759.945119499,2707234.480930195],[4392051.858302584,2707691.1347725983],[4392076.179691828,2707882.3414863623],[4391807.593651665,2708251.5228474736],[4391528.925739002,2708418.1693127775],[4390846.77674858,2708391.178873511],[4389601.371033913,2708714.6370021063],[4388899.894247331,2708492.460197774],[4388463.028096255,2708440.396793918],[4387648.695322133,2708031.4857987845],[4387352.200645462,2708022.382289279],[4386914.410696673,2708240.15662911],[4386881.488787145,2708638.9641226036],[4387036.928623745,2709187.974949029],[4386950.893930108,2709735.6968132746],[4387238.056152907,2710045.0872555235],[4387926.912685903,2710310.52601613],[4388286.462998939,2710545.744612704],[4388769.851028319,2710630.0917165615],[4389418.5447302675,2710965.9211507216],[4390132.258666199,2711175.4072323986],[4390390.242426423,2711316.462444865],[4390485.979122275,2711483.8516433765],[4390449.919769958,2711713.4263191307],[4390520.491894436,2712032.6487524873],[4390231.070123806,2712397.383284755],[4390059.992964752,2712474.6558638755],[4389778.7848276505,2712453.1498039556],[4389388.696677244,2712306.840361439],[4389129.49325566,2712563.9027097453],[4388779.677275198,2713253.1815647352],[4388561.744821461,2713459.333798947],[4388372.65893726,2714216.2562494287],[4388222.305109985,2714408.775367218],[4388052.394376803,2714447.464038707],[4386274.262329504,2714249.8887219937],[4385993.024740732,2714077.293604861],[4385249.959390805,2714114.936338985],[4385083.259127937,2714017.753379715],[4384781.313074708,2713602.0040017734],[4384109.691565221,2713276.3899576687],[4383931.74461763,2713371.339881665],[4383375.747899752,2713409.3385301162],[4382623.487145037,2713148.468864686],[4382195.408272464,2713160.9270601757],[4381962.517031078,2713003.160909959],[4382004.573459964,2713080.5541067678],[4382313.532459152,2713248.593699294],[4383638.074420568,2713563.5410474613],[4384137.325971511,2713376.067990308],[4385174.776471333,2714262.611402295],[4387953.879939009,2714602.726024323],[4388279.054321936,2714562.5469947653],[4388499.859955007,2714315.404639702],[4389209.959343521,2712698.064944408],[4389354.310038865,2712513.03295072],[4390070.659936691,2712633.54395893],[4390285.546051632,2712551.13909059],[4390555.951572687,2712285.19352904],[4390666.825229464,2712040.1714924937],[4390632.661654348,2711455.6552162957],[4390500.692841202,2711220.726019926],[4390211.684089854,2711045.7289062086],[4389515.402901648,2710846.8830224713],[4389332.151093025,2710697.2126259375],[4388357.861852228,2710445.601150673],[4387118.051048707,2709686.992050589],[4387066.4014792945,2708433.5737254443],[4387567.704335455,2708191.920954708],[4389640.227669408,2708871.229151953],[4391792.097276877,2708378.251358621],[4392074.137409676,2708217.6200581924],[4392162.9691823935,2708033.085322542],[4392155.771716144,2707777.896386499],[4391759.945119499,2707234.480930195]]]}},{"type":"Feature","properties":{"flugjahr":"2006-2009","gebiet":"Tirol"},"geometry":{"type":"Polygon","coordinates":[[[4381504.276518402,2712497.476644932],[4381821.543262261,2712627.807693184],[4381833.992658963,2712524.2814233927],[4381504.276518402,2712497.476644932]]]}},{"type":"Feature","properties":{"flugjahr":"2010","gebiet":"Tirol"},"geometry":{"type":"Polygon","coordinates":[[[4376520.472133641,2632503.214062414],[4376515.944388383,2633300.4235026576],[4376836.698631763,2633438.2223861357],[4377241.212398738,2634410.8554067044],[4377463.094743596,2634714.0555503117],[4376506.7845683675,2634912.658303293],[4376503.320162228,2635522.134690219],[4377103.050334378,2635317.658171915],[4377640.795261095,2634972.543725639],[4377684.674695717,2634871.192240564],[4377332.572611448,2633728.5634335177],[4376985.764445693,2633665.322753084],[4376977.299927357,2633306.7325724717],[4376699.3796593165,2633058.851991467],[4376644.912683522,2632584.240764697],[4376520.472133641,2632503.214062414]]]}},{"type":"Feature","properties":{"flugjahr":"2006-2009","gebiet":"Tirol"},"geometry":{"type":"MultiPolygon","coordinates":[[[[4480997.295711252,2664632.59765295],[4481032.890569728,2664633.7448911974],[4481060.149748542,2664616.122357591],[4480997.295711252,2664632.59765295]]],[[[4480721.316881041,2664704.9380492754],[4480756.748527346,2664708.8619933664],[4480823.654960011,2664678.1125526475],[4480721.316881041,2664704.9380492754]]],[[[4476201.046316064,2662597.192902074],[4475970.973410664,2662353.1419306896],[4475684.734332926,2661544.2719603637],[4474782.697589173,2661055.599882617],[4474184.651090839,2661021.098822318],[4472821.84528197,2661230.8807184165],[4471972.282821615,2660954.1036327602],[4471464.449541811,2661145.022914497],[4471312.990852955,2661002.3004967533],[4470927.833189512,2660270.8937200205],[4470301.678263479,2660159.6300101588],[4469850.4760740595,2660236.085609016],[4469674.377420216,2660044.815191506],[4469530.17235492,2659635.8017196655],[4469245.376904508,2659391.8888022937],[4468892.644200664,2659357.7074781405],[4468560.383849248,2659637.2036173698],[4468217.241511974,2659727.001336288],[4467180.945415118,2659297.7954953173],[4466981.340721188,2658838.5398974884],[4466624.570469258,2658695.669399951],[4465550.6825281,2657891.2999067404],[4465374.049372116,2657514.3924954757],[4465218.38002315,2657391.4381259186],[4464270.498675776,2657312.304030461],[4464074.231663442,2656935.043200397],[4463843.760094686,2656775.8122729436],[4464053.283401183,2656999.1868227264],[4464166.623393629,2657369.0541000236],[4464913.000180426,2657382.148318586],[4465179.8594376035,2657461.106388451],[4465581.400437779,2658078.447533761],[4466453.069801526,2658747.0821207752],[4466841.863564903,2658907.6910212343],[4466976.583327206,2659326.265079756],[4467658.940530196,2659565.366891235],[4468065.437186656,2659841.635154197],[4468548.602083285,2659736.2067220663],[4468955.583960508,2659432.2268574014],[4469224.761684558,2659439.2283743126],[4469498.7465904895,2659683.2135203774],[4469625.28575022,2660056.464922425],[4469890.523718016,2660411.7459147642],[4470217.252056857,2660215.843969006],[4470840.422149967,2660274.8769986695],[4471021.833750715,2660464.2717967527],[4471323.624580527,2661109.823728309],[4471544.521310487,2661252.0408128565],[4471781.2466917755,2661068.4817856243],[4472014.106001789,2661000.9827053007],[4472767.72178834,2661286.96564644],[4474270.027615839,2661068.4590876047],[4474798.257543973,2661115.2416927405],[4475646.861814154,2661581.996911817],[4475944.059121645,2662405.8186631985],[4476201.046316064,2662597.192902074]]],[[[4463209.62199924,2656780.3163961684],[4463259.5815299135,2656830.803013547],[4463349.1393709965,2656779.324626874],[4463209.62199924,2656780.3163961684]]],[[[4462906.411190864,2656554.004727767],[4462178.382211441,2655534.4629247515],[4461428.796039654,2655484.3127825856],[4461138.847697962,2654886.3526946106],[4461050.290345809,2654852.5748986825],[4461368.738010191,2655501.6139043756],[4461523.089758718,2655609.3495570384],[4461968.853684712,2655528.0481337016],[4462155.023873579,2655578.9673823277],[4462782.656312554,2656481.5852495213],[4462906.411190864,2656554.004727767]]],[[[4459838.073451676,2654535.4803785295],[4459855.05924666,2654549.8365419246],[4459863.388014817,2654551.824485526],[4459838.073451676,2654535.4803785295]]],[[[4459778.273956612,2654496.871461254],[4459265.518233659,2654281.069577693],[4458708.463274705,2654295.52580473],[4458324.063775455,2654398.3347195806],[4457738.90536345,2654361.1763477726],[4457432.514822312,2654250.604639345],[4456951.465744562,2654254.112912133],[4456351.559941227,2653752.456151628],[4456025.880842648,2653133.371077631],[4455855.329599539,2652537.8662891965],[4455632.172950885,2652314.1903256555],[4454875.713161263,2652214.305854258],[4454447.450275956,2651931.9284671433],[4454111.906453213,2651869.989428089],[4454386.628400928,2651978.7487956574],[4454623.599998416,2652209.5695068515],[4455557.056480503,2652400.9963548044],[4455727.023684397,2652590.711325947],[4455848.128835611,2653152.737465372],[4456190.757670633,2653797.1548732687],[4456539.172523505,2654127.295573639],[4456763.540661821,2654219.509699058],[4456884.412357007,2654455.9566127174],[4457108.356156609,2654322.6059957775],[4457386.3815662395,2654291.731282515],[4457735.895912579,2654412.5910732867],[4458310.382317143,2654463.5481220367],[4458728.434149816,2654347.300119589],[4459244.312591934,2654327.452755716],[4459778.273956612,2654496.871461254]]],[[[4453978.084001596,2651857.2225586046],[4452337.356182739,2652244.798207305],[4452235.744535872,2652379.428219381],[4452148.082825794,2652824.405998974],[4451968.855475927,2652919.0414197966],[4451879.8399955975,2653225.9375544656],[4451477.642171367,2653555.8947020113],[4451120.401265973,2654280.239433662],[4450918.061714754,2654401.039666909],[4451177.010360196,2654408.8036541697],[4451413.460450366,2654049.221260269],[4451559.419930435,2653614.3449428943],[4452004.182724132,2653195.452821658],[4452371.034769072,2652291.148578489],[4452667.13794385,2652172.2586351447],[4453056.669443222,2652169.546471616],[4453296.769959902,2652027.8562057083],[4454045.655499357,2651863.6689837994],[4453978.084001596,2651857.2225586046]]],[[[4450584.982489849,2654443.087997817],[4450675.725236684,2654448.627407492],[4450766.630893129,2654420.1560495957],[4450584.982489849,2654443.087997817]]],[[[4449556.37918887,2654572.9438892673],[4448659.094605622,2654264.8525508884],[4448215.932268944,2654324.6655523963],[4447902.264971038,2654181.177266113],[4447635.139683162,2654178.639335655],[4447440.585990682,2654278.615763572],[4447256.485053509,2654511.813800028],[4446777.90305865,2654739.882320263],[4446602.719917391,2654915.678000223],[4447295.539081011,2654590.6530399695],[4447519.6319333175,2654335.968416715],[4447687.535405648,2654261.7826374443],[4448358.597003958,2654447.855574656],[4448520.544392542,2654365.2494147904],[4448759.300749491,2654373.0188720194],[4449542.454642364,2654680.6214111904],[4449935.714446826,2654525.0538320476],[4449556.37918887,2654572.9438892673]]],[[[4444733.968513851,2656261.556594701],[4444608.71976148,2656334.135706637],[4444467.89780241,2656377.7978708926],[4444625.275122476,2656452.1645876095],[4444733.968513851,2656261.556594701]]],[[[4436397.59131072,2654950.3761727596],[4436420.993813826,2654945.881502763],[4436421.031281688,2654937.857879203],[4436397.59131072,2654950.3761727596]]],[[[4436056.909979429,2655277.701517629],[4436181.812895077,2655065.675306594],[4435983.490453196,2655277.305022856],[4436056.909979429,2655277.701517629]]]]}},{"type":"Feature","properties":{"flugjahr":"2007-2008","gebiet":"Nieder\u00f6sterreich"},"geometry":{"type":"Polygon","coordinates":[[[4747250.995067741,2853787.675762422],[4741024.609600802,2853252.3991498156],[4728571.389978126,2852182.960249231],[4728571.373475432,2852183.157134668],[4747250.995067741,2853787.675762422]]]}},{"type":"Feature","properties":{"flugjahr":"2008","gebiet":"Nieder\u00f6sterreich"},"geometry":{"type":"Polygon","coordinates":[[[4747251.011524381,2853787.4802115913],[4758144.332105118,2854724.4491172098],[4767174.990611403,2855501.8616032694],[4764684.607779907,2855286.638414597],[4747251.011524381,2853787.4802115913]]]}},{"type":"Feature","properties":{"flugjahr":"2018","gebiet":"Tirol"},"geometry":{"type":"Polygon","coordinates":[[[4357577.134712648,2645303.8314146046],[4357704.036667875,2646028.2654793076],[4357583.426169413,2646202.788885379],[4357544.078738402,2646690.014275646],[4357343.60230334,2646948.8783869394],[4356399.85354603,2647501.0855604596],[4353862.960927734,2648699.1090409923],[4352790.192424236,2649089.922538945],[4352595.851523618,2649500.209505612],[4352572.201986102,2650998.1134031583],[4352488.540038081,2651231.894909143],[4351397.132579847,2652407.748481677],[4351086.522162766,2652404.045353495],[4350868.39542584,2652714.8141587307],[4350232.170466708,2652739.121456795],[4349914.8529270645,2652375.8437104467],[4349674.568248802,2652252.321398882],[4348899.774694442,2652221.523738394],[4348153.045572949,2651920.6021143203],[4347898.278671207,2651550.3503473913],[4347713.020106847,2651098.0149355587],[4347438.903761043,2650788.924595768],[4347284.701989352,2650251.8372762077],[4347070.27386886,2650129.768783668],[4346613.25902909,2648705.293489558],[4346121.009916516,2648006.7117205914],[4345786.702637553,2645694.9826794853],[4345719.254638414,2645480.4417743264],[4345513.661400404,2645234.6501403553],[4343676.749148497,2644509.3000502037],[4343391.75342163,2644550.714313835],[4342921.845729194,2644834.0103390506],[4341337.1707480615,2645367.511327102],[4340698.268337361,2645279.7958212583],[4340180.765686204,2644897.5404409342],[4339830.741287566,2644417.3158889893],[4339652.811744573,2643976.952536121],[4339615.737271103,2641247.765678387],[4339448.181865291,2639118.1299602073],[4339199.516692519,2638688.372344873],[4338812.180391522,2638533.069311969],[4336755.256363132,2638535.3378344825],[4336364.123660569,2638461.934856013],[4335903.4957049,2638181.2048271475],[4335250.740982314,2637420.523652755],[4334512.84762967,2637015.263442043],[4333370.890086024,2636725.8435035525],[4332986.354546772,2636475.1816850277],[4332759.354667685,2636484.414365549],[4331630.2717675865,2636969.3354146713],[4330967.479864227,2636970.6210653386],[4330891.091207941,2637087.311444789],[4330938.5098179635,2637159.6378571913],[4331493.185023287,2637115.3718071384],[4330841.235956479,2639429.719525078],[4330536.450633366,2639873.5823687003],[4329408.340223458,2640877.6441930137],[4328658.875617164,2642116.4267360372],[4327907.411849512,2644699.9334026612],[4327757.008751347,2645666.0149239236],[4327876.7940929765,2646025.9951501465],[4329003.656520975,2647498.6099372217],[4329781.970949555,2647920.7383974465],[4330160.168369925,2648366.2353026285],[4330991.22837254,2650157.9935009433],[4331251.696171366,2651043.9506628267],[4331063.81607109,2651792.18650206],[4331141.06124601,2652299.877219386],[4331387.88209707,2652532.476979956],[4331745.092150386,2653096.083686822],[4331767.272557043,2653655.1181194987],[4331564.719585696,2654200.776606419],[4331251.399990588,2654531.8087884937],[4330570.621706391,2654944.588437223],[4329775.684976063,2656159.694429827],[4329682.507449852,2656425.9551334437],[4329709.453595683,2656731.3449134263],[4329863.636771142,2656994.8326569293],[4331443.989802416,2658316.1935289023],[4331708.772863412,2658768.6389662754],[4331811.986345838,2659152.2850820487],[4331781.799223864,2659605.3499062015],[4331649.372510267,2659936.412765819],[4331125.161522969,2660513.2668989287],[4330916.182774809,2661011.3631597864],[4330523.352199732,2661312.473154457],[4330390.334550668,2663074.837788823],[4330468.480452537,2663439.1512982347],[4332464.793039718,2667234.055178219],[4333797.412719871,2668049.7646474717],[4334141.701298875,2668110.587330022],[4334863.098114078,2668014.08421985],[4334861.200246891,2668450.7273870464],[4335017.440382432,2668655.2568348646],[4336369.451566156,2668906.0561144976],[4336179.435060396,2669198.1000815257],[4336158.762062506,2669580.5393814268],[4336537.54856228,2669454.903427608],[4337403.532121212,2668381.592285922],[4337715.574706662,2668189.551601428],[4338482.210350804,2668047.5283628292],[4339404.8612144,2668003.6032384913],[4340508.949249234,2668570.0083469166],[4342116.584024134,2669800.7170933527],[4343382.507535217,2670256.2136121197],[4344118.144946371,2670289.0963733206],[4345084.572276822,2670454.154853808],[4346483.559461689,2671005.36018442],[4347499.391859749,2670988.425682025],[4347785.9310696125,2671077.2587955985],[4349824.118952068,2671281.7182876095],[4351437.688926082,2670970.5060695],[4351616.684894847,2671049.3254516087],[4352170.713925604,2671005.4174618255],[4353280.791754995,2669996.28597203],[4353566.397811438,2669376.641057427],[4353955.977630577,2669046.972296981],[4354627.977184855,2668957.773576012],[4355311.560372921,2669267.6590467244],[4357105.3809108585,2668724.174927155],[4357564.387991243,2668393.346851881],[4358279.719819415,2668426.4623550447],[4358728.351321603,2669282.9575930885],[4358913.179416232,2669927.7412711233],[4359578.363963719,2670117.167867161],[4360366.267033288,2670473.315234847],[4361415.845158028,2670461.6001859405],[4362095.574800498,2670575.7568131387],[4364436.338134835,2671730.049788454],[4365198.62056222,2672931.1750502177],[4365418.622542902,2673422.717279521],[4366403.959099341,2673729.279523704],[4367828.671850611,2674486.035242885],[4369079.640445994,2675002.833164875],[4369380.322877487,2675613.4245146606],[4369937.129751659,2676101.44782829],[4371605.114143242,2676908.9229020094],[4372573.185453747,2677549.084675952],[4374596.04632485,2678566.4166669073],[4374623.731849004,2676082.23064456],[4375028.987160312,2676000.6977577014],[4375356.747394069,2675609.5651042424],[4375541.75160199,2674520.626927701],[4375477.56999648,2673768.8643208025],[4375034.779855833,2671820.2704985864],[4374581.119168001,2671138.8357977206],[4374905.987310753,2669389.7378793103],[4375381.132419238,2669699.525229937],[4375974.577677823,2670387.416967687],[4376246.609045526,2670387.5694174105],[4376351.938173091,2668428.3573984588],[4375885.612636494,2668113.969097547],[4375101.076980445,2667016.830776467],[4375018.829184714,2666219.1479814406],[4375706.594465385,2665196.443247425],[4376171.840596534,2664821.8809852363],[4376161.390776804,2663689.5061018877],[4375396.753291114,2664168.204476007],[4372628.851275598,2664461.6783201285],[4372622.845423933,2664554.726060874],[4370858.432936579,2664578.0933813453],[4370403.580657521,2663537.306455178],[4369758.352495586,2662868.1375120967],[4369347.767869345,2662275.3189977077],[4369389.505597717,2661813.112877157],[4369137.086345418,2661364.102369343],[4368716.0029469,2661168.5131350383],[4368127.951179797,2661232.3949476816],[4367038.938578573,2660616.158997532],[4367155.483617002,2659896.5777234742],[4367049.578584223,2659493.618885846],[4366115.183463411,2658903.764147071],[4366149.319764183,2658536.787203805],[4366960.500773485,2657045.160865902],[4366802.362642558,2656177.4037187267],[4366680.523164582,2656027.073634509],[4367143.049546386,2655298.569247611],[4367147.046975795,2654628.0247089537],[4370469.483287028,2654642.1020071805],[4370520.066409046,2654537.426568185],[4370658.147930921,2653145.432008936],[4370567.029785077,2652510.211961799],[4370635.409125354,2651109.289291243],[4370525.606962559,2650538.377918615],[4370654.113111716,2650196.148917895],[4370665.5193447005,2649415.2999670487],[4370496.260770787,2649300.7754244553],[4370505.605323906,2645952.938006833],[4370422.008705188,2645881.0315818395],[4370508.850620024,2645701.505927796],[4370509.739268155,2645127.734117277],[4370390.86603051,2644859.5010307613],[4370352.056829935,2644333.242066524],[4370514.292713933,2644186.234720431],[4370518.673366644,2643420.7338584824],[4370356.193242125,2643315.23377262],[4370421.521376092,2642648.713104862],[4370522.447405809,2642484.7564588245],[4370522.335025206,2642302.922811839],[4370410.848535733,2642232.1888668817],[4370525.2903954,2641865.549619847],[4370390.15938432,2641715.9786389354],[4370512.801611741,2640624.7549080085],[4370452.280825037,2640257.6795128626],[4370335.347078161,2640128.749881027],[4370444.097269327,2640078.67126958],[4370535.045648658,2639795.9690727987],[4370547.320533107,2638731.893453553],[4368868.046180104,2638486.0237224232],[4365556.455737946,2636699.118814165],[4364850.574687698,2636078.9253811194],[4362775.423481939,2635435.655934687],[4362333.086255771,2635537.8561718194],[4361852.625218852,2636044.6761761717],[4361420.74862151,2636278.848033025],[4360189.215732323,2636415.874680781],[4358241.784491627,2636842.172214428],[4356529.0343228085,2637429.142620411],[4356288.971455616,2637630.94735955],[4356161.56868105,2637915.7770211427],[4356227.365119397,2639879.508912979],[4355941.500329883,2640704.826799115],[4355775.179792661,2640758.5620064265],[4355752.460513311,2641367.0612866795],[4355845.820611325,2641663.3432533657],[4356755.1407419015,2642622.188616854],[4356781.518403322,2643248.152485748],[4356993.132097448,2644308.7197211087],[4357235.58901489,2644990.7791860695],[4357577.134712648,2645303.8314146046]]]}},{"type":"Feature","properties":{"flugjahr":"2010","gebiet":"Tirol"},"geometry":{"type":"Polygon","coordinates":[[[4382882.04163976,2628815.855679663],[4383250.412293938,2628590.2707058964],[4382721.723211268,2628335.8985154536],[4382527.323887309,2628327.462942883],[4382348.219806834,2628465.6432514526],[4381698.825681691,2629163.8571238574],[4381885.134590508,2629474.0900676423],[4381951.137577321,2629796.2980336556],[4381762.474023471,2629988.164932894],[4381456.379966467,2630065.21955612],[4380988.7057834165,2630460.371423735],[4381683.791723079,2630255.032655553],[4382062.996208338,2629654.285985492],[4382882.04163976,2628815.855679663]]]}},{"type":"Feature","properties":{"flugjahr":"DTM:2019,DSM2010","gebiet":"Steiermark"},"geometry":{"type":"Polygon","coordinates":[[[4757835.759226518,2659010.142131379],[4756194.2780872,2658862.5043189395],[4755812.159043821,2660635.1578098806],[4756269.473762316,2660713.490960063],[4757308.302724565,2659771.8337535574],[4757835.759226518,2659010.142131379]]]}},{"type":"Feature","properties":{"flugjahr":"DTM:2019, DSM:2009","gebiet":"Steiermark"},"geometry":{"type":"Polygon","coordinates":[[[4756194.2780872,2658862.5043189395],[4757835.759226518,2659010.142131379],[4758086.953213118,2658641.8806943865],[4758152.811926533,2658052.3644901216],[4758065.6120370235,2657779.044342636],[4758204.241402184,2657609.3208227996],[4758204.502108743,2657259.995678708],[4758347.207041123,2656631.0350249037],[4758612.65966866,2656447.212523607],[4758643.409322203,2655996.2246149797],[4759066.73875087,2655340.302701894],[4759025.351081427,2655050.1036211336],[4758542.656877496,2654819.4449361637],[4758600.129933858,2654054.371932122],[4758544.532301273,2653653.3943940853],[4758822.160355944,2652962.64750447],[4758793.146527856,2651702.0992166917],[4758633.276332172,2651166.1699532964],[4758691.489535885,2650865.593451543],[4758200.045552906,2650078.9946303624],[4758111.627376909,2649352.20760955],[4758189.206655443,2648470.9929981274],[4757950.61495085,2647948.4278170406],[4757971.884246843,2647415.9411021327],[4757703.654864358,2646608.760638039],[4758077.601643361,2644881.575440308],[4756865.156886494,2645212.5413355865],[4756391.184901452,2645491.745911574],[4755969.352222467,2646595.1579905767],[4756342.409127445,2649451.114333698],[4756443.640561575,2650870.1535072955],[4757135.663291586,2651880.2353202505],[4757174.140570881,2652374.497614845],[4757025.751095345,2652606.824635322],[4756901.132912059,2653257.65654285],[4756667.762961291,2653830.363611917],[4756812.998246384,2654517.759039206],[4756696.128095909,2655358.109416213],[4756752.995034266,2656645.9470694372],[4756406.964982506,2658236.432667405],[4756194.2780872,2658862.5043189395]]]}},{"type":"Feature","properties":{"flugjahr":"2010","gebiet":"Steiermark"},"geometry":{"type":"Polygon","coordinates":[[[4755509.5038198475,2720010.447241059],[4763052.166669222,2720471.5732174213],[4765813.96483738,2719822.7977471673],[4768706.329118528,2718531.3448944036],[4771499.307841487,2716227.0548094823],[4772927.159256093,2711496.792765072],[4772178.296172245,2711423.517721598],[4772207.680255421,2710431.7295687515],[4771262.113180372,2710335.2767687133],[4771660.708621951,2705394.2292741495],[4769681.239920189,2705197.4276189874],[4769835.681030378,2703241.8294597166],[4768859.60609883,2703118.1435625628],[4768927.896120215,2702161.663955152],[4768876.502972181,2702120.1072293143],[4767937.159496784,2702033.7316415817],[4768180.842487501,2699048.83131761],[4766191.664886705,2698877.411011553],[4766312.468736414,2696885.517232447],[4764361.240902606,2696711.6228191983],[4764404.071030177,2695718.4868897456],[4759460.652766607,2695287.7725547724],[4759701.866067282,2692362.0762475897],[4759666.483977358,2692304.160171622],[4756718.4089934435,2692040.3637414835],[4756914.831113659,2689059.503252826],[4737678.760260143,2687420.1265937747],[4737209.447059067,2687877.753545708],[4736893.015888079,2687887.58194688],[4736761.190484817,2687991.251854246],[4736278.043476006,2688762.9165416593],[4735805.911912458,2689031.2343050353],[4735497.514864686,2689462.165873073],[4735353.65417667,2689917.112961184],[4735474.539072313,2690918.922325768],[4735210.8036471205,2691852.040449077],[4734435.48673094,2692894.11605875],[4733357.010500242,2692815.9882916664],[4731788.609283574,2692443.3436175985],[4729394.219923374,2692150.804316564],[4727929.804869106,2692402.546790556],[4727580.285199804,2692373.838587666],[4726990.4759091865,2699513.623637467],[4728937.32511641,2699716.689186188],[4728975.304358238,2699775.2108827448],[4727091.553941879,2722580.579971934],[4737053.552204483,2723250.459610334],[4737435.415045262,2718278.5560578387],[4755459.860760517,2719505.826554047],[4755509.5038198475,2720010.447241059]]]}},{"type":"Feature","properties":{"flugjahr":"DTM:2019, DSM:2009","gebiet":"Steiermark"},"geometry":{"type":"Polygon","coordinates":[[[4759535.384262775,2720281.136545112],[4759435.9319382785,2721961.5528064882],[4763535.941444666,2722031.1214319845],[4764998.681047656,2721882.287351313],[4767241.902173201,2721319.410255506],[4768204.194147294,2720876.706781558],[4759535.384262775,2720281.136545112]]]}},{"type":"Feature","properties":{"flugjahr":"2009","gebiet":"Salzburg"},"geometry":{"type":"Polygon","coordinates":[[[4545433.655586018,2696687.1461185305],[4542934.640954352,2696575.1510377815],[4542825.856704878,2699071.1521012457],[4545324.821606387,2699183.1380756763],[4545433.655586018,2696687.1461185305]]]}},{"type":"Feature","properties":{"flugjahr":"2009","gebiet":"Salzburg"},"geometry":{"type":"Polygon","coordinates":[[[4515419.522548231,2730357.56650277],[4515971.341259028,2731549.9166270234],[4516355.582671217,2731898.9387132474],[4516420.951997383,2730402.2744319467],[4515419.522548231,2730357.56650277]]]}},{"type":"Feature","properties":{"flugjahr":"2009","gebiet":"Salzburg"},"geometry":{"type":"Polygon","coordinates":[[[4523796.715646683,2733498.181958756],[4523808.284981561,2733233.5046321955],[4520727.566837192,2733095.716840012],[4521172.511767825,2733464.197151801],[4521595.327476317,2733455.408907131],[4522061.023479123,2733653.9375133077],[4522523.44643976,2733713.327141338],[4522938.8149713725,2733582.695964141],[4523497.067187367,2733694.1646181243],[4523796.715646683,2733498.181958756]]]}},{"type":"Feature","properties":{"flugjahr":"2009","gebiet":"Salzburg"},"geometry":{"type":"Polygon","coordinates":[[[4567706.3195195,2702689.6796029173],[4567815.534445576,2700193.535692294],[4557819.7022984065,2699743.918346665],[4557928.598430583,2697247.871465749],[4552930.641213814,2697023.4320470057],[4552821.758612539,2699519.4649373377],[4550322.779108595,2699407.297874942],[4550213.914871704,2701903.333430672],[4547714.9484146815,2701791.2210470554],[4547497.1232145205,2706783.365464018],[4544998.215205029,2706671.2923862343],[4544889.296969154,2709167.386571618],[4539891.416775974,2708943.38223607],[4539782.496579344,2711439.4626469063],[4544313.454315616,2711642.5228866083],[4544554.046145888,2711464.555399237],[4544922.065553088,2711389.917623144],[4545091.354684788,2711961.743579827],[4545034.085333543,2712280.481759541],[4545179.770172704,2712545.7627305486],[4545450.896075889,2712603.402344574],[4545602.124674993,2712548.9612588063],[4545716.256742485,2712385.335747627],[4546173.7829758115,2712226.9922834844],[4546413.1234073,2711869.5543722236],[4546810.675936979,2711953.443780937],[4546928.228808811,2711901.147237729],[4546909.292239322,2711104.501020597],[4547167.505031562,2710897.1867405116],[4547426.539488798,2710350.8719953327],[4547557.380695645,2710301.384811899],[4547763.853017805,2710491.5947690024],[4547893.669755304,2710808.9925643513],[4548295.850447988,2711140.3331176154],[4548453.655115672,2711665.1095688078],[4548733.457781395,2711934.2828338034],[4548989.178067583,2712414.9362378586],[4548966.369021573,2712647.971098501],[4549047.435122526,2712864.6867146143],[4549206.024091181,2712952.941042016],[4549579.243110833,2712985.7648100755],[4549851.586364054,2713239.747698106],[4550187.137921902,2713216.621900518],[4550489.693113524,2713483.4131241622],[4550448.723373799,2713780.22456526],[4550599.428622295,2713998.1037449585],[4550539.939002146,2714423.010858632],[4557165.016424581,2714720.75377865],[4557383.164958646,2709727.9719352145],[4559882.915077986,2709840.399543252],[4560317.924927164,2699856.4015241866],[4567815.331526444,2700193.731709117],[4567706.3195195,2702689.6796029173]]]}},{"type":"Feature","properties":{"flugjahr":"2010","gebiet":"Salzburg"},"geometry":{"type":"Polygon","coordinates":[[[4552167.920227827,2714496.1381836557],[4550539.939002146,2714423.010858632],[4550419.51647446,2714677.919978719],[4550405.840606073,2715904.214295945],[4550155.348228638,2716131.068718297],[4550127.052021814,2716562.857622998],[4550343.916789288,2716752.814151408],[4550353.106956179,2716873.6638479684],[4550086.51829294,2717111.672027901],[4549708.115084525,2717239.414013836],[4549330.279008912,2717573.2808433794],[4549148.912474742,2717847.1654975996],[4549170.146278343,2718216.5721425973],[4549380.98219193,2718449.998489375],[4549444.146117636,2718703.079111077],[4549553.184915652,2718768.157048281],[4549583.761943912,2719130.299227077],[4550086.176620012,2719561.033898912],[4550128.707153022,2720000.190311221],[4550450.080581341,2720225.6195961977],[4550872.9726789,2720749.947736506],[4550846.408313973,2721128.9062016634],[4550529.831760817,2721291.4018967766],[4550373.264654898,2721653.5749413096],[4550155.479875436,2721909.049207258],[4550212.2004894735,2721911.5973502556],[4550586.071167148,2721324.0227787825],[4550900.943607705,2721165.680421709],[4550929.249171486,2721048.2285833796],[4550911.239064064,2720759.1996968035],[4550687.308584117,2720427.321441944],[4550157.396416646,2719956.258873589],[4550172.419758026,2719578.3672894044],[4550085.104099442,2719451.2437634515],[4551949.683368948,2719488.5764542464],[4552167.920227827,2714496.1381836557]]]}},{"type":"Feature","properties":{"flugjahr":"2010","gebiet":"Salzburg"},"geometry":{"type":"Polygon","coordinates":[[[4557165.016424581,2714720.75377865],[4554666.796076243,2714608.430011382],[4554448.51907273,2719600.8401405048],[4556946.699169957,2719713.2131094555],[4557165.016424581,2714720.75377865]]]}},{"type":"Feature","properties":{"flugjahr":"2009","gebiet":"Salzburg"},"geometry":{"type":"Polygon","coordinates":[[[4524025.6616415875,2710652.2996131964],[4524788.814554668,2710768.7026013643],[4524679.988675772,2713264.703311233],[4527178.900409696,2713376.4002909116],[4527287.765946861,2710880.3827047213],[4529786.714755577,2710992.0760096256],[4529895.531982362,2708496.040563058],[4519689.807743072,2708040.2214477924],[4519470.754738996,2708528.005238596],[4519533.45485575,2709111.35450415],[4519483.861372942,2709183.6446813266],[4519754.97184327,2709432.606712212],[4519956.719910491,2709392.120496058],[4520150.766343308,2709576.2451864243],[4520464.236445635,2709625.047644119],[4521083.494732023,2709573.764484079],[4522033.230130698,2709306.5627127835],[4522179.318213817,2709475.7423415803],[4522637.161437374,2709583.2314057313],[4523419.383163607,2710416.0578806046],[4523617.285616567,2710377.1097779595],[4524025.6616415875,2710652.2996131964]]]}},{"type":"Feature","properties":{"flugjahr":"2009","gebiet":"Salzburg"},"geometry":{"type":"Polygon","coordinates":[[[4541521.788969265,2671504.2377733523],[4549019.48305697,2671839.8637437676],[4549395.3155434895,2663195.84184397],[4548822.630970062,2662604.456515696],[4547805.301576182,2662139.7911394965],[4547586.924749901,2662441.1757465582],[4547091.926798105,2662443.875240973],[4546760.421002005,2662348.6188635468],[4546232.012774156,2662454.201852779],[4545606.4098584205,2662899.2841314664],[4545394.037082741,2663338.52357599],[4545352.497727789,2664294.8051431007],[4544495.537898218,2664761.0354685867],[4544461.613347979,2665262.235106184],[4544142.380506513,2666016.7308468977],[4543923.733544014,2666294.8663169798],[4543983.825429047,2666615.3732657717],[4542587.649854433,2667173.650697761],[4541695.294692003,2667071.4563604905],[4541428.037242924,2667106.397270848],[4541239.89548436,2667028.9485794324],[4540552.353603867,2667058.1542027066],[4539976.971801149,2667403.123961375],[4538064.934290618,2666894.4634797294],[4537564.788049545,2666975.684494738],[4537055.365125021,2666909.8011793112],[4537025.5671054,2666976.4233001894],[4536312.027320778,2667062.583362752],[4536161.788784096,2667220.576935971],[4535900.574872026,2667926.5604487495],[4535548.667521816,2668020.0883228127],[4535287.212962059,2668191.2462532884],[4535059.76397692,2668442.2504773075],[4535004.239337919,2668744.90287756],[4534876.76615034,2668821.002841089],[4534491.809492883,2668736.318368038],[4534131.457565337,2668776.582795159],[4534075.348271671,2668497.029387833],[4533635.76561269,2668439.094700471],[4533281.308285205,2668231.5755163226],[4532870.295554966,2668300.7663263488],[4532614.055785438,2668161.178559853],[4532420.328340098,2668149.1695508957],[4532252.83652067,2668194.544343414],[4532138.572416284,2668552.0095201386],[4531864.0627975315,2668695.992674803],[4531575.459259348,2669025.041233872],[4531355.060968586,2668851.0780720697],[4531106.611477122,2668845.3788149324],[4530924.911453588,2668931.0158066647],[4530745.664824186,2668891.877038612],[4530432.787557173,2668653.480935769],[4529721.754814704,2668857.3536485424],[4529409.110440537,2668790.738532147],[4528949.042141487,2668909.2935158676],[4528493.454183364,2669344.6814052183],[4528450.515704379,2670920.5721303206],[4529025.556687656,2670946.209956794],[4528917.137967599,2673441.9028411414],[4531416.379989924,2673553.3754012026],[4530982.461295763,2683536.579218857],[4533481.643712938,2683648.207545407],[4533373.0559594305,2686144.0436208835],[4540870.405150295,2686479.42570551],[4541413.268441299,2674000.024374731],[4538914.04806433,2673888.3195551597],[4539022.536455552,2671392.5238128486],[4536523.307677958,2671280.843431744],[4536631.730679406,2668785.0552751487],[4541630.276459377,2669008.4599435357],[4541521.788969265,2671504.2377733523]]]}},{"type":"Feature","properties":{"flugjahr":"2008","gebiet":"Salzburg"},"geometry":{"type":"Polygon","coordinates":[[[4544021.034153879,2671616.06387908],[4541521.788969265,2671504.2377733523],[4541304.719132903,2676495.845386426],[4543803.937257223,2676607.725131588],[4544021.034153879,2671616.06387908]]]}},{"type":"Feature","properties":{"flugjahr":"2007","gebiet":"Salzburg"},"geometry":{"type":"Polygon","coordinates":[[[4541413.268441299,2674000.024374731],[4541630.276459377,2669008.4599435357],[4536631.730679406,2668785.0552751487],[4536523.307677958,2671280.843431744],[4539022.536455552,2671392.5238128486],[4538914.04806433,2673888.3195551597],[4541413.268441299,2674000.024374731]]]}},{"type":"Feature","properties":{"flugjahr":"2008","gebiet":"Salzburg"},"geometry":{"type":"Polygon","coordinates":[[[4506207.351813905,2677431.99690305],[4513705.018269703,2677765.328148469],[4513813.338984579,2675269.624886289],[4518811.832824919,2675492.0966453054],[4518999.0325783985,2671223.7965111984],[4518199.413787583,2671422.5530242515],[4517809.4256738555,2671365.8721106416],[4517426.372355404,2672152.37185782],[4516768.038539304,2672097.689565994],[4515807.797497731,2672534.9304151447],[4515328.083747351,2672231.4768649936],[4514806.809620715,2671566.0021190145],[4514221.505675771,2671686.250660757],[4512882.718126952,2672615.4617436044],[4512686.058563141,2673496.158080533],[4512351.8255257625,2674039.7059776536],[4511627.953888798,2674122.058583702],[4510558.355080882,2674626.0042798244],[4510048.120995433,2674604.2889142046],[4509447.256045806,2674742.6910285447],[4509334.946866997,2674070.3760084603],[4508651.894106554,2674344.238050464],[4508114.61307909,2673731.2273506406],[4507766.599720355,2673689.695290948],[4507023.626347175,2673364.730088537],[4506773.947760048,2673343.2157754134],[4506391.390015812,2673446.45441115],[4506207.351813905,2677431.99690305]]]}},{"type":"Feature","properties":{"flugjahr":"2009","gebiet":"Salzburg"},"geometry":{"type":"Polygon","coordinates":[[[4570205.411078643,2702802.2396925474],[4567706.517799433,2702689.688531689],[4567488.396561287,2707682.0210613087],[4569987.273740537,2707794.599676014],[4570205.411078643,2702802.2396925474]]]}},{"type":"Feature","properties":{"flugjahr":"2009","gebiet":"Salzburg"},"geometry":{"type":"Polygon","coordinates":[[[4539673.507815928,2713935.594511118],[4539782.496579344,2711439.4626469063],[4537283.546231051,2711327.5837619775],[4537174.583571212,2713823.6793662794],[4539673.507815928,2713935.594511118]]]}},{"type":"Feature","properties":{"flugjahr":"2008","gebiet":"Salzburg"},"geometry":{"type":"Polygon","coordinates":[[[4554666.796076243,2714608.430011382],[4552167.920227827,2714496.1381836557],[4551949.683368948,2719488.5764542464],[4554448.51907273,2719600.8401405048],[4554666.796076243,2714608.430011382]]]}},{"type":"Feature","properties":{"flugjahr":"2008","gebiet":"Salzburg"},"geometry":{"type":"Polygon","coordinates":[[[4523376.453456763,2685697.8285992504],[4525875.559369316,2685809.324958156],[4526092.615318193,2680817.757039955],[4528591.789036056,2680929.2397745545],[4528483.2576239025,2683424.9671239564],[4530982.461295763,2683536.579218857],[4531416.379989924,2673553.3754012026],[4528917.137967599,2673441.9028411414],[4529025.556687656,2670946.209956794],[4528450.515704379,2670920.5721303206],[4528340.671866463,2671792.3295390476],[4528404.401488855,2672067.6846491746],[4528307.510534133,2672422.452376561],[4527919.356259071,2672443.145523014],[4527508.795845781,2672220.546188139],[4527332.241741335,2672208.208566052],[4527086.4756296445,2672025.896379102],[4526963.556601203,2672048.3825705172],[4526879.422193139,2671701.758085365],[4526627.18658727,2671646.0400168975],[4526298.724488875,2671294.4131635036],[4526250.856246043,2671368.345634041],[4526045.902654648,2671389.561171717],[4525749.752413742,2671291.1987977503],[4525156.360887585,2671565.5163226533],[4524773.633530507,2671307.209104292],[4523755.489083152,2671119.2343927836],[4523641.87858626,2670526.7396671562],[4524004.664308388,2669850.2935722386],[4523921.585821906,2669562.914051692],[4523071.257259446,2668915.649160987],[4523147.760257887,2668730.5080766003],[4522872.087642473,2668704.216533337],[4522395.648464577,2668787.816778763],[4521657.360157625,2669139.9424454477],[4521000.004592804,2669926.9793331064],[4520827.65477582,2670036.8490860634],[4520626.914209565,2670433.149589333],[4520411.960561444,2670560.2301454023],[4521527.738746407,2670612.034062342],[4521311.076284389,2675603.405875231],[4518811.832824919,2675492.0966453054],[4518703.46570796,2677987.792104617],[4521202.675815996,2678099.1428780546],[4521094.2483991645,2680594.910650234],[4523593.434042093,2680706.3006919874],[4523376.453456763,2685697.8285992504]]]}},{"type":"Feature","properties":{"flugjahr":"2008","gebiet":"Salzburg"},"geometry":{"type":"Polygon","coordinates":[[[4505882.417855627,2684919.213278247],[4505990.759189529,2682423.4348125895],[4500992.490523639,2682201.5597590944],[4501100.780521937,2679705.875543808],[4488604.856761487,2679152.1544655077],[4488496.676712121,2681647.6706589735],[4498493.323077679,2682090.664428753],[4498385.002765209,2684586.3212602413],[4505882.417855627,2684919.213278247]]]}},{"type":"Feature","properties":{"flugjahr":"DTM:2019, DSM:2011","gebiet":"Steiermark"},"geometry":{"type":"Polygon","coordinates":[[[4796724.107392295,2668804.448360827],[4796427.71940169,2668988.4540261286],[4796508.751763655,2669348.9677259894],[4796944.024795007,2669399.9211660116],[4796724.107392295,2668804.448360827]]]}},{"type":"Feature","properties":{"flugjahr":"DTM:2019, DSM:2011","gebiet":"Steiermark"},"geometry":{"type":"Polygon","coordinates":[[[4678270.480996679,2678191.2201804994],[4679044.800842966,2678243.382654437],[4678808.312282411,2678179.2647836288],[4678535.985053904,2677855.495498559],[4678489.753883572,2677263.870803482],[4677880.435199409,2676400.1794654555],[4677053.0629846975,2675712.6336449673],[4676841.775464835,2675344.6272700266],[4677226.998246446,2674005.147072382],[4677066.018103643,2673266.12326417],[4676653.228310423,2672443.4789290233],[4676462.263436718,2672274.5758113293],[4676083.646608981,2672273.2120210677],[4675776.135515238,2672524.3238526015],[4676585.856373585,2673982.7130257636],[4676572.538106674,2674538.5828122515],[4676265.866049304,2675434.2817484727],[4676504.631756086,2675906.637318703],[4677552.308982493,2676893.5453953603],[4678270.480996679,2678191.2201804994]]]}},{"type":"Feature","properties":{"flugjahr":"DTM:2019, DSM:2011","gebiet":"Steiermark"},"geometry":{"type":"Polygon","coordinates":[[[4683363.007987084,2681992.0534350025],[4683295.967611786,2683018.5984906843],[4683454.466265932,2682591.4460126255],[4684474.092880495,2682067.84117168],[4684750.529339405,2681703.2261085887],[4685574.534644874,2680959.4335919237],[4686223.604082973,2681075.374646632],[4687095.429121336,2681479.8304193467],[4687366.329912676,2681424.2412524587],[4687663.095893773,2681212.7006381666],[4687767.035862458,2680600.925377803],[4687539.607326063,2680487.3622019193],[4687079.180829892,2680867.530535769],[4685628.817570692,2680429.4528533015],[4685083.784858223,2680385.3691439247],[4684444.609690582,2681163.691195603],[4683912.340151532,2681674.6810793225],[4683363.007987084,2681992.0534350025]]]}},{"type":"Feature","properties":{"flugjahr":"DTM:2019, DSM:2011","gebiet":"Steiermark"},"geometry":{"type":"Polygon","coordinates":[[[4683274.512602788,2683347.1232922925],[4683253.1859930465,2683673.6682703467],[4683232.624770213,2683988.4898054646],[4683409.550060252,2683776.4524613423],[4683274.512602788,2683347.1232922925]]]}},{"type":"Feature","properties":{"flugjahr":"DTM:2019,DSM:2010","gebiet":"Steiermark"},"geometry":{"type":"Polygon","coordinates":[[[4691025.792300114,2695285.1390098473],[4693207.823798228,2695391.3158500465],[4693205.960028257,2695859.886842328],[4693432.637905108,2695716.9694107305],[4692908.71420512,2694280.4186204174],[4692267.469337187,2694101.7271044543],[4691025.792300114,2695285.1390098473]]]}},{"type":"Feature","properties":{"flugjahr":"DTM:2019, DSM:2011","gebiet":"Steiermark"},"geometry":{"type":"Polygon","coordinates":[[[4693205.960028257,2695859.886842328],[4693207.823798228,2695391.3158500465],[4691025.792300114,2695285.1390098473],[4689638.582060961,2696254.7989519],[4689306.901079394,2696667.9466916993],[4688335.272255853,2697488.0230767345],[4688081.265682729,2698070.8937150426],[4688256.619970235,2698639.5186411785],[4689195.090495551,2698642.7333450625],[4690067.459449953,2698121.404586934],[4690893.728679992,2697485.8034238783],[4691381.559350097,2697052.8218165096],[4691745.119517403,2696415.920191524],[4692889.709772871,2696059.280313888],[4693205.960028257,2695859.886842328]]]}},{"type":"Feature","properties":{"flugjahr":"DTM:2019, DSM:2011","gebiet":"Steiermark"},"geometry":{"type":"Polygon","coordinates":[[[4631297.637163392,2716120.4790762654],[4630905.809790584,2716094.198145696],[4630814.643310766,2716429.5671132267],[4630515.465827509,2716695.1793836546],[4630354.492390576,2717303.414374192],[4630131.068402816,2717691.597393345],[4630028.868531839,2717806.047695931],[4629788.731294226,2717754.059183458],[4629587.776950204,2717859.002765306],[4629194.745329554,2718408.565981315],[4629879.642746119,2718665.5433312315],[4630009.134268009,2718300.6090198657],[4630437.287194385,2717812.666305215],[4630499.141489949,2717522.213548428],[4630705.013198263,2717214.310273909],[4630796.417515624,2716753.042674648],[4631107.080344448,2716659.117452379],[4631189.580482437,2716263.4967038566],[4631297.637163392,2716120.4790762654]]]}},{"type":"Feature","properties":{"flugjahr":"DTM:2019, DSM:2012","gebiet":"Steiermark"},"geometry":{"type":"Polygon","coordinates":[[[4630905.809790584,2716094.198145696],[4631297.637163392,2716120.4790762654],[4631884.083969669,2715344.2749081114],[4632011.90978425,2714919.7034062906],[4632465.341488527,2714516.993626504],[4632610.049291189,2713959.069936633],[4632769.699308906,2713654.0644844705],[4633010.083284843,2713426.8112267572],[4633181.065195606,2712726.9605940543],[4632981.5430125855,2712730.870822385],[4632808.699069685,2713199.423682225],[4632502.891204787,2713547.8073412795],[4632207.149454411,2714168.9018637026],[4631825.592522138,2714622.9349628403],[4631581.160096854,2715239.366927539],[4630905.809790584,2716094.198145696]]]}},{"type":"Feature","properties":{"flugjahr":"DTM:2019, DSM:2011","gebiet":"Steiermark"},"geometry":{"type":"Polygon","coordinates":[[[4638444.625391234,2723615.045774985],[4637866.201017741,2723582.0085325036],[4637866.0286412155,2723841.766852572],[4638110.5680178115,2723784.2196060405],[4638444.625391234,2723615.045774985]]]}},{"type":"Feature","properties":{"flugjahr":"DTM:2019, DSM:2012","gebiet":"Steiermark"},"geometry":{"type":"Polygon","coordinates":[[[4637866.201017741,2723582.0085325036],[4638444.625391234,2723615.045774985],[4639385.099324071,2723138.7698457018],[4640840.346042188,2722757.8536177026],[4641244.000460511,2722531.0703616156],[4641145.652135367,2722216.2740110625],[4638187.879642576,2723074.0576289976],[4637604.435887327,2723432.090940378],[4637866.201017741,2723582.0085325036]]]}},{"type":"Feature","properties":{"flugjahr":"DTM:2019, DSM:2011","gebiet":"Steiermark"},"geometry":{"type":"Polygon","coordinates":[[[4605794.717841008,2728402.696668553],[4605077.080133913,2728370.05614787],[4605097.808805908,2728565.130276535],[4604461.303620633,2729806.410898844],[4603975.871017199,2730640.1597636677],[4603640.861224276,2731060.3433487476],[4603879.519187401,2731738.7788946372],[4604186.206926144,2732031.9534680657],[4604499.131594041,2731932.0651015528],[4604665.436037077,2731521.2405288713],[4604676.793144089,2731285.5426173266],[4604514.608532339,2730781.727819852],[4605225.199965148,2729496.779124466],[4605375.756878157,2729421.536180955],[4605583.3605725365,2729415.9527880987],[4606230.313474613,2729989.8656044053],[4606839.361876741,2730240.740998783],[4607279.504351131,2730277.754336246],[4607552.172707723,2730205.068761877],[4607612.680483179,2730104.7247466557],[4607813.029365312,2730104.8219044525],[4607940.814715865,2730137.6541564134],[4608188.3114732085,2730387.1217187396],[4608408.846420364,2730452.1968226037],[4608599.888422873,2730664.0685071307],[4608891.73428571,2730656.3166497764],[4608948.70891711,2730476.7386814337],[4608275.727819193,2730175.897264516],[4608005.887898235,2729819.316973185],[4607522.309768786,2729790.3346663057],[4607208.176176049,2729963.230642884],[4606982.149842716,2729840.8593016244],[4606507.0293435715,2729779.2349235187],[4606394.575118553,2729579.9469588706],[4606219.255312332,2729511.9239863036],[4605758.8300402425,2729001.526348105],[4605794.717841008,2728402.696668553]]]}},{"type":"Feature","properties":{"flugjahr":"DTM:2019, DSM:2012","gebiet":"Steiermark"},"geometry":{"type":"Polygon","coordinates":[[[4605077.080133913,2728370.05614787],[4605794.717841008,2728402.696668553],[4605762.923824802,2728109.899963591],[4606227.2575477455,2727892.787527407],[4606872.629988706,2726997.2704535173],[4607310.103306359,2726068.278869443],[4607739.728351534,2725660.404997353],[4608257.815487575,2725701.9584379196],[4608646.266964512,2725661.5562722594],[4609239.218755739,2725458.2977830106],[4609733.105478368,2725480.7562422166],[4610358.009277001,2725028.7378288736],[4610469.433017084,2724658.4575968864],[4610207.557235514,2724257.1971342433],[4609474.09537084,2724512.0964070424],[4608466.126295999,2725109.8686920363],[4607700.9983509295,2725082.120311384],[4607175.457034575,2725552.6996254297],[4606912.029782014,2725917.075859267],[4606858.90411359,2726282.996860197],[4606627.679001545,2726552.747451621],[4606491.888305641,2726884.885260546],[4605905.202720752,2727538.8444089033],[4605585.9935972,2727690.491008568],[4605295.270667179,2727809.4023428503],[4603659.535889282,2727943.3268219884],[4603111.799589533,2727915.4611250944],[4602633.905055072,2727574.4959752965],[4602540.974264866,2727797.486549007],[4603130.631524644,2728125.5120380213],[4604055.507133501,2728142.479768809],[4604257.7844627155,2728212.7216310464],[4604966.74396774,2728127.7872496736],[4605077.080133913,2728370.05614787]]]}},{"type":"Feature","properties":{"flugjahr":"DTM:2019, DSM:2010","gebiet":"Steiermark"},"geometry":{"type":"Polygon","coordinates":[[[4758311.451419527,2672152.4329206105],[4758303.633228935,2671333.838218806],[4758380.132019594,2671088.525324419],[4758613.705667223,2670850.6961757597],[4758196.802249245,2670947.4050017893],[4756993.838621516,2670925.4229636514],[4756357.716658084,2671133.0356607987],[4755403.126433438,2671111.5995755047],[4754245.346477133,2671200.835164824],[4753981.984877124,2671541.9402979678],[4753724.799047012,2671628.070045721],[4752805.300197202,2671628.334897547],[4752338.922902363,2671756.809104153],[4751745.352949218,2672090.593950467],[4750626.035445691,2673084.647501262],[4750004.473026838,2673326.0135295694],[4749735.111058999,2673552.727236064],[4749872.642466863,2673865.4462718857],[4750891.758966775,2673557.4895217465],[4751164.225727721,2673373.9551231954],[4751265.191736309,2673104.3621653905],[4751688.268477603,2672752.6449347106],[4752545.535157546,2672823.530593382],[4753200.854780801,2672680.7967668306],[4753449.797310094,2672440.1182709057],[4753947.140615267,2672359.169775243],[4754573.9408327835,2671952.902535844],[4756422.854141226,2671976.9508294584],[4757213.363331562,2672176.936482627],[4758311.451419527,2672152.4329206105]]]}},{"type":"Feature","properties":{"flugjahr":"DTM:2019, DSM:2017","gebiet":"Steiermark"},"geometry":{"type":"Polygon","coordinates":[[[4758613.705667223,2670850.6961757597],[4758380.132019594,2671088.525324419],[4758303.633228935,2671333.838218806],[4758311.451419527,2672152.4329206105],[4758613.705667223,2670850.6961757597]]]}},{"type":"Feature","properties":{"flugjahr":"DTM:2019, DSM:2010","gebiet":"Steiermark"},"geometry":{"type":"Polygon","coordinates":[[[4759326.078569214,2673743.9691971624],[4759070.667599718,2673747.040681671],[4758385.966760444,2673484.3376301196],[4758357.91704227,2673285.968674531],[4757106.579980194,2673195.0192642007],[4756326.010009352,2673384.9038067837],[4756186.41352381,2673507.5382003332],[4755936.718131373,2673559.9797369693],[4755670.127989085,2673472.489810806],[4754899.831168234,2673633.835457719],[4753561.706426286,2673724.712530162],[4752626.63234137,2674193.780366482],[4751476.161642345,2674436.539576619],[4750899.745461613,2674699.00600842],[4751171.837917453,2675277.247464834],[4751588.784498424,2675065.4157196404],[4752430.138263753,2674814.2831690805],[4753593.50142559,2674575.1012318456],[4754259.669374716,2674527.021376962],[4754930.099490533,2674587.2521912213],[4755931.822241345,2674995.259466225],[4756310.599298949,2675036.918737253],[4757353.654027693,2674891.299562215],[4757758.07673842,2675033.253821626],[4758199.274131345,2676208.022960251],[4758933.613780889,2676933.973926319],[4759643.315364163,2676738.7902984726],[4759769.941731762,2676364.282596809],[4759802.1675558165,2675881.2676265584],[4759540.043323003,2675714.8928356743],[4759466.145989228,2675322.0372072114],[4759411.386923361,2673899.984268029],[4759326.078569214,2673743.9691971624]]]}},{"type":"Feature","properties":{"flugjahr":"DTM:2019, DSM:2017","gebiet":"Steiermark"},"geometry":{"type":"Polygon","coordinates":[[[4758357.91704227,2673285.968674531],[4758385.966760444,2673484.3376301196],[4759070.667599718,2673747.040681671],[4759326.078569214,2673743.9691971624],[4759014.03162472,2673368.9455136824],[4758357.91704227,2673285.968674531]]]}},{"type":"Feature","properties":{"flugjahr":"DTM:2019, DSM:2017","gebiet":"Steiermark"},"geometry":{"type":"Polygon","coordinates":[[[4629879.642746119,2718665.5433312315],[4629260.522868645,2718414.813072031],[4629147.70331468,2718481.529179905],[4629821.790320809,2718802.536375321],[4629879.642746119,2718665.5433312315]]]}},{"type":"Feature","properties":{"flugjahr":"DTM:2019, DSM:2017","gebiet":"Steiermark"},"geometry":{"type":"Polygon","coordinates":[[[4637829.174591718,2723850.439716096],[4637866.201017741,2723582.0085325036],[4637589.729550953,2723441.1156190927],[4637829.174591718,2723850.439716096]]]}},{"type":"Feature","properties":{"flugjahr":"2020","gebiet":"Nieder\u00f6sterreich"},"geometry":{"type":"Polygon","coordinates":[[[4767174.990611403,2855501.8616032694],[4807021.564782343,2858934.599297632],[4808783.815577488,2838006.1244979063],[4768935.367693554,2834572.898705997],[4767174.990611403,2855501.8616032694]]]}},{"type":"Feature","properties":{"flugjahr":"2019-2020","gebiet":"Nieder\u00f6sterreich"},"geometry":{"type":"Polygon","coordinates":[[[4807014.944137884,2858936.072743117],[4737288.209829799,2852931.8408634653],[4735022.345641036,2879838.931037629],[4736367.304787038,2879955.1982561024],[4736443.1036923425,2879057.553807268],[4737672.226468876,2879123.3163415454],[4737856.891374087,2877172.373090392],[4742635.64435004,2877582.3018581467],[4742577.00028169,2878542.836601486],[4743798.566978552,2878686.395515087],[4743722.789993486,2879583.03485819],[4743795.061646507,2879688.57074419],[4750080.291382761,2880222.8662382606],[4750149.299617112,2880135.9948966643],[4750308.4588923855,2878242.891962937],[4752743.51766372,2878442.747962631],[4752805.804253586,2878371.582209605],[4752883.2502299445,2877460.976666861],[4754112.319592556,2877525.9382748427],[4754212.771553985,2876571.3551241583],[4755435.600802481,2876642.0491147493],[4755541.317535626,2875681.702196843],[4757961.156481789,2875885.9890590427],[4758038.654117738,2875810.5354957376],[4758116.104325987,2874899.914431969],[4759329.594677037,2874979.217084837],[4759613.503667491,2872016.4713577274],[4760811.521428003,2872106.061737258],[4760943.092177561,2871127.892689741],[4762179.694612842,2871183.2501580184],[4762271.71782869,2870238.246603622],[4763495.616940632,2870309.0545076635],[4763601.35735823,2869348.6783836666],[4764808.62537279,2869432.7346026194],[4764929.977359294,2868459.070145891],[4767360.9692942975,2868661.054940744],[4767427.34410356,2868588.0832727375],[4767504.79679038,2867677.433298175],[4771168.809472944,2867988.8727326714],[4771248.941447558,2867899.5259212665],[4771323.75864874,2867002.758429944],[4772369.644778598,2867092.257273357],[4772293.1798789725,2868002.976043461],[4772357.230747197,2868091.129352968],[4774876.414226519,2868312.5004312093],[4774984.648650791,2868221.483682951],[4775059.539647149,2867323.711843205],[4784921.579866692,2868174.494157599],[4785029.817202835,2868083.483210303],[4785104.756216155,2867185.6793007753],[4785209.438843486,2867194.6499149553],[4786149.5301801395,2867276.303523875],[4786073.995358126,2868187.0953406435],[4786138.035147127,2868275.261010573],[4788671.106329749,2868496.6059206617],[4788765.452435229,2868402.936841487],[4788840.263879021,2867508.147068695],[4789885.045960035,2867598.7996778823],[4789842.383470602,2868578.224731997],[4791046.737643528,2868702.488407414],[4790910.904351985,2870671.01570247],[4792121.91571516,2870802.642161246],[4792047.270392129,2871714.4829732813],[4792100.544572931,2871797.135006993],[4793284.4811617965,2871907.469583712],[4792956.750308895,2875818.8437709827],[4793048.967142669,2875903.3482650956],[4794192.384671466,2876001.76995275],[4794155.391920242,2876986.513920767],[4795516.313965595,2877099.3027674635],[4795637.831436521,2876126.5907651656],[4799171.734066894,2876430.906123546],[4799097.010169023,2877342.7608427624],[4799161.030921414,2877430.939361928],[4801721.172121603,2877646.9872467294],[4801788.291274153,2877558.0417089514],[4801863.206031873,2876664.227783126],[4803054.959860821,2876756.032169381],[4803192.908612629,2875775.0753948796],[4804379.574958671,2875868.629630008],[4804446.693639959,2875779.6819132683],[4804521.6077101305,2874885.8479366237],[4805666.995373726,2874984.4647540944],[4807014.944137884,2858936.072743117]]]}},{"type":"Feature","properties":{"flugjahr":"2012","gebiet":"Steiermark"},"geometry":{"type":"Polygon","coordinates":[[[4621977.552835369,2678919.844581766],[4625867.49047696,2679183.611245949],[4625743.997741648,2681127.614650839],[4626362.464284084,2681223.903261522],[4626332.334633646,2681580.4959989507],[4626169.194362573,2681581.6590114487],[4626113.404264774,2681772.5228540273],[4626325.786264854,2681812.574926208],[4626280.349935466,2682297.1724563185],[4626151.984282505,2682297.067111575],[4626117.549594126,2682423.7900991854],[4626118.133346991,2682485.494483706],[4626277.285312587,2682510.0969918184],[4626247.869811287,2682998.1920302063],[4626119.649915693,2683004.967338578],[4626060.932479122,2683198.413867496],[4625622.979721596,2683178.207155291],[4625606.972671219,2683230.645148415],[4624999.441841896,2692142.143347481],[4611352.6667069625,2691237.9314669194],[4611294.446042387,2690873.5738860937],[4610456.993026887,2691206.6599338665],[4610280.196587841,2691527.1569684222],[4610395.285529776,2691857.7493710173],[4610694.7885909155,2691992.5296999915],[4610382.549547606,2692433.9735293575],[4610638.291416935,2692973.6798736285],[4610347.356127831,2693409.252336094],[4610285.652363264,2693752.2502345624],[4610445.860883259,2694100.4434380624],[4609774.941123059,2694426.6495159687],[4609438.228642511,2694209.3965688944],[4608824.5632482525,2693982.8105667615],[4608683.555602375,2693836.0385100152],[4608706.864355946,2693670.3286900674],[4608338.446949665,2693372.885384271],[4607698.435446748,2693516.4797573257],[4607663.881806755,2692928.2974032424],[4607858.558608311,2692660.311271667],[4607360.888517101,2691964.223051038],[4606917.012233865,2691811.9064621385],[4606708.481610969,2691550.9907027874],[4606249.846655145,2691346.6773525826],[4605677.129893511,2690900.7825003676],[4604939.112948978,2691924.6006328342],[4604641.928224571,2692118.2035358427],[4603951.422514471,2692140.2150998046],[4603259.248771101,2691958.5268322905],[4602930.353227051,2692082.864731054],[4602504.486438158,2691778.679314021],[4602479.60127789,2691552.203143056],[4602200.307232866,2691338.466687398],[4602087.595711287,2691127.844376988],[4601980.5542754205,2690471.5523966984],[4601989.93145778,2689951.4374633348],[4601693.25205065,2689936.6941065905],[4601272.357838614,2690052.0851779426],[4600841.562177579,2689958.53407878],[4600784.244316822,2690496.628301339],[4600322.32861539,2690788.1216751933],[4599760.225315392,2690891.1957445517],[4599150.899443528,2691482.5340304244],[4598714.727588503,2691172.3333729138],[4598142.054773283,2691287.8517417377],[4597701.846917922,2691464.3754854635],[4597539.374039572,2691620.7330703735],[4597360.57840331,2691629.385334106],[4596631.959393511,2691312.0204081195],[4596401.15541744,2691354.2635340095],[4596256.59443635,2691259.1384767285],[4595872.257684072,2691258.6813612],[4595261.458640412,2691806.2606225],[4595114.492756431,2692231.6366808144],[4594365.147777509,2692264.5739223636],[4594087.666684503,2692189.9843917266],[4593912.069983165,2692345.4100514827],[4593535.256358731,2692856.8026574715],[4593486.779106371,2693054.637722275],[4593239.468635846,2693274.297573161],[4593416.61912688,2693552.302977376],[4593347.312936223,2693941.713603678],[4593507.83579957,2694164.7872304786],[4593445.312955434,2694937.198838312],[4593499.333153145,2695218.4651502785],[4593415.0990546895,2695284.626874855],[4593093.583020565,2695284.1600357983],[4592964.412084104,2695391.7489012843],[4592983.501420715,2695748.1865912387],[4592913.672691477,2695921.512629458],[4593172.336651692,2696812.5112428335],[4593373.700922275,2697050.5963837286],[4593459.256199134,2697305.4163483367],[4593266.366385765,2697598.760204345],[4593196.262965065,2698097.05673123],[4593010.803609942,2698299.541645638],[4593112.233106262,2698513.6729076626],[4592605.937812512,2699606.6502520004],[4592832.810129903,2699520.4013852743],[4595812.369615599,2699719.6737165214],[4596074.882944035,2699800.094345759],[4596350.930129616,2699754.899522625],[4606740.086360427,2700448.3496291847],[4606881.0145682525,2700107.4662058754],[4607069.223728582,2700187.186272138],[4607650.822205668,2700221.803985146],[4608508.555102322,2700065.508956278],[4608877.870654877,2700203.418772768],[4609182.151442958,2700110.511319916],[4610319.533335358,2700189.533557621],[4609946.808983948,2706177.6326278844],[4617774.322233758,2706696.874232249],[4617725.157913076,2708697.652424531],[4622663.290910218,2709033.186643261],[4622547.538977919,2710988.280431835],[4626907.050856265,2711330.4701544293],[4626736.133631371,2714298.9916265015],[4627908.319462406,2714390.101239977],[4628026.135476359,2713896.9272904755],[4629864.696968231,2714031.872867074],[4629738.891144177,2715962.4716564706],[4630151.378703777,2716173.346846351],[4630340.311441778,2716156.9307270357],[4630415.387342847,2716061.3070682567],[4630905.809790584,2716094.198145696],[4631581.160096854,2715239.366927539],[4631825.592522138,2714622.9349628403],[4632207.149454411,2714168.9018637026],[4632502.891204787,2713547.8073412795],[4632808.699069685,2713199.423682225],[4632981.5430125855,2712730.870822385],[4633181.065195606,2712726.9605940543],[4633010.083284843,2713426.8112267572],[4632769.699308906,2713654.0644844705],[4632610.049291189,2713959.069936633],[4632536.411822711,2714404.127377051],[4632011.90978425,2714919.7034062906],[4631884.083969669,2715344.2749081114],[4631297.637163392,2716120.4790762654],[4633065.238687274,2716326.6891114404],[4633403.758990045,2716289.3833330125],[4633474.108213727,2716356.329479617],[4633365.399656481,2718243.199638694],[4635208.964372913,2718387.396436675],[4634997.005294053,2721836.3841829174],[4635613.81257096,2721933.958407904],[4635549.681170884,2723007.9462594665],[4636249.303491648,2722986.137617243],[4636615.134692796,2723240.9511269666],[4637604.435887327,2723432.090940378],[4638187.879642576,2723074.0576289976],[4641145.652135367,2722216.2740110625],[4641244.000460511,2722531.0703616156],[4640840.346042188,2722757.8536177026],[4639385.099324071,2723138.7698457018],[4638444.625391234,2723615.045774985],[4640510.160170542,2723756.8360719997],[4640499.592970144,2723979.4352042605],[4640553.12485333,2723983.129526093],[4642369.716349575,2724064.22164093],[4642710.634102775,2718911.8860642086],[4642821.041760088,2718943.0018213615],[4642720.914269263,2718743.385075436],[4642911.242968038,2715908.5777089605],[4651593.293495096,2716481.534309169],[4651661.736910474,2716226.207241146],[4651775.366058743,2716130.4395366823],[4651684.742225079,2715875.3493342735],[4652125.1584136775,2709141.7982457215],[4652195.39721317,2709081.661122953],[4652140.895157821,2708905.1512867487],[4652528.365582324,2702976.071723465],[4651694.877167194,2702957.178939472],[4651568.369257068,2702840.825934187],[4651439.473617546,2702911.2817642028],[4651152.5051044645,2702824.3124922346],[4650061.023793831,2702849.5257998053],[4649463.998093754,2702683.5319361147],[4649207.535520738,2702715.521394571],[4649277.130148836,2702794.8297736077],[4648639.717997368,2702701.5043692673],[4647541.941289213,2702680.165677407],[4647892.602894723,2697203.6106081046],[4652819.898353913,2697523.2972383443],[4652887.6823002435,2697478.3227643454],[4652931.6525198305,2697032.8512290753],[4655993.10515584,2697235.526057039],[4656047.941388209,2696750.248316572],[4655448.05064371,2696669.3325093547],[4655545.159773282,2695195.2390866997],[4661784.809509414,2695621.573316519],[4661462.947646857,2700553.309279854],[4661537.8481310345,2700614.854430655],[4664565.360066178,2700818.918302595],[4664485.162610989,2702817.5697215567],[4670065.473891952,2703194.0743454886],[4670123.997245481,2703326.7449578997],[4682794.823311049,2703860.2393342624],[4683219.26999562,2693557.1745268414],[4664569.939390373,2692300.6866609445],[4664506.778230301,2692346.7261481155],[4664485.467179907,2692672.293484373],[4663897.433947558,2692756.5212089885],[4655741.167123651,2692215.1297998303],[4656002.406905166,2688173.4243778093],[4655463.136087703,2688180.411282681],[4654625.58538555,2687948.986185557],[4654172.765350508,2687961.842856117],[4654042.585736927,2688045.700834362],[4653471.946318,2688023.0248336666],[4653275.019497065,2687936.2097806507],[4652977.862219669,2688013.8223417704],[4642895.68060439,2687327.9945357945],[4644290.0437177215,2665888.944514708],[4642059.979112251,2665740.2072291835],[4641293.179590068,2668607.157357915],[4633186.328068474,2666767.302836495],[4631448.654009856,2663145.38870426],[4627154.265948908,2662554.007854618],[4626590.04203967,2658194.3415750335],[4622629.608833077,2657298.049830036],[4622203.327380817,2655394.354723165],[4619742.431446754,2655150.5440793843],[4617873.702563691,2652144.9848724846],[4614538.494153585,2651183.2986178715],[4611845.8011293225,2651061.0584083935],[4608343.195513181,2654369.1822927864],[4608295.165720308,2655610.0505943475],[4608512.040408657,2655623.9768340588],[4608798.879531849,2655230.2639495526],[4609265.102181398,2655144.2839104543],[4609737.581836898,2655275.6635036147],[4610151.610993906,2655809.695475626],[4610498.31387853,2656017.696713955],[4611050.618270192,2655975.03342566],[4611386.153803337,2656143.0077104056],[4611670.342622821,2656855.8204769115],[4612066.321267442,2657020.11920787],[4612438.735202825,2657299.4050793923],[4612750.961321538,2657737.160310072],[4612753.173453062,2658669.497119326],[4613445.67495089,2659390.2509263195],[4613499.211495851,2659825.5078209788],[4613604.838091508,2659894.659006308],[4613464.930006857,2660130.85019695],[4613617.545201055,2660403.311612185],[4614522.954080735,2660814.7203474008],[4614708.247180088,2661113.378299642],[4615080.841605356,2661287.3735960415],[4615067.157470976,2661592.0757081243],[4614976.053980913,2661669.857344632],[4614933.573812757,2661917.3058255673],[4615003.093941953,2662302.0930775353],[4614887.414695379,2662816.2778217667],[4614984.13981961,2663458.403159979],[4614882.250222547,2663883.4736510594],[4615447.565070012,2665064.881097303],[4615803.447715304,2665369.3777528056],[4616189.418786072,2666128.368891626],[4616310.841075871,2666727.4596354743],[4616550.251038694,2667041.861514992],[4616783.467649442,2667892.028017774],[4617147.976147055,2668073.9273589584],[4617444.050907406,2668460.752040826],[4617479.815538447,2668678.801923276],[4617659.607775571,2668839.88083796],[4617668.741687713,2669136.834452551],[4617864.568728881,2669665.620313624],[4617115.612878117,2670466.1287475624],[4616785.810652759,2670986.7419614624],[4616465.994973318,2671267.7321003126],[4616171.61566464,2671960.903415009],[4615537.988807666,2672295.4852578947],[4615487.883764702,2672571.503354612],[4615551.580962867,2672899.4868070995],[4615871.694036307,2673426.7140248544],[4615713.896470516,2673760.0111259986],[4615836.51640148,2673921.319952328],[4616153.844439364,2673969.9530934244],[4616515.5325431125,2674479.8333720556],[4616815.505700591,2674530.007342448],[4616945.14394349,2674446.4971562307],[4617258.616297662,2674810.9656263944],[4617740.008291386,2675619.8153353343],[4618089.895649467,2675622.5122335902],[4618262.263467826,2675928.9340556767],[4618647.405166208,2676254.6516401954],[4618722.468381295,2676214.3513979805],[4619089.462000579,2676335.670278994],[4619340.71283768,2676680.0819244063],[4619946.77780648,2677123.5599789126],[4620247.170190317,2677154.734542288],[4620531.953648979,2676738.21135312],[4620656.989859292,2676399.040845237],[4620905.051423241,2676231.408233785],[4621077.946142766,2675954.642316589],[4621355.716318729,2675817.313774015],[4621574.104268468,2675801.5593713615],[4622012.161962479,2676069.0434724214],[4622504.116650071,2676206.2235164815],[4623338.273138644,2676032.9369858396],[4623640.915803962,2676143.0749326563],[4623713.711913907,2676356.535474125],[4624047.487086957,2676551.7825901983],[4624131.996838057,2676689.1771027427],[4624282.264564143,2676988.9185521696],[4623921.824408047,2677404.670170918],[4623939.146779423,2677578.0019623493],[4624086.303675217,2677715.0114737307],[4624030.894089644,2678016.8378667305],[4623054.5451904135,2678397.3476897916],[4622767.159600833,2678433.755428329],[4621977.552835369,2678919.844581766]],[[4623497.331435334,2672271.7773459563],[4623100.281643415,2672049.578079286],[4623021.72385705,2670843.1514185974],[4623253.446877379,2670446.3952614395],[4623433.626634355,2669210.689826048],[4623779.866694506,2669059.308770829],[4624115.914207868,2668705.317356677],[4624224.117033974,2668337.9672302185],[4624687.111874213,2667829.6384406826],[4624962.6736126775,2667897.211204894],[4624834.82015178,2668370.739260596],[4624435.420318025,2669258.231492902],[4624194.034156927,2669440.3980679316],[4624035.18488828,2669774.4241453107],[4624032.35680461,2670137.5585419787],[4623864.755379616,2670557.2480957126],[4624017.943782386,2671270.7187799728],[4624399.039655627,2671904.503048108],[4624580.129363234,2672070.8617041814],[4624478.859533312,2672531.6107923705],[4624224.001698262,2672655.1111194827],[4623804.428801429,2672328.7834100877],[4623497.331435334,2672271.7773459563]]]}},{"type":"Feature","properties":{"flugjahr":"2020","gebiet":"Ober\u00f6sterreich"},"geometry":{"type":"Polygon","coordinates":[[[4673493.291710908,2745026.611771687],[4665999.466451297,2744681.7347465362],[4666109.746255381,2742185.1144905705],[4661114.777441377,2741956.5326076173],[4661223.976396592,2739459.910451523],[4658726.011728812,2739344.175810372],[4658836.08943298,2736848.6402348722],[4656338.034444823,2736733.9816607684],[4656448.11864361,2734237.4447447313],[4651451.862451569,2734008.3119546776],[4651561.850420624,2731511.812182078],[4646565.542471109,2731282.946670328],[4646675.44220404,2728786.5129656717],[4641679.043795986,2728557.853300114],[4641568.121229108,2731055.2733605313],[4636572.717835735,2730826.9323839713],[4635692.771676893,2750799.64563859],[4674222.036085911,2752565.6302543576],[4674462.598300723,2752212.889377951],[4674571.862075615,2751520.9393625404],[4674817.032888034,2751303.4223932223],[4674915.751709738,2751097.1840694817],[4674871.025209498,2750835.03330637],[4675011.441089743,2750562.302255421],[4675170.301514968,2750420.4725011997],[4675304.644211837,2750486.9444350824],[4675773.337656933,2750066.925860132],[4675999.874404624,2749737.2388446317],[4676595.816724748,2749655.8880231474],[4676802.017126921,2749456.115451741],[4676448.752040956,2749124.510297529],[4676494.545374058,2749067.836459955],[4676284.99715682,2748599.017547731],[4676093.051161183,2748379.719380927],[4676107.039363777,2748188.2796837064],[4676663.723732697,2747673.7353443108],[4673382.8944721855,2747523.2654518033],[4673493.291710908,2745026.611771687]]]}},{"type":"Feature","properties":{"flugjahr":"2012","gebiet":"Steiermark"},"geometry":{"type":"Polygon","coordinates":[[[4668885.8081788365,2744814.5034504873],[4670602.973846379,2744893.555941752],[4670230.785139702,2744607.53239359],[4670056.382602566,2744252.1707901834],[4669923.629968243,2744184.9601682397],[4669558.539033278,2744290.098851937],[4669085.133369868,2744246.508854191],[4668900.897581684,2744496.736555416],[4668885.8081788365,2744814.5034504873]]]}},{"type":"Feature","properties":{"flugjahr":"2012","gebiet":"Salzburg"},"geometry":{"type":"Polygon","coordinates":[[[4608512.040408657,2655623.9768340588],[4608295.165720308,2655610.0505943475],[4608272.359051157,2656199.293947202],[4608414.748632438,2656792.7363281683],[4608522.492516547,2656678.985963274],[4608579.527389434,2656327.710452432],[4608400.539636864,2656113.445535791],[4608561.806527969,2655712.28919404],[4608512.040408657,2655623.9768340588]]]}},{"type":"Feature","properties":{"flugjahr":"2010","gebiet":"K\u00e4rnten"},"geometry":{"type":"Polygon","coordinates":[[[4678428.269900173,2632702.1702218615],[4680929.346801778,2632817.5186860785],[4681802.819557845,2612852.6873840354],[4661810.806854847,2611949.620027745],[4661374.822292642,2621915.883158569],[4678864.608263978,2622719.705663995],[4678428.269900173,2632702.1702218615]]]}},{"type":"Feature","properties":{"flugjahr":"2015","gebiet":"Tirol"},"geometry":{"type":"Polygon","coordinates":[[[4524350.837116751,2658335.3220155463],[4523061.81929535,2657678.8462244645],[4522834.540796715,2657301.0535058854],[4522915.832857218,2656026.271809808],[4521587.753373892,2653230.2982554575],[4519764.974043384,2650619.986726672],[4519696.359225893,2650121.0267911125],[4522458.758312164,2648306.6328582247],[4525018.206734847,2645745.644645281],[4527474.393888853,2643453.6850158945],[4528402.881386245,2642752.390107629],[4529410.045860545,2642509.9573108824],[4530213.1630701125,2642635.868322555],[4530913.674388034,2643041.9433630547],[4533053.064037602,2642199.31196171],[4535767.188875784,2641524.766355335],[4537918.995973679,2641521.2390789017],[4538602.917599255,2642594.66594342],[4539692.797960146,2641942.4443561262],[4539243.904546182,2640659.0089947702],[4539426.873888281,2640016.1936079673],[4539894.376111342,2639781.727899904],[4540541.061125335,2639615.6920694034],[4540650.996961731,2639321.9394260356],[4540441.022681393,2638129.29614104],[4540703.180135247,2637694.8883303115],[4541167.567737031,2637474.9582322063],[4541883.745107571,2637544.586056459],[4543020.376955442,2636956.405737156],[4543037.329438312,2636564.986577708],[4539288.455165056,2636397.6506419256],[4539158.799587115,2639392.237233331],[4537909.035427509,2639336.4958636733],[4537865.827352094,2640334.752933218],[4535366.283935086,2640223.3063506735],[4535323.0945063215,2641221.523363283],[4531573.72065005,2641054.4921521405],[4531530.586094072,2642052.6867774497],[4526531.515117007,2641829.9856624743],[4526488.322673112,2642828.17656292],[4525238.603991458,2642772.574685422],[4525152.217464309,2644768.9840529454],[4523902.500845567,2644713.3726094016],[4523859.288628391,2645711.585885267],[4522609.56520763,2645655.9827170256],[4522566.337706641,2646654.214342956],[4519499.114874732,2646517.8667462147],[4519238.7878573835,2647185.4713165164],[4518369.802260952,2648285.6028738846],[4517682.538761387,2648603.9778683614],[4516985.688032168,2648455.825860142],[4516292.174172022,2648453.9772120235],[4515941.906358869,2648303.8888683002],[4515460.296428223,2648005.620429367],[4514308.841097534,2647026.57057073],[4513303.7962883925,2647073.000692879],[4512254.389871909,2647775.2367705787],[4510475.471174337,2647931.0710583716],[4509453.259568923,2648285.4633693914],[4508554.620830851,2648465.7211189456],[4507931.298045909,2648468.7548533473],[4505249.160398247,2647497.3663999634],[4502776.52018956,2647146.3228055066],[4500547.926075701,2646686.964332856],[4498770.6940234,2646732.0384498923],[4497136.388784638,2646501.2445578156],[4496148.223985271,2646061.025423102],[4495373.890917064,2646223.5875195265],[4492788.692606461,2647194.947772447],[4492704.383090558,2647471.238906374],[4492863.494347611,2647826.6524619535],[4494071.355870264,2647980.674726117],[4495579.945029075,2647823.454640514],[4496676.589709864,2647916.871084922],[4499058.371288301,2648693.23456866],[4500687.899526889,2648497.680912326],[4502297.349205132,2648429.1189883803],[4503570.285612474,2648656.6096844445],[4504975.125720057,2649449.0398539277],[4508932.456278743,2649788.2876304947],[4510562.825539412,2649521.1871970473],[4514609.750776743,2650092.6373075647],[4515198.214080426,2650287.0249882336],[4515707.704638379,2650287.8735684305],[4515961.324623305,2650841.205568742],[4515904.736935042,2651264.0564731145],[4515092.991798106,2651820.0369286407],[4514986.676581271,2652163.043299742],[4515041.358293925,2653017.7933080434],[4514650.141669092,2653722.9666107385],[4512464.433471565,2655783.2254686896],[4509568.261073352,2656372.3912279024],[4506462.601503156,2656301.82700135],[4504790.976048481,2656497.0668201293],[4503974.249151195,2658017.803213396],[4503406.986665267,2658183.934210216],[4500404.513021801,2658105.1236458817],[4499205.5371428095,2658167.2448442806],[4497955.842456995,2657996.0414277944],[4497176.640427842,2658003.0319243385],[4496981.383717577,2658339.8244734453],[4497033.812030129,2659047.477269103],[4497885.518475878,2659318.3115817634],[4498546.553231284,2659701.972160265],[4500177.347371727,2659519.0455172206],[4502866.93705806,2659429.137283377],[4506953.82216264,2658626.6050779354],[4512301.787150353,2658298.6852862528],[4512450.545497342,2658399.9875162626],[4512490.822064441,2658756.256600258],[4512285.4737166455,2659475.7980445144],[4512257.2466008095,2660789.231819017],[4512078.084869412,2661511.907475218],[4511669.938983828,2662445.3041854757],[4511822.237527195,2662876.1270109494],[4512691.468965083,2664415.5458755423],[4512868.259886867,2664907.548351388],[4512593.648019121,2666905.385025137],[4511842.920695976,2667953.7405801737],[4511234.085178365,2668625.423102903],[4510850.397202934,2669590.0560379773],[4510298.628485697,2670134.521644573],[4509327.446736307,2671371.2313030786],[4510009.172555751,2671672.537332589],[4510887.273140985,2671629.894401803],[4511287.54394517,2670848.8948225677],[4511632.816495101,2670497.6651064754],[4511844.245243668,2669872.288791974],[4513577.83215869,2667478.71453639],[4513858.91017093,2666717.3283235068],[4514013.972115606,2665650.8065440124],[4513232.201206331,2662495.36752149],[4513472.329805502,2660988.1484358157],[4514850.365903607,2658969.51133192],[4515856.967788794,2658990.0691815754],[4516065.792216855,2658699.9661638346],[4516429.364444637,2658509.0880775643],[4516433.6681392295,2658243.9690017425],[4516070.92227067,2657750.9005303364],[4515953.335843292,2657044.398719261],[4516121.858352329,2656003.381867781],[4517830.289980195,2651158.8088939465],[4518209.057163214,2650517.3928692443],[4518532.182696678,2650519.4527385035],[4518900.304874221,2650836.156805466],[4519600.924417724,2652375.3312449516],[4520437.267891657,2653906.7447115327],[4521445.697983136,2656885.3436318715],[4521058.986099523,2658301.820397213],[4521177.435841578,2659572.430952114],[4520928.630600011,2660203.0161360404],[4521123.26671512,2660763.5183942523],[4521589.752778239,2660747.693124772],[4522780.495771238,2658907.594826271],[4523218.271104156,2658807.9638841883],[4525441.536356627,2659443.705457201],[4525717.352500208,2659273.811294247],[4524350.837116751,2658335.3220155463]]]}},{"type":"Feature","properties":{"flugjahr":"2008","gebiet":"Tirol"},"geometry":{"type":"Polygon","coordinates":[[[4523615.48714062,2657960.816068188],[4524416.463425772,2658380.392103784],[4526722.436286097,2652606.7465583365],[4526218.935456779,2652173.3213601173],[4526108.6590923555,2651956.6021797624],[4523615.48714062,2657960.816068188]]]}},{"type":"Feature","properties":{"flugjahr":"2008","gebiet":"Tirol"},"geometry":{"type":"Polygon","coordinates":[[[4524130.356892532,2659068.7653439683],[4523266.98919031,2658821.8941099267],[4519692.374643372,2667803.4656657525],[4518682.508118936,2670119.6277100425],[4518714.511288404,2670266.6434612647],[4518533.0457228925,2670501.934346694],[4518262.422573146,2671174.4718422834],[4518276.665675186,2671319.7627375387],[4518163.93128425,2671423.2136368966],[4519201.749153382,2671165.4427333614],[4519190.232257881,2671064.0638864236],[4519423.354581869,2670712.0059891003],[4522285.987288776,2663379.242533104],[4524130.356892532,2659068.7653439683]]]}},{"type":"Feature","properties":{"flugjahr":"2007","gebiet":"Salzburg"},"geometry":{"type":"Polygon","coordinates":[[[4519459.702613613,2671045.5277602556],[4518999.0325783985,2671223.7965111984],[4518811.832824919,2675492.0966453054],[4521311.076284389,2675603.405875231],[4521527.738746407,2670612.034062342],[4520411.960561444,2670560.2301454023],[4519670.516758823,2671053.0068921316],[4519459.702613613,2671045.5277602556]]]}},{"type":"Feature","properties":{"flugjahr":"2015","gebiet":"Ober\u00f6sterreich"},"geometry":{"type":"Polygon","coordinates":[[[4527738.825963391,2781271.05875072],[4526227.921264344,2783327.4229952814],[4526328.391471282,2783509.544205318],[4529041.279823196,2785964.064480521],[4531421.145283694,2788562.9765545046],[4534031.616334898,2791828.4242886375],[4535983.074274507,2793041.8072325718],[4539928.559711901,2793218.885262948],[4541240.963205365,2793765.8474264764],[4541760.199528331,2794543.3589044604],[4543731.17178579,2796630.588997908],[4544126.603560578,2797553.3976081293],[4545256.720744181,2798934.3746401714],[4546054.694519494,2799151.4854651447],[4547633.834872121,2800066.5453390214],[4549154.229742871,2801335.2004672615],[4553707.177174625,2801915.459665458],[4556834.54110492,2803831.8533554384],[4559973.67699627,2803942.1392944627],[4562131.397900763,2804209.2416507374],[4563724.000136386,2804884.5419620927],[4567552.040778256,2807056.297392626],[4568237.222216506,2807515.9133770764],[4569298.26894786,2809379.138234922],[4570039.423907338,2810016.058182751],[4570622.924533555,2810301.666068923],[4571289.87161515,2811128.566024609],[4573531.995307688,2813136.594932793],[4573491.2288634,2819107.146371323],[4574457.830229893,2823495.361221697],[4575301.868285226,2825909.8821386746],[4574819.013070157,2831361.0738592884],[4574624.787671769,2832563.6706204237],[4574637.304129212,2833905.354254458],[4575263.454448469,2834830.6114063626],[4577296.597294961,2835152.8266473217],[4578596.793061801,2836959.5570309423],[4580104.47294905,2837717.897940444],[4581684.64546386,2837298.4482928696],[4582798.094829242,2836398.513176636],[4584587.652501328,2834778.139084215],[4585945.859651177,2835621.8061095863],[4588262.205586075,2835090.9332295023],[4589249.783110727,2833572.0835931636],[4590223.213299011,2833409.391334364],[4591344.578668842,2833023.467699265],[4591777.081073131,2831571.3776497366],[4592042.682189352,2831221.4704252225],[4594016.135390738,2830834.3119632625],[4596216.785596042,2830702.8552468023],[4597126.878865972,2831611.363144098],[4607072.317165493,2832055.112272881],[4608509.318307111,2799594.487823778],[4613505.323648237,2799822.0483614793],[4614277.460764889,2782344.1016308432],[4609281.474712051,2782116.6796115953],[4609171.259342386,2784613.971721239],[4584189.285180311,2783479.354271494],[4583749.550290972,2793466.198694092],[4560015.951299809,2792392.419222465],[4561074.915655588,2768322.7505196305],[4560796.4120084625,2768414.3185076406],[4560797.55794615,2768202.9398286017],[4560866.157466257,2768175.870019609],[4560809.809627756,2768102.396689688],[4560692.614871808,2768024.448078748],[4560485.775419216,2768058.475214928],[4560382.106814066,2767921.530775682],[4560131.224266465,2767871.532091251],[4559815.53467574,2767644.39983672],[4559862.651102312,2767460.4219592465],[4559477.536304989,2767452.6177787515],[4558754.343964481,2767277.821541132],[4558355.592215571,2767397.2946361937],[4558254.367873885,2767312.975231355],[4557779.061728634,2767288.25062663],[4557522.459394814,2767348.9463263676],[4557421.248059466,2767546.207885182],[4556913.356749008,2767361.181014108],[4556843.182656958,2767255.735305219],[4556759.272527496,2767277.886026173],[4556585.033058612,2767157.4054267905],[4556427.348524652,2766944.677549732],[4556066.473613569,2766814.7538466067],[4555982.946162239,2766841.5018037586],[4556074.538315691,2767189.0352512444],[4555917.716057294,2767339.5440745526],[4555859.6047592815,2767311.6390379793],[4555791.549708256,2767481.468131063],[4555988.086783105,2767604.1744356845],[4555820.663199851,2767531.0265514143],[4555756.854717896,2767727.998990565],[4555606.279435252,2767705.095292134],[4555489.498259169,2768025.9443441886],[4555562.91904071,2768090.273753648],[4555453.442429743,2768470.0566091994],[4555840.706603088,2768656.179706698],[4555896.825077033,2769012.667122338],[4556224.011514345,2769280.648949314],[4556113.805505549,2769593.5950095723],[4555809.947791986,2769560.3265135563],[4555505.248691844,2769372.079404373],[4555470.800416606,2769259.0653857454],[4554811.01659368,2768997.293405749],[4554777.556731881,2768823.313784343],[4554688.197382486,2768809.0602068403],[4554163.214163843,2768919.5548630008],[4554034.077408423,2768877.648553713],[4554210.618114957,2769662.8345297785],[4554051.826985227,2769499.9253859846],[4553963.855575595,2769585.511904358],[4553794.487080484,2769466.7092861813],[4553739.121483567,2769545.152977118],[4553417.393968197,2769370.4995006486],[4553105.142866065,2769628.6693568463],[4552848.413176807,2769537.651852413],[4552859.857407807,2769640.950427352],[4552731.482677799,2769640.7908995315],[4552549.392984469,2769790.8302771645],[4552238.9138303995,2769727.070258161],[4551491.613052729,2787004.561902081],[4533747.195491295,2786206.110762034],[4527738.825963391,2781271.05875072]]]}},{"type":"Feature","properties":{"flugjahr":"2011","gebiet":"K\u00e4rnten"},"geometry":{"type":"Polygon","coordinates":[[[4541091.288410199,2631487.8775837393],[4541516.145689163,2631786.371434873],[4541886.314772586,2632248.9578626947],[4542699.639065097,2632922.8699029647],[4543117.4964067135,2632734.9963513818],[4543584.129616593,2632183.715616857],[4544040.156440998,2631935.52453247],[4545020.848949386,2631775.300809079],[4545307.063323592,2631828.078352431],[4546453.556808299,2632591.92966196],[4546629.897831608,2632938.3707813583],[4546701.817351909,2633498.67411154],[4546969.425554265,2633842.6928434367],[4547420.256797551,2634073.385930233],[4547875.670252454,2634452.8063673405],[4548078.260629004,2634852.425105226],[4548101.6646967875,2635295.2196935555],[4547963.642444062,2636132.7402245062],[4547701.5129735805,2636591.825475222],[4547454.092416303,2636746.64487218],[4546859.693848508,2636862.2855865513],[4546013.197509522,2637394.062596706],[4545352.824266603,2637933.2623338914],[4544577.613234351,2638309.0655248957],[4543770.612284841,2639028.1359256553],[4542923.541277026,2639192.321672299],[4542936.237182572,2638899.188135211],[4542465.828615085,2639051.0096020307],[4542025.223751363,2639530.699315415],[4542130.234673069,2639958.588184246],[4541628.592325974,2640575.428168429],[4541524.626757346,2641002.5752879446],[4540760.222080203,2641204.9877518485],[4540467.540850474,2641479.7126850686],[4555298.213883999,2642114.6195811913],[4555082.128795386,2647095.8085900336],[4557747.655277625,2647223.8901588484],[4557691.737966755,2646304.6278256658],[4558010.427159238,2645897.795307366],[4557854.302569127,2645325.6358216214],[4558361.685154362,2645428.7638082486],[4558276.1271516895,2645040.6288744863],[4558485.489356248,2644490.857677089],[4558904.825624579,2644719.971223725],[4559575.605894581,2644866.0684126634],[4560188.20402233,2645361.7275654706],[4560171.726097867,2645741.3804654274],[4561333.932089434,2646083.073418658],[4561755.721804735,2646510.8777778507],[4561731.470900891,2646684.8778664535],[4562018.435065171,2647496.27688093],[4563855.327148173,2646717.960194555],[4564506.7581707025,2646962.2987004207],[4565119.715752975,2646977.985671442],[4565692.776034534,2646839.382866675],[4566024.4514112985,2647079.8470826214],[4566331.164430579,2647689.9375343597],[4570081.424985913,2647858.4210455557],[4570298.138782817,2642869.633509018],[4575297.071352226,2643091.634139338],[4575389.048430357,2640975.0227577705],[4576075.925459871,2640947.948849947],[4576097.112488386,2640894.8477044753],[4576770.035098992,2641257.7961357348],[4577390.225763904,2641366.2211324824],[4578146.40901163,2641359.9918538653],[4578926.686891731,2641727.2479275176],[4580384.956893547,2641795.1926868055],[4580084.08917348,2648229.296154087],[4595091.502434285,2648905.9375241282],[4595525.897864864,2638923.0466454895],[4605522.920012113,2639375.4368057614],[4606161.878764357,2624402.5528977076],[4593589.223160531,2623832.139498189],[4593997.596526331,2616349.2678304138],[4591506.5929990485,2616236.793355539],[4591606.956839756,2613740.9384985385],[4589100.909523028,2613629.5227965615],[4589168.414523443,2611982.1100540906],[4588235.661717962,2611567.3188961856],[4587857.21693157,2611504.9838021966],[4587610.856962773,2611129.1209884593],[4587182.842867578,2611113.713218715],[4586639.272318236,2611281.558842265],[4586576.2596172495,2611211.3195183533],[4586002.146026195,2611288.0312963636],[4585766.06049014,2611223.3825013144],[4585657.290986992,2611025.6498178695],[4585159.380340346,2610934.97864692],[4584928.311498908,2611052.4799714927],[4584849.883517769,2611188.53011834],[4584622.245990094,2611196.3239152012],[4583969.78257983,2610981.863599107],[4582974.537698456,2611293.6454532193],[4582566.244136819,2611307.0427065655],[4582436.792735078,2611350.232493266],[4582382.762283353,2611654.7830690467],[4582565.455906213,2612530.775583485],[4581944.125654759,2612462.329358857],[4580911.9012297755,2612968.0326061733],[4580398.107851363,2612966.280601664],[4579647.086903482,2613199.7689516027],[4579379.087130381,2612576.1895433343],[4579529.219245213,2612282.593407077],[4579572.634693193,2611830.6937317033],[4579289.439620062,2612045.9953165622],[4578974.59921325,2612145.6678319653],[4578466.977586681,2611953.222434035],[4578193.60714297,2611713.9670868153],[4577676.118070145,2611908.41221473],[4577582.8559832005,2612074.9816126805],[4577422.840922861,2611826.7353069135],[4577189.932375098,2611655.650457004],[4577112.015630058,2611352.496942548],[4576901.152677795,2611315.0455600433],[4576677.265285084,2611012.808447199],[4576661.930607673,2610862.0362168318],[4576333.801973845,2610698.9484507916],[4576213.743751507,2610416.9925909545],[4576002.452386439,2610281.1022681673],[4575821.463121052,2609909.295871043],[4575766.758201359,2610096.506448825],[4575404.834136073,2610022.0199950933],[4575287.4494925635,2610140.896541887],[4575159.397164453,2610089.7350556944],[4574776.632546721,2610237.484975568],[4574013.052799335,2610835.9089110526],[4573817.051124613,2610846.3061954686],[4573272.094934686,2610680.1623423845],[4573088.101665905,2610438.5524665834],[4573033.755173088,2610532.549743495],[4572772.345560983,2610634.1638918975],[4571855.574944254,2610847.8870764743],[4571227.7764674015,2610380.876452699],[4570871.514843497,2610556.7277061874],[4570815.759562691,2610656.105836155],[4570563.610914903,2610700.847017005],[4570281.145372801,2610545.9418220585],[4570083.590692614,2610184.625770748],[4569787.559505423,2610180.011404359],[4569714.148083153,2610114.196926032],[4569624.412631025,2609687.2783231745],[4569333.442465728,2609886.446799289],[4569060.93230629,2609876.908035724],[4569021.8107921835,2610468.0895268684],[4568744.332743288,2610685.0857937387],[4568546.960529682,2611032.717833101],[4568091.532146635,2611202.9671200467],[4567936.470093823,2611441.07419121],[4567933.885580848,2611597.73548703],[4567816.636427496,2611698.304515545],[4567182.9030881785,2611534.888934169],[4566733.530982083,2611846.4502115655],[4566273.8723496795,2611730.2849427597],[4565958.856831669,2611823.7408632496],[4565367.694767717,2612234.562087174],[4564853.335695025,2612382.630668233],[4564823.096713758,2612527.47022153],[4564713.86446404,2612569.736595655],[4564677.224386448,2612809.969467029],[4564521.246080501,2612827.4774182984],[4564016.437930497,2613141.4509720015],[4563995.627460509,2613580.008573477],[4563755.33339291,2613609.941483572],[4563535.001194129,2613483.2715069433],[4562816.294075979,2613516.8454526807],[4562634.292586997,2613647.3642840325],[4562297.021200066,2613306.933170098],[4562101.200673841,2613358.115502646],[4561962.767215726,2613593.069585822],[4561637.421532602,2613677.3037210256],[4561615.102312198,2613743.4712217255],[4561391.702047169,2613677.5161724864],[4561258.787921513,2613773.3728684755],[4561052.557731058,2613654.2115268596],[4560892.224018659,2613779.702424678],[4560704.960484511,2613665.831000286],[4560393.725792856,2613743.067410947],[4560072.244548903,2614001.3150504013],[4559777.407837005,2613959.8248336627],[4559691.93872516,2614074.499195326],[4559397.069827148,2614178.90446418],[4559167.792511829,2613984.5764543116],[4558446.971022816,2614281.5943460865],[4558098.278476886,2614609.029861125],[4557433.44606761,2614765.4575212616],[4557338.034802034,2614530.529230823],[4557079.346971963,2614427.851263916],[4556694.596364343,2614460.9737388757],[4556584.874525601,2614365.143810486],[4556417.741355133,2614463.313605369],[4556287.707598137,2614367.355329441],[4555887.052578155,2614461.96622477],[4555672.675849169,2614124.162873816],[4555332.140126271,2614183.660740951],[4554996.527924487,2614106.1581930863],[4554800.853307324,2613936.8287249394],[4554618.879526178,2613898.6853469573],[4554176.110436034,2614095.1034486545],[4553539.779577864,2613934.2185297464],[4553154.628286376,2614052.0511912606],[4553010.899557109,2614340.027199842],[4552663.386412649,2614588.4968813057],[4552602.996598218,2614399.650290882],[4552319.972359077,2614535.16156366],[4551593.067299035,2614212.650517337],[4551148.54764076,2614538.2448811037],[4550950.14392817,2614546.647605283],[4550644.376781673,2614414.310002972],[4550492.297533288,2614445.8296454004],[4550385.070985484,2614212.843403879],[4550045.963130511,2614173.413170485],[4549753.112165163,2614274.621754705],[4549639.776862335,2614464.339126068],[4549307.190996171,2614281.3621280235],[4549244.529674159,2614405.7716712733],[4549137.39901617,2614391.780434947],[4549037.687504846,2614491.7286714762],[4549027.6717854235,2614425.135960621],[4548936.786351803,2614490.5364206154],[4548845.576302792,2614432.4631109163],[4548814.164198464,2614609.93194552],[4548701.171056632,2614532.0032801423],[4548596.501389019,2614558.8949389993],[4548450.790417426,2614740.3340308163],[4548073.455773041,2614667.077468361],[4548005.630963563,2614762.8531761384],[4547935.247141676,2614731.233904289],[4547668.225637412,2614862.4805662646],[4547620.705270296,2614735.2662178576],[4547500.107329153,2614747.869062388],[4547445.1654522875,2614626.863516697],[4547222.378179873,2614593.796306283],[4547256.14687257,2614500.476803441],[4547099.652903191,2614366.5929471864],[4546373.391980567,2614704.7435049787],[4546080.983966257,2614956.9188875593],[4545933.360576262,2614993.473646322],[4545852.733560816,2615172.2129871426],[4545454.290107092,2615225.7953014825],[4545181.66940653,2615039.9953358057],[4544886.509024871,2615000.9202778586],[4544091.980232691,2615073.9347100463],[4543938.204328706,2614895.967553578],[4543722.60003334,2614828.2515866067],[4543249.641074996,2615045.657806566],[4543035.45427163,2615011.079065782],[4542859.09714598,2614847.025163184],[4542700.4096940085,2614841.2724779807],[4542421.340050992,2614671.989864642],[4542318.538646868,2614737.9144972735],[4541961.882282248,2614709.662493734],[4541591.832913915,2614920.7346914443],[4541270.345976274,2614722.989977434],[4540673.544765335,2614965.9412512705],[4540307.279728839,2614552.2293792297],[4539719.788484377,2614341.364636772],[4539537.092180822,2614439.9477971816],[4538937.882948434,2614504.652444997],[4538239.96915439,2614871.1556163235],[4538186.12669005,2615120.7830559304],[4538287.837981285,2615367.6952492017],[4538172.475030911,2616153.144274005],[4538298.092090974,2616327.5210228423],[4538437.18119505,2616831.4260671847],[4537951.100000468,2616980.6514170524],[4537967.655604103,2617240.820569847],[4537886.342653833,2617259.699228752],[4537676.278160902,2617088.8659926257],[4537039.548845637,2616858.57183153],[4536755.9732296625,2617055.7444129447],[4536851.938103734,2617126.2049636734],[4536841.3036509,2617213.298036766],[4536267.558385464,2617154.1309241476],[4535686.899306467,2617504.934016126],[4535283.727352915,2617876.009960345],[4535176.102899281,2618369.8156820145],[4535062.416886037,2618422.521190035],[4534516.052181477,2618501.3647375708],[4534320.552336128,2618625.655953542],[4533668.087413616,2618789.1864789384],[4532947.405405225,2618727.1115851104],[4532641.256948597,2618890.5779536534],[4532171.633767993,2618788.5697240755],[4531965.148302571,2618603.599161349],[4531765.673808179,2618572.578009803],[4531506.550548855,2618299.6865361053],[4531356.040625543,2617985.6650743415],[4531342.0659032585,2617714.9288546476],[4530973.142890852,2617557.2081892695],[4530791.102713142,2617368.960419585],[4530610.928318403,2617373.646709072],[4530576.268694871,2617453.389233241],[4530306.023408664,2617286.181059628],[4530093.369431047,2617456.5712469853],[4530074.040154299,2617682.838275271],[4529930.2565603005,2617953.20965424],[4529527.578099454,2618078.5109692505],[4529347.640653863,2618324.791759043],[4529336.423533514,2618552.364536913],[4529134.28583495,2618640.160566877],[4529062.856395624,2618897.987969384],[4528856.307269602,2618858.6195111126],[4528632.549218427,2618987.0858366117],[4528428.119109206,2618951.211898155],[4527970.313167572,2619038.11978486],[4527430.7643748745,2619318.8342301073],[4527591.734383751,2619621.162276666],[4527631.0734613035,2620581.3820919706],[4527435.393589842,2621384.1178368125],[4527475.600254634,2621774.0055336687],[4527282.944203453,2622116.589965601],[4527225.496210733,2622590.3766762326],[4527587.803883106,2623131.5313699977],[4527679.853198203,2623679.1667265533],[4527668.545595084,2624335.212981761],[4527777.502415457,2624445.068983457],[4528190.756653178,2624548.964673116],[4529006.488335073,2624333.7409775825],[4529296.712014971,2624352.1565222507],[4529613.633603513,2624506.273279885],[4529772.3602603795,2624785.8602211913],[4529688.734385154,2625214.165844495],[4528866.006464589,2626379.648676577],[4528847.37592846,2626625.3390918993],[4529115.183077681,2627857.8619808466],[4529041.655117737,2628365.6377136162],[4529264.58015905,2628701.091726474],[4529662.291194696,2628874.8110395814],[4530054.865123797,2628685.721803431],[4530561.119114394,2628673.56506225],[4530754.555288014,2628779.8772534523],[4531308.564385649,2629353.6338504246],[4531714.657529478,2629442.515072002],[4532042.682136762,2629717.3587790243],[4532601.192350843,2629681.9104963],[4533435.746508339,2629993.9363976945],[4534226.029677294,2630047.954925278],[4534588.055126569,2630301.3050547615],[4535112.685069847,2630389.834401275],[4535401.671089107,2630530.7589965668],[4535583.125284327,2630456.6616819883],[4535644.312092618,2630233.8648420377],[4535797.826892578,2630240.707152174],[4535813.514168483,2629877.9228600347],[4536046.99336419,2629759.9658608893],[4537002.6171362875,2629918.2249992094],[4537664.057947997,2629732.0996261653],[4538353.2231019735,2629883.8144829078],[4538598.384628136,2630016.9729924854],[4539660.488882962,2631157.677933017],[4540272.930651603,2631214.1952667],[4541091.288410199,2631487.8775837393]],[[4581516.868755625,2615745.710694315],[4581180.403266609,2623272.6181818447],[4579675.481915848,2623204.861406792],[4579094.7294542305,2623608.100780793],[4578205.796852174,2623139.4965066845],[4576681.291986126,2624227.9935835577],[4576117.367381368,2624372.1607508347],[4575347.481739482,2624918.1734290784],[4574510.502922609,2625873.3954413435],[4574200.764090212,2625881.5404591397],[4574019.074802908,2625983.250317233],[4573222.76444772,2625462.706664457],[4572139.865081656,2625502.115011202],[4571660.45791338,2625855.6613895083],[4571003.176256778,2626802.7326329807],[4569786.985427848,2627271.898806216],[4568084.646688343,2627684.662398369],[4567626.74769577,2627664.086894573],[4567421.919644304,2626724.3674119413],[4567568.57366279,2626399.9996605595],[4566017.8918344285,2626211.9112929455],[4566037.743661799,2625754.113847625],[4564953.2155713355,2625047.0405221414],[4565129.446202349,2624040.037542929],[4566136.948881691,2623465.1485944423],[4566179.373637489,2622598.338484319],[4567088.11109755,2622639.1236625873],[4567286.542858376,2621892.1643538987],[4568703.718017496,2621718.6158127114],[4569294.233420959,2621902.56259096],[4570059.525239049,2621789.419704417],[4571269.345569176,2620800.280926621],[4572842.695855032,2620719.75287795],[4573382.21311968,2619984.090218443],[4574268.313279884,2619806.006147914],[4576287.809602314,2620578.825767297],[4576516.825862177,2615457.395185298],[4581516.868755625,2615745.710694315]]]}},{"type":"Feature","properties":{"flugjahr":"2009","gebiet":"Tirol"},"geometry":{"type":"MultiPolygon","coordinates":[[[[4507081.078491105,2622610.3040343304],[4507104.259580757,2622598.3491162444],[4507112.10808434,2622593.0783868115],[4507081.078491105,2622610.3040343304]]],[[[4494053.93958978,2643528.8114291327],[4493751.0667365445,2643688.784831562],[4493208.258291309,2643684.44140073],[4492974.393697866,2643794.4388999897],[4492081.5718324715,2643873.0238000243],[4491904.937094717,2643489.2948793895],[4491515.967803266,2642980.299454243],[4491119.922947887,2642720.7292800825],[4490782.558631304,2642676.754003814],[4490594.624203893,2642323.3228007136],[4490398.671540707,2642167.4717688602],[4489847.665177719,2642161.2033602316],[4489620.070279115,2642325.1340994276],[4488690.436783766,2643509.4607468513],[4488556.3545494545,2643987.748797123],[4488091.370625112,2644512.397850763],[4488072.147942953,2644746.9021157636],[4488162.589143407,2645039.176937743],[4487716.71410033,2645409.802592677],[4487562.257645302,2645684.136557353],[4487241.599998909,2645779.5671761455],[4486918.501806815,2645727.181394657],[4486449.091060987,2645931.422524762],[4486040.958543793,2645707.211004777],[4485734.267575067,2645692.4348848886],[4485342.814871739,2645993.1358988313],[4484449.9472779,2646351.757422814],[4484096.970035042,2646618.269357265],[4484014.011598127,2646851.076991491],[4484058.549526907,2647090.580449336],[4484324.354146747,2647419.497937899],[4484729.356362006,2647573.6113662766],[4485125.558898991,2648543.8501816844],[4485354.411366591,2648937.3112447383],[4485713.599573653,2649267.208648212],[4485742.30231171,2649470.972569377],[4485350.384572246,2650064.661686601],[4485174.173243221,2650498.8614700767],[4484879.704579015,2650602.586944709],[4484678.638245459,2650780.0783429034],[4484346.434654182,2650838.9888478443],[4484010.5128104575,2651080.1476608263],[4483546.624946755,2651218.5813722108],[4483267.278103629,2651716.129038591],[4482919.99498345,2652110.5374291297],[4482854.509937337,2652516.8996966914],[4482946.522821945,2652712.493508506],[4483189.39953337,2652896.3250757083],[4483157.907667624,2653395.9906674456],[4483269.513251584,2654042.329785224],[4483039.771233363,2654259.825662174],[4482726.000059943,2654365.6060535293],[4482543.455101849,2654601.7072903668],[4482514.081021765,2654856.6100812033],[4482647.676261006,2655193.674069424],[4482579.579796286,2655637.1278231516],[4482385.996023563,2655914.401828902],[4482322.0763114,2656434.423268913],[4482006.374418043,2656819.070933027],[4481962.893758557,2657166.9459004393],[4482219.404170242,2657831.361276893],[4482482.656560761,2658188.4704187955],[4482894.854356955,2658544.1742193466],[4483415.496218398,2658833.375242829],[4483685.665055209,2659259.5510768937],[4484174.79165907,2659613.063969076],[4484386.535450632,2659640.9199924977],[4484942.079062446,2659517.3317088685],[4485647.981141247,2659181.6522596143],[4485985.39594739,2659447.8354090364],[4486421.334188813,2659561.5352984257],[4486710.352458096,2659774.936322826],[4487351.491063476,2659782.6943473807],[4487636.999076944,2659916.1575657623],[4488384.068036741,2660028.560896121],[4488758.998353032,2660788.858869848],[4488811.8224113975,2661378.0751065807],[4489075.630517537,2661777.085827735],[4489099.879757961,2662181.2407194185],[4488985.041986172,2662766.824195853],[4489170.114768856,2663416.8700652206],[4490017.932376102,2663785.1964409435],[4490411.782303548,2664115.6496646116],[4490751.432265436,2664269.0225176],[4490866.841447571,2664494.477398681],[4491314.217224292,2664310.3825739147],[4492875.5479797125,2664752.6403961736],[4494506.501453691,2667006.425050762],[4494872.599997109,2667249.9740414834],[4496332.826215082,2667126.699673146],[4496615.5222899355,2666629.5876807095],[4496571.266908328,2666384.285746943],[4496644.534195133,2666226.5469438797],[4496933.058270206,2665936.2094653426],[4497090.347678202,2665617.534831164],[4497437.631954473,2665498.3029262344],[4497897.719016259,2665492.2876880043],[4498106.864394769,2665355.6043073186],[4501779.900510455,2664540.973555649],[4502334.630260525,2664809.2302485853],[4502697.370174652,2664715.376268413],[4502872.388980758,2664618.1442907243],[4503237.165818169,2663899.779955601],[4503832.747934423,2663649.4151572995],[4503890.635688854,2663191.377329298],[4503997.552591464,2663008.507014301],[4504358.083261769,2662959.0306879412],[4504753.317491939,2662541.8014902947],[4505017.692361001,2662429.359639477],[4505160.095027832,2662484.8437060197],[4505429.050522441,2662423.505683442],[4505763.116125048,2662119.5257085143],[4506522.334611386,2662083.645207067],[4506754.234365261,2661844.3317477205],[4507375.318082654,2661573.011369533],[4507853.788487328,2661729.5568426456],[4508331.024406246,2661749.300176154],[4508691.276385879,2661260.6357693933],[4509219.466351634,2661035.057795914],[4509504.2227415955,2661006.2125466736],[4509831.331510447,2661121.018327307],[4510233.282884238,2661337.6864039004],[4510050.424606213,2661868.8863452114],[4509874.376114138,2662025.4825897543],[4509711.566844207,2662585.306512242],[4509472.196324895,2662852.6585827474],[4509477.745442355,2663011.7246780396],[4509380.995343065,2663124.3950668606],[4509437.927837935,2663280.625675881],[4509287.264447272,2663649.1752063725],[4508807.54677245,2664729.444259932],[4508523.908041585,2665151.0856653675],[4508224.437214819,2666157.6667600395],[4507583.048672762,2667638.1381106256],[4507435.293153202,2667789.909104257],[4507069.625927429,2668964.59467546],[4506959.721798472,2669213.8584112185],[4506855.771140287,2669232.847164708],[4506673.63475274,2669834.2924841344],[4506519.080417005,2670003.548827426],[4506511.538559212,2670365.601541085],[4505666.628205574,2672402.4314827747],[4505666.7728530085,2672626.8831386445],[4505241.97816416,2673393.6603449127],[4505345.3835500805,2673544.8018479953],[4505751.67978068,2673794.6174734095],[4506454.059859448,2673411.0057406193],[4507023.626347175,2673364.730088537],[4507766.599720355,2673689.695290948],[4508114.61307909,2673731.2273506406],[4508651.894106554,2674344.238050464],[4509334.946866997,2674070.3760084603],[4509447.256045806,2674742.6910285447],[4510048.120995433,2674604.2889142046],[4510558.355080882,2674626.0042798244],[4511627.953888798,2674122.058583702],[4512351.8255257625,2674039.7059776536],[4512686.058563141,2673496.158080533],[4512882.718126952,2672615.4617436044],[4514221.505675771,2671686.250660757],[4514806.809620715,2671566.0021190145],[4515328.083747351,2672231.4768649936],[4515807.797497731,2672534.9304151447],[4516768.038539304,2672097.689565994],[4517426.372355404,2672152.37185782],[4517809.4256738555,2671365.8721106416],[4518163.93128425,2671423.2136368966],[4518276.665675186,2671319.7627375387],[4518262.422573146,2671174.4718422834],[4518486.297816399,2670608.3310622755],[4518714.511288404,2670266.6434612647],[4518682.508118936,2670119.6277100425],[4519692.374643372,2667803.4656657525],[4523266.98919031,2658821.8941099267],[4522780.495771238,2658907.594826271],[4521589.752778239,2660747.693124772],[4521123.26671512,2660763.5183942523],[4520928.630600011,2660203.0161360404],[4521177.435841578,2659572.430952114],[4521058.986099523,2658301.820397213],[4521445.697983136,2656885.3436318715],[4520437.267891657,2653906.7447115327],[4519600.924417724,2652375.3312449516],[4518900.304874221,2650836.156805466],[4518532.182696678,2650519.4527385035],[4518209.057163214,2650517.3928692443],[4517830.289980195,2651158.8088939465],[4516121.858352329,2656003.381867781],[4515953.335843292,2657044.398719261],[4516070.92227067,2657750.9005303364],[4516433.6681392295,2658243.9690017425],[4516429.364444637,2658509.0880775643],[4516065.792216855,2658699.9661638346],[4515856.967788794,2658990.0691815754],[4514850.365903607,2658969.51133192],[4513472.329805502,2660988.1484358157],[4513232.201206331,2662495.36752149],[4514013.972115606,2665650.8065440124],[4513858.91017093,2666717.3283235068],[4513577.83215869,2667478.71453639],[4511844.245243668,2669872.288791974],[4511632.816495101,2670497.6651064754],[4511287.54394517,2670848.8948225677],[4510887.273140985,2671629.894401803],[4510009.172555751,2671672.537332589],[4509327.446736307,2671371.2313030786],[4510298.628485697,2670134.521644573],[4510850.397202934,2669590.0560379773],[4511234.085178365,2668625.423102903],[4511842.920695976,2667953.7405801737],[4512593.648019121,2666905.385025137],[4512868.259886867,2664907.548351388],[4512691.468965083,2664415.5458755423],[4511822.237527195,2662876.1270109494],[4511669.938983828,2662445.3041854757],[4512078.084869412,2661511.907475218],[4512257.2466008095,2660789.231819017],[4512285.4737166455,2659475.7980445144],[4512490.822064441,2658756.256600258],[4512450.545497342,2658399.9875162626],[4512301.787150353,2658298.6852862528],[4506953.82216264,2658626.6050779354],[4502866.93705806,2659429.137283377],[4500177.347371727,2659519.0455172206],[4498546.553231284,2659701.972160265],[4497885.518475878,2659318.3115817634],[4497033.812030129,2659047.477269103],[4496981.383717577,2658339.8244734453],[4497176.640427842,2658003.0319243385],[4497955.842456995,2657996.0414277944],[4499205.5371428095,2658167.2448442806],[4500404.513021801,2658105.1236458817],[4503406.986665267,2658183.934210216],[4503974.249151195,2658017.803213396],[4504790.976048481,2656497.0668201293],[4506462.601503156,2656301.82700135],[4509568.261073352,2656372.3912279024],[4512464.433471565,2655783.2254686896],[4514650.141669092,2653722.9666107385],[4515041.358293925,2653017.7933080434],[4514986.676581271,2652163.043299742],[4515092.991798106,2651820.0369286407],[4515904.736935042,2651264.0564731145],[4515961.324623305,2650841.205568742],[4515707.704638379,2650287.8735684305],[4515198.214080426,2650287.0249882336],[4514609.750776743,2650092.6373075647],[4510562.825539412,2649521.1871970473],[4508932.456278743,2649788.2876304947],[4504975.125720057,2649449.0398539277],[4503570.285612474,2648656.6096844445],[4502297.349205132,2648429.1189883803],[4500687.899526889,2648497.680912326],[4499058.371288301,2648693.23456866],[4496676.589709864,2647916.871084922],[4495579.945029075,2647823.454640514],[4494071.355870264,2647980.674726117],[4492863.494347611,2647826.6524619535],[4492704.383090558,2647471.238906374],[4492788.692606461,2647194.947772447],[4495373.890917064,2646223.5875195265],[4496148.223985271,2646061.025423102],[4497136.388784638,2646501.2445578156],[4498770.6940234,2646732.0384498923],[4500547.926075701,2646686.964332856],[4502776.52018956,2647146.3228055066],[4505249.160398247,2647497.3663999634],[4507931.298045909,2648468.7548533473],[4508554.620830851,2648465.7211189456],[4509453.259568923,2648285.4633693914],[4510475.471174337,2647931.0710583716],[4512254.389871909,2647775.2367705787],[4513303.7962883925,2647073.000692879],[4514308.841097534,2647026.57057073],[4515460.296428223,2648005.620429367],[4515941.906358869,2648303.8888683002],[4516292.174172022,2648453.9772120235],[4516985.688032168,2648455.825860142],[4517682.538761387,2648603.9778683614],[4518369.802260952,2648285.6028738846],[4519238.7878573835,2647185.4713165164],[4519499.114874732,2646517.8667462147],[4518816.641594735,2646487.518442445],[4518859.839265811,2645489.337601872],[4516360.312537371,2645378.2485853233],[4516446.684220052,2643381.8854508605],[4512697.336348379,2643215.3731915355],[4512740.481719946,2642217.1929918597],[4510241.5030845525,2642106.314914293],[4510155.180254435,2644102.6698370166],[4508905.470120566,2644047.261575996],[4508862.310878579,2645045.4549831823],[4501363.384964865,2644713.2654918176],[4501406.54159328,2643715.105083903],[4494108.953516521,2643392.3502465216],[4494053.93958978,2643528.8114291327]]]]}},{"type":"Feature","properties":{"flugjahr":"2012","gebiet":"Salzburg"},"geometry":{"type":"Polygon","coordinates":[[[4505751.67978068,2673794.6174734095],[4505345.3835500805,2673544.8018479953],[4504995.061366538,2673032.761388652],[4504519.055540347,2672859.530383126],[4504136.635097371,2672966.4277862012],[4503660.250918472,2673350.780326975],[4503086.98915535,2673974.232843192],[4500376.673421835,2672618.1185668134],[4500335.080709322,2672170.617107402],[4499880.2169427145,2671434.320870611],[4499927.5502780955,2670984.600525773],[4499856.410468064,2670296.7693165587],[4499910.441789745,2670094.1116317315],[4500112.7279584715,2669876.752133512],[4499146.023478661,2669009.6451437837],[4497618.095380122,2668757.7366407104],[4496701.6812582575,2668227.2512845392],[4496505.319870046,2667951.715585551],[4496392.154919233,2667130.6067936188],[4496012.75138518,2667105.618012794],[4494872.599997109,2667249.9740414834],[4494506.501453691,2667006.425050762],[4492875.5479797125,2664752.6403961736],[4491314.217224292,2664310.3825739147],[4490866.841447571,2664494.477398681],[4490347.483543508,2665106.056210936],[4490133.91171849,2665561.8672315627],[4489957.831446818,2665682.569080729],[4489377.619351249,2665815.8029988883],[4489211.016439298,2666027.9802882746],[4488518.083934651,2666025.5520116384],[4487068.891547622,2666567.9242385495],[4486709.378692147,2666445.995974425],[4486548.649323802,2666191.129900833],[4485890.938866373,2665990.516975916],[4485423.463345143,2665484.1337497057],[4484537.211385396,2665083.6114838114],[4483584.510612367,2665157.166453672],[4483589.415604453,2665486.5119292145],[4483002.201701727,2666534.681461946],[4482780.227619939,2666727.6062915027],[4482802.154385452,2667145.9425050085],[4482918.375589244,2667708.8607306005],[4483039.389619864,2667880.7202476896],[4483036.194378768,2668135.609133944],[4482887.584349199,2668672.2312839325],[4482623.72354236,2669142.6335078496],[4481834.460016812,2670037.4718514187],[4481828.131344314,2670940.9476807415],[4481681.434741733,2671624.8531983225],[4481373.876793025,2672103.6553417244],[4480180.887374632,2672676.3302102694],[4480091.277198274,2674530.9233627333],[4479955.443329871,2675046.500358512],[4479568.434165159,2675286.750763393],[4479778.130282724,2675718.2803578004],[4479773.913548354,2675982.773085455],[4479643.619394359,2676540.5293905493],[4479328.292797687,2676998.7885984555],[4479355.072286801,2677339.2779138195],[4479177.491078136,2677638.8807640984],[4479182.207372385,2677795.1784915677],[4479543.196574293,2678278.812631295],[4479544.527366924,2678751.657923093],[4501100.780521937,2679705.875543808],[4500992.490523639,2682201.5597590944],[4508489.94173141,2682534.4922303967],[4508706.567757095,2677543.040976904],[4506207.351813905,2677431.99690305],[4506391.390015812,2673446.45441115],[4505751.67978068,2673794.6174734095]]]}},{"type":"Feature","properties":{"flugjahr":"2009","gebiet":"Tirol"},"geometry":{"type":"Polygon","coordinates":[[[4519670.516758823,2671053.0068921316],[4520626.914209565,2670433.149589333],[4520827.65477582,2670036.8490860634],[4521000.004592804,2669926.9793331064],[4521657.360157625,2669139.9424454477],[4522395.648464577,2668787.816778763],[4523147.760257887,2668730.5080766003],[4523893.788523918,2668029.267419188],[4524331.350265705,2667982.083454895],[4524615.930503626,2667637.531180975],[4524773.867241413,2667562.875137491],[4524735.291608791,2667413.359098643],[4524861.375488055,2667233.2364589404],[4525237.206017028,2667007.7957740226],[4525269.726837481,2666787.139012318],[4525394.536154312,2666620.282315652],[4525935.0981484875,2666170.1828535614],[4526327.010292137,2666065.0462357216],[4527253.722047428,2663361.495258867],[4527540.368615993,2662964.6457367316],[4527727.050702666,2662841.0567041608],[4529091.711141164,2662684.929765552],[4529520.30003009,2662745.669451887],[4530266.503337127,2663123.227562798],[4530824.210042939,2663208.3911315654],[4531034.696063908,2663080.4977374533],[4531443.721907247,2663078.066656537],[4531824.798623168,2662729.7267721966],[4532041.710696926,2662377.473505538],[4531770.918019481,2662272.2550939657],[4531612.83147153,2662031.640418672],[4530847.752836391,2661599.461715108],[4530736.4820759585,2660836.012315946],[4530536.775582421,2660423.8420003634],[4530257.648193877,2660186.23063925],[4529907.538526447,2659436.809164024],[4529419.269208733,2659247.46098198],[4529447.350534176,2658658.361981825],[4529584.595004205,2658450.8958070376],[4529583.3268175535,2658236.291265897],[4529171.110424548,2657667.7355758087],[4528640.457933957,2657305.4734238205],[4528750.262477114,2656929.5083096884],[4529581.431884849,2655904.2008099826],[4529798.070556246,2655458.3101347755],[4530223.614914135,2654214.866124725],[4530215.839991388,2653641.6705133384],[4530631.597720968,2653277.0075646024],[4531319.54027105,2653296.8203106504],[4531559.359667801,2652695.022159622],[4532053.483531472,2652214.4296694132],[4532133.682988465,2652012.3641379355],[4532743.586812775,2651749.881768272],[4532954.176888993,2651519.935184098],[4533431.280492478,2651480.627463455],[4533198.246651458,2650619.2505891672],[4534441.129713928,2649740.5112138437],[4534718.293926095,2649637.437805256],[4535444.070009366,2649701.9247735185],[4535858.743313302,2649453.1975044906],[4536066.936800951,2649492.16163678],[4536287.112670898,2649053.3895594627],[4536546.900067299,2649082.7508504535],[4537465.014659506,2648617.3175517446],[4537579.6371857645,2648341.3488684157],[4537143.186699576,2647560.988708321],[4537108.94086985,2647307.384637879],[4537504.620429088,2646711.9521558695],[4537751.317508812,2646458.90832949],[4537915.235068804,2646465.568245201],[4537877.851455578,2646117.3070111144],[4537971.521264482,2645008.1184087344],[4538126.547472952,2644292.4283724427],[4538101.069138106,2642870.5388781433],[4538649.229230845,2642715.77652119],[4540330.273435965,2641674.4957423992],[4540502.306937669,2641385.0993238995],[4540760.222080203,2641204.9877518485],[4541524.626757346,2641002.5752879446],[4541628.592325974,2640575.428168429],[4542130.234673069,2639958.588184246],[4542025.223751363,2639530.699315415],[4542465.828615085,2639051.0096020307],[4542936.237182572,2638899.188135211],[4543020.376955442,2636956.405737156],[4541883.745107571,2637544.586056459],[4541167.567737031,2637474.9582322063],[4540703.180135247,2637694.8883303115],[4540441.022681393,2638129.29614104],[4540650.996961731,2639321.9394260356],[4540541.061125335,2639615.6920694034],[4539894.376111342,2639781.727899904],[4539426.873888281,2640016.1936079673],[4539243.904546182,2640659.0089947702],[4539692.797960146,2641942.4443561262],[4538602.917599255,2642594.66594342],[4537918.995973679,2641521.2390789017],[4535767.188875784,2641524.766355335],[4533053.064037602,2642199.31196171],[4530913.674388034,2643041.9433630547],[4530213.1630701125,2642635.868322555],[4529410.045860545,2642509.9573108824],[4528402.881386245,2642752.390107629],[4527474.393888853,2643453.6850158945],[4525018.206734847,2645745.644645281],[4522458.758312164,2648306.6328582247],[4519696.359225893,2650121.0267911125],[4519764.974043384,2650619.986726672],[4521587.753373892,2653230.2982554575],[4522915.832857218,2656026.271809808],[4522834.540796715,2657301.0535058854],[4523061.81929535,2657678.8462244645],[4523615.48714062,2657960.816068188],[4526102.5224001305,2651959.623203082],[4526394.699107553,2652357.2582716225],[4526490.290968835,2652357.785557475],[4526722.436286097,2652606.7465583365],[4524416.463425772,2658380.392103784],[4525717.352500208,2659273.811294247],[4525441.536356627,2659443.705457201],[4524130.356892532,2659068.7653439683],[4522285.987288776,2663379.242533104],[4519423.354581869,2670712.0059891003],[4519173.128676742,2671128.0284474962],[4519670.516758823,2671053.0068921316]]]}},{"type":"Feature","properties":{"flugjahr":"2009","gebiet":"K\u00e4rnten"},"geometry":{"type":"Polygon","coordinates":[[[4540467.540850474,2641479.7126850686],[4540330.273435965,2641674.4957423992],[4539687.715947948,2656440.250634416],[4534688.898734231,2656218.844840425],[4534146.613477276,2668713.7380812094],[4534242.309841457,2668760.243480223],[4534743.357876305,2668757.670762535],[4534876.76615034,2668821.002841089],[4535004.239337919,2668744.90287756],[4535059.76397692,2668442.2504773075],[4535287.212962059,2668191.2462532884],[4535548.667521816,2668020.0883228127],[4535900.574872026,2667926.5604487495],[4536161.788784096,2667220.576935971],[4536312.027320778,2667062.583362752],[4537025.5671054,2666976.4233001894],[4537055.365125021,2666909.8011793112],[4537564.788049545,2666975.684494738],[4538064.934290618,2666894.4634797294],[4539976.971801149,2667403.123961375],[4540552.353603867,2667058.1542027066],[4541239.89548436,2667028.9485794324],[4541428.037242924,2667106.397270848],[4541695.294692003,2667071.4563604905],[4542587.649854433,2667173.650697761],[4543983.825429047,2666615.3732657717],[4543923.733544014,2666294.8663169798],[4544142.380506513,2666016.7308468977],[4544461.613347979,2665262.235106184],[4544495.537898218,2664761.0354685867],[4545352.497727789,2664294.8051431007],[4545394.037082741,2663338.52357599],[4545606.4098584205,2662899.2841314664],[4546232.012774156,2662454.201852779],[4546760.421002005,2662348.6188635468],[4547091.926798105,2662443.875240973],[4547586.924749901,2662441.1757465582],[4547805.301576182,2662139.7911394965],[4548822.630970062,2662604.456515696],[4549395.3155434895,2663195.84184397],[4549379.936145698,2663550.5063118665],[4550461.263238383,2663329.1704397593],[4550726.474850356,2663055.2544777524],[4550655.892417345,2662030.441635959],[4550734.257833409,2661968.2521291254],[4551130.2344032405,2661788.8942741607],[4551767.181619757,2661741.8844232247],[4552232.235398048,2661335.674678539],[4552643.345442843,2661186.566768299],[4552790.389888326,2661322.913566908],[4553124.501709941,2661242.617412238],[4553612.82839934,2660803.109835468],[4554514.796651704,2660458.9690967067],[4554571.9676367,2658845.8920035628],[4555203.084700399,2658578.426195964],[4555287.4217519825,2658294.5854301923],[4555614.691681043,2657875.0268498645],[4556749.90202822,2657545.875874158],[4557092.683072078,2657192.5161507158],[4557263.512144354,2657208.6019031596],[4557811.514030638,2657600.377139779],[4557964.0653293915,2657240.543236493],[4558466.755072089,2657260.5291921026],[4559689.972191664,2656610.721294803],[4559703.737731535,2656294.0092151584],[4560312.929838897,2656309.2568050707],[4561005.886948056,2655935.648016878],[4561151.961098992,2655776.7264375836],[4561956.586176148,2655832.919016292],[4562532.921454185,2655519.175797387],[4562837.938574335,2655597.789719187],[4563417.633128905,2655965.7009063913],[4565178.347286111,2656198.865187823],[4565857.889598313,2656173.0583291193],[4566440.245487437,2655922.198070449],[4567501.459525575,2656525.6733774543],[4567761.737570193,2656293.041585303],[4568017.3407814,2656579.5768050067],[4568977.791594892,2657002.7722119666],[4569676.773571712,2657136.8516315892],[4569671.621552863,2657255.368030557],[4570687.868478408,2657648.6456925785],[4571112.163597009,2657601.907108752],[4571396.632510408,2657480.031941658],[4571661.753495725,2657648.407902898],[4572465.6787782535,2657288.501064508],[4572744.195877196,2656900.4980530846],[4572990.7245392855,2656346.2307549636],[4572936.2009430835,2655662.4853027584],[4571019.973827412,2654810.5779773034],[4569813.869669537,2654072.7876545284],[4569878.240601268,2652768.790546141],[4574869.104205734,2652995.621630393],[4575035.041481404,2649400.5832475866],[4575872.521556038,2650022.718087234],[4576143.737108432,2650581.1171374978],[4576470.397969399,2650900.896572878],[4576731.1815513745,2651991.028926487],[4577301.606549425,2652501.0334787993],[4577772.839162592,2652308.674814911],[4578647.740965669,2650847.7033123933],[4578989.492994865,2650506.0000116215],[4578745.728932828,2649959.18510794],[4578099.799069651,2649494.975166289],[4577442.115681944,2648725.170909324],[4577261.509751041,2648104.5057702903],[4580084.08917348,2648229.296154087],[4580384.956893547,2641795.1926868055],[4578926.686891731,2641727.2479275176],[4578146.40901163,2641359.9918538653],[4577390.225763904,2641366.2211324824],[4576770.035098992,2641257.7961357348],[4576097.112488386,2640894.8477044753],[4576075.925459871,2640947.948849947],[4575389.048430357,2640975.0227577705],[4575297.071352226,2643091.634139338],[4570298.138782817,2642869.633509018],[4570081.424985913,2647858.4210455557],[4566331.164430579,2647689.9375343597],[4566024.4514112985,2647079.8470826214],[4565692.776034534,2646839.382866675],[4565119.715752975,2646977.985671442],[4564506.7581707025,2646962.2987004207],[4563855.327148173,2646717.960194555],[4562018.435065171,2647496.27688093],[4561731.470900891,2646684.8778664535],[4561755.721804735,2646510.8777778507],[4561333.932089434,2646083.073418658],[4560171.726097867,2645741.3804654274],[4560188.20402233,2645361.7275654706],[4559575.605894581,2644866.0684126634],[4558904.825624579,2644719.971223725],[4558485.489356248,2644490.857677089],[4558276.1271516895,2645040.6288744863],[4558361.685154362,2645428.7638082486],[4557854.302569127,2645325.6358216214],[4558010.427159238,2645897.795307366],[4557691.737966755,2646304.6278256658],[4557747.655277625,2647223.8901588484],[4555082.128795386,2647095.8085900336],[4555298.213883999,2642114.6195811913],[4540467.540850474,2641479.7126850686]]]}},{"type":"Feature","properties":{"flugjahr":"2017","gebiet":"Ober\u00f6sterreich"},"geometry":{"type":"Polygon","coordinates":[[[4610843.995994941,2746634.1459651208],[4611041.432969787,2742140.182209234],[4610619.500822547,2742390.766240066],[4610776.64698546,2742272.4080947544],[4610309.116575075,2741273.3588819206],[4609983.803064828,2740943.170164214],[4609160.897078183,2741383.5523918066],[4607914.871462422,2740997.2886053403],[4606164.556987781,2740701.667874215],[4605657.601436821,2740502.0760479285],[4604953.837509614,2740858.1391975083],[4604800.111159071,2741026.482678355],[4604473.643665044,2741096.50675142],[4604606.016611986,2740970.7842113003],[4604476.779470963,2740674.148038475],[4604020.481513854,2740253.862408531],[4603751.308483421,2739687.302621821],[4603279.314910852,2739182.1212766264],[4603007.208123106,2739070.2812791243],[4602846.494232717,2738881.3670246312],[4602775.527586013,2738486.131891974],[4602695.4616468055,2738449.801823573],[4602541.665804715,2737553.2176111606],[4601933.131612761,2737385.120878948],[4601742.037082221,2737239.514415472],[4601622.3474951,2737276.6916644806],[4601726.022037918,2736558.872660933],[4601604.044758149,2736445.2056491403],[4601665.723248947,2736032.998767064],[4601523.730367743,2735943.7503193496],[4600877.931589659,2735827.940173632],[4600667.799245146,2735626.7312223404],[4600150.938653478,2735458.098966214],[4599834.603020395,2735189.9411541666],[4599869.038129265,2735118.003997573],[4599447.486585683,2734880.3424563133],[4599606.166922708,2734288.5143946996],[4599384.741094978,2734225.5295104817],[4599357.964922236,2733885.6704835156],[4599205.346715106,2733643.7846511304],[4599116.308855897,2733029.306983678],[4599162.747274146,2732710.7355570183],[4598897.700845206,2732271.2280815984],[4598890.737535011,2731719.2330427314],[4598412.933500849,2731206.6548738377],[4598348.741389715,2730133.4973700973],[4598538.870329469,2729095.523883406],[4585722.838069433,2728514.9428255083],[4586013.71233524,2729051.2983880285],[4585731.839800875,2729779.6961045163],[4585574.9521146715,2729903.449062592],[4585604.5176553065,2730232.411250128],[4585100.2420346355,2730709.029451396],[4584508.280618406,2730289.700466511],[4584331.84984418,2730277.724311691],[4583983.191804621,2730465.720147458],[4583822.135663101,2730399.50242671],[4583421.452508106,2730417.3372125896],[4583140.270237382,2730685.2978141764],[4582982.337338003,2731083.690563329],[4582969.828908232,2731391.7725825524],[4583301.834253661,2731583.5909030954],[4583413.997804998,2731784.4430882195],[4583345.242952132,2732030.051276655],[4583780.76448602,2732790.9193337313],[4584033.900961978,2733504.5817112355],[4583968.340128785,2734646.33213599],[4584332.86728484,2734989.4561178456],[4584553.1514560245,2735442.409656762],[4584736.767716586,2735574.603591204],[4585147.380699893,2735381.0987875927],[4585570.347464804,2735860.39176549],[4586014.753429012,2735980.584631562],[4586287.807593814,2736236.483776782],[4586358.826943223,2736423.204511599],[4586338.9265150335,2737309.716021529],[4586447.120157424,2737641.994382327],[4586666.344136592,2738007.251588014],[4586973.293254243,2738225.9022710524],[4587042.667314625,2738392.1425752565],[4587210.693837016,2738518.246116996],[4587186.980083642,2738737.1933252867],[4587275.788736206,2739099.6251313887],[4587380.635069946,2739190.6168394056],[4587349.101731947,2739385.163146903],[4587493.108640513,2739785.9926619586],[4587299.129178774,2739751.157792451],[4585944.154280881,2740088.513303709],[4585598.750410769,2739997.2086410737],[4585244.054716868,2740182.9377600094],[4584609.971532715,2740179.1014762744],[4584490.70484949,2740036.195231354],[4584132.679821609,2740031.9068282223],[4583950.583490982,2740138.916598197],[4584137.502781912,2740302.094167337],[4584077.471817554,2740441.534312746],[4583470.066799424,2740565.6842845846],[4582605.81311778,2740443.453738816],[4582362.395638598,2740500.996241842],[4581878.876016131,2740637.9991473486],[4578790.523416579,2742085.879463854],[4578764.284740578,2742201.6194074214],[4578928.359312069,2742685.9055425413],[4578860.849425745,2743018.08976856],[4579101.263758042,2743329.460908142],[4579063.544766977,2743530.9551453996],[4579331.578372415,2744385.1680122246],[4579177.9502867935,2744699.5912542054],[4579210.649078698,2744803.7796988864],[4579190.371816996,2744855.9941619067],[4579242.507596147,2745230.2247703606],[4610843.995994941,2746634.1459651208]]]}},{"type":"Feature","properties":{"flugjahr":"DTM:2019, DSM:2009","gebiet":"Steiermark"},"geometry":{"type":"Polygon","coordinates":[[[4777160.238330748,2667550.601717851],[4776495.4395906795,2676057.639522085],[4779502.177251144,2680475.0220044227],[4779039.139199342,2686354.2289625336],[4776362.979027213,2691379.1114580333],[4775890.826481576,2703694.8377218824],[4774586.256096524,2705999.682888739],[4772927.191055915,2711496.687320945],[4773161.721735117,2711553.4653934357],[4772930.888020592,2714502.95458169],[4773906.160944507,2714614.826150843],[4773839.973209879,2715586.478521824],[4777596.112926201,2715889.8859144566],[4777347.603888538,2718878.9638657095],[4779838.780485509,2719091.9578392208],[4779756.590167139,2720088.366297037],[4784738.817210361,2720515.454462602],[4784656.611487254,2721511.9000815656],[4784854.580258804,2721529.214755761],[4785007.5931677045,2721295.7806655047],[4785421.00890961,2721073.1577455695],[4785508.803332139,2720780.3790983194],[4786011.003271291,2720774.997033093],[4786401.134519129,2720387.854106366],[4786015.06178675,2720144.6066064816],[4784782.1549001625,2719939.9309492917],[4784331.193583222,2719571.7830178635],[4784196.748173479,2719668.3072538036],[4783867.4852775745,2719414.9293028717],[4783581.568986497,2719396.782667058],[4783336.103153325,2719109.1335538314],[4783076.069835405,2719040.9247442237],[4782441.4025993375,2719051.4918918847],[4782234.871179671,2719187.653016846],[4782056.240610133,2719043.143423532],[4781772.857094086,2719135.9404026987],[4781449.812501026,2719049.5003357166],[4781163.674920806,2719101.873995327],[4781076.149387801,2718736.9382225308],[4781147.551059414,2718245.402238584],[4781552.0063136155,2717657.167457128],[4781757.544771708,2717710.6482630563],[4781596.5930472305,2717386.4023771794],[4781783.803361324,2717137.424067717],[4781752.026441101,2716926.08598877],[4781638.816473258,2716859.0577253196],[4781449.463210162,2716969.1719406717],[4781173.360269243,2716623.151538451],[4780760.519634149,2716321.0451873224],[4780388.449075194,2716708.7533513224],[4780004.104025722,2716907.5095232995],[4779884.008509371,2717052.7677722257],[4780300.127669928,2717268.4809080423],[4780395.064414066,2717467.4166998146],[4780234.088369694,2717768.062875107],[4780243.242666254,2717958.12163956],[4780564.858327944,2718119.9061096497],[4780897.034701413,2718157.763900594],[4780771.498118726,2718396.124150302],[4780460.5715759965,2718336.4539672215],[4780239.53147437,2718162.8788901065],[4780050.615347954,2718229.117711256],[4779931.30461498,2718379.1995688123],[4779534.304561643,2717903.4156084163],[4779037.98622573,2717739.9326279773],[4778980.987933632,2717300.021185354],[4778858.516914573,2717089.8534575473],[4778701.630137113,2716993.912480251],[4778699.882293459,2716693.403708727],[4778605.638831185,2716589.808934387],[4778551.777717191,2716242.0457277535],[4778607.610178729,2716128.9436575146],[4778685.438661163,2716147.6002187273],[4778747.130821377,2715844.019536554],[4778617.8008046895,2715566.9708319604],[4778240.726406344,2715407.667099954],[4778178.90695142,2715470.572770998],[4777883.763403575,2715396.5776193086],[4777680.767947231,2715239.874885763],[4777018.381487103,2715150.146787068],[4776124.271597379,2714730.715878291],[4776403.990630833,2714268.7023147824],[4776482.322265739,2713968.6617881563],[4775158.856779591,2713415.5396615304],[4775104.715067384,2713291.1713273833],[4775579.120549907,2712975.108715647],[4775579.746505744,2712741.9844952924],[4775691.276368003,2712729.055549776],[4775830.241257761,2712921.599960917],[4776071.301743382,2712658.325561319],[4776015.271395406,2712541.712085572],[4776065.908587531,2712498.405560411],[4776189.580560892,2712578.0954658515],[4776191.261663982,2712413.472953027],[4776086.391105324,2712451.8857125514],[4776064.741759832,2712346.0919054905],[4776177.8197512245,2712184.372686543],[4776238.305295675,2712290.722200836],[4776397.748697587,2712108.124131756],[4776398.311393059,2711995.173371302],[4776503.070705724,2712180.4756662543],[4776631.156480239,2712222.3571620365],[4776574.324675955,2711740.338280185],[4776662.4607719835,2711585.7078492045],[4776784.109074348,2711727.5532279266],[4776853.187372688,2711639.560415933],[4776797.807579876,2711499.202485415],[4776633.518312676,2711516.9672532915],[4776629.683922856,2711371.8307795282],[4776706.758509093,2711343.2390552727],[4776773.976179837,2711422.8015775206],[4776828.863052421,2711345.312473788],[4776963.995509869,2711353.579317906],[4776721.359098233,2711188.6720397626],[4776953.725330758,2710965.8732565325],[4776920.587373884,2710878.7313540326],[4776812.92948706,2710873.8188927346],[4776948.426988906,2710744.7238509767],[4777247.997725335,2710840.7610575203],[4777299.672200894,2710769.0787373083],[4777362.890902631,2710879.84661999],[4777433.712792444,2710835.3094840087],[4777501.430898645,2710616.549680689],[4777380.764139494,2710380.997580103],[4777630.782378947,2710161.832069701],[4777710.461491341,2709975.8356752195],[4777853.456053848,2710031.516305498],[4777894.510265099,2709905.7816410833],[4778004.097351654,2709919.9028478945],[4778101.990008178,2709782.0812120466],[4778115.629857794,2709622.7565488014],[4778012.853169802,2709759.195094848],[4777952.902111932,2709699.917036513],[4777978.728676121,2709528.1225546254],[4777855.622954657,2709515.58338091],[4778027.917101274,2709477.711057983],[4777881.037012811,2709082.066163114],[4778019.694121043,2709036.130151563],[4777989.6267014835,2708910.808132332],[4778072.256976951,2708892.0949783623],[4778004.090411532,2708777.8991170092],[4778101.39610841,2708876.8293448733],[4778207.794621977,2708776.587488874],[4778191.764465369,2708681.5466185557],[4778317.3797563845,2708663.9461790835],[4778356.564074023,2708539.7287415434],[4778167.857331602,2708450.913763577],[4778192.141408829,2708267.9887538073],[4778280.974313546,2708258.4573618015],[4778295.227131717,2708334.639915094],[4778309.734273397,2708242.919293355],[4778436.965689621,2708227.3760179756],[4778129.11420236,2708148.709948918],[4778267.989579684,2708104.9552626223],[4778220.724714895,2707940.2633705554],[4778398.84151641,2708082.547648626],[4778486.692344889,2707843.3488008818],[4778616.672697016,2707868.463711227],[4778549.842027033,2707982.210074613],[4778629.754490078,2708037.975167487],[4778712.608416923,2707907.729550615],[4778897.757203448,2707831.2072203327],[4778977.514523838,2707576.2414496485],[4778828.292020188,2707545.535353403],[4778866.205170233,2707241.557484567],[4778975.681287298,2707208.057730942],[4778867.202124471,2707157.0979226325],[4778944.198071779,2706995.627364366],[4778862.633453162,2706867.307862364],[4779174.626299527,2706689.8528296975],[4779123.645485849,2706632.763079593],[4779228.787512406,2706645.230513658],[4779086.690435254,2706547.0826487495],[4779263.738665882,2706442.847970461],[4779083.734302253,2706387.9434813485],[4779168.237275482,2706291.805248879],[4779060.819465853,2706310.748988288],[4779149.925932424,2706216.5903377365],[4779094.274219827,2706015.9191153664],[4779286.815711344,2706063.5882927976],[4779192.1786984755,2705983.890407564],[4779270.773925433,2705891.2113007493],[4779085.946626221,2705800.154145142],[4779026.584035127,2705649.7574230987],[4779220.260186741,2705662.7174062217],[4779327.291816977,2705591.576362186],[4779209.277232397,2705512.8292287216],[4779383.461748565,2705445.668223147],[4779381.051616337,2705546.4696779265],[4779475.9322542185,2705566.4971658387],[4779447.3808433125,2705474.595348873],[4779518.470934552,2705411.6369363684],[4779412.810006507,2705313.1985645127],[4779548.872424917,2705338.826254796],[4779648.706029135,2705158.418016751],[4779552.766008044,2705131.5575625217],[4779617.367533892,2705026.406301111],[4779478.228224941,2704973.6162713324],[4779573.981363875,2704716.999774744],[4779441.183541455,2704652.852992613],[4779543.883157087,2704562.9926815536],[4779561.36229875,2704652.148643091],[4779703.813509241,2704617.200223785],[4779622.401098742,2704448.5688193124],[4779742.114667248,2704378.424498827],[4779643.041442195,2704292.27073245],[4779734.3676740825,2704348.7454787777],[4779935.772882523,2704008.943089011],[4780078.26303878,2704028.161365946],[4780176.261440968,2703742.9879280194],[4780415.019519241,2703563.9616619176],[4780437.493534559,2703325.594363327],[4780373.950287492,2703284.5511299525],[4780547.114020932,2703217.643419845],[4780389.35623948,2703164.8270613495],[4780524.963442544,2703065.337945595],[4780569.046133523,2703161.091276262],[4780644.574411397,2703148.3766650464],[4780653.457116063,2702906.9838392707],[4780719.876109528,2702883.086031879],[4780666.8662266685,2702845.246978981],[4780738.958376547,2702797.1108681383],[4780643.630792482,2702804.5671836585],[4780620.627442227,2702668.352069935],[4780737.405299008,2702707.252065369],[4780639.708824117,2702559.870466462],[4780830.834250633,2702519.695058866],[4780850.509911856,2702407.33695206],[4780985.312975025,2702374.379755951],[4781025.746976078,2702268.183709185],[4780938.647038244,2702210.2879690337],[4780901.153001838,2702312.5005479283],[4780857.158891351,2702250.058480415],[4781105.107909433,2702022.2897340325],[4780971.927871388,2702045.717347089],[4781031.675924065,2701941.7964395517],[4780943.669375807,2701852.351518264],[4781025.242263769,2701805.5118774334],[4780890.297934191,2701867.399606316],[4780779.457517697,2701797.1916226014],[4780942.99093849,2701763.948811375],[4780861.653467081,2701670.458831134],[4781015.844381654,2701501.6411776203],[4781018.697287687,2701423.671518229],[4780956.244200927,2701425.9841647977],[4781003.0383062,2701331.093925855],[4781124.118645427,2701327.5762453475],[4781172.432187696,2701224.4077204554],[4781078.701471899,2701188.494343403],[4781167.033848911,2701135.186591886],[4781217.501870027,2701207.1926905205],[4781260.308985518,2701131.086147225],[4781104.953638684,2701075.0301428232],[4781219.98289119,2700996.6945662326],[4781088.600004639,2700901.019036111],[4781219.943805018,2700884.844602441],[4781232.738282065,2700966.5809092643],[4781270.027301178,2700879.4271663507],[4781317.295021864,2700907.84345768],[4781254.939639858,2700795.6889021173],[4781445.432032546,2700818.9810054544],[4781269.328619134,2700658.846178335],[4781326.7605714025,2700596.645066365],[4781242.025781726,2700583.5753051746],[4781257.398161972,2700501.079592851],[4781500.0500884,2700589.177321014],[4781511.087515251,2700500.0099606374],[4781410.253471668,2700433.6789007713],[4781495.671830924,2700424.823613702],[4781426.076913847,2700278.5594564416],[4781518.999001515,2700307.6410782957],[4781495.018030035,2700151.9959662617],[4781631.468488705,2700123.358293444],[4781552.671903969,2699965.0704255304],[4781660.970142496,2699998.0272963447],[4781711.529326646,2699923.0604884345],[4781641.303230118,2699838.268507622],[4781606.641995893,2699895.9338399153],[4781605.491615113,2699770.458653824],[4781519.460061423,2699777.0325597227],[4781622.718255905,2699718.9668497597],[4781507.344091754,2699717.962815573],[4781568.80330905,2699449.884188952],[4781454.936680334,2699462.6545537445],[4781459.953632045,2699295.5874191616],[4781532.771053065,2699249.605597627],[4781428.511103453,2699173.249251293],[4781564.537516547,2699081.0753433937],[4781473.745566518,2699105.4823444467],[4781402.650646061,2699014.3256678944],[4781534.80209074,2698981.3678564588],[4781537.346579533,2699060.979360954],[4781658.534395683,2698930.5830664164],[4781531.26063432,2698890.5339809693],[4781592.387503236,2698780.7027891115],[4781505.379919711,2698716.1068346156],[4781594.01827169,2698693.4618961434],[4781604.511020741,2698480.779803756],[4781470.68457725,2698520.3869424257],[4781443.120035365,2698413.1293682316],[4781396.281430643,2698496.2607271643],[4781284.363293567,2698477.412510774],[4781380.046773352,2698293.1207092134],[4781244.157402698,2698220.047511881],[4781180.251255957,2698041.7841270138],[4781269.128813658,2698039.266426884],[4781288.929645462,2698170.0800758745],[4781408.135555794,2698153.5624755844],[4781369.3798653,2697992.5316732535],[4781514.83776162,2698003.805513129],[4781505.144404296,2697913.4384095306],[4781627.053090868,2697916.0146655664],[4781545.422003808,2697767.4186315173],[4781481.977276801,2697802.7747698524],[4781521.070908258,2697673.098495727],[4781685.827987758,2697676.281233476],[4781553.403367481,2697546.7668643985],[4781727.777930955,2697526.070392415],[4781660.85351359,2697436.30473995],[4781589.612173773,2697473.8130692597],[4781742.076350764,2697302.7190016164],[4781696.460009693,2697179.9115365474],[4781948.710440215,2697222.323878275],[4781737.320432376,2697006.171391688],[4781891.7778053135,2696744.580422089],[4781789.914312413,2696435.0779359443],[4781991.319827866,2696241.123995618],[4782031.86663871,2696397.221495921],[4782102.056727415,2696241.762090409],[4782210.916515224,2696259.9569857917],[4782171.627107504,2696152.8571454897],[4782262.3047183845,2695975.3345728144],[4782154.480939311,2696010.630978341],[4782118.240430869,2695932.133126258],[4782183.638922977,2695787.8506390965],[4782236.047694165,2695825.444883548],[4782292.764833769,2695746.7761823563],[4782331.808393784,2695805.3887733],[4782450.78805644,2695671.851536455],[4782220.085876797,2695574.961661081],[4782368.24339233,2695405.8056906494],[4782315.659884321,2695336.8812752403],[4782428.9167218,2695298.0365940575],[4782424.355818749,2695221.1726554506],[4782276.966770619,2695238.052089963],[4782296.809344263,2695169.266543597],[4782344.031924996,2695075.2925137766],[4782549.250031567,2695146.8809902905],[4782592.508839995,2694952.310823621],[4782718.027540267,2694927.494734148],[4782643.033843009,2694864.3569218544],[4782473.927551382,2694909.972539447],[4782493.911267752,2694823.2266457574],[4782733.207048363,2694860.566122946],[4782805.81704378,2694789.2722996166],[4782681.138338225,2694694.078172313],[4782726.485744355,2694569.4003286273],[4782888.653942573,2694529.473904905],[4782910.589354807,2694393.140933266],[4782820.125900019,2694415.345990481],[4782823.384558703,2694337.26347889],[4782984.172530793,2694290.627242933],[4783018.474595404,2694138.3449315834],[4783146.123690938,2694101.058259033],[4783032.118909464,2694027.0267844107],[4782983.701261124,2694098.9464577488],[4782989.0961968945,2693947.3005040614],[4783107.412657996,2694014.1156367534],[4783357.36911741,2693793.392546323],[4783263.9507221915,2693622.9598318227],[4783288.733707519,2693440.507407315],[4783359.094433131,2693352.495403422],[4783540.028012677,2693350.895006763],[4783514.294024554,2693113.6105927136],[4783698.193603209,2692967.549278393],[4783647.577223328,2692769.5514464383],[4783795.289884115,2692807.1998583344],[4783823.150241455,2692740.1644191965],[4783731.198789223,2692666.993120986],[4783604.920108847,2692690.935466379],[4783808.860316201,2692170.1094946614],[4783704.459067997,2692127.2357776286],[4783918.663117284,2692067.696377191],[4783914.820932179,2692004.1798761464],[4783755.434930077,2691999.351872378],[4784043.543513693,2691855.3487846456],[4783933.28477483,2691809.4038040116],[4784010.390814226,2691714.4173825546],[4783961.712982453,2691630.858741916],[4784147.349115102,2691608.1752089136],[4784049.40748278,2691499.21359169],[4784163.745080599,2691442.9945648564],[4784106.651235978,2691296.3980062213],[4784237.99641013,2691284.763414474],[4784231.862164905,2691124.045814529],[4784349.552683673,2691106.4028700013],[4784196.384380631,2690671.564761226],[4784256.553825313,2690600.240622541],[4784192.208786222,2690558.371957726],[4784358.331870064,2690505.7078091376],[4784254.964234874,2690466.599079467],[4784259.265406242,2690378.18045711],[4784344.599790134,2690414.0800514687],[4784395.015329022,2690315.550613329],[4784280.911890714,2690162.2635235386],[4784495.794777889,2689999.804216067],[4784516.552272872,2689773.0290199597],[4784396.094848539,2689754.727467156],[4784574.088524215,2689594.6931999004],[4784505.574987413,2689490.965744241],[4784624.601408966,2689398.019830704],[4784574.250931032,2689233.13377319],[4784745.268585359,2689192.4170763907],[4784515.760627958,2689060.7215982564],[4784578.8774413,2688964.355664591],[4784475.603108921,2688978.6592895305],[4784436.160680205,2688844.6961635],[4784616.617684638,2688807.288128756],[4784531.871446169,2688732.1664684108],[4784665.63454367,2688621.789034914],[4784557.885684614,2688467.6134563587],[4784565.585448569,2688192.0173318516],[4784702.780457685,2688007.274462248],[4784653.166255424,2687804.771352027],[4784404.196836749,2687526.430510738],[4784307.1732913535,2687255.2024569847],[4784248.5812864015,2686563.681910459],[4784171.491247587,2686539.1247546175],[4784344.337882906,2686335.4560945826],[4784208.672125783,2686317.1942854407],[4784269.374701774,2686141.6438683462],[4784187.928430198,2686221.3644831134],[4784180.241490304,2686107.7284769057],[4784066.624674137,2686101.979186091],[4784086.419192905,2685950.3900719658],[4784013.533908022,2685889.8213519803],[4784126.266929951,2685826.7044462347],[4784062.578910895,2685769.732250804],[4784019.353196325,2685872.7505366583],[4783919.040454273,2685800.363108819],[4783912.219524826,2685587.971009532],[4783369.748096723,2685635.7156619607],[4783347.468574967,2685499.1199073694],[4783427.0712758945,2685378.005160339],[4783335.659851819,2685312.6618429003],[4783461.832762929,2685243.852837038],[4783387.745959629,2685161.651398947],[4783273.349873821,2685225.2070395807],[4783221.996696382,2685171.0274420916],[4783334.023895028,2684856.3365284503],[4783198.951099915,2684819.1251338683],[4783211.926072344,2684667.4693853683],[4783314.304634049,2684640.8106349586],[4783222.337955759,2684564.967817457],[4783289.169675964,2684420.507767454],[4783195.739586209,2684254.432253884],[4783310.081247573,2684045.5479621314],[4783279.270483693,2683967.6633328805],[4783170.054388524,2683973.3724763542],[4783293.908242811,2683760.7847157563],[4783448.553827273,2683686.4484086293],[4783372.437497372,2683569.632638287],[4783472.983481083,2683479.6523458017],[4783344.083676243,2683316.3939451547],[4783326.943611862,2683120.9730162276],[4782941.715392212,2682763.5016813446],[4782976.417510564,2682581.0765674836],[4783212.615139638,2682352.5315211057],[4783281.735756502,2682167.707212623],[4783209.204047906,2681987.833815869],[4783089.24406355,2681956.7277755095],[4783198.07549051,2681870.1901588617],[4783096.562803075,2681562.279484099],[4783175.026106268,2681459.7819516803],[4783270.33594816,2681547.011808021],[4783274.784299108,2681438.455862792],[4783134.832719693,2681400.9027989767],[4783062.921717077,2681278.250334611],[4783249.158438653,2681046.0374667076],[4783416.922455062,2681029.6175135802],[4783471.760591611,2680864.133445034],[4783362.433120378,2680805.991997341],[4783590.973567113,2680761.6437291875],[4783548.650793474,2680695.138584309],[4783653.373175995,2680611.5154596907],[4783608.640270222,2680521.1472854447],[4783805.71777342,2680262.7419910617],[4783810.515369557,2680020.635293207],[4783920.8834976675,2680035.0337025323],[4783942.774161546,2679933.8121958384],[4784129.344124907,2679840.962167571],[4783999.013086724,2679794.997869858],[4783990.761258436,2679645.327786469],[4784091.185341448,2679581.30416781],[4784557.627355358,2679901.499768533],[4785160.641709471,2678618.418300257],[4785377.761695343,2678766.695755696],[4785436.326385648,2678650.527917881],[4785273.131239764,2678634.0845000604],[4785319.681775363,2678516.687744039],[4785416.0566262435,2678595.2568287994],[4785529.182319992,2678529.9700854956],[4785605.886321158,2678657.4926692727],[4785607.983046562,2678491.4541812926],[4785730.678584311,2678468.222998945],[4785779.832095897,2678291.3019973286],[4785941.783618755,2678228.388180245],[4785967.864555727,2677910.4644734785],[4785829.855900894,2677974.202495384],[4785886.479948121,2677859.8252313533],[4785742.22129882,2677818.7143979548],[4785760.639358473,2677734.7887357445],[4786032.3840657,2677695.449955384],[4785663.878553279,2677549.836081962],[4785635.419083843,2677498.2993336455],[4785823.933169632,2677310.0191081525],[4785517.920888624,2677140.0147535587],[4785643.925676231,2676901.793233926],[4785560.287449709,2676871.8627124797],[4785583.937071314,2676784.1538132536],[4785889.100110317,2676873.551313366],[4786086.3257407425,2676692.301441125],[4785983.938876748,2676504.977492355],[4785858.807042136,2676611.613376817],[4785681.94001722,2676575.943437936],[4785639.904566591,2676655.3672124073],[4785562.714824308,2676511.3557323553],[4785881.166722436,2676380.9089170247],[4786032.328709921,2676463.639525239],[4786159.437666961,2676191.492942331],[4786338.956090411,2676293.8860144187],[4786342.54266346,2676122.3844127404],[4786216.576700679,2676036.973994866],[4786345.956103838,2675934.6464040065],[4786111.286191318,2676039.4429404656],[4786042.822346678,2675964.8824766455],[4786167.369220044,2675786.4047404416],[4786308.14615923,2675819.9395484384],[4786366.635602893,2675698.714701287],[4786467.297631143,2675759.1061963914],[4786447.901039133,2675505.157282926],[4786543.661976354,2675507.0904562697],[4786468.575581003,2675370.974857438],[4786719.790282922,2675175.2407237496],[4786863.736025759,2675192.911559978],[4786974.08223037,2675027.9806375103],[4787072.79080186,2675063.68338629],[4786914.72065911,2674760.3736842903],[4786974.456381224,2674649.9331587898],[4787113.246460243,2674564.523202817],[4787422.238537558,2674581.465708972],[4787500.522840689,2674437.8388483264],[4787594.711014091,2674490.8369838013],[4787700.499163353,2674399.31890055],[4787492.428419815,2674146.0974253793],[4787346.359246631,2674141.051840378],[4787681.306295892,2673884.3203243376],[4787705.640776256,2673750.5488489415],[4787609.51833033,2673659.344325898],[4787898.429608003,2673729.1992986207],[4787995.463971631,2673416.1446407894],[4787892.555821157,2673327.0707598026],[4788051.74219019,2673355.577233217],[4788097.941900495,2673222.877317724],[4788039.809698515,2673162.594883796],[4788158.247304919,2673163.1068459298],[4788161.921355524,2673360.067886409],[4788278.530561401,2673516.229787812],[4788430.960758051,2673516.9341143947],[4788431.316304033,2673335.635812804],[4788277.787651732,2673304.840854375],[4788539.81820792,2673214.3275397574],[4788403.327457376,2673042.128090154],[4788426.20982273,2672967.7291319794],[4788527.163702651,2673058.1827559895],[4788622.620213156,2672947.316436525],[4788414.767172733,2672847.4141768087],[4788479.277677376,2672762.181132028],[4788584.528127311,2672777.9799457383],[4788548.694645724,2672637.2786780633],[4788740.511036288,2672781.1053441926],[4788841.686879379,2672709.865552978],[4788741.8813430695,2672544.337430015],[4788876.470741177,2672606.518766525],[4788902.496234684,2672764.208300908],[4789019.469268583,2672640.3260659887],[4788956.065979286,2672466.7062580236],[4788618.737189508,2672496.197553004],[4788374.897839996,2672609.7050409354],[4788140.41802174,2672516.1532188784],[4788006.639300812,2672668.918488604],[4787898.921259788,2672700.203823194],[4787817.895864515,2672607.9354140013],[4787717.163401318,2672711.12007684],[4787434.132005903,2672789.700654218],[4787001.99218743,2672570.8693807013],[4786932.775984699,2672418.9649596578],[4786469.13608663,2672243.764694708],[4786427.135983592,2672063.9019268844],[4786491.067309549,2671799.739889053],[4786328.137705468,2671052.3841114393],[4786043.071129791,2670906.1712417654],[4785931.609885962,2671000.4328534636],[4785828.636960747,2670584.2264422765],[4785690.291011809,2670400.7620137525],[4785728.739260734,2670210.9276188267],[4785513.45886247,2670082.3109166464],[4785742.254200917,2669779.450214558],[4785745.120598034,2669439.2403868195],[4785418.428363065,2669168.4689603588],[4785389.454296698,2668872.1967124827],[4785133.614482323,2668822.8182711396],[4785079.796720607,2668377.416778262],[4784852.2832045965,2668244.3631050414],[4784765.958966274,2667757.7426545448],[4784862.689952612,2667605.560472402],[4784829.2067933995,2667109.64059111],[4784946.3249165295,2666679.353901913],[4784305.4436519,2666770.318453486],[4783470.984981857,2667017.1943039717],[4782402.49886639,2667086.889766068],[4782122.951800289,2667216.074504002],[4781816.951841571,2667572.4827982364],[4780697.1451852275,2667944.039084756],[4780057.698512454,2668054.339178934],[4779137.93641385,2668018.8505251016],[4778414.569182613,2667584.968494753],[4777871.708062469,2667515.617358506],[4777160.238330748,2667550.601717851]]]}},{"type":"Feature","properties":{"flugjahr":"2017","gebiet":"Steiermark"},"geometry":{"type":"Polygon","coordinates":[[[4777160.082489024,2667552.5970165385],[4777265.668474533,2666200.925268049],[4776657.59446023,2665565.4204985783],[4776015.010216736,2665501.415446368],[4775516.686802398,2665602.2316751927],[4774434.085901058,2665152.7214548048],[4774206.841346146,2665213.9284266373],[4774107.920422983,2665405.228517808],[4774107.103170627,2665621.67620183],[4774026.490947032,2665653.184938228],[4773773.485230532,2665596.3035821747],[4773516.044099688,2665322.095383779],[4772662.095301597,2665190.5784420585],[4772315.80055986,2665211.5786473597],[4771864.165558497,2665366.2294894997],[4770138.143340244,2665703.8475451935],[4769026.320712108,2666055.431661351],[4768152.546152947,2666428.1583031965],[4767411.622163211,2666221.2093398287],[4766881.026920173,2665784.073636767],[4766183.828602914,2665678.4287569923],[4765839.703777295,2665807.726629325],[4765494.53144559,2666413.016306441],[4763826.16159444,2666508.2880237694],[4763617.337988406,2666587.523117467],[4763051.272348037,2667189.0897683688],[4762507.86351622,2667471.1532001463],[4762044.379134023,2667562.4176063305],[4761544.1698442465,2668166.624512794],[4760419.865174799,2668846.6125886645],[4760233.294556641,2669063.635228736],[4759627.564353159,2669485.2264923705],[4759208.933320006,2670222.0350927073],[4759078.299003257,2670285.3674103483],[4759067.07012626,2670711.178077731],[4758609.902762422,2670851.5783014125],[4758311.451419527,2672152.4329206105],[4758457.953278116,2672720.9087573346],[4758357.91704227,2673285.968674531],[4759014.03162472,2673368.9455136824],[4759326.078569214,2673743.9691971624],[4759405.573414599,2673733.71251001],[4759673.662451331,2673075.2822433147],[4760091.36169777,2672486.369354704],[4760123.767665956,2671669.9312747987],[4760564.858005061,2670700.302259138],[4761859.171455849,2669884.118579358],[4763363.692244415,2669183.5448305034],[4764105.442704636,2668593.349164595],[4764584.851113361,2668343.2679191963],[4765627.206287192,2668174.760026605],[4767035.7681261115,2667705.0884546414],[4767906.280163037,2667546.518586714],[4768351.881727476,2667848.461556075],[4768984.194044634,2668016.1756797386],[4769857.729244885,2667982.737179661],[4770335.350754948,2667763.6753788292],[4770598.962289814,2667728.4534594934],[4771194.752804899,2667945.6484309123],[4771872.849859442,2667760.8842248744],[4772820.010954011,2667731.7639197623],[4773931.670864361,2667517.1322498275],[4776189.242562074,2667434.5346294865],[4777160.082489024,2667552.5970165385]]]}},{"type":"Feature","properties":{"flugjahr":"DTM:2019, DSM:2017","gebiet":"Steiermark"},"geometry":{"type":"Polygon","coordinates":[[[4776657.59446023,2665565.4204985783],[4777265.668474533,2666200.925268049],[4777160.238330748,2667550.601717851],[4777871.708062469,2667515.617358506],[4778414.569182613,2667584.968494753],[4779137.93641385,2668018.8505251016],[4780057.698512454,2668054.339178934],[4780519.688793249,2667988.011114053],[4781816.951841571,2667572.4827982364],[4782122.951800289,2667216.074504002],[4782402.49886639,2667086.889766068],[4783470.984981857,2667017.1943039717],[4784960.298460582,2666638.2678986713],[4784798.262743993,2666444.919694575],[4784952.136831096,2665852.3758550338],[4784662.638246053,2665900.5143449917],[4783972.958153663,2665815.8067221045],[4783605.101790114,2665690.791885067],[4783261.194794276,2665853.046631721],[4783048.294292197,2665813.1306510083],[4782915.747225269,2665588.927840757],[4782955.3885283,2665340.238944995],[4782784.802295787,2664968.8814432803],[4781254.5680150185,2665166.7359052743],[4780525.811931703,2665357.214256303],[4778843.418720968,2665249.335730107],[4777518.721410427,2665500.9699305375],[4776657.59446023,2665565.4204985783]]]}},{"type":"Feature","properties":{"flugjahr":"2017","gebiet":"Steiermark"},"geometry":{"type":"MultiPolygon","coordinates":[[[[4638054.336816114,2724401.8927204423],[4637604.435887327,2723432.090940378],[4636615.134692796,2723240.9511269666],[4636249.303491648,2722986.137617243],[4635482.345328933,2723022.0146006146],[4634899.013870229,2722919.2071474344],[4634460.6823098045,2722372.020772345],[4634372.815097152,2723712.9032658054],[4634884.073299528,2723735.7048075465],[4634829.409088939,2725045.132280564],[4636287.817015765,2725709.8132781307],[4636420.211834656,2726017.473129551],[4636843.879912146,2726077.297628637],[4636963.149860356,2726231.306822612],[4637025.759554893,2726554.6773399734],[4637138.281190428,2726646.1193331545],[4637900.492564065,2726564.6242970293],[4638453.561505591,2726658.7203798527],[4638953.207745798,2726869.1304398086],[4639289.090919561,2726815.1877329983],[4640296.907854119,2726954.558961771],[4640629.52783589,2726848.1569065116],[4640781.901551561,2726519.0127899647],[4642275.66943652,2726381.046936716],[4643130.400775237,2726161.9917856464],[4644252.18953921,2726200.3213601797],[4644757.641466473,2726343.5019350583],[4645632.466035287,2727669.2777202497],[4646320.949613556,2728343.2057900536],[4646837.7996499045,2728659.95699077],[4647484.31334659,2728856.46335412],[4647730.281293133,2729030.9335088697],[4647936.903792051,2729351.9406034397],[4648926.437269152,2729684.998943054],[4649850.887791109,2729608.3973604008],[4650405.148426033,2729288.949812725],[4651655.743255338,2728879.702944251],[4652044.653438647,2728866.874454811],[4652215.351438465,2728732.453420834],[4652529.452230671,2729124.184071218],[4653443.937688948,2729118.492366781],[4653601.681007081,2728976.259819191],[4653828.430737663,2728935.4410000816],[4654029.406091839,2729052.3534522653],[4655160.070156295,2729104.8924797415],[4655801.133388606,2729319.3897865373],[4655939.01405559,2729495.8142092302],[4656021.436991342,2729887.0000995332],[4656274.218034754,2730220.083145315],[4657104.861805439,2730401.1513325535],[4657491.821483788,2730113.1804652754],[4657947.458577784,2730015.492052176],[4658728.571837712,2730365.513818943],[4659478.921481378,2730524.6982856975],[4659746.296104127,2730742.292208338],[4660639.4384788005,2730719.7200671355],[4660904.340258734,2730853.009048765],[4661112.832987676,2730778.695309056],[4661159.45461873,2730535.718532276],[4661521.689405332,2730334.4914103164],[4661678.044247301,2730117.400108462],[4662204.963055908,2730041.405057867],[4662330.036533375,2729902.2729248595],[4662739.118916776,2729768.8771255785],[4662796.177775406,2729624.858451478],[4663082.928066869,2729434.253239037],[4663167.141198313,2729287.8554360257],[4663415.840302633,2729269.3846180555],[4663699.81297684,2729087.1885429975],[4664307.652608245,2729448.5037388997],[4664622.873481762,2729460.933913149],[4664898.8908538325,2729569.563077111],[4665312.595042288,2729398.5797092747],[4665842.923504404,2729615.2066262052],[4667048.746909734,2729458.6315959427],[4667289.488152076,2729660.51548455],[4667518.348087996,2729667.4439621978],[4667688.831083977,2729986.5374068925],[4667830.977628704,2730080.0031677424],[4668175.877410307,2730079.26678658],[4668597.225467538,2730557.070162047],[4669454.124713212,2730721.357284955],[4669551.045855338,2730811.2364269546],[4669794.0846779775,2730777.6121346843],[4669998.573306942,2730625.0927122803],[4670334.39223245,2730783.7567954604],[4670827.382762233,2730829.330536134],[4671787.691596895,2730511.3388784435],[4672212.289857601,2730508.6006068764],[4672731.866724671,2730725.9592754515],[4673220.123050059,2730802.7749413634],[4673953.884107396,2731209.624730843],[4674819.8314348515,2731127.667031168],[4675294.977256438,2731436.500222217],[4675738.591385794,2731547.0835854537],[4675921.700845957,2731744.4543277114],[4676236.079885204,2731869.19726521],[4676346.515690152,2732658.2345979637],[4676695.097374557,2732967.242324111],[4677437.5822207825,2733325.6890326925],[4677507.522630561,2733598.2784534],[4678163.974837745,2734844.9857937046],[4678259.3612364875,2735241.3068061844],[4678587.672176167,2735517.3031626698],[4678603.051032446,2736145.8574359785],[4678445.865448925,2736528.6124382867],[4678489.507527848,2737187.6339082206],[4678181.6395311,2737446.737679577],[4677974.536478566,2737516.800638431],[4677830.870153777,2737448.536779905],[4677634.153382846,2737626.626016914],[4677706.053241386,2737921.2691982277],[4677458.714483308,2738071.5563865695],[4677119.8779572975,2738437.284125505],[4676336.738454265,2738827.676585786],[4676231.0925341565,2739181.101090088],[4676008.011283884,2739343.148089613],[4675894.057347989,2739744.5540028606],[4675587.349566559,2739601.7706602113],[4675268.678515804,2739326.9372632476],[4674818.128899605,2739247.5951932617],[4674755.173333851,2740002.385528917],[4674307.38267497,2740374.25171198],[4674305.157114845,2740738.5642894483],[4673758.96896776,2741058.7593260696],[4673205.539864839,2741806.270012867],[4673042.526014053,2741783.1045866543],[4672903.997164306,2741641.479342873],[4672833.966537546,2741671.589684946],[4672836.05967223,2741898.069577835],[4673060.260272641,2742010.193005003],[4672939.851656939,2742222.6035469864],[4672467.295856426,2742417.8830606793],[4672200.3744100435,2742412.3599093705],[4672128.766308003,2742619.8446248127],[4672183.773057224,2743028.2147722575],[4672489.476181473,2743248.843010064],[4672122.259406318,2743628.94258908],[4672101.120013154,2743995.429710944],[4671707.1523979055,2744167.3907590574],[4671577.1723121,2744315.9982052934],[4671461.261733543,2744845.917392016],[4671311.955528539,2744853.8859324465],[4671133.884342503,2744577.7720322376],[4670943.252104858,2744494.833534206],[4670465.094243353,2744535.641622605],[4670233.625184191,2744140.1905702064],[4669984.020405,2743980.6990676047],[4669491.090734864,2744075.7062014076],[4668893.767254486,2744046.9839393646],[4668705.8009761935,2744321.467981671],[4668699.177238709,2744805.918784934],[4668885.8081788365,2744814.5034504873],[4668900.897581684,2744496.736555416],[4669085.133369868,2744246.508854191],[4669558.539033278,2744290.098851937],[4669923.629968243,2744184.9601682397],[4670056.382602566,2744252.1707901834],[4670230.785139702,2744607.53239359],[4670602.973846379,2744893.555941752],[4672000.6647185655,2744957.907556567],[4672006.68869319,2744827.982338752],[4671764.898719681,2744852.8146043215],[4671720.004502299,2744529.9407574134],[4671935.956803249,2744385.755246798],[4672311.982610685,2744318.8689306825],[4672743.61693157,2743893.5648213383],[4673010.220666689,2743768.72834038],[4673013.063795565,2743445.393101145],[4672912.166058629,2743239.1247759513],[4672644.758410186,2743004.275052448],[4672416.200411163,2742932.2062788145],[4672346.269524791,2742674.5188355027],[4673120.419273522,2742366.4185944744],[4673263.738846579,2742022.7972560707],[4673615.635404401,2741666.9245299934],[4674120.129784385,2741394.457992117],[4674021.647299165,2741189.732591776],[4674399.4395636665,2741037.634633656],[4674511.4120336585,2740885.077696082],[4674556.752600353,2740476.4117982327],[4675017.546107886,2740154.1795137315],[4674944.464098403,2739833.2601744337],[4675004.630745864,2739701.4898536587],[4675322.410822318,2739731.3403363787],[4676055.681347711,2740122.9237623857],[4676143.94062571,2740035.4236780605],[4676096.073609431,2739878.5369531712],[4676182.718899484,2739592.3478216548],[4676459.911958803,2739334.2519873893],[4676503.82879971,2738940.68483037],[4677463.295205757,2738493.7932510083],[4677997.342719031,2737868.366575713],[4678622.153718995,2737522.5637782305],[4678734.880873205,2737364.2629965725],[4678970.0765116885,2736178.005685857],[4678754.717101924,2736086.8752415935],[4678731.446072558,2735371.031843244],[4678469.126610778,2735115.2418127144],[4678391.231725319,2734762.74788793],[4677861.468702071,2733809.0786660085],[4677759.266830468,2733472.097943325],[4677772.446470611,2733124.983287087],[4677625.06162748,2732996.436891099],[4676976.577716565,2732807.38051611],[4676554.65815242,2732550.666564606],[4676502.414803351,2732017.072086888],[4676380.379366171,2731793.415890314],[4675868.989976335,2731462.847034334],[4675366.626634839,2731348.3444953137],[4674950.71326202,2731039.791989913],[4673861.626179678,2731099.011526627],[4673272.746262357,2730718.284710016],[4672785.044773794,2730641.1741192727],[4672135.681818186,2730230.550442856],[4671701.630500031,2730148.0506078824],[4671425.284198951,2730250.7764910115],[4671207.320395,2730467.716806695],[4670875.130058646,2730632.8495750027],[4670581.750654593,2730577.1828748775],[4670397.415780826,2730646.3540180055],[4670000.964168872,2730469.6631367784],[4669606.032014129,2730553.0797930127],[4669126.9763567485,2730493.1635709284],[4668712.423592714,2730311.43443802],[4668443.853151564,2729960.890499601],[4666938.561197703,2729084.0705849747],[4666377.366674813,2729156.615292225],[4665991.322134497,2729440.243656221],[4665422.504382988,2729101.4793226444],[4663903.81558443,2728824.354457705],[4663683.516664503,2728851.2745663836],[4663426.604300196,2729144.1932700137],[4662978.93344328,2729020.1717927977],[4662173.6618676875,2729385.8883263883],[4661202.029843167,2729263.60658536],[4660050.701808287,2729017.72000201],[4658712.730836411,2728558.256661709],[4657336.662559243,2727722.607177018],[4656845.992291496,2727628.0299430634],[4656469.13157214,2727728.673025443],[4654887.277617335,2727675.0747182523],[4654437.552993614,2727304.1279732864],[4653504.294511941,2726904.811608227],[4653224.689880606,2726663.350749581],[4651565.0732545,2726897.137304452],[4650894.471514264,2727443.4099859814],[4650163.83754797,2727807.071140295],[4649193.936989493,2727826.222452453],[4648788.433406781,2727643.87424787],[4648587.4854980735,2727457.728076602],[4648094.27551818,2727438.1589508355],[4647319.101092852,2727111.892750621],[4647164.083366709,2726880.8619276998],[4646978.6774082985,2726088.6163858706],[4646822.938548835,2725757.2572109844],[4646785.789359665,2725367.2965954435],[4646568.354647307,2725021.785004852],[4645839.333234342,2724400.2512860103],[4645150.766252022,2724124.0580622973],[4644955.255350175,2724094.2029232834],[4644080.977391662,2724312.3527069692],[4642596.187022002,2724086.4077904862],[4642221.682268406,2724262.268085941],[4641768.901424601,2724286.9212346855],[4641457.928976033,2724407.793681894],[4640053.584114095,2724294.9309943863],[4639043.299796708,2724505.6673432193],[4638528.722466207,2724451.505936192],[4638218.093723735,2724500.638101305],[4638054.336816114,2724401.8927204423]]],[[[4634397.895480329,2722330.375338173],[4633798.05667039,2721481.471347896],[4633659.5281923935,2721562.907489051],[4633687.184297514,2721613.3489593877],[4632971.816779149,2721981.0730725178],[4632529.543429846,2721855.798844695],[4632523.080945875,2721679.823808854],[4631961.386653852,2721469.6303870017],[4631443.375545001,2721039.8823948246],[4630643.44817665,2720572.1651842007],[4630605.074815684,2720133.7654976025],[4630821.737373978,2719424.5103856334],[4630669.9912396455,2719237.1096392595],[4630218.339013792,2718970.6747588944],[4630053.811746178,2718749.9362601675],[4629879.642746119,2718665.5433312315],[4629821.790320809,2718802.536375321],[4629147.70331468,2718481.529179905],[4629194.745329554,2718408.565981315],[4627964.2027822705,2718239.938339387],[4626619.1257614745,2717772.9948572633],[4625255.80159124,2716838.4814140014],[4624136.594070126,2715918.260692336],[4624054.88160076,2714874.747156406],[4623253.482732228,2714322.9532038486],[4622320.185677247,2713107.9035628247],[4621512.989554001,2712643.2872484163],[4621173.322440948,2712584.022832514],[4620012.257822367,2711698.767769129],[4619203.776942518,2710729.0234839874],[4618825.133046447,2710577.444813586],[4618662.005544108,2710425.2784887776],[4618626.481442679,2709885.097378208],[4618491.499245579,2709770.8088592277],[4618166.605116707,2709750.176341896],[4617892.451302704,2709924.8008427173],[4617699.446826032,2709924.855448539],[4617194.985486781,2709652.9461411997],[4616993.360562637,2709310.731616443],[4616763.181819616,2709164.8374912106],[4616211.295630904,2709100.642571727],[4615661.055983116,2708851.7087103482],[4614290.842768097,2708680.00076583],[4613864.146824344,2708452.338022541],[4611433.78834529,2707910.9491529777],[4611191.954009011,2707712.550438221],[4609911.361909136,2707574.093596808],[4609723.306784296,2707850.1896518893],[4609469.024675766,2708007.0965469675],[4608186.533286381,2707484.0934041827],[4607864.560897767,2707223.024270427],[4607443.986310168,2707048.004828166],[4605348.800295783,2706976.350987601],[4604599.2412895225,2706533.071246742],[4603329.519451122,2706232.8213478527],[4602707.6238872735,2705937.442655181],[4601457.137363603,2705545.9744077763],[4600074.068547717,2704805.268599066],[4599984.233325589,2704542.297778791],[4599576.398137981,2704207.239098577],[4599069.707776199,2704284.1705255816],[4598129.254060923,2704238.7375828736],[4597710.5950245755,2704125.4940122124],[4597516.449703408,2703993.5422828523],[4596799.535233767,2703842.8701965148],[4596225.2851609485,2703870.727040355],[4595583.647537579,2703735.286281864],[4595228.679608464,2703849.299103296],[4594653.844034285,2703544.0978169525],[4594080.01436396,2703403.8453111704],[4593812.611177317,2703572.0359037],[4593157.92415565,2703721.1312502176],[4592857.884086563,2703718.0398229053],[4592593.44813853,2703578.7356939088],[4592270.41000104,2703666.31240668],[4592178.949310368,2703788.5263875825],[4592184.171875333,2704029.8090344565],[4591918.736622153,2704477.405730902],[4591335.156194475,2704951.5433151526],[4590861.200594867,2704970.7086730455],[4590839.422157524,2705665.1739758737],[4591209.392163569,2705468.0168744856],[4591388.028337575,2705196.4815957122],[4591727.908016312,2705143.907143985],[4592010.552693028,2704985.943102594],[4592132.914048314,2704857.2661277847],[4592290.800709489,2704396.0755352415],[4592593.035724575,2704259.898301865],[4592914.499351185,2703884.6713992185],[4593654.573391906,2703911.7804345395],[4593870.155534077,2703998.76459936],[4594478.348397539,2703951.5800793706],[4594704.871968625,2704010.125210005],[4595014.143477172,2703943.1491109356],[4595452.349386896,2704082.437143408],[4595739.253504168,2704011.934579202],[4595932.498341786,2704172.5874830736],[4596099.845167035,2704195.554393743],[4596605.9276519315,2704021.724329492],[4596960.539632139,2704274.1060179668],[4597452.082600228,2704451.6771007325],[4597783.95704629,2704387.724866338],[4598117.730247407,2704470.6299520195],[4598556.245810126,2704917.5671945997],[4599045.645466625,2705045.3587353146],[4599977.196544535,2705537.4641578672],[4600352.24665032,2705644.8649148233],[4600713.817834674,2705863.3315942036],[4600917.197873723,2706146.924792634],[4601243.418338317,2706300.920162971],[4602859.477916552,2706680.7462080824],[4603650.162009923,2707087.7606845642],[4604177.052148577,2707166.021716432],[4604598.14960437,2707329.3141387324],[4605696.035757551,2707916.3777221725],[4606852.9045841135,2708228.4936147532],[4607439.112939989,2708194.123310417],[4607878.4098624885,2708583.123493328],[4608020.338709024,2708540.805144121],[4608805.607177695,2708695.2915310264],[4609362.621167105,2708614.1030136407],[4609517.82293845,2708341.470142174],[4609889.518823926,2708150.801791827],[4610386.637237752,2708057.4716408066],[4610604.182715239,2708123.2549520936],[4610778.172616591,2708494.1472595762],[4611228.419861879,2708857.9074183796],[4611732.679427159,2708461.5368389324],[4612468.87672724,2708371.75620661],[4612897.578441541,2708793.0915765786],[4613045.616214651,2709195.023722055],[4613167.237514815,2709320.61325298],[4613344.8260257505,2709362.5587392473],[4613593.4450794235,2709224.910701882],[4613987.591105547,2709654.358603991],[4615230.600990236,2710225.019362851],[4615794.89616715,2710464.3393921433],[4616378.497619566,2710404.9297546754],[4617222.106124422,2710780.6975186747],[4617589.037007009,2711200.5009139036],[4618535.191171236,2711811.6042614193],[4619014.353848033,2712523.2091597836],[4619724.792239156,2712834.83797852],[4619974.381623321,2713052.0886160526],[4620300.238286473,2713057.8179937666],[4620870.24970304,2713518.2698058975],[4620906.108403179,2713740.0453685117],[4621390.876579839,2713875.7052104613],[4621771.04464218,2714183.7592369653],[4622030.891903101,2714891.338497123],[4622261.551052084,2715196.646338572],[4622381.269431491,2715658.7887229873],[4622345.497589132,2716181.174173816],[4622441.164464708,2716388.0284516485],[4623149.764806988,2716848.0614827806],[4623391.359361278,2717202.453035615],[4623981.921647267,2717414.129134659],[4624647.057026416,2717806.8186785188],[4625321.102303955,2718346.029050817],[4625557.881689822,2718695.566300413],[4625949.92730459,2719026.77192881],[4626273.364175681,2719136.020529659],[4626756.017276268,2719462.0385477273],[4627473.876962772,2719658.9892905867],[4627718.811684397,2719813.120228525],[4627625.455199757,2719928.5847927937],[4627005.769416877,2719903.795810919],[4626842.159784003,2720056.6510315984],[4626805.613019726,2720277.826395172],[4626567.239120252,2720350.717119536],[4626459.946555623,2720494.8129594065],[4626136.961618151,2720674.6268997593],[4626130.5903943125,2720853.66521898],[4626359.160611934,2721229.6852996256],[4626833.586056958,2721159.771110872],[4627487.923481322,2721379.0213621655],[4627830.660288956,2721331.7761178846],[4628073.206073634,2721470.6683168407],[4629097.698595393,2721592.2560777226],[4629623.403056033,2721888.0142539386],[4629944.831470302,2722545.9278873713],[4630357.279264832,2722878.962964602],[4631513.221437524,2723354.201276116],[4631817.508611944,2723685.4645293653],[4632346.968854121,2723995.1538323318],[4632463.844075316,2722211.1300470345],[4634397.895480329,2722330.375338173]]]]}},{"type":"Feature","properties":{"flugjahr":"DTM:2019, DSM:2017","gebiet":"Steiermark"},"geometry":{"type":"Polygon","coordinates":[[[4632523.080945875,2721679.823808854],[4632529.543429846,2721855.798844695],[4632971.816779149,2721981.0730725178],[4633687.184297514,2721613.3489593877],[4633580.513503333,2721531.3671670477],[4633269.435881239,2721554.6905303076],[4632838.309514575,2721830.59655162],[4632523.080945875,2721679.823808854]]]}},{"type":"Feature","properties":{"flugjahr":"2010-2011","gebiet":"Steiermark"},"geometry":{"type":"Polygon","coordinates":[[[4638444.625391234,2723615.045774985],[4637866.0286412155,2723841.766852572],[4637881.956106724,2724098.2310641953],[4638172.676162383,2724491.6282349587],[4639043.299796708,2724505.6673432193],[4640053.584114095,2724294.9309943863],[4641457.928976033,2724407.793681894],[4641768.901424601,2724286.9212346855],[4642221.682268406,2724262.268085941],[4642596.187022002,2724086.4077904862],[4640499.592970144,2723979.4352042605],[4640510.160170542,2723756.8360719997],[4638444.625391234,2723615.045774985]]]}},{"type":"Feature","properties":{"flugjahr":"2011","gebiet":"Steiermark"},"geometry":{"type":"Polygon","coordinates":[[[4642369.716349575,2724064.22164093],[4644080.977391662,2724312.3527069692],[4644996.254851746,2724095.096294251],[4645318.822908972,2724215.7520703725],[4652794.274552442,2724543.297378066],[4652851.156603439,2724494.114004],[4652906.816346607,2723549.396485824],[4655870.729167371,2723669.3073699432],[4656014.142090997,2721689.0614672545],[4668824.308407039,2722278.165389249],[4668834.5343210865,2722643.1523388117],[4669416.809385663,2722687.0034057363],[4669504.417465213,2721344.027499328],[4669360.161221336,2721308.1360162836],[4669366.201170428,2721227.0667007193],[4669513.102174525,2721219.196539869],[4669758.414088361,2717449.7906437786],[4669671.394742087,2717647.890319045],[4669574.323681721,2717692.3449916774],[4657940.230245903,2716908.524792931],[4657809.365541327,2717400.8396172356],[4651654.238378963,2716986.7018332053],[4651669.306809587,2716684.259287674],[4651823.522009913,2716524.58134494],[4651706.534418805,2716185.924342699],[4651593.293495096,2716481.534309169],[4642911.242968038,2715908.5777089605],[4642720.914269263,2718743.385075436],[4642821.041760088,2718943.0018213615],[4642710.634102775,2718911.8860642086],[4642369.716349575,2724064.22164093]]]}},{"type":"Feature","properties":{"flugjahr":"2018","gebiet":"Ober\u00f6sterreich"},"geometry":{"type":"Polygon","coordinates":[[[4585595.550046177,2728509.1852337844],[4600346.279103328,2729177.5119146365],[4600477.734549679,2726181.832308209],[4602976.2731642,2726295.2047564243],[4603063.895160802,2724298.104665752],[4604313.1551107215,2724354.816533534],[4604663.537535601,2716366.468733292],[4603414.222898771,2716309.773867968],[4603458.01165031,2715311.241726111],[4602208.687024995,2715254.571454599],[4602361.889721014,2711759.3053078493],[4599863.260459345,2711645.9740160545],[4599841.359799072,2712145.6724468614],[4593594.602444866,2711862.6170721995],[4593550.832850478,2712861.1353700347],[4589802.812784253,2712691.414350642],[4589759.068186123,2713689.9460655316],[4587260.390222359,2713576.8984474256],[4587216.630096425,2714575.4113513594],[4584717.864180819,2714462.4089870634],[4584630.390713052,2716459.4284209074],[4583381.061048202,2716402.9291136647],[4583337.31637333,2717401.4390417556],[4582087.982031465,2717344.939811967],[4581934.918207445,2720839.7739156927],[4582945.039915662,2720885.450881538],[4582955.574066313,2721036.558897067],[4583276.157035485,2721238.8417202574],[4583355.775945363,2721644.8889065688],[4583205.733878454,2722060.0999346646],[4583279.191909811,2722263.5431372016],[4583062.934439207,2722420.92844917],[4582983.633758691,2722892.3960789647],[4582793.697830806,2723321.3583742627],[4583698.183885131,2724354.126745792],[4584289.738434714,2724838.6945589893],[4584748.806117867,2724954.909767853],[4584857.014107328,2725566.2177268467],[4584679.381510116,2726382.344497877],[4584768.778129704,2726602.8922088314],[4584732.495328774,2727041.5598636265],[4585273.052952639,2727989.451929689],[4585298.262893879,2728187.8761971663],[4585510.680519242,2728327.5727192275],[4585595.550046177,2728509.1852337844]]]}},{"type":"Feature","properties":{"flugjahr":"2010-2011","gebiet":"Steiermark"},"geometry":{"type":"Polygon","coordinates":[[[4600390.098338325,2728178.961588113],[4600346.279103328,2729177.5119146365],[4598538.870329469,2729095.523883406],[4598348.741389715,2730133.4973700973],[4598412.933500849,2731206.6548738377],[4598890.737535011,2731719.2330427314],[4598897.700845206,2732271.2280815984],[4599162.747274146,2732710.7355570183],[4599116.308855897,2733029.306983678],[4599205.346715106,2733643.7846511304],[4599357.964922236,2733885.6704835156],[4599384.741094978,2734225.5295104817],[4599606.166922708,2734288.5143946996],[4599447.486585683,2734880.3424563133],[4599869.038129265,2735118.003997573],[4599834.603020395,2735189.9411541666],[4600150.938653478,2735458.098966214],[4600667.799245146,2735626.7312223404],[4600877.931589659,2735827.940173632],[4601523.730367743,2735943.7503193496],[4601665.723248947,2736032.998767064],[4601604.044758149,2736445.2056491403],[4601726.022037918,2736558.872660933],[4601622.3474951,2737276.6916644806],[4601742.037082221,2737239.514415472],[4601933.131612761,2737385.120878948],[4602541.665804715,2737553.2176111606],[4602695.4616468055,2738449.801823573],[4602775.527586013,2738486.131891974],[4602846.494232717,2738881.3670246312],[4603007.208123106,2739070.2812791243],[4603279.314910852,2739182.1212766264],[4603751.308483421,2739687.302621821],[4604020.481513854,2740253.862408531],[4604476.779470963,2740674.148038475],[4604606.016611986,2740970.7842113003],[4604473.643665044,2741096.50675142],[4604800.111159071,2741026.482678355],[4604953.837509614,2740858.1391975083],[4605657.601436821,2740502.0760479285],[4606164.556987781,2740701.667874215],[4607914.871462422,2740997.2886053403],[4609160.897078183,2741383.5523918066],[4609983.803064828,2740943.170164214],[4610309.116575075,2741273.3588819206],[4610776.64698546,2742272.4080947544],[4610619.500822547,2742390.766240066],[4611237.627003596,2742017.6759642437],[4611646.194463158,2742094.9072994217],[4611677.08409095,2742283.432009859],[4611831.08038424,2742347.3631107016],[4611947.670969215,2742269.5626152204],[4612010.769140551,2741841.322808752],[4612307.485647032,2741971.655854272],[4612638.293644202,2741922.950835709],[4613343.468257837,2741462.9738741787],[4613903.5926567735,2741511.6535746846],[4613894.020839962,2741333.6263754433],[4614201.277516522,2740797.862573142],[4615217.95528124,2740184.9697125326],[4616336.129787582,2740750.994520854],[4617143.142138826,2740732.7230149694],[4617570.107988538,2740816.469776549],[4618909.190745473,2740217.654571217],[4619280.708099563,2739863.9782276754],[4619322.9668063065,2739908.547489791],[4620016.232119192,2739568.601054001],[4620234.00567957,2739733.0589967524],[4620895.884761879,2739901.642622156],[4620928.913901892,2740117.7643895918],[4621358.049438201,2740285.1536399936],[4622036.641890165,2740081.8952926467],[4622788.37455372,2739000.9775477946],[4624138.605115409,2737783.377316734],[4624973.743357737,2737298.0229619555],[4625592.978123616,2736602.5200671908],[4625153.875441737,2731965.7100510043],[4625632.24905948,2731970.4915039116],[4625767.8142348165,2731846.052674811],[4625617.720834428,2731411.5164755816],[4625518.387828709,2731332.0239077783],[4625543.619854545,2730953.316050551],[4626235.319615499,2731086.7243672693],[4626595.120693955,2730871.698909344],[4627040.676433291,2730982.301539905],[4627734.033341823,2731315.091423563],[4628709.232005942,2731392.8941047927],[4628867.284631778,2731804.524285982],[4629319.580873746,2731841.2927112663],[4629358.117213979,2731984.440845052],[4629974.126667609,2732323.7773999595],[4630879.648142749,2732407.714942791],[4631618.540033967,2732701.693351856],[4631851.81908313,2733146.1595383547],[4632111.037912548,2733216.182373151],[4632544.773062074,2733553.9996788194],[4632977.91943208,2733503.2184481174],[4633114.533487085,2733602.4579650713],[4633415.1866958,2733515.9550873167],[4633630.086675251,2733567.902341381],[4633902.528835545,2733821.4213720593],[4634265.450638438,2733972.0133605506],[4634804.669484079,2733753.8533642357],[4635287.296773296,2733943.9491749075],[4635597.867667195,2734530.3704764117],[4636003.408456584,2734588.355714643],[4636388.215639073,2735019.4023789437],[4636572.717835735,2730826.9323839713],[4641568.121229108,2731055.2733605313],[4641679.043795986,2728557.853300114],[4646675.44220404,2728786.5129656717],[4646565.542471109,2731282.946670328],[4651561.850420624,2731511.812182078],[4651451.862451569,2734008.3119546776],[4656448.11864361,2734237.4447447313],[4656338.034444823,2736733.9816607684],[4665337.301048751,2737161.4068714436],[4665486.519829898,2735172.8910771087],[4667954.014641368,2735288.746348172],[4667952.017311609,2735622.7382944087],[4674753.395673012,2736082.6658524503],[4674894.950884348,2735591.0421772962],[4678578.99904257,2735819.4511590735],[4678587.672176167,2735517.3031626698],[4678259.3612364875,2735241.3068061844],[4678163.974837745,2734844.9857937046],[4677507.522630561,2733598.2784534],[4677437.5822207825,2733325.6890326925],[4676695.097374557,2732967.242324111],[4676346.515690152,2732658.2345979637],[4676236.079885204,2731869.19726521],[4675921.700845957,2731744.4543277114],[4675738.591385794,2731547.0835854537],[4675294.977256438,2731436.500222217],[4674819.8314348515,2731127.667031168],[4673953.884107396,2731209.624730843],[4673220.123050059,2730802.7749413634],[4672731.866724671,2730725.9592754515],[4672212.289857601,2730508.6006068764],[4671787.691596895,2730511.3388784435],[4670827.382762233,2730829.330536134],[4670334.39223245,2730783.7567954604],[4669998.573306942,2730625.0927122803],[4669794.0846779775,2730777.6121346843],[4669551.045855338,2730811.2364269546],[4669454.124713212,2730721.357284955],[4668597.225467538,2730557.070162047],[4668175.877410307,2730079.26678658],[4667830.977628704,2730080.0031677424],[4667688.831083977,2729986.5374068925],[4667518.348087996,2729667.4439621978],[4667289.488152076,2729660.51548455],[4667048.746909734,2729458.6315959427],[4665842.923504404,2729615.2066262052],[4665312.595042288,2729398.5797092747],[4664898.8908538325,2729569.563077111],[4664622.873481762,2729460.933913149],[4664307.652608245,2729448.5037388997],[4663699.81297684,2729087.1885429975],[4663415.840302633,2729269.3846180555],[4663167.141198313,2729287.8554360257],[4663082.928066869,2729434.253239037],[4662796.177775406,2729624.858451478],[4662739.118916776,2729768.8771255785],[4662330.036533375,2729902.2729248595],[4662204.963055908,2730041.405057867],[4661678.044247301,2730117.400108462],[4661521.689405332,2730334.4914103164],[4661159.45461873,2730535.718532276],[4661112.832987676,2730778.695309056],[4660904.340258734,2730853.009048765],[4660639.4384788005,2730719.7200671355],[4659746.296104127,2730742.292208338],[4659478.921481378,2730524.6982856975],[4658728.571837712,2730365.513818943],[4657947.458577784,2730015.492052176],[4657491.821483788,2730113.1804652754],[4657104.861805439,2730401.1513325535],[4656274.218034754,2730220.083145315],[4656021.436991342,2729887.0000995332],[4655939.01405559,2729495.8142092302],[4655801.133388606,2729319.3897865373],[4655160.070156295,2729104.8924797415],[4654029.406091839,2729052.3534522653],[4653828.430737663,2728935.4410000816],[4653601.681007081,2728976.259819191],[4653443.937688948,2729118.492366781],[4652529.452230671,2729124.184071218],[4652215.351438465,2728732.453420834],[4652044.653438647,2728866.874454811],[4651655.743255338,2728879.702944251],[4650405.148426033,2729288.949812725],[4649850.887791109,2729608.3973604008],[4648957.672442066,2729688.893588326],[4647936.903792051,2729351.9406034397],[4647730.281293133,2729030.9335088697],[4647484.31334659,2728856.46335412],[4646837.7996499045,2728659.95699077],[4646320.949613556,2728343.2057900536],[4645632.466035287,2727669.2777202497],[4644757.641466473,2726343.5019350583],[4644252.18953921,2726200.3213601797],[4643130.400775237,2726161.9917856464],[4642275.66943652,2726381.046936716],[4640781.901551561,2726519.0127899647],[4640629.52783589,2726848.1569065116],[4640185.0731745735,2726955.24314891],[4639289.090919561,2726815.1877329983],[4638953.207745798,2726869.1304398086],[4638453.561505591,2726658.7203798527],[4637938.53621197,2726568.4407804315],[4637138.281190428,2726646.1193331545],[4637025.759554893,2726554.6773399734],[4636963.149860356,2726231.306822612],[4636843.879912146,2726077.297628637],[4636420.211834656,2726017.473129551],[4636287.817015765,2725709.8132781307],[4634829.409088939,2725045.132280564],[4634799.956169395,2725750.5445510754],[4632787.870527022,2725658.0809688685],[4632850.546505403,2724242.830874589],[4632333.020135093,2724208.070461958],[4632346.968854121,2723995.1538323318],[4631817.508611944,2723685.4645293653],[4631513.221437524,2723354.201276116],[4630357.279264832,2722878.962964602],[4629944.831470302,2722545.9278873713],[4629591.931822071,2721858.0163138798],[4629062.132547734,2721577.638220692],[4628656.939784286,2721490.087502106],[4628073.206073634,2721470.6683168407],[4627788.8725100765,2721327.1437247647],[4627487.923481322,2721379.0213621655],[4626833.586056958,2721159.771110872],[4626359.160611934,2721229.6852996256],[4626130.5903943125,2720853.66521898],[4626136.961618151,2720674.6268997593],[4626459.946555623,2720494.8129594065],[4626567.239120252,2720350.717119536],[4626805.613019726,2720277.826395172],[4626842.159784003,2720056.6510315984],[4627005.769416877,2719903.795810919],[4627625.455199757,2719928.5847927937],[4627718.811684397,2719813.120228525],[4627473.876962772,2719658.9892905867],[4626756.017276268,2719462.0385477273],[4626273.364175681,2719136.020529659],[4625949.92730459,2719026.77192881],[4625557.881689822,2718695.566300413],[4625321.102303955,2718346.029050817],[4624647.057026416,2717806.8186785188],[4623981.921647267,2717414.129134659],[4623391.359361278,2717202.453035615],[4623149.764806988,2716848.0614827806],[4622441.164464708,2716388.0284516485],[4622345.497589132,2716181.174173816],[4622381.269431491,2715658.7887229873],[4622261.551052084,2715196.646338572],[4622030.891903101,2714891.338497123],[4621829.576570465,2714249.0588935926],[4621568.584339826,2714011.232055902],[4621353.961087036,2713858.012505035],[4620906.108403179,2713740.0453685117],[4620870.24970304,2713518.2698058975],[4620300.238286473,2713057.8179937666],[4619974.381623321,2713052.0886160526],[4619724.792239156,2712834.83797852],[4619014.353848033,2712523.2091597836],[4618535.191171236,2711811.6042614193],[4617589.037007009,2711200.5009139036],[4617430.219556576,2710957.188178108],[4617065.676409367,2710689.30192958],[4616378.497619566,2710404.9297546754],[4615758.832285874,2710450.5415520296],[4614396.049381714,2709797.121179237],[4614189.398383519,2709769.3814675487],[4613957.496244762,2709630.52504709],[4613593.4450794235,2709224.910701882],[4613344.8260257505,2709362.5587392473],[4613167.237514815,2709320.61325298],[4613045.616214651,2709195.023722055],[4612897.578441541,2708793.0915765786],[4612468.87672724,2708371.75620661],[4611732.679427159,2708461.5368389324],[4611454.814482768,2708622.3731938503],[4611338.192863996,2708828.06467756],[4611184.877254547,2708852.064777225],[4611063.023715127,2708673.193174047],[4610778.172616591,2708494.1472595762],[4610626.822498865,2708144.902017511],[4610386.637237752,2708057.4716408066],[4609810.419111427,2708186.0911788237],[4609624.060587235,2711160.094832921],[4613563.279385588,2711426.670719084],[4613607.106469807,2711588.659521462],[4613721.42215456,2711640.206659665],[4613625.6581320325,2713416.7523360066],[4614446.397679685,2713488.3936835313],[4614522.831993621,2713562.8288390543],[4614605.24435078,2713500.6082128896],[4614730.612416095,2713737.3079761597],[4614811.029082939,2713650.4051612616],[4614808.405071667,2714497.518267134],[4617908.250631665,2714732.376222966],[4617782.595249548,2716668.733797627],[4617838.2734411955,2716721.382329665],[4622766.477895624,2717057.9720476083],[4622587.832988938,2719801.0663136663],[4622374.157180124,2719688.2302934052],[4622338.430848077,2719802.9516471187],[4622363.595317051,2719868.7209137836],[4622585.955153103,2719901.8452800494],[4622537.230925692,2720645.668582375],[4622341.597956457,2720769.9153924184],[4622522.203961387,2720876.00544649],[4621976.417528647,2729127.653125395],[4605794.717841008,2728402.696668553],[4605758.8300402425,2729001.526348105],[4606219.255312332,2729511.9239863036],[4606394.575118553,2729579.9469588706],[4606507.0293435715,2729779.2349235187],[4606982.149842716,2729840.8593016244],[4607208.176176049,2729963.230642884],[4607522.309768786,2729790.3346663057],[4608005.887898235,2729819.316973185],[4608275.727819193,2730175.897264516],[4608948.70891711,2730476.7386814337],[4608891.73428571,2730656.3166497764],[4608599.888422873,2730664.0685071307],[4608408.846420364,2730452.1968226037],[4608188.3114732085,2730387.1217187396],[4607940.814715865,2730137.6541564134],[4607813.029365312,2730104.8219044525],[4607612.680483179,2730104.7247466557],[4607552.172707723,2730205.068761877],[4607279.504351131,2730277.754336246],[4606839.361876741,2730240.740998783],[4606230.313474613,2729989.8656044053],[4605583.3605725365,2729415.9527880987],[4605375.756878157,2729421.536180955],[4605225.199965148,2729496.779124466],[4604514.608532339,2730781.727819852],[4604676.793144089,2731285.5426173266],[4604665.436037077,2731521.2405288713],[4604499.131594041,2731932.0651015528],[4604186.206926144,2732031.9534680657],[4603879.519187401,2731738.7788946372],[4603640.861224276,2731060.3433487476],[4603975.871017199,2730640.1597636677],[4604461.303620633,2729806.410898844],[4605097.808805908,2728565.130276535],[4605077.080133913,2728370.05614787],[4600390.098338325,2728178.961588113]]]}},{"type":"Feature","properties":{"flugjahr":"2010-2011","gebiet":"Steiermark"},"geometry":{"type":"Polygon","coordinates":[[[4609946.808983948,2706177.6326278844],[4609855.581696754,2707602.03176922],[4611191.954009011,2707712.550438221],[4611433.78834529,2707910.9491529777],[4613864.146824344,2708452.338022541],[4614290.842768097,2708680.00076583],[4615661.055983116,2708851.7087103482],[4616211.295630904,2709100.642571727],[4616763.181819616,2709164.8374912106],[4616993.360562637,2709310.731616443],[4617194.985486781,2709652.9461411997],[4617739.991144916,2709935.6097036465],[4617892.451302704,2709924.8008427173],[4618166.605116707,2709750.176341896],[4618521.902994434,2709790.046474141],[4618626.481442679,2709885.097378208],[4618662.005544108,2710425.2784887776],[4618825.133046447,2710577.444813586],[4619203.776942518,2710729.0234839874],[4620012.257822367,2711698.767769129],[4621173.322440948,2712584.022832514],[4621512.989554001,2712643.2872484163],[4622320.185677247,2713107.9035628247],[4623253.482732228,2714322.9532038486],[4624054.88160076,2714874.747156406],[4624136.594070126,2715918.260692336],[4625255.80159124,2716838.4814140014],[4626619.1257614745,2717772.9948572633],[4627964.2027822705,2718239.938339387],[4629194.745329554,2718408.565981315],[4629587.776950204,2717859.002765306],[4629788.731294226,2717754.059183458],[4630028.868531839,2717806.047695931],[4630131.068402816,2717691.597393345],[4630354.492390576,2717303.414374192],[4630515.465827509,2716695.1793836546],[4630814.643310766,2716429.5671132267],[4630905.809790584,2716094.198145696],[4630415.387342847,2716061.3070682567],[4630340.311441778,2716156.9307270357],[4630151.378703777,2716173.346846351],[4629738.891144177,2715962.4716564706],[4629864.696968231,2714031.872867074],[4628026.135476359,2713896.9272904755],[4627908.319462406,2714390.101239977],[4626736.133631371,2714298.9916265015],[4626907.050856265,2711330.4701544293],[4622547.538977919,2710988.280431835],[4622663.290910218,2709033.186643261],[4617725.157913076,2708697.652424531],[4617774.322233758,2706696.874232249],[4609946.808983948,2706177.6326278844]]]}},{"type":"Feature","properties":{"flugjahr":"2008-2012","gebiet":"Steiermark"},"geometry":{"type":"Polygon","coordinates":[[[4609855.581696754,2707602.03176922],[4610319.533335358,2700189.533557621],[4609182.151442958,2700110.511319916],[4608877.870654877,2700203.418772768],[4608508.555102322,2700065.508956278],[4607650.822205668,2700221.803985146],[4607069.223728582,2700187.186272138],[4606881.0145682525,2700107.4662058754],[4606740.086360427,2700448.3496291847],[4596350.930129616,2699754.899522625],[4596074.882944035,2699800.094345759],[4595812.369615599,2699719.6737165214],[4592744.673277626,2699530.6857665395],[4592316.96590311,2699979.1381776333],[4592251.217910943,2700492.520263303],[4591944.253311835,2700709.4032488465],[4591898.2102641575,2701176.847446677],[4591665.257634467,2701562.66187403],[4591765.162428935,2701942.218662976],[4591475.707804527,2702697.8903025435],[4591540.7738749925,2703058.85341976],[4591447.918569869,2703254.1522437017],[4591046.494595249,2703660.977031446],[4590757.593725497,2704256.5412242454],[4590841.107458912,2704948.8328781337],[4591273.633756591,2704975.565082517],[4591940.969389262,2704448.429338569],[4592184.171875333,2704029.8090344565],[4592178.949310368,2703788.5263875825],[4592270.41000104,2703666.31240668],[4592593.44813853,2703578.7356939088],[4592857.884086563,2703718.0398229053],[4593157.92415565,2703721.1312502176],[4593812.611177317,2703572.0359037],[4594080.01436396,2703403.8453111704],[4594653.844034285,2703544.0978169525],[4595228.679608464,2703849.299103296],[4595583.647537579,2703735.286281864],[4596225.2851609485,2703870.727040355],[4596799.535233767,2703842.8701965148],[4597516.449703408,2703993.5422828523],[4597710.5950245755,2704125.4940122124],[4598129.254060923,2704238.7375828736],[4599069.707776199,2704284.1705255816],[4599576.398137981,2704207.239098577],[4599984.233325589,2704542.297778791],[4600074.068547717,2704805.268599066],[4601457.137363603,2705545.9744077763],[4602707.6238872735,2705937.442655181],[4603329.519451122,2706232.8213478527],[4604599.2412895225,2706533.071246742],[4605348.800295783,2706976.350987601],[4607443.986310168,2707048.004828166],[4607864.560897767,2707223.024270427],[4608186.533286381,2707484.0934041827],[4609469.024675766,2708007.0965469675],[4609748.957431527,2707824.030275528],[4609855.581696754,2707602.03176922]]]}},{"type":"Feature","properties":{"flugjahr":"2008-2012","gebiet":"Steiermark"},"geometry":{"type":"Polygon","coordinates":[[[4609182.963086819,2717644.601695551],[4609810.419111427,2708186.0911788237],[4609489.624551133,2708361.2292285035],[4609394.001412158,2708603.9901410746],[4608763.910356494,2708693.607101924],[4608020.338709024,2708540.805144121],[4607878.4098624885,2708583.123493328],[4607439.112939989,2708194.123310417],[4606852.9045841135,2708228.4936147532],[4605696.035757551,2707916.3777221725],[4604598.14960437,2707329.3141387324],[4604177.052148577,2707166.021716432],[4603650.162009923,2707087.7606845642],[4602859.477916552,2706680.7462080824],[4601243.418338317,2706300.920162971],[4600917.197873723,2706146.924792634],[4600713.817834674,2705863.3315942036],[4600352.24665032,2705644.8649148233],[4599977.196544535,2705537.4641578672],[4599045.645466625,2705045.3587353146],[4598556.245810126,2704917.5671945997],[4598117.730247407,2704470.6299520195],[4597783.95704629,2704387.724866338],[4597452.082600228,2704451.6771007325],[4596960.539632139,2704274.1060179668],[4596640.926057053,2704029.7102658115],[4596062.325102454,2704194.1133049144],[4595739.253504168,2704011.934579202],[4595452.349386896,2704082.437143408],[4595014.143477172,2703943.1491109356],[4594704.871968625,2704010.125210005],[4594478.348397539,2703951.5800793706],[4593870.155534077,2703998.76459936],[4593654.573391906,2703911.7804345395],[4592914.499351185,2703884.6713992185],[4592593.035724575,2704259.898301865],[4592290.800709489,2704396.0755352415],[4592132.914048314,2704857.2661277847],[4592010.552693028,2704985.943102594],[4591727.908016312,2705143.907143985],[4591388.028337575,2705196.4815957122],[4591209.392163569,2705468.0168744856],[4590628.932775164,2705728.5682366663],[4590372.919259227,2706242.1227789586],[4590223.18393761,2706213.048372845],[4590059.177524942,2706433.869398281],[4590094.378223432,2706750.9516700865],[4589953.0380673325,2707233.925140557],[4590301.1482777,2707690.114178464],[4590702.517787228,2707967.415568111],[4590859.47493633,2709231.373421683],[4590995.811853257,2709433.5665145717],[4590999.012576216,2709643.089272831],[4591439.436471658,2710291.1590401977],[4591471.763457002,2711017.097222728],[4591578.439762866,2711219.59348249],[4591747.2525591785,2711304.3728407416],[4591747.655889979,2711454.2604903923],[4591954.130557181,2711789.8302368],[4591874.407957172,2712180.9107061345],[4591744.4024475645,2712393.162336092],[4591855.896333113,2712663.472686145],[4591826.388918136,2712783.0462364475],[4593550.832850478,2712861.1353700347],[4593594.602444866,2711862.6170721995],[4599841.359799072,2712145.6724468614],[4599863.260459345,2711645.9740160545],[4602361.889721014,2711759.3053078493],[4602208.687024995,2715254.571454599],[4603458.01165031,2715311.241726111],[4603414.222898771,2716309.773867968],[4604663.537535601,2716366.468733292],[4604598.92515816,2717839.784707867],[4605973.554412657,2717926.0108211595],[4606172.818011969,2717826.3960349928],[4606194.140923719,2717501.913450173],[4606269.037716264,2717450.4566768585],[4609182.963086819,2717644.601695551]]]}},{"type":"Feature","properties":{"flugjahr":"2007","gebiet":"K\u00e4rnten"},"geometry":{"type":"Polygon","coordinates":[[[4564120.207669878,2663853.317098963],[4563994.32514385,2661228.687463688],[4563242.388544351,2660138.930099875],[4562981.45375043,2659910.694643365],[4562839.4788087625,2659896.1296130144],[4562594.569183819,2659984.489029413],[4561740.897448554,2661234.9517692397],[4561141.7747590495,2663053.6110221962],[4561493.292757679,2663202.7917074403],[4561944.497293984,2663642.2238953924],[4562556.862799999,2663577.7659581597],[4563121.562127472,2663918.526408244],[4563375.368149341,2663822.469820015],[4564120.207669878,2663853.317098963]]]}},{"type":"Feature","properties":{"flugjahr":"2009-2010","gebiet":"Steiermark"},"geometry":{"type":"Polygon","coordinates":[[[4758358.021695586,2673276.9228964974],[4758457.953278116,2672720.9087573346],[4758311.451419527,2672152.4329206105],[4757213.363331562,2672176.936482627],[4756422.854141226,2671976.9508294584],[4754971.437208125,2671933.3741906723],[4754573.9408327835,2671952.902535844],[4753947.140615267,2672359.169775243],[4753449.797310094,2672440.1182709057],[4753200.854780801,2672680.7967668306],[4752545.535157546,2672823.530593382],[4751688.268477603,2672752.6449347106],[4751265.191736309,2673104.3621653905],[4751164.225727721,2673373.9551231954],[4750891.758966775,2673557.4895217465],[4749872.642466863,2673865.4462718857],[4749735.111058999,2673552.727236064],[4750004.473026838,2673326.0135295694],[4750626.035445691,2673084.647501262],[4751745.352949218,2672090.593950467],[4752338.922902363,2671756.809104153],[4752805.300197202,2671628.334897547],[4753724.799047012,2671628.070045721],[4753981.984877124,2671541.9402979678],[4754245.346477133,2671200.835164824],[4755403.126433438,2671111.5995755047],[4756357.716658084,2671133.0356607987],[4756993.838621516,2670925.4229636514],[4758196.802249245,2670947.4050017893],[4759036.089007885,2670734.0234537576],[4759096.37548749,2670640.347839372],[4759078.299003257,2670285.3674103483],[4759208.933320006,2670222.0350927073],[4759627.564353159,2669485.2264923705],[4760233.294556641,2669063.635228736],[4760419.865174799,2668846.6125886645],[4761544.1698442465,2668166.624512794],[4762044.379134023,2667562.4176063305],[4762507.86351622,2667471.1532001463],[4763017.020205771,2667212.5271282922],[4763585.344505792,2666607.2292121025],[4763789.700792958,2666519.817825377],[4765494.53144559,2666413.016306441],[4765839.703777295,2665807.726629325],[4766183.828602914,2665678.4287569923],[4766881.026920173,2665784.073636767],[4767411.622163211,2666221.2093398287],[4768152.546152947,2666428.1583031965],[4769026.320712108,2666055.431661351],[4770959.598829433,2665527.3710776013],[4771401.04830904,2660164.491349672],[4757836.2446224885,2659001.9457885684],[4757308.302724565,2659771.8337535574],[4756269.473762316,2660713.490960063],[4755812.159043821,2660635.1578098806],[4756194.4027255215,2658862.1374445856],[4753134.494691607,2658601.529714177],[4753003.760219873,2658830.906517805],[4752808.781538709,2658975.1739643086],[4752113.503054561,2659066.8199370424],[4751795.59591476,2658972.2322072927],[4751378.703237117,2659264.3879037835],[4750686.430524772,2659170.7406277144],[4750388.3989584455,2659214.109565636],[4750176.025663164,2659048.4165443657],[4749973.874497709,2659028.3420163943],[4749707.270590053,2659120.5316902874],[4749499.532530904,2659415.712342371],[4749087.4161015805,2659438.8355720737],[4748653.094247417,2659658.46167461],[4748773.910839912,2660449.4039188023],[4748609.792863634,2660755.0928710233],[4748582.996333279,2661173.3559875414],[4748256.572221433,2661852.9797493815],[4747999.351046091,2662160.67615078],[4747969.1268097125,2662697.8694830015],[4747824.058301376,2662824.6821305663],[4747533.056624681,2662873.9936383907],[4747383.347730313,2663397.3275672295],[4747352.042740715,2664081.1248942493],[4746725.092305675,2665132.7738527907],[4746699.663672499,2665675.696293313],[4746540.820304105,2665954.6437916574],[4746500.612537898,2666373.472413785],[4746877.699277468,2666898.943337012],[4746865.066773288,2667467.323336124],[4747050.464003633,2667777.5803448954],[4747142.8223681385,2668711.8648952693],[4747396.346213446,2668829.686457957],[4748206.425566055,2670192.29286081],[4748614.8142862795,2670015.801123212],[4749056.742988587,2670131.4302660087],[4749263.190553651,2669999.891841755],[4749559.546822769,2669973.4855793975],[4749651.354995793,2669681.5164148095],[4749842.361189634,2669554.4105909774],[4750337.136031096,2669656.0052373717],[4750490.261159814,2669773.8169200225],[4750650.337227563,2670562.8267044527],[4750517.416752795,2670896.1290949807],[4750243.603504022,2671144.335794001],[4750422.477600308,2671638.5016277786],[4750430.970656133,2672026.7686514873],[4750328.11646673,2672331.644603851],[4750180.781274653,2672509.777079781],[4749259.006589832,2672905.578672962],[4748836.217594466,2673471.3584502107],[4748546.938770083,2673544.2793274443],[4748333.17391741,2673501.5191126093],[4747890.133527733,2674589.784893667],[4747940.503343295,2674871.5806239108],[4747819.491886418,2675099.872736652],[4747748.282059722,2675790.3853548444],[4747571.414621444,2676206.536436039],[4747021.657683497,2676577.9250533516],[4746543.826516435,2676733.449988752],[4746250.099397163,2677104.852599927],[4745756.306952291,2677332.3757879827],[4745674.277872239,2677609.37465923],[4745955.514556315,2677873.123565437],[4746016.916918415,2678036.3130429457],[4745842.379675981,2678559.360094552],[4745627.111010085,2678717.557930063],[4745334.89807124,2678700.0452655065],[4745057.07765315,2678819.842247114],[4744876.900870096,2679123.022396505],[4744899.544447273,2679496.3636790453],[4744488.512350907,2679874.654444166],[4744044.331237158,2680452.4667431144],[4743825.169354606,2680569.5062995264],[4743146.679102016,2680605.704981046],[4743097.626301456,2680991.9021880883],[4742931.683485978,2681189.2044193414],[4742594.07245465,2681266.7570042764],[4742429.700398039,2681229.6609179443],[4742096.613993687,2681403.9588380335],[4741994.992496133,2681721.4857471893],[4742258.047018549,2682025.924491929],[4742309.786234795,2682428.6432140893],[4742065.319378763,2682766.576434221],[4741267.867100573,2683191.8776548286],[4741028.801948477,2683705.797263522],[4741161.459006059,2683970.797570248],[4741174.742538117,2684272.75578855],[4740800.054591793,2684725.044081811],[4740446.590147334,2684776.647262184],[4740401.437954219,2685175.4521761555],[4740244.044988309,2685406.037950999],[4740312.835798003,2685660.7383702947],[4740211.549380161,2685884.38102498],[4739674.701139537,2686361.336383206],[4738557.068178424,2687000.1250093016],[4738386.733307015,2687178.890617181],[4737861.722287925,2687292.962956443],[4737678.760260143,2687420.1265937747],[4756914.831113659,2689059.503252826],[4756718.4089934435,2692040.3637414835],[4759666.483977358,2692304.160171622],[4759701.866067282,2692362.0762475897],[4759460.652766607,2695287.7725547724],[4764404.071030177,2695718.4868897456],[4764361.240902606,2696711.6228191983],[4766349.173891921,2696937.203786173],[4766191.664886705,2698877.411011553],[4768180.842487501,2699048.83131761],[4770760.018393808,2667755.867716702],[4770335.350754948,2667763.6753788292],[4769857.729244885,2667982.737179661],[4768940.776739109,2668015.62473362],[4768351.881727476,2667848.461556075],[4767906.280163037,2667546.518586714],[4767035.7681261115,2667705.0884546414],[4765627.206287192,2668174.760026605],[4764584.851113361,2668343.2679191963],[4764105.442704636,2668593.349164595],[4763363.692244415,2669183.5448305034],[4761859.171455849,2669884.118579358],[4760594.813731587,2670674.5052432194],[4760246.590778889,2671284.115114989],[4760123.767665956,2671669.9312747987],[4760091.36169777,2672486.369354704],[4759673.662451331,2673075.2822433147],[4759405.573414599,2673733.71251001],[4759326.078569214,2673743.9691971624],[4759411.386923361,2673899.984268029],[4759532.319349433,2675685.5021863086],[4759802.1675558165,2675881.2676265584],[4759769.941731762,2676364.282596809],[4759643.315364163,2676738.7902984726],[4758933.613780889,2676933.973926319],[4758199.274131345,2676208.022960251],[4757758.07673842,2675033.253821626],[4757353.654027693,2674891.299562215],[4756310.599298949,2675036.918737253],[4755931.822241345,2674995.259466225],[4754930.099490533,2674587.2521912213],[4754259.669374716,2674527.021376962],[4753593.50142559,2674575.1012318456],[4752430.138263753,2674814.2831690805],[4751588.784498424,2675065.4157196404],[4751171.837917453,2675277.247464834],[4750899.745461613,2674699.00600842],[4751476.161642345,2674436.539576619],[4752626.63234137,2674193.780366482],[4753561.706426286,2673724.712530162],[4754899.831168234,2673633.835457719],[4755670.127989085,2673472.489810806],[4755936.718131373,2673559.9797369693],[4756186.41352381,2673507.5382003332],[4756326.010009352,2673384.9038067837],[4757106.579980194,2673195.0192642007],[4758358.021695586,2673276.9228964974]],[[4754575.485372333,2682431.1385331186],[4754269.811422676,2681409.813084066],[4754564.069940721,2680662.6739620618],[4755403.191151481,2680143.1605616417],[4756152.76856621,2680499.4066188186],[4756488.137481365,2681118.691874735],[4756274.992662231,2681524.216851856],[4756552.289230236,2682939.6768617393],[4756706.807397773,2683275.2371633393],[4756659.356508857,2683830.6402967735],[4756442.087854078,2684238.9773201514],[4755877.070979992,2684514.9856717736],[4755496.411787327,2684334.077631151],[4754987.800552909,2682962.9093975327],[4754575.485372333,2682431.1385331186]]]}},{"type":"Feature","properties":{"flugjahr":"2006-2009","gebiet":"Tirol"},"geometry":{"type":"Polygon","coordinates":[[[4334358.726745268,2684347.9183203653],[4334333.8523534,2684438.135927964],[4336150.874359042,2685286.296933092],[4336770.876055535,2685303.144905665],[4337404.611421805,2685439.911561272],[4337627.441767247,2685403.478419082],[4338000.4648817,2685136.6084197955],[4338152.7203243,2685126.99074354],[4339108.980093725,2686091.240735525],[4339398.324948374,2686237.006515212],[4340072.815212288,2686302.615843087],[4340376.327061782,2686736.3757967446],[4340689.730323074,2687017.5447894353],[4341203.6083615115,2687144.7063647565],[4341850.519682012,2687142.767428793],[4342675.099790168,2687694.2538333307],[4343025.628829046,2687844.233947514],[4343747.920167719,2687804.5652811485],[4344818.157183638,2688621.8537133764],[4345877.239960511,2688490.3833600814],[4346489.972844903,2689116.041846016],[4346412.933115789,2688787.8222464705],[4345840.647838709,2688239.78851707],[4345363.633223846,2688437.9095154847],[4344728.460750131,2688430.4591654367],[4343715.015492534,2687619.833815027],[4343375.645715642,2687712.795164429],[4343151.406770684,2687619.3117475193],[4342952.17567505,2687357.97940648],[4342836.507666657,2686961.488801302],[4342431.865399641,2686727.1299027964],[4342177.353924223,2686382.976708741],[4341024.9090858605,2686377.493788764],[4340861.999236885,2686242.78096552],[4340830.115868558,2686027.3000078993],[4340581.520622322,2685872.8932665596],[4340456.047047909,2685633.38829649],[4339824.360158467,2685455.4278675737],[4339629.860467021,2685533.775532388],[4339442.981469684,2685489.1908958605],[4339094.6803374905,2685147.028265656],[4338808.952896804,2684587.9180786433],[4338609.510659323,2684501.414514837],[4337919.494811859,2685009.6319627427],[4336769.86426243,2684958.799209499],[4336235.852824884,2685133.0797186103],[4335650.917254558,2684804.8565800264],[4335535.067881358,2684654.3470846214],[4335104.081030067,2684640.7732105455],[4334358.726745268,2684347.9183203653]]]}},{"type":"Feature","properties":{"flugjahr":"2017","gebiet":"Vorarlberg"},"geometry":{"type":"Polygon","coordinates":[[[4334270.511911876,2684515.203802623],[4334358.726745268,2684347.9183203653],[4334132.954211201,2684070.527119039],[4333904.248650853,2683457.5792009626],[4333910.707937787,2683283.6615511724],[4334012.850258246,2683142.6470328593],[4334531.689154445,2682983.0841811365],[4334779.953537179,2682802.1103824847],[4335098.1567432,2682861.955107271],[4335413.999633412,2682749.4412050704],[4335790.112635801,2682416.792094699],[4336495.736836359,2682369.604058582],[4337093.2544765305,2682137.3048611563],[4337502.1870563,2682094.8879041607],[4337585.423362928,2681958.8599867057],[4337419.074521675,2681873.844676788],[4336933.568824606,2681927.7786164363],[4336710.66313204,2681795.890840248],[4336415.803947175,2681373.9007284967],[4336089.808056782,2681096.269854228],[4336024.769170674,2680875.10067459],[4335848.730707848,2680776.3069050857],[4335692.17002856,2680506.627943474],[4335670.988480674,2680199.575210106],[4335743.6130220145,2680041.3717315663],[4336003.525602588,2679753.7100774823],[4336520.141405661,2679586.6867298107],[4336594.204531853,2679437.5299947415],[4336488.285703541,2679166.490969734],[4336759.466723725,2678848.569590712],[4336709.441527841,2678525.77825427],[4336846.075124032,2678133.9089072305],[4336789.890833887,2677458.88459783],[4336874.29559984,2677108.791957938],[4336808.954829266,2676866.1992867743],[4336081.327436671,2676058.7294550473],[4335688.844932149,2675844.8855948006],[4335614.802339451,2675372.851984111],[4335878.181325813,2674152.528584701],[4336173.108226634,2673840.627292832],[4336179.376585033,2673565.988257565],[4336359.140151771,2673263.666324803],[4336586.971999402,2673057.3473345228],[4336571.85954362,2672612.739757798],[4336432.64661938,2672273.2802743106],[4336495.541991388,2671638.492371496],[4336630.214943986,2671483.493596467],[4336978.194607599,2671326.483505437],[4337233.52931449,2671007.0171202756],[4337479.471723243,2670925.607767462],[4337514.307213395,2670821.417812925],[4337169.883981282,2670407.2602804904],[4336796.949113686,2670395.4978531627],[4336179.714149814,2670047.8411549414],[4336169.627759804,2669233.3901574574],[4336369.451566156,2668906.0561144976],[4335017.440382432,2668655.2568348646],[4334861.200246891,2668450.7273870464],[4334863.098114078,2668014.08421985],[4334141.701298875,2668110.587330022],[4333797.412719871,2668049.7646474717],[4332464.793039718,2667234.055178219],[4330424.575427475,2663335.5499193897],[4330523.352199732,2661312.473154457],[4330916.182774809,2661011.3631597864],[4331125.161522969,2660513.2668989287],[4331649.372510267,2659936.412765819],[4331781.799223864,2659605.3499062015],[4331811.986345838,2659152.2850820487],[4331708.772863412,2658768.6389662754],[4331443.989802416,2658316.1935289023],[4329863.636771142,2656994.8326569293],[4329709.453595683,2656731.3449134263],[4329682.507449852,2656425.9551334437],[4329775.684976063,2656159.694429827],[4330570.621706391,2654944.588437223],[4331251.399990588,2654531.8087884937],[4331564.719585696,2654200.776606419],[4331767.272557043,2653655.1181194987],[4331745.092150386,2653096.083686822],[4331387.88209707,2652532.476979956],[4331141.06124601,2652299.877219386],[4331063.81607109,2651792.18650206],[4331251.696171366,2651043.9506628267],[4330991.22837254,2650157.9935009433],[4330160.168369925,2648366.2353026285],[4329781.970949555,2647920.7383974465],[4329003.656520975,2647498.6099372217],[4327876.7940929765,2646025.9951501465],[4327757.0146509735,2645665.8081071237],[4327907.411849512,2644699.9334026612],[4328658.695629078,2642116.8366319244],[4329408.518369831,2640877.426079497],[4330536.450633366,2639873.5823687003],[4330769.659297862,2639575.961602759],[4331493.185023287,2637115.3718071384],[4330938.5098179635,2637159.6378571913],[4330891.091207941,2637087.311444789],[4330967.479864227,2636970.6210653386],[4330457.036713861,2637034.9159944523],[4330289.969794272,2636909.3827022915],[4330175.691372787,2636626.5172692765],[4329893.456986512,2636567.010514075],[4329677.270023635,2636385.0640066955],[4329042.004575152,2636233.477652699],[4328895.703329651,2636302.9249521103],[4328672.589461635,2636734.3729460286],[4328211.925801837,2637250.872469088],[4327885.497591254,2637474.630687361],[4327840.927439822,2637915.463527755],[4327916.253855217,2638156.3102147933],[4327851.398764194,2638287.167270909],[4327632.785618413,2638416.507497842],[4327152.231632286,2638399.187334627],[4326743.073135051,2638561.0754551096],[4325489.813478414,2638448.393117004],[4325358.082118064,2638542.8625927777],[4325106.710713694,2638564.2297192644],[4324802.290167233,2638834.0197298033],[4324728.188339666,2638967.3168521747],[4324706.750969952,2639726.0051628584],[4324798.09287074,2640226.3056768766],[4324392.080559807,2640579.002125476],[4324116.59015008,2640680.1813441925],[4323880.897828108,2641274.420845663],[4323585.547241781,2641316.320215424],[4323339.969595847,2641515.081338637],[4322901.8561810255,2642344.57597756],[4322667.071492613,2642449.094681977],[4322332.582973402,2642834.3600791777],[4321801.000739007,2642841.9783662832],[4321513.272832223,2642680.395765016],[4321320.436264216,2642681.291241228],[4321070.899163353,2642755.708638936],[4320664.360284363,2643033.6798454933],[4320159.276406543,2643085.002924702],[4319874.594804694,2643416.4713773318],[4319558.775549764,2643525.2825168176],[4319421.187963265,2643813.9012158625],[4319467.916098346,2644032.8471286627],[4319395.4421550585,2644319.832730976],[4319190.616595972,2644550.690762959],[4319063.747094423,2644509.487762419],[4318905.35237902,2644306.7023056573],[4318484.745724819,2644162.1155713033],[4318104.829715161,2644201.0822082404],[4317795.800909411,2644550.663014885],[4317253.176567044,2644380.4993214114],[4316899.251514563,2644175.5628858055],[4316149.8670438025,2644287.359438037],[4315491.58994094,2644678.9185220976],[4315021.632478915,2644845.5369281676],[4314505.120409455,2645271.934878785],[4314349.287895573,2645615.184721273],[4313911.502950652,2645586.1338342987],[4313259.055446253,2645887.195139922],[4313184.403585504,2646068.8672494013],[4312905.113195876,2646321.6930559156],[4312189.9051100025,2646457.7322311937],[4311889.731795457,2646664.9865837805],[4311644.822830647,2646619.8665498355],[4311442.951430372,2646698.4556870563],[4311402.2396136075,2646864.303195783],[4311539.157818048,2647297.142039068],[4311439.487166654,2647451.6138144895],[4311434.074749242,2648178.7770489277],[4311308.975351426,2648558.2618094026],[4311487.85166705,2648788.3813024187],[4311584.606412781,2649225.324207822],[4311227.239615008,2649569.8189987037],[4311005.488717571,2650015.3674442926],[4311363.383916912,2650497.98518134],[4311394.801166377,2650699.399143291],[4311305.051164662,2650958.355100279],[4311378.583085065,2651193.4519880703],[4311660.917277649,2651438.3355322713],[4312000.623244469,2651931.369285329],[4311954.431754635,2652230.1736864652],[4312093.250386411,2652521.621664513],[4312604.385536859,2652966.6036127135],[4312432.692398037,2653381.582729211],[4312376.036885026,2654002.437625076],[4311177.820955405,2654621.2668685103],[4310870.752991542,2655238.473444328],[4310878.493930247,2655466.642662276],[4311014.327777877,2655614.4060352184],[4311405.282778948,2655789.0504350397],[4311655.907607515,2656055.349107118],[4311573.911411876,2656234.33609539],[4310422.065972794,2656388.147476627],[4310224.200213166,2656054.0684351437],[4309877.387277391,2655765.5466225836],[4309373.914458495,2655724.5993163865],[4309014.795877208,2655586.520520514],[4308833.725397151,2655272.8728579576],[4308556.537204887,2655186.405491121],[4308303.131534681,2655330.9370795926],[4308198.426062768,2655514.1296390872],[4307984.9058833765,2655487.855680394],[4307855.6063409895,2655746.489757102],[4307314.004543635,2656201.17810224],[4306997.053404657,2656347.689073267],[4306680.004872026,2656339.705149551],[4306270.864707345,2656565.80473393],[4305623.010833011,2657088.9213033346],[4305046.1790222805,2657365.700376795],[4304920.426474907,2657639.641744869],[4304401.983282609,2658129.0107301255],[4304169.496272256,2658213.136409742],[4303398.458508618,2658200.1923685],[4303027.272492346,2658094.884377067],[4301758.438594502,2658048.414734295],[4301485.368081525,2658382.670376243],[4301480.391740664,2658498.400285173],[4301280.74597725,2658605.2747488106],[4300915.273170886,2658613.1312918346],[4300110.363962157,2658817.233467068],[4299486.595623062,2658779.9052321003],[4299318.033904021,2658961.1726599205],[4298608.212392313,2659328.3578473465],[4298406.386785519,2659767.602209475],[4297931.444424742,2659784.500136736],[4297502.238586104,2660046.4022291],[4297137.4696116485,2660157.1116187847],[4296698.042856991,2660559.776863597],[4296717.771909356,2660837.227609013],[4296128.212713587,2660589.7621941655],[4295847.943112239,2660540.2098780917],[4295507.621402659,2660604.358763803],[4295096.739661577,2660437.374204511],[4294091.351749498,2660573.661602435],[4293891.538093977,2660310.6828408977],[4293816.706705774,2659990.013403286],[4293414.998000897,2659723.4822157896],[4293015.587102,2659668.25386512],[4292536.417400548,2659689.053527853],[4292387.249738715,2659799.8313078303],[4291818.218353804,2659951.0531466044],[4291034.014146474,2660733.3338514827],[4290999.030827688,2660978.2987378356],[4291265.040141807,2661271.4173824796],[4291294.575200335,2661622.2213974707],[4291454.325231468,2661884.861642888],[4291233.448543837,2662473.249224809],[4291342.659489587,2663038.9052765765],[4291482.102706354,2663100.006848369],[4291970.608244233,2663005.0018590637],[4292294.388993248,2663420.483025519],[4292975.845469493,2663555.420459715],[4292975.971971686,2663776.605703223],[4293137.520360583,2664220.599981595],[4293161.786646576,2664821.880660195],[4293082.935832557,2665249.923640834],[4292818.646420336,2665619.482717133],[4292636.84029032,2665742.8958006334],[4292569.04082718,2665918.8262094976],[4292168.7941227695,2666082.778738574],[4292043.836294966,2666393.1853762306],[4292317.255773155,2666846.9705138654],[4292400.979652152,2667447.3433306767],[4292977.285272922,2668084.486531796],[4293022.808864778,2668247.8254147144],[4292358.26037739,2668802.361254161],[4292351.29946346,2669444.979354641],[4292188.229060641,2669815.8976937174],[4292367.150955637,2670247.4354171893],[4292190.582240485,2670582.2946195314],[4292115.114081581,2670606.2415757077],[4291628.219036798,2670354.0569224586],[4291213.409068387,2670428.250986392],[4290926.144574317,2670599.1074978677],[4290705.994980044,2670917.6614893777],[4290695.1278660195,2671229.2180445706],[4290501.27319456,2671525.524392968],[4290519.166558785,2671794.1689849207],[4290265.419091715,2672130.275796321],[4289832.230764137,2672328.73334907],[4289088.648223429,2672962.5935013522],[4288452.443868713,2672819.113954526],[4288024.303267758,2672878.137706912],[4287831.851001503,2672986.021601199],[4287822.398323638,2673134.5669052186],[4287981.331141527,2673426.677740674],[4288468.940660057,2673802.2309912127],[4288439.8315079305,2675397.6806810405],[4289021.124194487,2676043.2213010215],[4289285.743121643,2676899.061183421],[4288894.996515569,2677284.3036921225],[4288712.285389583,2677792.784609655],[4288211.012614451,2678427.4170239037],[4287857.388045985,2678556.135290602],[4287620.686763412,2678845.108289006],[4287237.820766916,2678739.715482384],[4286900.303322029,2678944.730822082],[4286926.538530015,2679200.7119739996],[4287368.743470328,2680088.897034483],[4287844.376218445,2680649.020403321],[4288040.195802519,2681029.5701198243],[4287523.623747715,2681857.9879077906],[4287331.87727901,2681962.126249564],[4286763.960769969,2682556.748502732],[4286382.38275757,2682744.4672806496],[4285999.665515408,2683096.454867944],[4286006.332044794,2683496.665008697],[4285802.851220843,2683583.62924472],[4285305.738011711,2684237.1025091093],[4285521.946241485,2684663.1965791704],[4286510.976707808,2685356.185879562],[4286868.724171938,2686013.602428386],[4287255.898254374,2687345.885212852],[4288390.132764749,2688402.4806185327],[4289121.282703921,2688873.196610023],[4289614.364917854,2689524.5288419197],[4290582.803146558,2692754.444123728],[4291413.001987098,2693989.45209645],[4292586.569234635,2695057.6045755767],[4293048.932378664,2695591.6878255685],[4293767.480093039,2696741.3739112173],[4294188.373289603,2697803.095572128],[4294408.7792618405,2699000.0105654253],[4294320.7220160635,2701055.900739933],[4293952.047525411,2702421.7114756024],[4294077.848924057,2702871.470795894],[4294702.597426803,2703708.507911069],[4294818.11494883,2704173.5670384467],[4294731.096270133,2704367.6506402455],[4294149.454048299,2704612.987104195],[4292852.28623481,2704701.66610975],[4292401.503086364,2704827.4660141906],[4291976.849570818,2705339.334627371],[4291525.036929316,2706196.7986284476],[4291438.0200540405,2706154.568794962],[4291333.066360304,2705607.351467533],[4291142.760962303,2705352.4785953294],[4290859.277668147,2705268.370269076],[4290457.174953134,2705401.477656614],[4290155.15565158,2705798.8197841346],[4289343.60082506,2707717.222481143],[4288136.769936854,2708747.3854366043],[4287889.9587036045,2709075.7696613437],[4287763.318600853,2709569.1690036096],[4287770.156446291,2710270.5755784726],[4288107.213950008,2710229.135768883],[4288176.134624835,2710041.096542788],[4288572.667776657,2709837.8902288075],[4288838.847448723,2709243.290264455],[4289983.382985696,2708599.5277329064],[4290740.443793584,2708523.2004307183],[4291306.191427385,2708568.9286912973],[4292010.883409872,2709242.5464079245],[4292631.698350734,2709295.3783117426],[4293106.457744585,2709819.0358327487],[4294220.741666352,2710727.9545701826],[4294491.667022505,2710471.0352223804],[4294879.692271458,2710595.2571482966],[4294815.261237177,2710863.8401561724],[4294418.9809115045,2711266.772240265],[4294477.9091947675,2711347.1551398956],[4294024.181971902,2712396.319645068],[4294313.144326853,2712629.349625403],[4295109.478654928,2711603.869155067],[4295630.22752319,2711211.1865054294],[4295922.768073778,2710792.798025242],[4296447.04508902,2709729.151238559],[4296896.010278456,2709720.0273778336],[4297272.80576364,2710335.220713335],[4298098.976676171,2710777.9776481437],[4300233.160282885,2710651.354598324],[4301564.909262791,2710387.6116278917],[4301658.880975656,2710420.2396546323],[4301732.951914979,2710595.426328971],[4302186.383069803,2710699.947635782],[4302366.152517669,2711060.109359373],[4302404.669559977,2711415.3139140317],[4302184.05353438,2712027.29270717],[4301732.143926553,2712518.277601537],[4301075.034805043,2713015.206696477],[4300527.404950417,2713166.78479697],[4300318.5766405,2713495.9878442977],[4300488.293889179,2713593.857894117],[4300846.37905467,2713618.858058073],[4300951.513204392,2713756.5672751823],[4300891.807005814,2714847.7192225694],[4301305.438505679,2715481.7221272457],[4301390.634945791,2715808.4040055107],[4301534.7466523405,2715907.1597154345],[4301532.156813589,2716238.36786027],[4301782.213884859,2716448.168514341],[4301826.9696069155,2716845.0403192],[4302030.612798639,2717093.2629756904],[4301880.668260312,2717517.7711857976],[4301972.8387258835,2717634.969810077],[4302428.613206646,2717840.236454206],[4302520.797964353,2718566.343233267],[4302846.224563869,2718701.877851446],[4302840.309091915,2718967.2648077505],[4303151.902600042,2719390.7109864214],[4303228.541994273,2719628.4994432875],[4303406.086768329,2719710.4163945904],[4303562.485967557,2719628.401478128],[4303711.967585278,2719655.2809301056],[4304154.512855896,2720374.7187541802],[4305295.146131751,2720204.8714627246],[4305707.510450458,2720260.5478466973],[4305918.44566696,2720448.872860251],[4306129.676550725,2720439.60174872],[4306706.2882913435,2720027.2608655426],[4307057.072819824,2719629.435688794],[4307344.352783088,2719639.5571231153],[4307833.561477171,2719411.078493442],[4307938.582852822,2719213.962545288],[4307959.559581949,2718725.913025208],[4308118.756332834,2718586.2828393476],[4308154.461065952,2718375.070838356],[4308031.215038044,2717793.247799883],[4307742.0226811,2717454.557995883],[4307733.072313945,2717235.3492748435],[4308031.250625123,2716603.8950512614],[4308050.437455466,2716373.2848759643],[4307852.637205004,2715903.283994334],[4307609.410423227,2715611.0571805662],[4307353.023297954,2715463.384499266],[4307277.500023037,2715114.894422631],[4307323.992322191,2715046.5836715847],[4307767.911135965,2715045.8765305644],[4308084.76727706,2714950.103411595],[4308335.249787817,2714700.1896767737],[4309138.173137269,2714417.3300967715],[4309713.620362662,2714413.9768283376],[4310070.750652605,2714160.344193853],[4310435.799563469,2713549.71319005],[4310767.35445574,2713486.3604368446],[4310974.685786211,2713323.7551535466],[4311284.686533649,2713232.8769806386],[4311359.925303859,2713278.1820602133],[4311354.02848906,2713415.3190526497],[4311491.596030184,2713546.3408158226],[4311652.470319612,2713931.0738028134],[4311643.453014341,2714140.8088687602],[4311453.713445702,2714311.476555631],[4311453.092198385,2714512.658261108],[4311844.248973634,2715027.453375582],[4312018.341827051,2715105.7997051068],[4312410.0416525565,2714953.8820166504],[4312693.7717657685,2714679.6623662612],[4313423.474188297,2714739.5439888267],[4314020.332920278,2714445.979868102],[4314226.614767939,2714212.1937993844],[4314256.388211389,2713958.896635948],[4314474.570035044,2713695.973113012],[4314593.777522578,2713348.463767998],[4315035.6697168015,2713075.4483886925],[4315958.635342113,2713422.5110048964],[4316520.056417627,2713996.8354517343],[4316894.992545686,2713836.894023439],[4317846.303178141,2713679.1007112646],[4317788.51658903,2713883.5938286083],[4317844.898889335,2714101.8232525643],[4317743.522455404,2714428.0821975535],[4317800.472501106,2714521.878319677],[4318184.832701429,2714530.507170984],[4318531.283080126,2714896.2610861277],[4318857.3819714775,2714828.216647413],[4318971.255735752,2714483.499212549],[4318704.4771447955,2714161.952105254],[4318687.22946323,2713914.428633417],[4318556.311530402,2713699.0332811107],[4318529.403954635,2713176.432032493],[4318669.235769047,2713033.9157009185],[4318756.593219392,2712700.427668714],[4318715.5892705005,2712311.9325775653],[4318528.623601986,2712011.55773015],[4318860.894020631,2711726.910727568],[4319015.054924833,2711463.2745682765],[4319517.342724318,2711162.291516101],[4319619.851611188,2710969.1392668225],[4319925.397104916,2710942.6125566326],[4320342.738848161,2710332.045028011],[4320778.359531435,2710017.4471371113],[4320783.870185754,2709810.439229726],[4320312.767452294,2709440.0462666214],[4320279.392887974,2709331.4415698415],[4320739.702269774,2708180.5249067796],[4321033.050872725,2707847.791348004],[4321193.009336496,2707746.6963939094],[4321823.855807049,2707761.1293713767],[4322197.835815474,2708065.76407705],[4322674.16950611,2707982.2102488875],[4323751.898630978,2708545.0638024937],[4324454.254489275,2708359.0543479975],[4324677.507580838,2708171.6517975987],[4324646.095368006,2707820.5006921533],[4325229.256603907,2706954.7001385014],[4325257.720785532,2706712.625389643],[4325075.357346116,2706358.929188651],[4325221.557952308,2705961.941301988],[4325983.939013314,2705679.2385119167],[4326274.526677397,2705358.162559824],[4326488.02732745,2704891.776074414],[4327064.039357194,2704848.7188656246],[4327244.6986867245,2705146.2578210635],[4327738.699106958,2705364.6444663145],[4328025.3537351955,2705153.5125338286],[4328305.91709389,2704125.444996871],[4328272.912798896,2703874.8253932367],[4328172.058351204,2703743.416282992],[4328199.877917198,2703176.1775002372],[4329107.463435548,2701733.417034349],[4329088.956565071,2701614.7023375975],[4328437.760679,2700988.4903468788],[4328367.509956621,2700848.4220605833],[4328371.562040154,2700465.8041629293],[4328265.174847255,2700322.919570427],[4327491.173090111,2699963.294028766],[4327068.881655442,2700023.121147218],[4326674.924238957,2699956.907188881],[4326488.465650163,2699564.62592108],[4326609.738332019,2699303.8438620954],[4326828.447758388,2699141.487090362],[4327117.969592134,2699094.7694159974],[4327320.768172481,2698730.765286612],[4327645.225675389,2698512.3845105995],[4327647.828255962,2698242.3827548902],[4327419.725415574,2697780.810288791],[4327827.9240669925,2696829.236735485],[4328735.255438743,2696468.013179521],[4329459.884412358,2696284.912004276],[4329954.348544184,2696256.3685917365],[4330569.709216246,2696371.299599728],[4332036.6037252,2695997.7548354557],[4332383.802645127,2695885.69816065],[4333418.03133078,2695194.760600494],[4333652.027088557,2695386.0510230963],[4333610.440569587,2696348.57652365],[4333668.962314531,2697020.6814702055],[4333791.226200096,2697090.4215849466],[4334305.442219903,2697043.663875241],[4334531.266550061,2697169.1693841172],[4334573.024972285,2697677.4484483325],[4334666.6344588725,2697801.41836938],[4334893.935432403,2697766.456487709],[4335219.133656099,2697538.624212983],[4335813.078717403,2697461.6129553905],[4335970.679553157,2697117.103893175],[4336206.359815812,2696853.233866727],[4336359.30573145,2696771.391420811],[4336706.969157747,2696796.023112673],[4337049.11385071,2696592.4321997683],[4337424.303237187,2696720.1091797007],[4338023.885948179,2697379.0661754995],[4338184.574053595,2697439.3913951255],[4338467.139169039,2697293.345417274],[4338562.694424418,2697068.7776333857],[4338983.565354908,2696564.836095957],[4338960.551297188,2696408.669082199],[4338713.936950889,2696208.1252952805],[4338946.737038864,2695906.288472264],[4339065.765895215,2695550.858940071],[4338861.926854173,2695169.111590925],[4338548.877603271,2694865.7623474873],[4338438.277604967,2694383.927348984],[4338154.549381036,2694167.9783344488],[4338100.686315287,2693859.057257861],[4337561.758455328,2693408.8852903405],[4337534.19057322,2692853.208884442],[4336671.269829799,2691624.2512619365],[4336853.630713848,2691298.9816935062],[4336823.296019589,2690938.9440995627],[4336673.78905849,2690687.666031373],[4336313.500572784,2690385.2366823573],[4336361.561484007,2690265.377942976],[4336592.367107817,2690138.3565271385],[4337092.951476906,2689604.5410636184],[4337113.372752854,2689357.5828634743],[4337476.137921953,2688704.8778957333],[4337473.675286533,2688578.380324911],[4337148.774430442,2688477.4270527386],[4337055.280065077,2688006.292768731],[4336538.460392437,2687536.5133747007],[4336451.817411732,2687329.225516637],[4336143.205784984,2687003.2525725043],[4335850.245016943,2686933.4498867816],[4335396.948485464,2686586.1756997304],[4334953.175006671,2686576.5649343203],[4334705.96340841,2686735.0674732905],[4334628.074757677,2686685.2560718097],[4334558.586301171,2686310.975722256],[4334410.931299734,2686140.7982085673],[4334463.293215601,2685380.0322260014],[4334246.852731012,2685064.4688231004],[4334409.188440096,2684715.451594167],[4334270.511911876,2684515.203802623]]]}},{"type":"Feature","properties":{"flugjahr":"2010-2011","gebiet":"Steiermark"},"geometry":{"type":"Polygon","coordinates":[[[4669796.679608399,2715359.679269621],[4669785.207537821,2715635.169952585],[4669875.398391896,2715690.030908376],[4669513.102174525,2721219.196539869],[4669366.201170428,2721227.0667007193],[4669360.161221336,2721308.1360162836],[4669504.417465213,2721344.027499328],[4669416.809385663,2722687.0034057363],[4668834.5343210865,2722643.1523388117],[4668824.308407039,2722278.165389249],[4656014.142090997,2721689.0614672545],[4655870.729167371,2723669.3073699432],[4652906.816346607,2723549.396485824],[4652851.156603439,2724494.114004],[4652794.274552442,2724543.297378066],[4645318.822908972,2724215.7520703725],[4646036.47633359,2724525.427189847],[4646568.354647307,2725021.785004852],[4646785.789359665,2725367.2965954435],[4646822.938548835,2725757.2572109844],[4646978.6774082985,2726088.6163858706],[4647164.083366709,2726880.8619276998],[4647319.101092852,2727111.892750621],[4648094.27551818,2727438.1589508355],[4648587.4854980735,2727457.728076602],[4648788.433406781,2727643.87424787],[4649193.936989493,2727826.222452453],[4650163.83754797,2727807.071140295],[4650894.471514264,2727443.4099859814],[4651565.0732545,2726897.137304452],[4653224.689880606,2726663.350749581],[4653504.294511941,2726904.811608227],[4654437.552993614,2727304.1279732864],[4654887.277617335,2727675.0747182523],[4656469.13157214,2727728.673025443],[4656845.992291496,2727628.0299430634],[4657336.662559243,2727722.607177018],[4658712.730836411,2728558.256661709],[4660050.701808287,2729017.72000201],[4661202.029843167,2729263.60658536],[4662173.6618676875,2729385.8883263883],[4662978.93344328,2729020.1717927977],[4663426.604300196,2729144.1932700137],[4663683.516664503,2728851.2745663836],[4663903.81558443,2728824.354457705],[4665422.504382988,2729101.4793226444],[4665991.322134497,2729440.243656221],[4666377.366674813,2729156.615292225],[4666938.561197703,2729084.0705849747],[4668443.853151564,2729960.890499601],[4668712.423592714,2730311.43443802],[4669126.9763567485,2730493.1635709284],[4669606.032014129,2730553.0797930127],[4670000.964168872,2730469.6631367784],[4670397.415780826,2730646.3540180055],[4670581.750654593,2730577.1828748775],[4670875.130058646,2730632.8495750027],[4671207.320395,2730467.716806695],[4671425.284198951,2730250.7764910115],[4671701.630500031,2730148.0506078824],[4672135.681818186,2730230.550442856],[4672785.044773794,2730641.1741192727],[4673272.746262357,2730718.284710016],[4673861.626179678,2731099.011526627],[4674950.71326202,2731039.791989913],[4675366.626634839,2731348.3444953137],[4675868.989976335,2731462.847034334],[4676380.379366171,2731793.415890314],[4676502.414803351,2732017.072086888],[4676554.65815242,2732550.666564606],[4676976.577716565,2732807.38051611],[4677625.06162748,2732996.436891099],[4677772.446470611,2733124.983287087],[4677759.266830468,2733472.097943325],[4677861.468702071,2733809.0786660085],[4678391.231725319,2734762.74788793],[4678469.126610778,2735115.2418127144],[4678731.446072558,2735371.031843244],[4678730.058848957,2735854.728834238],[4680450.486062016,2735964.348786419],[4680572.182191208,2734972.2366157337],[4695497.426481556,2735970.6009800737],[4695662.291685811,2733476.0744289584],[4695589.579117816,2733463.6813026145],[4695573.857985411,2733341.6549755577],[4695676.31281668,2733262.8794748923],[4695854.867885224,2730543.7255226434],[4696484.50967292,2730500.7894762917],[4696742.264994163,2726581.2682873285],[4697990.869571571,2726623.840200224],[4698139.283643446,2724650.967695612],[4699348.2427504035,2724702.425429476],[4699441.342859826,2723752.496514833],[4700056.115789526,2723759.671253796],[4700318.936058549,2719827.61597031],[4700373.562259554,2719772.9772197534],[4701411.739749767,2719800.918649474],[4701578.695466519,2719732.37022525],[4702026.277829189,2712912.756321452],[4703224.357538876,2712946.2535313712],[4703375.449931643,2712893.839538381],[4703898.715625189,2712962.945312113],[4704061.379025032,2710554.6468838286],[4703979.630276185,2710495.163412407],[4701571.293921201,2710289.93960465],[4701968.010828382,2704446.4019795805],[4701495.6589628905,2704352.8517826493],[4701652.065443809,2702457.246080421],[4696766.357875517,2701997.4897765163],[4696706.006363444,2702085.432155342],[4696547.988415528,2703983.7557477024],[4694551.1522316225,2703865.6776528596],[4694292.182290854,2706800.8534292714],[4686753.892497827,2706183.757524437],[4686603.058664235,2709128.3154583946],[4679660.24115261,2708810.06360868],[4679523.2072836645,2710803.6993933627],[4675586.777904319,2710623.272464958],[4675527.522222969,2710680.773954487],[4675429.600491619,2712616.9236347396],[4673457.7901538415,2712546.1658811485],[4673297.778170572,2715517.4381905785],[4669796.679608399,2715359.679269621]]]}},{"type":"Feature","properties":{"flugjahr":"2009","gebiet":"Steiermark"},"geometry":{"type":"Polygon","coordinates":[[[4669758.414088361,2717449.7906437786],[4669872.853160155,2715642.3406127444],[4669785.207537821,2715635.169952585],[4669796.679608399,2715359.679269621],[4669274.211599057,2715333.3137332518],[4669801.087426461,2703357.2095583603],[4670070.137378467,2703322.9172703917],[4670065.473891952,2703194.0743454886],[4652604.089048097,2702019.2414614833],[4652140.895157821,2708905.1512867487],[4652195.39721317,2709081.661122953],[4652125.1584136775,2709141.7982457215],[4651684.742225079,2715875.3493342735],[4651823.522009913,2716524.58134494],[4651669.306809587,2716684.259287674],[4651628.170831341,2716973.5000076517],[4657809.365541327,2717400.8396172356],[4657940.230245903,2716908.524792931],[4669574.323681721,2717692.3449916774],[4669671.394742087,2717647.890319045],[4669758.414088361,2717449.7906437786]]]}},{"type":"Feature","properties":{"flugjahr":"2009","gebiet":"Steiermark"},"geometry":{"type":"Polygon","coordinates":[[[4780477.822153325,2635239.594764745],[4779224.330954315,2635875.0450563445],[4777970.842114934,2636510.5138335675],[4779156.6245711045,2636344.695609033],[4780477.822153325,2635239.594764745]]]}},{"type":"Feature","properties":{"flugjahr":"2009","gebiet":"Steiermark"},"geometry":{"type":"Polygon","coordinates":[[[4777160.082489024,2667552.5970165385],[4776189.242562074,2667434.5346294865],[4773883.008017865,2667520.233180036],[4772820.010954011,2667731.7639197623],[4771872.849859442,2667760.8842248744],[4771155.240553822,2667947.9724399536],[4770752.73274693,2667787.3500290965],[4767937.159496784,2702033.7316415817],[4768876.502972181,2702120.1072293143],[4768927.896120215,2702161.663955152],[4768859.60609883,2703118.1435625628],[4769835.681030378,2703241.8294597166],[4769681.239920189,2705197.4276189874],[4771660.708621951,2705394.2292741495],[4771262.113180372,2710335.2767687133],[4772252.085272506,2710482.7436375334],[4772210.920616737,2711435.576814073],[4772927.159256093,2711496.792765072],[4774586.256096524,2705999.682888739],[4775890.826481576,2703694.8377218824],[4776362.979027213,2691379.1114580333],[4779039.139199342,2686354.2289625336],[4779502.177251144,2680475.0220044227],[4776495.4395906795,2676057.639522085],[4777160.082489024,2667552.5970165385]]]}},{"type":"Feature","properties":{"flugjahr":"DTM:2019, DSM:2010","gebiet":"Steiermark"},"geometry":{"type":"Polygon","coordinates":[[[4772927.191055915,2711496.687320945],[4771499.307841487,2716227.0548094823],[4768706.329118528,2718531.3448944036],[4765813.96483738,2719822.7977471673],[4763052.166669222,2720471.5732174213],[4759535.828574744,2720284.9829971627],[4768204.194147294,2720876.706781558],[4769227.218107021,2720406.0588453007],[4770990.390533691,2718967.6750051584],[4773622.602713266,2717037.368586247],[4775084.373398189,2715694.8594257124],[4773839.973209879,2715586.478521824],[4773906.160944507,2714614.826150843],[4772930.888020592,2714502.95458169],[4773161.721735117,2711553.4653934357],[4772927.191055915,2711496.687320945]]]}},{"type":"Feature","properties":{"flugjahr":"2009","gebiet":"Steiermark"},"geometry":{"type":"MultiPolygon","coordinates":[[[[4753134.494691607,2658601.529714177],[4756194.4027255215,2658862.1374445856],[4756406.964982506,2658236.432667405],[4756752.995034266,2656645.9470694372],[4756696.128095909,2655358.109416213],[4756812.998246384,2654517.759039206],[4756667.762961291,2653830.363611917],[4756901.132912059,2653257.65654285],[4757025.751095345,2652606.824635322],[4757174.140570881,2652374.497614845],[4757135.663291586,2651880.2353202505],[4756443.640561575,2650870.1535072955],[4756342.409127445,2649451.114333698],[4755969.352222467,2646595.1579905767],[4756391.184901452,2645491.745911574],[4756865.156886494,2645212.5413355865],[4758077.601643361,2644881.575440308],[4757703.654864358,2646608.760638039],[4757971.884246843,2647415.9411021327],[4757950.61495085,2647948.4278170406],[4758189.206655443,2648470.9929981274],[4758111.627376909,2649352.20760955],[4758200.045552906,2650078.9946303624],[4758691.489535885,2650865.593451543],[4758633.276332172,2651166.1699532964],[4758793.146527856,2651702.0992166917],[4758822.160355944,2652962.64750447],[4758544.532301273,2653653.3943940853],[4758600.129933858,2654054.371932122],[4758542.656877496,2654819.4449361637],[4759025.351081427,2655050.1036211336],[4759066.73875087,2655340.302701894],[4758643.409322203,2655996.2246149797],[4758612.65966866,2656447.212523607],[4758347.207041123,2656631.0350249037],[4758204.502108743,2657259.995678708],[4758204.241402184,2657609.3208227996],[4758065.6120370235,2657779.044342636],[4758152.811926533,2658052.3644901216],[4758086.953213118,2658641.8806943865],[4757836.2446224885,2659001.9457885684],[4771401.04830904,2660164.491349672],[4770959.598829433,2665527.3710776013],[4772662.095301597,2665190.5784420585],[4773562.7494059475,2665336.5627280455],[4773741.105947919,2665574.215240621],[4774026.490947032,2665653.184938228],[4774107.103170627,2665621.67620183],[4774107.920422983,2665405.228517808],[4774206.841346146,2665213.9284266373],[4774396.7315938305,2665151.566422921],[4775516.686802398,2665602.2316751927],[4776015.010216736,2665501.415446368],[4776657.59446023,2665565.4204985783],[4772593.074832295,2661317.9061584147],[4773133.423368184,2654330.100386924],[4777638.0223514885,2654752.5550842485],[4777800.123803973,2652797.7268955912],[4778691.894305587,2652869.2747151735],[4778677.296076123,2652409.957880999],[4778994.192841945,2651570.130842069],[4779075.639049865,2644648.577695369],[4779531.443338765,2642990.067804577],[4780474.608981182,2641987.8826171127],[4781546.905581925,2641404.3291932493],[4782171.367757647,2640947.2601849763],[4783348.174692935,2638636.764670632],[4782752.877272036,2638686.534240571],[4780392.780594016,2639186.9595884867],[4779352.667302601,2639541.7842070074],[4777000.44004215,2641111.6272962056],[4775248.108354723,2641766.5700604357],[4773997.347690695,2642082.5828843503],[4773152.988512985,2642403.556368907],[4772712.4732973,2642468.1106150257],[4772181.260026185,2642201.1436702525],[4770789.020619923,2642201.3414482498],[4767601.661992796,2641862.666178465],[4766363.381447598,2641387.5944700935],[4764262.516578046,2640915.447954784],[4764043.863225807,2640624.023566373],[4763856.456238686,2639708.5076011177],[4763126.6474954365,2639080.046729517],[4762274.09295574,2638900.2435507695],[4760763.537879202,2639063.2033158652],[4759728.573835191,2639302.8482563575],[4759344.453526217,2639662.4408829343],[4758334.163972681,2640338.989998562],[4757612.887782451,2641718.6068348535],[4756740.227815374,2642624.9922199845],[4756255.801577452,2643268.279052605],[4755867.060898724,2643967.724301534],[4755629.316934816,2645114.3267421303],[4755495.360343056,2646695.3430290627],[4755324.2719878685,2647216.164686553],[4755305.038618386,2647810.233352497],[4755055.413494875,2648391.708301731],[4754954.421056635,2649188.3079916486],[4754750.623499692,2649431.2297985917],[4754697.08384654,2649651.6693344256],[4754895.823863175,2649971.3137788386],[4754773.099715122,2650817.3217843],[4754970.23444508,2651279.7819802896],[4754957.6044669645,2651747.710267879],[4755155.552539024,2651844.1171178087],[4755242.88339984,2652036.8711005813],[4755179.135127978,2652367.796503757],[4755239.0595046105,2652801.64009701],[4755130.639155776,2652995.13343013],[4755277.691444837,2653488.971672488],[4755209.36490386,2653799.695545311],[4755337.514459543,2654127.828558881],[4755200.748694591,2654479.743970855],[4755222.292835751,2655429.1127805696],[4755111.589569459,2655641.538270317],[4754930.197414903,2655730.5267211585],[4754322.088105165,2655725.375870024],[4753976.109947327,2655625.3522232417],[4753749.769085028,2656104.091590615],[4753756.408780545,2656601.3368357075],[4754150.320062308,2656944.641833349],[4754335.783447051,2657232.3456381867],[4754434.098410659,2657769.4522644877],[4754082.285093418,2658149.7831654693],[4754081.738981693,2658350.612481543],[4753957.42434424,2658513.5887210146],[4753713.467740397,2658617.5816675588],[4753386.455071113,2658618.150532333],[4753130.23772312,2658441.267055751],[4753134.494691607,2658601.529714177]]],[[[4753527.701164163,2637477.8611108386],[4754380.02672736,2637548.4693621993],[4756604.6098041665,2637005.998839158],[4758551.654305413,2636843.376090577],[4759244.457039004,2636872.7533215126],[4762157.874251319,2637294.480610005],[4764004.046357442,2638484.310562834],[4764504.723852873,2639153.1578940293],[4765045.413881742,2639639.7182059544],[4766297.372657952,2639940.223824197],[4766960.1368201,2639970.101192945],[4767774.247585589,2639813.856791418],[4768535.617585629,2639465.9873906],[4769360.577558986,2638762.7594702174],[4770520.0054288,2638033.020095308],[4767545.104120432,2638246.7913369155],[4764236.348860412,2637031.966201448],[4755058.738823957,2636163.3004909283],[4753418.712674614,2635394.6672099074],[4752538.856936007,2634613.6566676935],[4751520.726312703,2634544.4096683934],[4751806.651368954,2634581.8757972815],[4752240.992378345,2634842.9463332896],[4752289.345132887,2635051.061111072],[4752170.884326325,2635319.227076832],[4752246.462705273,2635665.0332662934],[4752392.149921338,2635864.76347488],[4752662.930022555,2635760.336134208],[4753078.07216768,2635940.9029704547],[4753429.807380946,2635939.6711880164],[4753582.970259159,2636057.4691666807],[4753717.113082064,2636370.500785372],[4753714.196073895,2636884.9857164053],[4753658.281718075,2637246.0986158876],[4753527.701164163,2637477.8611108386]]],[[[4750802.23977063,2634495.5438740025],[4748855.2704736255,2634363.1838362473],[4747517.629630401,2634272.358531128],[4748171.656608978,2634526.107030381],[4748346.353298985,2634690.08675432],[4748798.934351709,2634749.417471921],[4748937.084105404,2634949.6437755534],[4748944.780529011,2635208.40750263],[4749140.305702105,2635501.7995236265],[4749317.016387311,2635484.44499183],[4749431.762380701,2635378.6320727686],[4749388.579291222,2635024.1819008137],[4749484.305843359,2634757.5327904685],[4749652.845240219,2634577.9905852526],[4749842.128767677,2634540.829938072],[4750098.314190088,2634687.3486750065],[4750470.763801334,2634705.3945752415],[4750802.23977063,2634495.5438740025]]],[[[4719640.265050339,2691786.4186263806],[4718063.7045403365,2710815.847182876],[4709056.412039745,2710061.953278811],[4709287.474686233,2707096.9041962586],[4707308.0224888595,2706903.154734273],[4707446.110023171,2704918.858180181],[4701968.010828382,2704446.4019795805],[4701571.293921201,2710289.93960465],[4704052.919574961,2710505.7204332063],[4703929.331963553,2712581.9041297985],[4709844.065759511,2713098.574381281],[4709726.998210151,2715093.8597286367],[4715658.569976426,2715610.7128388463],[4715433.554337866,2718572.039122637],[4718395.645983122,2718841.7345721247],[4718242.3332381565,2720783.8834475144],[4720229.911444592,2721008.668741674],[4720112.639838715,2722999.5469977586],[4727019.9530301625,2723612.758816699],[4726984.240020333,2724057.5907221087],[4726365.466544715,2724077.2915498577],[4726254.60977138,2725764.7731420603],[4726341.385237228,2725850.086976166],[4726235.940750998,2726050.9558104696],[4726047.037634818,2728924.3111689305],[4726123.080519374,2729050.911442327],[4726029.792523756,2729186.5059318985],[4725528.528031199,2736810.131103063],[4725545.773785702,2737008.595521881],[4726091.357135015,2737056.62082952],[4726131.948310966,2737160.780257872],[4725818.526647298,2742015.26967031],[4726125.352928803,2742070.4493946997],[4726133.253033212,2742228.010499688],[4726413.229621932,2742409.836400526],[4726461.844919987,2742592.9903278504],[4743426.372700877,2743747.9400029713],[4743694.53633713,2743817.7868379024],[4743790.676544884,2743772.279929123],[4746320.068057224,2743944.597781237],[4746536.418133632,2744025.811975407],[4747292.36651966,2744010.8422002643],[4747628.471619408,2744128.9121405985],[4747918.382950366,2744060.6404373026],[4748074.2125221705,2744184.419465813],[4748574.790630012,2744098.3251237734],[4749764.762287621,2744179.569391028],[4749988.11677616,2744274.5903201834],[4750113.63459808,2744204.538031787],[4750348.769549681,2744219.323980349],[4750485.953732399,2744363.083405694],[4750614.930124899,2744298.316195165],[4750709.630671031,2744344.3043761053],[4750764.575190918,2744252.841024539],[4751058.190556132,2744414.3173530484],[4751103.178469797,2743632.54779499],[4750942.684359873,2743335.6644062297],[4750896.13310056,2743052.8597051282],[4750931.508322909,2742515.622496749],[4751113.366932827,2742420.199414335],[4751641.358927604,2742471.940785736],[4752400.147083718,2742019.297761472],[4752496.52367751,2741769.5179898185],[4752229.0007564025,2741146.1264010845],[4752499.814842036,2741011.137999023],[4752935.731872673,2741090.6772581693],[4753874.846024869,2741469.9152259305],[4754357.30940592,2742069.896523099],[4755127.534741377,2742410.701869821],[4755267.553063343,2742031.9601024133],[4755455.036559407,2742022.059282818],[4755805.796243243,2742163.532411849],[4756284.979782967,2741843.7777591106],[4756841.424690742,2741808.3744043107],[4757023.389071441,2741725.449183398],[4757187.906107472,2741751.9250322822],[4757460.739105376,2741952.753702568],[4757792.323844374,2741970.28708926],[4758246.655057482,2742140.2054081326],[4758892.910098345,2741587.725649022],[4759228.952231229,2740475.603248817],[4759921.4874845985,2740008.64595566],[4760306.837801864,2740015.2695482727],[4761012.632132699,2740448.1124691516],[4761283.111562444,2740174.713622003],[4761492.593944236,2739694.5927008474],[4761398.524621626,2739560.966721585],[4761378.912554063,2739214.714503047],[4761127.789225808,2738801.1443961277],[4761089.6380551895,2738346.2810786627],[4760802.787342966,2737904.115045366],[4760561.932721392,2737730.418974003],[4760685.832188481,2737056.6861298345],[4760393.677266852,2736561.817988473],[4760565.087794859,2735916.919018753],[4760521.252340068,2735408.149531068],[4760730.312790995,2734941.172836829],[4760735.529160737,2734513.191121693],[4760873.359097614,2734458.468664162],[4760881.126830568,2734370.2737067],[4761092.168218997,2734348.3597741644],[4761553.87680474,2734487.8597109024],[4761846.2593864,2734494.780803723],[4762047.05447589,2734406.666574182],[4762351.20308462,2735057.7019433714],[4762729.965084229,2735289.893766146],[4763773.9301742315,2735137.066367023],[4765074.612659014,2734299.7094753184],[4765177.268654927,2734119.657625671],[4765204.466470015,2733773.7645412455],[4765042.279964279,2733412.6016381066],[4765070.516302496,2732465.89289575],[4765231.48301507,2732045.274658648],[4765897.569829828,2731354.770356879],[4765924.488360855,2730941.7728102216],[4766080.825239287,2730770.6677661063],[4766675.090914777,2730773.4854505174],[4767790.348286242,2730453.9126801854],[4768287.662328238,2730180.441957836],[4768974.608422465,2729654.467259902],[4769368.3554278575,2729549.834693748],[4770678.66267887,2730005.2040194385],[4770853.243963002,2730003.2051647813],[4771393.293017419,2729747.185027381],[4772356.410649077,2729737.155005005],[4772775.803299915,2729636.5006930097],[4773217.923930313,2729904.4339219667],[4773864.26941819,2729904.9738851534],[4774760.604428719,2729401.176395635],[4774929.738295698,2728956.671195957],[4775154.283625588,2728796.6850819965],[4775229.211939365,2728601.8352517327],[4775565.59513739,2728532.865074919],[4775631.060586638,2728410.520500989],[4775890.744595577,2728261.3348414563],[4776048.402509505,2727802.8838447975],[4776379.678327685,2727251.4830880654],[4777281.662410388,2726576.4258833816],[4777582.257848836,2726642.8034245344],[4777811.941041035,2726817.2592080995],[4777657.062966986,2727110.984018839],[4777766.474182873,2727750.0669298996],[4777681.529742755,2728525.180717981],[4777866.782542636,2728679.3604538855],[4778387.088036862,2728711.108586981],[4778444.711236372,2728497.981175497],[4778739.235055201,2728334.444603454],[4778863.606519794,2729085.041075828],[4779106.2680233065,2729225.0798611203],[4779469.93963571,2729288.649447616],[4779780.005662192,2729756.9186318885],[4779702.832877222,2730450.8502905047],[4779841.28623868,2730521.5723173097],[4779934.669775775,2731191.8717264496],[4780186.544611753,2731068.7004858158],[4780182.125185738,2731124.194853636],[4780799.824252394,2731354.70559131],[4780970.229131199,2731077.631012199],[4781053.911609485,2730430.628527444],[4781381.43904301,2730334.733312968],[4781043.200399454,2729776.5336421374],[4781195.768263098,2729439.436322128],[4781310.890201539,2729378.815803129],[4781440.428958519,2729645.6800603573],[4781707.87028091,2729924.0775993606],[4781820.933724094,2729903.712872063],[4781638.42861756,2729521.7121046293],[4781659.857346151,2728866.568754756],[4781435.118025446,2728762.3882342274],[4781391.1014239285,2728445.318917265],[4781296.5261660395,2728379.922954237],[4781545.655122154,2728027.7894386034],[4781499.1145881,2727756.426340133],[4781604.854879557,2727471.2400593334],[4782013.243247793,2727314.19591925],[4781862.566031371,2726741.6929129804],[4782031.075918364,2726204.0842069085],[4781769.537050031,2726012.0707730977],[4781689.392358113,2725786.1512144157],[4782304.400270963,2725804.169420302],[4782377.026801001,2725740.6278934665],[4782251.103696501,2725578.240001824],[4782259.230572169,2725462.9435848333],[4782546.315836584,2725222.589201913],[4782765.360717395,2725202.632518866],[4783062.55788891,2725351.63448068],[4783262.279522019,2725059.8982888767],[4783395.611192904,2724619.5037081987],[4783508.037090271,2724498.0024354225],[4783162.296049405,2724229.5314872297],[4783124.977349374,2723582.48433013],[4783320.074750289,2723359.6370017976],[4783579.942350773,2723276.8711214378],[4783831.673304837,2722933.849926373],[4783810.7958842395,2722554.0544929174],[4784149.054307125,2721967.9468534794],[4784653.658006809,2721592.2026859922],[4784852.07409132,2721528.995562184],[4784656.611487254,2721511.9000815656],[4784738.817210361,2720515.454462602],[4779756.590167139,2720088.366297037],[4779838.780485509,2719091.9578392208],[4777347.603888538,2718878.9638657095],[4777596.112926201,2715889.8859144566],[4775084.373398189,2715694.8594257124],[4775825.4038552735,2715798.485201809],[4775370.8726462945,2721363.804285367],[4768204.194147294,2720876.706781558],[4767241.902173201,2721319.410255506],[4764998.681047656,2721882.287351313],[4763535.941444666,2722031.1214319845],[4759435.9319382785,2721961.5528064882],[4759531.144375131,2720284.6635331195],[4755509.5038198475,2720010.447241059],[4755459.860760517,2719505.826554047],[4737435.415045262,2718278.5560578387],[4737053.552204483,2723250.459610334],[4727091.553941879,2722580.579971934],[4728975.304358238,2699775.2108827448],[4728937.32511641,2699716.689186188],[4726990.4759091865,2699513.623637467],[4727580.285199804,2692373.838587666],[4726777.908724757,2692287.7797605707],[4726134.327020867,2692072.1259221784],[4726117.055351262,2692260.4470282565],[4726356.971936341,2692426.3540634727],[4726369.926922949,2692640.742030218],[4726276.947433121,2692762.8845945266],[4725797.332829175,2693003.373442759],[4725716.274346308,2693734.493383027],[4725528.374224941,2694246.920332272],[4725056.0330649875,2694753.618110764],[4724668.414348211,2694955.9910518937],[4724179.675910348,2695493.06480791],[4723985.404848681,2695888.156939275],[4723580.9420923665,2696031.5708901538],[4723456.423891042,2696154.9493983835],[4723472.602830139,2696411.8948920807],[4723666.639689971,2696873.5901893396],[4723713.348086469,2697508.586887981],[4724070.016959497,2697922.963903222],[4724414.026677773,2698100.1934164115],[4724688.660560573,2699371.946324926],[4724492.156641034,2699856.1018721783],[4724172.157830204,2700135.5730737858],[4723861.073564938,2700248.238626191],[4723407.698692172,2700202.3214791464],[4723159.401224225,2700387.0408255784],[4723541.943280563,2700655.4109646482],[4724082.935675949,2700769.0184670635],[4724763.767937132,2701060.278502522],[4725617.661141956,2701672.0070979786],[4726119.746662149,2701778.839438514],[4727120.388857329,2702224.098990217],[4727355.938364968,2702389.505748058],[4727695.338881488,2702892.111487909],[4727746.317868862,2703259.470085927],[4727633.44469708,2703778.262225338],[4727211.063548582,2704185.224407536],[4726788.249375765,2704776.594732045],[4726739.547516624,2705007.316016827],[4725806.18523956,2706378.1894273087],[4725773.561569081,2706873.6143535245],[4725677.165511343,2707076.428382025],[4725475.795478592,2707122.101818297],[4725339.912923508,2707420.841580184],[4725124.556196076,2707952.709896646],[4724924.320858055,2708834.6689106757],[4724461.698131333,2709153.395237178],[4724199.271885425,2709541.759049943],[4723981.837280088,2709717.737955884],[4723018.702781815,2710063.581854288],[4722025.535593639,2710173.6147959977],[4721960.8241698295,2710397.2440501326],[4722249.638424779,2711410.3078869693],[4722069.873552853,2712155.530472668],[4721696.057230476,2712363.1446502306],[4721051.095966269,2712494.4834768106],[4720629.459163485,2712435.8179106787],[4720240.599508208,2712491.1304353816],[4720279.321910046,2713208.826963449],[4720221.788421202,2713573.0959494957],[4719773.704734017,2714143.2780699716],[4719373.140462808,2714350.644966391],[4719305.208923652,2714545.6426780694],[4718787.757201208,2714545.597499134],[4718504.417838089,2714443.7572514545],[4718111.653579274,2714488.7116181278],[4717702.812263391,2714386.7368483674],[4716637.304332293,2713616.0662543094],[4715576.871572514,2713267.1822093013],[4714872.819872175,2713495.2289223764],[4714064.038256189,2714028.9967427147],[4713832.3926612325,2714111.0026035444],[4713456.75421434,2714086.703303688],[4712807.9515753025,2713814.092139194],[4712568.079412429,2713281.90248786],[4712205.938105316,2713009.401494466],[4711782.786186571,2712918.23120103],[4711137.59108948,2712976.1205476047],[4710640.226796674,2712901.560906418],[4710209.319641631,2712565.6238862616],[4710145.532472849,2712250.221118519],[4710190.21287129,2711910.3539468497],[4710281.29988664,2711919.3259878624],[4710218.706023115,2711845.383771003],[4710301.531412319,2711606.6088285884],[4710596.2629416585,2711259.467944233],[4711497.898450456,2711798.367349344],[4712274.867577533,2711954.369933693],[4712615.978671394,2712109.93775966],[4712932.447204713,2712540.0081998473],[4713534.378974506,2713066.5919704353],[4713860.534937848,2713052.440333281],[4714503.576452579,2712810.32440728],[4714931.381956562,2712237.2703099702],[4715995.02213479,2712016.5897798752],[4716656.48054723,2712300.8384839254],[4716963.649379163,2712348.576247642],[4717196.509402644,2712592.646737933],[4717406.742783726,2712604.227051899],[4717551.6742350245,2712742.874415819],[4717805.648080876,2712797.3271847316],[4717931.958336669,2712956.0855608163],[4718311.659752811,2713141.415591733],[4718681.427977528,2713150.9788108324],[4718975.584555951,2713038.312925094],[4719621.570110043,2713169.518861384],[4719519.80875879,2712727.830993116],[4719713.53845654,2711830.125038974],[4720201.41432018,2711502.908461299],[4721058.3482744135,2711631.928995765],[4721413.331911368,2711822.815809564],[4721568.210626068,2711739.8270044774],[4721598.036192065,2711472.5084179807],[4721288.2228459595,2710520.4091365174],[4721564.288155271,2709782.5966415373],[4722133.568440165,2709408.747092585],[4722975.3229717435,2709202.9665962295],[4723564.810764304,2708790.540550517],[4724234.509851442,2707699.205232869],[4724440.196772549,2707540.4417561092],[4724655.809202433,2706830.2593631214],[4725048.3076892765,2706333.870570856],[4725275.667797826,2705639.3419814976],[4726850.284271701,2703831.210390524],[4726746.117517546,2703311.689680276],[4726290.407153416,2702644.2912637107],[4725456.1552971,2702252.8040871676],[4724374.044332,2701560.866164699],[4723833.200598596,2701420.5602422943],[4723375.651597922,2701512.1469311137],[4722856.400089579,2701297.506473734],[4722596.927241482,2701123.3100039386],[4722425.763932149,2700868.8672462543],[4722188.083357269,2700229.027687808],[4722360.625515548,2699645.510765921],[4722543.454655378,2699515.840328863],[4723152.257161949,2699448.717417607],[4723248.347742154,2699329.806449128],[4722531.388037272,2698576.2203863394],[4722417.052002577,2698280.0447856337],[4722436.180688323,2697983.662551951],[4722851.558633418,2696981.9358186466],[4722662.86315794,2696357.488572604],[4722871.001657572,2694709.7517023114],[4723231.30157075,2694166.552637582],[4723739.751160491,2694027.7851153444],[4724392.191634313,2693475.4211345473],[4724873.350482773,2693715.7100617625],[4725153.736767972,2693694.1817318755],[4724859.597923785,2693102.347145383],[4724963.886299114,2692144.8757260824],[4725228.459173243,2691056.086601206],[4724780.666523054,2690553.679082754],[4724512.375520341,2690434.441934825],[4723392.964844359,2690817.558492638],[4722917.303847232,2690773.1141694714],[4722211.340339262,2690857.0917206565],[4721378.87626612,2690790.530345381],[4720975.9770331355,2691119.1678760345],[4720915.350341095,2691321.2947320896],[4720657.318360703,2691651.2529746075],[4720468.044261949,2691688.439880806],[4720084.333007032,2691566.9089212264],[4719640.265050339,2691786.4186263806]]]]}},{"type":"Feature","properties":{"flugjahr":"2012-2013","gebiet":"Tirol"},"geometry":{"type":"Polygon","coordinates":[[[4430222.069350508,2676214.500430936],[4430037.105017182,2676247.115410053],[4430008.965052231,2676306.9515644545],[4430222.069350508,2676214.500430936]]]}},{"type":"Feature","properties":{"flugjahr":"2012-2013","gebiet":"Tirol"},"geometry":{"type":"Polygon","coordinates":[[[4433647.72198494,2664250.6867629187],[4433454.022872578,2664118.716715456],[4433327.670304736,2664174.987870756],[4433599.424007787,2664473.0904044686],[4433647.72198494,2664250.6867629187]]]}},{"type":"Feature","properties":{"flugjahr":"2014","gebiet":"Nieder\u00f6sterreich"},"geometry":{"type":"Polygon","coordinates":[[[4769270.26170264,2830586.688357313],[4739381.239074934,2828025.28238151],[4737288.980031459,2852931.6045294525],[4767175.0499159675,2855501.0011293595],[4769270.26170264,2830586.688357313]]]}},{"type":"Feature","properties":{"flugjahr":"2018","gebiet":"Nieder\u00f6sterreich"},"geometry":{"type":"Polygon","coordinates":[[[4805773.173989344,2873726.423727773],[4805917.448072674,2874001.8166595027],[4806702.05267935,2874186.257940016],[4806674.3340539355,2875192.3166594626],[4806966.469724495,2875367.419280785],[4810875.462766094,2875531.821527231],[4810988.709503611,2874496.8696139404],[4811338.8319579335,2874044.6772580873],[4812258.395504158,2873626.9616836947],[4812336.299326358,2871443.805763936],[4812976.904142457,2870723.269120534],[4814730.622701058,2871114.6264621243],[4816317.485494967,2870992.5136275594],[4816388.1892193975,2870087.377342671],[4817639.633672862,2870095.8410448125],[4817750.5870041065,2868950.8549826564],[4818252.428767849,2868542.5401311894],[4823551.856226243,2868876.2362763933],[4824627.440754929,2869367.263858754],[4824879.231745455,2869943.473896016],[4827579.21246707,2869970.048329753],[4827930.738759178,2869327.444744591],[4828825.95514939,2869121.1638472066],[4829484.269483235,2868493.2360742106],[4830257.998873813,2868222.5286574685],[4830939.540978857,2862129.7675404423],[4831246.218743131,2861506.983048911],[4832336.679992467,2861353.981525606],[4832452.380543619,2858824.3253182396],[4832740.4147882955,2857207.8184690657],[4832638.431655958,2855634.949286818],[4832889.716977724,2854701.7885246733],[4832845.077427952,2853996.2608849145],[4833027.937320168,2853118.4546781983],[4833901.553866668,2852825.032434214],[4834030.537854824,2852245.039444036],[4834495.696540108,2847107.160147306],[4833857.593224464,2846571.067005246],[4833443.473100167,2845939.4359470094],[4832583.484145678,2845693.148504797],[4832496.146525739,2843915.7929802192],[4831547.678197455,2843441.819195552],[4831187.224756526,2841752.186583748],[4830313.382965332,2841206.7062986707],[4830062.111641865,2839791.5749183767],[4829435.689260879,2839017.5105029643],[4828427.648725487,2838142.3597923606],[4828395.98263854,2837591.323263432],[4828536.976326356,2837268.3352986285],[4829055.507673851,2836746.0051828776],[4829615.329090353,2831366.5398402787],[4828508.482266002,2831233.132191869],[4828773.509563027,2828743.56069333],[4829069.153819384,2828037.772172969],[4831021.357187867,2828097.947116546],[4833842.784609372,2826309.2344049704],[4833796.538992033,2825108.626645766],[4833195.051008209,2822795.6071092887],[4834874.715942903,2821177.7000367497],[4836128.723360219,2820771.831178018],[4836703.8865158735,2820440.71644203],[4838408.475516745,2819885.340606805],[4838444.950171057,2817924.16164476],[4837469.927952348,2817491.221372143],[4837636.403568728,2815727.9205305995],[4838562.842790984,2815495.473764848],[4838795.102845775,2813592.3320520795],[4839854.799945216,2812856.9833655185],[4839949.587885553,2811576.8511250876],[4839896.47661291,2811488.947495564],[4818690.669335495,2809649.2550054654],[4818596.185116855,2809697.9309493266],[4816162.494558524,2838543.4331067083],[4808791.3048595395,2837907.15542258],[4808684.458613994,2837989.3302220223],[4808783.815577488,2838006.1244979063],[4805773.173989344,2873726.423727773]]]}},{"type":"Feature","properties":{"flugjahr":"2015","gebiet":"Nieder\u00f6sterreich"},"geometry":{"type":"Polygon","coordinates":[[[4838779.8693387555,2811384.346495964],[4839541.383335009,2810222.459391332],[4839780.4734875085,2808847.7851878214],[4840730.787515346,2808037.9130960554],[4843256.284453391,2806610.167914835],[4845741.166293314,2806404.404898557],[4846623.790885281,2804809.7501839185],[4846732.026995664,2804114.0250211116],[4846110.779987705,2803974.3613075046],[4846167.8019991,2803793.3869690653],[4846490.359011905,2803510.7992149508],[4846196.652641185,2802874.927918695],[4846363.864144871,2802505.44486646],[4844946.875503789,2801681.345734],[4844788.755444154,2801446.8368362556],[4844747.016303656,2800573.112411611],[4844614.300355437,2800111.507220878],[4844567.543411341,2799501.9396903273],[4841999.962860495,2800178.106206574],[4842393.335044735,2800430.6202196046],[4842921.273869629,2800592.3090294157],[4843833.233779756,2801122.384503919],[4843867.966804781,2801180.9882286545],[4843517.826498531,2801351.122673463],[4843172.890885031,2801734.2258717045],[4842589.728988948,2801498.15512052],[4842075.992114843,2800860.7647142266],[4841749.386628068,2801339.9778963025],[4841467.880738353,2801969.7273503738],[4841183.4259029245,2801940.2807721165],[4840543.999897024,2802200.263771237],[4840584.9156763945,2801668.0785761448],[4840359.14304327,2801352.5561357215],[4840109.756128562,2801230.8943402213],[4839904.800449583,2801459.289489385],[4839863.869962208,2801416.287945817],[4839586.468763828,2800829.0649619773],[4839450.843246552,2800329.6762789893],[4839695.820358043,2800240.298711712],[4840141.174221752,2800267.280575085],[4840932.474135409,2799686.091377357],[4842640.350540601,2798747.3757452294],[4843258.069117738,2798219.5848857863],[4842798.598624578,2797116.5196001837],[4842208.505841703,2796201.9178394345],[4841989.719014165,2795670.9796113353],[4841463.909527956,2793015.633291594],[4840986.688257288,2792355.210995241],[4840616.894448723,2792452.0044312403],[4840641.783874848,2792337.101937075],[4840549.458113137,2792321.2582318764],[4840429.000575842,2792665.7207834804],[4840200.463133416,2792587.96886857],[4840273.955080087,2792679.055267438],[4840133.460435565,2792878.645173438],[4840137.9302968,2793132.006049854],[4840301.255777893,2793688.683403254],[4840353.062119877,2793715.195351156],[4840363.202623605,2793589.1503041647],[4840471.453543698,2793515.7257659575],[4840546.577247977,2793625.0302675175],[4840289.849448053,2794048.9007527656],[4840043.068020834,2794220.638233055],[4839632.834284179,2794247.117175426],[4839466.194322405,2794323.4029247127],[4839447.087808116,2794414.775562181],[4838507.373917833,2794781.567268364],[4838219.8377363095,2794708.6994063873],[4837567.455531362,2794833.425237488],[4837355.2597787045,2794782.2573784147],[4837090.03204654,2794824.4366961834],[4836896.598180638,2794991.4026577147],[4836261.787811976,2794987.669288172],[4835886.457498642,2795586.2943274765],[4836182.230197532,2796362.9109728793],[4835889.140120189,2796799.5229546484],[4835020.224999079,2797077.218195436],[4834584.103384968,2797107.3389781555],[4834500.707957251,2797148.9273591232],[4834449.194507426,2797362.797744079],[4834322.780950757,2797402.733571283],[4834310.349689433,2797208.7573558036],[4834147.044042136,2797330.339712808],[4833836.1586241,2797390.8060890925],[4833729.004792432,2797257.9716416243],[4833737.562915855,2797048.2044210117],[4833622.471407049,2796813.6702149063],[4833568.7184668705,2796888.8569713556],[4833487.2979706945,2796860.7409528024],[4833326.074884788,2796627.267260971],[4833145.538607359,2796646.1202394874],[4833167.934498502,2796751.0328595834],[4833044.523075471,2796733.7243240033],[4833054.63995633,2796862.041794105],[4832860.8812042335,2796840.76666218],[4832656.490941702,2797022.1791792144],[4832552.882112591,2796686.2067692317],[4832493.419961675,2796700.0552582415],[4832522.47199595,2796859.3974427925],[4832373.212540506,2796815.2377784867],[4832399.761233837,2796559.6209789785],[4832234.40735729,2796252.0860497486],[4832070.037802904,2796227.9826493384],[4832021.567944849,2795992.769064721],[4831845.193206949,2796053.111181826],[4831874.886665021,2795944.9835372684],[4831739.848260246,2795929.298798296],[4831846.289411276,2795794.403228513],[4831735.372885719,2795809.7858210756],[4831730.306147285,2795708.125431107],[4831577.389439272,2795639.211588896],[4831571.99017968,2795460.7085921112],[4831691.100444761,2795456.6807945883],[4831715.824849986,2795337.214163747],[4831661.487309727,2795168.216242202],[4831464.025933021,2795141.990009743],[4831549.601272246,2794970.4028453934],[4831441.6748989895,2794951.3888193676],[4831349.256597327,2795112.09465732],[4831209.694294487,2795062.381402941],[4831089.61187315,2795190.8735058997],[4830873.276177718,2795110.255001364],[4830676.443875328,2794871.3356278962],[4830839.712731498,2794840.569141305],[4830635.107086824,2794482.482836718],[4830734.409930306,2794392.2341673714],[4830586.253247651,2794311.732692974],[4830780.467660118,2794245.2455561357],[4830699.765742298,2794162.293054173],[4830528.585289024,2794195.1058984105],[4830661.300663178,2794087.469994409],[4830503.928387164,2794023.789298834],[4830617.165721223,2793938.3799543674],[4830502.519910181,2793719.1781016034],[4830426.1138312565,2793689.0805540145],[4830421.208054078,2793856.6194988843],[4830094.197466251,2793715.5504376222],[4830108.311472001,2793656.0349021265],[4829981.46440303,2793589.0378387175],[4829948.821601157,2793379.6299958937],[4829797.821440976,2793388.6531796805],[4829853.095748058,2793309.068465258],[4829695.475624709,2793187.175495051],[4829780.192993086,2793113.3020097385],[4829660.308245789,2793042.0539901103],[4829655.356684968,2792951.5263092523],[4829739.148339645,2793030.8852600474],[4829834.418259467,2792956.488270474],[4829915.078529354,2793084.198006266],[4829957.318590105,2792926.906095084],[4830018.985095951,2793040.1687111356],[4830274.82964233,2792925.867001695],[4830220.1544483565,2792614.9814117043],[4830390.522204207,2792410.024187145],[4829828.483045271,2791933.097653806],[4829724.998364529,2791971.005228107],[4829688.864709254,2791834.840678638],[4829411.482657382,2791930.001984994],[4829471.17049731,2791804.3263644623],[4829202.29839814,2791823.577241452],[4829208.98088329,2791970.2573912176],[4829148.369887477,2791896.0989945782],[4829034.955747719,2791977.029134017],[4829016.521570069,2791895.71482353],[4828782.816701564,2791994.898565462],[4828581.903668562,2791710.946432683],[4828280.205829706,2791851.9570999113],[4828350.155497431,2791680.2437029555],[4828199.900771152,2791773.6387452846],[4827955.591412769,2791596.9350573705],[4827964.112137216,2791696.4508879157],[4827807.412145843,2791721.412101643],[4827730.300323496,2791677.34640841],[4827757.67913846,2791530.509744374],[4827589.5351219755,2791706.5219006334],[4827482.4468027,2791617.9692864707],[4827490.6468001725,2791286.376198647],[4827252.179629847,2791005.644625551],[4826756.501997644,2790800.9723540186],[4826681.796695625,2790700.4612966743],[4826535.529890168,2790880.696351854],[4826338.888624729,2790940.6437829486],[4826297.790496875,2790767.6866070037],[4825936.390202888,2790528.24390446],[4825759.038834401,2790547.3357146154],[4825603.953920688,2790287.688742583],[4825336.045215196,2790226.8902713694],[4825119.379743304,2790039.566479717],[4825143.448372866,2789977.5695253676],[4825007.359039294,2789976.176123692],[4824984.675043305,2789850.1841054913],[4824854.353025197,2789981.1831622836],[4824867.1424742285,2789849.0273636756],[4824778.439818647,2789746.408267401],[4824681.240088202,2789809.817931696],[4824674.79921035,2789733.7811789466],[4824541.961297336,2789687.5944232773],[4824389.9773009345,2789780.0713584474],[4824364.792731104,2789670.948451079],[4824428.91401943,2789635.0897836415],[4824344.022182706,2789508.107841432],[4824336.542474068,2789627.1220916505],[4824175.005485339,2789544.2511756048],[4824091.321531431,2789598.4965598723],[4824116.350515814,2789726.470782407],[4823922.116824784,2789704.0776202567],[4823933.921222835,2789602.555481154],[4823839.679240092,2789613.652849376],[4823876.161135556,2789762.4744869517],[4823717.978135566,2789795.787091285],[4823758.590659271,2789635.945110399],[4823634.161436855,2789735.813962533],[4823475.122169329,2789563.853387478],[4823266.980174695,2789647.8253956484],[4823111.763393355,2789648.2096072887],[4823156.278299151,2789556.6210785424],[4823301.102021482,2789598.1710572243],[4823143.362810621,2789448.8136598887],[4823166.597344434,2789342.3503770367],[4823284.159426124,2789298.715805224],[4823050.037341007,2789286.709124786],[4823110.939854941,2789233.8095516227],[4822979.506731209,2789125.831741116],[4822680.898210563,2789284.2742172377],[4822319.2128273975,2789017.8652928886],[4822288.608628737,2789085.472069356],[4821630.402479794,2789267.3570319097],[4821347.037955259,2789313.80172597],[4821356.13034752,2789202.0128649985],[4821270.526107464,2789317.4122956796],[4821245.2943554325,2789247.84859022],[4821194.613271337,2789297.896448834],[4820992.526370112,2789239.0723092295],[4820921.175234365,2789109.9265895393],[4821027.930602978,2789075.757952196],[4820878.1910513,2789074.070217777],[4820762.738868556,2788929.337581313],[4820650.8186530005,2789180.5639941394],[4820550.499992683,2789206.8676158036],[4820499.519827772,2789051.5096563622],[4820555.609686331,2789057.3913681866],[4820552.454293385,2788970.70474198],[4820461.4183878,2788945.618315244],[4820483.974019873,2788357.8887493056],[4820685.651393359,2786472.7428962323],[4820304.217813827,2786478.361343024],[4820276.529947216,2786275.460482464],[4820347.706793265,2785746.690143324],[4820634.9079637565,2785443.9677142603],[4820917.100065278,2784788.5572554762],[4820701.768715361,2784575.109731084],[4820730.244370725,2784072.5988291525],[4820431.1737581035,2783828.409338166],[4820011.4270197945,2783737.373086552],[4819916.499006854,2783478.0323451823],[4819493.381640301,2783246.9199055433],[4818847.077110589,2783251.463694528],[4818530.673230798,2783094.004938278],[4818268.107971501,2782805.584312945],[4817822.997443838,2783245.313504995],[4817413.595520274,2782838.227405805],[4817307.654320449,2782592.2539579147],[4817418.268800296,2781874.7755890572],[4816878.579595344,2781667.4273821963],[4816524.07150232,2781429.5412052493],[4816045.832588901,2781355.019716414],[4815896.35633333,2780640.744812662],[4816139.350814532,2779765.070390981],[4816124.176752734,2779549.9054355007],[4815594.440981899,2779163.6459919],[4814660.295663193,2777796.2719859057],[4814031.029520115,2776697.075499896],[4813264.926539402,2776180.0416245963],[4813069.857079414,2775535.275827401],[4812696.445918751,2774744.8810948646],[4812500.857200045,2774525.000662015],[4812200.6589769,2774383.0196908824],[4812093.901624208,2774621.9319355185],[4812132.112831485,2774960.1095383656],[4812033.945482154,2775177.1542106755],[4811438.169464955,2775787.745125533],[4811096.023676894,2775798.2322425763],[4810727.473252635,2776041.713813835],[4810394.668057417,2776846.167816876],[4810380.285589224,2777054.735635831],[4810263.619768345,2777028.33544769],[4809869.411213175,2777324.6602523634],[4809836.6150438525,2777457.5845533255],[4809667.765411423,2777564.5909788795],[4809325.2050699005,2778055.021358394],[4808802.814741188,2778473.6512818933],[4808607.464699168,2778832.5543292277],[4807974.268063494,2779409.1740065278],[4807737.124174703,2780071.5007164385],[4807532.725575417,2780360.5757638616],[4807347.823149624,2780255.964453134],[4807097.805074629,2780335.1781803817],[4807152.033621654,2780102.2774617984],[4806968.70666489,2780099.3063480225],[4807045.535046333,2780037.599357219],[4806889.509614828,2780029.05300705],[4806995.48708086,2779965.007936427],[4806912.291899985,2779896.216852927],[4806808.782080177,2779980.3270464805],[4806600.022206711,2779928.1022707317],[4806480.761961648,2779835.5784041877],[4806582.203626055,2779713.1758257775],[4806465.691448279,2779730.244049511],[4806405.040186167,2779930.4205962364],[4806376.065274715,2779840.3843575814],[4806155.698985482,2779875.6226896695],[4806143.64541312,2780006.494074858],[4805960.422075537,2779941.5313368314],[4805571.843658748,2779963.9604962263],[4805377.380742998,2780103.4965302018],[4805096.226145899,2779993.8410547683],[4805023.272966408,2779681.402298745],[4804646.955504572,2779417.5152073666],[4804445.969975697,2779507.468876765],[4803993.020661649,2779338.371560253],[4803770.930602233,2779577.90335473],[4803642.822603489,2779587.5650624144],[4801731.552783298,2802547.633599528],[4802442.983589247,2803417.498562544],[4802482.284858984,2803714.258045329],[4803255.301912298,2803609.635769927],[4803608.529024215,2804041.8596194787],[4804003.276849199,2803785.6094410745],[4805115.487032563,2804187.5915967324],[4805325.9932985315,2804152.406782173],[4806045.819494201,2803765.538162977],[4807429.395207341,2802652.0989556042],[4809957.322262482,2801983.5943345213],[4809906.273588726,2803764.2409423194],[4809567.33004749,2804160.5181547124],[4809752.36987592,2804608.0934284097],[4809640.9387583155,2804902.644849845],[4809327.159247006,2805092.6351694856],[4809098.022136319,2805064.4390575364],[4808816.16806762,2804881.6698022024],[4808645.767086236,2804661.73286215],[4808331.545414961,2805050.921248259],[4808221.219936602,2805079.5259452015],[4808052.084827793,2804989.76083491],[4808237.99568949,2804775.3688375433],[4807966.126877749,2804822.865989547],[4807732.590343176,2805047.940106231],[4807741.892395243,2805221.00275729],[4807597.6475199815,2805316.8498156182],[4807450.326203643,2805722.6625530133],[4807433.762814232,2805798.350845864],[4807698.678012126,2805822.1386339734],[4807734.296317091,2805955.6671613418],[4807608.846716456,2806397.2897638623],[4807456.075519618,2806504.56117602],[4807302.363646692,2806498.433350444],[4807226.325725556,2806381.7884396547],[4806964.011947364,2806306.1812871885],[4807032.523967074,2806194.4374830495],[4807192.571122351,2806158.593072911],[4807271.697077826,2805942.8089583893],[4807015.789633107,2805986.77741635],[4806896.7570162555,2805887.837090128],[4806672.942090901,2805947.6096283174],[4806641.934672605,2806073.029623031],[4806975.957021457,2806009.0011693537],[4806608.523139603,2806345.9014321086],[4806660.581660451,2806958.5314812167],[4806933.270006794,2806791.8578318586],[4806966.196447166,2806947.0526843886],[4806673.921464796,2807055.978229003],[4806693.607673981,2807436.71813647],[4806877.105724431,2807973.471430898],[4806538.18253543,2808703.2154856427],[4818582.78023704,2809739.6366869393],[4818690.669335495,2809649.2550054654],[4838779.8693387555,2811384.346495964]]]}},{"type":"Feature","properties":{"flugjahr":"2006-2009","gebiet":"Tirol"},"geometry":{"type":"Polygon","coordinates":[[[4346682.440550692,2689312.571455944],[4346819.54310533,2689492.7907094886],[4346720.485170917,2689969.970031724],[4347623.387316589,2691853.3860224676],[4349770.036671955,2693940.487470817],[4349946.055921003,2695332.824290436],[4350358.781821676,2696023.213610648],[4350631.646519277,2696280.7315139705],[4351946.415910186,2696593.7737474744],[4352516.95721306,2697289.8047632216],[4352971.736422456,2697307.82453239],[4353024.90101109,2697367.3680853276],[4352998.344048023,2697979.233757889],[4353179.220580444,2698521.6886491347],[4353117.448373906,2698942.739146713],[4353208.223677209,2699165.3341379147],[4353469.337107458,2699390.024543263],[4353452.459848302,2699781.3963416754],[4353643.390506036,2700248.202423753],[4353929.33033686,2700512.846250782],[4354537.075442466,2700656.904399753],[4354972.487300482,2701015.8950778367],[4355015.342052978,2701384.5605487283],[4355204.981613709,2701870.7305803294],[4355936.939935804,2702346.1230217353],[4355932.758581105,2704200.523516272],[4356173.719444259,2703850.944760806],[4356198.1075586565,2703504.7139012055],[4356358.507131613,2703286.633652843],[4356331.112344429,2703082.761236942],[4356493.466772449,2702435.67791512],[4355442.416332872,2701918.969836435],[4355155.501985449,2701301.078603397],[4355120.867504065,2700888.8378743967],[4354588.965142691,2700502.658873204],[4353967.765843669,2700349.9821378407],[4353773.005806627,2700142.9053071076],[4353601.040660178,2699703.89324271],[4353671.642793823,2699341.4352079174],[4353355.059198557,2699088.4260174134],[4353267.551429622,2698862.8903021347],[4353391.231485973,2698534.7483417788],[4353233.644914352,2698274.228889891],[4353128.2855539275,2697597.6487840246],[4353332.415436513,2697102.540320567],[4352598.186337525,2697148.4003724386],[4352451.28260527,2697017.773038651],[4352329.097925931,2696693.283967415],[4352109.332752664,2696476.6088892343],[4351610.37079204,2696339.642019609],[4351094.844104133,2696341.0472534937],[4350790.958883299,2696203.0865632617],[4350502.20570971,2695942.2051853156],[4350094.359233423,2695273.3524349257],[4350100.903664102,2694976.1377694523],[4349857.471710943,2694357.0759423277],[4349924.7812249195,2693929.527071829],[4349589.17370392,2693581.8536421964],[4349330.235260329,2693496.570221707],[4348850.9440217875,2692738.9812860526],[4348638.013695324,2692636.1398527],[4348376.885946208,2692266.1989120655],[4347740.786615445,2691722.474443201],[4347663.128439255,2691218.8145724465],[4346877.949279444,2689980.5492697135],[4346830.805017425,2689614.6512308083],[4346961.479763897,2689382.4076261683],[4346682.440550692,2689312.571455944]]]}},{"type":"Feature","properties":{"flugjahr":"2006-2009","gebiet":"Tirol"},"geometry":{"type":"Polygon","coordinates":[[[4353902.841875029,2708206.699691975],[4353522.595626254,2708748.302384573],[4353063.670405396,2710190.467724832],[4353483.050868471,2711010.642013187],[4353726.434477842,2711312.6161428737],[4353617.948662329,2712434.0980209764],[4354574.200643361,2715351.593124405],[4354279.594194614,2716403.347650681],[4354018.156316482,2716737.2726743217],[4353322.289240308,2717166.793919216],[4352850.327295286,2718099.8939663703],[4352763.124467724,2718565.9890086837],[4353010.931005886,2718964.19016614],[4353774.967053729,2719494.840062344],[4355225.212655274,2719358.033054241],[4356360.71650152,2719845.279646995],[4357386.986855865,2719555.430227116],[4357606.190245139,2719425.780771256],[4357714.11137855,2719231.622515292],[4357707.874378984,2718962.525693832],[4357368.454550847,2718348.132144864],[4356968.726448054,2718155.538137861],[4357074.125863624,2717547.4302604203],[4357030.6394924065,2717231.9220659127],[4356550.353099758,2716261.499655463],[4356598.25513859,2716111.504463091],[4358049.513579773,2714628.2014885745],[4358560.428976617,2714518.596209532],[4359240.333349752,2714637.9916435922],[4359908.927658041,2714536.836592214],[4362375.869126029,2714553.647551764],[4363164.8566052,2714399.690746376],[4363838.93064662,2714132.8150019445],[4364335.843831835,2715154.8938529505],[4364245.216928327,2716017.1192603377],[4364318.019126006,2716219.3063572994],[4365078.157876631,2716747.0628301036],[4365711.977244036,2717871.825961025],[4366074.4411992105,2717985.1431108494],[4366886.3005550895,2717577.7759634163],[4367547.7989062965,2717678.576853841],[4367799.662530065,2717643.1904935054],[4368548.279576975,2716926.6576797054],[4368841.100939573,2716827.7494841334],[4371090.644155035,2716832.1517101894],[4371903.632735267,2716916.8776942724],[4372405.866088304,2716642.195998987],[4373118.4765055915,2716866.060717998],[4373449.706232958,2716602.8243742744],[4373740.147234141,2715236.454830287],[4374598.171635903,2715128.081538815],[4375287.538616169,2714562.7285436057],[4376107.000927354,2714578.7956340387],[4376972.934307381,2714745.1845047805],[4377513.090313891,2714661.466336083],[4378042.724273614,2714439.4837052566],[4378461.422000365,2714129.979723609],[4379020.222889068,2713117.1637011655],[4380770.561110053,2712519.6292102723],[4380310.82794046,2712165.0960180303],[4380009.765507618,2712161.7346617836],[4379688.299558355,2711894.838842268],[4379321.023913261,2711954.216716536],[4378770.068092194,2712316.6666193316],[4378916.882269058,2712623.73876679],[4378855.872503456,2713117.1145914523],[4378330.428792323,2713963.9494701205],[4377675.842125095,2714313.4432847835],[4377144.05710361,2714342.117815507],[4376858.580821909,2714462.300906973],[4375997.598670446,2714492.4002343724],[4375557.171490975,2714351.517422725],[4375253.924142931,2714401.3058971497],[4375090.098424449,2714604.192568687],[4374520.7996034585,2714989.1524102576],[4374103.068026016,2715046.7944541937],[4373730.801633234,2714992.373033326],[4373578.430864061,2715068.9961689017],[4373333.322819285,2715830.9932774035],[4373444.354549919,2716027.8103456437],[4373401.541916258,2716276.7347695804],[4373286.223575426,2716539.7703021825],[4373132.585301009,2716656.363100815],[4372906.6662383005,2716651.087381056],[4372404.884235178,2716429.193816928],[4372277.440610913,2716430.067170119],[4372166.304343879,2716610.8468843843],[4371968.917917425,2716686.1732863025],[4368886.342037366,2716656.8764820592],[4368445.424815651,2716812.8450013073],[4368217.810400454,2717154.557304606],[4367726.531320718,2717500.7440863205],[4367504.221373852,2717527.004896487],[4366871.3466147445,2717401.7262878753],[4366549.206907805,2717630.185676746],[4366039.219288529,2717828.3267226215],[4365770.581325678,2717694.462254015],[4365555.852667847,2717143.1068701334],[4365199.921060948,2716630.8279068614],[4364711.058259826,2716355.8899612734],[4364435.764723467,2716084.931208563],[4364332.516562531,2715664.7287538815],[4364529.4323617,2715166.906303235],[4364000.547609147,2713824.991000431],[4363699.990638856,2713833.6846028967],[4363568.003051408,2714044.882985159],[4363144.291941964,2714202.7629580055],[4361401.337529513,2714111.5277821207],[4360523.0044864165,2713951.3464248246],[4357976.334671361,2714485.4740031],[4356741.997060131,2715640.7030292694],[4355807.929705457,2715835.1730422718],[4355642.311881289,2715961.379601704],[4356398.621347563,2717009.048197024],[4356885.941884592,2717351.295382947],[4356936.420305814,2717652.2156058038],[4356754.900167089,2718253.630231123],[4357299.488048833,2718493.697359383],[4357571.686290022,2719027.291566598],[4357506.191664104,2719302.2589927963],[4357338.628402294,2719397.8500368176],[4356848.335122374,2719435.5311445585],[4356686.921243128,2719640.2378573],[4356349.291883581,2719691.2243945347],[4355658.114509651,2719498.3193566543],[4355282.665166059,2719190.6426431267],[4354848.012899405,2719339.2657764633],[4353859.262173597,2719348.471919793],[4353497.02217211,2719164.8326721066],[4353305.410719668,2718852.434035612],[4353305.136126709,2718643.6235572184],[4353026.66123293,2718445.5274474965],[4353006.866037638,2718235.2407025425],[4353197.715305796,2717959.0195228094],[4353233.432510784,2717605.6261122967],[4353386.69118314,2717224.993987615],[4353697.771012787,2716949.6072030626],[4354281.771932686,2716885.2360174577],[4354622.792064084,2715756.8699473036],[4354795.031794979,2715540.13950787],[4353767.42536196,2712367.2339231386],[4354008.776803218,2711743.9310897402],[4353928.186025433,2711344.2548016924],[4353662.130093261,2710996.8792547495],[4353529.08323304,2710575.108233235],[4353217.629007691,2710149.2415633253],[4353702.631683565,2708612.4549367996],[4353912.280204711,2708351.415675827],[4353902.841875029,2708206.699691975]]]}},{"type":"Feature","properties":{"flugjahr":"2007","gebiet":"Salzburg"},"geometry":{"type":"Polygon","coordinates":[[[4550866.795921812,2686927.4082369446],[4551300.282958436,2676946.1872268845],[4548802.308017453,2676831.6148376456],[4549019.48305697,2671839.8637437676],[4544021.034153879,2671616.06387908],[4543803.937257223,2676607.725131588],[4541304.719132903,2676495.845386426],[4540870.405150295,2686479.42570551],[4550866.795921812,2686927.4082369446]]]}},{"type":"Feature","properties":{"flugjahr":"2007","gebiet":"Salzburg"},"geometry":{"type":"Polygon","coordinates":[[[4525875.559369316,2685809.324958156],[4533373.0559594305,2686144.0436208835],[4533481.643712938,2683648.207545407],[4528483.2576239025,2683424.9671239564],[4528591.789036056,2680929.2397745545],[4526092.615318193,2680817.757039955],[4525875.559369316,2685809.324958156]]]}},{"type":"Feature","properties":{"flugjahr":"2018","gebiet":"Tirol"},"geometry":{"type":"Polygon","coordinates":[[[4434896.171280242,2655567.15186474],[4434011.603249708,2655417.4092971114],[4433905.698608834,2655311.389769612],[4433424.4717499,2654180.963455533],[4433064.145250576,2653917.776964565],[4432651.299307258,2653766.7332172245],[4431922.502309739,2653207.04097499],[4431287.973481444,2652011.6215713257],[4431112.008974556,2651809.8791672606],[4428266.185918774,2650491.444591961],[4427855.0006502215,2650491.243672759],[4425914.249491484,2651164.640169062],[4425690.380723805,2651374.9940759344],[4425151.932819452,2652340.9926711763],[4424640.716216546,2652787.4627273963],[4424240.84186571,2652944.1390847424],[4421934.0306633385,2652859.036616363],[4419549.363982095,2652574.38872089],[4419385.524192644,2652595.3300447217],[4419217.022065121,2652738.057479661],[4418874.624880412,2652332.075928325],[4417322.79767982,2651629.217514468],[4417256.936918679,2651526.738956228],[4415835.890432314,2650830.9677909035],[4413962.513331187,2650690.130433907],[4413678.459610597,2650306.1801224775],[4413069.255583579,2649946.5842544786],[4412811.290406588,2649947.4115363015],[4412254.509119504,2650165.8982061115],[4411615.789468363,2650115.168498608],[4411110.959943113,2649824.351047803],[4410814.973175742,2649457.4445005287],[4410742.069567562,2649710.8608112456],[4410775.269597397,2650107.4022811665],[4410881.365463476,2650308.6695083375],[4410466.621324724,2651307.998440601],[4410548.773120107,2651969.7140580593],[4410277.727850759,2652075.669242229],[4410080.128114644,2652292.028013939],[4409619.3420803305,2653635.0565713104],[4409542.154841473,2654292.351708053],[4409694.53640131,2655060.8084732024],[4413372.524424213,2657384.9215279585],[4413656.111381149,2657682.146159551],[4414175.878280413,2657518.796231975],[4414894.913867196,2657822.858695599],[4416515.7160580065,2660086.8154107584],[4416730.690294207,2660744.189125732],[4417924.089927998,2661741.7943102354],[4418227.700771697,2662188.6408507237],[4418332.457109361,2662525.1475136173],[4418950.571990234,2662982.57900603],[4419226.952543009,2663874.5210435526],[4419476.896040318,2664274.562123414],[4419645.64534362,2664381.999758443],[4420221.49170105,2664492.950323065],[4420721.276461695,2664891.218811763],[4420878.150267195,2665236.3714186405],[4421163.182116722,2665450.545708119],[4421511.107137109,2665424.474627075],[4422097.275281131,2665149.9502204703],[4423049.651696671,2665272.631337655],[4423308.999970518,2665455.510355112],[4423441.50188731,2665775.773644523],[4423545.971309598,2666560.15087747],[4424026.292400264,2667187.885961016],[4424497.069182409,2667521.3940479504],[4424714.035049792,2668205.902736718],[4424815.905662959,2669087.0790896653],[4424989.964022693,2669660.1200762056],[4425130.03358741,2669658.317279766],[4425175.758538829,2669998.6127868267],[4425299.26348608,2670011.965528626],[4425788.704615119,2669987.345372506],[4426379.672145622,2669638.394103487],[4426820.885375234,2669478.235000223],[4426865.239552324,2668857.5831613527],[4427196.348096954,2668227.249131149],[4427402.6269206405,2668018.690450815],[4428023.07635972,2667723.443261231],[4428132.247652865,2667590.046717617],[4428392.460420201,2667062.0006868197],[4428522.652689232,2666430.0119408155],[4428390.918981687,2666283.959269466],[4428019.359568377,2666194.900746272],[4428252.597540037,2665770.04672465],[4428629.6769862,2664722.197557818],[4428235.958386237,2664556.7327314713],[4427501.525338049,2664054.4724323754],[4425971.624849979,2661954.0395214204],[4424164.90620582,2660859.3000093433],[4423338.479834753,2660252.153525764],[4422124.370532529,2658641.0367815197],[4421946.168802441,2658126.6099960217],[4421958.465252775,2657934.182721935],[4422038.586419853,2657847.159766485],[4422308.908469932,2657794.6610237407],[4422631.689731686,2657934.4071360715],[4422874.234952012,2658469.1180595327],[4423671.876188241,2659447.394570016],[4424431.64220175,2660014.308759186],[4425101.545682005,2660231.0535533093],[4425292.9433289785,2660366.4852074576],[4426639.833475027,2661445.054815032],[4427721.456316873,2662551.2089240663],[4428660.946113172,2663290.090763254],[4430536.464843092,2664332.5937114777],[4431729.86696131,2664497.1125745126],[4432398.458965108,2664094.4248137474],[4432616.709639251,2663438.008713032],[4432676.532190254,2659925.4412827045],[4432041.881427735,2659135.944022172],[4429994.63894287,2657950.400982117],[4429725.518631161,2657567.374745775],[4429197.639524369,2657266.973196535],[4428323.522692699,2656956.7037152983],[4427648.204756772,2656264.0657854276],[4427231.222397575,2655974.5101557225],[4427411.846470706,2655767.3527578344],[4427826.686893921,2655616.1144899884],[4428795.878730502,2656395.0718221664],[4429575.621729961,2656542.400518828],[4429799.324155976,2656657.420275718],[4430082.84118565,2656998.7230627714],[4430384.234248044,2657202.5076728137],[4431464.834889886,2657664.3612373443],[4432174.773958006,2657801.0719821453],[4433038.79128317,2658310.6575069064],[4433792.723768051,2658643.8848169986],[4434593.532885097,2658059.6169402143],[4435001.929871367,2657904.407588956],[4435095.750247043,2657794.966642594],[4435581.656571762,2656510.009958852],[4435596.450396548,2656223.1953794854],[4435344.392182897,2655688.053237214],[4435076.557651941,2655756.5217438177],[4434959.542086549,2655868.9187855097],[4434896.171280242,2655567.15186474]]]}},{"type":"Feature","properties":{"flugjahr":"DTM:2019, DSM:2009","gebiet":"Steiermark"},"geometry":{"type":"MultiPolygon","coordinates":[[[[4783622.774038356,2638097.609595596],[4783695.274679579,2636436.0362922526],[4783559.863142072,2634470.090371321],[4782975.147043852,2634354.3919727667],[4781952.814890603,2634468.7405672306],[4780477.822153325,2635239.594764745],[4779156.6245711045,2636344.695609033],[4775190.999003521,2637041.256951003],[4773501.293060495,2637920.216072538],[4772396.434198798,2637898.199194147],[4770520.0054288,2638033.020095308],[4769360.577558986,2638762.7594702174],[4768535.617585629,2639465.9873906],[4767774.247585589,2639813.856791418],[4767066.658452698,2639962.0525318454],[4766297.372657952,2639940.223824197],[4765045.413881742,2639639.7182059544],[4764504.723852873,2639153.1578940293],[4764004.046357442,2638484.310562834],[4762157.874251319,2637294.480610005],[4759244.457039004,2636872.7533215126],[4758832.5313165225,2636878.2394808633],[4759884.311777094,2637397.664426836],[4760163.768383784,2637419.457886265],[4760908.875734709,2637264.036771197],[4761072.014889523,2637325.813165205],[4761173.582404713,2637467.655120527],[4761166.734158705,2637678.8813636326],[4760916.921474517,2638058.856827251],[4759728.573835191,2639302.8482563575],[4760763.537879202,2639063.2033158652],[4762274.09295574,2638900.2435507695],[4763126.6474954365,2639080.046729517],[4763856.456238686,2639708.5076011177],[4764043.863225807,2640624.023566373],[4764262.516578046,2640915.447954784],[4766363.381447598,2641387.5944700935],[4767601.661992796,2641862.666178465],[4770789.020619923,2642201.3414482498],[4772181.260026185,2642201.1436702525],[4772712.4732973,2642468.1106150257],[4773152.988512985,2642403.556368907],[4773997.347690695,2642082.5828843503],[4775248.108354723,2641766.5700604357],[4777000.44004215,2641111.6272962056],[4779352.667302601,2639541.7842070074],[4780392.780594016,2639186.9595884867],[4782752.877272036,2638686.534240571],[4783348.174692935,2638636.764670632],[4783622.774038356,2638097.609595596]]],[[[4758072.841324266,2636888.368242059],[4757019.295113967,2636995.115833329],[4758255.047971392,2636885.9391540345],[4758072.841324266,2636888.368242059]]],[[[4754380.02672736,2637548.4693621993],[4753521.600077637,2637477.449550587],[4753397.112848107,2637611.239482046],[4755011.459124859,2637782.837968296],[4755556.628112549,2637564.5193688804],[4756214.149747614,2637147.098749364],[4754380.02672736,2637548.4693621993]]]]}},{"type":"Feature","properties":{"flugjahr":"2016","gebiet":"Salzburg"},"geometry":{"type":"MultiPolygon","coordinates":[[[[4552681.090457251,2732027.9463340337],[4552726.595332106,2731908.5721129635],[4552638.939883834,2732137.3327446803],[4552275.712248629,2732382.0630437145],[4551987.231146799,2733340.633156853],[4552129.227477701,2735160.5735428426],[4551813.221427706,2735525.5430557975],[4551381.114288883,2735577.0921631074],[4551019.516394279,2735954.840266955],[4550703.428152804,2736148.375426012],[4550256.26685419,2736913.666895819],[4549585.236770699,2737500.9870522604],[4549695.941264937,2737719.312750063],[4549651.881485216,2737791.921757003],[4549156.084921075,2737796.65683597],[4549133.439353554,2737986.963559484],[4548595.606404796,2738192.3704082267],[4548303.448167622,2738069.4858109527],[4548068.931832414,2738198.4377261605],[4547842.333577644,2738561.4688825333],[4547387.390215466,2738821.206247451],[4546926.292590317,2738749.774049241],[4546855.022394995,2738293.3662143536],[4546687.301650254,2738148.547566761],[4546494.446037566,2737789.3047420783],[4545905.94423083,2737683.839114574],[4545715.929646228,2737475.1576761054],[4545731.897042139,2737236.7317479504],[4545295.28140694,2737026.2561005205],[4544118.308689745,2736953.069699512],[4543616.946632006,2737021.674891522],[4543405.88526355,2737151.276316693],[4543184.413785406,2737129.734007872],[4543024.391633192,2736984.0270102243],[4542770.25067941,2736972.6230480503],[4542428.481634987,2737296.6331086294],[4542142.084696176,2737400.3469104916],[4541670.69556938,2737357.9946778547],[4541214.002502819,2737093.844753637],[4540826.047333533,2737104.7491430207],[4540410.015048242,2737163.9049980566],[4540254.585260761,2737564.9980237596],[4539950.133629683,2737682.364089911],[4539768.527148525,2737858.722626171],[4539537.285739511,2737884.126216977],[4539334.338271855,2738299.571274357],[4538886.744821314,2738637.363024017],[4538792.132015121,2738900.614242073],[4538815.0581109775,2739226.7578937914],[4539293.802479584,2739779.0032884306],[4539349.277834789,2740298.1156331757],[4539541.42090009,2740530.6954163364],[4539537.154050405,2740628.227570159],[4539682.625555822,2740715.9343636343],[4539716.777157513,2740943.1346962946],[4539969.553540274,2741075.004475999],[4540006.311869667,2741196.8811240704],[4540715.241581867,2741314.275034316],[4541063.9647998,2741721.343168747],[4541090.329634188,2742329.231413399],[4540983.863795398,2742414.488696046],[4540954.092046761,2742681.826712968],[4541114.234468092,2742883.13230733],[4541440.401615287,2743014.057972932],[4541643.815208272,2743371.383341428],[4541448.73934003,2743918.3591020475],[4540777.607298454,2743836.5858718073],[4540587.294537357,2743742.8591493457],[4540333.59313975,2743839.4855730333],[4540481.820429323,2744322.2310584],[4540771.1881473595,2744729.6137672774],[4541198.163813747,2744951.6080348142],[4541100.788688723,2745470.007725424],[4541198.951187151,2745729.7576864124],[4541531.8101315005,2745935.7911874326],[4541822.311301579,2745975.139754298],[4542103.1902589295,2746497.505826289],[4542984.883160663,2747461.2015507286],[4543890.771725732,2749290.212009151],[4544370.281236009,2750638.3427253277],[4545690.765393031,2752226.0432442036],[4545750.264933917,2752687.924723589],[4545479.831338995,2753554.5262643048],[4544449.697234955,2755028.1298214],[4543899.1305191,2755980.3186326865],[4542509.411044549,2758881.1338205915],[4541402.123486478,2760326.8542687558],[4541079.527849342,2760888.0272777025],[4540658.053068162,2761891.0360070257],[4540427.86449775,2762871.600594016],[4540150.013495516,2762675.014254226],[4539668.126000242,2762556.061651115],[4539346.966591861,2762597.9589079297],[4539147.491538055,2762736.2443817644],[4538984.533900009,2763081.686939479],[4539061.881764376,2764054.753985055],[4538951.314227521,2764275.193269896],[4538304.7438448,2764572.9202524433],[4536405.284043584,2764708.2911863294],[4535986.17889314,2764885.21855163],[4535542.900258605,2765225.175263902],[4535316.412726828,2765506.8041791604],[4535098.187092572,2766007.0118543706],[4534630.448489475,2767996.5866824407],[4534318.676931505,2768866.231928597],[4534509.056375949,2768915.7071679337],[4535306.761234121,2765892.020195239],[4535741.688008275,2765252.738928731],[4536178.5241595525,2764957.262961791],[4536590.189222037,2764818.4335745797],[4538293.239868833,2764716.027236967],[4538950.02207962,2764458.0306667686],[4539131.134364517,2764289.8910711715],[4539215.727702748,2764065.6994530866],[4539154.320871692,2763049.8047523824],[4539411.422556887,2762736.515223887],[4539657.664519383,2762705.4559841664],[4540087.434480734,2762811.976184854],[4540283.810535611,2762946.169361086],[4540374.831170104,2763284.3414819213],[4540568.966295315,2763202.881851121],[4540795.758352028,2761994.8431015625],[4541221.976044676,2760962.6316374447],[4541610.002579196,2760310.1176165794],[4542670.116579699,2758900.440930971],[4544331.564425868,2755527.8707010285],[4545668.165217814,2753536.784937435],[4545886.025881387,2752836.928917367],[4545908.896203618,2752485.2335866075],[4545819.178438252,2752132.6903091623],[4544531.557906716,2750584.5964637296],[4544005.347142687,2749166.020875906],[4543109.182762736,2747367.077657891],[4542236.370622263,2746395.5887150518],[4541895.809983617,2745822.0039939303],[4541614.783597101,2745788.4584911163],[4541339.836783128,2745640.8387535745],[4541262.369039032,2745448.3976140204],[4541365.663924315,2744895.404251819],[4540875.697879984,2744596.66767569],[4540642.526530937,2744270.2213371373],[4540518.676157098,2743930.6751349],[4540595.22352445,2743899.8035448394],[4540891.313467973,2744034.646944458],[4541039.123299834,2744217.54271996],[4541108.800144238,2744186.92416996],[4541046.063354298,2743985.6563017797],[4541601.42343541,2744095.6105832383],[4541822.962045352,2743373.5666920803],[4541536.68207893,2742855.4862639876],[4541208.609866943,2742731.711938331],[4541124.65909267,2742625.181062276],[4541156.930092678,2742523.2680203347],[4541258.46642659,2742666.8362283413],[4541335.730816829,2742627.823362821],[4541203.362770455,2742178.1696177404],[4541249.22176547,2741643.5176302427],[4541175.745787726,2741447.303133975],[4541093.958292804,2741522.9070751807],[4540999.67142238,2741441.344743099],[4540869.7728448035,2741160.6531547047],[4540146.8851507,2741055.713466374],[4540137.623571494,2740982.2228786885],[4539924.004670492,2740870.6739693233],[4539778.946537715,2740487.9311089246],[4539702.1864855485,2740501.667795916],[4539658.171073752,2740317.29911958],[4539505.268911992,2740234.039029894],[4539402.899314764,2739621.322745882],[4538964.041973039,2739150.7140254676],[4539032.218537749,2738706.232326593],[4539259.679910252,2738603.0311355772],[4539490.685365472,2738360.4971732665],[4539631.91127586,2738053.5307487114],[4539907.321330092,2738014.486195541],[4540056.824050995,2737805.4609176423],[4540404.594144482,2737693.615681519],[4540561.599169488,2737305.4321956076],[4541185.796276468,2737246.4388654656],[4541619.900095151,2737506.451551204],[4542011.403499556,2737494.520565232],[4542170.643809482,2737577.785463544],[4542493.8785972595,2737438.6399586047],[4542871.221362438,2737119.2525555245],[4543170.155968761,2737295.213433615],[4543400.949640167,2737328.120533224],[4543677.975733464,2737173.0222944147],[4544163.590133724,2737102.985715692],[4545247.710835954,2737171.837318478],[4545563.523960671,2737321.7051767968],[4545615.351449984,2737614.380298871],[4545805.715220821,2737822.826178805],[4546354.15067094,2737880.129900614],[4546613.501254674,2738286.236009093],[4546517.480387805,2738407.4710042467],[4546744.65447323,2738663.3427178664],[4546766.084454183,2738873.9836533507],[4546929.127152447,2738965.135945582],[4547108.72892939,2738912.78825285],[4547515.519708926,2738983.461777694],[4547605.355951084,2738831.9044366586],[4547866.261390758,2738781.5223708926],[4548191.408758564,2738308.2278024033],[4548329.184973576,2738234.842879826],[4548477.901127085,2738354.144316142],[4549405.137277928,2738067.3269292973],[4549355.538421923,2737941.280167973],[4549631.239295981,2737938.5640502986],[4549908.258385049,2737708.903611591],[4549804.092583774,2737549.287387257],[4550402.484148021,2736977.4508249154],[4550819.845504221,2736257.676867772],[4551101.11302683,2736112.2341852384],[4551468.680955835,2735705.24950496],[4551847.192830573,2735712.9580688183],[4552357.301432088,2735196.987456077],[4552173.635509572,2734100.0685178633],[4552138.7104445575,2733386.703733457],[4552415.457011229,2732469.3984831613],[4552753.961201985,2732259.8407744304],[4552804.931154207,2732151.9186529936],[4552840.847080935,2732035.1182818413],[4552681.090457251,2732027.9463340337]]],[[[4534568.356161088,2768924.2787576383],[4534565.31254418,2768923.4969209726],[4534509.056375949,2768915.7071679337],[4534568.356161088,2768924.2787576383]]],[[[4534760.251198167,2768934.457660302],[4534798.878268938,2768932.683743146],[4534726.3469821615,2768936.1605431857],[4534760.251198167,2768934.457660302]]],[[[4534926.484151931,2768926.9728430156],[4534936.008855246,2768926.477176061],[4534916.591803331,2768927.4187159],[4534926.484151931,2768926.9728430156]]],[[[4535333.592559671,2768910.7865112377],[4535372.501346145,2768910.0425442937],[4535302.567998568,2768923.236986576],[4535333.592559671,2768910.7865112377]]],[[[4535404.890599296,2768911.2060301695],[4535400.033966777,2768910.8359819776],[4535372.501346145,2768910.0425442937],[4535404.890599296,2768911.2060301695]]],[[[4535557.6493284255,2768918.106418682],[4535494.640177057,2768913.8551866775],[4535483.878218303,2768913.5658047344],[4535557.6493284255,2768918.106418682]]],[[[4535614.653216636,2768921.799593189],[4535632.895563009,2768923.2799285892],[4535601.965843177,2768920.9775996865],[4535614.653216636,2768921.799593189]]],[[[4535661.747894238,2768925.6212520897],[4535692.7247516215,2768929.1873032223],[4535648.298292124,2768924.5298361112],[4535661.747894238,2768925.6212520897]]],[[[4535722.066599975,2768945.091886409],[4535719.690709166,2768938.383263847],[4535692.727086891,2768929.1875756644],[4535722.066599975,2768945.091886409]]],[[[4535811.908106306,2768932.758660923],[4535828.689614561,2768925.8114945316],[4535783.133719119,2768946.8967653764],[4535811.908106306,2768932.758660923]]],[[[4535915.145416917,2768909.085347031],[4535909.061648727,2768910.6929503474],[4535848.914318813,2768927.700747125],[4535915.145416917,2768909.085347031]]],[[[4535945.5647409735,2768895.094123967],[4535992.697527032,2768870.2576141167],[4535954.812742862,2768889.7264568936],[4535945.5647409735,2768895.094123967]]],[[[4536025.655609645,2768858.671525558],[4536054.064998647,2768853.8847997272],[4535992.697527032,2768870.2576141167],[4536025.655609645,2768858.671525558]]],[[[4536086.039062404,2768848.2811658327],[4536087.810455034,2768847.3792685703],[4536066.708690794,2768851.668921578],[4536086.039062404,2768848.2811658327]]],[[[4536125.923233347,2768652.9547786727],[4536127.878881193,2768658.6434280267],[4536191.465665482,2768659.9738623034],[4536125.923233347,2768652.9547786727]]],[[[4536241.123034315,2768582.419564687],[4536246.865233332,2768572.5854545515],[4536289.300743481,2768547.4739831565],[4536253.342515922,2768562.2773995902],[4536246.13014698,2768573.0593973757],[4536241.123034315,2768582.419564687]]],[[[4536384.705784307,2768579.108920352],[4536378.185260745,2768579.3713077144],[4536357.513280101,2768581.8954252386],[4536384.705784307,2768579.108920352]]],[[[4536445.740103667,2768510.6390762557],[4536469.719792534,2768511.237681183],[4536424.741720352,2768546.727355978],[4536445.740103667,2768510.6390762557]]],[[[4536627.808529269,2768450.7746330127],[4536615.6646536235,2768454.9320284626],[4536584.965887016,2768472.654255094],[4536627.808529269,2768450.7746330127]]],[[[4536744.587069139,2768375.397694378],[4536733.876990567,2768383.5066923904],[4536721.62536141,2768395.4946215325],[4536744.587069139,2768375.397694378]]],[[[4536790.100663654,2768366.019553285],[4536755.297148887,2768367.2886908613],[4536744.587069139,2768375.397694378],[4536790.100663654,2768366.019553285]]],[[[4536853.555921059,2768373.715841543],[4536842.1874536425,2768371.8396859164],[4536790.100663654,2768366.019553285],[4536853.555921059,2768373.715841543]]],[[[4536911.816113332,2768384.6659773714],[4536906.357785848,2768382.9751156676],[4536853.555921059,2768373.715841543],[4536911.816113332,2768384.6659773714]]],[[[4536928.471910312,2768419.0960615985],[4536886.2396947,2768456.6155888983],[4536911.81622959,2768384.666013386],[4536928.471910312,2768419.0960615985]]],[[[4536906.962224631,2768568.919550175],[4536927.392263003,2768616.500495787],[4536891.688363927,2768559.7009815113],[4536906.962224631,2768568.919550175]]],[[[4536927.53908621,2768646.1638892097],[4536903.214488393,2768683.242924383],[4536927.392263003,2768616.500495787],[4536927.53908621,2768646.1638892097]]],[[[4536906.085902344,2768800.6624055924],[4536908.526443989,2768803.52060466],[4536902.213754926,2768764.684187553],[4536906.085902344,2768800.6624055924]]],[[[4536950.693810413,2768798.588921487],[4537009.52067102,2768787.0225256975],[4537024.110385101,2768813.8322488116],[4536950.693810413,2768798.588921487]]],[[[4537022.3393849945,2768843.1194205834],[4537024.1829491835,2768821.419889071],[4537024.110392817,2768813.833055625],[4537022.3393849945,2768843.1194205834]]],[[[4537033.840267292,2768940.3103623874],[4537038.774405803,2768977.678391076],[4537040.9918067455,2768965.2558076023],[4537033.840267292,2768940.3103623874]]],[[[4537031.398977306,2769004.8832363244],[4537036.557015432,2768990.1009178953],[4537038.774388983,2768977.678485304],[4537031.398977306,2769004.8832363244]]],[[[4537032.654254864,2769114.636689506],[4537033.366952427,2769084.931714195],[4537029.229586087,2769072.76410635],[4537032.654254864,2769114.636689506]]],[[[4537018.808504891,2769158.818150623],[4537024.129591481,2769150.764736474],[4537032.654254864,2769114.636689506],[4537018.808504891,2769158.818150623]]],[[[4537085.2768129,2769218.482597775],[4537125.477538142,2769258.4345710757],[4537040.984283228,2769205.063979435],[4537085.2768129,2769218.482597775]]],[[[4537132.572408369,2769291.7419889653],[4537131.375314752,2769313.6047925837],[4537125.477538142,2769258.4345710757],[4537132.572408369,2769291.7419889653]]],[[[4537222.08614159,2769437.6917509623],[4537215.249138688,2769429.770461075],[4537190.597317453,2769412.4045265433],[4537222.08614159,2769437.6917509623]]],[[[4537242.417096886,2769468.0673172357],[4537228.923142351,2769445.613039893],[4537222.08614159,2769437.6917509623],[4537242.417096886,2769468.0673172357]]],[[[4537250.84899578,2769510.1012141854],[4537228.57519127,2769535.896840413],[4537242.417096886,2769468.0673172357],[4537250.84899578,2769510.1012141854]]],[[[4537263.6263579475,2769718.9033545824],[4537227.7211327795,2769743.41962245],[4537262.644051046,2769667.4471312915],[4537263.6263579475,2769718.9033545824]]],[[[4537199.254105377,2769760.7617749874],[4537215.131050809,2769751.728840851],[4537221.596989205,2769747.389459478],[4537199.254105377,2769760.7617749874]]],[[[4537231.28160285,2769812.839127226],[4537266.992050651,2769867.033101391],[4537266.774004388,2769867.696681383],[4537231.28160285,2769812.839127226]]],[[[4537390.013206316,2770053.1748963934],[4537592.181364133,2770130.974094],[4537650.337861134,2770302.5577464253],[4537602.551152831,2770148.6074983827],[4537593.483826248,2770130.7111389954],[4537580.533167809,2770115.123089046],[4537564.424941986,2770102.8203477133],[4537545.975183036,2770094.426223099],[4537390.013206316,2770053.1748963934]]],[[[4537710.649656963,2770433.2223815676],[4537745.768064476,2770486.753433938],[4537771.157049601,2770877.8887857674],[4537710.649656963,2770433.2223815676]]],[[[4538027.404596172,2771255.447576628],[4538071.239681645,2771391.671105185],[4537879.990202852,2771131.5055274656],[4538027.404596172,2771255.447576628]]],[[[4538469.521489694,2771976.0801196615],[4538895.87288928,2772035.3734105676],[4539215.654342717,2772443.646421668],[4538902.009649822,2772039.050299415],[4538892.6925531365,2772033.3813629383],[4538882.970957271,2772027.806970007],[4538863.416970468,2772017.5880207936],[4538822.8585074125,2772000.2568627666],[4538737.4734351225,2771978.602687845],[4538469.521489694,2771976.0801196615]]],[[[4539572.525433825,2772959.9657934075],[4539692.887176215,2773104.0576453265],[4539789.710274243,2773247.190349777],[4539572.525433825,2772959.9657934075]]],[[[4539886.315339829,2773366.853790888],[4539844.787152552,2773318.550557063],[4539838.251548404,2773311.32538897],[4539886.315339829,2773366.853790888]]],[[[4540142.701116076,2773506.9640574623],[4540191.517794528,2773531.4908206416],[4540180.574230431,2773525.6967487074],[4540142.701116076,2773506.9640574623]]],[[[4540263.269216133,2773568.75697912],[4540249.646788615,2773561.2109646476],[4540225.740348929,2773549.019715766],[4540263.269216133,2773568.75697912]]],[[[4540386.235840671,2773607.825904843],[4540376.448619326,2773606.4452822376],[4540353.763477626,2773603.8342404435],[4540386.235840671,2773607.825904843]]],[[[4540426.471886282,2773612.5318817664],[4540416.062374823,2773610.9581657965],[4540404.007005526,2773609.9044048227],[4540426.471886282,2773612.5318817664]]],[[[4541001.361357153,2773525.464435943],[4540981.746594584,2773583.970986348],[4540979.674122757,2773591.7972340425],[4541001.361357153,2773525.464435943]]],[[[4541081.482029163,2773346.477011753],[4541062.099882842,2773344.6566281505],[4541025.069229508,2773460.9874287965],[4541081.482029163,2773346.477011753]]],[[[4541098.859090673,2773406.6639202414],[4541094.6188726025,2773347.7102450347],[4541081.482161109,2773346.477024139],[4541098.859090673,2773406.6639202414]]],[[[4541186.329110473,2773476.260094918],[4541185.512380159,2773468.48397921],[4541157.177560189,2773462.2667891327],[4541186.329110473,2773476.260094918]]],[[[4541285.983046369,2773479.2766378922],[4541290.111709155,2773476.390506112],[4541285.50759762,2773479.4347844464],[4541285.983046369,2773479.2766378922]]],[[[4541311.202357525,2773461.6471479656],[4541302.927602853,2773464.840354198],[4541291.053310772,2773475.7322818474],[4541311.202357525,2773461.6471479656]]],[[[4541361.049397546,2773387.5941465506],[4541365.6242747875,2773383.391033091],[4541422.958444402,2773340.851299418],[4541370.199156442,2773379.187820666],[4541361.049397546,2773387.5941465506]]],[[[4541459.4082967285,2773313.1172062373],[4541521.5779226925,2773261.4275578614],[4541526.130670229,2773260.2228650674],[4541459.4082967285,2773313.1172062373]]],[[[4541572.56837287,2773247.9351061927],[4541565.5233692415,2773244.412961441],[4541551.460613067,2773253.5203701854],[4541572.56837287,2773247.9351061927]]],[[[4541705.109241222,2773284.550345326],[4541662.473067293,2773238.017823112],[4541653.109743569,2773244.0974848135],[4541705.109241222,2773284.550345326]]],[[[4541755.795540003,2773267.5560551235],[4541761.931667693,2773268.631409169],[4541705.109241222,2773284.550345326],[4541755.795540003,2773267.5560551235]]],[[[4541824.976707073,2773251.2099493034],[4541835.943065389,2773247.602548334],[4541791.652065421,2773269.1143317726],[4541824.976707073,2773251.2099493034]]],[[[4541877.37572647,2773233.973210954],[4541887.52669326,2773229.6957671703],[4541874.9038496455,2773234.7863385268],[4541877.37572647,2773233.973210954]]],[[[4541958.279535383,2773167.770771092],[4541954.276542444,2773171.367058194],[4541953.914861109,2773173.6895741895],[4541958.279535383,2773167.770771092]]],[[[4541967.29528315,2773155.544789247],[4541981.468600057,2773136.2529968545],[4541964.8551672045,2773158.853756177],[4541967.29528315,2773155.544789247]]],[[[4541999.085018723,2773112.274687343],[4542001.86863243,2773108.1126618045],[4541996.258604879,2773116.121815232],[4541999.085018723,2773112.274687343]]],[[[4542057.260740273,2773024.508309974],[4542086.595856107,2773002.083178164],[4542032.005224001,2773062.9204086005],[4542057.260740273,2773024.508309974]]],[[[4542111.66915877,2772977.183430212],[4542110.195146309,2772978.493584979],[4542109.613560116,2772979.224831796],[4542111.66915877,2772977.183430212]]],[[[4542138.5411932785,2772946.250602202],[4542132.763916081,2772952.494354231],[4542129.929252449,2772956.6133424127],[4542138.5411932785,2772946.250602202]]],[[[4542160.45950655,2772915.1913336827],[4542189.672146478,2772870.1556491586],[4542187.273807487,2772873.2816122347],[4542160.45950655,2772915.1913336827]]],[[[4542218.654058421,2772817.0146748046],[4542234.622998913,2772792.9142907104],[4542211.451748214,2772830.5673284344],[4542218.654058421,2772817.0146748046]]],[[[4542412.700897041,2772585.2092129006],[4542427.795932704,2772573.1302733505],[4542361.077390714,2772647.06122495],[4542412.700897041,2772585.2092129006]]],[[[4542443.100428355,2772560.8837500447],[4542446.292766485,2772556.17162052],[4542438.780902197,2772564.3401945117],[4542443.100428355,2772560.8837500447]]],[[[4542461.463337212,2772533.778764671],[4542490.1271435665,2772506.9254151355],[4542478.929825008,2772511.3912926503],[4542461.463337212,2772533.778764671]]],[[[4542497.144783542,2772501.79881943],[4542496.205455717,2772501.6124757184],[4542491.990105254,2772505.2970345523],[4542497.144783542,2772501.79881943]]],[[[4542523.0080585405,2772484.246770961],[4542509.017281914,2772493.1267196005],[4542507.615158448,2772494.693121085],[4542523.0080585405,2772484.246770961]]],[[[4542553.396634664,2772450.9862162806],[4542551.67416682,2772447.6766708037],[4542551.348775397,2772451.115095406],[4542553.396634664,2772450.9862162806]]],[[[4542573.385558216,2772419.1361593427],[4542584.824203614,2772405.594602666],[4542574.4852351,2772413.6188041344],[4542573.385558216,2772419.1361593427]]],[[[4542598.341936593,2772389.5917879622],[4542604.597655976,2772384.8987178565],[4542596.937573055,2772385.1699901256],[4542598.341936593,2772389.5917879622]]],[[[4542630.287274196,2772365.6263034046],[4542624.244341186,2772365.7727167085],[4542624.342178878,2772370.086323055],[4542630.287274196,2772365.6263034046]]],[[[4542658.879456791,2772325.1496238937],[4542653.151157034,2772328.956425175],[4542638.8924501855,2772353.4443149744],[4542658.879456791,2772325.1496238937]]],[[[4542665.442690877,2772313.4005587595],[4542664.45685223,2772313.005608379],[4542664.896729684,2772314.512713623],[4542665.442690877,2772313.4005587595]]],[[[4542676.834780644,2772290.194236462],[4542675.421513012,2772291.3761421833],[4542674.854045417,2772294.2291004546],[4542676.834780644,2772290.194236462]]],[[[4542678.744637716,2772282.9807641343],[4542719.949171403,2772258.9914357667],[4542709.115003037,2772259.3226476177],[4542702.141954304,2772262.3608562886],[4542689.221417269,2772268.803660277],[4542686.131659093,2772272.3467257493],[4542679.572127957,2772272.8121326836],[4542678.744637716,2772282.9807641343]]],[[[4542761.370871948,2772248.4457365186],[4542759.528062344,2772248.0730026476],[4542756.961779424,2772250.378759808],[4542761.370871948,2772248.4457365186]]],[[[4542788.164798081,2772236.6988207325],[4542825.15330168,2772239.342631007],[4542767.829079078,2772245.6143463952],[4542788.164798081,2772236.6988207325]]],[[[4542889.244437844,2772232.658047256],[4542879.012922778,2772226.423155127],[4542869.81833751,2772233.5743849087],[4542889.244437844,2772232.658047256]]],[[[4542926.425695564,2772226.9353242326],[4542934.633050762,2772230.366367747],[4542938.027618883,2772231.2811134653],[4542926.425695564,2772226.9353242326]]],[[[4542973.541298659,2772240.8510939884],[4542975.433430687,2772241.069028212],[4542964.045808187,2772238.29232514],[4542973.541298659,2772240.8510939884]]],[[[4542978.644825314,2772241.438914101],[4542978.2332170205,2772241.142974643],[4542977.861210628,2772241.3486579712],[4542978.644825314,2772241.438914101]]],[[[4542998.83990308,2772243.764969222],[4542998.40919784,2772243.6916686133],[4542998.349827828,2772243.70852265],[4542998.83990308,2772243.764969222]]],[[[4543016.720570663,2772245.8244551765],[4543067.351747475,2772248.99686372],[4543013.628179298,2772245.4682749524],[4543016.720570663,2772245.8244551765]]],[[[4543226.580467572,2772302.9601527927],[4543266.784579893,2772343.63167239],[4543171.976824643,2772266.5191761563],[4543226.580467572,2772302.9601527927]]],[[[4543418.773183155,2772490.5659289644],[4543372.200785767,2772427.875564782],[4543371.580925477,2772427.3969001323],[4543418.773183155,2772490.5659289644]]],[[[4543567.507315778,2772564.7976477696],[4543565.011325985,2772563.374576478],[4543522.416801857,2772554.5937088663],[4543567.507315778,2772564.7976477696]]],[[[4543717.086514243,2772687.248079734],[4543738.120465966,2772735.342292396],[4543672.843517068,2772639.908109142],[4543717.086514243,2772687.248079734]]],[[[4543796.355292398,2772732.601847682],[4543816.345756254,2772753.3464658195],[4543806.913762033,2772722.9241669443],[4543796.355292398,2772732.601847682]]],[[[4543825.51688271,2772762.863760783],[4543827.298342332,2772764.091722904],[4543822.473889474,2772759.7059068284],[4543825.51688271,2772762.863760783]]],[[[4543849.563361308,2772779.439024374],[4543851.801976463,2772781.3882160736],[4543836.625937015,2772770.5212441776],[4543849.563361308,2772779.439024374]]],[[[4543872.86373112,2772799.7269580043],[4543884.624985325,2772802.2585862298],[4543874.36596278,2772793.004803655],[4543872.86373112,2772799.7269580043]]],[[[4543925.977381007,2772811.1597678633],[4543907.167290456,2772797.861981026],[4543890.95331333,2772803.620769402],[4543925.977381007,2772811.1597678633]]],[[[4543960.229600625,2772800.844607792],[4543956.993169703,2772796.091030132],[4543951.758475318,2772803.395718742],[4543960.229600625,2772800.844607792]]],[[[4543978.4718055185,2772790.025208845],[4543978.200282117,2772789.7507481067],[4543976.7943876255,2772791.0200823857],[4543978.4718055185,2772790.025208845]]],[[[4543994.655853935,2772780.4264596216],[4544015.237451043,2772779.2997881994],[4544001.805314797,2772766.9192064265],[4543994.655853935,2772780.4264596216]]],[[[4544022.14990707,2772778.9213884105],[4544034.795953505,2772778.3302153195],[4544032.382179155,2772762.5030279555],[4544022.14990707,2772778.9213884105]]],[[[4544066.426573996,2772812.8323866082],[4544072.387115858,2772815.7472825013],[4544061.635881797,2772808.27601799],[4544066.426573996,2772812.8323866082]]],[[[4544138.738693565,2772828.817805782],[4544117.876327985,2772828.920112126],[4544117.313119687,2772832.5666150916],[4544138.738693565,2772828.817805782]]],[[[4544165.437571309,2772818.871162246],[4544162.009481323,2772815.3963762997],[4544138.738693565,2772828.817805782],[4544165.437571309,2772818.871162246]]],[[[4544186.525669826,2772817.7867685175],[4544180.276907693,2772813.5064195604],[4544173.424871546,2772817.836380551],[4544186.525669826,2772817.7867685175]]],[[[4544199.803850773,2772817.7364857737],[4544204.30111097,2772816.1449980466],[4544194.6069873795,2772817.7561654956],[4544199.803850773,2772817.7364857737]]],[[[4544216.854293391,2772811.702681663],[4544290.235481947,2772806.5369750373],[4544295.764631266,2772813.4019044773],[4544216.854293391,2772811.702681663]]],[[[4544371.664515182,2772879.304628843],[4544362.131137622,2772864.7067902875],[4544357.327862908,2772865.955066933],[4544371.664515182,2772879.304628843]]],[[[4544398.439860638,2772898.1842114218],[4544390.008667094,2772892.5225574723],[4544384.055480328,2772890.8424660107],[4544398.439860638,2772898.1842114218]]],[[[4544428.50371655,2772913.0495118806],[4544441.329625563,2772900.2854350857],[4544428.219433149,2772904.829436104],[4544428.50371655,2772913.0495118806]]],[[[4544481.977459575,2772922.634352815],[4544476.951651697,2772909.1391063975],[4544453.418702909,2772921.734938812],[4544481.977459575,2772922.634352815]]],[[[4544525.369172328,2772916.128993374],[4544516.186045879,2772913.584634133],[4544510.279442009,2772918.953598798],[4544525.369172328,2772916.128993374]]],[[[4544538.790603098,2772927.128325208],[4544534.552299974,2772918.673354661],[4544525.369172328,2772916.128993374],[4544538.790603098,2772927.128325208]]],[[[4544573.745840627,2772928.9353733496],[4544561.531908905,2772916.8445591675],[4544552.851243002,2772935.6983540896],[4544573.745840627,2772928.9353733496]]],[[[4544585.191456883,2772925.2307529724],[4544602.640727238,2772926.478866637],[4544604.056881699,2772919.2652508426],[4544585.402170417,2772924.241114389],[4544585.191456883,2772925.2307529724]]],[[[4544644.277321621,2772933.690661842],[4544642.651342053,2772932.8243936547],[4544640.315507614,2772933.004442403],[4544644.277321621,2772933.690661842]]],[[[4544660.005634418,2772935.555364074],[4544659.288078138,2772935.0938934223],[4544657.0714498935,2772935.5051221293],[4544660.005634418,2772935.555364074]]],[[[4544695.172887378,2772936.1575846914],[4544674.520757942,2772932.654525345],[4544672.786056273,2772935.7742035985],[4544695.172887378,2772936.1575846914]]],[[[4544714.227133208,2772936.4665198107],[4544724.324045361,2772934.7925168904],[4544719.299765699,2772924.8979785414],[4544714.227133208,2772936.4665198107]]],[[[4544742.875269359,2772932.1449013697],[4544739.108189448,2772931.0973552736],[4544736.428777838,2772933.1173652695],[4544742.875269359,2772932.1449013697]]],[[[4544775.544065377,2772937.9718027418],[4544772.277652909,2772936.2039208184],[4544752.810330706,2772933.9169461345],[4544775.544065377,2772937.9718027418]]],[[[4544813.743451458,2772935.8661532924],[4544806.574677691,2772929.241510221],[4544795.992033737,2772937.587712727],[4544813.743451458,2772935.8661532924]]],[[[4544845.146909532,2772938.154305197],[4544839.636463732,2772935.68205199],[4544835.11247465,2772937.423157948],[4544845.146909532,2772938.154305197]]],[[[4544892.416712311,2772947.492646566],[4544866.141217031,2772936.6146370787],[4544859.04089021,2772940.1810995094],[4544892.416712311,2772947.492646566]]],[[[4544969.324122088,2772972.1671890775],[4544966.609365141,2772960.6971057993],[4544936.534156775,2772956.2019250956],[4544969.324122088,2772972.1671890775]]],[[[4545005.343004193,2772999.543366246],[4545024.548943243,2773026.1772619355],[4545026.737815576,2773027.3655087124],[4545010.433449177,2773001.1213523424],[4545005.343004193,2772999.543366246]]],[[[4545142.71343414,2773034.520392341],[4545134.991149315,2773026.6384827592],[4545126.349634345,2773051.1177330846],[4545142.71343414,2773034.520392341]]],[[[4545215.491479048,2773088.457835919],[4545236.004417968,2773143.319049873],[4545206.114673454,2773083.8142624786],[4545215.491479048,2773088.457835919]]],[[[4545350.025787586,2773206.7491888604],[4545348.811831687,2773206.5198148624],[4545321.090939121,2773201.3598210695],[4545350.025787586,2773206.7491888604]]],[[[4545388.638206191,2773227.216303573],[4545391.731091605,2773241.4004795486],[4545350.028485505,2773206.749698625],[4545388.638206191,2773227.216303573]]],[[[4545394.960162439,2773256.209216449],[4545397.023098898,2773262.653493749],[4545394.418654649,2773253.72582392],[4545394.960162439,2773256.209216449]]],[[[4545407.909190181,2773296.65988506],[4545417.001207858,2773307.7734881253],[4545411.485278694,2773299.9326550825],[4545407.909190181,2773296.65988506]]],[[[4545456.604527345,2773356.684813841],[4545443.2894708505,2773339.536007927],[4545437.182667918,2773332.4422556106],[4545456.604527345,2773356.684813841]]],[[[4545483.010855381,2773389.994468466],[4545476.063127035,2773381.004130124],[4545456.604527345,2773356.684813841],[4545483.010855381,2773389.994468466]]],[[[4545530.954380359,2773501.7971198577],[4545504.673963146,2773565.5505747544],[4545521.212156564,2773430.87396295],[4545530.954380359,2773501.7971198577]]],[[[4545680.621588961,2773789.499145456],[4545683.2357848175,2773788.042651238],[4545614.813197472,2773760.3801264125],[4545680.621588961,2773789.499145456]]],[[[4545811.982600776,2773835.387095555],[4545811.539576486,2773835.2191225225],[4545757.288348597,2773818.299892599],[4545811.982600776,2773835.387095555]]],[[[4546179.048141095,2773752.0995275117],[4546207.137621579,2773719.2372791683],[4546186.407352442,2773743.414703409],[4546179.048141095,2773752.0995275117]]],[[[4546251.246868052,2773628.6185572227],[4546262.359714674,2773591.0911647333],[4546254.575590159,2773616.2254957985],[4546251.246868052,2773628.6185572227]]],[[[4546354.957131198,2773427.836666169],[4546351.882799742,2773389.447281769],[4546343.580118633,2773390.26501636],[4546354.957131198,2773427.836666169]]],[[[4546431.425322728,2773383.215518488],[4546452.626322934,2773412.1672638664],[4546391.473657264,2773385.2539867763],[4546431.425322728,2773383.215518488]]],[[[4546553.191828616,2773416.599361441],[4546555.759075112,2773416.1903677597],[4546556.842438241,2773415.828603125],[4546553.191828616,2773416.599361441]]],[[[4546597.42716758,2773402.276238437],[4546638.050766305,2773407.5846237727],[4546572.036709005,2773410.7548204875],[4546597.42716758,2773402.276238437]]],[[[4546714.530014447,2773391.855875917],[4546701.0761512285,2773395.1112736072],[4546677.310784474,2773414.589559103],[4546714.530014447,2773391.855875917]]],[[[4546772.023006584,2773385.714897236],[4546727.983876795,2773388.600479963],[4546714.530014447,2773391.855875917],[4546772.023006584,2773385.714897236]]],[[[4546826.745538165,2773383.8942918153],[4546816.751309013,2773383.4635011507],[4546797.3418178465,2773384.8725430933],[4546826.745538165,2773383.8942918153]]],[[[4546946.630267102,2773403.7101801764],[4546945.165894113,2773401.069305155],[4546911.000685758,2773391.209285339],[4546946.630267102,2773403.7101801764]]],[[[4547007.931403267,2773519.449399044],[4547007.050948743,2773512.4489289783],[4546946.6549146455,2773403.7545269667],[4547007.931403267,2773519.449399044]]],[[[4547000.569941411,2773546.8056512144],[4547008.811857075,2773526.449870223],[4547007.931403267,2773519.449399044],[4547000.569941411,2773546.8056512144]]],[[[4547080.600747727,2773637.357193027],[4547070.383297301,2773621.1877570017],[4547036.354305061,2773588.0307698925],[4547080.600747727,2773637.357193027]]],[[[4547342.266571875,2773798.0891847922],[4547343.0682015205,2773843.7144502476],[4547297.692365154,2773755.7323014177],[4547342.266571875,2773798.0891847922]]],[[[4547414.192044406,2773994.587032206],[4547422.714006069,2773963.6072142934],[4547415.594488848,2773956.4688535593],[4547414.192044406,2773994.587032206]]],[[[4547452.849085314,2774062.4964802987],[4547474.725679408,2774090.3453447307],[4547425.37060686,2774029.58528849],[4547452.849085314,2774062.4964802987]]],[[[4547616.9069706835,2774079.6216076487],[4547640.62152078,2774108.9556834707],[4547560.018911065,2774098.523399227],[4547616.9069706835,2774079.6216076487]]],[[[4547683.15833461,2774160.8050573277],[4547700.347353131,2774207.4807973118],[4547658.347320875,2774137.389941593],[4547683.15833461,2774160.8050573277]]],[[[4547718.9819929935,2774241.182063951],[4547714.998606816,2774233.6453744867],[4547700.347353131,2774207.4807973118],[4547718.9819929935,2774241.182063951]]],[[[4547816.657021735,2774366.4471695377],[4547792.569848907,2774337.616500644],[4547781.23102285,2774326.1045662453],[4547816.657021735,2774366.4471695377]]],[[[4547877.062827041,2774428.5184884793],[4547869.586754787,2774420.7089035553],[4547843.6294536805,2774395.01678459],[4547877.062827041,2774428.5184884793]]],[[[4547972.991478348,2774396.766212263],[4547984.805758319,2774395.457606593],[4547933.221888881,2774406.511448039],[4547972.991478348,2774396.766212263]]],[[[4548024.560698793,2774391.0541821434],[4548024.6362636285,2774391.0257380237],[4548024.536189912,2774391.056896837],[4548024.560698793,2774391.0541821434]]],[[[4548163.53817914,2774325.3363321517],[4548213.8723951755,2774305.7590861223],[4548151.666492662,2774332.2440567724],[4548163.53817914,2774325.3363321517]]],[[[4548263.405795516,2774245.313846123],[4548261.087353085,2774197.534355895],[4548263.227236477,2774246.301979179],[4548263.405795516,2774245.313846123]]],[[[4548251.309498894,2774140.0017766384],[4548248.069438302,2774118.6602289644],[4548248.367227522,2774131.7595887543],[4548251.309498894,2774140.0017766384]]],[[[4548230.941714534,2774068.2252678107],[4548242.735367303,2774032.2988168346],[4548242.666638805,2774098.800677818],[4548230.941714534,2774068.2252678107]]],[[[4548256.272595086,2774005.6504017124],[4548253.059327322,2774009.970068986],[4548242.735367303,2774032.2988168346],[4548256.272595086,2774005.6504017124]]],[[[4548287.090155786,2773977.2813304346],[4548263.257160344,2773989.146597502],[4548260.724106003,2773999.666135956],[4548287.090155786,2773977.2813304346]]],[[[4548310.74142725,2773965.794353472],[4548306.074646328,2773967.739422406],[4548287.090155786,2773977.2813304346],[4548310.74142725,2773965.794353472]]],[[[4548336.303248523,2773917.0945021724],[4548336.306961671,2773917.0757514173],[4548336.2633259,2773917.179096576],[4548336.303248523,2773917.0945021724]]],[[[4548347.8382864585,2773858.844440084],[4548353.56072138,2773844.8671669546],[4548346.1709329635,2773867.264318316],[4548347.8382864585,2773858.844440084]]],[[[4548345.427723824,2773766.1954520866],[4548344.229620824,2773775.123683404],[4548349.815517631,2773798.858688292],[4548345.427723824,2773766.1954520866]]],[[[4548376.247920525,2773737.028135997],[4548343.617564266,2773749.6313714823],[4548346.253810538,2773760.039472295],[4548376.247920525,2773737.028135997]]],[[[4548390.373042365,2773710.0808171625],[4548386.126774258,2773712.4415799873],[4548381.18676238,2773727.6060242937],[4548390.373042365,2773710.0808171625]]],[[[4548373.811304954,2773681.79742494],[4548366.966334778,2773668.075461653],[4548368.975850559,2773684.594041774],[4548373.811304954,2773681.79742494]]],[[[4548351.759093917,2773637.5897552148],[4548354.764197641,2773646.372781491],[4548362.434446511,2773658.990473076],[4548351.759093917,2773637.5897552148]]],[[[4548326.215492383,2773602.9038163],[4548318.0804466745,2773611.1624255935],[4548343.533356881,2773625.2478403896],[4548326.215492383,2773602.9038163]]],[[[4548308.569417916,2773570.9113351824],[4548293.172289179,2773542.1220145416],[4548294.642047256,2773550.032763725],[4548308.569417916,2773570.9113351824]]],[[[4548291.384521953,2773521.7335971026],[4548291.702531722,2773534.2112649768],[4548293.172289179,2773542.1220145416],[4548291.384521953,2773521.7335971026]]],[[[4548168.174489017,2773423.9743387434],[4548154.323012638,2773346.8929675473],[4548158.808529291,2773418.1663474576],[4548171.369051741,2773429.9281673813],[4548260.909012428,2773415.106738535],[4548168.174489017,2773423.9743387434]]],[[[4548143.907412743,2773255.013321034],[4548103.1273041945,2773235.7246857435],[4548102.516413219,2773247.9148267834],[4548143.907412743,2773255.013321034]]],[[[4548094.386778075,2773132.601819071],[4548092.549875531,2773119.831850739],[4548124.554272583,2773096.2527893307],[4548090.712877359,2773107.061778317],[4548094.386778075,2773132.601819071]]],[[[4548091.5151821785,2772974.649054419],[4548119.740051213,2772956.249536733],[4548114.037084206,2773048.8869399084],[4548091.5151821785,2772974.649054419]]],[[[4548357.476097637,2772889.268930155],[4548324.750421095,2772874.272491778],[4548323.694769721,2772882.915017992],[4548357.476097637,2772889.268930155]]],[[[4548417.879698149,2772908.688202509],[4548447.32817677,2772926.255235739],[4548433.917342009,2772910.4829249773],[4548417.879698149,2772908.688202509]]],[[[4548480.215534901,2772928.402755424],[4548495.840066402,2772984.5505493428],[4548487.70431497,2772925.870520103],[4548480.215534901,2772928.402755424]]],[[[4548539.284067132,2773025.515134091],[4548536.204658126,2773023.7386097116],[4548531.782902574,2773022.6727235196],[4548539.284067132,2773025.515134091]]],[[[4548694.275369826,2773130.909199689],[4548676.999933037,2773119.105558445],[4548668.396227362,2773113.795621593],[4548694.275369826,2773130.909199689]]],[[[4548864.677327453,2773192.807526479],[4548888.123326338,2773198.4698917773],[4548855.828186132,2773196.3934348454],[4548864.677327453,2773192.807526479]]],[[[4548953.952502932,2773201.7937847925],[4548946.977520154,2773199.6021359013],[4548920.961662958,2773203.5131137907],[4548953.952502932,2773201.7937847925]]],[[[4548963.492217078,2773201.296621011],[4548968.883086795,2773201.070853648],[4548959.094429421,2773201.525812511],[4548963.492217078,2773201.296621011]]],[[[4549024.629832374,2773198.736220724],[4549036.8362829145,2773202.749365322],[4549005.029772251,2773199.5570532796],[4549024.629832374,2773198.736220724]]],[[[4549086.425221943,2773207.0419413415],[4549084.131147659,2773205.202762542],[4549056.388308555,2773209.1775343516],[4549086.425221943,2773207.0419413415]]],[[[4549133.21292765,2773190.30115777],[4549100.069355265,2773196.174176958],[4549097.700882951,2773204.844989058],[4549133.21292765,2773190.30115777]]],[[[4549179.022339382,2773114.958513666],[4549179.197374422,2773115.3152749664],[4549185.710241253,2773122.9200039543],[4549179.022339382,2773114.958513666]]],[[[4549126.299902782,2773073.712268131],[4549147.882680928,2773087.0905632344],[4549158.0254197065,2773089.963280183],[4549126.299902782,2773073.712268131]]],[[[4549055.928946536,2773031.6383019947],[4549055.466063323,2773014.0530857197],[4549070.137640007,2773062.535194952],[4549055.928946536,2773031.6383019947]]],[[[4548995.192397509,2772935.989560872],[4548995.368822725,2772918.458223017],[4549032.481860498,2772946.514170265],[4548995.192397509,2772935.989560872]]],[[[4548990.071616282,2772858.416928648],[4548988.618654032,2772848.621670466],[4548990.903923312,2772864.185309654],[4548990.071616282,2772858.416928648]]],[[[4548977.51721179,2772783.1189424247],[4548976.799462964,2772778.31867665],[4548982.225925357,2772809.161907942],[4548977.51721179,2772783.1189424247]]],[[[4548968.993850671,2772726.1154218125],[4548986.289324962,2772719.2781020408],[4548976.474821851,2772776.14749469],[4548968.993850671,2772726.1154218125]]],[[[4549013.247100818,2772704.2871757736],[4549003.83830025,2772705.0508227595],[4549004.158868516,2772710.7949088872],[4549013.247100818,2772704.2871757736]]],[[[4549024.545428384,2772696.196876975],[4549021.756048264,2772661.5199503484],[4549023.917016903,2772689.0744508337],[4549024.545428384,2772696.196876975]]],[[[4549032.154781102,2772595.3808026277],[4549049.955962827,2772557.5388723174],[4549021.673639637,2772660.4679093347],[4549032.154781102,2772595.3808026277]]],[[[4549066.487050829,2772528.045589006],[4549061.829323978,2772535.4804589218],[4549056.232728798,2772546.2916208473],[4549066.487050829,2772528.045589006]]],[[[4549083.170373627,2772504.9122288255],[4549071.144779736,2772520.610714659],[4549066.487050829,2772528.045589006],[4549083.170373627,2772504.9122288255]]],[[[4549151.317690297,2772495.6300742654],[4549149.40739251,2772496.1445433563],[4549147.918274604,2772496.874639566],[4549151.317690297,2772495.6300742654]]],[[[4549141.985962803,2772453.836906306],[4549134.656870396,2772378.0678978954],[4549176.126452993,2772350.9456126406],[4549134.47993996,2772362.7559792334],[4549133.99441608,2772368.107224953],[4549135.895508751,2772422.8345170254],[4549138.676382044,2772440.449809891],[4549139.146993286,2772443.4126658067],[4549141.985962803,2772453.836906306]]],[[[4549217.233245727,2772333.187427138],[4549180.760032188,2772348.2772575067],[4549176.126452993,2772350.9456126406],[4549217.233245727,2772333.187427138]]],[[[4549245.847112165,2772321.66918116],[4549235.432508783,2772321.7086656373],[4549217.233245727,2772333.187427138],[4549245.847112165,2772321.66918116]]],[[[4549277.625438221,2772313.8608026872],[4549271.474991547,2772311.8627590956],[4549261.20158423,2772316.825088095],[4549277.625438221,2772313.8608026872]]],[[[4549329.236446519,2772258.68700006],[4549348.499502816,2772254.4991488913],[4549314.019469873,2772291.242680833],[4549329.236446519,2772258.68700006]]],[[[4549359.783949735,2772252.0459836978],[4549376.377145969,2772246.322453631],[4549365.249367815,2772249.5902477656],[4549359.783949735,2772252.0459836978]]],[[[4549420.784518407,2772217.4412158346],[4549422.514685496,2772215.4792169575],[4549399.237475964,2772235.403040817],[4549420.784518407,2772217.4412158346]]],[[[4549455.420021266,2772178.1647798736],[4549456.148868941,2772174.974503936],[4549454.03432647,2772179.7361483094],[4549455.420021266,2772178.1647798736]]],[[[4549462.723310668,2772146.197179675],[4549495.514274346,2772144.4839490713],[4549458.766999117,2772163.514553563],[4549462.723310668,2772146.197179675]]],[[[4549552.669137793,2772034.888210143],[4549551.928962836,2772040.448321577],[4549552.534074968,2772046.304364493],[4549552.669137793,2772034.888210143]]],[[[4549488.34888105,2772008.486242124],[4549440.1739146225,2772015.386541996],[4549506.022534852,2771994.01535346],[4549488.34888105,2772008.486242124]]],[[[4549372.559590237,2771992.381971709],[4549376.584527227,2771988.2043539183],[4549389.711174991,2771961.8140701256],[4549382.7067234,2771964.520947595],[4549372.559590237,2771992.381971709]]],[[[4549396.344862188,2771949.854885008],[4549392.368095283,2771953.4084940674],[4549393.038295399,2771955.273028038],[4549396.344862188,2771949.854885008]]],[[[4549412.240140296,2771923.808883125],[4549422.649079846,2771911.2751165587],[4549414.1341973515,2771918.195488248],[4549412.240140296,2771923.808883125]]],[[[4549406.691997593,2771876.855057921],[4549348.144028508,2771819.0666804146],[4549407.073008124,2771877.236302915],[4549406.691997593,2771876.855057921]]],[[[4549318.871309748,2771790.912865643],[4549266.72300295,2771737.2268506633],[4549317.101059141,2771789.443208185],[4549318.871309748,2771790.912865643]]],[[[4549217.704534048,2771642.2408437114],[4549241.8451162875,2771697.66406078],[4549247.262378068,2771706.2128427713],[4549217.704534048,2771642.2408437114]]],[[[4549187.985641697,2771560.5123999137],[4549186.73945328,2771546.282391507],[4549200.69559629,2771612.284283642],[4549187.985641697,2771560.5123999137]]],[[[4549183.626517055,2771510.7364552678],[4549183.602911019,2771510.669557572],[4549183.627522695,2771510.747936752],[4549183.626517055,2771510.7364552678]]],[[[4549163.551490872,2771425.3067756984],[4549167.6889871005,2771466.045730047],[4549171.425367267,2771476.1592530003],[4549163.551490872,2771425.3067756984]]],[[[4549165.013853715,2771393.829226397],[4549163.66198564,2771415.275888033],[4549163.551491494,2771425.3067192743],[4549165.013853715,2771393.829226397]]],[[[4549169.683871014,2771354.7387838345],[4549275.27210336,2771357.3350122413],[4549165.013853715,2771393.829226397],[4549169.683871014,2771354.7387838345]]],[[[4549341.35639691,2771379.1573039535],[4549302.857937293,2771337.343916786],[4549304.922218985,2771348.1917154375],[4549341.35639691,2771379.1573039535]]],[[[4549450.230639076,2771429.0927313017],[4549477.961858991,2771453.504842535],[4549445.70866182,2771411.329084474],[4549450.230639076,2771429.0927313017]]],[[[4549569.983722751,2771512.156546038],[4549561.544378753,2771497.7532003676],[4549547.881425736,2771497.915302655],[4549569.983722751,2771512.156546038]]],[[[4549595.635445623,2771580.1265672473],[4549595.921444812,2771599.5910652727],[4549584.4967608405,2771645.1299719117],[4549597.463998416,2771606.414593262],[4549595.635445623,2771580.1265672473]]],[[[4549661.600808964,2771664.830542246],[4549653.51456289,2771660.780227862],[4549634.081795253,2771655.452210572],[4549661.600808964,2771664.830542246]]],[[[4549694.739912616,2771665.9341846844],[4549705.681754041,2771663.90335369],[4549705.294179183,2771663.7730594873],[4549694.739912616,2771665.9341846844]]],[[[4549732.22373689,2771658.977094326],[4549738.034897964,2771652.4589606915],[4549728.975223126,2771655.3742679614],[4549732.22373689,2771658.977094326]]],[[[4549746.861186648,2771605.444992289],[4549744.581823254,2771609.4597663498],[4549744.057025964,2771620.381600282],[4549746.861186648,2771605.444992289]]],[[[4549784.261575435,2771595.456729212],[4549771.312229256,2771593.4237332586],[4549746.861186648,2771605.444992289],[4549784.261575435,2771595.456729212]]],[[[4549838.684134505,2771595.4732490974],[4549871.836313677,2771592.2439051126],[4549868.907975006,2771592.4571724287],[4549838.684134505,2771595.4732490974]]],[[[4549926.280001472,2771588.838279343],[4550000.67108698,2771591.919526317],[4549871.836313677,2771592.2439051126],[4549926.280001472,2771588.838279343]]],[[[4550144.347908787,2771542.1333379135],[4550140.128841278,2771534.535060283],[4550107.711618308,2771547.5990405483],[4550144.347908787,2771542.1333379135]]],[[[4550174.523744967,2771578.8948965524],[4550167.434854538,2771569.1950198705],[4550159.231112268,2771560.264714404],[4550174.523744967,2771578.8948965524]]],[[[4550256.4303574,2771640.717004248],[4550248.510164937,2771633.103174502],[4550226.647743424,2771625.137438072],[4550256.4303574,2771640.717004248]]],[[[4550298.308278363,2771676.9163144357],[4550298.625984491,2771676.5800928697],[4550272.601716777,2771654.5752427536],[4550298.308278363,2771676.9163144357]]],[[[4550364.875506695,2771558.102473528],[4550394.3482833905,2771539.3597297515],[4550348.520577487,2771591.7424534755],[4550364.875506695,2771558.102473528]]],[[[4550444.88061041,2771455.572210281],[4550463.0066568395,2771412.7985798893],[4550437.177832833,2771475.7500326764],[4550444.88061041,2771455.572210281]]],[[[4550494.67201356,2771378.1061480367],[4550496.356474843,2771376.2036934793],[4550463.0066568395,2771412.7985798893],[4550494.67201356,2771378.1061480367]]],[[[4550575.088870067,2771274.861191207],[4550613.813939099,2771245.3241664614],[4550530.620988422,2771337.5048439223],[4550575.088870067,2771274.861191207]]],[[[4550564.780166201,2771124.098568347],[4550611.99058218,2771146.2581652515],[4550621.104007692,2771149.3054205766],[4550564.780166201,2771124.098568347]]],[[[4550541.329203252,2771106.8456181115],[4550522.6337794345,2771070.999207572],[4550564.780166201,2771124.098568347],[4550541.329203252,2771106.8456181115]]],[[[4550549.6415485125,2771033.5836393125],[4550541.133474968,2771044.676915309],[4550522.6337794345,2771070.999207572],[4550549.6415485125,2771033.5836393125]]],[[[4550370.585544162,2770687.210080445],[4550368.456540927,2770697.2859406313],[4550394.626582163,2770721.328456731],[4550370.585544162,2770687.210080445]]],[[[4550436.20498396,2770534.3999357605],[4550479.269347635,2770445.202204614],[4550438.4027191065,2770527.4546702695],[4550436.20498396,2770534.3999357605]]],[[[4550524.254571085,2770387.7703985465],[4550539.42010189,2770397.059485342],[4550496.256392928,2770408.8087715073],[4550524.254571085,2770387.7703985465]]],[[[4550560.160263188,2770409.7631308576],[4550556.451620821,2770418.7790094716],[4550543.043999669,2770399.279172551],[4550560.160263188,2770409.7631308576]]],[[[4550546.260238302,2770443.554706811],[4550546.707997465,2770444.2594861435],[4550546.904270566,2770441.989036946],[4550546.260238302,2770443.554706811]]],[[[4550562.316155201,2770468.8269723],[4550563.957979001,2770463.0092178495],[4550555.0643715095,2770457.4125450985],[4550562.316155201,2770468.8269723]]],[[[4550588.375956439,2770488.575721394],[4550652.883462419,2770481.3043189812],[4550586.947321686,2770487.5456282836],[4550588.375956439,2770488.575721394]]],[[[4550685.600291088,2770499.803843744],[4550680.710130778,2770497.0369005646],[4550652.883462419,2770481.3043189812],[4550685.600291088,2770499.803843744]]],[[[4550718.063014866,2770505.9767099307],[4550742.196511225,2770501.463555582],[4550725.536004111,2770501.678314332],[4550718.063014866,2770505.9767099307]]],[[[4550750.546862653,2770470.7899250877],[4550763.434152185,2770470.5436800346],[4550751.0571585335,2770499.8065139013],[4550750.546862653,2770470.7899250877]]],[[[4550783.715727227,2770469.3811586536],[4550799.066373025,2770454.681167043],[4550781.041314842,2770467.467239222],[4550783.715727227,2770469.3811586536]]],[[[4550870.646257208,2770370.1962653585],[4550860.734335222,2770366.8244882477],[4550835.914093939,2770411.2666975],[4550870.646257208,2770370.1962653585]]],[[[4550917.299848451,2770298.434623348],[4550930.737345007,2770328.444488894],[4550891.022385387,2770332.927599328],[4550917.299848451,2770298.434623348]]],[[[4550941.8799177315,2770353.3291916735],[4550951.67075618,2770318.8702437477],[4550941.860487286,2770353.2857975108],[4550941.8799177315,2770353.3291916735]]],[[[4550974.2208946515,2770254.392125608],[4550971.793710954,2770253.79636738],[4550961.848370693,2770285.96834417],[4550974.2208946515,2770254.392125608]]],[[[4551177.20601484,2770240.40198225],[4551211.369106015,2770271.147969503],[4551190.352728808,2770233.7704191986],[4551177.20601484,2770240.40198225]]],[[[4551221.888243014,2770290.5910758604],[4551217.534263977,2770280.9624934224],[4551211.369519289,2770271.1486274097],[4551221.888243014,2770290.5910758604]]],[[[4551283.074826901,2770351.0688753375],[4551277.645694728,2770349.438573227],[4551178.815685935,2770468.280022026],[4551283.074826901,2770351.0688753375]]],[[[4551181.3736053435,2770524.7318167547],[4551147.978505116,2770500.361574773],[4551147.6285088835,2770500.1298122536],[4551181.3736053435,2770524.7318167547]]],[[[4551273.292205364,2770490.6280291732],[4551313.394491532,2770438.1267205393],[4551248.718902195,2770529.8832003656],[4551273.292205364,2770490.6280291732]]],[[[4551351.458862882,2770380.0234312876],[4551345.38831676,2770384.9032787164],[4551313.394491532,2770438.1267205393],[4551351.458862882,2770380.0234312876]]],[[[4551386.117722043,2770325.6150572365],[4551381.710359458,2770328.5998899243],[4551370.812025692,2770352.576191747],[4551386.117722043,2770325.6150572365]]],[[[4551483.685282996,2770261.909428123],[4551507.3304778915,2770283.856697531],[4551437.394991847,2770241.9453806747],[4551483.685282996,2770261.909428123]]],[[[4551532.315088319,2770304.8945639576],[4551526.891986149,2770297.4147800226],[4551507.3304778915,2770283.856697531],[4551532.315088319,2770304.8945639576]]],[[[4551538.198892096,2770310.3221409866],[4551537.961938008,2770310.060305513],[4551537.817499132,2770309.9403365687],[4551538.198892096,2770310.3221409866]]],[[[4551572.319263977,2770344.4793240237],[4551600.842856668,2770373.199768286],[4551568.892564487,2770341.0489274687],[4551572.319263977,2770344.4793240237]]],[[[4551671.231343115,2770236.9166947934],[4551666.320638962,2770243.4537385693],[4551658.150496152,2770276.6612175494],[4551671.231343115,2770236.9166947934]]],[[[4551730.2513635745,2770102.364866041],[4551723.8593162885,2770130.0039266995],[4551721.114737242,2770141.9826280284],[4551730.2513635745,2770102.364866041]]],[[[4551669.038186703,2769984.3625882994],[4551665.859840537,2770000.3974771732],[4551678.1737412475,2770001.177100688],[4551669.038186703,2769984.3625882994]]],[[[4551634.359228232,2769925.395764417],[4551653.9464676725,2769857.0680365376],[4551697.379268504,2769829.844618096],[4551634.359228232,2769925.395764417]]],[[[4551746.661720934,2769800.2241665977],[4551744.396660516,2769801.292918034],[4551697.379268504,2769829.844618096],[4551746.661720934,2769800.2241665977]]],[[[4551902.965887325,2769633.3729002746],[4551923.343575452,2769588.216963341],[4551922.165590219,2769664.617997898],[4551902.965887325,2769633.3729002746]]],[[[4551961.558290821,2769532.3481394406],[4551958.7874465175,2769528.5259365425],[4551958.208551703,2769529.395345671],[4551961.558290821,2769532.3481394406]]],[[[4552042.157683074,2769582.1820230135],[4552031.385205588,2769557.018865837],[4552019.696966479,2769556.4675026406],[4552042.157683074,2769582.1820230135]]],[[[4552080.873659648,2769616.1287557613],[4552075.423988695,2769606.938819094],[4552049.668269383,2769590.7806504],[4552080.873659648,2769616.1287557613]]],[[[4552138.335963275,2769654.8570025377],[4552130.957826434,2769648.891545767],[4552123.238443782,2769645.0072316723],[4552138.335963275,2769654.8570025377]]],[[[4552171.530235275,2769680.918791711],[4552176.753495085,2769684.5262536374],[4552169.42629883,2769679.2669296996],[4552171.530235275,2769680.918791711]]],[[[4552200.745754062,2769701.096590423],[4552213.746815623,2769709.723860701],[4552210.085529254,2769705.604412577],[4552200.745754062,2769701.096590423]]],[[[4552262.712950499,2769745.551500327],[4552251.031179891,2769731.571604975],[4552240.416940845,2769727.6286328533],[4552262.712950499,2769745.551500327]]],[[[4552311.083568435,2769756.070879617],[4552322.545474264,2769761.88293512],[4552292.44966742,2769755.053030142],[4552311.083568435,2769756.070879617]]],[[[4552400.007210887,2769787.851672101],[4552394.256073026,2769785.536600584],[4552381.303428447,2769785.0124165844],[4552400.007210887,2769787.851672101]]],[[[4552442.777440929,2769790.6843010136],[4552447.143723875,2769790.8135816846],[4552440.457685482,2769790.5306659024],[4552442.777440929,2769790.6843010136]]],[[[4552489.50970082,2769792.067999468],[4552477.843962982,2769787.698916521],[4552457.830799591,2769791.130014605],[4552489.50970082,2769792.067999468]]],[[[4552574.1836364735,2769772.0953297983],[4552587.941771204,2769758.5851451284],[4552576.815020056,2769766.7907141782],[4552574.1836364735,2769772.0953297983]]],[[[4552603.294447366,2769743.5091536143],[4552633.458193202,2769711.9487754893],[4552599.984186782,2769742.229495678],[4552603.294447366,2769743.5091536143]]],[[[4552690.43225705,2769668.753336959],[4552731.482677799,2769640.7908995315],[4552692.847856245,2769662.255924019],[4552690.43225705,2769668.753336959]]],[[[4552793.302963379,2769621.0258632097],[4552813.033473046,2769624.1357275792],[4552762.130610569,2769629.0138891004],[4552793.302963379,2769621.0258632097]]],[[[4552826.124044927,2769566.4097516234],[4552897.154103819,2769546.266307627],[4552951.6218717415,2769610.825321162],[4552890.6408079155,2769537.447981218],[4552826.124044927,2769566.4097516234]]],[[[4553065.353089958,2769594.5905530252],[4553088.06575996,2769613.237338131],[4553022.997030096,2769607.62789744],[4553065.353089958,2769594.5905530252]]],[[[4553130.900534589,2769597.716419597],[4553155.424103394,2769566.59832478],[4553131.180180077,2769597.164056197],[4553130.900534589,2769597.716419597]]],[[[4553200.60402256,2769522.2029948058],[4553210.31506402,2769517.155964578],[4553175.071619111,2769537.39676655],[4553200.60402256,2769522.2029948058]]],[[[4553411.982121716,2769368.439568522],[4553417.393971441,2769370.499483807],[4553458.488227277,2769386.3441174766],[4553422.805716019,2769372.5593297193],[4553411.982121716,2769368.439568522]]],[[[4553489.233784879,2769397.4050796623],[4553517.013798523,2769413.286289255],[4553481.737397568,2769394.7081913166],[4553489.233784879,2769397.4050796623]]],[[[4553556.09921583,2769437.566423759],[4553587.3677379545,2769460.5870098267],[4553517.013798523,2769413.286289255],[4553556.09921583,2769437.566423759]]],[[[4553630.622963976,2769484.8497049683],[4553663.409467989,2769512.852043985],[4553607.797170183,2769472.9047077755],[4553630.622963976,2769484.8497049683]]],[[[4553695.374839634,2769530.2896654066],[4553706.371070156,2769531.4464860517],[4553690.186212835,2769524.6683781566],[4553695.374839634,2769530.2896654066]]],[[[4553769.608595237,2769501.930054265],[4553766.479978698,2769506.3617939246],[4553756.858528876,2769520.006751215],[4553769.608595237,2769501.930054265]]],[[[4553794.487080484,2769466.7092861813],[4553772.73721236,2769497.498314849],[4553769.608595237,2769501.930054265],[4553794.487080484,2769466.7092861813]]],[[[4553850.761808883,2769495.859335395],[4553877.574270372,2769513.4663460986],[4553820.119798664,2769480.631218667],[4553850.761808883,2769495.859335395]]],[[[4553919.5868892595,2769539.6149891266],[4553945.994848522,2769565.856469401],[4553877.574270372,2769513.4663460986],[4553919.5868892595,2769539.6149891266]]],[[[4554014.973192839,2769530.3701554416],[4553982.802899336,2769564.0420162203],[4553978.664618605,2769568.7305136733],[4554014.973192839,2769530.3701554416]]],[[[4554051.826985227,2769499.9253859846],[4554048.577490887,2769494.3713619635],[4554014.973192839,2769530.3701554416],[4554051.826985227,2769499.9253859846]]],[[[4554210.618114957,2769662.8345297785],[4554171.77693193,2769623.1825995054],[4554167.182939681,2769618.5751159126],[4554210.618114957,2769662.8345297785]]],[[[4554196.257791457,2769605.3740418083],[4554182.379582744,2769557.025367236],[4554184.1251209965,2769565.7243256886],[4554196.257791457,2769605.3740418083]]],[[[4554160.237243634,2769473.1294005886],[4554163.0947948,2769448.320397369],[4554167.290456981,2769508.812888862],[4554160.237243634,2769473.1294005886]]],[[[4554142.895462413,2769356.095782497],[4554145.689781857,2769362.3442241643],[4554146.2159261545,2769363.3967093723],[4554142.895462413,2769356.095782497]]],[[[4554130.4007896045,2769324.033566697],[4554137.857953953,2769344.8314374033],[4554142.893590975,2769356.091597785],[4554130.4007896045,2769324.033566697]]],[[[4554113.107036539,2769283.167515528],[4554102.353266203,2769248.6281059915],[4554130.4007896045,2769324.033566697],[4554113.107036539,2769283.167515528]]],[[[4554089.835081225,2769208.858098923],[4554086.239293208,2769183.8389112325],[4554098.922638861,2769237.7290536547],[4554089.835081225,2769208.858098923]]],[[[4554065.3766085645,2769129.7972528413],[4554064.196075831,2769131.651771695],[4554070.902288783,2769139.9403568045],[4554065.3766085645,2769129.7972528413]]],[[[4554058.8593084365,2769117.833905785],[4554056.623126139,2769109.036145338],[4554063.672260646,2769126.668701443],[4554058.8593084365,2769117.833905785]]],[[[4554054.080833915,2769099.034066214],[4554054.010699568,2769100.705446423],[4554055.122417716,2769103.131943971],[4554054.080833915,2769099.034066214]]],[[[4554051.342706055,2769088.261519924],[4554050.01631787,2769089.5191879473],[4554052.628875958,2769093.321664177],[4554051.342706055,2769088.261519924]]],[[[4554042.482969715,2769045.061017221],[4554033.951414567,2769062.260524273],[4554049.742009463,2769081.896314707],[4554042.482969715,2769045.061017221]]],[[[4554032.99289573,2768997.2079749666],[4554017.610747391,2768956.7344485945],[4554027.002965523,2768990.236381844],[4554032.99289573,2768997.2079749666]]],[[[4554016.174194756,2768921.749681677],[4554014.571108237,2768931.343032756],[4554017.610747391,2768956.7344485945],[4554016.174194756,2768921.749681677]]],[[[4554034.077408423,2768877.648553713],[4554024.660684459,2768874.004305103],[4554016.174194756,2768921.749681677],[4554034.077408423,2768877.648553713]]],[[[4554066.478131743,2768882.6662517586],[4554052.943068424,2768872.065871602],[4554036.780637978,2768875.1198778776],[4554066.478131743,2768882.6662517586]]],[[[4554126.327816535,2768906.705364641],[4554116.519771874,2768896.3805713574],[4554078.903047256,2768886.853441539],[4554126.327816535,2768906.705364641]]],[[[4554301.584442462,2768872.2039070525],[4554265.216818344,2768882.223167208],[4554255.356548837,2768886.3768824805],[4554301.584442462,2768872.2039070525]]],[[[4554340.821782332,2768860.9341385155],[4554353.593018228,2768857.8506057407],[4554301.584442462,2768872.2039070525],[4554340.821782332,2768860.9341385155]]],[[[4554409.027840877,2768853.635488195],[4554398.093450854,2768851.435237769],[4554381.445096609,2768851.125916665],[4554409.027840877,2768853.635488195]]],[[[4554515.221726825,2768854.3453017357],[4554529.4615835445,2768854.2199333897],[4554521.434914189,2768853.09924675],[4554515.221726825,2768854.3453017357]]],[[[4554641.230125847,2768830.315742397],[4554637.423203906,2768831.609980481],[4554629.618776196,2768834.6099671586],[4554641.230125847,2768830.315742397]]],[[[4554688.197382486,2768809.0602068403],[4554717.184245637,2768811.0360967913],[4554651.107032449,2768825.8458472253],[4554688.197382486,2768809.0602068403]]],[[[4554737.702314471,2768812.4347565738],[4554749.4664838,2768815.6460101423],[4554726.112653483,2768811.6447110707],[4554737.702314471,2768812.4347565738]]],[[[4554777.556731881,2768823.313784343],[4554788.806553906,2768872.4008861585],[4554750.518036986,2768815.933051656],[4554777.556731881,2768823.313784343]]],[[[4554780.743859265,2768933.6381423324],[4554780.744894312,2768933.6412958126],[4554780.747628875,2768933.609511689],[4554780.743859265,2768933.6381423324]]],[[[4554796.490064205,2768981.612110019],[4554797.170970326,2768982.0377478343],[4554796.369093244,2768981.2435478275],[4554796.490064205,2768981.612110019]]],[[[4554834.523151744,2769005.3867834746],[4554836.8811999895,2769005.802148865],[4554834.354134034,2769005.2811296573],[4554834.523151744,2769005.3867834746]]],[[[4554888.916689542,2769014.9681848967],[4554874.694704306,2769008.4077846208],[4554846.684222779,2769007.528931851],[4554888.916689542,2769014.9681848967]]],[[[4554930.128835086,2769037.794574939],[4554912.880668644,2769024.7172416938],[4554891.005915562,2769015.465838383],[4554930.128835086,2769037.794574939]]],[[[4554958.29644339,2769051.2838358404],[4554981.466088502,2769065.551280518],[4554954.693131477,2769049.5582359307],[4554958.29644339,2769051.2838358404]]],[[[4555024.471618028,2769076.2235115734],[4555016.817584989,2769073.11693106],[4555010.853162473,2769074.308229401],[4555024.471618028,2769076.2235115734]]],[[[4555100.680492451,2769094.542126337],[4555094.283400367,2769092.0073518693],[4555066.477068339,2769090.0456920573],[4555100.680492451,2769094.542126337]]],[[[4555132.127425245,2769112.569128578],[4555111.74689149,2769096.796794693],[4555105.184709181,2769096.014408169],[4555132.127425245,2769112.569128578]]],[[[4555164.244011554,2769133.5031126905],[4555203.269024403,2769150.1999073015],[4555195.7042627,2769141.8353038724],[4555164.244011554,2769133.5031126905]]],[[[4555262.389764123,2769177.267968386],[4555257.400020076,2769170.0413624803],[4555224.208656117,2769159.3176804325],[4555262.389764123,2769177.267968386]]],[[[4555328.474045423,2769213.389056986],[4555336.595683273,2769218.0077703586],[4555367.268271245,2769242.7444274044],[4555344.290510373,2769222.387055571],[4555337.022396329,2769218.2470975514],[4555328.474045423,2769213.389056986]]],[[[4555470.800416606,2769259.0653857454],[4555474.677282329,2769299.847840852],[4555428.115388184,2769254.022735029],[4555470.800416606,2769259.0653857454]]],[[[4555577.750725598,2769418.838497086],[4555564.22008989,2769409.3997302423],[4555553.349970687,2769404.744392133],[4555577.750725598,2769418.838497086]]],[[[4555612.9191345135,2769444.0013614735],[4555630.69623071,2769456.3780189212],[4555616.6193970805,2769444.2923570033],[4555612.9191345135,2769444.0013614735]]],[[[4555647.191195309,2769467.862093525],[4555648.355937451,2769468.303416174],[4555645.388039066,2769466.6066954024],[4555647.191195309,2769467.862093525]]],[[[4555685.365210867,2769482.326337338],[4555733.738273083,2769509.6191371353],[4555723.508715731,2769499.083197913],[4555685.365210867,2769482.326337338]]],[[[4555776.696005904,2769537.1234520245],[4555767.912341656,2769529.763201726],[4555752.8697112035,2769521.744826071],[4555776.696005904,2769537.1234520245]]],[[[4555906.79059354,2769609.9810003443],[4555884.0996221565,2769594.9393036785],[4555876.922221875,2769591.693940565],[4555906.79059354,2769609.9810003443]]],[[[4555969.869374654,2769613.6394168036],[4555954.906644282,2769614.991682342],[4555942.427738002,2769620.337342518],[4555969.869374654,2769613.6394168036]]],[[[4556013.047112881,2769609.972446739],[4556026.912416425,2769610.3286598288],[4555972.422173779,2769613.3984029917],[4556013.047112881,2769609.972446739]]],[[[4556124.256578132,2769580.5240253382],[4556119.92409721,2769583.7943294584],[4556119.55747517,2769584.3815801204],[4556124.256578132,2769580.5240253382]]],[[[4556154.268052931,2769547.12988469],[4556151.221402277,2769551.1230127905],[4556150.7404497275,2769552.260899669],[4556154.268052931,2769547.12988469]]],[[[4556198.387931072,2769468.0391223095],[4556194.734178088,2769474.5036952514],[4556176.994769111,2769507.6559909713],[4556198.387931072,2769468.0391223095]]],[[[4556216.441417937,2769436.675666431],[4556211.318946538,2769445.2919780794],[4556198.387931072,2769468.0391223095],[4556216.441417937,2769436.675666431]]],[[[4556209.523810436,2769261.3119992632],[4556214.207506291,2769271.0915098004],[4556218.986122725,2769275.7499453756],[4556209.523810436,2769261.3119992632]]],[[[4556191.976299083,2769234.5373323523],[4556195.267396925,2769244.0715750353],[4556208.041840947,2769259.050754545],[4556191.976299083,2769234.5373323523]]],[[[4556118.5281476,2769194.945092021],[4556137.942791692,2769201.3733001547],[4556142.186559853,2769200.581635858],[4556118.5281476,2769194.945092021]]],[[[4556087.995835437,2769170.8577521006],[4556111.6328656105,2769192.3429954327],[4556118.5281476,2769194.945092021],[4556087.995835437,2769170.8577521006]]],[[[4556006.871315089,2769096.947574955],[4556020.201408272,2769111.8059910894],[4556027.756871249,2769116.239132751],[4556006.871315089,2769096.947574955]]],[[[4555974.059393053,2769084.051164018],[4555924.4755790755,2769040.0113871098],[4555997.677831772,2769093.3337405976],[4555974.059393053,2769084.051164018]]],[[[4555896.825077033,2769012.667122338],[4555892.861031506,2769000.3783135274],[4555924.4755790755,2769040.0113871098],[4555896.825077033,2769012.667122338]]],[[[4555879.086124316,2768957.6752049504],[4555877.343476911,2768950.493883822],[4555891.446301381,2768995.9925563238],[4555879.086124316,2768957.6752049504]]],[[[4555868.346038713,2768890.907023543],[4555869.845864882,2768846.0591881084],[4555869.942021798,2768919.993066195],[4555868.346038713,2768890.907023543]]],[[[4555867.498494069,2768791.5660788487],[4555866.266263339,2768762.9734301055],[4555864.016177539,2768782.733962005],[4555867.498494069,2768791.5660788487]]],[[[4555764.327955939,2768602.8797612274],[4555768.79992146,2768607.144337547],[4555782.863305641,2768615.677583808],[4555764.327955939,2768602.8797612274]]],[[[4555674.413825629,2768544.9890892752],[4555683.48384354,2768552.9019062323],[4555726.812887227,2768582.639859118],[4555674.413825629,2768544.9890892752]]],[[[4555603.060793389,2768510.7145521147],[4555609.757412007,2768514.5307120676],[4555633.968237928,2768525.516934645],[4555603.060793389,2768510.7145521147]]],[[[4555554.668562392,2768491.441032433],[4555567.675837137,2768498.226548733],[4555582.905397227,2768502.687113105],[4555554.668562392,2768491.441032433]]],[[[4555453.442497645,2768470.0566421207],[4555462.065545546,2768474.237262805],[4555494.362263749,2768476.9031551713],[4555453.442497645,2768470.0566421207]]],[[[4555469.633457127,2768444.6613428993],[4555444.81913356,2768465.875869385],[4555453.442361841,2768470.05657628],[4555469.633457127,2768444.6613428993]]],[[[4555486.067055365,2768410.1593102785],[4555481.146622993,2768416.6839191704],[4555481.922627173,2768418.8604658274],[4555486.067055365,2768410.1593102785]]],[[[4555487.164917801,2768320.2627778817],[4555479.864286517,2768353.110368649],[4555488.039244043,2768361.4531471916],[4555487.164917801,2768320.2627778817]]],[[[4555489.594803477,2768305.284604726],[4555486.587688616,2768306.7471286952],[4555488.277699787,2768310.6630225396],[4555489.594803477,2768305.284604726]]],[[[4555495.881178579,2768237.586934832],[4555498.039418007,2768227.810080952],[4555494.951184543,2768283.2319759266],[4555495.881178579,2768237.586934832]]],[[[4555504.424687897,2768198.8850762905],[4555500.279035868,2768203.2157805334],[4555499.516960156,2768221.1168314093],[4555504.424687897,2768198.8850762905]]],[[[4555515.448374236,2768172.018204598],[4555512.068274867,2768173.7403028016],[4555510.209862444,2768184.785484188],[4555515.448374236,2768172.018204598]]],[[[4555551.703063255,2768086.1730544893],[4555514.156692645,2768059.9680508287],[4555509.14060166,2768053.25425046],[4555551.703063255,2768086.1730544893]]],[[[4555517.777085681,2767929.53261558],[4555479.116752675,2768020.0815952504],[4555489.498259169,2768025.9443441886],[4555517.777085681,2767929.53261558]]],[[[4555523.251382961,2767917.386249426],[4555520.736651366,2767922.6821066923],[4555517.777085681,2767929.53261558],[4555523.251382961,2767917.386249426]]],[[[4555556.888161837,2767835.6426493092],[4555547.653315972,2767859.089408541],[4555544.665293386,2767869.3331486336],[4555556.888161837,2767835.6426493092]]],[[[4555579.207448668,2767777.1242857184],[4555566.78009346,2767807.5624897457],[4555564.5994727975,2767815.0539886113],[4555579.207448668,2767777.1242857184]]],[[[4555592.995794687,2767741.117206032],[4555606.279435252,2767705.095292134],[4555593.503408314,2767739.7088858853],[4555592.995794687,2767741.117206032]]],[[[4555651.293958123,2767709.832719015],[4555695.494418735,2767717.0296914773],[4555606.279435252,2767705.095292134],[4555651.293958123,2767709.832719015]]],[[[4555769.956598623,2767674.8389629885],[4555774.483007549,2767663.8612014884],[4555756.854717896,2767727.998990565],[4555769.956598623,2767674.8389629885]]],[[[4555787.191537051,2767633.039566545],[4555787.28685332,2767632.614103435],[4555787.04657298,2767633.3911440005],[4555787.191537051,2767633.039566545]]],[[[4555799.468003073,2767578.242436573],[4555820.663199851,2767531.0265514143],[4555792.749177958,2767608.232273983],[4555799.468003073,2767578.242436573]]],[[[4555858.558163487,2767555.2199869817],[4555923.17354102,2767595.4181081504],[4555820.663199851,2767531.0265514143],[4555858.558163487,2767555.2199869817]]],[[[4555896.285888105,2767516.370663186],[4555825.035047483,2767500.581985379],[4555923.022625984,2767560.793163171],[4555896.285888105,2767516.370663186]]],[[[4555806.059456309,2767446.3725140356],[4555799.642483648,2767461.141565755],[4555791.549708256,2767481.468131063],[4555806.059456309,2767446.3725140356]]],[[[4555826.170106363,2767366.3236751044],[4555815.982947827,2767393.059620589],[4555820.507244243,2767395.6049278216],[4555826.170106363,2767366.3236751044]]],[[[4555859.6047592815,2767311.6390379793],[4555848.258977315,2767306.1953671845],[4555826.170106363,2767366.3236751044],[4555859.6047592815,2767311.6390379793]]],[[[4555866.92405492,2767311.271000633],[4555890.8373056855,2767314.3388577253],[4555872.057190527,2767304.216557251],[4555866.92405492,2767311.271000633]]],[[[4555941.648504392,2767307.9068493643],[4555989.5716061415,2767244.7293380946],[4556026.85629375,2767214.59431307],[4555941.648504392,2767307.9068493643]]],[[[4556062.967983105,2767195.219282899],[4556062.967590502,2767195.215140441],[4556055.300258109,2767199.333252403],[4556062.967983105,2767195.219282899]]],[[[4556013.018548134,2767030.7801541714],[4556023.309383389,2767059.3006212055],[4556029.714422526,2767071.4116830644],[4556013.018548134,2767030.7801541714]]],[[[4556001.612240561,2766945.9148318884],[4556007.871230848,2766992.555147725],[4556009.172440743,2767002.216584785],[4556001.612240561,2766945.9148318884]]],[[[4556002.438234895,2766904.883892491],[4556030.035986047,2766822.9088402893],[4555971.034540956,2766826.585602658],[4556002.438234895,2766904.883892491]]],[[[4556066.473613569,2766814.7538466067],[4556135.099701789,2766830.237337437],[4556166.2095861975,2766849.563104692],[4556066.473613569,2766814.7538466067]]],[[[4556241.496435305,2766875.641142267],[4556231.603645208,2766872.4391581523],[4556191.037412274,2766866.7706391867],[4556241.496435305,2766875.641142267]]],[[[4556301.444350432,2766897.816198947],[4556251.3893170105,2766878.8431521747],[4556241.4968307605,2766875.641270265],[4556301.444350432,2766897.816198947]]],[[[4556328.189477519,2766917.2050297856],[4556331.4902946,2766906.813061885],[4556301.444350432,2766897.816198947],[4556328.189477519,2766917.2050297856]]],[[[4556382.981355601,2766935.7728056493],[4556427.348524652,2766944.677549732],[4556397.099845288,2766925.9456775],[4556382.981355601,2766935.7728056493]]],[[[4556446.916616074,2766980.699031881],[4556455.660883286,2766989.925096113],[4556451.627849535,2766984.6132380506],[4556446.916616074,2766980.699031881]]],[[[4556477.196778088,2767012.6475404287],[4556487.545426078,2767020.589990664],[4556472.988720287,2767008.2076393636],[4556477.196778088,2767012.6475404287]]],[[[4556518.951224697,2767044.6933275065],[4556561.8693229705,2767092.090360966],[4556585.033058612,2767157.4054267905],[4556566.645920182,2767099.6046210025],[4556557.092731827,2767084.576001512],[4556540.381568222,2767059.2594827353],[4556532.032703219,2767049.408112945],[4556518.951224697,2767044.6933275065]]],[[[4556695.788285561,2767211.4372897847],[4556690.141353986,2767208.3343938114],[4556652.631421954,2767196.679732448],[4556695.788285561,2767211.4372897847]]],[[[4556735.421259075,2767234.881005713],[4556740.530956193,2767239.536521346],[4556695.789006933,2767211.437686165],[4556735.421259075,2767234.881005713]]],[[[4556770.008502125,2767266.393942608],[4556843.182656958,2767255.735305219],[4556882.297210272,2767301.3228259156],[4556849.642106157,2767253.1596398195],[4556770.008502125,2767266.393942608]]],[[[4556922.3050075695,2767361.8978550993],[4556994.357410185,2767378.4423971986],[4556991.518752174,2767367.4443375086],[4556922.3050075695,2767361.8978550993]]],[[[4557023.907163528,2767411.0168004213],[4557005.814838389,2767388.480364118],[4557004.533616479,2767387.648707304],[4557023.907163528,2767411.0168004213]]],[[[4557096.678759428,2767441.4835656905],[4557090.689896041,2767438.842259494],[4557072.754001887,2767437.4222710216],[4557096.678759428,2767441.4835656905]]],[[[4557131.932733472,2767454.754306317],[4557121.410311684,2767449.812391023],[4557112.660349577,2767447.499504804],[4557131.932733472,2767454.754306317]]],[[[4557249.6938860025,2767482.1404140005],[4557256.905443932,2767486.9772820575],[4557211.502458445,2767471.4737057374],[4557249.6938860025,2767482.1404140005]]],[[[4557404.043508544,2767539.918579036],[4557372.572680153,2767528.4141463907],[4557363.777288495,2767527.4673337606],[4557404.043508544,2767539.918579036]]],[[[4557468.899297402,2767445.5565324174],[4557488.732267856,2767415.4127457696],[4557481.805782564,2767465.2008065335],[4557468.899297402,2767445.5565324174]]],[[[4557522.459394814,2767348.9463263676],[4557543.360478837,2767330.5951055],[4557515.524110694,2767339.896061259],[4557522.459394814,2767348.9463263676]]],[[[4557610.230431594,2767322.6324993223],[4557650.869623964,2767315.1704570004],[4557621.281095213,2767316.3778679925],[4557610.230431594,2767322.6324993223]]],[[[4557823.813052823,2767295.196024702],[4557862.309564924,2767312.0314551806],[4557779.061728634,2767288.25062663],[4557823.813052823,2767295.196024702]]],[[[4558067.576647435,2767315.9174478273],[4558135.435167629,2767325.9212374785],[4558025.422544525,2767318.2290997696],[4558067.576647435,2767315.9174478273]]],[[[4558254.367873885,2767312.975231355],[4558274.578420941,2767329.7242689338],[4558264.536754417,2767304.6270555267],[4558254.367873885,2767312.975231355]]],[[[4558327.197084565,2767390.4162121103],[4558326.793465603,2767387.260925837],[4558297.991273104,2767382.7701957957],[4558327.197084565,2767390.4162121103]]],[[[4558403.429101472,2767367.083118523],[4558460.553894414,2767342.1082661245],[4558457.233529838,2767335.749851998],[4558403.429101472,2767367.083118523]]],[[[4558604.733333385,2767286.14935256],[4558601.873369947,2767288.9878412634],[4558688.677229621,2767284.0118114254],[4558604.733333385,2767286.14935256]]],[[[4558725.429848326,2767293.6390376696],[4558718.595549477,2767291.2445478975],[4558713.633943563,2767290.5491358484],[4558725.429848326,2767293.6390376696]]],[[[4558754.343964481,2767277.821541132],[4558785.564099151,2767291.3374142502],[4558741.390250737,2767284.907884412],[4558754.343964481,2767277.821541132]]],[[[4558848.150873326,2767306.8934407257],[4558892.882441089,2767314.0639946763],[4558861.896448774,2767306.1726160464],[4558848.150873326,2767306.8934407257]]],[[[4559145.384413585,2767385.0559694367],[4559083.375953223,2767382.599763152],[4559073.022234836,2767382.2428775844],[4559145.384413585,2767385.0559694367]]],[[[4559275.159262164,2767402.211292788],[4559246.20735736,2767391.731289897],[4559242.393027387,2767390.6788576352],[4559275.159262164,2767402.211292788]]],[[[4559862.651102312,2767460.4219592465],[4559830.056341679,2767553.9227221073],[4559865.478892721,2767456.533929028],[4559781.430367174,2767439.3805516264],[4559862.651102312,2767460.4219592465]]],[[[4559831.49259436,2767603.7820402393],[4559818.703187429,2767638.6093723723],[4559830.056341679,2767553.9227221073],[4559831.49259436,2767603.7820402393]]],[[[4560060.847511719,2767796.0136804716],[4560026.820000465,2767771.867905469],[4560016.997984555,2767767.8340697903],[4560060.847511719,2767796.0136804716]]],[[[4560090.221422699,2767818.7197733307],[4560119.69505302,2767852.646487984],[4560116.327365676,2767832.96812056],[4560090.221422699,2767818.7197733307]]],[[[4560228.677649753,2767885.640631314],[4560265.999411236,2767896.7075203755],[4560194.63429891,2767884.3462274135],[4560228.677649753,2767885.640631314]]],[[[4560329.301577877,2767902.3740347736],[4560321.56346573,2767901.069438645],[4560316.325641668,2767901.5012140125],[4560329.301577877,2767902.3740347736]]],[[[4560349.964147384,2767909.8700067387],[4560337.039712005,2767903.6786354454],[4560329.30167056,2767902.3740504],[4560349.964147384,2767909.8700067387]]],[[[4560414.41376671,2767948.9416201143],[4560394.938332106,2767923.940653066],[4560382.106814066,2767921.530775682],[4560414.41376671,2767948.9416201143]]],[[[4560452.648849987,2767990.0920352866],[4560470.027032783,2768024.6952544027],[4560444.379317225,2767981.191963752],[4560452.648849987,2767990.0920352866]]],[[[4560692.614874484,2768024.448047868],[4560738.846990606,2768037.7335040597],[4560624.828392344,2768036.5120500503],[4560692.614874484,2768024.448047868]]],[[[4560866.157641985,2768175.869944846],[4560870.415522634,2768174.0583825037],[4560809.809627756,2768102.396689688],[4560866.157641985,2768175.869944846]]],[[[4560836.9651411455,2768182.9080526265],[4560861.899749913,2768177.6815122147],[4560866.1572905285,2768175.870094376],[4560836.9651411455,2768182.9080526265]]],[[[4560809.295073446,2768196.9730327977],[4560815.001360161,2768196.9339288874],[4560836.9651411455,2768182.9080526265],[4560809.295073446,2768196.9730327977]]],[[[4560801.836205702,2768371.9614859507],[4560802.607377121,2768370.1566430344],[4560803.285564039,2768364.1253723484],[4560801.836205702,2768371.9614859507]]],[[[4560852.350371505,2768421.7956505613],[4560840.351804925,2768421.084201285],[4560833.4590604175,2768421.445049382],[4560852.350371505,2768421.7956505613]]],[[[4560900.011629685,2768421.0711882683],[4560899.481735535,2768421.035890132],[4560898.534018486,2768421.2273302465],[4560900.011629685,2768421.0711882683]]],[[[4560919.744522997,2768418.9859779603],[4560919.753156677,2768418.9809301645],[4560919.737780235,2768418.9866904807],[4560919.744522997,2768418.9859779603]]],[[[4560974.357074975,2768396.836170857],[4560950.236724029,2768393.5785972616],[4560945.397613417,2768403.999517674],[4560974.357074975,2768396.836170857]]],[[[4561004.376453017,2768380.2118040984],[4560997.414404594,2768379.387943238],[4560994.350820797,2768386.2031654506],[4561004.376453017,2768380.2118040984]]],[[[4561008.458558137,2768344.5653674295],[4561037.812957675,2768329.653874983],[4561019.828883457,2768327.1477901964],[4561008.458558137,2768344.5653674295]]],[[[4561048.658810448,2768325.887291918],[4561067.708180949,2768321.4715322847],[4561043.231916769,2768326.4428694705],[4561048.658810448,2768325.887291918]]]]}},{"type":"Feature","properties":{"flugjahr":"2009","gebiet":"Salzburg"},"geometry":{"type":"Polygon","coordinates":[[[4531910.805381459,2719693.0203376208],[4532155.793499505,2719367.989928327],[4532526.724499617,2719078.1220868793],[4533059.741038803,2718933.470282976],[4533205.9727404155,2718820.7576135625],[4533566.556123001,2718903.9296846217],[4533958.2883550795,2718784.9416463436],[4534485.131683972,2718837.3227224317],[4535109.904459017,2719065.3259639097],[4535422.819580338,2719009.2841673363],[4535593.340000108,2718892.875870973],[4535642.893081161,2718757.1033119652],[4534457.706660244,2718704.0350157134],[4534566.694594318,2716207.889266612],[4532067.806454493,2716096.012655891],[4531910.805381459,2719693.0203376208]]]}},{"type":"Feature","properties":{"flugjahr":"2009","gebiet":"Salzburg"},"geometry":{"type":"Polygon","coordinates":[[[4569769.01473242,2712787.0669464516],[4564771.246694822,2712562.3848842927],[4564662.112795085,2715058.467194996],[4562163.4054443585,2714945.954047952],[4561945.051566557,2719938.0992293744],[4566942.542454705,2720163.1579884025],[4567051.804045188,2717666.933564085],[4574548.078884581,2718004.8912551855],[4574657.315225777,2715508.638071894],[4569659.83262593,2715283.3116431898],[4569769.01473242,2712787.0669464516]]]}},{"type":"Feature","properties":{"flugjahr":"2017","gebiet":"Nieder\u00f6sterreich"},"geometry":{"type":"Polygon","coordinates":[[[4755595.627628652,2754143.1348019675],[4765560.486432142,2754996.8729548785],[4763481.671304202,2779906.539546963],[4768463.149592595,2780333.8635467472],[4768879.408234177,2775351.6700373883],[4773861.461267502,2775779.2026018417],[4776355.120414415,2745886.7192432606],[4798360.185012536,2747775.3743577134],[4798612.832812038,2747209.0485880934],[4799197.883629931,2746589.8392789625],[4799397.086837217,2746253.4679284594],[4799454.306211144,2745737.809053456],[4799394.572798283,2745528.8376688203],[4799155.122534231,2745281.6163767916],[4799409.808967264,2744605.4805473913],[4799573.49293441,2744394.894665947],[4799552.311776858,2743930.267749692],[4799352.336475129,2743651.359653759],[4798913.695687195,2743647.0383459837],[4798401.521475944,2743533.241901402],[4798296.432602506,2743439.715909574],[4797861.173662726,2742978.3241857206],[4798080.389055969,2742764.9061263795],[4798203.839089306,2742503.490142398],[4798316.494868928,2742466.3031610996],[4798318.113345036,2742228.4262812887],[4798087.697566548,2742123.6920801564],[4797493.550162524,2741470.15553041],[4797370.410552739,2741477.328365556],[4796964.593511245,2741266.5638979706],[4796695.509054263,2740996.4946862333],[4796585.479368676,2740629.6273011295],[4796766.650284574,2738989.0813211566],[4796657.638938193,2738845.7406702903],[4796632.764461107,2738607.769728061],[4796432.757140817,2738446.8739790893],[4796210.041704265,2738036.61314204],[4796152.745781325,2737614.7959196456],[4795721.019156438,2737122.9123717747],[4795752.287971723,2736911.7616825327],[4795916.931729367,2736744.5204059198],[4795965.573647597,2736543.24611238],[4795716.03881273,2735862.4971638857],[4795619.674168871,2734933.5731573845],[4795775.880690115,2734845.773053285],[4795805.933197763,2734688.6909602243],[4796395.7746327,2734459.3783554956],[4796545.468155332,2734301.4614165407],[4796530.725470714,2734222.9318224336],[4796678.259477395,2734237.39608693],[4796677.054883149,2734153.710848495],[4796978.522654213,2733874.513832492],[4797139.186268622,2733596.9595777392],[4797126.969844455,2733443.1823194884],[4797364.309751049,2733129.006154194],[4797642.0611917665,2733083.272803926],[4797927.568107672,2732918.652052336],[4798067.55725325,2732584.5912632262],[4798142.060695709,2732156.4445124585],[4798085.47242524,2731986.8302687523],[4798156.437895656,2731844.8960385197],[4797791.131609318,2730932.1078546746],[4797836.396910564,2730679.0800344963],[4797281.77859722,2730029.1396141187],[4797428.38608612,2729738.839580839],[4796920.574708038,2729397.4158426174],[4796866.725503365,2729340.110956499],[4796943.582114794,2729241.5090660583],[4796334.582258558,2728653.3045100663],[4796642.477778411,2728352.15701974],[4796564.045142521,2727998.7914353726],[4796236.7636802215,2727646.22611124],[4795961.361301662,2727660.7472645184],[4795630.359831314,2727411.232524201],[4795467.039548146,2727448.3999331733],[4795307.834770706,2727340.98467026],[4795562.564089784,2727277.884084188],[4795968.674460929,2727007.429854559],[4795891.959667661,2726635.0546676354],[4795939.475429394,2726390.296418137],[4795825.509319802,2726168.486438468],[4795619.109881393,2726023.6398451347],[4795191.683938317,2725945.549949258],[4795014.926302414,2725834.560920917],[4794351.431492712,2724888.2446761345],[4794312.82041624,2724711.12449143],[4794020.802912805,2724758.8701767386],[4793869.626991238,2724671.583816787],[4793665.233375406,2724839.9003277146],[4793474.532928609,2724747.557225582],[4793102.822072148,2724328.7086576885],[4792517.893934142,2724133.153298857],[4792078.726837655,2723335.7849469557],[4791594.146048902,2723045.6847341345],[4791533.330018878,2722463.066437917],[4791150.712037267,2722205.421340661],[4791042.1116898935,2722040.02668796],[4790797.279502792,2721940.96713831],[4790606.199895542,2721584.828335257],[4790288.8129902175,2721275.4607255915],[4789952.261598564,2721197.2508015423],[4789536.34614543,2720962.827817219],[4789013.080932439,2720854.8866804694],[4788500.552926481,2720560.063838447],[4787842.927528778,2720501.7400201256],[4787441.654152591,2720594.7460033],[4786864.182751953,2720591.725836448],[4786429.84678727,2720368.7838713606],[4786011.003271291,2720774.997033093],[4785508.803332139,2720780.3790983194],[4785421.00890961,2721073.1577455695],[4785007.5931677045,2721295.7806655047],[4784858.591953482,2721526.5107791047],[4784183.596354228,2721934.001556825],[4783973.4857295,2722222.6329758773],[4783801.773842556,2722596.4417462386],[4783831.673304837,2722933.849926373],[4783579.942350773,2723276.8711214378],[4783320.074750289,2723359.6370017976],[4783124.977349374,2723582.48433013],[4783162.296049405,2724229.5314872297],[4783508.037090271,2724498.0024354225],[4783062.55788891,2725351.63448068],[4782607.155119871,2725195.92072114],[4782259.230572169,2725462.9435848333],[4782251.103696501,2725578.240001824],[4782377.026801001,2725740.6278934665],[4782304.400270963,2725804.169420302],[4781689.392358113,2725786.1512144157],[4781769.537050031,2726012.0707730977],[4782031.075918364,2726204.0842069085],[4781862.566031371,2726741.6929129804],[4782013.243247793,2727314.19591925],[4781604.854879557,2727471.2400593334],[4781499.1145881,2727756.426340133],[4781545.655122154,2728027.7894386034],[4781296.5261660395,2728379.922954237],[4781391.1014239285,2728445.318917265],[4781435.118025446,2728762.3882342274],[4781659.857346151,2728866.568754756],[4781638.42861756,2729521.7121046293],[4781820.933724094,2729903.712872063],[4781707.87028091,2729924.0775993606],[4781440.428958519,2729645.6800603573],[4781310.890201539,2729378.815803129],[4781171.677906085,2729467.565515304],[4781043.200399454,2729776.5336421374],[4781381.43904301,2730334.733312968],[4781053.911609485,2730430.628527444],[4780970.229131199,2731077.631012199],[4780799.824252394,2731354.70559131],[4780182.125185738,2731124.194853636],[4780186.544611753,2731068.7004858158],[4779934.669775775,2731191.8717264496],[4779841.28623868,2730521.5723173097],[4779702.832877222,2730450.8502905047],[4779780.005662192,2729756.9186318885],[4779469.93963571,2729288.649447616],[4779106.2680233065,2729225.0798611203],[4778863.606519794,2729085.041075828],[4778739.235055201,2728334.444603454],[4778444.711236372,2728497.981175497],[4778387.088036862,2728711.108586981],[4777866.782542636,2728679.3604538855],[4777681.529742755,2728525.180717981],[4777766.474182873,2727750.0669298996],[4777657.062966986,2727110.984018839],[4777811.941041035,2726817.2592080995],[4777582.257848836,2726642.8034245344],[4777281.662410388,2726576.4258833816],[4776379.678327685,2727251.4830880654],[4776048.402509505,2727802.8838447975],[4775890.744595577,2728261.3348414563],[4775631.060586638,2728410.520500989],[4775565.59513739,2728532.865074919],[4775229.211939365,2728601.8352517327],[4775154.283625588,2728796.6850819965],[4774929.738295698,2728956.671195957],[4774760.604428719,2729401.176395635],[4773864.26941819,2729904.9738851534],[4773217.923930313,2729904.4339219667],[4772775.803299915,2729636.5006930097],[4772356.410649077,2729737.155005005],[4771393.293017419,2729747.185027381],[4770853.243963002,2730003.2051647813],[4770678.66267887,2730005.2040194385],[4769368.3554278575,2729549.834693748],[4768974.608422465,2729654.467259902],[4768287.662328238,2730180.441957836],[4767790.348286242,2730453.9126801854],[4766675.090914777,2730773.4854505174],[4766080.825239287,2730770.6677661063],[4765924.488360855,2730941.7728102216],[4765897.569829828,2731354.770356879],[4765231.48301507,2732045.274658648],[4765070.516302496,2732465.89289575],[4765042.279964279,2733412.6016381066],[4765204.466470015,2733773.7645412455],[4765150.381534504,2734173.5798124266],[4765074.612659014,2734299.7094753184],[4763834.0050801225,2735110.1286070254],[4762729.965084229,2735289.893766146],[4762351.20308462,2735057.7019433714],[4762047.05447589,2734406.666574182],[4761629.304884745,2734491.319860893],[4761092.168218997,2734348.3597741644],[4760881.126830568,2734370.2737067],[4760873.359097614,2734458.468664162],[4760735.529160737,2734513.191121693],[4760730.312790995,2734941.172836829],[4760521.252340068,2735408.149531068],[4760565.087794859,2735916.919018753],[4760393.677266852,2736561.817988473],[4760685.832188481,2737056.6861298345],[4760561.932721392,2737730.418974003],[4760802.787342966,2737904.115045366],[4761089.6380551895,2738346.2810786627],[4761127.789225808,2738801.1443961277],[4761393.194771524,2739251.3379919124],[4761398.524621626,2739560.966721585],[4761492.593944236,2739694.5927008474],[4761283.111562444,2740174.713622003],[4761012.632132699,2740448.1124691516],[4760306.837801864,2740015.2695482727],[4760135.370410196,2739967.463482826],[4759803.136624386,2740049.2671420258],[4759228.952231229,2740475.603248817],[4758892.910098345,2741587.725649022],[4758246.655057482,2742140.2054081326],[4757792.323844374,2741970.28708926],[4757460.739105376,2741952.753702568],[4757142.023253189,2741737.2719081105],[4756626.752057463,2741810.385359702],[4755595.627628652,2754143.1348019675]]]}},{"type":"Feature","properties":{"flugjahr":"2012","gebiet":"Steiermark"},"geometry":{"type":"Polygon","coordinates":[[[4658835.19751139,2736868.856809171],[4658726.011728812,2739344.175810372],[4661223.976396592,2739459.910451523],[4661114.777441377,2741956.5326076173],[4666109.746255381,2742185.1144905705],[4665999.466451297,2744681.7347465362],[4668699.177238709,2744805.918784934],[4668705.8009761935,2744321.467981671],[4668893.767254486,2744046.9839393646],[4669491.090734864,2744075.7062014076],[4669984.020405,2743980.6990676047],[4670259.697297166,2744170.6617557327],[4670440.448859534,2744520.637803824],[4670972.030603421,2744504.641099317],[4671133.884342503,2744577.7720322376],[4671359.704669314,2744863.3773019547],[4671493.201244381,2744813.528293544],[4671577.1723121,2744315.9982052934],[4671707.1523979055,2744167.3907590574],[4672101.120013154,2743995.429710944],[4672122.259406318,2743628.94258908],[4672489.476181473,2743248.843010064],[4672183.773057224,2743028.2147722575],[4672128.766308003,2742619.8446248127],[4672200.3744100435,2742412.3599093705],[4672467.295856426,2742417.8830606793],[4672939.851656939,2742222.6035469864],[4673060.260272641,2742010.193005003],[4672836.05967223,2741898.069577835],[4672833.966537546,2741671.589684946],[4672903.997164306,2741641.479342873],[4673042.526014053,2741783.1045866543],[4673205.539864839,2741806.270012867],[4673758.96896776,2741058.7593260696],[4674305.157114845,2740738.5642894483],[4674307.38267497,2740374.25171198],[4674755.173333851,2740002.385528917],[4674792.440573177,2739277.879857471],[4675240.4557895325,2739314.800628795],[4675587.349566559,2739601.7706602113],[4675928.866803987,2739724.7723115827],[4676008.011283884,2739343.148089613],[4676231.0925341565,2739181.101090088],[4676336.738454265,2738827.676585786],[4677119.8779572975,2738437.284125505],[4677458.714483308,2738071.5563865695],[4677706.053241386,2737921.2691982277],[4677634.153382846,2737626.626016914],[4677830.870153777,2737448.536779905],[4677974.536478566,2737516.800638431],[4678181.6395311,2737446.737679577],[4678489.507527848,2737187.6339082206],[4678445.865448925,2736528.6124382867],[4678603.334501673,2736111.819583091],[4678527.132823248,2735836.337272219],[4674894.950884348,2735591.0421772962],[4674753.395673012,2736082.6658524503],[4668004.922382831,2735627.1975310203],[4667943.611449831,2735593.8432477145],[4667954.014641368,2735288.746348172],[4665486.519829898,2735172.8910771087],[4665337.301048751,2737161.4068714436],[4658835.19751139,2736868.856809171]]]}},{"type":"Feature","properties":{"flugjahr":"2012","gebiet":"Steiermark"},"geometry":{"type":"Polygon","coordinates":[[[4675125.090173215,2665290.830661586],[4672575.494933695,2664582.5762218446],[4661895.648753175,2664358.1237456105],[4661088.0608002655,2677493.2622681763],[4674808.296980526,2678455.329902475],[4675041.679483134,2675015.4454053347],[4674434.980843141,2674925.7674999973],[4674429.267083169,2674804.1673803153],[4674514.13263901,2674353.1786532714],[4674465.5776535,2674239.280100135],[4674694.463012122,2670728.6959321825],[4674839.390428768,2669867.460421473],[4674793.889751788,2669208.832140168],[4674895.571280442,2667643.952802159],[4674977.344698678,2667459.5544230724],[4674944.5661644805,2667347.6035704664],[4675084.419505624,2667108.3975498294],[4675000.388469251,2666715.836609348],[4675042.862983457,2666596.552742402],[4674969.164538365,2666516.3216128773],[4675040.603245479,2665496.5501241535],[4675125.090173215,2665290.830661586]]]}},{"type":"Feature","properties":{"flugjahr":"2011","gebiet":"K\u00e4rnten"},"geometry":{"type":"Polygon","coordinates":[[[4611172.825386973,2624627.760985838],[4610955.821041346,2629619.0955039104],[4630949.37013648,2630527.750913915],[4631166.689777072,2625536.4225925156],[4611172.825386973,2624627.760985838]]]}},{"type":"Feature","properties":{"flugjahr":"2012","gebiet":"K\u00e4rnten"},"geometry":{"type":"Polygon","coordinates":[[[4534242.309841457,2668760.243480223],[4534146.613477276,2668713.7380812094],[4534688.898734231,2656218.844840425],[4539687.715947948,2656440.250634416],[4540330.273435965,2641674.4957423992],[4538649.229230845,2642715.77652119],[4538101.069138106,2642870.5388781433],[4538126.547472952,2644292.4283724427],[4537971.521264482,2645008.1184087344],[4537877.851455578,2646117.3070111144],[4537915.235068804,2646465.568245201],[4537751.317508812,2646458.90832949],[4537504.620429088,2646711.9521558695],[4537108.94086985,2647307.384637879],[4537143.186699576,2647560.988708321],[4537579.6371857645,2648341.3488684157],[4537465.014659506,2648617.3175517446],[4536546.900067299,2649082.7508504535],[4536287.112670898,2649053.3895594627],[4536066.936800951,2649492.16163678],[4535858.743313302,2649453.1975044906],[4535444.070009366,2649701.9247735185],[4534718.293926095,2649637.437805256],[4534441.129713928,2649740.5112138437],[4533198.246651458,2650619.2505891672],[4533431.280492478,2651480.627463455],[4532954.176888993,2651519.935184098],[4532743.586812775,2651749.881768272],[4532133.682988465,2652012.3641379355],[4532053.483531472,2652214.4296694132],[4531559.359667801,2652695.022159622],[4531319.54027105,2653296.8203106504],[4530631.597720968,2653277.0075646024],[4530215.839991388,2653641.6705133384],[4530223.614914135,2654214.866124725],[4529798.070556246,2655458.3101347755],[4529581.431884849,2655904.2008099826],[4528750.262477114,2656929.5083096884],[4528640.457933957,2657305.4734238205],[4529171.110424548,2657667.7355758087],[4529583.3268175535,2658236.291265897],[4529584.595004205,2658450.8958070376],[4529447.350534176,2658658.361981825],[4529419.269208733,2659247.46098198],[4529907.538526447,2659436.809164024],[4530257.648193877,2660186.23063925],[4530536.775582421,2660423.8420003634],[4530736.4820759585,2660836.012315946],[4530847.752836391,2661599.461715108],[4531612.83147153,2662031.640418672],[4531770.918019481,2662272.2550939657],[4532041.710696926,2662377.473505538],[4531824.798623168,2662729.7267721966],[4531443.721907247,2663078.066656537],[4531034.696063908,2663080.4977374533],[4530824.210042939,2663208.3911315654],[4530266.503337127,2663123.227562798],[4529520.30003009,2662745.669451887],[4529091.711141164,2662684.929765552],[4527727.050702666,2662841.0567041608],[4527540.368615993,2662964.6457367316],[4527253.722047428,2663361.495258867],[4526327.010292137,2666065.0462357216],[4525935.0981484875,2666170.1828535614],[4525394.536154312,2666620.282315652],[4525269.726837481,2666787.139012318],[4525259.154157956,2666978.751810845],[4524861.375488055,2667233.2364589404],[4524735.291608791,2667413.359098643],[4524773.867241413,2667562.875137491],[4524615.930503626,2667637.531180975],[4524466.459806947,2667874.0788569106],[4524331.350265705,2667982.083454895],[4523893.788523918,2668029.267419188],[4523063.187914351,2668811.4285862767],[4523071.257259446,2668915.649160987],[4523933.007700532,2669597.1387596717],[4524004.664308388,2669850.2935722386],[4523641.87858626,2670526.7396671562],[4523755.489083152,2671119.2343927836],[4524773.633530507,2671307.209104292],[4525156.360887585,2671565.5163226533],[4525749.752413742,2671291.1987977503],[4526045.902654648,2671389.561171717],[4526250.856246043,2671368.345634041],[4526298.724488875,2671294.4131635036],[4526627.18658727,2671646.0400168975],[4526879.422193139,2671701.758085365],[4526963.556601203,2672048.3825705172],[4527086.4756296445,2672025.896379102],[4527332.241741335,2672208.208566052],[4527508.795845781,2672220.546188139],[4527919.356259071,2672443.145523014],[4528307.510534133,2672422.452376561],[4528404.401488855,2672067.6846491746],[4528340.671866463,2671792.3295390476],[4528484.716719011,2670676.2313421196],[4528493.454183364,2669344.6814052183],[4528949.042141487,2668909.2935158676],[4529409.110440537,2668790.738532147],[4529721.754814704,2668857.3536485424],[4530432.787557173,2668653.480935769],[4530745.664824186,2668891.877038612],[4530924.911453588,2668931.0158066647],[4531106.611477122,2668845.3788149324],[4531355.060968586,2668851.0780720697],[4531575.459259348,2669025.041233872],[4531864.0627975315,2668695.992674803],[4532138.572416284,2668552.0095201386],[4532252.83652067,2668194.544343414],[4532503.81443123,2668144.1144238412],[4532870.295554966,2668300.7663263488],[4533281.308285205,2668231.5755163226],[4533635.76561269,2668439.094700471],[4534075.348271671,2668497.029387833],[4534131.457565337,2668776.582795159],[4534242.309841457,2668760.243480223]]]}},{"type":"Feature","properties":{"flugjahr":"2013","gebiet":"Ober\u00f6sterreich"},"geometry":{"type":"Polygon","coordinates":[[[4645645.142601668,2808795.856140761],[4643147.506857164,2808681.5484918845],[4643036.824653119,2811178.4961321484],[4633046.085804811,2810721.5754574467],[4632935.490472005,2813218.51144799],[4620446.481184301,2812648.3893203316],[4620004.034592951,2822636.174839922],[4644980.667348844,2823777.6546699535],[4645645.142601668,2808795.856140761]]]}},{"type":"Feature","properties":{"flugjahr":"2013","gebiet":"Ober\u00f6sterreich"},"geometry":{"type":"Polygon","coordinates":[[[4645866.411181045,2803802.057060711],[4646308.717518538,2793814.49692411],[4621330.361558723,2792673.02578659],[4620778.165538044,2805157.4914151947],[4640760.445718561,2806070.3840795783],[4640871.051795978,2803573.4641499007],[4645866.411181045,2803802.057060711]]]}},{"type":"Feature","properties":{"flugjahr":"2016","gebiet":"Ober\u00f6sterreich"},"geometry":{"type":"Polygon","coordinates":[[[4692006.154288077,2805922.134709539],[4658354.320293457,2804374.295082195],[4658243.63175851,2806871.2451741844],[4645755.831003576,2806298.9558416805],[4644980.667348844,2823777.6546699535],[4607514.934342122,2822067.048707227],[4607072.317165493,2832055.112272881],[4681608.332123677,2835467.65932871],[4682015.490093443,2835284.0476116836],[4682154.553290588,2835354.3435640875],[4682507.122891474,2835316.080529849],[4682928.829438144,2835102.1416380974],[4682933.299405355,2835029.3416321143],[4683324.390238529,2834800.9825600316],[4683391.153034766,2834665.814416948],[4683721.523555708,2834441.8575060884],[4683811.323415848,2834246.34115205],[4683669.058778706,2834046.713308683],[4683800.315465793,2833638.095473517],[4683975.232712116,2833535.8696840904],[4684459.773766878,2833494.2980739055],[4684519.441693966,2833324.916002386],[4684316.24864624,2832695.8252372644],[4684018.060961217,2832867.2084560045],[4683062.39395328,2832981.105954921],[4682393.2563048005,2832603.199614512],[4682304.32153123,2832453.8715382414],[4682359.269973322,2832034.0414623315],[4682075.548346926,2831852.593592454],[4682300.582742212,2831392.107604577],[4682295.97766913,2831219.1621072595],[4681796.088833988,2830963.8708851365],[4681575.313891262,2830613.4277723217],[4680625.24673149,2830373.4737443384],[4680808.820656618,2830203.5042587384],[4680978.333316636,2829763.1348805586],[4681229.653628968,2829630.968634296],[4681236.020381141,2829495.638090183],[4681415.8986004125,2829336.7442198056],[4681500.303009782,2829130.132330524],[4681465.174155587,2828972.2104993085],[4681545.536126196,2828729.734799438],[4681310.485904154,2828067.8128807973],[4681447.289191838,2827742.733188976],[4681713.841327017,2827548.687000863],[4682056.287596535,2827441.974422865],[4682425.596615004,2827480.7214943697],[4682823.808480821,2827220.039840447],[4683198.832503471,2827262.3580086203],[4683351.513210566,2827094.8648888683],[4683390.1320238,2826805.1662739073],[4683908.234808941,2826245.5252175727],[4684126.291788848,2825753.8403264876],[4684373.977184287,2825454.6943295365],[4684324.556200554,2825065.217022806],[4684509.045326758,2825043.986471246],[4684641.780658995,2824885.483609993],[4684984.659675398,2824971.120658541],[4685587.727657633,2824440.553818225],[4685835.808767948,2824415.798855218],[4686099.530563712,2824498.6179521824],[4686386.047109542,2824424.0664296914],[4686711.661512998,2824042.7907641423],[4686554.688927408,2823848.29205924],[4686695.356548505,2823569.2949011535],[4686887.081571817,2823395.1360828592],[4687227.868334414,2823418.3602624787],[4687075.986814861,2822993.484896694],[4687130.51188134,2822749.7655718066],[4686781.503201355,2822560.043180795],[4686636.589788173,2822268.564031941],[4686532.980190075,2822218.76073678],[4686514.726295473,2822040.735794628],[4686156.63208896,2821802.9303320465],[4686042.014695888,2821633.86006582],[4685629.580997409,2821619.219320005],[4685468.045439862,2821308.2370632617],[4685108.893461505,2821086.231488313],[4685078.186705707,2820661.9231748916],[4684939.68441422,2820551.253582429],[4685034.47035938,2820440.761621941],[4685204.224792178,2820411.921638924],[4685483.937211701,2820468.687263554],[4685720.160539028,2820799.001649871],[4685976.0399194285,2820933.453019479],[4686121.313079577,2821177.6248747003],[4686456.053214195,2821311.388570419],[4686822.02989708,2821143.4887580387],[4687095.171454427,2821179.7522678776],[4687540.158264683,2820827.20719304],[4687826.720677015,2820844.9643822955],[4687905.9326027855,2820974.7026931737],[4687927.588672123,2820901.7885778383],[4688218.047409925,2820826.7176285414],[4688529.230020797,2820632.6437624493],[4688595.645401718,2819590.527384236],[4688401.942470647,2819204.768278696],[4688225.310170139,2819051.124405496],[4688214.18124716,2818735.963022351],[4688085.5801269505,2818547.1619469314],[4688020.383447207,2817969.314736679],[4687902.667017022,2817674.774309219],[4687986.128350567,2817210.9763203636],[4687850.802039176,2817125.342853202],[4687878.286341657,2816816.6794239213],[4688007.554095076,2816761.9741546987],[4687878.523320029,2816630.2822715733],[4687867.776660928,2816365.71424937],[4687968.353610892,2816198.660180542],[4687847.8605462555,2815892.803759354],[4687861.132912543,2815712.256297597],[4687968.54735905,2815649.3366203387],[4687929.711587077,2815536.637288538],[4688037.017567569,2815394.0719555914],[4687780.737552358,2815182.3566210996],[4687820.994735286,2814995.5550975613],[4687656.338640261,2814671.525788408],[4687699.338778139,2814437.3133567474],[4687525.930928626,2814092.304959772],[4687459.41723904,2813404.8860339336],[4687975.34421696,2813318.17959689],[4688202.571495187,2813404.379542386],[4688300.941408786,2813577.129900786],[4688660.367502786,2813683.744105031],[4689724.342495099,2813393.086082739],[4690017.06133748,2813574.0561819766],[4690311.62523554,2813515.7995524057],[4690322.043598194,2813388.3678281433],[4690668.318239015,2813104.8110578586],[4690724.856696021,2812903.811888053],[4690607.085986534,2812559.44461222],[4690682.265640585,2812195.3081994373],[4690618.995846387,2812046.1766060516],[4690776.693195421,2811693.2799526327],[4690687.046450157,2811281.853331006],[4690714.1131354375,2810907.994837507],[4690621.326854708,2810771.673170747],[4690801.537559834,2810699.9505581707],[4690897.510547352,2810500.328417681],[4690877.008927485,2810139.4743447634],[4690984.21894468,2810002.0409341576],[4690958.415413063,2809794.564504763],[4691147.713334731,2808893.5536988284],[4691639.290514212,2808881.758070269],[4692006.154288077,2805922.134709539]]]}},{"type":"Feature","properties":{"flugjahr":"2017","gebiet":"Ober\u00f6sterreich"},"geometry":{"type":"Polygon","coordinates":[[[4681608.332123677,2835467.65932871],[4597126.878865972,2831611.363144098],[4597493.126159948,2834108.1400700444],[4598071.592762798,2835138.842395685],[4599316.647496105,2835300.402100461],[4599811.59754589,2835454.754893342],[4600318.349480888,2835700.5107916575],[4600601.242286541,2836045.355093401],[4601277.986420456,2836262.4826423414],[4601655.065333286,2837320.9968555863],[4601523.464340501,2837854.0924806925],[4601236.699224926,2838237.215081146],[4601191.318571146,2838827.871697715],[4602503.943932982,2841335.6330307024],[4602733.70765587,2842408.275409041],[4602661.51984759,2842905.4814186534],[4602338.762427251,2843837.462730642],[4601843.435063343,2844677.0905599715],[4601998.387800724,2845660.8694229573],[4601996.0924116075,2847062.1837536977],[4601763.372356147,2847994.660154331],[4601591.1383825345,2848333.563182367],[4601607.820962483,2849689.311058565],[4601509.972359182,2850077.3199410113],[4600925.5910762595,2850888.119972883],[4600197.207649147,2851545.0092739128],[4600065.749303708,2851839.3788740323],[4600623.004004633,2852551.168066761],[4601176.294375689,2853552.7252888153],[4601585.059012202,2854095.8532742364],[4601736.88311957,2854907.580059288],[4601753.969281006,2856309.7753004977],[4601882.84105614,2856609.524169142],[4602578.717317428,2857382.445283335],[4603070.029078764,2858383.78319483],[4603502.126456756,2858543.6664330596],[4605311.414446656,2858329.504637365],[4605923.754265023,2858023.847861551],[4606918.008656017,2857182.4856562144],[4607433.755826949,2857018.807097871],[4607898.891283538,2856621.9118641918],[4608173.773596764,2856228.726584566],[4608574.90909866,2856013.8648545044],[4609359.810418775,2855268.5774841765],[4610098.541925257,2854287.063968919],[4610673.932815026,2853732.798142225],[4610985.432300657,2853493.7608348643],[4611972.326371098,2853167.6078084316],[4612378.002713761,2852625.831235338],[4613632.585162975,2852332.8752325545],[4614793.09419621,2852204.927512487],[4615708.698409104,2852010.309955024],[4616210.0455730185,2851598.668677753],[4616379.750446412,2851233.9364998583],[4617169.57979741,2850293.1732406747],[4617929.79133052,2849168.1542774644],[4618208.86156072,2848911.4035064164],[4619707.557725596,2848598.8109526816],[4620073.548386751,2848326.9590259297],[4620153.957665282,2847396.83598845],[4620071.507097105,2846595.3462135247],[4619734.38897546,2845880.921955791],[4619462.604662436,2845760.8186465674],[4618741.042653443,2845916.3082979596],[4618455.560589582,2845894.7660949035],[4618141.423514674,2845856.810714936],[4617729.323188773,2845667.7639856194],[4617508.436775492,2844932.866616046],[4617192.981750421,2844707.85722528],[4617118.34890897,2844347.2678441536],[4617230.005165089,2844046.3955364255],[4617783.118039569,2843404.072514349],[4618330.718840117,2843248.957762559],[4618824.978084332,2843378.668316217],[4619161.614407051,2843366.083125495],[4619500.492465853,2843091.3286986058],[4619342.7129154,2841791.1584731257],[4619525.130989453,2841481.442984433],[4620162.967219153,2841168.7405238794],[4620965.94041218,2841067.516475694],[4621573.630893238,2840633.8049107613],[4622340.777575472,2840457.1294891736],[4624258.208391984,2840294.991024183],[4626837.165445064,2840242.6435743123],[4630406.0825977605,2839986.8724612747],[4632348.580873118,2839436.832713079],[4633574.7664677845,2839211.5185102047],[4636152.227277532,2839040.7901002304],[4636817.223817048,2838378.1401726934],[4641823.817720586,2838598.213629391],[4642968.384021585,2838851.0768821957],[4644359.984761739,2838911.211693663],[4644261.00500566,2840972.662894559],[4647208.852777055,2841098.537392718],[4647719.483140272,2841332.679526529],[4648194.495404166,2842046.764695582],[4648577.68447466,2843182.9545468306],[4648549.873917369,2844252.8868333157],[4648280.474065434,2844575.2377092224],[4648043.529684382,2845287.0352313262],[4648067.633462434,2846476.639621523],[4648267.660454474,2846652.331496858],[4650202.67511837,2847370.9478909313],[4650361.810119076,2847328.6300782547],[4650640.800077546,2846916.910353066],[4650982.183130444,2846696.510983205],[4651196.304278385,2846207.4680755516],[4651732.850858381,2845851.772018071],[4652049.7304172665,2845791.2163666505],[4652260.820677815,2845589.7114555817],[4652447.128854096,2845104.5436084084],[4652504.01354894,2844622.8860457665],[4652631.874001482,2844434.2347222646],[4652956.077940753,2844349.074984059],[4653803.172004016,2844405.7278026706],[4654179.442490357,2844318.0679996363],[4654370.19638233,2844181.760313944],[4658496.685968715,2844372.1292050085],[4659279.880204656,2844705.1329104835],[4660059.51082142,2845652.2609965536],[4660429.148653418,2845791.486048363],[4660749.708344748,2845750.0507028853],[4660999.191826846,2845611.858698017],[4661404.380678131,2845082.808846188],[4661909.128242996,2843851.227709063],[4662388.739893104,2843760.9573423797],[4663459.021954451,2843948.546598089],[4663734.993676529,2843776.303767101],[4664253.927185506,2843170.781186976],[4664558.784407769,2842533.557327616],[4664920.669597234,2841362.456396807],[4665132.559400318,2841150.1534659406],[4665980.986863316,2841214.768100345],[4665959.644526862,2840905.018043963],[4666371.0841247225,2840894.0401356947],[4666713.507847202,2841180.841666602],[4666972.492112573,2841206.1586803147],[4666920.581095868,2840807.4981021406],[4667034.846087142,2840697.465404195],[4667892.8306964,2840604.905807626],[4668124.726004556,2840716.827887499],[4668620.2213690085,2840514.2585560232],[4668969.68769933,2839900.347183359],[4669292.812528261,2839641.88199935],[4669329.408866831,2839175.839624256],[4669579.5923711825,2838806.6365981326],[4670035.626933351,2838803.269849921],[4670120.415656434,2838587.274240159],[4670611.700637192,2838257.1903394223],[4670545.732543114,2837763.9302004767],[4670884.159333082,2837698.3887496134],[4671029.225776086,2837788.3646231373],[4671100.046014433,2837967.8263884904],[4670974.94632593,2838265.615801039],[4670992.372462516,2838483.923082864],[4671124.11633604,2838493.0110822143],[4671298.60791344,2838657.1645061756],[4671428.472516587,2838988.75561194],[4671721.92112401,2839001.343363348],[4671826.78067675,2839121.992443929],[4672405.478900902,2839163.2952779434],[4672605.992436952,2838898.443041775],[4672714.5157351615,2838568.6158019044],[4672872.238611231,2838416.291205052],[4673221.67720315,2838290.470184555],[4673346.909038089,2838329.7958614454],[4673547.116071013,2838717.7660526116],[4673773.597013292,2838835.507810094],[4674020.549449042,2838852.510597075],[4674249.637253015,2838666.623875833],[4674580.943243377,2838811.124665406],[4674821.100449809,2838561.058934883],[4675200.198008833,2838452.9078376205],[4675515.590475482,2838558.865335674],[4675766.992837931,2838520.4444802925],[4676119.698356021,2838224.7473120764],[4676143.428572664,2837914.5522995857],[4676262.376211828,2837789.340991157],[4676660.231475204,2837667.9610771406],[4677182.932772999,2837719.3961352785],[4677565.715075883,2837641.9624286112],[4678118.430736675,2837314.004336163],[4678200.332759625,2837104.173351668],[4678959.565352554,2836457.5350201502],[4678976.371242039,2836353.826802836],[4678814.933998479,2836177.497217919],[4678814.585310258,2836052.346205253],[4678640.793349884,2835948.567111252],[4678669.707786036,2835823.786010465],[4679009.082235539,2835866.684819284],[4679472.721592531,2835709.239609001],[4679819.427222356,2835750.1965801404],[4680303.595770177,2835599.6892300434],[4681054.863236092,2835720.1613227446],[4681411.465820722,2835662.235083616],[4681608.332123677,2835467.65932871]]]}},{"type":"Feature","properties":{"flugjahr":"2012","gebiet":"Steiermark"},"geometry":{"type":"Polygon","coordinates":[[[4604598.92515816,2717839.784707867],[4604313.1551107215,2724354.816533534],[4603063.895160802,2724298.104665752],[4602976.2731642,2726295.2047564243],[4600477.734549679,2726181.832308209],[4600391.039985357,2728157.502023047],[4605077.080133913,2728370.05614787],[4604966.74396774,2728127.7872496736],[4604257.7844627155,2728212.7216310464],[4604055.507133501,2728142.479768809],[4603130.631524644,2728125.5120380213],[4602540.974264866,2727797.486549007],[4602633.905055072,2727574.4959752965],[4603111.799589533,2727915.4611250944],[4603659.535889282,2727943.3268219884],[4605295.270667179,2727809.4023428503],[4605585.9935972,2727690.491008568],[4605905.202720752,2727538.8444089033],[4606491.888305641,2726884.885260546],[4606627.679001545,2726552.747451621],[4606858.90411359,2726282.996860197],[4606912.029782014,2725917.075859267],[4607175.457034575,2725552.6996254297],[4607700.9983509295,2725082.120311384],[4608466.126295999,2725109.8686920363],[4609474.09537084,2724512.0964070424],[4610207.557235514,2724257.1971342433],[4610469.433017084,2724658.4575968864],[4610358.009277001,2725028.7378288736],[4609733.105478368,2725480.7562422166],[4609239.218755739,2725458.2977830106],[4608646.266964512,2725661.5562722594],[4608257.815487575,2725701.9584379196],[4607739.728351534,2725660.404997353],[4607310.103306359,2726068.278869443],[4606872.629988706,2726997.2704535173],[4606227.2575477455,2727892.787527407],[4605762.923824802,2728109.899963591],[4605794.717841008,2728402.696668553],[4621976.417528647,2729127.653125395],[4622522.203961387,2720876.00544649],[4622341.597956457,2720769.9153924184],[4622537.230925692,2720645.668582375],[4622585.955153103,2719901.8452800494],[4622363.595317051,2719868.7209137836],[4622338.430848077,2719802.9516471187],[4622374.157180124,2719688.2302934052],[4622587.832988938,2719801.0663136663],[4622766.477895624,2717057.9720476083],[4617838.2734411955,2716721.382329665],[4617782.595249548,2716668.733797627],[4617908.250631665,2714732.376222966],[4614808.405071667,2714497.518267134],[4614842.690325106,2713691.6380639095],[4614811.029082939,2713650.4051612616],[4614730.612416095,2713737.3079761597],[4614605.24435078,2713500.6082128896],[4614522.831993621,2713562.8288390543],[4614446.397679685,2713488.3936835313],[4613625.6581320325,2713416.7523360066],[4613721.42215456,2711640.206659665],[4613607.106469807,2711588.659521462],[4613563.279385588,2711426.670719084],[4609624.060587235,2711160.094832921],[4609182.963086819,2717644.601695551],[4606269.037716264,2717450.4566768585],[4606194.140923719,2717501.913450173],[4606172.818011969,2717826.3960349928],[4605973.554412657,2717926.0108211595],[4604598.92515816,2717839.784707867]]]}},{"type":"Feature","properties":{"flugjahr":"2018","gebiet":"Ober\u00f6sterreich"},"geometry":{"type":"Polygon","coordinates":[[[4638192.843084331,2750913.8560612765],[4637531.402254824,2765892.7927136025],[4676246.687747428,2767668.32976914],[4676256.732645058,2767441.2476533065],[4675422.280065511,2767370.2577343155],[4675853.988638928,2766495.270353538],[4676296.68816884,2766217.4827527143],[4676430.3987266235,2765896.4281667694],[4676791.055164985,2765557.822678608],[4676748.712571951,2765142.644437043],[4677395.849437099,2764495.1427252963],[4677830.951184219,2763678.831365435],[4677600.267746116,2763201.6417934247],[4677602.386671012,2763009.38764206],[4677439.363588974,2762892.896943787],[4677396.866921153,2762646.1924124174],[4677097.249249889,2762363.0351086413],[4676897.617566119,2761945.133317304],[4676519.061754411,2761688.308985746],[4676154.4962364845,2761651.495670836],[4675225.732585974,2761362.392935775],[4674883.380937575,2760940.4251251565],[4674349.42432984,2760786.893411152],[4674190.484614267,2760487.839779393],[4673789.790528155,2760229.0947840144],[4673428.287327088,2759789.596279561],[4673546.478258709,2759296.401085484],[4674327.411624916,2759103.2336410647],[4674612.217604868,2758804.0338623016],[4674475.496704749,2758577.4629092338],[4674358.408134878,2758557.0546616665],[4674375.7512892345,2758135.0357869365],[4674511.911096063,2757803.849373771],[4674236.287488594,2757463.3834014367],[4674061.800628351,2757370.3326742183],[4673615.572597987,2756738.615738655],[4673597.846948485,2756383.9880995112],[4673772.2264833,2755886.2173140063],[4673884.519018548,2755702.371678222],[4674597.53534848,2755289.1011365578],[4674884.512776447,2754916.1985160913],[4675381.607618645,2754730.0306780976],[4675305.902446197,2754354.993090385],[4675388.038311679,2754174.7983586383],[4675151.001683386,2754080.1577844447],[4674914.513297635,2753756.9423588337],[4674404.281628144,2753483.222868582],[4673985.74896818,2753080.4679602487],[4674222.036085911,2752565.6302543576],[4638192.843084331,2750913.8560612765]],[[4675250.647481442,2767354.967143461],[4675277.070056825,2767357.9043021905],[4675250.029917614,2767355.603988008],[4675250.647481442,2767354.967143461]]]}},{"type":"Feature","properties":{"flugjahr":"2011-2012","gebiet":"Nieder\u00f6sterreich"},"geometry":{"type":"Polygon","coordinates":[[[4768935.367693554,2834572.898705997],[4808683.41119337,2837997.4146687393],[4808791.3048595395,2837907.15542258],[4816162.494558524,2838543.4331067083],[4818582.78023704,2809739.6366869393],[4806538.18253543,2808703.2154856427],[4806383.867368671,2808934.658485593],[4806479.344940554,2809433.1119760377],[4806819.3014368275,2810226.6816396327],[4806951.56379931,2810745.8776651016],[4806950.450663441,2811545.335389292],[4807232.143682959,2813311.854022726],[4806858.180297953,2813424.731326769],[4806861.305719102,2813694.4335005595],[4806209.806250212,2813652.4610249274],[4806338.578552735,2814957.5760166314],[4806575.5594254015,2815934.9354364607],[4805941.723103454,2816013.279120953],[4805545.910553363,2815832.9966719546],[4805523.2566131195,2815742.205449336],[4805342.574005209,2815761.9855665574],[4804626.140591742,2815940.4462679084],[4804478.01664678,2816193.2118605976],[4804006.875020212,2816248.0187553624],[4804065.264595206,2816610.076780806],[4803494.829418606,2816846.211441487],[4803726.848817572,2817529.029354673],[4803882.128607331,2817763.5731147737],[4803976.20955891,2818227.8393009575],[4803840.713102729,2818295.571706562],[4803847.539052641,2818390.5935416217],[4802549.574249546,2818801.7318371814],[4802558.648389727,2818872.1486210595],[4801431.478827233,2818872.1824719417],[4801448.753449384,2818436.9785596444],[4801719.981995434,2817384.154815338],[4801614.695482834,2816662.879074548],[4800916.552803042,2816937.031782161],[4798421.686802575,2818444.587462623],[4798302.406016676,2819722.407165043],[4798088.301467443,2820362.1329070167],[4797990.455237197,2821185.884109452],[4796987.413644635,2821656.813063145],[4796615.887698607,2821718.1222047666],[4796102.861093932,2821562.851433165],[4795485.550348347,2821236.169823709],[4795414.571401462,2820969.1210172],[4794745.231324267,2821183.976039502],[4794817.369575493,2821280.539396592],[4794790.070469916,2821548.897245433],[4794488.557639668,2821499.2284715385],[4794513.399149942,2821342.268344934],[4794334.933417369,2821338.4275178686],[4794344.270920194,2821264.4931813916],[4794435.741051435,2821265.5220954344],[4794395.522524473,2821126.532923396],[4794117.936609507,2821157.2158215065],[4793845.312335379,2820855.8272965476],[4793803.112275857,2820381.0508585465],[4793966.684484372,2820239.066812783],[4794093.793161714,2819781.76883505],[4794060.818310356,2819575.306580647],[4794193.268670829,2819408.9326664913],[4794150.454073894,2819277.7243425753],[4794319.17577066,2819185.968235048],[4794202.5897578625,2819123.831953688],[4793845.247562167,2819158.32354364],[4793624.830816357,2818539.123277553],[4793602.014185553,2818463.263141147],[4793888.678102981,2817995.817818341],[4793842.203501272,2817658.538465071],[4793061.744034,2817423.6783138313],[4793101.352706376,2817083.760614777],[4793356.513591078,2816862.7400240134],[4793093.421872302,2816769.0728533277],[4792805.134093901,2816881.7559104133],[4792069.337262123,2816982.4511121945],[4791613.36200493,2817692.273674455],[4791125.2221924625,2817482.582914561],[4791430.989003789,2817122.754686262],[4790847.438091273,2816660.402635945],[4790520.582301434,2816523.35331453],[4790403.751633258,2816170.3655437483],[4790310.666479242,2816095.671400039],[4789701.32821738,2816157.25883918],[4789500.081300269,2816010.8172318866],[4789286.472774518,2815651.0905202543],[4789066.196571916,2815624.3571289065],[4788662.182024053,2815348.0698941983],[4788248.072437413,2815482.728014608],[4788025.737731436,2815320.6567624686],[4787809.245550892,2815318.870725523],[4787439.3079491425,2815110.5090678153],[4787248.564790565,2814675.938335596],[4787633.202664562,2814696.0444924408],[4787855.623543939,2814405.338371775],[4787732.336756101,2814205.9421732663],[4787391.665304184,2813967.8219474247],[4787218.035380872,2813687.3885318884],[4786846.704563379,2813507.8527066335],[4786554.0291561,2813523.867291884],[4786070.505323887,2813244.3939059656],[4785729.794615004,2813220.644115475],[4786130.966075492,2813146.7161387163],[4786221.478195238,2812925.119448694],[4785831.403156802,2812590.2973999246],[4785879.838655359,2812488.5920407763],[4785777.356866293,2812323.323570426],[4785579.240887873,2812158.24527642],[4785396.571317171,2812166.22700778],[4785300.229002338,2811850.46491918],[4785306.024983899,2811516.64003646],[4784827.041125761,2811510.770333382],[4784581.9048005305,2811352.7770467433],[4784204.920362108,2811250.91226173],[4783941.09037286,2811449.1457168544],[4783857.374597738,2811705.3255552514],[4784073.030024421,2812353.3336227606],[4783540.281900798,2812514.1094629033],[4782535.142746301,2813313.691686136],[4782009.174664813,2813462.4090029593],[4781998.398252328,2813568.3590742527],[4781540.0006722165,2813901.0784966657],[4781305.480394472,2813646.4138415344],[4781304.882323037,2813264.061676676],[4781390.653478077,2812996.475030024],[4781033.603377018,2812701.323624835],[4780739.735641536,2812178.6670807377],[4780768.807807896,2811990.4767748886],[4780615.16609258,2811482.4025922143],[4780707.422965866,2810957.1888740836],[4780601.761806606,2810755.251046835],[4780694.796677392,2810499.302826737],[4771026.310385799,2809659.564611249],[4768935.367693554,2834572.898705997]]]}},{"type":"Feature","properties":{"flugjahr":"2006","gebiet":"K\u00e4rnten"},"geometry":{"type":"Polygon","coordinates":[[[4688305.2111726925,2651016.8095415113],[4681642.871238488,2657266.0403646836],[4683435.645087183,2658860.6013837396],[4689012.1502903085,2655803.2131788703],[4690840.813361818,2651599.0608149604],[4691346.975314539,2650343.1741387676],[4691312.318690264,2650138.0533887884],[4690609.350215932,2649278.8102788213],[4689471.36597256,2649311.6188522605],[4688305.2111726925,2651016.8095415113]]]}},{"type":"Feature","properties":{"flugjahr":"2008","gebiet":"K\u00e4rnten"},"geometry":{"type":"Polygon","coordinates":[[[4581516.868755625,2615745.710694315],[4576516.825862177,2615457.395185298],[4576287.809602314,2620578.825767297],[4574268.313279884,2619806.006147914],[4573382.21311968,2619984.090218443],[4572842.695855032,2620719.75287795],[4571269.345569176,2620800.280926621],[4570059.525239049,2621789.419704417],[4569294.233420959,2621902.56259096],[4568703.718017496,2621718.6158127114],[4567286.542858376,2621892.1643538987],[4567088.11109755,2622639.1236625873],[4566179.373637489,2622598.338484319],[4566136.948881691,2623465.1485944423],[4565129.446202349,2624040.037542929],[4564953.2155713355,2625047.0405221414],[4566037.743661799,2625754.113847625],[4566017.8918344285,2626211.9112929455],[4567568.57366279,2626399.9996605595],[4567421.919644304,2626724.3674119413],[4567626.74769577,2627664.086894573],[4568084.646688343,2627684.662398369],[4569786.985427848,2627271.898806216],[4571003.176256778,2626802.7326329807],[4571660.45791338,2625855.6613895083],[4572139.865081656,2625502.115011202],[4573222.76444772,2625462.706664457],[4574019.074802908,2625983.250317233],[4574200.764090212,2625881.5404591397],[4574510.502922609,2625873.3954413435],[4575347.481739482,2624918.1734290784],[4576117.367381368,2624372.1607508347],[4576681.291986126,2624227.9935835577],[4578205.796852174,2623139.4965066845],[4579094.7294542305,2623608.100780793],[4579675.481915848,2623204.861406792],[4581180.403266609,2623272.6181818447],[4581516.868755625,2615745.710694315]]]}},{"type":"Feature","properties":{"flugjahr":"2007","gebiet":"K\u00e4rnten"},"geometry":{"type":"Polygon","coordinates":[[[4606161.878764357,2624402.5528977076],[4606886.625691168,2608253.8915886264],[4606705.770202803,2608287.222045251],[4606242.79458616,2608157.644341534],[4606112.639457238,2608205.7793529727],[4605728.261778604,2607962.198935305],[4605477.572976761,2607956.562671267],[4605263.852694318,2608100.0010136827],[4604927.666764046,2608176.277916024],[4604632.392855127,2608087.033885471],[4604392.976568572,2607898.305661926],[4604123.447014671,2607977.872722665],[4603567.592811593,2607933.5673999414],[4603440.215135743,2608050.523351703],[4602996.437627064,2608066.2943217815],[4602841.4843133055,2608253.775693262],[4602712.177093919,2608267.3763068705],[4602489.7342153415,2608447.014768904],[4601894.288896586,2608515.784187596],[4601842.627654501,2608692.881450027],[4600905.270890831,2609065.8083258006],[4600636.563916137,2609007.626231157],[4600450.9557017805,2609235.923944416],[4599753.64841435,2609598.478417718],[4599440.331412223,2609914.655417158],[4598822.453130384,2610011.443872867],[4598350.483730724,2609987.863069559],[4598098.602079768,2610103.9800247373],[4597368.731935095,2610014.405221359],[4597074.185037671,2610283.931140708],[4596659.337930134,2610316.7579263085],[4596555.199663594,2610189.105356032],[4596296.429463177,2610123.018250696],[4596044.519945568,2609797.8044522973],[4595997.04468845,2609564.516896012],[4595615.51774612,2609378.2221572697],[4595080.23604057,2609427.061984372],[4594950.918064635,2609513.636048235],[4594993.087031156,2609662.1007214235],[4594854.808116509,2610265.960742011],[4594701.894638215,2610431.0098062633],[4594520.83953552,2610487.303085487],[4594462.441200968,2610756.7949322048],[4594249.23918607,2610836.900834675],[4593988.708926472,2610753.8364239982],[4593097.955280786,2610973.9058254156],[4592838.205589062,2610960.4993787613],[4592579.465474225,2610867.2085074927],[4592516.971179043,2610700.714737517],[4592260.345546484,2610493.7053021453],[4591860.515587275,2610440.5577920647],[4591125.996865918,2610133.699638078],[4590736.752802368,2610306.95148387],[4590488.788349728,2610691.427084757],[4590441.036232443,2611047.271713927],[4589968.874601914,2611081.9917019145],[4590080.970983061,2611549.5217781747],[4589829.326038404,2612229.616779708],[4589428.934132123,2612162.13667453],[4589168.414523443,2611982.1100540906],[4589100.909523028,2613629.5227965615],[4591606.956839756,2613740.9384985385],[4591506.5929990485,2616236.793355539],[4593997.596526331,2616349.2678304138],[4593589.223160531,2623832.139498189],[4606161.878764357,2624402.5528977076]]]}},{"type":"Feature","properties":{"flugjahr":"DTM:2019, DSM:2010","gebiet":"Steiermark"},"geometry":{"type":"Polygon","coordinates":[[[4740356.375118351,2685172.874040615],[4740407.852015572,2685120.694348761],[4740436.9910522215,2684793.4875412798],[4740356.375118351,2685172.874040615]]]}},{"type":"Feature","properties":{"flugjahr":"2010","gebiet":"Steiermark"},"geometry":{"type":"Polygon","coordinates":[[[4775084.373398189,2715694.8594257124],[4773622.602713266,2717037.368586247],[4770990.390533691,2718967.6750051584],[4769227.218107021,2720406.0588453007],[4768204.194147294,2720876.706781558],[4775370.8726462945,2721363.804285367],[4775825.4038552735,2715798.485201809],[4775084.373398189,2715694.8594257124]]]}},{"type":"Feature","properties":{"flugjahr":"2010","gebiet":"Steiermark"},"geometry":{"type":"Polygon","coordinates":[[[4691025.792300114,2695285.1390098473],[4692267.469337187,2694101.7271044543],[4692908.71420512,2694280.4186204174],[4693432.637905108,2695716.9694107305],[4693205.960028257,2695859.886842328],[4693138.13945838,2697618.135935962],[4695962.52093659,2697876.3300624145],[4696013.293794556,2697826.9823991284],[4697018.838309717,2685467.148769276],[4690697.27239496,2685047.0186678227],[4690624.453754511,2685992.8979170932],[4690561.115044878,2686035.148077783],[4683185.04387207,2685537.3822868965],[4683134.473009064,2685491.181720089],[4683232.624770213,2683988.4898054646],[4682707.1897688955,2684647.977446329],[4682905.770805153,2685533.9160946733],[4683553.191553998,2686190.2780849915],[4682539.255879298,2686924.35767561],[4681840.206196181,2686577.9332264727],[4681265.479670893,2686480.44452781],[4680337.909522691,2684218.7667302685],[4679498.96062669,2683110.2709731846],[4679429.08716797,2682738.7413586657],[4680030.492897593,2681678.399351452],[4679982.877111558,2680958.578046277],[4680104.444459183,2680012.326250642],[4679995.968205573,2679469.8733734447],[4679767.913636473,2679256.2206790107],[4678965.857402264,2678951.155236441],[4678270.480996679,2678191.2201804994],[4677745.900356018,2678155.9132091296],[4677667.461169644,2678216.1201033546],[4677500.3130937135,2678140.522161198],[4677395.679136519,2678207.891154153],[4677347.045400799,2678133.2452264233],[4677315.299171426,2678602.5366348266],[4678560.048918885,2678715.82613846],[4678546.36475626,2678948.082050423],[4678353.646496693,2678953.0474181017],[4678541.240522478,2679029.2184462957],[4678511.2538378285,2679488.7827195064],[4678195.103169207,2679542.49278647],[4678259.16365275,2679645.7007720126],[4678462.55956615,2679606.245739886],[4678498.534066553,2679683.676232568],[4678366.001647049,2681714.145800541],[4678353.713774312,2681773.696812681],[4678239.018656862,2681762.568262983],[4678333.564742787,2682210.930055767],[4678224.430553553,2683879.44590116],[4678175.063114668,2683819.4508419624],[4678042.162730019,2683852.642122805],[4678093.325817787,2684143.8028898905],[4678031.019290709,2684180.8142196303],[4677371.515928608,2684137.232517971],[4677235.106990193,2684023.8047642843],[4676809.495524088,2684104.058928941],[4676460.814424957,2683981.2802213677],[4675991.8972575525,2684050.216921164],[4657610.007727713,2682800.841144885],[4657830.8729415005,2679372.2008897197],[4657211.9322999865,2679249.7811087538],[4657308.923768509,2677778.0044818446],[4657404.17153213,2677730.5724709174],[4657463.405675108,2677108.2488293876],[4657574.018991257,2676860.7632427993],[4657512.42223581,2675977.359531339],[4657624.364196993,2675452.057702533],[4657510.670061013,2675018.84044058],[4657627.367921894,2674759.452017189],[4657552.405747113,2674240.836778711],[4657668.266891831,2673348.187545265],[4657612.903107713,2673103.6100510685],[4657753.74290035,2670298.176301127],[4653447.288853067,2670020.63924585],[4653007.975638583,2676419.744770851],[4653054.532359288,2676495.4675928825],[4653621.270758813,2676534.7705973727],[4653534.882425473,2677952.1714452244],[4653470.424670716,2678026.427216384],[4643543.961241983,2677351.6460691746],[4642895.68060439,2687327.9945357945],[4652977.862219669,2688013.8223417704],[4653275.019497065,2687936.2097806507],[4653471.946318,2688023.0248336666],[4654042.585736927,2688045.700834362],[4654172.765350508,2687961.842856117],[4654625.58538555,2687948.986185557],[4655463.136087703,2688180.411282681],[4656002.406905166,2688173.4243778093],[4655741.167123651,2692215.1297998303],[4663897.433947558,2692756.5212089885],[4664485.467179907,2692672.293484373],[4664506.778230301,2692346.7261481155],[4664569.939390373,2692300.6866609445],[4683247.273122267,2693570.4752827412],[4683279.88669413,2692927.7166860327],[4687265.982080247,2693110.675953619],[4687244.95835332,2695095.1046907124],[4691025.792300114,2695285.1390098473]]]}},{"type":"Feature","properties":{"flugjahr":"2010","gebiet":"Steiermark"},"geometry":{"type":"Polygon","coordinates":[[[4683363.007987084,2681992.0534350025],[4683360.893256158,2681757.7807010263],[4683318.966506414,2681790.1500153877],[4683382.61740064,2681690.917545696],[4683573.564508923,2678767.0650181435],[4683493.515988142,2678546.3176861852],[4683388.094692667,2678592.5968354726],[4683325.237507225,2678531.8629432134],[4682476.981123377,2678479.7417431315],[4682200.046559143,2678527.474911526],[4681512.333780751,2678409.7975131026],[4681147.04565208,2678475.869737074],[4680213.6366377175,2678322.1207421483],[4679044.800842966,2678243.382654437],[4679617.138610764,2678398.559283292],[4680015.514019155,2678886.2632941497],[4680546.539041902,2679089.8192293425],[4680712.596199359,2679506.8071114477],[4681093.467994862,2679799.559038597],[4680983.022985541,2680743.312071072],[4681557.147937613,2682729.4282726953],[4682109.257485826,2682748.804653667],[4683363.007987084,2681992.0534350025]]]}},{"type":"Feature","properties":{"flugjahr":"2009","gebiet":"Nieder\u00f6sterreich"},"geometry":{"type":"MultiPolygon","coordinates":[[[[4712372.538114912,2756438.6404666468],[4712382.048540682,2756445.114127706],[4712426.881791729,2756452.9166509314],[4712372.538114912,2756438.6404666468]]],[[[4711609.439289089,2755782.3864237336],[4711607.601057953,2755775.7563264314],[4711665.194274027,2755909.230689719],[4711609.439289089,2755782.3864237336]]],[[[4711600.327131,2755749.521487291],[4711618.078283201,2755725.356988033],[4711606.978619604,2755773.51132894],[4711600.327131,2755749.521487291]]],[[[4711584.152725295,2755639.805398027],[4711591.149898217,2755654.764325077],[4711600.176394865,2755657.3640656034],[4711584.152725295,2755639.805398027]]],[[[4711329.342129334,2755562.911286227],[4711338.440419283,2755567.991578529],[4711390.489632549,2755572.283765492],[4711329.342129334,2755562.911286227]]],[[[4711241.821646615,2755494.7027428653],[4711320.240074319,2755557.828893764],[4711329.337831671,2755562.908886506],[4711241.821646615,2755494.7027428653]]],[[[4711202.450993715,2755485.230194116],[4711210.559845739,2755493.642439818],[4711241.797287888,2755494.685857828],[4711202.450993715,2755485.230194116]]],[[[4711206.038676925,2755416.320422551],[4711194.34029917,2755476.81604404],[4711202.450463492,2755485.2296440545],[4711206.038676925,2755416.320422551]]],[[[4711107.804473599,2755210.4167448],[4711101.729124867,2755172.890290573],[4711114.660722514,2755225.7949957694],[4711107.804473599,2755210.4167448]]],[[[4711093.4087288985,2755109.012641098],[4711115.523994264,2755017.980047318],[4711105.805308869,2755117.3278008765],[4711093.4087288985,2755109.012641098]]],[[[4711012.849761149,2754693.0182756763],[4711100.653245501,2754603.790459513],[4711004.978117317,2754686.133485225],[4711059.765170257,2754745.812917706],[4711012.849761149,2754693.0182756763]]],[[[4711067.218131496,2753322.8144730944],[4710916.684865789,2753329.372228603],[4710908.283724548,2753332.5778468233],[4711067.218131496,2753322.8144730944]]],[[[4711328.423064967,2752833.7580317548],[4711387.629018491,2752796.614339861],[4711311.0180152,2752869.1855996433],[4711328.423064967,2752833.7580317548]]],[[[4711207.742530957,2752222.2587170787],[4711054.829987195,2752003.442562771],[4711260.259788792,2752254.582042807],[4711207.742530957,2752222.2587170787]]],[[[4710977.5922400635,2751843.7916543856],[4710976.236599868,2751839.5546275605],[4711054.826032737,2752003.4345288007],[4710977.5922400635,2751843.7916543856]]],[[[4708137.691507004,2751593.7750195274],[4708139.690874213,2751593.838069334],[4708409.961451067,2751334.2317116433],[4708137.691507004,2751593.7750195274]]],[[[4706862.0654402375,2751701.708726302],[4706793.745858632,2751688.5346762473],[4706966.601648605,2751649.7161773033],[4706862.0654402375,2751701.708726302]]],[[[4702570.71353239,2749570.0428954833],[4702569.1940722875,2749576.5891563],[4702656.612721472,2749593.9853053032],[4702570.71353239,2749570.0428954833]]],[[[4702165.202410662,2749658.5010134624],[4702023.999761347,2749659.057756364],[4702167.200704652,2749660.319055737],[4702200.267568096,2749572.321752939],[4702165.202410662,2749658.5010134624]]],[[[4701793.178625657,2749661.8053686926],[4701796.068722037,2749662.726030245],[4701858.380489379,2749661.2272893353],[4701793.178625657,2749661.8053686926]]],[[[4701712.629073633,2749634.3964230334],[4701724.626266839,2749639.961893877],[4701793.14351487,2749661.7941838936],[4701712.629073633,2749634.3964230334]]],[[[4701399.1063506855,2749549.3422499076],[4701404.7614409495,2749550.3295120955],[4701406.262402966,2749550.4171913345],[4701399.1063506855,2749549.3422499076]]],[[[4701301.254999932,2749584.362098833],[4701309.095177612,2749580.7283212426],[4701313.988365965,2749575.539387986],[4701301.254999932,2749584.362098833]]],[[[4701272.762835683,2749590.074806006],[4701293.405712633,2749588.0000994657],[4701301.246964285,2749584.365823207],[4701272.762835683,2749590.074806006]]],[[[4701241.577435179,2749582.6844545314],[4701266.349990601,2749589.900307942],[4701272.754995609,2749590.0745926714],[4701241.577435179,2749582.6844545314]]],[[[4701204.648722203,2749569.5056617428],[4701210.918515356,2749573.734815463],[4701241.545645986,2749582.6759328726],[4701204.648722203,2749569.5056617428]]],[[[4701186.192193843,2749547.896638073],[4701198.374180358,2749565.273304962],[4701204.64534075,2749569.5033808583],[4701186.192193843,2749547.896638073]]],[[[4700694.604756809,2749453.1797939497],[4700704.142893083,2749450.487811835],[4700742.070917071,2749432.351284135],[4700694.604756809,2749453.1797939497]]],[[[4700622.611911335,2749461.1592907314],[4700632.624670129,2749462.2971917205],[4700663.262399275,2749462.018468687],[4700622.611911335,2749461.1592907314]]],[[[4700593.322444382,2749450.0147584598],[4700612.580604968,2749460.019296726],[4700622.599781622,2749461.1579122534],[4700593.322444382,2749450.0147584598]]],[[[4700114.458483402,2749312.9633544004],[4700165.956646536,2749300.377303686],[4700169.0089625595,2749299.445657555],[4700114.458483402,2749312.9633544004]]],[[[4700064.803111877,2749321.1352659846],[4700027.18399964,2749359.688959425],[4700075.237782686,2749324.971856103],[4700064.803111877,2749321.1352659846]]],[[[4697924.476227518,2750448.6066339156],[4697997.301462254,2750491.516831115],[4698006.052495044,2750487.399715816],[4697924.476227518,2750448.6066339156]]],[[[4695682.022111775,2749087.7771396167],[4695787.541172339,2749160.528607624],[4695789.908256665,2749162.0826975983],[4695682.022111775,2749087.7771396167]]],[[[4692687.725242582,2748111.8225824023],[4692691.08545645,2748121.323340596],[4692739.180212552,2748161.899395604],[4692687.725242582,2748111.8225824023]]],[[[4690865.7912229635,2745747.172801204],[4690871.944472378,2745867.269711972],[4690872.6501446925,2745870.0852049473],[4690865.7912229635,2745747.172801204]]],[[[4690345.023739481,2745313.1871540486],[4690356.513837976,2745313.947809372],[4690466.429343963,2745316.628737912],[4690345.023739481,2745313.1871540486]]],[[[4689086.321923485,2745162.2676960435],[4689092.717587548,2745161.434465036],[4689170.202120082,2745149.2514995486],[4689086.321923485,2745162.2676960435]]]]}},{"type":"Feature","properties":{"flugjahr":"2011","gebiet":"Steiermark"},"geometry":{"type":"Polygon","coordinates":[[[4689170.202120082,2745149.2514995486],[4689372.6987499455,2745218.412703603],[4689597.5285216905,2745065.197865463],[4689753.241665148,2745273.9918902484],[4690702.838959495,2745322.3954129317],[4690857.2520417655,2745580.5250651794],[4690925.455604733,2746080.67878181],[4691232.684824069,2746254.0790027366],[4691299.39875295,2746461.5599442217],[4691545.3787174225,2746635.2865583487],[4691743.471252523,2746903.500130423],[4691689.398743747,2747077.8943562936],[4691972.612857885,2747305.935983995],[4692357.448343148,2747908.467807323],[4692841.508710447,2748248.2280358854],[4693497.193285787,2748475.0582551886],[4693509.160722337,2748761.672724399],[4693839.873427695,2749204.652849159],[4694242.207950872,2749135.6913680774],[4694603.252048028,2748925.9644716294],[4694881.9831231255,2748887.5085242866],[4695681.14850456,2749087.1748207393],[4696106.408987287,2749417.545527062],[4696602.737451416,2749540.423627279],[4697444.627935384,2749928.248498795],[4697566.928177709,2750088.0435691704],[4697747.9543708665,2750157.545123233],[4698006.052495044,2750487.399715816],[4698404.264513396,2750532.2138413447],[4700065.5286123045,2749309.2339077834],[4700270.031353067,2749278.938888629],[4700622.611911335,2749461.1592907314],[4701031.173059531,2749350.769694255],[4701204.648722203,2749569.5056617428],[4701442.257193824,2749552.516509824],[4701793.178625657,2749661.8053686926],[4702568.314804205,2749562.1230679015],[4703206.880002099,2749804.971747458],[4703874.255913364,2749900.841790919],[4705000.320296576,2750289.0474857083],[4705282.149792924,2750270.070914635],[4705587.718934142,2750408.0138371596],[4705732.105821842,2750655.3210055074],[4705539.5570138665,2751052.0495627346],[4705710.364329918,2751060.2932373],[4705856.107859453,2751631.617947554],[4706172.285652589,2752036.7665327555],[4706251.578098444,2752031.8279394535],[4706607.689254686,2751610.932257439],[4706862.0654402375,2751701.708726302],[4707135.083284473,2751687.082168605],[4707255.757808982,2751779.8000929],[4707357.533968045,2751713.680193476],[4707622.929784206,2751731.140722215],[4707658.01297378,2751805.173142304],[4707999.842828334,2751589.443915479],[4708137.691507004,2751593.7750195274],[4708410.107676367,2751334.091261639],[4708865.206801864,2751597.0763898888],[4709491.722947849,2751744.141365429],[4709544.141932948,2751664.618944822],[4710132.270453846,2751732.871426321],[4710719.142296286,2751462.5368029247],[4710811.642159923,2751508.818193327],[4710823.219544549,2751685.597023817],[4711303.324287533,2752272.3017266947],[4711470.643629954,2752596.1129641146],[4711464.766629341,2752742.380286662],[4711328.423314393,2752833.758383532],[4711245.857087783,2753029.3058398296],[4711404.990967901,2753236.7676666337],[4711240.756196414,2753411.1718985457],[4711067.218313659,2753322.814882042],[4710805.927050054,2753371.627363667],[4710665.366369326,2753868.438387551],[4711069.340330687,2754197.086165103],[4711002.574597943,2754432.9659834956],[4711100.653196538,2754603.790313089],[4711012.849761149,2754693.0182756763],[4711092.200700813,2754788.350851509],[4711113.7236433,2755322.535837575],[4711202.450728604,2755485.2299190853],[4711609.314981524,2755663.3180558607],[4711659.7568078125,2756188.298338312],[4711735.906657917,2756281.6487414525],[4711975.765533638,2756265.546428232],[4712984.462025082,2756679.0743873767],[4713925.776047563,2756435.4482571883],[4714330.9248239,2756158.341221039],[4714786.717429057,2756058.2487499905],[4714814.443294618,2756166.723586509],[4715143.222561339,2756243.8537456887],[4716583.950294859,2756110.189471139],[4716844.240249949,2755992.5983122922],[4717003.442565682,2756005.4303452303],[4717249.172574297,2756370.6327175503],[4717159.163471025,2756637.583050556],[4717169.536112826,2756813.484732962],[4717268.359516344,2756893.965039496],[4717240.991734415,2757024.845152892],[4717361.407802215,2757113.07798213],[4717454.514219663,2757077.0029151347],[4717521.6037831,2757188.946609009],[4717486.873276531,2757766.9405293395],[4717387.309685145,2757825.88976915],[4717272.571352521,2758191.136589374],[4717378.642042445,2758216.486648188],[4717461.449579297,2758508.6732107294],[4717394.606699433,2758562.332552983],[4717521.385545919,2758722.225411857],[4717541.924071555,2758957.8082091985],[4717467.383199456,2759062.981983812],[4717629.747139807,2759306.575826292],[4717615.16799653,2759435.233822493],[4717931.929338651,2759532.4555726275],[4718337.129336559,2759416.3835170744],[4718586.206297143,2759735.910607437],[4718746.835292514,2759688.0581028652],[4718946.852093531,2759793.8511651456],[4719233.546586895,2759607.8112313617],[4719487.706345119,2759605.6356324684],[4719691.507252095,2759759.6768078613],[4720157.205324048,2760375.2051173598],[4720709.107284542,2760467.0805411544],[4721035.311959287,2760245.8824984487],[4721740.066989959,2760403.6977445846],[4722118.122647581,2760337.4626894994],[4722232.542259424,2760246.768701204],[4722238.567642677,2760125.618327274],[4722512.775323534,2760279.1575721605],[4722843.732223606,2760253.4793360545],[4723288.979975568,2760373.494339326],[4723319.067424102,2760252.7198497257],[4723643.090846793,2760196.295706931],[4724311.166223708,2759577.2635090393],[4724526.916929305,2759504.2081146715],[4724601.888369025,2759082.2101108017],[4724776.456259043,2759194.4941321905],[4724933.585238218,2759150.503911417],[4724900.369002169,2759216.860835792],[4724982.25399469,2759258.6726434003],[4725227.094728619,2759212.450280493],[4725328.9001396615,2759340.683463116],[4725708.077074306,2759157.3488914147],[4725597.460678891,2758853.843570876],[4725686.458369781,2758277.1717173443],[4725589.625157283,2757763.7646349748],[4726263.041630377,2756077.392337353],[4726464.947347721,2756043.8119461923],[4726637.9486033395,2756129.490357451],[4727153.027028901,2756170.0170128266],[4727552.041620906,2756659.0126983654],[4727871.585455248,2756808.6199298366],[4727922.95143101,2756952.862251187],[4728323.38742028,2756899.4606404756],[4728450.432196435,2756809.308759082],[4728545.594034827,2756340.4659746815],[4729311.442311033,2754955.71887187],[4729653.136442498,2755003.2441734583],[4730155.929279657,2754685.5270697074],[4730387.638140435,2754830.5317996484],[4730763.004791834,2754901.0237455117],[4731402.075536477,2754852.547911741],[4731910.35752931,2754918.9770133607],[4732460.726353724,2754690.389901066],[4732754.842029846,2754813.2895843536],[4733151.723126657,2754750.9157826905],[4733249.632912367,2754821.798811721],[4733875.881762624,2754613.3444408644],[4734101.738392558,2754365.0388224986],[4734341.8816732,2754253.484745825],[4734388.002830233,2754117.4730666257],[4734395.770894276,2753744.2723497995],[4734265.496446976,2753651.9750408945],[4734261.1446377,2753396.5485001486],[4733847.6238256525,2753097.1532859737],[4734311.531427611,2752399.037516601],[4734503.364010092,2752444.6741168243],[4734631.726186235,2752377.746973427],[4734810.870144881,2752574.332738023],[4735409.758121575,2752415.102302773],[4735900.895781917,2752578.3769797566],[4736080.786648063,2752721.3893507263],[4736210.037149199,2752696.899401675],[4737076.004166147,2752947.343334567],[4737229.587776044,2752853.05861455],[4737301.222134872,2752633.2726195017],[4737856.136703622,2752555.408192503],[4738144.244966691,2752873.1668408643],[4738644.1890185075,2753087.357941662],[4739659.278899169,2753048.127085953],[4740828.805882861,2753470.200456341],[4741296.241417222,2753552.4561596583],[4741568.943081517,2753459.906331087],[4741701.729003555,2752998.713422231],[4741896.877949051,2753009.324916565],[4742131.363688155,2752490.8386164256],[4742239.338479502,2752426.9803322777],[4742313.4125252245,2752109.1318493844],[4742236.46921058,2751984.102828542],[4742497.192214849,2751874.223305228],[4742662.971883581,2751467.6444227514],[4742957.043249661,2751194.7070528716],[4743074.737144642,2750939.908980891],[4743088.9829763,2750591.6514386777],[4743418.515886646,2750216.8684003726],[4743685.363948582,2749646.8587931185],[4744114.461312658,2749913.1471608104],[4744360.7757900525,2749852.1179611045],[4744870.085321772,2749971.7426537476],[4744989.85994581,2749823.769425358],[4745670.27987109,2749414.9356123335],[4746305.619786717,2749233.281727626],[4747022.066642026,2748071.4496651674],[4747345.745449347,2748316.6101405565],[4747665.542858673,2748722.924376794],[4747826.289725908,2748731.8700388228],[4747923.185387971,2748838.0894023958],[4747957.414416179,2749168.2820007657],[4748275.121448576,2749733.2005717396],[4749655.298067572,2749796.9182660133],[4749828.009022774,2749680.243912443],[4749976.237258047,2749387.0155499834],[4749954.758213469,2748949.493097343],[4749757.042988233,2748714.4906062465],[4749711.706187035,2748009.9854056425],[4750105.387531616,2747453.2098550885],[4750157.30092319,2747291.712493506],[4750064.725351416,2746684.2590636266],[4750342.528216377,2746325.9461384667],[4750711.477996748,2745071.168172417],[4750899.446951185,2744868.349815924],[4751058.190556132,2744414.3173530484],[4750764.575190918,2744252.841024539],[4750709.630671031,2744344.3043761053],[4750614.930124899,2744298.316195165],[4750485.953732399,2744363.083405694],[4750348.769549681,2744219.323980349],[4750113.63459808,2744204.538031787],[4749988.11677616,2744274.5903201834],[4749764.762287621,2744179.569391028],[4748574.790630012,2744098.3251237734],[4748074.2125221705,2744184.419465813],[4747918.382950366,2744060.6404373026],[4747628.471619408,2744128.9121405985],[4747292.36651966,2744010.8422002643],[4746536.418133632,2744025.811975407],[4746320.068057224,2743944.597781237],[4743790.676544884,2743772.279929123],[4743694.53633713,2743817.7868379024],[4743426.372700877,2743747.9400029713],[4726461.844919987,2742592.9903278504],[4726413.229621932,2742409.836400526],[4726133.253033212,2742228.010499688],[4726125.352928803,2742070.4493946997],[4725855.920588693,2742050.590116218],[4725815.38923341,2741974.775472863],[4726091.357135015,2737056.62082952],[4725223.509551373,2737003.546710047],[4724883.983914879,2737057.6173274424],[4724294.803515841,2736932.3524438273],[4714298.822205168,2736255.0849965666],[4714167.362706469,2738020.5170394653],[4714495.479763493,2738109.808395879],[4714099.640593588,2738244.907807587],[4707933.91831443,2737812.275420619],[4708009.604289259,2736346.238666437],[4707926.917657506,2736237.25155414],[4708681.928032805,2727140.796264597],[4708740.005061035,2727088.5678383806],[4710676.145638981,2727238.311888384],[4711669.661789524,2715268.883794632],[4709696.17919633,2715069.788954593],[4709844.065759511,2713098.574381281],[4703929.331963553,2712581.9041297985],[4703898.715625189,2712962.945312113],[4703375.449931643,2712893.839538381],[4703224.357538876,2712946.2535313712],[4702026.277829189,2712912.756321452],[4701578.695466519,2719732.37022525],[4701411.739749767,2719800.918649474],[4700373.562259554,2719772.9772197534],[4700318.936058549,2719827.61597031],[4700056.115789526,2723759.671253796],[4699441.342859826,2723752.496514833],[4699348.2427504035,2724702.425429476],[4698139.283643446,2724650.967695612],[4697990.869571571,2726623.840200224],[4696742.264994163,2726581.2682873285],[4696484.50967292,2730500.7894762917],[4695854.867885224,2730543.7255226434],[4695676.31281668,2733262.8794748923],[4695573.857985411,2733341.6549755577],[4695589.579117816,2733463.6813026145],[4695662.291685811,2733476.0744289584],[4695497.426481556,2735970.6009800737],[4684874.420339129,2735263.6895868517],[4684082.037414397,2747548.021051837],[4685451.742327621,2748397.178091709],[4686240.223229689,2747511.7211537417],[4686328.180160163,2747498.1001224853],[4686748.517488026,2746806.8079114086],[4686875.464679787,2745889.4227833548],[4686836.001678874,2745666.6255439874],[4687365.089054946,2745414.595008166],[4688140.971635791,2745426.1451723743],[4688460.218480643,2745202.2680293894],[4689170.202120082,2745149.2514995486]]]}},{"type":"Feature","properties":{"flugjahr":"2008","gebiet":"Tirol"},"geometry":{"type":"Polygon","coordinates":[[[4496332.826215082,2667126.699673146],[4496392.154919233,2667130.6067936188],[4496505.319870046,2667951.715585551],[4496701.6812582575,2668227.2512845392],[4497618.095380122,2668757.7366407104],[4499146.023478661,2669009.6451437837],[4500112.7279584715,2669876.752133512],[4499910.441789745,2670094.1116317315],[4499856.410468064,2670296.7693165587],[4499927.5502780955,2670984.600525773],[4499880.2169427145,2671434.320870611],[4500335.080709322,2672170.617107402],[4500376.673421835,2672618.1185668134],[4503086.98915535,2673974.232843192],[4503660.250918472,2673350.780326975],[4504136.635097371,2672966.4277862012],[4504519.055540347,2672859.530383126],[4504995.061366538,2673032.761388652],[4505241.97816416,2673393.6603449127],[4505666.7728530085,2672626.8831386445],[4505666.628205574,2672402.4314827747],[4506511.538559212,2670365.601541085],[4506519.080417005,2670003.548827426],[4506673.63475274,2669834.2924841344],[4506855.771140287,2669232.847164708],[4506959.721798472,2669213.8584112185],[4507069.625927429,2668964.59467546],[4507435.293153202,2667789.909104257],[4507583.048672762,2667638.1381106256],[4508224.437214819,2666157.6667600395],[4508523.908041585,2665151.0856653675],[4508807.54677245,2664729.444259932],[4509415.729530306,2663336.0868610633],[4509380.995343065,2663124.3950668606],[4509477.745442355,2663011.7246780396],[4509472.196324895,2662852.6585827474],[4509711.566844207,2662585.306512242],[4509874.376114138,2662025.4825897543],[4510050.424606213,2661868.8863452114],[4510233.282884238,2661337.6864039004],[4509557.652899409,2661014.614569803],[4509338.177465973,2661007.801004079],[4508691.276385879,2661260.6357693933],[4508331.024406246,2661749.300176154],[4507853.788487328,2661729.5568426456],[4507375.318082654,2661573.011369533],[4506754.234365261,2661844.3317477205],[4506522.334611386,2662083.645207067],[4505763.116125048,2662119.5257085143],[4505429.050522441,2662423.505683442],[4505160.095027832,2662484.8437060197],[4505017.692361001,2662429.359639477],[4504753.317491939,2662541.8014902947],[4504358.083261769,2662959.0306879412],[4503997.552591464,2663008.507014301],[4503890.635688854,2663191.377329298],[4503832.747934423,2663649.4151572995],[4503237.165818169,2663899.779955601],[4502872.388980758,2664618.1442907243],[4502697.370174652,2664715.376268413],[4502334.630260525,2664809.2302485853],[4501779.900510455,2664540.973555649],[4498106.864394769,2665355.6043073186],[4497897.719016259,2665492.2876880043],[4497437.631954473,2665498.3029262344],[4497090.347678202,2665617.534831164],[4496933.058270206,2665936.2094653426],[4496644.534195133,2666226.5469438797],[4496571.266908328,2666384.285746943],[4496615.5222899355,2666629.5876807095],[4496332.826215082,2667126.699673146]]]}},{"type":"Feature","properties":{"flugjahr":"2013-2014","gebiet":"Nieder\u00f6sterreich"},"geometry":{"type":"Polygon","coordinates":[[[4803324.723281058,2779315.47024143],[4802869.410434441,2778935.9263230762],[4802372.601027398,2778797.538902982],[4802186.779357927,2778305.1004286027],[4801611.392401641,2778050.846067764],[4801246.551345201,2777355.9149428494],[4800915.133224676,2777084.360795454],[4800979.042613169,2776667.896295171],[4800684.420045657,2776417.764141069],[4800414.1917391075,2776340.464422891],[4800547.629338151,2776122.5686895903],[4800813.54308878,2776201.5408429415],[4800519.148012312,2775561.9387035896],[4800624.437238897,2775472.1111839986],[4800744.152337622,2775492.8853672394],[4800792.0278425375,2775167.596181919],[4800681.488223985,2774923.3807023168],[4800694.182751526,2774708.0215266235],[4800554.741153644,2774523.828289023],[4800647.889033104,2774382.257016632],[4800627.014909355,2774263.8325346652],[4800487.983333449,2774214.28607425],[4800392.2056245655,2774379.3903688653],[4800271.471215377,2774378.3387323385],[4799888.272903794,2774014.3766914364],[4800402.449460521,2773797.5508706165],[4799862.281713389,2773079.5615775203],[4800205.3815071,2772782.0024638223],[4799944.263245269,2772700.0442032246],[4799666.455068634,2772317.4301158125],[4799355.144195579,2772098.7001761785],[4798452.50356498,2772648.5670139957],[4798181.996976479,2772268.4509331547],[4798054.22255822,2772288.284618897],[4798013.150574526,2771899.607841613],[4797111.4054618785,2771267.549698086],[4796616.60143137,2771181.0239612646],[4796375.921196765,2770971.4540439965],[4796332.155221467,2770816.460447107],[4796124.279865921,2770720.301366889],[4795528.883935835,2770894.346515587],[4795630.37612883,2770722.500852177],[4796867.718273357,2769813.157767334],[4798373.799680343,2768848.8451885725],[4798619.905490447,2768541.55422481],[4798121.998327942,2767678.493128735],[4798229.20543534,2767617.1973779844],[4797009.898432447,2766010.1763127064],[4796775.077247062,2765946.0445862687],[4796071.145867759,2765221.923646366],[4796026.997021846,2765027.625655875],[4796142.440112523,2764522.9411841123],[4796210.817232446,2764483.5179908327],[4796161.458923233,2763998.4259112184],[4795813.815761372,2763476.754141642],[4795558.529573654,2763634.0188167356],[4794940.530488918,2763309.2855779836],[4794587.101342643,2762552.0725211888],[4794429.511702854,2761890.6491769077],[4793884.244979607,2761441.9924813095],[4793222.156218764,2762066.1005608244],[4793419.656504286,2762760.464116181],[4793132.929448954,2763464.2507246],[4793315.205537223,2763478.5986021627],[4793635.01935482,2763659.491661052],[4793182.428004561,2763903.930394597],[4792204.57072297,2764013.6494434616],[4791420.647170036,2764216.394263155],[4790936.883418463,2764079.7802386824],[4790737.221399631,2763841.771796877],[4790301.4372033635,2762441.5679667797],[4790327.639093045,2761849.095580044],[4790729.02442408,2761800.226436632],[4790802.181096349,2762100.30917559],[4791072.979903585,2762085.778595153],[4791480.522340041,2761826.359510717],[4792702.015027642,2761565.2297590883],[4792991.690505348,2761375.4623759934],[4792805.7838442605,2760372.01920528],[4792408.814047709,2759488.979582566],[4792549.5807019435,2759384.0123105138],[4792706.854810054,2758851.21296499],[4792870.745895205,2758752.65480478],[4792937.301051533,2758580.997824544],[4792878.139688652,2758117.667024707],[4793005.131340282,2757357.18696336],[4792921.955048345,2757122.921816595],[4792706.253337265,2756938.84687144],[4792577.372186613,2756540.769975776],[4792685.946654522,2756049.309499293],[4792599.852994427,2755808.5172739034],[4792570.534019561,2755080.7119114446],[4792813.278212324,2754245.7571844365],[4792758.266681071,2753990.8895283737],[4792987.393242145,2753621.890471969],[4793008.946524065,2753188.227205191],[4793536.7376931375,2752884.060016281],[4793876.433690645,2751678.127292168],[4794230.86162415,2751501.9709075047],[4794364.4841798935,2751313.474877541],[4794264.343698445,2750593.068827366],[4794512.628461388,2750619.553765],[4794937.027336709,2750495.369166289],[4796212.215445153,2749796.1669874964],[4796554.311337694,2749966.5177367264],[4797019.087611472,2749901.1426905626],[4797079.019042718,2750053.2954859794],[4797589.883811343,2750121.8071322287],[4797715.363577108,2749386.8075153315],[4797646.643026757,2749105.4595915447],[4797890.377951801,2748894.2788891066],[4798244.485542963,2748366.485340109],[4798401.456181804,2747975.125728207],[4798360.185012536,2747775.3743577134],[4776355.120414415,2745886.7192432606],[4773778.210722627,2776775.648449041],[4803324.723281058,2779315.47024143]]]}},{"type":"Feature","properties":{"flugjahr":"DTM:2019, DSM:2010","gebiet":"Steiermark"},"geometry":{"type":"Polygon","coordinates":[[[4754987.800552909,2682962.9093975327],[4755496.411787327,2684334.077631151],[4755877.070979992,2684514.9856717736],[4756442.087854078,2684238.9773201514],[4756659.356508857,2683830.6402967735],[4756706.807397773,2683275.2371633393],[4756552.289230236,2682939.6768617393],[4756274.992662231,2681524.216851856],[4756488.137481365,2681118.691874735],[4756152.76856621,2680499.4066188186],[4755403.191151481,2680143.1605616417],[4754564.069940721,2680662.6739620618],[4754269.811422676,2681409.813084066],[4754575.485372333,2682431.1385331186],[4754987.800552909,2682962.9093975327]]]}},{"type":"Feature","properties":{"flugjahr":"2008","gebiet":"Nieder\u00f6sterreich"},"geometry":{"type":"MultiPolygon","coordinates":[[[[4749070.688671338,2749796.503026182],[4749083.709762197,2749794.456267882],[4749144.444805055,2749781.5015599276],[4749070.688671338,2749796.503026182]]],[[[4748496.06571337,2749787.734572943],[4748500.053719182,2749788.80327417],[4748584.440909767,2749774.3881328595],[4748496.06571337,2749787.734572943]]],[[[4748458.364421906,2749775.234735123],[4748492.073255887,2749786.664678935],[4748496.051949077,2749787.7308844035],[4748458.364421906,2749775.234735123]]],[[[4748371.463249312,2749763.3783333832],[4748377.3867773255,2749764.9632569444],[4748387.039647729,2749762.0997470347],[4748371.463249312,2749763.3783333832]]],[[[4748313.8518636795,2749747.4648492876],[4748324.712693188,2749750.868519034],[4748371.372109148,2749763.353947549],[4748313.8518636795,2749747.4648492876]]],[[[4748275.153295968,2749733.212985784],[4748302.953032372,2749744.0492727137],[4748313.820704741,2749747.4550844105],[4748275.153295968,2749733.212985784]]],[[[4747945.680723846,2748984.00519374],[4747945.929775977,2748994.476298518],[4747960.031227033,2749125.300354839],[4747945.680723846,2748984.00519374]]],[[[4747396.485777836,2748424.887235959],[4747430.166339673,2748484.3647108846],[4747437.2099451,2748490.3690926586],[4747396.485777836,2748424.887235959]]],[[[4747364.460916158,2748362.605281833],[4747366.9517285265,2748368.7265252024],[4747377.264769938,2748390.9453129033],[4747364.460916158,2748362.605281833]]],[[[4747190.283615489,2748209.1307925023],[4747199.825260063,2748215.6572832586],[4747237.185950671,2748235.14750309],[4747190.283615489,2748209.1307925023]]],[[[4747160.572574646,2748188.2853301764],[4747180.731656834,2748202.5972503824],[4747190.243628124,2748209.1034411285],[4747160.572574646,2748188.2853301764]]],[[[4747022.0821019085,2748071.4640388214],[4747073.253466933,2748119.0401278147],[4747080.364751543,2748123.800820849],[4747022.0821019085,2748071.4640388214]]],[[[4746549.0239048945,2748846.862330964],[4746560.556977104,2748840.592965331],[4746639.103463029,2748710.3752057524],[4746549.0239048945,2748846.862330964]]],[[[4746419.6536417,2749109.536660055],[4746374.64931881,2749141.0443588747],[4746417.78045225,2749123.119537335],[4746419.6536417,2749109.536660055]]],[[[4746305.622876583,2749233.2788531817],[4746315.6287291,2749223.970592839],[4746337.454780854,2749177.5713065956],[4746305.622876583,2749233.2788531817]]],[[[4746251.29173385,2749240.1850487296],[4746295.613140108,2749242.59072576],[4746305.619786717,2749233.281727626],[4746251.29173385,2749240.1850487296]]],[[[4746012.84723686,2749313.2054062425],[4745957.885297702,2749325.953259186],[4746061.621895134,2749293.673412345],[4746012.84723686,2749313.2054062425]]],[[[4745302.453177872,2749663.027472068],[4745318.7038968615,2749655.251256464],[4745386.557181618,2749617.6025200468],[4745302.453177872,2749663.027472068]]],[[[4745100.097872571,2749764.0955816847],[4745160.095753214,2749740.276698851],[4745161.304772441,2749739.6156445807],[4745100.097872571,2749764.0955816847]]],[[[4744943.411113227,2749861.9470627075],[4744970.516017117,2749840.4895004756],[4744980.13500978,2749832.17517511],[4744943.411113227,2749861.9470627075]]],[[[4744318.281723966,2749850.8769636787],[4744326.05301349,2749851.105871772],[4744350.059947244,2749851.8056176538],[4744318.281723966,2749850.8769636787]]],[[[4743951.584954758,2749789.3344345195],[4744017.982342639,2749840.6822472624],[4744026.483238067,2749845.8785900683],[4743951.584954758,2749789.3344345195]]],[[[4743621.72455367,2749756.1095261183],[4743650.247893337,2749709.498477407],[4743654.629806662,2749700.8839540253],[4743621.72455367,2749756.1095261183]]],[[[4743596.0109431185,2749835.3950745827],[4743604.255856093,2749816.459385144],[4743603.23605538,2749807.6795652662],[4743596.0109431185,2749835.3950745827]]],[[[4743565.016041523,2749905.2411973802],[4743567.324598531,2749901.277284955],[4743595.971592989,2749835.4854470543],[4743565.016041523,2749905.2411973802]]],[[[4743512.049289485,2750036.162900983],[4743523.25094808,2749991.7248115246],[4743525.032348171,2749981.290857168],[4743512.049289485,2750036.162900983]]],[[[4743490.003910484,2750090.1993485834],[4743493.091682518,2750083.08163455],[4743511.968238498,2750036.3770087752],[4743490.003910484,2750090.1993485834]]],[[[4743380.254104801,2750275.08671583],[4743322.867994945,2750341.4433621373],[4743418.515886646,2750216.8684003726],[4743380.254104801,2750275.08671583]]],[[[4743120.936410375,2750567.7525180173],[4743143.937103433,2750535.425723573],[4743148.630683159,2750523.941288112],[4743120.936410375,2750567.7525180173]]],[[[4743097.962386307,2750589.5390224545],[4743106.93825728,2750587.427439162],[4743120.925967741,2750567.7671949924],[4743097.962386307,2750589.5390224545]]],[[[4743074.737144642,2750939.908980891],[4743078.832161374,2750934.901554046],[4743071.442753951,2750865.649775103],[4743074.737144642,2750939.908980891]]],[[[4742863.257301432,2751344.3341637626],[4742901.56026681,2751275.601153455],[4742906.125228543,2751263.1885603415],[4742863.257301432,2751344.3341637626]]],[[[4742782.080823816,2751386.1488753487],[4742856.627079264,2751353.95698946],[4742863.252813857,2751344.340676839],[4742782.080823816,2751386.1488753487]]],[[[4742734.768930589,2751414.294562341],[4742746.136411844,2751408.859919838],[4742782.040766222,2751386.1717705303],[4742734.768930589,2751414.294562341]]],[[[4742644.649010733,2751506.3219810026],[4742646.894096491,2751503.8072727984],[4742662.960421633,2751467.67020349],[4742644.649010733,2751506.3219810026]]],[[[4742497.194797161,2751874.219626429],[4742502.164141784,2751867.1402212214],[4742515.546632613,2751798.118122256],[4742497.194797161,2751874.219626429]]],[[[4742457.517297817,2751905.380645836],[4742492.223740775,2751881.3014680035],[4742497.192214849,2751874.223305228],[4742457.517297817,2751905.380645836]]],[[[4742292.396659087,2751994.6134430612],[4742404.755149614,2751950.795808718],[4742409.377379347,2751943.1851879777],[4742292.396659087,2751994.6134430612]]],[[[4741896.877949051,2753009.324916565],[4741903.46834252,2753010.0768741015],[4741920.85282488,2752963.723571413],[4741896.877949051,2753009.324916565]]],[[[4741568.943081517,2753459.906331087],[4741453.397354599,2753466.1422295924],[4741578.901248177,2753462.464423778],[4741633.334295133,2753256.9478081255],[4741568.943081517,2753459.906331087]]],[[[4741219.884759819,2753564.9884065576],[4741237.007867,2753565.9519857904],[4741248.802699716,2753560.2934854124],[4741219.884759819,2753564.9884065576]]],[[[4741168.986235099,2753565.31136459],[4741199.782612726,2753569.4613312013],[4741211.175052521,2753566.401914285],[4741168.986235099,2753565.31136459]]],[[[4741131.02738094,2753548.0250327312],[4741158.306295596,2753563.4002817096],[4741168.978661756,2753565.3100094036],[4741131.02738094,2753548.0250327312]]],[[[4741047.507592788,2753523.646744837],[4741058.296445528,2753525.503860554],[4741090.183239948,2753528.0324738678],[4741047.507592788,2753523.646744837]]],[[[4741011.17505932,2753523.0018927623],[4741015.970596601,2753525.2582887444],[4741027.689414455,2753523.294549134],[4741011.17505932,2753523.0018927623]]],[[[4740965.700678047,2753511.8115425482],[4740971.920781004,2753514.6817810857],[4740991.016963302,2753518.041554939],[4740965.700678047,2753511.8115425482]]],[[[4740942.68830183,2753491.7795119197],[4740959.473903965,2753508.938226493],[4740965.6962181125,2753511.8094845293],[4740942.68830183,2753491.7795119197]]],[[[4740905.356346255,2753491.0481040925],[4740891.385584174,2753486.7367335493],[4740917.932983062,2753491.29366147],[4740905.356346255,2753491.0481040925]]],[[[4740838.177988849,2753472.4645866062],[4740841.116823698,2753475.7153689624],[4740870.222063645,2753480.205857407],[4740838.177988849,2753472.4645866062]]],[[[4740828.805882861,2753470.200456341],[4740817.901013165,2753466.078543956],[4740823.742704373,2753472.980390687],[4740828.805882861,2753470.200456341]]],[[[4740788.259891689,2753454.8745513707],[4740791.565212325,2753458.7788360687],[4740808.417667861,2753462.493950803],[4740788.259891689,2753454.8745513707]]],[[[4740765.927766959,2753450.196216677],[4740770.847717354,2753453.300832289],[4740776.38024659,2753452.3858524156],[4740765.927766959,2753450.196216677]]],[[[4740724.891491995,2753430.6578821866],[4740746.836635806,2753445.9418469216],[4740755.891638536,2753446.878691946],[4740724.891491995,2753430.6578821866]]],[[[4740711.455939555,2753423.6277400875],[4740684.451903456,2753400.902016748],[4740713.944799301,2753424.930033811],[4740711.455939555,2753423.6277400875]]],[[[4740635.93803153,2753376.7978403443],[4740647.679488083,2753382.249977948],[4740652.424997035,2753382.461671998],[4740635.93803153,2753376.7978403443]]],[[[4740564.982786896,2753359.485729385],[4740555.56638432,2753356.706203897],[4740590.169371371,2753364.639130836],[4740564.982786896,2753359.485729385]]],[[[4740507.172391973,2753355.3710832447],[4740478.365994049,2753340.7186594163],[4740526.215525342,2753352.6039957004],[4740507.172391973,2753355.3710832447]]],[[[4740467.267632038,2753335.0734606576],[4740460.699932842,2753331.9634839855],[4740468.105248914,2753335.4995157155],[4740467.267632038,2753335.0734606576]]],[[[4740438.0532260565,2753321.2396815736],[4740429.861201145,2753316.163845778],[4740444.485581882,2753324.2855682],[4740438.0532260565,2753321.2396815736]]],[[[4740396.926365659,2753295.7571932077],[4740415.198793416,2753309.8251426155],[4740425.175291418,2753313.2604236994],[4740396.926365659,2753295.7571932077]]],[[[4740303.224844698,2753256.410825693],[4740315.011830836,2753263.776418529],[4740337.476362086,2753265.8823421216],[4740303.224844698,2753256.410825693]]],[[[4740212.325329369,2753261.1098959073],[4740240.796015091,2753255.587929955],[4740249.142424086,2753252.9838239383],[4740212.325329369,2753261.1098959073]]],[[[4740178.350719786,2753265.860220554],[4740152.882963912,2753244.1461426495],[4740212.221819727,2753261.1317236787],[4740178.350719786,2753265.860220554]]],[[[4740087.14907265,2753212.851966976],[4740066.855454585,2753210.8809772297],[4740078.702100468,2753215.386416917],[4740087.14907265,2753212.851966976]]],[[[4740039.279277079,2753208.2026847927],[4739986.835536854,2753194.31022224],[4739959.180136356,2753174.555438177],[4740039.279277079,2753208.2026847927]]],[[[4739828.152944494,2753130.496683916],[4739836.162805853,2753135.3781719417],[4739864.349518134,2753136.141716221],[4739828.152944494,2753130.496683916]]],[[[4739814.351801647,2753128.3443314],[4739797.197454477,2753119.1049023243],[4739821.399307925,2753129.4434226425],[4739814.351801647,2753128.3443314]]],[[[4739738.998819691,2753112.19500938],[4739725.459746427,2753107.261838402],[4739747.293516343,2753110.9755415716],[4739738.998819691,2753112.19500938]]],[[[4739699.606891791,2753097.84195297],[4739684.053368571,2753078.376452863],[4739717.438485396,2753104.339168164],[4739699.606891791,2753097.84195297]]],[[[4739595.730711579,2753072.8419601824],[4739582.909541096,2753061.860271513],[4739628.095309462,2753056.730962901],[4739595.730711579,2753072.8419601824]]],[[[4739510.793042744,2753047.7422650275],[4739498.631833708,2753047.339231092],[4739525.631438487,2753046.993089833],[4739510.793042744,2753047.7422650275]]],[[[4739437.538542161,2753059.96179299],[4739408.23506592,2753055.732822513],[4739443.574248675,2753057.153807906],[4739437.538542161,2753059.96179299]]],[[[4739379.754921255,2753044.123061909],[4739384.995091181,2753046.3218329814],[4739390.859973845,2753048.6926983697],[4739379.754921255,2753044.123061909]]],[[[4739275.540863847,2753051.436526901],[4739246.554254814,2753057.3242566995],[4739257.990829611,2753061.7285725614],[4739275.540863847,2753051.436526901]]],[[[4739195.325038472,2753074.111893849],[4739206.105309695,2753074.1323094782],[4739219.65127441,2753065.2472487343],[4739195.325038472,2753074.111893849]]],[[[4739141.788265188,2753080.3907476673],[4739167.488973581,2753085.6730029834],[4739177.993098334,2753079.1630144147],[4739141.788265188,2753080.3907476673]]],[[[4739067.190804182,2753089.351207622],[4739083.604261544,2753091.2587871356],[4739098.508492032,2753085.6477052774],[4739067.190804182,2753089.351207622]]],[[[4739016.332708038,2753096.868584851],[4738962.232337402,2753086.976510873],[4738958.716061554,2753084.4622844253],[4739016.332708038,2753096.868584851]]],[[[4738873.9039990585,2753080.995080736],[4738889.430551995,2753085.244931832],[4738905.747194675,2753077.445951978],[4738873.9039990585,2753080.995080736]]],[[[4738818.463678294,2753080.230686891],[4738813.3002072545,2753079.4128951775],[4738852.074476874,2753081.133845386],[4738818.463678294,2753080.230686891]]],[[[4738722.854513523,2753090.560245699],[4738696.06014575,2753083.2215539305],[4738751.9314627005,2753076.913174242],[4738722.854513523,2753090.560245699]]],[[[4738644.1890185075,2753087.357941662],[4738623.207741368,2753077.1461227066],[4738658.88085203,2753085.1496267025],[4738644.1890185075,2753087.357941662]]],[[[4738583.813546727,2753059.6963027637],[4738595.505570782,2753065.1579571706],[4738600.594575874,2753066.4493371327],[4738583.813546727,2753059.6963027637]]],[[[4738538.125844559,2753049.456479895],[4738498.830366297,2753041.668674517],[4738508.531892632,2753047.452291881],[4738538.125844559,2753049.456479895]]],[[[4738453.90082064,2753020.9794960697],[4738458.87480875,2753036.5872627986],[4738488.538587987,2753037.897833607],[4738453.90082064,2753020.9794960697]]],[[[4738400.358859472,2752998.814371665],[4738351.495013125,2752992.485544525],[4738350.273622588,2752991.8330461234],[4738400.358859472,2752998.814371665]]],[[[4738279.930273803,2752964.1700327448],[4738265.192296348,2752946.34945306],[4738315.2639341,2752973.1394290864],[4738279.930273803,2752964.1700327448]]],[[[4738160.082916536,2752878.6783300075],[4738110.823987293,2752848.1745388303],[4738104.86504404,2752838.52287924],[4738160.082916536,2752878.6783300075]]],[[[4738077.964794099,2752814.933942414],[4738038.8553426815,2752779.5504707186],[4738039.480072202,2752754.937174529],[4738077.964794099,2752814.933942414]]],[[[4737997.31425238,2752676.9062360283],[4738001.04026739,2752683.308421521],[4738014.910355439,2752700.8220499638],[4737997.31425238,2752676.9062360283]]],[[[4737940.532846146,2752615.638453842],[4737942.713728507,2752625.296051647],[4737960.061515314,2752632.6069439244],[4737940.532846146,2752615.638453842]]],[[[4737872.338874568,2752568.776347583],[4737880.884227044,2752575.132991979],[4737890.989248154,2752577.5367154493],[4737872.338874568,2752568.776347583]]],[[[4737600.321334202,2752586.35656653],[4737612.2350939205,2752585.8347407547],[4737643.079723151,2752582.0000519985],[4737600.321334202,2752586.35656653]]],[[[4737527.840984552,2752625.522801579],[4737501.407077518,2752635.895794766],[4737539.967979203,2752615.753776681],[4737527.840984552,2752625.522801579]]],[[[4737471.863951355,2752631.059996778],[4737494.404326989,2752636.5322667733],[4737501.400862421,2752635.8963596476],[4737471.863951355,2752631.059996778]]],[[[4737443.573342565,2752614.919760999],[4737464.541736903,2752628.1200990505],[4737471.857152146,2752631.057266869],[4737443.573342565,2752614.919760999]]],[[[4737333.707900522,2752623.2086790153],[4737344.6501415735,2752620.356641918],[4737382.842572395,2752606.659409497],[4737333.707900522,2752623.2086790153]]],[[[4737285.199228613,2752652.5430897973],[4737286.4417923605,2752651.194686415],[4737286.822990818,2752650.3509511002],[4737285.199228613,2752652.5430897973]]],[[[4737261.125874595,2752766.7520592567],[4737247.087077655,2752827.5026296875],[4737261.29877378,2752723.3907570583],[4737261.125874595,2752766.7520592567]]],[[[4737229.587776044,2752853.05861455],[4737243.501219536,2752834.216893182],[4737247.082827063,2752827.510588617],[4737229.587776044,2752853.05861455]]],[[[4737214.1499946555,2752868.7362033436],[4737224.687176424,2752858.9987105755],[4737229.575868518,2752853.073047856],[4737214.1499946555,2752868.7362033436]]],[[[4737180.920129282,2752897.2161742034],[4737202.184183295,2752880.9568947456],[4737207.759924709,2752875.22339097],[4737180.920129282,2752897.2161742034]]],[[[4737149.773598217,2752922.7439058493],[4737131.191099424,2752931.3363076597],[4737169.121692659,2752906.886184734],[4737149.773598217,2752922.7439058493]]],[[[4737080.147209262,2752948.052674981],[4737076.004166147,2752947.343334567],[4737021.178785561,2752939.5939552668],[4737080.147209262,2752948.052674981]]],[[[4736939.702802044,2752935.776349311],[4736905.868975439,2752926.8436987284],[4736969.056813156,2752934.827339672],[4736939.702802044,2752935.776349311]]],[[[4736813.624978188,2752902.614386189],[4736747.269315026,2752880.3069289],[4736725.428404676,2752865.192374008],[4736813.624978188,2752902.614386189]]],[[[4736603.293729182,2752860.7366998205],[4736603.535992464,2752859.429693506],[4736553.929098929,2752835.2690308685],[4736603.293729182,2752860.7366998205]]],[[[4736481.139108383,2752809.5905514476],[4736490.101078774,2752812.826734241],[4736503.729762449,2752816.1744081806],[4736481.139108383,2752809.5905514476]]],[[[4736445.935355591,2752794.425590734],[4736472.157049289,2752806.347116409],[4736481.1198571315,2752809.583599793],[4736445.935355591,2752794.425590734]]],[[[4736340.181446071,2752771.571685834],[4736291.059959984,2752747.0891220835],[4736372.354238748,2752778.238075302],[4736340.181446071,2752771.571685834]]],[[[4736226.943375831,2752708.3763228697],[4736247.624098596,2752724.264796419],[4736257.717333019,2752729.5684795994],[4736226.943375831,2752708.3763228697]]],[[[4736081.869752782,2752722.4269111836],[4736080.786648063,2752721.3893507263],[4736049.66491388,2752704.7520179953],[4736081.869752782,2752722.4269111836]]],[[[4736037.281889608,2752675.858562374],[4736045.28125275,2752698.6778394394],[4736049.664246014,2752704.751092573],[4736037.281889608,2752675.858562374]]],[[[4735964.535276447,2752629.6434770343],[4735971.494641395,2752632.4064836605],[4735988.551621059,2752636.873128385],[4735964.535276447,2752629.6434770343]]],[[[4735937.750603571,2752608.7667416274],[4735945.312008865,2752617.415979751],[4735964.526728793,2752629.6400834443],[4735937.750603571,2752608.7667416274]]],[[[4735773.388788009,2752547.1467107437],[4735729.816002538,2752533.8689668444],[4735814.171298548,2752553.6335874647],[4735773.388788009,2752547.1467107437]]],[[[4735680.122138534,2752514.000582895],[4735721.826167667,2752531.0172171476],[4735729.785294619,2752533.8580065034],[4735680.122138534,2752514.000582895]]],[[[4735523.626682621,2752474.1643788815],[4735533.329262686,2752477.9267401663],[4735567.053678032,2752483.5678480235],[4735523.626682621,2752474.1643788815]]],[[[4735484.69445473,2752449.9531340776],[4735513.914879525,2752470.3984426325],[4735523.619326128,2752474.1615262595],[4735484.69445473,2752449.9531340776]]],[[[4735275.9624038935,2752457.870310112],[4735319.303438507,2752444.973071336],[4735329.181448977,2752440.6944949348],[4735275.9624038935,2752457.870310112]]],[[[4735242.6396798,2752462.819509958],[4735268.757925949,2752459.2098493767],[4735275.931878574,2752457.875985732],[4735242.6396798,2752462.819509958]]],[[[4735020.519135503,2752556.601441188],[4735034.073751943,2752555.0322254403],[4735058.965403158,2752548.6399295456],[4735020.519135503,2752556.601441188]]],[[[4734977.280972321,2752561.4242667095],[4735009.86974788,2752557.835063956],[4735020.240576826,2752556.6337093553],[4734977.280972321,2752561.4242667095]]],[[[4734838.671700661,2752570.9311012905],[4734769.076281901,2752542.2779548555],[4734741.759678891,2752511.354375521],[4734838.671700661,2752570.9311012905]]],[[[4734724.348674644,2752478.403618047],[4734738.156862079,2752505.6094745584],[4734741.7585014375,2752511.352498001],[4734724.348674644,2752478.403618047]]],[[[4734541.03159197,2752426.874270721],[4734560.636583986,2752413.1289769616],[4734568.848388247,2752405.3647421245],[4734541.03159197,2752426.874270721]]],[[[4734503.364010092,2752444.6741168243],[4734467.716263647,2752441.7362101832],[4734541.009325725,2752426.889265693],[4734503.364010092,2752444.6741168243]]],[[[4734407.415195118,2752409.0057446067],[4734420.184113981,2752416.9959774334],[4734438.481518856,2752427.3788462123],[4734407.415195118,2752409.0057446067]]],[[[4734340.22042145,2752392.7042565467],[4734339.047122855,2752393.012403797],[4734341.473541088,2752392.7907808386],[4734340.22042145,2752392.7042565467]]],[[[4734262.842669862,2752463.5226105414],[4734233.249673607,2752501.2592346915],[4734265.752076076,2752454.776132635],[4734262.842669862,2752463.5226105414]]],[[[4734200.774045592,2752603.4279809226],[4734182.507945712,2752654.302633833],[4734094.72163206,2752703.079941919],[4734200.774045592,2752603.4279809226]]],[[[4734019.750558386,2752795.915745644],[4733996.766662016,2752828.1562265893],[4734032.416509522,2752761.892932808],[4734019.750558386,2752795.915745644]]],[[[4733965.3756548,2752907.655046248],[4733957.508058294,2752981.796316249],[4733941.055832597,2753011.950800439],[4733965.3756548,2752907.655046248]]],[[[4733901.588889422,2753053.797515101],[4733907.8904787665,2753048.0260017077],[4733922.132539651,2753033.510607463],[4733901.588889422,2753053.797515101]]],[[[4733881.6210423885,2753071.9095259365],[4733882.755336902,2753071.0936759636],[4733901.44324788,2753053.9309056015],[4733881.6210423885,2753071.9095259365]]],[[[4733980.911858915,2753182.9513722784],[4733976.44308554,2753176.2384035736],[4733939.398431921,2753146.0782704647],[4733980.911858915,2753182.9513722784]]],[[[4734057.627429832,2753208.5615135743],[4734069.21570601,2753213.578594958],[4734127.847394694,2753286.1237437823],[4734080.8030066,2753218.594579299],[4734057.627429832,2753208.5615135743]]],[[[4734142.397170077,2753322.523734286],[4734144.635760853,2753332.571245639],[4734127.8476140695,2753286.124255002],[4734142.397170077,2753322.523734286]]],[[[4734235.305975706,2753376.6914771916],[4734261.144222146,2753396.547038334],[4734190.52317943,2753374.7859790055],[4734235.305975706,2753376.6914771916]]],[[[4734270.2606283305,2753437.6606925754],[4734269.706867683,2753426.6682993965],[4734261.144955389,2753396.5496176984],[4734270.2606283305,2753437.6606925754]]],[[[4734271.580227755,2753474.7000166737],[4734270.81451669,2753448.6556419777],[4734270.2619929705,2753437.687781307],[4734271.580227755,2753474.7000166737]]],[[[4734272.647643883,2753590.042454993],[4734284.030339415,2753546.748410863],[4734279.899549939,2753535.4104335234],[4734272.647643883,2753590.042454993]]],[[[4734263.530617428,2753638.1247954597],[4734264.20733596,2753638.737135885],[4734263.938324063,2753635.9746499863],[4734263.530617428,2753638.1247954597]]],[[[4734395.770891732,2753744.2723443396],[4734389.875573467,2753731.6214920664],[4734369.405896738,2753708.5652660266],[4734395.770891732,2753744.2723443396]]],[[[4734369.48050376,2753821.167387159],[4734403.432728289,2753760.7138392623],[4734395.77089682,2753744.272355259],[4734369.48050376,2753821.167387159]]],[[[4734360.062794428,2753960.4945956524],[4734359.991812137,2753969.724602938],[4734357.8018407,2753923.331805036],[4734360.062794428,2753960.4945956524]]],[[[4734359.5532638505,2754026.751452982],[4734359.6544854725,2754016.383433875],[4734359.641108916,2754015.328564066],[4734359.5532638505,2754026.751452982]]],[[[4734230.697319655,2754295.3711159686],[4734238.431209543,2754290.3256301736],[4734241.161707486,2754286.6383111738],[4734230.697319655,2754295.3711159686]]],[[[4734200.447784008,2754316.3633404593],[4734206.285852563,2754312.4934161287],[4734218.899279188,2754303.636488839],[4734200.447784008,2754316.3633404593]]],[[[4734172.727380363,2754332.2702251226],[4734182.055655705,2754328.554483276],[4734200.394130777,2754316.3989059813],[4734172.727380363,2754332.2702251226]]],[[[4734085.048622851,2754389.424052164],[4734085.13731864,2754389.397374218],[4734085.511572505,2754388.626410434],[4734085.048622851,2754389.424052164]]],[[[4734067.238012089,2754420.1109437207],[4734035.214808971,2754450.5850592004],[4734066.079955029,2754438.1891604923],[4734067.238012089,2754420.1109437207]]],[[[4734002.494630298,2754492.931121205],[4734010.050359312,2754486.256458026],[4734015.0495617045,2754475.5128614306],[4734002.494630298,2754492.931121205]]],[[[4733984.713670563,2754503.9951809323],[4733994.933649872,2754499.610424325],[4734002.488006019,2754492.936973034],[4733984.713670563,2754503.9951809323]]],[[[4733899.47183586,2754540.6605902994],[4733905.801432727,2754544.3032658617],[4733963.17516667,2754517.3946938193],[4733899.47183586,2754540.6605902994]]],[[[4733750.0229045665,2754664.0674556396],[4733769.24663654,2754663.2026807466],[4733771.310904238,2754633.4905836014],[4733750.0229045665,2754664.0674556396]]],[[[4733633.717308352,2754722.9516565157],[4733617.0680694245,2754724.81688514],[4733653.597359607,2754693.0229343046],[4733633.717308352,2754722.9516565157]]],[[[4733579.942527632,2754728.976099179],[4733544.047321351,2754720.9559023],[4733563.845912112,2754737.43754542],[4733579.942527632,2754728.976099179]]],[[[4733493.858491836,2754728.194063062],[4733511.659657005,2754731.0230685836],[4733513.791893704,2754717.145617451],[4733493.858491836,2754728.194063062]]],[[[4733453.581697868,2754753.490421908],[4733469.344901736,2754759.3660891154],[4733477.9234102825,2754737.3060948374],[4733453.581697868,2754753.490421908]]],[[[4733413.612555946,2754778.527280504],[4733401.325722685,2754778.835182574],[4733432.305338683,2754766.8589062975],[4733413.612555946,2754778.527280504]]],[[[4733371.728069551,2754779.5768904467],[4733361.38335362,2754777.835097139],[4733380.490886728,2754779.3572962587],[4733371.728069551,2754779.5768904467]]],[[[4733306.124191239,2754778.7137207235],[4733326.563187822,2754776.6688488517],[4733333.576922759,2754774.1332011935],[4733306.124191239,2754778.7137207235]]],[[[4733269.790755259,2754801.210681618],[4733207.845254592,2754815.1988890977],[4733199.49315576,2754808.6966993017],[4733269.790755259,2754801.210681618]]],[[[4733176.446527807,2754790.754684565],[4733163.332751852,2754773.694304638],[4733181.747886829,2754794.88184092],[4733176.446527807,2754790.754684565]]],[[[4733102.022667255,2754777.7682601763],[4733099.699551307,2754791.2948430427],[4733103.536477261,2754784.0270256395],[4733102.022667255,2754777.7682601763]]],[[[4733047.951176021,2754791.3954359572],[4732999.25727347,2754790.717024795],[4733029.8123501325,2754796.653399132],[4733047.951176021,2754791.3954359572]]],[[[4732975.537811923,2754783.615968974],[4732985.00106134,2754790.329278352],[4732992.511574112,2754790.2683751676],[4732975.537811923,2754783.615968974]]],[[[4732901.494318586,2754813.377667579],[4732910.375126451,2754816.1602967605],[4732923.871937614,2754797.287921186],[4732901.494318586,2754813.377667579]]],[[[4732861.599832056,2754799.4739911826],[4732868.111554981,2754811.650198626],[4732893.249750178,2754813.363781091],[4732861.599832056,2754799.4739911826]]],[[[4732827.064515097,2754791.4186484935],[4732827.322960286,2754791.5994912926],[4732828.143878099,2754791.669623703],[4732827.064515097,2754791.4186484935]]],[[[4732793.687732349,2754813.0018285993],[4732756.083609518,2754813.4314244715],[4732786.7770390585,2754822.7826780705],[4732793.687732349,2754813.0018285993]]],[[[4732724.302235316,2754802.481411987],[4732743.407444262,2754811.983279135],[4732754.842029846,2754813.2895843536],[4732724.302235316,2754802.481411987]]],[[[4732696.033230013,2754781.696527483],[4732688.390046863,2754775.7333966815],[4732690.3789368635,2754783.938822881],[4732696.033230013,2754781.696527483]]],[[[4732640.915463805,2754749.1579125933],[4732646.503844176,2754755.7681644983],[4732654.083982712,2754753.626509919],[4732640.915463805,2754749.1579125933]]],[[[4732621.655237982,2754742.622165165],[4732622.946190488,2754747.6764998287],[4732633.537204088,2754746.6541798315],[4732621.655237982,2754742.622165165]]],[[[4732586.824288968,2754727.1371971327],[4732591.967421798,2754732.6217659106],[4732606.500946347,2754735.8849427695],[4732586.824288968,2754727.1371971327]]],[[[4732543.924735725,2754709.6291492213],[4732479.264688975,2754697.972582427],[4732550.78925283,2754712.4306732165],[4732543.924735725,2754709.6291492213]]],[[[4732380.082345622,2754769.5181515384],[4732388.966279329,2754767.00425699],[4732400.671014983,2754754.507754946],[4732380.082345622,2754769.5181515384]]],[[[4731308.931965404,2754868.882592441],[4731283.0398997115,2754887.2791062663],[4731302.704344809,2754879.704631299],[4731308.931965404,2754868.882592441]]],[[[4731258.976912737,2754892.681857506],[4731273.278076752,2754894.730247494],[4731277.362388411,2754891.312046443],[4731258.976912737,2754892.681857506]]],[[[4731172.2551093865,2754891.8318025833],[4731225.8652483225,2754900.143768969],[4731233.26963334,2754894.3009482305],[4731172.2551093865,2754891.8318025833]]],[[[4731134.519067416,2754911.626413632],[4731059.649006238,2754921.893658503],[4731023.4371393565,2754919.8074971684],[4731052.8740075175,2754922.4423833126],[4731124.2075182665,2754917.906081145],[4731132.641427043,2754916.334738737],[4731134.519067416,2754911.626413632]]],[[[4730961.9272358995,2754916.516675113],[4730991.458048649,2754919.9562886357],[4730996.713302142,2754918.331193065],[4730961.9272358995,2754916.516675113]]],[[[4730928.1431021765,2754909.131274719],[4730951.557980108,2754914.481646802],[4730961.888692307,2754916.5091106994],[4730928.1431021765,2754909.131274719]]],[[[4730730.654083577,2754889.21524105],[4730754.494474575,2754903.7670314177],[4730763.004791834,2754901.0237455117],[4730730.654083577,2754889.21524105]]],[[[4730567.790451581,2754840.8173462157],[4730579.352520149,2754851.326473911],[4730607.256257816,2754851.751840427],[4730567.790451581,2754840.8173462157]]],[[[4730504.779477836,2754833.2770096576],[4730544.148298396,2754840.6841515643],[4730545.788213247,2754837.7106780773],[4730504.779477836,2754833.2770096576]]],[[[4730387.644365277,2754830.5325859175],[4730395.858939036,2754831.570183455],[4730421.9276019,2754827.508794239],[4730387.644365277,2754830.5325859175]]],[[[4730353.485469232,2754816.1781197498],[4730362.703656038,2754822.8386105094],[4730387.638140435,2754830.5317996484],[4730353.485469232,2754816.1781197498]]],[[[4730324.255866441,2754790.161866658],[4730344.262559053,2754809.5141962213],[4730353.479844132,2754816.1740553994],[4730324.255866441,2754790.161866658]]],[[[4730190.848921395,2754700.6992326244],[4730197.6280256845,2754703.868144831],[4730230.03592449,2754718.0109412367],[4730190.848921395,2754700.6992326244]]],[[[4730140.02815227,2754704.1486781365],[4730093.5674680965,2754718.954351647],[4730147.066801358,2754703.6709306953],[4730140.02815227,2754704.1486781365]]],[[[4729983.906777737,2754813.9464021283],[4730002.272993955,2754795.9656716925],[4730005.573406201,2754787.656609149],[4729983.906777737,2754813.9464021283]]],[[[4729953.262292272,2754827.805997288],[4729961.1906683305,2754824.34323516],[4729983.715745555,2754814.0338349147],[4729953.262292272,2754827.805997288]]],[[[4729925.074308328,2754842.6783439103],[4729931.4135641605,2754839.649531541],[4729935.593686572,2754837.126359077],[4729925.074308328,2754842.6783439103]]],[[[4729890.322643685,2754851.3278935766],[4729918.693495418,2754845.727012014],[4729925.049498555,2754842.6901976927],[4729890.322643685,2754851.3278935766]]],[[[4729815.447852934,2754914.9909410626],[4729822.547742017,2754909.966719559],[4729856.670857564,2754872.286445496],[4729815.447852934,2754914.9909410626]]],[[[4729781.586137321,2754928.9506128617],[4729807.862436167,2754920.3612814737],[4729815.437142543,2754914.998522476],[4729781.586137321,2754928.9506128617]]],[[[4729764.506737245,2754935.9900910156],[4729728.914466463,2754942.6507791127],[4729751.645761593,2754941.626640457],[4729764.506737245,2754935.9900910156]]],[[[4729680.378160827,2754994.4693747014],[4729653.136442498,2755003.2441734583],[4729693.561034847,2754965.3251579534],[4729680.378160827,2754994.4693747014]]],[[[4729613.393713529,2755001.5946561242],[4729627.026016788,2755003.2334285085],[4729653.10947745,2755003.245622973],[4729613.393713529,2755001.5946561242]]],[[[4729478.0047001215,2754999.382531001],[4729439.179942731,2754987.275303171],[4729463.963357823,2755001.4959008656],[4729478.0047001215,2754999.382531001]]],[[[4729313.128746264,2755022.648385471],[4729315.058267439,2755013.5750060896],[4729312.226617853,2754981.46629606],[4729313.128746264,2755022.648385471]]],[[[4729297.821988305,2755058.4395649494],[4729311.198503887,2755031.7251463737],[4729313.127630479,2755022.653632337],[4729297.821988305,2755058.4395649494]]],[[[4728780.428251486,2755982.476402883],[4728831.179488044,2755888.886177684],[4728835.759814347,2755879.3042747234],[4728780.428251486,2755982.476402883]]],[[[4728473.228372464,2756632.6899336986],[4728478.567601083,2756620.0282167303],[4728487.6490869485,2756586.974101754],[4728473.228372464,2756632.6899336986]]],[[[4728406.0853619315,2756868.497692449],[4728422.240406291,2756862.448831734],[4728436.233975255,2756836.071352197],[4728406.0853619315,2756868.497692449]]],[[[4727922.95143101,2756952.862251187],[4727901.836787114,2756901.0047281804],[4727991.709487465,2756937.4628277863],[4727922.95143101,2756952.862251187]]],[[[4727716.908732739,2756750.495529882],[4727724.557046979,2756754.0187113844],[4727787.461670168,2756759.682778086],[4727716.908732739,2756750.495529882]]],[[[4727701.247501492,2756739.584606097],[4727709.255780101,2756746.9702132083],[4727716.904161483,2756750.493424142],[4727701.247501492,2756739.584606097]]],[[[4727622.719767128,2756696.2989161257],[4727631.683465688,2756705.3280004147],[4727674.815547209,2756721.1686809715],[4727622.719767128,2756696.2989161257]]],[[[4727523.424242241,2756630.9477799768],[4727525.242959993,2756639.839147721],[4727552.040752313,2756659.0120769152],[4727523.424242241,2756630.9477799768]]],[[[4727488.489948141,2756545.425646555],[4727501.266729984,2756607.057840731],[4727513.191557742,2756619.7625092166],[4727488.489948141,2756545.425646555]]],[[[4727320.778777865,2756341.6370387203],[4727325.547735489,2756347.4322037576],[4727360.775226941,2756377.108833031],[4727320.778777865,2756341.6370387203]]],[[[4727268.775506516,2756296.1625073557],[4727284.094149058,2756321.3191348244],[4727290.956798562,2756323.4907121398],[4727268.775506516,2756296.1625073557]]],[[[4726721.375315966,2756103.6007686993],[4726725.095658338,2756104.6567492085],[4726731.768997114,2756104.6348019424],[4726721.375315966,2756103.6007686993]]],[[[4726617.047308802,2756110.102324807],[4726620.256857238,2756114.4378995216],[4726637.942352501,2756129.4850391243],[4726617.047308802,2756110.102324807]]],[[[4726550.148835677,2756070.7662123414],[4726557.07680942,2756081.0716206],[4726573.89299753,2756083.119704563],[4726550.148835677,2756070.7662123414]]],[[[4726203.860954559,2756154.539666595],[4726226.8856905885,2756126.3519579396],[4726227.363221075,2756117.8043191913],[4726203.860954559,2756154.539666595]]],[[[4726137.613004143,2756345.5474284836],[4726142.293652087,2756337.4679119587],[4726148.923226744,2756314.4795873086],[4726137.613004143,2756345.5474284836]]],[[[4726120.551825905,2756365.3608735967],[4726132.928433834,2756353.633716754],[4726137.608655853,2756345.5549342977],[4726120.551825905,2756365.3608735967]]],[[[4726057.597784146,2756600.0477825548],[4726059.304161432,2756592.467515051],[4726057.127516631,2756535.80044447],[4726057.597784146,2756600.0477825548]]],[[[4726054.882158654,2756610.259767519],[4726055.890620954,2756607.63154047],[4726057.5938487295,2756600.0652649193],[4726054.882158654,2756610.259767519]]],[[[4726038.070183432,2756685.157649408],[4726047.257326663,2756644.366293147],[4726048.544008109,2756634.088759354],[4726038.070183432,2756685.157649408]]],[[[4726017.680907555,2756730.3044456868],[4726028.144776024,2756716.501323976],[4726038.062510348,2756685.1895101476],[4726017.680907555,2756730.3044456868]]],[[[4726001.402118271,2756821.655942385],[4725984.685009753,2756858.4194995295],[4726002.060357182,2756780.366537556],[4726001.402118271,2756821.655942385]]],[[[4725965.065194741,2756921.623003673],[4725953.134630678,2756955.0306182634],[4725966.62015248,2756914.6517959554],[4725965.065194741,2756921.623003673]]],[[[4725949.532852535,2756996.5780815254],[4725931.2621910265,2757029.6223100927],[4725950.238618846,2757006.9787342786],[4725949.532852535,2756996.5780815254]]],[[[4725908.481215909,2757063.014291084],[4725914.063705013,2757057.6495725494],[4725916.598165811,2757051.244197664],[4725908.481215909,2757063.014291084]]],[[[4725886.820175634,2757083.7881189617],[4725892.621181296,2757079.407480826],[4725907.848322499,2757063.6224956377],[4725886.820175634,2757083.7881189617]]],[[[4725867.897492239,2757117.494384029],[4725866.758912762,2757121.455563254],[4725868.177075806,2757116.9708058676],[4725867.897492239,2757117.494384029]]],[[[4725854.398051595,2757164.4596489086],[4725853.595552745,2757167.3526955643],[4725860.4241583105,2757143.494510365],[4725854.398051595,2757164.4596489086]]],[[[4725831.351895326,2757246.5552614816],[4725841.655485472,2757231.7592402757],[4725838.385582461,2757222.0786772408],[4725831.351895326,2757246.5552614816]]],[[[4725820.370986862,2757293.605969039],[4725825.893997818,2757279.17645747],[4725827.085884763,2757262.8052543653],[4725820.370986862,2757293.605969039]]],[[[4725813.5120994095,2757330.966562209],[4725800.000149997,2757343.492592166],[4725816.0717991255,2757316.6253549135],[4725813.5120994095,2757330.966562209]]],[[[4725793.385640855,2757373.7980470792],[4725783.022921347,2757408.5278499722],[4725778.8834100375,2757412.3623958807],[4725793.385640855,2757373.7980470792]]],[[[4725747.827097109,2757466.8836982492],[4725734.917684848,2757479.6503645256],[4725753.106596831,2757450.214187288],[4725747.827097109,2757466.8836982492]]],[[[4725718.658392489,2757527.495669104],[4725703.674376861,2757550.191670519],[4725719.485502058,2757515.3196934247],[4725718.658392489,2757527.495669104]]],[[[4725675.434558232,2757607.656737783],[4725650.88609416,2757630.392146357],[4725688.412842155,2757576.6082689683],[4725675.434558232,2757607.656737783]]],[[[4725601.880722976,2757741.9467178574],[4725618.652934912,2757724.4151282865],[4725617.757831793,2757715.060973554],[4725601.880722976,2757741.9467178574]]],[[[4725606.935292998,2757849.5922550214],[4725602.589967511,2757895.1888450976],[4725597.960808719,2757820.4561653915],[4725606.935292998,2757849.5922550214]]],[[[4725604.282469849,2757967.9830134055],[4725603.280256322,2757959.4406655743],[4725599.460295526,2757947.478673471],[4725604.282469849,2757967.9830134055]]],[[[4725631.893785156,2758047.4066959345],[4725616.577471626,2758010.104572938],[4725611.619878367,2757999.1820097286],[4725631.893785156,2758047.4066959345]]],[[[4725692.218522409,2758264.321544231],[4725686.458369781,2758277.1717173443],[4725681.502292199,2758289.2659219876],[4725692.218522409,2758264.321544231]]],[[[4725605.858246283,2758511.8562859483],[4725609.190071724,2758501.2918881727],[4725611.583239929,2758443.274669329],[4725605.858246283,2758511.8562859483]]],[[[4725598.6620233,2758593.5943328496],[4725598.269975777,2758597.2795045646],[4725600.799703591,2758569.3136635246],[4725598.6620233,2758593.5943328496]]],[[[4725607.219691187,2758679.0217255396],[4725605.534954276,2758691.47813523],[4725596.178349901,2758645.034332369],[4725607.219691187,2758679.0217255396]]],[[[4725616.473973666,2758771.456635046],[4725614.416763256,2758746.426987179],[4725603.277346618,2758733.7180960155],[4725616.473973666,2758771.456635046]]],[[[4725621.622255775,2758811.892586079],[4725609.958259502,2758831.1452748147],[4725618.732504703,2758789.195719932],[4725621.622255775,2758811.892586079]]],[[[4725654.962762314,2758970.2975724433],[4725646.865416937,2758950.9930225057],[4725631.5079620695,2758933.322264884],[4725654.962762314,2758970.2975724433]]],[[[4725675.909231564,2759006.446753622],[4725683.115882791,2759016.3619129965],[4725685.214682593,2759005.4388700286],[4725675.909231564,2759006.446753622]]],[[[4725699.087134207,2759038.335718764],[4725695.935197523,2759028.066932059],[4725687.4904416455,2759022.380582959],[4725699.087134207,2759038.335718764]]],[[[4725714.147066606,2759078.180285396],[4725715.4731351845,2759062.0734700346],[4725704.255171958,2759048.097170296],[4725714.147066606,2759078.180285396]]],[[[4725712.816461167,2759157.9243035177],[4725708.077074306,2759157.3488914147],[4725685.88143567,2759164.998265311],[4725712.816461167,2759157.9243035177]]],[[[4725555.034096448,2759243.8704260895],[4725557.656132657,2759241.9625209006],[4725580.350595538,2759224.1663009804],[4725555.034096448,2759243.8704260895]]],[[[4725515.850448512,2759239.361261788],[4725552.366680241,2759245.8113517687],[4725555.010426723,2759243.887649191],[4725515.850448512,2759239.361261788]]],[[[4725475.248633456,2759256.0768901724],[4725442.620535898,2759270.6943644364],[4725463.02776817,2759268.1792736244],[4725475.248633456,2759256.0768901724]]],[[[4725430.844735656,2759307.4629104435],[4725374.305697793,2759335.114578062],[4725377.890964743,2759341.360879566],[4725430.844735656,2759307.4629104435]]],[[[4725328.9001396615,2759340.683463116],[4725282.473328979,2759321.9025839446],[4725322.96756623,2759351.5186346094],[4725328.9001396615,2759340.683463116]]],[[[4725244.363496696,2759310.7183465576],[4725243.390163378,2759313.200031552],[4725282.461237446,2759321.898848024],[4725244.363496696,2759310.7183465576]]],[[[4725252.937815393,2759286.833818149],[4725251.071582196,2759291.620566165],[4725247.368143949,2759302.348633852],[4725252.937815393,2759286.833818149]]],[[[4725227.28040408,2759218.592402233],[4725227.512972291,2759226.3112038984],[4725246.278750739,2759243.7669360647],[4725227.28040408,2759218.592402233]]],[[[4725161.185579706,2759264.0002727327],[4725123.186010405,2759279.1099379566],[4725165.488231033,2759278.404900448],[4725161.185579706,2759264.0002727327]]],[[[4725089.395019704,2759271.0457575107],[4725117.174477319,2759279.893237812],[4725123.180370783,2759279.1106727975],[4725089.395019704,2759271.0457575107]]],[[[4725046.926744897,2759264.188361293],[4725034.275480541,2759235.834190763],[4725089.363303471,2759271.0399569576],[4725046.926744897,2759264.188361293]]],[[[4724982.277940169,2759258.6216868223],[4724983.597155538,2759255.814363589],[4724997.806269856,2759224.5172446417],[4724982.277940169,2759258.6216868223]]],[[[4724980.911312884,2759261.5299037555],[4724920.081161223,2759188.360731366],[4724898.832142643,2759202.9075786383],[4724897.5459301835,2759229.7989200344],[4724980.911312884,2759261.5299037555]]],[[[4724776.456259043,2759194.4941321905],[4724725.681574467,2759172.3854081733],[4724858.239791311,2759157.8243568293],[4724776.456259043,2759194.4941321905]]],[[[4724684.177177255,2759119.063961192],[4724723.160961271,2759170.380446752],[4724725.679027509,2759172.383382256],[4724684.177177255,2759119.063961192]]],[[[4724621.361204644,2759181.514065032],[4724602.938118759,2759218.8025555485],[4724608.655745841,2759159.2671567053],[4724621.361204644,2759181.514065032]]],[[[4724552.066793675,2759401.1074698134],[4724557.768614744,2759391.7567289127],[4724571.338283231,2759304.3697314896],[4724552.066793675,2759401.1074698134]]],[[[4724543.037727268,2759479.0433067093],[4724543.503305207,2759444.802119016],[4724541.37846742,2759436.2741529066],[4724543.037727268,2759479.0433067093]]],[[[4724382.437602913,2759552.926988194],[4724402.600950434,2759540.04607102],[4724415.290649907,2759528.318486302],[4724382.437602913,2759552.926988194]]],[[[4724322.909132671,2759577.1487907902],[4724323.710735404,2759577.1409601565],[4724354.102347733,2759565.767386415],[4724322.909132671,2759577.1487907902]]],[[[4724246.080005254,2759672.8855108824],[4724254.285347991,2759663.9004071034],[4724269.682580374,2759638.135532324],[4724246.080005254,2759672.8855108824]]],[[[4724223.702919539,2759688.4816132793],[4724237.866824523,2759681.8791979877],[4724246.073184272,2759672.8929800685],[4724223.702919539,2759688.4816132793]]],[[[4724178.568834929,2759753.3702300917],[4724155.385264351,2759761.689376313],[4724191.309869348,2759722.832294259],[4724178.568834929,2759753.3702300917]]],[[[4724085.995927031,2759805.3629303854],[4724131.821047379,2759776.2889430914],[4724137.116026485,2759768.2456731014],[4724085.995927031,2759805.3629303854]]],[[[4723906.293889483,2759959.417277105],[4723911.066496109,2759955.735624117],[4723936.085113739,2759913.4387931675],[4723906.293889483,2759959.417277105]]],[[[4723814.281813912,2760037.677397105],[4723809.412685888,2760045.0510277655],[4723818.313721311,2760034.2481514094],[4723814.281813912,2760037.677397105]]],[[[4723718.300359248,2760148.302021034],[4723734.325142374,2760142.8735079016],[4723745.397849621,2760113.132779123],[4723718.300359248,2760148.302021034]]],[[[4723675.914638257,2760171.596267596],[4723683.645455623,2760172.716193994],[4723704.242498536,2760157.4355264027],[4723675.914638257,2760171.596267596]]],[[[4723643.090846793,2760196.295706931],[4723630.921763051,2760203.3519020807],[4723639.850784519,2760208.063006272],[4723643.090846793,2760196.295706931]]],[[[4723596.119998596,2760223.531590762],[4723605.169920664,2760232.9764201236],[4723627.482906254,2760205.3459103676],[4723596.119998596,2760223.531590762]]],[[[4723555.102707731,2760232.5534310574],[4723566.833813342,2760244.6134484042],[4723579.276975422,2760227.7271736236],[4723555.102707731,2760232.5534310574]]],[[[4723468.61356219,2760265.9667007113],[4723399.913752476,2760246.145418818],[4723396.580826084,2760248.524221705],[4723468.61356219,2760265.9667007113]]],[[[4723350.852119166,2760246.303447713],[4723357.32185212,2760252.5793754165],[4723363.456649756,2760246.2628493593],[4723350.852119166,2760246.303447713]]],[[[4723332.985386517,2760257.705611759],[4723337.553355977,2760259.341972681],[4723337.025740438,2760255.127144267],[4723332.985386517,2760257.705611759]]],[[[4723314.790092985,2760269.3174635945],[4723289.245704926,2760291.3495661663],[4723319.38239128,2760283.5880021118],[4723314.790092985,2760269.3174635945]]],[[[4723289.67074825,2760321.826682303],[4723289.31282307,2760348.598612228],[4723294.05017482,2760329.7039308837],[4723289.67074825,2760321.826682303]]],[[[4723288.98766593,2760372.9191330415],[4723295.064224716,2760366.4923431017],[4723289.139842401,2760361.5369474078],[4723288.98766593,2760372.9191330415]]],[[[4723288.979975568,2760373.494339326],[4723250.327225359,2760365.784640432],[4723287.704650714,2760382.262910054],[4723288.979975568,2760373.494339326]]],[[[4722953.022306189,2760310.874226572],[4722949.037516349,2760275.0922202077],[4722981.145273896,2760320.292485977],[4722953.022306189,2760310.874226572]]],[[[4722771.538196802,2760273.8910044436],[4722808.641039699,2760278.752445007],[4722807.592171815,2760275.1850431194],[4722771.538196802,2760273.8910044436]]],[[[4722659.545877132,2760286.980464747],[4722670.790013981,2760287.20832057],[4722697.0140576055,2760283.4136582576],[4722659.545877132,2760286.980464747]]],[[[4722575.809446268,2760284.901980386],[4722648.286851688,2760286.7523117242],[4722659.361118954,2760286.9767207424],[4722575.809446268,2760284.901980386]]],[[[4722512.775323534,2760279.1575721605],[4722523.298925165,2760284.1999157364],[4722574.668801292,2760284.8728382494],[4722512.775323534,2760279.1575721605]]],[[[4722477.555285157,2760263.3114758953],[4722444.944995645,2760246.8144518216],[4722498.912936939,2760272.9966908107],[4722477.555285157,2760263.3114758953]]],[[[4722356.462296099,2760207.26723256],[4722366.986522723,2760214.80654579],[4722397.527356497,2760225.910540017],[4722356.462296099,2760207.26723256]]],[[[4722302.843467267,2760168.1055402104],[4722345.932705136,2760199.724080997],[4722356.416528933,2760207.2344460264],[4722302.843467267,2760168.1055402104]]],[[[4722242.209924163,2760171.892971317],[4722243.626128505,2760167.7805311484],[4722239.754509125,2760136.2683023526],[4722242.209924163,2760171.892971317]]],[[[4722240.628513404,2760213.948750092],[4722241.345388519,2760211.4231152968],[4722241.163108263,2760199.733498224],[4722240.628513404,2760213.948750092]]],[[[4722232.542259424,2760246.768701204],[4722216.237592943,2760269.2332269256],[4722229.617793164,2760258.5934110507],[4722232.542259424,2760246.768701204]]],[[[4722173.953134474,2760286.0476817368],[4722206.890014773,2760283.603261285],[4722211.42292271,2760275.7260094117],[4722173.953134474,2760286.0476817368]]],[[[4722150.339311884,2760322.2622553376],[4722118.122647581,2760337.4626894994],[4722152.0745582115,2760330.627178112],[4722150.339311884,2760322.2622553376]]],[[[4722033.419347219,2760351.981677415],[4722077.522264842,2760345.6279955897],[4722084.136264999,2760344.2976655043],[4722033.419347219,2760351.981677415]]],[[[4721800.121797057,2760390.9551790156],[4721822.50896944,2760392.4368357346],[4721829.599768475,2760390.862114409],[4721800.121797057,2760390.9551790156]]],[[[4721246.948580127,2760279.735436516],[4721499.936982454,2760359.5348391747],[4721505.153953341,2760360.1244432456],[4721246.948580127,2760279.735436516]]],[[[4721102.564548596,2760263.288352098],[4721114.622602797,2760266.409316103],[4721177.858060031,2760258.3153995452],[4721102.564548596,2760263.288352098]]],[[[4720905.286782678,2760385.862210706],[4720916.762190759,2760379.7644454404],[4720933.845710185,2760354.228307008],[4720905.286782678,2760385.862210706]]],[[[4720825.0014981795,2760404.445428209],[4720893.8071361,2760391.962240182],[4720905.281655081,2760385.8649353925],[4720825.0014981795,2760404.445428209]]],[[[4720780.528920411,2760431.6794820465],[4720785.107900752,2760429.409853778],[4720824.906035852,2760404.4971663416],[4720780.528920411,2760431.6794820465]]],[[[4720449.570818113,2760450.4501056443],[4720498.947345052,2760459.779385233],[4720510.785855125,2760460.1905119],[4720449.570818113,2760450.4501056443]]],[[[4719935.423930015,2760126.225478623],[4719962.7307943525,2760173.4558141846],[4719964.576481138,2760175.5693017794],[4719935.423930015,2760126.225478623]]],[[[4719693.796677206,2759770.384677754],[4719692.1717846235,2759779.5293556843],[4719709.157429221,2759803.693918733],[4719693.796677206,2759770.384677754]]],[[[4719651.506473632,2759748.071149001],[4719633.809980048,2759723.400861626],[4719633.724411225,2759742.4964874703],[4719651.506473632,2759748.071149001]]],[[[4719609.186361305,2759701.3547400963],[4719614.61467643,2759706.241022612],[4719633.455910024,2759723.0838549053],[4719609.186361305,2759701.3547400963]]],[[[4719603.655925918,2759692.946092576],[4719603.532591972,2759696.2655164325],[4719609.073140497,2759701.252824716],[4719603.655925918,2759692.946092576]]],[[[4719514.324623138,2759634.4363805144],[4719536.157340592,2759651.588119614],[4719543.614365067,2759649.65098941],[4719514.324623138,2759634.4363805144]]],[[[4719492.357068526,2759609.7204809566],[4719491.330870924,2759609.680461639],[4719496.502209978,2759614.384449655],[4719492.357068526,2759609.7204809566]]],[[[4719448.68243675,2759608.0172803802],[4719454.646426294,2759611.4237074857],[4719467.909063313,2759608.7670682594],[4719448.68243675,2759608.0172803802]]],[[[4719424.017993276,2759599.9486228735],[4719430.984038452,2759605.843169223],[4719438.69208234,2759604.8395967106],[4719424.017993276,2759599.9486228735]]],[[[4719401.560171678,2759595.1568378587],[4719403.750479488,2759596.6267746403],[4719405.30203621,2759595.306997773],[4719401.560171678,2759595.1568378587]]],[[[4719381.480944628,2759594.3510665805],[4719371.052508147,2759596.098070669],[4719390.022219836,2759594.693824066],[4719381.480944628,2759594.3510665805]]],[[[4719300.029743177,2759607.9959129924],[4719282.4071187675,2759616.135025284],[4719304.198100114,2759607.297626008],[4719300.029743177,2759607.9959129924]]],[[[4719165.839553338,2759640.8142426736],[4719163.307317239,2759644.7598325904],[4719169.273222048,2759639.7472189944],[4719165.839553338,2759640.8142426736]]],[[[4719146.521310949,2759670.91485829],[4719146.082027087,2759674.52989911],[4719148.211712852,2759668.280967532],[4719146.521310949,2759670.91485829]]],[[[4719110.510186603,2759739.4906370332],[4719145.096230064,2759717.8156184787],[4719141.696682985,2759707.7403005296],[4719110.510186603,2759739.4906370332]]],[[[4719089.1753184395,2759747.315240632],[4719090.512317228,2759747.412382002],[4719092.217421654,2759746.3508234895],[4719089.1753184395,2759747.315240632]]],[[[4719022.760543027,2759774.922670389],[4719064.817142741,2759760.6915983963],[4719069.737860513,2759753.477553746],[4719022.760543027,2759774.922670389]]],[[[4718946.852093531,2759793.8511651456],[4718950.830717188,2759799.417018682],[4718973.278324413,2759785.930966567],[4718946.852093531,2759793.8511651456]]],[[[4718921.877276901,2759784.3573208954],[4718929.670435929,2759792.474453871],[4718938.419958917,2759793.08194876],[4718921.877276901,2759784.3573208954]]],[[[4718905.410963878,2759775.6729737725],[4718882.212187225,2759758.1000388605],[4718909.5133016445,2759777.8365497664],[4718905.410963878,2759775.6729737725]]],[[[4718791.4329071855,2759712.8993776757],[4718783.396338153,2759709.273154234],[4718804.108763558,2759718.449275599],[4718791.4329071855,2759712.8993776757]]],[[[4718752.473954003,2759695.3204665678],[4718758.473296631,2759703.0477185007],[4718777.369500999,2759706.5537530254],[4718752.473954003,2759695.3204665678]]],[[[4718659.801578188,2759735.7744871965],[4718699.883344214,2759719.8906854196],[4718704.055620897,2759703.9194891825],[4718659.801578188,2759735.7744871965]]],[[[4718630.635524356,2759735.730015331],[4718650.193283161,2759736.0383645375],[4718659.770060168,2759735.7753527905],[4718630.635524356,2759735.730015331]]],[[[4718586.210761239,2759735.9116416913],[4718599.199501974,2759738.920909906],[4718630.569608808,2759735.7299622977],[4718586.210761239,2759735.9116416913]]],[[[4718563.901304361,2759719.1371205067],[4718573.2150465995,2759732.900758445],[4718586.206297143,2759735.910607437],[4718563.901304361,2759719.1371205067]]],[[[4718530.001128697,2759691.32876274],[4718546.212182433,2759708.984354281],[4718552.885427323,2759710.8529915363],[4718530.001128697,2759691.32876274]]],[[[4718498.2643081555,2759654.337340411],[4718489.060564493,2759636.635512267],[4718505.844447125,2759663.1726393946],[4718498.2643081555,2759654.337340411]]],[[[4718469.679470677,2759570.0186054627],[4718464.106523214,2759597.2684433595],[4718475.2424590085,2759609.4008143395],[4718469.679470677,2759570.0186054627]]],[[[4718445.328074389,2759530.1012776983],[4718443.554605071,2759533.4978600475],[4718452.614030251,2759540.436199963],[4718445.328074389,2759530.1012776983]]],[[[4718406.600330072,2759502.2067931048],[4718398.615089928,2759480.947618168],[4718416.655007872,2759509.015333226],[4718406.600330072,2759502.2067931048]]],[[[4718365.998044074,2759441.0695402273],[4718372.24284689,2759448.5888091046],[4718379.01665009,2759454.4017467075],[4718365.998044074,2759441.0695402273]]],[[[4718310.953041634,2759415.212252282],[4718312.097700106,2759415.7680430184],[4718337.089627449,2759416.382540707],[4718310.953041634,2759415.212252282]]],[[[4718258.592012666,2759426.298171486],[4718271.370685149,2759428.194718165],[4718285.01670075,2759418.618951989],[4718258.592012666,2759426.298171486]]],[[[4718251.224118607,2759428.439343365],[4718225.429491632,2759423.4867825136],[4718239.651995106,2759430.938529777],[4718251.224118607,2759428.439343365]]],[[[4718209.124998838,2759420.356325442],[4718200.098707319,2759424.1408321476],[4718205.259995579,2759424.628765423],[4718209.124998838,2759420.356325442]]],[[[4718172.420701595,2759435.7457284387],[4718176.850842169,2759435.802258956],[4718187.747505869,2759429.3194398386],[4718172.420701595,2759435.7457284387]]],[[[4718089.803900753,2759492.5354675986],[4718101.5910553895,2759487.8860637634],[4718134.774245609,2759462.2789594796],[4718089.803900753,2759492.5354675986]]],[[[4718048.107858347,2759513.870880916],[4718050.03608664,2759513.762854578],[4718060.901589282,2759507.324646567],[4718048.107858347,2759513.870880916]]],[[[4717942.284748495,2759529.9981304635],[4717968.9557969645,2759529.803708085],[4717977.43524526,2759521.654043442],[4717942.284748495,2759529.9981304635]]],[[[4717903.402828764,2759519.6649193955],[4717927.182359976,2759534.8714652285],[4717931.929338651,2759532.4555726275],[4717903.402828764,2759519.6649193955]]],[[[4717762.332686265,2759489.174255617],[4717760.055424148,2759489.2998970225],[4717811.0332227005,2759498.139621735],[4717762.332686265,2759489.174255617]]],[[[4717676.678754857,2759475.586512466],[4717710.925772792,2759495.3984857434],[4717727.408677358,2759490.6604456836],[4717676.678754857,2759475.586512466]]],[[[4717628.894406078,2759444.2388601815],[4717609.800265326,2759399.9174165647],[4717620.916406536,2759373.451099321],[4717628.894406078,2759444.2388601815]]],[[[4717593.796594062,2759272.5395664982],[4717592.441543932,2759258.66669615],[4717604.880514798,2759283.340925181],[4717593.796594062,2759272.5395664982]]],[[[4717549.154689571,2759209.7979249866],[4717515.984339275,2759186.0690042675],[4717528.197838096,2759201.9317143233],[4717549.154689571,2759209.7979249866]]],[[[4717510.113836545,2759157.921629572],[4717507.3894479945,2759169.646938387],[4717515.983516737,2759186.067935969],[4717510.113836545,2759157.921629572]]],[[[4717494.100130738,2759121.529167804],[4717474.928536719,2759006.233459825],[4717506.433653391,2758980.9941466227],[4717494.100130738,2759121.529167804]]],[[[4717534.528624022,2758914.6956291897],[4717535.306551949,2758911.925965569],[4717536.560004431,2758926.1423034146],[4717534.528624022,2758914.6956291897]]],[[[4717544.525903413,2758879.101999144],[4717540.620435674,2758889.950321342],[4717537.132703496,2758905.4242904023],[4717544.525903413,2758879.101999144]]],[[[4717500.053878781,2758688.8603363945],[4717489.075804546,2758660.2818897236],[4717510.807141225,2758705.138306209],[4717500.053878781,2758688.8603363945]]],[[[4717433.033844756,2758609.4926246465],[4717423.162192219,2758565.8082622234],[4717393.341848072,2758549.8301911047],[4717404.566764939,2758614.808501811],[4717417.618646602,2758616.103651832],[4717433.033844756,2758609.4926246465]]],[[[4717445.748772699,2758536.1978453817],[4717447.78500368,2758532.424787913],[4717444.699053392,2758538.535682194],[4717445.748772699,2758536.1978453817]]],[[[4717414.659268467,2758443.801892362],[4717415.904284369,2758429.2466996135],[4717428.70206808,2758451.554899644],[4717414.659268467,2758443.801892362]]],[[[4717378.937805378,2758369.425906631],[4717377.532657189,2758362.0958033903],[4717396.400441766,2758376.5152333314],[4717378.937805378,2758369.425906631]]],[[[4717354.954740078,2758313.5608511628],[4717366.796202845,2758333.2986302725],[4717372.179047685,2758338.0037858435],[4717354.954740078,2758313.5608511628]]],[[[4717367.212714504,2758282.717314032],[4717357.427325554,2758293.8244226356],[4717354.953732196,2758313.559171188],[4717367.212714504,2758282.717314032]]],[[[4717311.938358957,2758203.413457128],[4717344.536744767,2758209.589741475],[4717351.227816773,2758209.8282554494],[4717311.938358957,2758203.413457128]]],[[[4717272.571352521,2758191.136589374],[4717278.392748493,2758146.5288362224],[4717311.900039979,2758203.405754115],[4717272.571352521,2758191.136589374]]],[[[4717291.311101966,2758115.3427437544],[4717307.232975032,2758100.3332739235],[4717284.680583008,2758131.3499265565],[4717291.311101966,2758115.3427437544]]],[[[4717310.298000007,2757996.741390442],[4717334.535658322,2757977.1931120856],[4717347.2684504725,2758015.273474867],[4717310.298000007,2757996.741390442]]],[[[4717381.800600542,2757898.012268151],[4717380.082991952,2757905.549705106],[4717382.300089167,2757912.1977073858],[4717381.800600542,2757898.012268151]]],[[[4717376.794132227,2757830.443068655],[4717387.309603875,2757825.8892733064],[4717425.308802115,2757817.137871098],[4717397.824417413,2757821.334728195],[4717376.794132227,2757830.443068655]]],[[[4717437.575502822,2757776.193208156],[4717466.999957949,2757771.0816187384],[4717443.183924843,2757763.5256584543],[4717437.575502822,2757776.193208156]]],[[[4717461.717649007,2757636.961448442],[4717452.793516479,2757648.153641244],[4717477.111425781,2757677.726666923],[4717461.717649007,2757636.961448442]]],[[[4717503.767534242,2757507.9631334245],[4717493.1133083375,2757534.777084534],[4717491.605255997,2757545.3964789514],[4717503.767534242,2757507.9631334245]]],[[[4717471.089774169,2757465.9259253065],[4717471.114574085,2757453.468442154],[4717512.6262327265,2757389.816834299],[4717469.901408165,2757450.248777964],[4717471.089774169,2757465.9259253065]]],[[[4717520.837246531,2757310.8614239357],[4717524.719486003,2757320.0432374654],[4717530.411071505,2757330.3402267415],[4717520.837246531,2757310.8614239357]]],[[[4717489.743223889,2757260.67909814],[4717504.323779569,2757235.81718729],[4717510.674935523,2757290.1863782317],[4717489.743223889,2757260.67909814]]],[[[4717478.114073585,2757156.8921642015],[4717473.848543913,2757112.607036498],[4717499.092127126,2757172.051050738],[4717478.114073585,2757156.8921642015]]],[[[4717397.220332974,2757083.613056265],[4717404.090338911,2757083.2941418276],[4717406.516505143,2757082.281779242],[4717397.220332974,2757083.613056265]]],[[[4717361.407802215,2757113.07798213],[4717323.215963585,2757103.185548448],[4717378.610793274,2757095.6384217273],[4717361.407802215,2757113.07798213]]],[[[4717308.094676826,2757072.5976032345],[4717310.592892524,2757082.4838758083],[4717323.214761754,2757103.1842211047],[4717308.094676826,2757072.5976032345]]],[[[4717279.1203780165,2757048.560510525],[4717271.799050679,2757044.006836304],[4717284.237611618,2757052.631556798],[4717279.1203780165,2757048.560510525]]],[[[4717240.992176268,2757024.8457276616],[4717244.8170977915,2757029.821256023],[4717259.4983033,2757036.356085161],[4717240.992176268,2757024.8457276616]]],[[[4717233.916875954,2757006.248349427],[4717237.165363057,2757019.8677349174],[4717240.991292562,2757024.844578122],[4717233.916875954,2757006.248349427]]],[[[4717227.368978305,2756989.036119096],[4717225.619641622,2756929.1865670425],[4717229.187315444,2756926.3829068737],[4717221.442162139,2756930.535040194],[4717219.538943946,2756934.2254170002],[4717227.368978305,2756989.036119096]]],[[[4717169.536112826,2756813.484732962],[4717165.676975351,2756780.6159202103],[4717194.690366358,2756836.3293867786],[4717169.536112826,2756813.484732962]]],[[[4717162.847862562,2756730.6646457314],[4717164.125163197,2756719.3161748783],[4717164.828566173,2756768.784573691],[4717162.847862562,2756730.6646457314]]],[[[4717166.649431234,2756696.8887049584],[4717166.582235458,2756696.6297048633],[4717166.607907801,2756697.2576302737],[4717166.649431234,2756696.8887049584]]],[[[4717159.2927665645,2756667.141726996],[4717169.040178845,2756607.1375040347],[4717169.178012298,2756606.693697806],[4717159.2927665645,2756667.141726996]]],[[[4717180.546112746,2756570.089669478],[4717197.629474427,2756543.036508898],[4717181.420464262,2756560.5591513235],[4717180.546112746,2756570.089669478]]],[[[4717243.171722145,2756440.196712467],[4717243.426580487,2756438.392982719],[4717242.597501543,2756441.705983509],[4717243.171722145,2756440.196712467]]],[[[4717204.807136459,2756317.3077025767],[4717213.040648138,2756325.2453242764],[4717214.061257147,2756326.1038139686],[4717204.807136459,2756317.3077025767]]],[[[4717186.727539865,2756288.4098972687],[4717196.504028378,2756309.302975348],[4717204.771965852,2756317.2737958822],[4717186.727539865,2756288.4098972687]]],[[[4717137.18219665,2756217.9914735085],[4717133.982098689,2756223.919340705],[4717157.298278519,2756249.361275754],[4717137.18219665,2756217.9914735085]]],[[[4717122.8833366195,2756177.3885599],[4717122.407626592,2756134.3224279853],[4717130.927321302,2756203.3563744444],[4717122.8833366195,2756177.3885599]]],[[[4717075.556385307,2756055.7505128137],[4717075.45707054,2756055.721586172],[4717075.60190461,2756055.8072255477],[4717075.556385307,2756055.7505128137]]],[[[4717059.81556363,2756051.165808443],[4717015.102134291,2756018.38763442],[4717012.954542219,2756020.1961669843],[4717037.798590919,2756050.6419968028],[4717059.81556363,2756051.165808443]]],[[[4716927.779299985,2756007.7614558437],[4716932.83899473,2756008.3944198014],[4716942.624826682,2756005.864111297],[4716927.779299985,2756007.7614558437]]],[[[4716897.260387392,2756001.895607461],[4716906.366457523,2756005.0005233414],[4716927.762104959,2756007.759305269],[4716897.260387392,2756001.895607461]]],[[[4716809.034916924,2756023.839171059],[4716804.323284655,2756024.285580498],[4716817.25587732,2756018.408144609],[4716809.034916924,2756023.839171059]]],[[[4716710.51607706,2756060.5079870746],[4716728.562526696,2756051.4206091315],[4716738.053029084,2756045.4410012797],[4716710.51607706,2756060.5079870746]]],[[[4716663.24808436,2756067.618656634],[4716705.742015213,2756062.820428719],[4716710.0175252445,2756060.7427703403],[4716663.24808436,2756067.618656634]]],[[[4716583.950294859,2756110.189471139],[4716578.784687133,2756112.708858008],[4716601.937335459,2756091.1824722593],[4716583.950294859,2756110.189471139]]],[[[4715080.818347845,2756241.0912482645],[4715131.325784574,2756245.33851726],[4715143.222561339,2756243.8537456887],[4715080.818347845,2756241.0912482645]]],[[[4715006.266828447,2756236.929370721],[4715014.338982708,2756241.39895303],[4715052.865026689,2756239.6060705697],[4715006.266828447,2756236.929370721]]],[[[4714977.511850485,2756219.1315244082],[4714998.1914601475,2756232.4580096607],[4715006.25614564,2756236.9234556127],[4714977.511850485,2756219.1315244082]]],[[[4714947.41540716,2756189.103742877],[4714952.636609561,2756197.990810441],[4714977.485504449,2756219.1139147887],[4714947.41540716,2756189.103742877]]],[[[4714814.447251732,2756166.723968188],[4714826.314765255,2756167.8686413146],[4714846.15670185,2756161.691722961],[4714814.447251732,2756166.723968188]]],[[[4714791.072920587,2756143.896993738],[4714808.788362805,2756106.835567496],[4714814.443294618,2756166.723586509],[4714791.072920587,2756143.896993738]]],[[[4714736.25960838,2756084.1019785064],[4714745.837533374,2756078.7986376435],[4714747.509448464,2756077.491209483],[4714736.25960838,2756084.1019785064]]],[[[4714723.646136986,2756090.6034166603],[4714726.617982566,2756089.4405921786],[4714736.200333866,2756084.1347990804],[4714723.646136986,2756090.6034166603]]],[[[4714661.414583699,2756123.4579875404],[4714687.166114548,2756112.944715785],[4714695.339385474,2756105.205239182],[4714661.414583699,2756123.4579875404]]],[[[4714574.934780353,2756113.061252096],[4714601.623664426,2756123.080194245],[4714619.724169682,2756119.4824249353],[4714574.934780353,2756113.061252096]]],[[[4714505.728066795,2756121.550715016],[4714509.589816853,2756122.97244536],[4714511.763272865,2756122.643154691],[4714505.728066795,2756121.550715016]]],[[[4714426.20496304,2756130.0938054137],[4714438.969014974,2756128.909261084],[4714464.206523002,2756118.531599504],[4714426.20496304,2756130.0938054137]]],[[[4714313.793425667,2756212.631880091],[4714318.971219866,2756208.8732452476],[4714322.039833885,2756184.0584891266],[4714313.793425667,2756212.631880091]]],[[[4714255.946275096,2756231.264143555],[4714308.614112997,2756216.3916187133],[4714313.7903504325,2756212.634112448],[4714255.946275096,2756231.264143555]]],[[[4714113.270746601,2756287.6231368924],[4714204.156875632,2756247.9426942933],[4714209.844817957,2756245.1572728837],[4714113.270746601,2756287.6231368924]]],[[[4713925.776047563,2756435.4482571883],[4713860.299454077,2756443.290612749],[4713949.121974334,2756399.55472857],[4713925.776047563,2756435.4482571883]]],[[[4713756.627590136,2756457.6532758926],[4713767.071778528,2756458.112604855],[4713797.470788502,2756452.7522164965],[4713756.627590136,2756457.6532758926]]],[[[4713584.965220338,2756551.8664795673],[4713637.510930205,2756539.04963169],[4713644.167530405,2756528.7024294734],[4713584.965220338,2756551.8664795673]]],[[[4713518.204889795,2756538.272395251],[4713571.267424785,2756550.076323044],[4713584.953184086,2756551.8649065876],[4713518.204889795,2756538.272395251]]],[[[4713380.1574532585,2756555.065685118],[4713386.2521109115,2756558.829190214],[4713452.576333333,2756544.395722422],[4713380.1574532585,2756555.065685118]]],[[[4713218.928476172,2756609.0922434255],[4713235.0040293,2756610.6535136853],[4713242.926305882,2756602.8224609676],[4713218.928476172,2756609.0922434255]]],[[[4713128.57839812,2756645.217666451],[4713165.487349968,2756637.943912946],[4713170.655538158,2756632.5720317154],[4713128.57839812,2756645.217666451]]],[[[4713087.855911879,2756657.9466029797],[4713088.999770384,2756660.837527511],[4713128.5580876535,2756645.223911664],[4713087.855911879,2756657.9466029797]]]]}},{"type":"Feature","properties":{"flugjahr":"DTM:2019, DSM:2009","gebiet":"Steiermark"},"geometry":{"type":"Polygon","coordinates":[[[4782784.802295787,2664968.8814432803],[4782588.682254159,2664580.5278561166],[4782513.825514253,2664004.031362685],[4782620.208539023,2663546.088257128],[4782560.192911591,2663263.3908014186],[4782391.437206422,2663069.2831546576],[4782087.999028854,2662963.0710685086],[4781853.844397338,2662722.9316725964],[4781495.690602607,2662862.374338717],[4781347.313460044,2662530.21908677],[4780863.623009636,2662186.90293735],[4780772.928540445,2662001.0129462043],[4780798.904196875,2660869.0281456043],[4780458.809851148,2660831.9638295076],[4779941.270777331,2660342.301979511],[4779815.372842393,2660113.021643359],[4779449.1431034645,2659849.6634870563],[4779210.779478924,2659818.8161413213],[4779148.464850312,2659711.257179841],[4778952.734703054,2658977.8430153825],[4778913.525028743,2658342.8202878614],[4779038.523533507,2657884.14063997],[4779024.322860873,2656835.1753445496],[4778557.528586474,2655832.305507651],[4778600.362965178,2655659.5837175073],[4778960.706152015,2655414.9549139785],[4778692.770257333,2654850.8695759363],[4773133.423368184,2654330.100386924],[4772593.074832295,2661317.9061584147],[4776654.449525615,2665562.1336680828],[4777518.721410427,2665500.9699305375],[4778843.418720968,2665249.335730107],[4780525.811931703,2665357.214256303],[4781254.5680150185,2665166.7359052743],[4782784.802295787,2664968.8814432803]]]}},{"type":"Feature","properties":{"flugjahr":"2012-2019","gebiet":"Salzburg"},"geometry":{"type":"Polygon","coordinates":[[[4590223.18393761,2706213.048372845],[4580091.760822668,2705749.3059269674],[4579764.057954969,2713238.046240296],[4584761.601672135,2713463.8919559075],[4584717.864180819,2714462.4089870634],[4587216.630096425,2714575.4113513594],[4587260.390222359,2713576.8984474256],[4589759.068186123,2713689.9460655316],[4589802.812784253,2712691.414350642],[4591826.388918136,2712783.0462364475],[4591855.896333113,2712663.472686145],[4591744.4024475645,2712393.162336092],[4591874.407957172,2712180.9107061345],[4591954.130557181,2711789.8302368],[4591747.655889979,2711454.2604903923],[4591747.2525591785,2711304.3728407416],[4591578.439762866,2711219.59348249],[4591471.763457002,2711017.097222728],[4591439.436471658,2710291.1590401977],[4590999.012576216,2709643.089272831],[4590995.811853257,2709433.5665145717],[4590859.47493633,2709231.373421683],[4590716.417846422,2708000.1494327914],[4590301.1482777,2707690.114178464],[4589953.0380673325,2707233.925140557],[4590094.378223432,2706750.9516700865],[4590059.177524942,2706433.869398281],[4590223.18393761,2706213.048372845]]]}},{"type":"Feature","properties":{"flugjahr":"2012","gebiet":"Steiermark"},"geometry":{"type":"Polygon","coordinates":[[[4623100.281643415,2672049.578079286],[4623497.331435334,2672271.7773459563],[4623804.428801429,2672328.7834100877],[4624224.001698262,2672655.1111194827],[4624478.859533312,2672531.6107923705],[4624580.129363234,2672070.8617041814],[4624399.039655627,2671904.503048108],[4624017.943782386,2671270.7187799728],[4623864.755379616,2670557.2480957126],[4624032.35680461,2670137.5585419787],[4624035.18488828,2669774.4241453107],[4624194.034156927,2669440.3980679316],[4624435.420318025,2669258.231492902],[4624834.82015178,2668370.739260596],[4624962.6736126775,2667897.211204894],[4624687.111874213,2667829.6384406826],[4624224.117033974,2668337.9672302185],[4624115.914207868,2668705.317356677],[4623779.866694506,2669059.308770829],[4623433.626634355,2669210.689826048],[4623253.446877379,2670446.3952614395],[4623021.72385705,2670843.1514185974],[4623100.281643415,2672049.578079286]]]}},{"type":"Feature","properties":{"flugjahr":"DTM:2019, DSM:2011","gebiet":"Steiermark"},"geometry":{"type":"Polygon","coordinates":[[[4632523.080945875,2721679.823808854],[4632838.309514575,2721830.59655162],[4633220.326597346,2721567.8990540416],[4633659.5281923935,2721562.907489051],[4633589.806465793,2721435.741956688],[4633656.376292735,2720878.2549846936],[4633553.1045961855,2720356.057229685],[4633750.392745757,2719969.6928240904],[4634009.597772942,2719747.302839575],[4634101.790687204,2719450.2299831514],[4633954.149201984,2719208.271845396],[4633580.466793527,2719186.2109651044],[4632993.10986107,2719740.9500998436],[4632769.789346208,2720104.107813453],[4632530.318144714,2720834.8814813434],[4632523.080945875,2721679.823808854]]]}},{"type":"Feature","properties":{"flugjahr":"2010","gebiet":"Steiermark"},"geometry":{"type":"Polygon","coordinates":[[[4664452.97235653,2702804.3451742833],[4664565.360066178,2700818.918302595],[4661537.8481310345,2700614.854430655],[4661462.947646857,2700553.309279854],[4661784.809509414,2695621.573316519],[4655545.159773282,2695195.2390866997],[4655448.05064371,2696669.3325093547],[4656047.941388209,2696750.248316572],[4655993.10515584,2697235.526057039],[4652931.6525198305,2697032.8512290753],[4652887.6823002435,2697478.3227643454],[4652819.898353913,2697523.2972383443],[4647892.602894723,2697203.6106081046],[4647541.941289213,2702680.165677407],[4648639.717997368,2702701.5043692673],[4649277.130148836,2702794.8297736077],[4649207.535520738,2702715.521394571],[4649463.998093754,2702683.5319361147],[4650061.023793831,2702849.5257998053],[4651152.5051044645,2702824.3124922346],[4651439.473617546,2702911.2817642028],[4651568.369257068,2702840.825934187],[4651694.877167194,2702957.178939472],[4652483.291989196,2703010.411767527],[4652604.089048097,2702019.2414614833],[4664452.97235653,2702804.3451742833]]]}},{"type":"Feature","properties":{"flugjahr":"2012","gebiet":"Steiermark"},"geometry":{"type":"Polygon","coordinates":[[[4684084.077977351,2747516.9726151074],[4684887.360705078,2735292.597404748],[4680572.182191208,2734972.2366157337],[4680450.486062016,2735964.348786419],[4678730.058848957,2735854.728834238],[4678754.717101924,2736086.8752415935],[4678976.973298212,2736208.4834772497],[4678734.880873205,2737364.2629965725],[4678622.153718995,2737522.5637782305],[4677997.342719031,2737868.366575713],[4677463.295205757,2738493.7932510083],[4676503.82879971,2738940.68483037],[4676459.911958803,2739334.2519873893],[4676182.718899484,2739592.3478216548],[4676096.073609431,2739878.5369531712],[4676143.94062571,2740035.4236780605],[4676055.681347711,2740122.9237623857],[4675322.410822318,2739731.3403363787],[4675004.630745864,2739701.4898536587],[4674944.464098403,2739833.2601744337],[4675017.546107886,2740154.1795137315],[4674556.752600353,2740476.4117982327],[4674511.4120336585,2740885.077696082],[4674399.4395636665,2741037.634633656],[4674021.647299165,2741189.732591776],[4674120.129784385,2741394.457992117],[4673615.635404401,2741666.9245299934],[4673263.738846579,2742022.7972560707],[4673120.419273522,2742366.4185944744],[4672453.157276282,2742602.089401232],[4672324.880528359,2742714.792646076],[4672416.200411163,2742932.2062788145],[4672644.758410186,2743004.275052448],[4672912.166058629,2743239.1247759513],[4673013.063795565,2743445.393101145],[4673010.220666689,2743768.72834038],[4672743.61693157,2743893.5648213383],[4672311.982610685,2744318.8689306825],[4671829.230294412,2744434.267276773],[4671692.030762471,2744651.3568902756],[4671787.71146341,2744879.5794202434],[4672006.68869319,2744827.982338752],[4672000.6647185655,2744957.907556567],[4673493.291710908,2745026.611771687],[4673382.8944721855,2747523.2654518033],[4676663.723732697,2747673.7353443108],[4677231.585965879,2747294.372185153],[4677812.392399916,2747193.0978575856],[4678071.816939478,2746995.9262184063],[4678556.187320134,2746270.392428609],[4679207.055068877,2746548.1437178194],[4679996.812534905,2747029.5851397053],[4680350.575348823,2747389.5325898626],[4680756.089040824,2747507.6529237004],[4680870.355671035,2747734.7910319776],[4681224.6863329355,2747814.6003506123],[4681648.162019958,2747677.2627288196],[4682269.405195935,2748504.8672134164],[4683362.683189654,2748521.609110752],[4683219.108101775,2748167.061561801],[4683248.720441092,2747981.998036887],[4683527.744228809,2747736.4474598747],[4683781.170207239,2747758.488916534],[4683963.229526626,2747474.072031846],[4684084.077977351,2747516.9726151074]]]}},{"type":"Feature","properties":{"flugjahr":"2017","gebiet":"Steiermark"},"geometry":{"type":"Polygon","coordinates":[[[4722040.318946876,2712174.279866139],[4722191.085919193,2711834.8135753777],[4722249.638424779,2711410.3078869693],[4721967.734858474,2710432.878926838],[4722005.308069043,2710195.3319597235],[4722214.084335332,2710114.998507946],[4723018.702781815,2710063.581854288],[4723981.837280088,2709717.737955884],[4724199.271885425,2709541.759049943],[4724461.698131333,2709153.395237178],[4724924.320858055,2708834.6689106757],[4725124.556196076,2707952.709896646],[4725339.912923508,2707420.841580184],[4725475.795478592,2707122.101818297],[4725677.165511343,2707076.428382025],[4725773.561569081,2706873.6143535245],[4725806.18523956,2706378.1894273087],[4726739.547516624,2705007.316016827],[4726788.249375765,2704776.594732045],[4727211.063548582,2704185.224407536],[4727633.44469708,2703778.262225338],[4727746.317868862,2703259.470085927],[4727695.338881488,2702892.111487909],[4727355.938364968,2702389.505748058],[4727120.388857329,2702224.098990217],[4726119.746662149,2701778.839438514],[4725617.661141956,2701672.0070979786],[4724763.767937132,2701060.278502522],[4724082.935675949,2700769.0184670635],[4723541.943280563,2700655.4109646482],[4723145.62673066,2700355.1176687176],[4723407.698692172,2700202.3214791464],[4723861.073564938,2700248.238626191],[4724172.157830204,2700135.5730737858],[4724492.156641034,2699856.1018721783],[4724688.660560573,2699371.946324926],[4724414.026677773,2698100.1934164115],[4724070.016959497,2697922.963903222],[4723713.348086469,2697508.586887981],[4723666.639689971,2696873.5901893396],[4723454.755507814,2696345.3951194086],[4723473.650313196,2696110.0879519056],[4723985.404848681,2695888.156939275],[4724179.675910348,2695493.06480791],[4724668.414348211,2694955.9910518937],[4724949.465343932,2694837.276990813],[4725318.623559249,2694502.369871654],[4725642.3453920465,2694023.632205409],[4725797.332829175,2693003.373442759],[4726276.947433121,2692762.8845945266],[4726369.926922949,2692640.742030218],[4726356.971936341,2692426.3540634727],[4726117.055351262,2692260.4470282565],[4726134.327020867,2692072.1259221784],[4725228.459173243,2691056.086601206],[4724963.886299114,2692144.8757260824],[4724859.597923785,2693102.347145383],[4725153.736767972,2693694.1817318755],[4724873.350482773,2693715.7100617625],[4724392.191634313,2693475.4211345473],[4723739.751160491,2694027.7851153444],[4723231.30157075,2694166.552637582],[4722871.001657572,2694709.7517023114],[4722662.86315794,2696357.488572604],[4722851.558633418,2696981.9358186466],[4722436.180688323,2697983.662551951],[4722417.052002577,2698280.0447856337],[4722531.388037272,2698576.2203863394],[4723248.347742154,2699329.806449128],[4723152.257161949,2699448.717417607],[4722543.454655378,2699515.840328863],[4722360.625515548,2699645.510765921],[4722188.083357269,2700229.027687808],[4722425.763932149,2700868.8672462543],[4722596.927241482,2701123.3100039386],[4722856.400089579,2701297.506473734],[4723375.651597922,2701512.1469311137],[4723833.200598596,2701420.5602422943],[4724374.044332,2701560.866164699],[4725456.1552971,2702252.8040871676],[4726290.407153416,2702644.2912637107],[4726746.117517546,2703311.689680276],[4726862.127559468,2703790.0484836274],[4726130.673109982,2704729.908351084],[4725275.667797826,2705639.3419814976],[4725048.3076892765,2706333.870570856],[4724655.809202433,2706830.2593631214],[4724440.196772549,2707540.4417561092],[4724234.509851442,2707699.205232869],[4723564.810764304,2708790.540550517],[4722975.3229717435,2709202.9665962295],[4722133.568440165,2709408.747092585],[4721564.288155271,2709782.5966415373],[4721288.2228459595,2710520.4091365174],[4721598.036192065,2711472.5084179807],[4721568.210626068,2711739.8270044774],[4721413.331911368,2711822.815809564],[4721058.3482744135,2711631.928995765],[4720201.41432018,2711502.908461299],[4719939.908502077,2711641.218906847],[4719713.53845654,2711830.125038974],[4719639.330849551,2712010.1499472773],[4719512.3237116495,2712845.9422217757],[4719647.864479879,2713141.7390154926],[4719514.183470767,2713181.186042886],[4718975.584555951,2713038.312925094],[4718681.427977528,2713150.9788108324],[4718311.659752811,2713141.415591733],[4717931.958336669,2712956.0855608163],[4717805.648080876,2712797.3271847316],[4717551.6742350245,2712742.874415819],[4717406.742783726,2712604.227051899],[4717196.509402644,2712592.646737933],[4716963.649379163,2712348.576247642],[4716656.48054723,2712300.8384839254],[4715995.02213479,2712016.5897798752],[4714931.381956562,2712237.2703099702],[4714503.576452579,2712810.32440728],[4713860.534937848,2713052.440333281],[4713534.378974506,2713066.5919704353],[4712932.447204713,2712540.0081998473],[4712615.978671394,2712109.93775966],[4712274.867577533,2711954.369933693],[4711497.898450456,2711798.367349344],[4710596.2629416585,2711259.467944233],[4710301.531412319,2711606.6088285884],[4710218.706023115,2711845.383771003],[4710281.29988664,2711919.3259878624],[4710190.21287129,2711910.3539468497],[4710145.532472849,2712250.221118519],[4710209.319641631,2712565.6238862616],[4710679.365764149,2712924.555907742],[4711137.59108948,2712976.1205476047],[4711782.786186571,2712918.23120103],[4712252.945622694,2713033.582737514],[4712568.079412429,2713281.90248786],[4712807.9515753025,2713814.092139194],[4713456.75421434,2714086.703303688],[4713832.3926612325,2714111.0026035444],[4714064.038256189,2714028.9967427147],[4714872.819872175,2713495.2289223764],[4715576.871572514,2713267.1822093013],[4716637.304332293,2713616.0662543094],[4717702.812263391,2714386.7368483674],[4718111.653579274,2714488.7116181278],[4718504.417838089,2714443.7572514545],[4718787.757201208,2714545.597499134],[4719305.208923652,2714545.6426780694],[4719373.140462808,2714350.644966391],[4719773.704734017,2714143.2780699716],[4720221.788421202,2713573.0959494957],[4720279.321910046,2713208.826963449],[4720240.599508208,2712491.1304353816],[4720629.459163485,2712435.8179106787],[4721051.095966269,2712494.4834768106],[4721696.057230476,2712363.1446502306],[4722040.318946876,2712174.279866139]]]}},{"type":"Feature","properties":{"flugjahr":"2010-2011","gebiet":"Steiermark"},"geometry":{"type":"Polygon","coordinates":[[[4633674.798441699,2721567.3487246837],[4633798.05667039,2721481.471347896],[4634236.315968871,2722177.3785748594],[4634650.02824983,2722533.7541805343],[4634874.726296402,2722904.553622822],[4635549.681170884,2723007.9462594665],[4635613.81257096,2721933.958407904],[4634997.005294053,2721836.3841829174],[4635208.964372913,2718387.396436675],[4633365.399656481,2718243.199638694],[4633474.108213727,2716356.329479617],[4633403.758990045,2716289.3833330125],[4633065.238687274,2716326.6891114404],[4631297.637163392,2716120.4790762654],[4631189.580482437,2716263.4967038566],[4631107.080344448,2716659.117452379],[4630796.417515624,2716753.042674648],[4630705.013198263,2717214.310273909],[4630499.141489949,2717522.213548428],[4630437.287194385,2717812.666305215],[4630009.134268009,2718300.6090198657],[4629879.642746119,2718665.5433312315],[4630669.9912396455,2719237.1096392595],[4630821.737373978,2719424.5103856334],[4630641.369872354,2719935.7800252703],[4630617.235689165,2720532.6630075774],[4631443.375545001,2721039.8823948246],[4631961.386653852,2721469.6303870017],[4632523.080945875,2721679.823808854],[4632530.318144714,2720834.8814813434],[4632769.789346208,2720104.107813453],[4632993.10986107,2719740.9500998436],[4633580.466793527,2719186.2109651044],[4633954.149201984,2719208.271845396],[4634101.790687204,2719450.2299831514],[4634009.597772942,2719747.302839575],[4633750.392745757,2719969.6928240904],[4633553.1045961855,2720356.057229685],[4633656.376292735,2720878.2549846936],[4633589.806465793,2721435.741956688],[4633674.798441699,2721567.3487246837]]]}},{"type":"Feature","properties":{"flugjahr":"2010-2011","gebiet":"Steiermark"},"geometry":{"type":"Polygon","coordinates":[[[4711669.661789524,2715268.883794632],[4710676.145638981,2727238.311888384],[4708740.005061035,2727088.5678383806],[4708681.928032805,2727140.796264597],[4707926.917657506,2736237.25155414],[4708009.604289259,2736346.238666437],[4707933.91831443,2737812.275420619],[4714099.640593588,2738244.907807587],[4714495.479763493,2738109.808395879],[4714167.362706469,2738020.5170394653],[4714298.822205168,2736255.0849965666],[4724294.803515841,2736932.3524438273],[4724883.983914879,2737057.6173274424],[4725545.773785702,2737008.595521881],[4726029.792523756,2729186.5059318985],[4726123.080519374,2729050.911442327],[4726047.037634818,2728924.3111689305],[4726235.940750998,2726050.9558104696],[4726341.385237228,2725850.086976166],[4726254.60977138,2725764.7731420603],[4726365.466544715,2724077.2915498577],[4726984.240020333,2724057.5907221087],[4727019.9530301625,2723612.758816699],[4720112.639838715,2722999.5469977586],[4720229.911444592,2721008.668741674],[4718242.3332381565,2720783.8834475144],[4718395.645983122,2718841.7345721247],[4715433.554337866,2718572.039122637],[4715658.569976426,2715610.7128388463],[4711669.661789524,2715268.883794632]]]}},{"type":"Feature","properties":{"flugjahr":"2006-2009","gebiet":"Tirol"},"geometry":{"type":"Polygon","coordinates":[[[4480361.740145504,2724468.8220011764],[4480667.429250505,2724504.7852028534],[4481120.205973715,2724171.848607512],[4481304.06337949,2724163.8964824486],[4481155.429897547,2723982.9600947583],[4480361.740145504,2724468.8220011764]]]}},{"type":"Feature","properties":{"flugjahr":"2006-2009","gebiet":"Tirol"},"geometry":{"type":"Polygon","coordinates":[[[4477590.025359883,2724544.938887433],[4477709.904425524,2724473.2884411416],[4478136.885560385,2724329.840816351],[4477735.401792641,2724296.5732256467],[4477590.025359883,2724544.938887433]]]}},{"type":"Feature","properties":{"flugjahr":"2006-2009","gebiet":"Tirol"},"geometry":{"type":"Polygon","coordinates":[[[4455205.378214189,2721589.67780271],[4457431.29855744,2721148.6630901564],[4458607.162301362,2721248.489593673],[4458819.465108034,2721123.108107026],[4459022.226778081,2720837.6896849223],[4459448.652532209,2720798.714981215],[4459675.832872335,2720912.7616741043],[4460120.498890454,2722856.9183706804],[4460370.154889106,2723139.9527505096],[4460597.644477864,2723177.455688467],[4461194.583632431,2723057.4964945726],[4463431.678814056,2723984.255897614],[4464002.795890945,2723958.268043544],[4464801.049680257,2724545.0360366004],[4465728.637159617,2724515.891080877],[4468617.497914134,2724984.383618715],[4470259.244583042,2725378.635656636],[4471973.856259519,2726011.2270442187],[4472210.589036796,2725985.490313634],[4472399.681326504,2725847.552060346],[4473294.271724311,2724523.6018472733],[4473503.582260215,2724629.7525034724],[4474062.110109552,2725204.6118934574],[4474331.929919034,2725225.87872132],[4475205.260072272,2725006.7073429627],[4475919.709398776,2725415.9915508055],[4476203.471985561,2725373.6782797896],[4477307.86423511,2724713.584935639],[4476895.130166091,2724797.2819886766],[4476568.667550077,2724977.468382602],[4476365.5039372565,2725228.077206823],[4475967.860311693,2725258.2785136397],[4475459.364463157,2724870.27184371],[4475228.3001109045,2724809.88748197],[4474974.731136504,2724940.4669134794],[4474135.652307044,2725060.024359985],[4473792.498315593,2724888.100831058],[4473549.104536682,2724614.0922210645],[4473447.872436686,2724336.84503536],[4473150.818519001,2724352.8611891186],[4472607.253496174,2725529.594683262],[4472195.003749905,2725817.25332617],[4472005.595659854,2725853.7929789154],[4471713.169074434,2725621.5230250633],[4471269.3927927455,2725423.579773026],[4470599.185717495,2725321.3144727717],[4469948.62065798,2725114.4233415476],[4469760.770871158,2724995.9403801714],[4469575.549651549,2724704.216460783],[4469013.1478738235,2724892.4543595277],[4467839.211958808,2724707.133174132],[4466398.287056087,2724325.6978313085],[4464888.743530796,2724403.2734134127],[4464031.766695662,2723781.6665350837],[4463485.012711033,2723829.271657785],[4461093.195655534,2722892.414728864],[4460445.323373908,2722996.688989385],[4460276.8371299235,2722815.160068305],[4459793.036943128,2720731.4205369847],[4459693.7070199065,2720675.4364693617],[4459484.695595058,2720748.470167365],[4458934.143000808,2720725.9364990946],[4458820.142290089,2720996.840572092],[4458574.918085577,2721094.4817072335],[4457714.767584839,2720974.8143640254],[4455779.4052852215,2721259.3380695316],[4455205.378214189,2721589.67780271]]]}},{"type":"Feature","properties":{"flugjahr":"2006-2009","gebiet":"Tirol"},"geometry":{"type":"Polygon","coordinates":[[[4447031.209708943,2720789.140622882],[4447466.869837176,2720811.6668457435],[4448919.683905372,2721412.280053654],[4452351.590618168,2721353.7224256806],[4454630.491654739,2721703.5761603126],[4454966.071652791,2721637.0911481977],[4454299.329695097,2721440.6651533516],[4453960.889112766,2721501.418292827],[4453464.728815557,2721357.2020031465],[4452891.270232151,2721364.1757871346],[4452304.419212949,2721198.098570127],[4450706.685791631,2721309.5680363257],[4448911.013656444,2721249.9167989967],[4448198.643313244,2721021.039380709],[4447514.693958687,2720687.670113768],[4447346.251121049,2720784.1371535207],[4447031.209708943,2720789.140622882]]]}},{"type":"Feature","properties":{"flugjahr":"2006-2009","gebiet":"Tirol"},"geometry":{"type":"Polygon","coordinates":[[[4440380.04039599,2717469.100675886],[4440491.916602296,2717733.8569188947],[4441099.659538711,2718635.5575860688],[4441477.666151255,2720166.943574914],[4441777.791745657,2720428.3890272644],[4442050.69478619,2720449.50431547],[4442291.922117116,2720351.0228110347],[4442464.413321919,2720590.877299554],[4442670.835366071,2720719.6358969724],[4443339.5083083995,2720768.711708978],[4443493.231643103,2721483.030859742],[4443910.372229515,2721873.879382433],[4444287.603674164,2721843.2875270247],[4446313.2991247,2720764.50976669],[4446591.277428446,2720769.7822448285],[4446234.532367222,2720609.3964674054],[4445928.30679902,2720650.200790569],[4445267.389671948,2721280.183289631],[4444905.417928,2721261.1863264064],[4444648.219995574,2721615.1355086956],[4444162.838573191,2721763.5687269527],[4443935.34202066,2721710.243176219],[4443579.243643381,2721281.152764467],[4443447.129480905,2720480.2183534284],[4443185.31801255,2720597.910760488],[4442835.250464335,2720602.5218863483],[4442579.311554712,2720476.976959077],[4442358.796540732,2720131.331449075],[4441978.1167785395,2720299.366118063],[4441681.335837346,2720175.821348155],[4441386.126582125,2719406.318951011],[4441193.743463184,2718459.562715605],[4440380.04039599,2717469.100675886]]]}},{"type":"Feature","properties":{"flugjahr":"2006-2009","gebiet":"Tirol"},"geometry":{"type":"Polygon","coordinates":[[[4425175.911765968,2707985.7216822826],[4425157.798344124,2708098.5324870544],[4425541.009680283,2708915.170792419],[4426762.202389258,2709841.523171503],[4427117.202949714,2710378.976840026],[4427239.276208346,2710704.928214631],[4427528.361594809,2711112.398129299],[4427806.577459178,2711327.656751633],[4427912.080586401,2711573.9920206736],[4429451.396750727,2713014.455263936],[4429742.073502343,2713063.7534685466],[4430022.460568997,2712892.080756718],[4430551.562741698,2711959.972601024],[4433167.178072778,2712184.433284605],[4434406.955761365,2711801.8406020924],[4435305.655445075,2712430.215730374],[4436188.312890942,2712343.818434135],[4436551.968439715,2712705.254756543],[4437123.042073329,2713092.3617360843],[4437715.852402719,2713315.6403542613],[4438930.057283554,2713438.447804673],[4439208.502090817,2713864.1934684026],[4439709.779277735,2714212.436424102],[4439618.163193973,2715355.690094731],[4439995.009493104,2716557.9217956243],[4440340.783642396,2717376.19916475],[4440207.231901784,2716937.830273381],[4440382.592196356,2716468.9038394606],[4440142.315140653,2715924.7061544852],[4440169.367996055,2715458.992908755],[4440296.659105386,2715140.5859167925],[4440359.166716435,2713848.1254613637],[4439638.798452373,2713308.9174553268],[4439324.438757439,2712719.0230495636],[4438691.2277930025,2712699.709647124],[4438154.574849377,2712537.142120651],[4437896.999860216,2712605.0903036525],[4437314.414832031,2712395.4590850635],[4437037.096405981,2712190.0446184594],[4436584.74520696,2712089.9452138427],[4436100.731313424,2712115.678806986],[4435402.591182516,2712288.730115856],[4434864.261765699,2711755.4378624507],[4434531.794800528,2711652.01350512],[4434340.549830181,2711781.592807954],[4433980.177365038,2711863.843473389],[4433431.642658541,2711791.4649359444],[4433326.804983124,2711951.9743219432],[4433148.183603406,2712024.781452492],[4431476.066982883,2711944.2810548963],[4430961.103014668,2711991.148782147],[4430429.77856425,2711888.383308946],[4430039.575141589,2712410.5254887072],[4429923.166729881,2712835.3074850896],[4429781.046665693,2712935.9386229184],[4429588.081778205,2712934.9248873475],[4428821.496029095,2712413.6369821313],[4428570.248504074,2712059.6625597654],[4427954.355768682,2711525.582554836],[4427847.42532476,2711265.244365115],[4427568.007712931,2711071.027003759],[4427271.944169619,2710640.2541906876],[4427161.762554744,2710323.4977895827],[4426925.669094308,2710013.8946261173],[4426906.167704818,2709812.5667519043],[4426318.80176962,2709347.663287251],[4425977.058302485,2708937.42704444],[4425673.602360852,2708810.6040511504],[4425175.911765968,2707985.7216822826]]]}},{"type":"Feature","properties":{"flugjahr":"2006-2009","gebiet":"Tirol"},"geometry":{"type":"Polygon","coordinates":[[[4425680.887249505,2706665.643483642],[4425311.648903885,2706874.9785583117],[4425179.5840064315,2707253.0660372144],[4425553.177411473,2706790.4194719004],[4425680.887249505,2706665.643483642]]]}},{"type":"Feature","properties":{"flugjahr":"2006-2009","gebiet":"Tirol"},"geometry":{"type":"Polygon","coordinates":[[[4418724.405623613,2703064.1129503753],[4418938.8748905705,2703196.48644811],[4419984.411880061,2703272.135921633],[4420430.105094396,2703922.5791344326],[4420970.383875797,2704087.056503018],[4421090.66620724,2704612.8173274253],[4421673.661659819,2705268.5708138747],[4421961.1119736675,2705399.498065828],[4422466.66686187,2705392.5143238334],[4422967.659064671,2705217.347758185],[4423541.533164552,2705289.3703742037],[4423681.619692293,2705124.9482468134],[4423821.800254878,2705131.083998879],[4424039.646315027,2704985.28575926],[4424864.277542354,2705375.876463864],[4425836.952251189,2705099.259418543],[4427227.040600013,2705160.175643297],[4427272.717618281,2705262.23568459],[4427118.613506866,2705541.200747161],[4426951.673006939,2706416.090770838],[4425942.299279313,2706460.85270676],[4425744.758199524,2706632.9798125243],[4426180.77294749,2706528.2780881855],[4426578.663646831,2706648.647895556],[4426943.6493858425,2706645.136899735],[4427243.553707002,2705958.54616698],[4427277.84735758,2705560.5248486763],[4427633.177335668,2705004.097205801],[4427167.477667267,2704983.505768077],[4426831.476104963,2705130.780014836],[4425906.062147119,2704991.582351267],[4425579.944136955,2705161.097284897],[4424778.268383453,2705212.252303989],[4424600.324365463,2705137.5751746343],[4424308.239193235,2704790.0215560244],[4424100.726133542,2704748.1479231515],[4423517.560500451,2705133.9965858054],[4422955.665930269,2705043.959578169],[4422505.293522102,2705226.479575912],[4421955.9003895,2705241.414219938],[4421653.728583469,2705057.358095263],[4421213.423922539,2704503.642560667],[4421095.50921731,2704094.495586727],[4421113.9778771475,2703873.516835476],[4420546.515154884,2703806.807518008],[4420246.924849904,2703213.768245053],[4420040.614463135,2703066.8358150898],[4419645.091977938,2703009.3545753746],[4419379.895737819,2703083.7148185982],[4418724.405623613,2703064.1129503753]]]}},{"type":"Feature","properties":{"flugjahr":"2006-2009","gebiet":"Tirol"},"geometry":{"type":"Polygon","coordinates":[[[4410130.1942732725,2702427.41435328],[4411193.92821808,2702719.43782967],[4411669.737615954,2703321.4986882135],[4411999.70670028,2703452.4140870157],[4413211.450430489,2703106.069308956],[4415412.3264328865,2703332.248591166],[4415736.89934275,2703132.1216857666],[4415282.269831032,2703202.4280394176],[4414334.120445736,2703157.9540134207],[4413523.551507303,2702993.7850183323],[4413108.689798421,2703019.1388324047],[4412188.98307646,2703291.660403072],[4411958.904456516,2703291.75574378],[4411772.855068118,2703191.2523202887],[4411341.257510208,2702585.2392047457],[4410130.1942732725,2702427.41435328]]]}},{"type":"Feature","properties":{"flugjahr":"2006-2009","gebiet":"Tirol"},"geometry":{"type":"Polygon","coordinates":[[[4405912.871929176,2700856.478712218],[4406977.628752126,2701150.9962041336],[4408067.78022804,2701933.617021026],[4409921.164459048,2702377.364687724],[4409615.920315189,2702134.565924154],[4409202.593727746,2701985.7622590186],[4408107.450704574,2701771.1058174972],[4406701.170771269,2700860.6537974747],[4406077.041108586,2700772.023779454],[4405912.871929176,2700856.478712218]]]}},{"type":"Feature","properties":{"flugjahr":"2017","gebiet":"Tirol"},"geometry":{"type":"MultiPolygon","coordinates":[[[[4429291.6193239875,2676612.7337364135],[4430281.640634853,2676188.6566078123],[4430462.1571966205,2676027.984112506],[4430453.1972519355,2675807.6843313407],[4430791.876095608,2675208.6196338367],[4430768.304419471,2675093.629405389],[4432008.037285112,2671762.572483542],[4432274.33171946,2671399.6013643425],[4432285.090657332,2670806.6522539975],[4432349.561090422,2670677.6126203095],[4431967.262382475,2669895.8094259324],[4431801.8756241035,2669051.831533162],[4431905.424470312,2668616.4867232377],[4432243.648279041,2667833.684097481],[4432399.044693365,2667691.66230043],[4432537.52136933,2667148.034508176],[4432409.3501574695,2667090.8599747443],[4432997.041243242,2666021.0961665986],[4433331.458635861,2664964.0525749624],[4433578.07326958,2664553.4630449484],[4433519.171165755,2664310.89610168],[4433327.670304736,2664174.987870756],[4433454.022872578,2664118.716715456],[4433647.72198494,2664250.6867629187],[4433669.440725575,2664018.404776082],[4433807.906636768,2663910.4504276733],[4433867.654178505,2663435.000677037],[4434050.910542826,2662988.6685425527],[4434073.361370979,2662661.49895126],[4433962.872622895,2662176.297644123],[4434104.593658796,2661342.205161695],[4434187.773785402,2661310.0220302674],[4434254.593022118,2660491.580674497],[4433944.181019725,2660167.3400675617],[4433825.253394749,2659125.201472687],[4433858.641965969,2658720.3303812062],[4434240.411662461,2658341.4426450306],[4433792.723768051,2658643.8848169986],[4433038.79128317,2658310.6575069064],[4432174.773958006,2657801.0719821453],[4431464.834889886,2657664.3612373443],[4430384.234248044,2657202.5076728137],[4430082.84118565,2656998.7230627714],[4429799.324155976,2656657.420275718],[4429575.621729961,2656542.400518828],[4428795.878730502,2656395.0718221664],[4427826.686893921,2655616.1144899884],[4427507.411074048,2655718.597050729],[4427256.942367889,2655900.860658852],[4427245.01481143,2656023.4193508388],[4427648.204756772,2656264.0657854276],[4428323.522692699,2656956.7037152983],[4429197.639524369,2657266.973196535],[4429725.518631161,2657567.374745775],[4429994.63894287,2657950.400982117],[4432041.881427735,2659135.944022172],[4432676.532190254,2659925.4412827045],[4432616.709639251,2663438.008713032],[4432538.3366476465,2663803.0355915115],[4432278.694518208,2664215.1710462146],[4431729.86696131,2664497.1125745126],[4431566.031942395,2664508.992813826],[4430536.464843092,2664332.5937114777],[4428660.946113172,2663290.090763254],[4427721.456316873,2662551.2089240663],[4426639.833475027,2661445.054815032],[4425292.9433289785,2660366.4852074576],[4425101.545682005,2660231.0535533093],[4424431.64220175,2660014.308759186],[4423671.876188241,2659447.394570016],[4422874.234952012,2658469.1180595327],[4422631.689731686,2657934.4071360715],[4422308.908469932,2657794.6610237407],[4422004.871291786,2657872.68459212],[4421946.168802441,2658126.6099960217],[4422124.370532529,2658641.0367815197],[4423338.479834753,2660252.153525764],[4424164.90620582,2660859.3000093433],[4425971.624849979,2661954.0395214204],[4427501.525338049,2664054.4724323754],[4428235.958386237,2664556.7327314713],[4428629.6769862,2664722.197557818],[4428252.597540037,2665770.04672465],[4428019.359568377,2666194.900746272],[4428390.918981687,2666283.959269466],[4428522.652689232,2666430.0119408155],[4428392.460420201,2667062.0006868197],[4428132.247652865,2667590.046717617],[4428023.07635972,2667723.443261231],[4427402.6269206405,2668018.690450815],[4427196.348096954,2668227.249131149],[4426865.239552324,2668857.5831613527],[4426820.885375234,2669478.235000223],[4426379.672145622,2669638.394103487],[4425788.704615119,2669987.345372506],[4425175.758538829,2669998.6127868267],[4425130.03358741,2669658.317279766],[4424989.964022693,2669660.1200762056],[4424815.905662959,2669087.0790896653],[4424714.035049792,2668205.902736718],[4424497.069182409,2667521.3940479504],[4424026.292400264,2667187.885961016],[4423545.971309598,2666560.15087747],[4423441.50188731,2665775.773644523],[4423308.999970518,2665455.510355112],[4423049.651696671,2665272.631337655],[4422097.275281131,2665149.9502204703],[4421511.107137109,2665424.474627075],[4421163.182116722,2665450.545708119],[4420878.150267195,2665236.3714186405],[4420721.276461695,2664891.218811763],[4420221.49170105,2664492.950323065],[4419645.64534362,2664381.999758443],[4419476.896040318,2664274.562123414],[4419226.952543009,2663874.5210435526],[4418950.571990234,2662982.57900603],[4418332.457109361,2662525.1475136173],[4418227.700771697,2662188.6408507237],[4417924.089927998,2661741.7943102354],[4416730.690294207,2660744.189125732],[4416515.7160580065,2660086.8154107584],[4414894.913867196,2657822.858695599],[4414175.878280413,2657518.796231975],[4413656.111381149,2657682.146159551],[4413372.524424213,2657384.9215279585],[4409694.53640131,2655060.8084732024],[4409542.154841473,2654292.351708053],[4409619.3420803305,2653635.0565713104],[4410080.128114644,2652292.028013939],[4410277.727850759,2652075.669242229],[4410548.773120107,2651969.7140580593],[4410466.621324724,2651307.998440601],[4410881.365463476,2650308.6695083375],[4410775.269597397,2650107.4022811665],[4410753.719455001,2649495.877449868],[4410814.973175742,2649457.4445005287],[4410711.172716081,2649075.090990119],[4410671.693049551,2648426.9643740114],[4410200.965716579,2647576.901100199],[4408217.422767054,2646103.4524520887],[4407861.258900615,2645970.421920779],[4407202.198903609,2645971.7265803628],[4406427.315285422,2645658.141987318],[4406144.203892007,2644952.9571610857],[4405641.740666563,2644369.879428698],[4405519.799375845,2643788.455191146],[4405565.752820849,2643042.047717779],[4405724.619751787,2642492.8148153694],[4405691.560028314,2642194.710386318],[4405514.603722468,2641905.5491442224],[4405103.5814549895,2641521.103981559],[4404448.578783425,2640387.6286410643],[4404060.081396669,2639990.459530303],[4404036.921178823,2639452.102820309],[4403603.826306128,2638323.102219736],[4403786.268688228,2636900.0661444897],[4404414.7994152475,2635102.448462932],[4404392.795433079,2634667.164710187],[4404128.465024325,2634336.776513658],[4403321.266777678,2633950.357324589],[4402219.298071588,2632796.3340520803],[4401715.217383692,2632502.921106978],[4401465.325675075,2632259.063904403],[4399797.855432108,2628257.823609445],[4399590.449696635,2627991.3782170406],[4399119.588923783,2627842.9156421563],[4398463.442374901,2628123.2371272556],[4398069.754153607,2628204.5977681144],[4396943.430208187,2627988.4252672875],[4395609.008050816,2628326.7700440353],[4394756.810633089,2628655.489407161],[4393224.629539337,2628835.546117807],[4392075.075471557,2628577.0661120387],[4391362.77783843,2628527.517455706],[4389520.40675097,2627588.667016769],[4387434.688262901,2627600.4075464215],[4387047.167706678,2627907.9799689357],[4386827.864380159,2627959.130005136],[4386456.030817202,2628385.70814477],[4386097.773045577,2628628.6206587963],[4385567.008199265,2628832.5865037437],[4384969.767569475,2628837.147718609],[4384122.333517842,2628503.5028447034],[4383424.247684412,2628650.088639193],[4383217.437179772,2628595.184728341],[4382737.849539277,2628923.2340353765],[4382062.996208338,2629654.285985492],[4381689.756445331,2630249.6558734784],[4381349.957027527,2630390.1091780155],[4380733.26416527,2630448.827395927],[4378925.4482295625,2629791.141506414],[4376814.433442551,2630110.6506201546],[4376633.190084264,2630261.5350604216],[4375956.582156663,2631216.0445281826],[4375802.066687428,2631702.813968328],[4375798.378309277,2632025.229800003],[4375960.343623705,2632338.7148349527],[4376644.912683522,2632584.240764697],[4376699.3796593165,2633058.851991467],[4376977.299927357,2633306.7325724717],[4376985.764445693,2633665.322753084],[4377332.572611448,2633728.5634335177],[4377479.647961974,2634349.4547949564],[4377676.609500974,2634708.6095827846],[4377665.074594843,2634946.827599706],[4376944.521109784,2635402.5051180073],[4375789.257762048,2635707.186244101],[4375070.796597978,2636433.7352834055],[4373543.443503254,2637334.862970515],[4373336.062177172,2637613.140102282],[4373120.626843282,2638641.4306872576],[4372700.885094648,2638905.2996911574],[4372264.0641026925,2639069.36768289],[4371896.303111665,2639096.8982176087],[4371037.7276521595,2638792.350908507],[4370547.320533107,2638731.893453553],[4370535.045648658,2639795.9690727987],[4370444.097269327,2640078.67126958],[4370335.347078161,2640128.749881027],[4370452.280825037,2640257.6795128626],[4370512.801611741,2640624.7549080085],[4370390.15938432,2641715.9786389354],[4370525.2903954,2641865.549619847],[4370410.848535733,2642232.1888668817],[4370522.335025206,2642302.922811839],[4370522.447405809,2642484.7564588245],[4370421.521376092,2642648.713104862],[4370356.193242125,2643315.23377262],[4370518.673366644,2643420.7338584824],[4370514.292713933,2644186.234720431],[4370352.056829935,2644333.242066524],[4370390.86603051,2644859.5010307613],[4370509.739268155,2645127.734117277],[4370508.850620024,2645701.505927796],[4370422.008705188,2645881.0315818395],[4370505.605323906,2645952.938006833],[4370496.260770787,2649300.7754244553],[4370665.5193447005,2649415.2999670487],[4370654.113111716,2650196.148917895],[4370525.606962559,2650538.377918615],[4370635.409125354,2651109.289291243],[4370567.029785077,2652510.211961799],[4370658.147930921,2653145.432008936],[4370520.066409046,2654537.426568185],[4370469.483287028,2654642.1020071805],[4367147.046975795,2654628.0247089537],[4367143.049546386,2655298.569247611],[4366680.523164582,2656027.073634509],[4366802.362642558,2656177.4037187267],[4366960.500773485,2657045.160865902],[4366149.319764183,2658536.787203805],[4366115.183463411,2658903.764147071],[4367049.578584223,2659493.618885846],[4367155.483617002,2659896.5777234742],[4367038.938578573,2660616.158997532],[4368127.951179797,2661232.3949476816],[4368716.0029469,2661168.5131350383],[4369137.086345418,2661364.102369343],[4369389.505597717,2661813.112877157],[4369347.767869345,2662275.3189977077],[4369758.352495586,2662868.1375120967],[4370403.580657521,2663537.306455178],[4370858.432936579,2664578.0933813453],[4372622.845423933,2664554.726060874],[4372628.851275598,2664461.6783201285],[4375396.753291114,2664168.204476007],[4376161.390776804,2663689.5061018877],[4376171.840596534,2664821.8809852363],[4375706.594465385,2665196.443247425],[4375018.829184714,2666219.1479814406],[4375101.076980445,2667016.830776467],[4375885.612636494,2668113.969097547],[4376351.938173091,2668428.3573984588],[4376246.609045526,2670387.5694174105],[4375974.577677823,2670387.416967687],[4375381.132419238,2669699.525229937],[4374905.987310753,2669389.7378793103],[4374581.119168001,2671138.8357977206],[4375034.779855833,2671820.2704985864],[4375477.56999648,2673768.8643208025],[4375541.75160199,2674520.626927701],[4375356.747394069,2675609.5651042424],[4375028.987160312,2676000.6977577014],[4374623.731849004,2676082.23064456],[4374596.04632485,2678566.4166669073],[4375230.867837931,2678882.2693931735],[4375318.2861029785,2679049.6866405723],[4375287.814692122,2679181.750789783],[4375501.13636357,2679505.7015214935],[4375816.808694005,2680663.1619421253],[4375575.039104515,2681260.5874001062],[4376286.88386671,2682980.2238847734],[4376438.175380679,2683877.410468599],[4376681.585974013,2684271.276389218],[4376965.805059737,2684488.8106241934],[4378842.887738821,2685446.0470144367],[4379852.466015279,2685752.8177807527],[4381669.318790424,2685522.2380960844],[4382591.441806234,2685951.216381761],[4383750.055166784,2687036.0409106244],[4384403.493551998,2688503.9512849054],[4384538.167092204,2688584.045185613],[4384830.553396364,2688541.028129498],[4385096.644546869,2688809.5750520867],[4386763.648830303,2689187.30371451],[4387476.308346826,2689440.2957343212],[4388148.296644655,2689559.2436358607],[4389066.2513871705,2689410.246612102],[4390118.184166595,2688407.6408275473],[4390768.857045204,2688304.5762302214],[4391220.147944237,2688407.85092879],[4391658.818832213,2688614.7283842317],[4392388.21501202,2689263.964573724],[4393088.846161588,2689659.1423992356],[4395147.7408866435,2689814.7022128482],[4396406.213819535,2690171.0108383344],[4397835.068015634,2690442.7839425094],[4398180.586162726,2690422.7685766798],[4398806.022884209,2690087.7773160976],[4399691.025346971,2689795.796138985],[4401136.856521779,2690575.6760137826],[4402449.8770518415,2690509.191003959],[4402674.153622502,2690415.1786962687],[4403914.879396631,2690305.5572220203],[4404449.584718069,2690220.7259019376],[4404833.699943372,2690064.54102368],[4405880.146281713,2689544.3140837178],[4406606.141210853,2688938.071894287],[4407835.518205345,2688429.048502781],[4410615.158734869,2687616.419725108],[4412353.254126333,2686688.1860153875],[4413255.068645766,2686496.938806431],[4414188.531908379,2686404.0072896336],[4414986.577289489,2685773.9597390643],[4415865.546797183,2685547.500434519],[4417371.003578286,2684820.7997981813],[4417957.607700196,2684773.630911382],[4418583.650584423,2684589.235754727],[4418261.807580012,2683709.696093261],[4417779.802510582,2683076.68618147],[4417828.380681145,2682873.55119018],[4417330.027244016,2682226.677337926],[4417347.182370898,2681655.913061708],[4417157.655924904,2681220.2162008574],[4417049.667595294,2680414.648080656],[4417112.986313201,2679774.653985391],[4417916.748855234,2679578.9185601017],[4421365.732497842,2680592.6196811814],[4423343.6426084265,2680133.904571916],[4424872.87613709,2679342.285495149],[4426562.612215939,2679745.364507848],[4426879.644918512,2679885.4754314446],[4426967.758410314,2680018.18748609],[4427199.243179548,2679968.5191473346],[4427706.682207812,2680021.092228161],[4429265.820510133,2680472.787211448],[4430277.370205499,2680658.9635710623],[4430062.938439564,2680458.3966953526],[4429678.538967531,2680394.458045515],[4429374.877782916,2680244.41241189],[4428687.072495863,2679535.3871961664],[4428494.702746845,2678968.2162123844],[4428489.476121083,2678509.833013232],[4428784.442649445,2677655.7401999077],[4429291.6193239875,2676612.7337364135]]],[[[4436056.909979429,2655277.701517629],[4434896.171280242,2655567.15186474],[4434959.542086549,2655868.9187855097],[4435146.930667358,2655729.4300623178],[4435387.689935675,2655735.2117519584],[4435611.856458113,2656381.8964428776],[4435095.750247043,2657794.966642594],[4435001.929871367,2657904.407588956],[4434593.532885097,2658059.6169402143],[4434423.89822031,2658195.003111066],[4434974.459868835,2657977.827543388],[4435128.990085288,2657841.431995894],[4435596.613233372,2656564.565888596],[4435627.945008447,2656370.109568448],[4435556.556548505,2655798.254060001],[4436035.497121153,2655463.0068037785],[4436056.909979429,2655277.701517629]]]]}},{"type":"Feature","properties":{"flugjahr":"2006-2009","gebiet":"Tirol"},"geometry":{"type":"Polygon","coordinates":[[[4490157.593513514,2735550.88470875],[4489800.865562692,2733919.532163916],[4490225.879249918,2733198.853119636],[4490086.773451853,2733089.789552246],[4489921.5926485285,2733216.5503858905],[4489630.60503863,2733788.7657910455],[4489950.384107633,2735388.304375949],[4490157.593513514,2735550.88470875]]]}},{"type":"Feature","properties":{"flugjahr":"2006-2009","gebiet":"Tirol"},"geometry":{"type":"Polygon","coordinates":[[[4486579.235625774,2735763.1508213896],[4487817.425640755,2736673.580112628],[4489494.306153603,2739358.406089256],[4490264.971127148,2739641.5710125747],[4490486.409915663,2739623.8571876707],[4490697.788278876,2739473.0866000694],[4491376.290998025,2738253.8664663513],[4491415.361097285,2738015.4321064353],[4491284.014074799,2737678.998154082],[4490264.244614188,2735752.3757904284],[4490536.251791054,2736392.218447589],[4490733.723728528,2736664.93071173],[4491270.642479777,2738037.768024817],[4491070.658663088,2738686.5732053993],[4490564.065688244,2739385.065622558],[4490337.96555414,2739485.884902954],[4489568.396600134,2739201.1553131263],[4488835.064182257,2738125.612572939],[4487920.048613602,2736555.414237935],[4486901.134722703,2735800.93608095],[4486579.235625774,2735763.1508213896]]]}},{"type":"Feature","properties":{"flugjahr":"2006-2009","gebiet":"Tirol"},"geometry":{"type":"Polygon","coordinates":[[[4482965.208460473,2734462.71466744],[4483132.40603244,2734689.7127123727],[4483327.953222808,2734770.691687879],[4484761.039709545,2734754.7285992084],[4485713.118208367,2735608.6819955697],[4486363.133776779,2735622.5726910736],[4486266.986640617,2735441.308212843],[4485979.447206653,2735544.043582836],[4485671.949571806,2735414.4561854377],[4484958.375223735,2734864.073819527],[4484837.957605278,2734596.245972272],[4483354.821062261,2734622.3892895565],[4482965.208460473,2734462.71466744]]]}},{"type":"Feature","properties":{"flugjahr":"2013","gebiet":"Salzburg"},"geometry":{"type":"Polygon","coordinates":[[[4561944.497293984,2663642.2238953924],[4561898.7007207805,2663593.342970539],[4561893.452060008,2663713.9997188128],[4561944.497293984,2663642.2238953924]]]}},{"type":"Feature","properties":{"flugjahr":"2013","gebiet":"Salzburg"},"geometry":{"type":"Polygon","coordinates":[[[4598068.529281278,2665403.1809090134],[4597971.12282656,2665416.1870076293],[4597414.991531113,2666890.222449845],[4595960.421740832,2667185.894646023],[4596284.047075764,2667201.647856512],[4597460.3339131335,2666975.689355182],[4598068.529281278,2665403.1809090134]]]}},{"type":"Feature","properties":{"flugjahr":"2013","gebiet":"Salzburg"},"geometry":{"type":"Polygon","coordinates":[[[4601603.507292898,2663265.15654015],[4601296.143357978,2664318.0294916034],[4601860.5436275825,2664846.4692304423],[4601865.705084335,2665031.976360426],[4601753.196566536,2665079.816681155],[4601639.327491082,2665361.396873314],[4600760.764754944,2665352.5155228567],[4599911.162595599,2665186.1215158333],[4599803.056345997,2665335.624867937],[4599512.700887513,2665207.7846366465],[4599113.078896544,2665357.3257167083],[4598898.622073055,2665210.8646866577],[4598438.069307902,2665137.0794024565],[4598302.767452962,2665236.4304584702],[4598903.460688051,2665284.0374869984],[4599139.325295229,2665497.0867558517],[4599275.832468876,2665350.8582632113],[4599564.971692136,2665297.157114517],[4599785.30777361,2665428.7318277834],[4599951.719373783,2665280.403533756],[4600296.870321622,2665369.0173559836],[4600421.068517215,2665528.1648212182],[4600516.377284423,2665381.5476276446],[4600788.559638888,2665431.3096332652],[4600917.369568692,2665547.216069646],[4600981.717176518,2665395.565778546],[4601754.895938043,2665479.3328015553],[4601781.902767093,2665169.3712440794],[4601939.626448176,2665076.3720272603],[4601950.769327673,2664775.3381446013],[4601378.754897934,2664266.3438428496],[4601607.648492296,2663575.153388477],[4601603.507292898,2663265.15654015]]]}},{"type":"Feature","properties":{"flugjahr":"2013","gebiet":"Salzburg"},"geometry":{"type":"Polygon","coordinates":[[[4605660.982411405,2660192.58808306],[4605459.269560748,2660019.5443166737],[4604866.855573215,2659930.9307383224],[4604690.005738374,2660069.958614489],[4604190.520224968,2660112.022052025],[4603530.147171714,2660399.7153614527],[4602969.594340105,2660533.8703227006],[4602872.207105779,2660741.207436005],[4602593.117828211,2660962.3745740824],[4602508.174207722,2661289.3845585193],[4601949.617742907,2661639.0671595144],[4601766.538401269,2662089.5592988506],[4601828.053071606,2662198.2170449547],[4601681.233362421,2662323.9072725656],[4601735.268408413,2662502.8071567453],[4601590.192656563,2662600.95408448],[4601831.291196916,2662504.3458154183],[4601767.792997552,2662357.3711138265],[4601959.29990774,2662198.312522339],[4601834.872877253,2662057.6743335063],[4601978.542080889,2661712.7244307315],[4602319.148444001,2661577.932836437],[4602602.479730566,2661305.827128209],[4602639.768135548,2661025.713964426],[4602948.944671909,2660762.0311106443],[4603051.798463941,2660575.410174556],[4603606.0253657475,2660451.4902534727],[4604254.091399946,2660162.6262351414],[4604738.130248387,2660130.0805668305],[4604934.880211049,2660002.283358278],[4605144.898785823,2659984.5134614618],[4605564.089121155,2660211.1228651237],[4605660.982411405,2660192.58808306]]]}},{"type":"Feature","properties":{"flugjahr":"2013","gebiet":"Salzburg"},"geometry":{"type":"Polygon","coordinates":[[[4606075.388675816,2660468.1063009663],[4606026.5196299525,2660477.0640008654],[4606029.875217415,2660567.089941628],[4606075.388675816,2660468.1063009663]]]}},{"type":"Feature","properties":{"flugjahr":"2013","gebiet":"Salzburg"},"geometry":{"type":"Polygon","coordinates":[[[4608237.057344042,2657572.2286229017],[4608242.96961235,2657869.4847879275],[4607973.415061032,2658783.652528249],[4607671.075671727,2659099.324657852],[4607312.785323322,2659212.478393706],[4607107.322479899,2659197.2813988533],[4606960.754516197,2659317.095590749],[4606936.49095261,2659974.7564935507],[4606537.548022623,2660286.9914497966],[4606663.239577659,2660279.0467988523],[4606985.639197788,2660058.125883539],[4607041.622897308,2659315.6279051495],[4607695.404824342,2659164.6887389417],[4608065.3602058245,2658796.1175149214],[4608309.522539644,2657873.5675398954],[4608237.057344042,2657572.2286229017]]]}},{"type":"Feature","properties":{"flugjahr":"2015","gebiet":"K\u00e4rnten"},"geometry":{"type":"Polygon","coordinates":[[[4678428.269900173,2632702.1702218615],[4678864.608263978,2622719.705663995],[4661374.822292642,2621915.883158569],[4661583.318973567,2616928.296445772],[4654093.48587574,2616581.1572275856],[4654419.694974061,2609094.4937900426],[4646922.192274979,2608751.593396098],[4646596.27990918,2616238.212826536],[4611606.733058749,2614645.5022802493],[4611172.825386973,2624627.760985838],[4631166.689777072,2625536.4225925156],[4630731.83555901,2635519.219236651],[4640728.001547116,2635975.014576383],[4640945.669168705,2630983.5835866584],[4650941.519993564,2631440.483614035],[4650505.746614778,2641423.4318635724],[4655503.424566404,2641652.239841005],[4655285.289849978,2646643.8189672143],[4660282.7223601425,2646872.910619106],[4660500.977878907,2641881.3142711474],[4665498.400836486,2642110.6264189556],[4665934.30171929,2632135.636020826],[4678428.269900173,2632702.1702218615]]]}},{"type":"Feature","properties":{"flugjahr":"2019","gebiet":"Tirol"},"geometry":{"type":"Polygon","coordinates":[[[4392054.078069113,2706159.615922884],[4391289.519454152,2705431.662211163],[4391339.426298831,2704238.934498744],[4391143.51311684,2704003.179944372],[4391447.490032822,2702830.761323243],[4392320.493805363,2702289.3722649524],[4392574.46908984,2702040.125024349],[4392521.50191148,2701460.827125741],[4392161.2161836345,2700340.6061609695],[4392173.123469964,2699468.1381844007],[4391898.033419474,2698824.274391357],[4392657.377902054,2697394.9419803075],[4392594.618005766,2696909.797415359],[4392098.671341209,2696745.911801581],[4392021.799762408,2696264.377376801],[4391062.203330082,2696487.525287255],[4390253.659004279,2696118.680397094],[4389950.959817973,2695422.595677841],[4389424.44107132,2694729.7734322236],[4387150.457066146,2693787.3820662443],[4386277.571652313,2693592.743077604],[4385385.40891496,2693190.761020352],[4384649.767448387,2692634.3650320596],[4384183.13536872,2691945.2700659884],[4384101.896529313,2691358.5681282138],[4384557.671830706,2690740.97255636],[4385449.553237158,2690511.207696342],[4385824.957857607,2688976.970016669],[4385096.644546869,2688809.5750520867],[4384830.553396364,2688541.028129498],[4384538.167092204,2688584.045185613],[4384403.493551998,2688503.9512849054],[4383750.055166784,2687036.0409106244],[4382591.441806234,2685951.216381761],[4381669.318790424,2685522.2380960844],[4379852.466015279,2685752.8177807527],[4378842.887738821,2685446.0470144367],[4376965.805059737,2684488.8106241934],[4376688.747978152,2684277.1525951307],[4376438.175380679,2683877.410468599],[4376286.88386671,2682980.2238847734],[4375575.039104515,2681260.5874001062],[4375815.380481775,2680649.2130566887],[4375501.13636357,2679505.7015214935],[4375287.814692122,2679181.750789783],[4375318.2861029785,2679049.6866405723],[4375230.867837931,2678882.2693931735],[4372573.185453747,2677549.084675952],[4371605.114143242,2676908.9229020094],[4369937.129751659,2676101.44782829],[4369380.322877487,2675613.4245146606],[4369079.640445994,2675002.833164875],[4367828.671850611,2674486.035242885],[4366403.959099341,2673729.279523704],[4365418.622542902,2673422.717279521],[4365198.62056222,2672931.1750502177],[4364444.652797145,2671735.2653474123],[4362095.574800498,2670575.7568131387],[4361415.845158028,2670461.6001859405],[4360366.267033288,2670473.315234847],[4359578.363963719,2670117.167867161],[4358922.370963296,2669933.208825814],[4358728.351321603,2669282.9575930885],[4358342.081725558,2668489.080748246],[4358149.046890471,2668394.6432140777],[4357564.387991243,2668393.346851881],[4357105.3809108585,2668724.174927155],[4355311.560372921,2669267.6590467244],[4354627.977184855,2668957.773576012],[4353955.977630577,2669046.972296981],[4353566.397811438,2669376.641057427],[4353280.791754995,2669996.28597203],[4352170.713925604,2671005.4174618255],[4351616.684894847,2671049.3254516087],[4351437.688926082,2670970.5060695],[4349824.118952068,2671281.7182876095],[4347785.9310696125,2671077.2587955985],[4347499.391859749,2670988.425682025],[4346483.559461689,2671005.36018442],[4345084.572276822,2670454.154853808],[4344118.144946371,2670289.0963733206],[4343382.507535217,2670256.2136121197],[4342116.584024134,2669800.7170933527],[4340508.949249234,2668570.0083469166],[4339404.8612144,2668003.6032384913],[4338482.210350804,2668047.5283628292],[4337715.574706662,2668189.551601428],[4337403.532121212,2668381.592285922],[4336537.54856228,2669454.903427608],[4336166.5702672,2669555.605592892],[4336142.542440256,2669936.9194588126],[4336227.156570068,2670110.1362631912],[4336796.949113686,2670395.4978531627],[4337169.883981282,2670407.2602804904],[4337445.921608771,2670681.0546361133],[4337516.178379192,2670879.897362899],[4337233.52931449,2671007.0171202756],[4336978.194607599,2671326.483505437],[4336630.214943986,2671483.493596467],[4336495.541991388,2671638.492371496],[4336432.64661938,2672273.2802743106],[4336571.85954362,2672612.739757798],[4336586.971999402,2673057.3473345228],[4336194.564447968,2673529.829064256],[4336173.108226634,2673840.627292832],[4335886.368079387,2674134.6972131417],[4335685.815628379,2674941.7169559337],[4335614.802339451,2675372.851984111],[4335667.168308849,2675812.1864304948],[4335834.919494542,2675970.9154166896],[4336081.327436671,2676058.7294550473],[4336808.954829266,2676866.1992867743],[4336874.29559984,2677108.791957938],[4336789.890833887,2677458.88459783],[4336846.075124032,2678133.9089072305],[4336709.441527841,2678525.77825427],[4336759.466723725,2678848.569590712],[4336488.285703541,2679166.490969734],[4336594.204531853,2679437.5299947415],[4336520.141405661,2679586.6867298107],[4335973.886673482,2679779.4330325313],[4335699.787651278,2680106.2448131246],[4335666.891324769,2680361.2026975728],[4335836.332765558,2680761.087847929],[4336024.769170674,2680875.10067459],[4336089.808056782,2681096.269854228],[4336415.803947175,2681373.9007284967],[4336695.52993237,2681783.3792079324],[4336933.568824606,2681927.7786164363],[4337419.074521675,2681873.844676788],[4337585.423362928,2681958.8599867057],[4337502.1870563,2682094.8879041607],[4337093.2544765305,2682137.3048611563],[4336495.736836359,2682369.604058582],[4335790.112635801,2682416.792094699],[4335413.999633412,2682749.4412050704],[4335098.1567432,2682861.955107271],[4334779.953537179,2682802.1103824847],[4334531.689154445,2682983.0841811365],[4334028.869225051,2683131.291768714],[4333917.708133959,2683265.3332070876],[4333899.870396318,2683438.45559477],[4334202.344143819,2684197.8044477548],[4334498.475509235,2684442.754010207],[4335123.194293509,2684645.3126799813],[4335535.067881358,2684654.3470846214],[4335650.917254558,2684804.8565800264],[4336216.2201585565,2685132.3503626524],[4336769.86426243,2684958.799209499],[4337919.494811859,2685009.6319627427],[4338609.510659323,2684501.414514837],[4338808.952896804,2684587.9180786433],[4339094.6803374905,2685147.028265656],[4339410.423982227,2685467.259453303],[4339619.535728088,2685534.268908211],[4339824.360158467,2685455.4278675737],[4340456.047047909,2685633.38829649],[4340581.520622322,2685872.8932665596],[4340830.115868558,2686027.3000078993],[4340852.813998736,2686225.439026929],[4340988.693126651,2686362.3247726187],[4342177.353924223,2686382.976708741],[4342431.865399641,2686727.1299027964],[4342836.507666657,2686961.488801302],[4342961.360823429,2687375.321511941],[4343242.994995611,2687681.2807198237],[4343455.8521577455,2687709.0639768825],[4343715.015492534,2687619.833815027],[4344655.6685792105,2688387.683464822],[4344898.484534772,2688475.1873599538],[4345382.785735769,2688433.541471314],[4345840.647838709,2688239.78851707],[4346412.933115789,2688787.8222464705],[4346565.715879441,2689235.4155891016],[4346961.479763897,2689382.4076261683],[4346830.805017425,2689614.6512308083],[4346877.949279444,2689980.5492697135],[4347663.128439255,2691218.8145724465],[4347752.159745464,2691738.471826289],[4348376.885946208,2692266.1989120655],[4348638.013695324,2692636.1398527],[4348850.9440217875,2692738.9812860526],[4349330.235260329,2693496.570221707],[4349589.17370392,2693581.8536421964],[4349924.7812249195,2693929.527071829],[4349857.471710943,2694357.0759423277],[4350100.903664102,2694976.1377694523],[4350094.359233423,2695273.3524349257],[4350488.486152199,2695925.3092257646],[4350787.0036966475,2696200.3755249674],[4351094.844104133,2696341.0472534937],[4351610.37079204,2696339.642019609],[4352109.332752664,2696476.6088892343],[4352329.097925931,2696693.283967415],[4352451.28260527,2697017.773038651],[4352598.186337525,2697148.4003724386],[4353332.415436513,2697102.540320567],[4353128.2855539275,2697597.6487840246],[4353233.644914352,2698274.228889891],[4353391.231485973,2698534.7483417788],[4353267.551429622,2698862.8903021347],[4353355.059198557,2699088.4260174134],[4353671.642793823,2699341.4352079174],[4353601.040660178,2699703.89324271],[4353773.005806627,2700142.9053071076],[4353967.765843669,2700349.9821378407],[4354588.965142691,2700502.658873204],[4355120.867504065,2700888.8378743967],[4355155.501985449,2701301.078603397],[4355442.416332872,2701918.969836435],[4356493.466772449,2702435.67791512],[4356331.112344429,2703082.761236942],[4356358.507131613,2703286.633652843],[4356215.652311463,2703458.064600691],[4356173.719444259,2703850.944760806],[4355981.193634595,2704085.143835163],[4355858.109068672,2704448.4834269555],[4355993.627272192,2705098.0851570326],[4355818.591957386,2705724.77148562],[4356077.724008945,2706275.0145760956],[4355905.451472412,2706706.291023628],[4355932.399739263,2707088.083882632],[4355674.003151887,2707467.706988085],[4355321.42804726,2707521.0216717287],[4355020.921564364,2707763.8098667148],[4354520.953509888,2707618.3238537544],[4354146.626503031,2707799.552784468],[4353926.112167379,2708085.3365032338],[4353912.280204711,2708351.415675827],[4353708.873962916,2708596.3004068974],[4353221.262531908,2710051.6397550465],[4353254.788427212,2710260.1796893533],[4353529.08323304,2710575.108233235],[4353602.622233705,2710887.075759905],[4353928.186025433,2711344.2548016924],[4354008.776803218,2711743.9310897402],[4353767.42536196,2712367.2339231386],[4354795.031794979,2715540.13950787],[4354622.792064084,2715756.8699473036],[4354281.771932686,2716885.2360174577],[4353697.771012787,2716949.6072030626],[4353400.183370036,2717210.7372309854],[4353233.432510784,2717605.6261122967],[4353197.715305796,2717959.0195228094],[4353012.651817475,2718216.493535905],[4353035.844462871,2718462.8719179505],[4353305.136126709,2718643.6235572184],[4353320.276428579,2718888.733953903],[4353571.076095668,2719234.531990805],[4353878.803016502,2719350.485054086],[4354808.819051025,2719341.648850187],[4355282.665166059,2719190.6426431267],[4355658.114509651,2719498.3193566543],[4356349.291883581,2719691.2243945347],[4356686.921243128,2719640.2378573],[4356848.335122374,2719435.5311445585],[4357463.061044594,2719342.2348172707],[4357576.061835956,2719046.418181427],[4357310.859327308,2718509.6972069447],[4356754.900167089,2718253.630231123],[4356936.420305814,2717652.2156058038],[4356885.941884592,2717351.295382947],[4356398.621347563,2717009.048197024],[4355642.311881289,2715961.379601704],[4355807.929705457,2715835.1730422718],[4356741.997060131,2715640.7030292694],[4357976.334671361,2714485.4740031],[4360523.0044864165,2713951.3464248246],[4361401.337529513,2714111.5277821207],[4363124.734032295,2714204.594167335],[4363568.003051408,2714044.882985159],[4363699.990638856,2713833.6846028967],[4364000.547609147,2713824.991000431],[4364529.4323617,2715166.906303235],[4364332.516562531,2715664.7287538815],[4364435.764723467,2716084.931208563],[4364711.058259826,2716355.8899612734],[4365199.921060948,2716630.8279068614],[4365555.852667847,2717143.1068701334],[4365770.581325678,2717694.462254015],[4366019.583134249,2717828.8762549497],[4366549.206907805,2717630.185676746],[4366871.3466147445,2717401.7262878753],[4367504.221373852,2717527.004896487],[4367726.531320718,2717500.7440863205],[4368217.810400454,2717154.557304606],[4368445.424815651,2716812.8450013073],[4368886.342037366,2716656.8764820592],[4371968.917917425,2716686.1732863025],[4372166.304343879,2716610.8468843843],[4372277.440610913,2716430.067170119],[4372404.884235178,2716429.193816928],[4372925.439207419,2716656.8725260957],[4373151.001768081,2716649.5408490365],[4373286.223575426,2716539.7703021825],[4373401.541916258,2716276.7347695804],[4373444.354549919,2716027.8103456437],[4373333.322819285,2715830.9932774035],[4373578.430864061,2715068.9961689017],[4373730.801633234,2714992.373033326],[4374103.068026016,2715046.7944541937],[4374520.7996034585,2714989.1524102576],[4375090.098424449,2714604.192568687],[4375253.924142931,2714401.3058971497],[4375557.171490975,2714351.517422725],[4375978.057391739,2714490.3833222305],[4376601.547950767,2714482.6028107964],[4377712.18860119,2714298.6110066],[4378361.2345754625,2713937.0819568443],[4378833.67956876,2713174.4243981917],[4378918.7197723985,2712643.2717435323],[4378771.03312682,2712314.772197623],[4379321.023913261,2711954.216716536],[4379688.299558355,2711894.838842268],[4379885.478210686,2712096.433586175],[4380109.46956216,2712190.8185608336],[4380310.82794046,2712165.0960180303],[4380865.612056431,2712564.8042966104],[4381597.115301124,2712458.8477665693],[4381833.992658963,2712524.2814233927],[4381915.33175935,2712940.5294130254],[4382176.635592195,2713155.1406895993],[4382623.487145037,2713148.468864686],[4383375.747899752,2713409.3385301162],[4383931.74461763,2713371.339881665],[4384109.691565221,2713276.3899576687],[4384445.6151060015,2713386.4172365884],[4384781.313074708,2713602.0040017734],[4385230.848100356,2714110.3881329456],[4385993.024740732,2714077.293604861],[4386274.262329504,2714249.8887219937],[4388168.591946111,2714432.7668528766],[4388366.068709021,2714233.595391117],[4388561.744821461,2713459.333798947],[4388779.677275198,2713253.1815647352],[4389129.49325566,2712563.9027097453],[4389388.696677244,2712306.840361439],[4389778.7848276505,2712453.1498039556],[4390059.992964752,2712474.6558638755],[4390231.070123806,2712397.383284755],[4390520.491894436,2712032.6487524873],[4390449.919769958,2711713.4263191307],[4390485.979122275,2711483.8516433765],[4390390.242426423,2711316.462444865],[4390132.258666199,2711175.4072323986],[4389418.5447302675,2710965.9211507216],[4388769.851028319,2710630.0917165615],[4388286.462998939,2710545.744612704],[4387926.912685903,2710310.52601613],[4387238.056152907,2710045.0872555235],[4386950.893930108,2709735.6968132746],[4387036.928623745,2709187.974949029],[4386881.488787145,2708638.9641226036],[4386914.410696673,2708240.15662911],[4387352.200645462,2708022.382289279],[4387648.695322133,2708031.4857987845],[4388463.028096255,2708440.396793918],[4388899.894247331,2708492.460197774],[4389621.0022015665,2708715.3757340712],[4390846.77674858,2708391.178873511],[4391581.696110649,2708402.110857307],[4391908.074116301,2708149.9879808594],[4392082.213914313,2707823.8831600505],[4391579.080646642,2707008.4811252104],[4391583.842945693,2706893.124197695],[4392929.824210534,2705461.890139977],[4392054.078069113,2706159.615922884]]]}},{"type":"Feature","properties":{"flugjahr":"2021","gebiet":"Ober\u00f6sterreich"},"geometry":{"type":"Polygon","coordinates":[[[4585446.521276778,2746398.5103561925],[4586011.974030927,2746615.695619297],[4586109.155576969,2747166.8684957228],[4586227.646795391,2747316.8497082046],[4585633.550017979,2748336.5981394374],[4585449.930876622,2748516.7589084688],[4585286.444650202,2748483.2654463835],[4585455.869468072,2748863.495889806],[4585373.111886981,2748943.693530793],[4584831.736915293,2748948.3892957857],[4584447.974282225,2748752.331769701],[4584076.597336355,2748840.184617845],[4583941.081246127,2748636.1615788443],[4583952.311835151,2748334.313388486],[4583815.24305717,2748114.7627388956],[4583545.452707794,2747977.8816662757],[4583208.2886713855,2747937.3883151943],[4582908.199604742,2748231.1722326106],[4582729.115162838,2748148.4165437906],[4582561.194844282,2747900.634859889],[4582232.876375009,2748065.6441957126],[4582119.091851447,2748257.7327675093],[4582027.648952369,2749004.49256194],[4581896.452746844,2749118.558044925],[4581921.936752773,2749261.3743436174],[4581848.21913667,2749285.1263904744],[4581645.511906516,2749120.5063505564],[4580757.822578441,2749465.010239525],[4580600.148609318,2749316.838128352],[4580424.5599340275,2749424.5269038766],[4579879.456788046,2749297.093195645],[4579574.43062816,2749433.496518122],[4579238.153646454,2749198.1920896713],[4578899.53291673,2749203.9657978574],[4578216.2368517835,2748899.2986430833],[4578116.809082683,2748915.475177467],[4578102.262012141,2749000.8862055074],[4577628.817017346,2748997.4414817896],[4577428.770191152,2748792.157167604],[4576298.3609899795,2748633.073310405],[4576159.150514024,2748735.9510320416],[4575901.086675042,2748762.2437830744],[4575652.34087225,2748615.3962406274],[4575475.352142674,2748341.751649797],[4575378.923889321,2748333.5939627066],[4575385.465973712,2748221.072470041],[4574980.368988364,2748116.891183623],[4574819.174519147,2748273.029963297],[4574819.81850406,2748394.054512796],[4573868.5384270605,2748680.2862702818],[4573780.99422928,2748796.349415762],[4573398.334160819,2748946.2341138204],[4573155.627341735,2749290.0580572975],[4572033.243735748,2749725.2145725535],[4571793.519482685,2750156.664287109],[4571593.22442705,2750037.8131256085],[4571440.849191427,2750076.4949295064],[4571245.279681643,2750001.6640654607],[4571041.298401463,2750070.7760476004],[4570411.039164679,2749946.909937392],[4569118.255443073,2749914.9681937033],[4568882.9927649805,2750855.0786286546],[4568762.0448940825,2750885.409004731],[4568554.652190427,2750791.9320392855],[4568437.043323078,2750964.9790746593],[4567911.853457271,2751125.3417502246],[4567686.1190135125,2751177.485870091],[4567378.858356704,2751121.5233993777],[4567352.591262655,2751602.681543319],[4567098.662196236,2751786.6104535996],[4567109.02946177,2752314.925274814],[4567231.866001948,2752381.2663310207],[4567175.516984746,2753128.3176489067],[4566880.384306543,2753076.7261152463],[4566856.445111917,2753308.196309182],[4566887.510895184,2753515.5121260732],[4567206.555956258,2753615.500768238],[4567404.646918859,2753807.143955522],[4567382.068130929,2754166.1875238484],[4567121.026801976,2754303.731353169],[4567056.895757335,2754576.839601959],[4567396.551585236,2754688.7277227077],[4567676.830963202,2754656.63268984],[4567665.367760566,2754763.3253002358],[4567394.96529349,2755300.1045695012],[4567459.125634395,2755521.275468761],[4567112.05967896,2755865.542323142],[4567084.614841716,2756091.8275145153],[4566779.9516224675,2756329.840414781],[4566805.2813718105,2756481.5627031107],[4566476.107050747,2756641.3649173593],[4566335.173981391,2756847.673227052],[4566093.213171687,2756923.7488794187],[4566115.321870674,2757619.226758529],[4565721.523259155,2757942.0152197387],[4565591.77419914,2758502.061549632],[4565926.576890216,2758820.0752037745],[4566169.86725153,2758783.6663961112],[4566349.352037173,2758959.258458889],[4566391.902760821,2759181.503564546],[4566291.232872221,2759555.4531526063],[4566351.65227967,2760005.1305131936],[4566205.59923288,2760252.640094162],[4566384.9459767565,2760596.0477175135],[4566331.323934047,2760867.607978026],[4566399.836181516,2761082.665812721],[4566008.723865091,2761764.4417526443],[4566359.00608856,2761964.375751961],[4566396.806357682,2762094.9460199145],[4566287.0170941595,2762383.9389608423],[4566550.697018993,2762634.0922688623],[4566462.399950392,2763035.024801117],[4566178.487903247,2763579.460252947],[4566254.34441985,2763655.0735571366],[4585025.311055282,2764503.9392233044],[4584893.356132739,2767499.8947024737],[4609899.452280053,2768653.1306474796],[4610862.052800245,2746640.702467962],[4579238.8254033625,2745202.219965386],[4579361.57234803,2745841.599839661],[4580189.715398084,2746541.130975203],[4580710.640067252,2747478.752111865],[4581213.737888922,2747443.6224408695],[4581710.602430925,2747093.454469667],[4582185.93330587,2747041.0621019267],[4582324.262700219,2747111.0309046786],[4583273.848336671,2746685.5403393167],[4583405.429978358,2746490.8173875804],[4583776.135446622,2746315.956217833],[4583985.887748868,2746259.637471644],[4584242.420528832,2746310.310353069],[4584523.81714389,2746085.8161030835],[4585174.488944305,2746374.217304538],[4585446.521276778,2746398.5103561925]]]}},{"type":"Feature","properties":{"flugjahr":"2020","gebiet":"Tirol"},"geometry":{"type":"Polygon","coordinates":[[[4478784.368955252,2709589.614495959],[4478088.074746688,2709778.546006786],[4476800.131259367,2708855.102128276],[4473686.762380106,2708233.53710541],[4472876.394942948,2707841.763722995],[4472447.845972989,2707731.8730072933],[4472339.237280118,2707885.6321862647],[4470144.543899,2707175.6734189275],[4469743.037021798,2706967.696615639],[4468165.350367531,2705747.498361627],[4466421.207942494,2703868.194293282],[4466135.882411161,2703338.484358304],[4465096.644186434,2702499.6979937595],[4465035.876640014,2702362.0656118253],[4461345.616127095,2700703.898908697],[4459185.445660836,2699315.094560439],[4459139.390143237,2699041.4215974314],[4458468.509958244,2698824.1248609885],[4456600.93664854,2697589.4833511724],[4454394.567811814,2695210.9136535362],[4453063.358599171,2692563.504676002],[4452278.043079922,2690689.85870461],[4451996.902942971,2689787.6515403427],[4448808.836467442,2687195.6683852538],[4448398.390150608,2686656.1766598527],[4447921.51516853,2686436.3522209637],[4447672.704258022,2686467.055781494],[4444737.925036549,2685089.470520911],[4444607.399780272,2684961.9007530096],[4443948.104658531,2684719.7226673635],[4440426.970279177,2683836.8718150533],[4437031.175989838,2683198.4141183565],[4434656.504714767,2682464.433267768],[4431313.625956827,2681105.768121491],[4431017.08916583,2680901.22917497],[4430277.370205499,2680658.9635710623],[4429265.820510133,2680472.787211448],[4427706.682207812,2680021.092228161],[4427199.243179548,2679968.5191473346],[4426967.758410314,2680018.18748609],[4426879.644918512,2679885.4754314446],[4426562.612215939,2679745.364507848],[4425483.673211984,2679468.700345133],[4425093.245432834,2679440.9318087334],[4424943.074931414,2679348.496255942],[4423343.6426084265,2680133.904571916],[4421365.732497842,2680592.6196811814],[4417916.748855234,2679578.9185601017],[4417112.986313201,2679774.653985391],[4417049.667595294,2680414.648080656],[4417157.655924904,2681220.2162008574],[4417347.182370898,2681655.913061708],[4417330.027244016,2682226.677337926],[4417828.380681145,2682873.55119018],[4417779.802510582,2683076.68618147],[4418261.807580012,2683709.696093261],[4418583.650584423,2684589.235754727],[4417957.607700196,2684773.630911382],[4417371.003578286,2684820.7997981813],[4415865.546797183,2685547.500434519],[4414986.577289489,2685773.9597390643],[4414188.531908379,2686404.0072896336],[4413255.068645766,2686496.938806431],[4412353.254126333,2686688.1860153875],[4410615.158734869,2687616.419725108],[4407835.518205345,2688429.048502781],[4406606.141210853,2688938.071894287],[4405880.146281713,2689544.3140837178],[4404449.584718069,2690220.7259019376],[4402674.153622502,2690415.1786962687],[4402449.8770518415,2690509.191003959],[4401136.856521779,2690575.6760137826],[4399691.025346971,2689795.796138985],[4398806.022884209,2690087.7773160976],[4398180.586162726,2690422.7685766798],[4397835.068015634,2690442.7839425094],[4396406.213819535,2690171.0108383344],[4395147.7408866435,2689814.7022128482],[4393088.846161588,2689659.1423992356],[4392388.21501202,2689263.964573724],[4391658.818832213,2688614.7283842317],[4391220.147944237,2688407.85092879],[4390695.263082586,2688304.21122159],[4390118.184166595,2688407.6408275473],[4389850.22370925,2688594.620647111],[4389152.614924326,2689374.229863444],[4388148.296644655,2689559.2436358607],[4385824.957857607,2688976.970016669],[4385449.553237158,2690511.207696342],[4384557.671830706,2690740.97255636],[4384101.896529313,2691358.5681282138],[4384183.13536872,2691945.2700659884],[4384649.767448387,2692634.3650320596],[4385385.40891496,2693190.761020352],[4386277.571652313,2693592.743077604],[4387150.457066146,2693787.3820662443],[4389424.44107132,2694729.7734322236],[4389950.959817973,2695422.595677841],[4390253.659004279,2696118.680397094],[4391062.203330082,2696487.525287255],[4392021.799762408,2696264.377376801],[4392098.671341209,2696745.911801581],[4392594.618005766,2696909.797415359],[4392657.377902054,2697394.9419803075],[4391898.033419474,2698824.274391357],[4392173.123469964,2699468.1381844007],[4392161.2161836345,2700340.6061609695],[4392521.50191148,2701460.827125741],[4392574.46908984,2702040.125024349],[4392320.493805363,2702289.3722649524],[4391447.490032822,2702830.761323243],[4391143.51311684,2704003.179944372],[4391339.426298831,2704238.934498744],[4391289.519454152,2705431.662211163],[4392054.078069113,2706159.615922884],[4393097.977434777,2705306.2766371868],[4395919.318660298,2705575.6178150936],[4397983.487890226,2705401.6551353284],[4399562.014382601,2705041.011538121],[4401144.999323423,2703708.749393988],[4401921.472719361,2702657.2664274937],[4402576.87720513,2702171.823340058],[4404088.058417896,2702098.6291023903],[4404745.2796734385,2701448.629247777],[4406077.041108586,2700772.023779454],[4406957.840065242,2700968.5467288336],[4407698.704791455,2701552.442032809],[4408182.826843673,2701802.347470264],[4409202.593727746,2701985.7622590186],[4409615.920315189,2702134.565924154],[4410010.757898006,2702418.587445132],[4411341.257510208,2702585.2392047457],[4411772.855068118,2703191.2523202887],[4411958.904456516,2703291.75574378],[4412188.98307646,2703291.660403072],[4413108.689798421,2703019.1388324047],[4413523.551507303,2702993.7850183323],[4414314.580040711,2703155.930520168],[4415282.269831032,2703202.4280394176],[4415509.726641751,2703137.2958134883],[4419945.7473488115,2703042.6727186847],[4420246.924849904,2703213.768245053],[4420562.42934565,2703818.316550408],[4421113.9778771475,2703873.516835476],[4421095.50921731,2704094.495586727],[4421213.423922539,2704503.642560667],[4421653.728583469,2705057.358095263],[4421936.791163741,2705236.8605270414],[4422505.293522102,2705226.479575912],[4422955.665930269,2705043.959578169],[4423498.4103190275,2705138.3516166294],[4424100.726133542,2704748.1479231515],[4424308.239193235,2704790.0215560244],[4424600.324365463,2705137.5751746343],[4424778.268383453,2705212.252303989],[4425579.944136955,2705161.097284897],[4425906.062147119,2704991.582351267],[4426831.476104963,2705130.780014836],[4427167.477667267,2704983.505768077],[4427633.177335668,2705004.097205801],[4427277.84735758,2705560.5248486763],[4427243.553707002,2705958.54616698],[4426943.6493858425,2706645.136899735],[4426578.663646831,2706648.647895556],[4426179.376090022,2706528.2707624217],[4425663.892463392,2706677.636214891],[4425103.780148456,2707371.2901791455],[4425172.962324786,2707974.214685651],[4425673.602360852,2708810.6040511504],[4425977.058302485,2708937.42704444],[4426318.80176962,2709347.663287251],[4426906.167704818,2709812.5667519043],[4426925.669094308,2710013.8946261173],[4427161.762554744,2710323.4977895827],[4427271.944169619,2710640.2541906876],[4427568.007712931,2711071.027003759],[4427847.42532476,2711265.244365115],[4427954.355768682,2711525.582554836],[4428570.248504074,2712059.6625597654],[4428821.496029095,2712413.6369821313],[4429551.8777836505,2712919.7283125417],[4429743.074813867,2712945.8882825873],[4429910.635654474,2712850.406073725],[4430039.575141589,2712410.5254887072],[4430429.77856425,2711888.383308946],[4430961.103014668,2711991.148782147],[4431476.066982883,2711944.2810548963],[4433148.183603406,2712024.781452492],[4433326.804983124,2711951.9743219432],[4433431.642658541,2711791.4649359444],[4433980.177365038,2711863.843473389],[4434340.549830181,2711781.592807954],[4434531.794800528,2711652.01350512],[4434864.261765699,2711755.4378624507],[4435402.591182516,2712288.730115856],[4436100.731313424,2712115.678806986],[4436584.74520696,2712089.9452138427],[4437037.096405981,2712190.0446184594],[4437314.414832031,2712395.4590850635],[4437896.999860216,2712605.0903036525],[4438154.574849377,2712537.142120651],[4438691.2277930025,2712699.709647124],[4439324.438757439,2712719.0230495636],[4439638.798452373,2713308.9174553268],[4440359.166716435,2713848.1254613637],[4440296.659105386,2715140.5859167925],[4440169.367996055,2715458.992908755],[4440142.315140653,2715924.7061544852],[4440392.627319056,2716554.4636392193],[4440211.991767984,2717015.945866828],[4440502.426670773,2717690.609527112],[4441193.743463184,2718459.562715605],[4441596.132025503,2720046.601590723],[4441724.092082563,2720216.223861409],[4441919.318488356,2720297.1281378395],[4442358.796540732,2720131.331449075],[4442579.311554712,2720476.976959077],[4442829.175988065,2720601.3076467477],[4443185.31801255,2720597.910760488],[4443447.129480905,2720480.2183534284],[4443618.812452636,2721376.8227959746],[4444027.24870575,2721749.4957384546],[4444630.855173685,2721624.289722898],[4444905.417928,2721261.1863264064],[4445250.0249732435,2721289.3373661675],[4445928.30679902,2720650.200790569],[4446234.532367222,2720609.3964674054],[4446883.255312622,2720816.207256916],[4447346.251121049,2720784.1371535207],[4447514.693958687,2720687.670113768],[4448198.643313244,2721021.039380709],[4448911.013656444,2721249.9167989967],[4450706.685791631,2721309.5680363257],[4452304.419212949,2721198.098570127],[4452891.270232151,2721364.1757871346],[4453464.728815557,2721357.2020031465],[4453960.889112766,2721501.418292827],[4454299.329695097,2721440.6651533516],[4455029.649437001,2721643.674431488],[4455779.4052852215,2721259.3380695316],[4457714.767584839,2720974.8143640254],[4458574.918085577,2721094.4817072335],[4458820.142290089,2720996.840572092],[4458934.143000808,2720725.9364990946],[4459484.695595058,2720748.470167365],[4459693.7070199065,2720675.4364693617],[4459793.036943128,2720731.4205369847],[4460276.8371299235,2722815.160068305],[4460445.323373908,2722996.688989385],[4461093.195655534,2722892.414728864],[4463485.012711033,2723829.271657785],[4464031.766695662,2723781.6665350837],[4464888.743530796,2724403.2734134127],[4466398.287056087,2724325.6978313085],[4467839.211958808,2724707.133174132],[4469013.1478738235,2724892.4543595277],[4469575.549651549,2724704.216460783],[4469760.770871158,2724995.9403801714],[4469948.62065798,2725114.4233415476],[4470599.185717495,2725321.3144727717],[4471269.3927927455,2725423.579773026],[4472025.1308889575,2725855.8247055816],[4472607.253496174,2725529.594683262],[4473150.818519001,2724352.8611891186],[4473447.872436686,2724336.84503536],[4473549.104536682,2724614.0922210645],[4473792.498315593,2724888.100831058],[4474154.41832267,2725065.824459755],[4474974.731136504,2724940.4669134794],[4475228.3001109045,2724809.88748197],[4475459.364463157,2724870.27184371],[4475872.749973172,2725235.566462311],[4476262.267167316,2725250.0857728017],[4476433.5370910615,2725189.3321183166],[4476568.667550077,2724977.468382602],[4476895.130166091,2724797.2819886766],[4477482.961076303,2724655.869375345],[4477735.401792641,2724296.5732256467],[4478440.581463546,2724398.293556256],[4478729.534499708,2724364.907548838],[4479642.006342844,2724572.338020232],[4480127.207424141,2724554.513687159],[4480573.553547009,2724371.227815314],[4481155.429897547,2723982.9600947583],[4481691.595653449,2724660.839544853],[4482021.978597486,2724941.70551911],[4483201.061354501,2725575.8244736083],[4483777.350341576,2726376.153550757],[4483654.790814085,2728055.831541051],[4482552.881400188,2728836.3550286717],[4482301.823729976,2734166.61929085],[4483335.28770592,2734620.355972937],[4484837.957605278,2734596.245972272],[4484958.375223735,2734864.073819527],[4485752.216901159,2735467.3975224495],[4486018.699919261,2735544.2664355016],[4486266.986640617,2735441.308212843],[4486463.17926017,2735717.8684975174],[4486901.134722703,2735800.93608095],[4487920.048613602,2736555.414237935],[4488835.064182257,2738125.612572939],[4489568.396600134,2739201.1553131263],[4490298.8100073105,2739483.0953865894],[4490550.573541245,2739399.3053912665],[4491070.658663088,2738686.5732053993],[4491270.094217467,2738018.159113454],[4490723.166278,2736641.9305020864],[4490536.251791054,2736392.218447589],[4490214.12200627,2735632.7797078397],[4489950.384107633,2735388.304375949],[4489630.60503863,2733788.7657910455],[4489921.5926485285,2733216.5503858905],[4490086.773451853,2733089.789552246],[4490326.355269842,2733244.4891769644],[4490997.0180414235,2733374.9283093982],[4491555.397023084,2733852.6484603556],[4492299.174496895,2734225.0963452095],[4493098.766369199,2734305.2089441908],[4495716.175624723,2734971.4634590345],[4496869.0517281005,2735069.590266652],[4497498.8517210595,2734706.979025256],[4498414.900747069,2734385.7382605053],[4498841.292382744,2734112.864915754],[4499224.79501701,2734040.072641438],[4500138.10472953,2734318.8290587976],[4501074.997937171,2734747.2266576635],[4503204.991256142,2735286.2725674785],[4504408.654132318,2735193.9586967076],[4504870.690579947,2734950.5844514715],[4505274.124565197,2734345.8403278384],[4505368.302758366,2733975.6755512347],[4505281.896752197,2733212.504373609],[4505335.594776717,2732592.5912486482],[4505542.340385434,2732256.2679775814],[4506050.008759508,2731784.9510577833],[4506430.50782071,2730868.2195730046],[4506848.862085444,2730145.7383187516],[4507357.5294391485,2729708.9757740754],[4508864.124679863,2728662.2029306367],[4509371.403774699,2728105.1863007676],[4509752.63526595,2727969.072800066],[4510169.97773019,2728019.0676846136],[4511205.769547619,2728791.3595182155],[4511619.438440172,2728926.2052519955],[4514973.688610324,2728488.384790429],[4514841.846806552,2728196.42267289],[4514820.739362878,2727887.5279896753],[4514645.056111233,2727756.214157758],[4514571.437997805,2727562.068070018],[4514286.958867083,2725873.910859715],[4514315.8682119325,2725367.3172156825],[4514507.876292987,2725117.71451147],[4514668.84880826,2724632.3912083264],[4514955.572979645,2724503.5904965755],[4515092.62511312,2724557.046079202],[4516488.709351076,2724367.2016785005],[4516743.347752178,2724307.638786303],[4517200.231868952,2724037.7809529495],[4518141.451083051,2723950.3038796987],[4519379.303108122,2723485.4899169826],[4519692.987065209,2723510.5384788606],[4519893.879383871,2723327.6569431117],[4520067.959877278,2723335.8037503967],[4520598.542265822,2723078.855574507],[4521691.991249753,2721958.8651447557],[4520629.937492225,2720915.6298837205],[4520628.136263852,2720495.1610708223],[4520494.263535617,2720453.7325247116],[4519908.504513534,2719203.7173260804],[4519426.003786073,2718849.9663445964],[4519255.560859677,2718852.9615197377],[4518914.194374051,2718617.254737692],[4519406.384003549,2718223.612205586],[4519572.272532893,2717931.8054154078],[4520078.620402696,2717706.0025724852],[4520209.573731268,2717426.8725771653],[4520657.280525137,2717225.485604014],[4520918.006920816,2717268.204976717],[4520859.783026688,2716936.62607692],[4520931.459189726,2716546.5423074393],[4521532.291511769,2714390.930219689],[4521865.148736889,2713888.6392794666],[4522171.186937548,2714139.9128224207],[4522408.8042429425,2713201.475945364],[4522662.229345537,2713144.45756464],[4523571.946402361,2712300.3183290963],[4524116.677981645,2712208.091526775],[4524348.2753114365,2711983.447580451],[4524408.443320716,2711683.03137939],[4524320.743388189,2711335.1643727585],[4524571.829696809,2710853.181212074],[4524025.6616415875,2710652.2996131964],[4523617.285616567,2710377.1097779595],[4523419.383163607,2710416.0578806046],[4522637.161437374,2709583.2314057313],[4522179.318213817,2709475.7423415803],[4522033.230130698,2709306.5627127835],[4521083.494732023,2709573.764484079],[4520464.236445635,2709625.047644119],[4520150.766343308,2709576.2451864243],[4519956.719910491,2709392.120496058],[4519780.464376068,2709446.351887527],[4519483.861372942,2709183.6446813266],[4519533.45485575,2709111.35450415],[4519470.754738996,2708528.005238596],[4519693.018722954,2708083.0064759366],[4519639.831229385,2707756.0355716823],[4520021.803712344,2707516.008593723],[4519972.318982769,2706963.4870509333],[4520096.575609457,2706647.783686065],[4520052.362212796,2706097.101892072],[4519803.941742317,2705962.7390476773],[4519674.9056712715,2705585.5966928103],[4519286.269610043,2705316.570856069],[4519248.532304438,2704893.031921958],[4519098.286006365,2704760.738557377],[4519129.054649276,2704501.108180187],[4519007.886328269,2704316.3064632327],[4518975.154942317,2704035.3384094024],[4518778.606633947,2703838.433524915],[4518393.245122842,2703883.7668103627],[4517748.700220517,2703478.901372254],[4517537.683528071,2703511.173953979],[4517394.805578495,2703401.6306655356],[4517119.4332047105,2702806.1555331154],[4516773.835548024,2702638.296576827],[4516681.761308152,2702356.0419442775],[4516566.4175551,2702251.057794287],[4516619.429988479,2701961.1497163475],[4516482.076489251,2701755.793540794],[4515773.53651635,2701045.902478952],[4515254.549174471,2701064.294484714],[4515196.917105696,2701158.7143859365],[4514702.835857499,2701262.7772092377],[4514596.6344417,2701385.3932438567],[4514599.796604635,2701766.2741879257],[4514544.887142501,2701786.18426585],[4514243.249102309,2701635.5715841334],[4513969.28807421,2701772.0123542165],[4513346.879262994,2701549.780793422],[4513238.010130118,2701574.448979141],[4513268.062646562,2701448.881576565],[4513047.796838199,2701214.7767700893],[4512298.260792407,2700962.6369242193],[4512184.261850692,2700847.8727538125],[4511630.257018902,2700704.557361336],[4510975.871992583,2700977.2724092673],[4510292.330207587,2701039.145567265],[4510145.860505711,2700632.263908475],[4509767.771482776,2700085.410304724],[4509728.619124681,2699607.30832149],[4509571.383667788,2699472.832058272],[4509334.294571209,2699476.9107094565],[4509280.122972162,2699380.3527305587],[4508581.384399553,2699179.1723152753],[4508354.671272221,2698399.9855779125],[4508338.09339649,2698094.181081769],[4508391.660492337,2698155.829313176],[4508462.960960849,2698109.8177884133],[4508349.009226797,2697731.8177931583],[4508536.347042188,2697459.1237013894],[4509044.292747352,2697141.4061035966],[4508930.577265952,2696870.7753751525],[4508940.582169597,2696358.8932506675],[4509389.171710042,2696194.1301900544],[4509631.932829651,2695936.6778091975],[4509889.239844481,2696027.5244664345],[4509827.519139946,2695794.8140633493],[4509890.510989348,2695532.2144655576],[4509801.825265787,2695307.6387753235],[4509625.882949493,2695149.146986399],[4509676.633768544,2694712.9361898564],[4509379.971732941,2694830.45872676],[4509061.242195533,2694707.0802069986],[4508711.9983296795,2693797.7868880527],[4508628.867160393,2693800.338443863],[4508439.398999592,2693446.7747756764],[4508002.406306371,2693304.191408812],[4507804.803458179,2693134.3082819204],[4507437.302718753,2693295.1769529115],[4507134.056753766,2693279.116815932],[4506433.919841718,2693442.2375282235],[4506199.642957033,2693398.1987452777],[4505676.270349948,2693601.5893642157],[4503921.1850155275,2692756.885954218],[4503641.78143986,2692322.8098589783],[4503608.680040464,2692082.9740631],[4503345.753454556,2691858.0519575058],[4502942.121115383,2691809.414493697],[4502267.164993845,2691973.515609606],[4501699.919520856,2691927.544414279],[4500649.448389488,2691514.499770411],[4500236.504063546,2691807.2861035424],[4499998.6156434845,2691791.3611901384],[4499485.620378584,2692204.947186635],[4499317.759949516,2692275.5668927818],[4498831.327245001,2692250.9108196823],[4498622.137967025,2692501.3297324986],[4498166.970038886,2692598.4004347217],[4497977.541717317,2692835.847573056],[4497745.755486293,2692913.464061283],[4497616.4849446155,2693330.980034564],[4497516.393504864,2693218.0982905873],[4496387.2687804075,2692978.981924873],[4496222.307920166,2693413.9355454766],[4495479.265686868,2693537.42880145],[4495271.027164594,2693470.3841041056],[4494681.469926868,2693693.76765334],[4494688.408543376,2693191.9638827303],[4494621.659235958,2692993.4163322225],[4494394.32743037,2692774.6427714713],[4494352.274086627,2692559.769524485],[4494029.291710276,2692326.0743989865],[4493907.440551423,2692010.0163096143],[4493492.594294865,2691706.4951115977],[4493454.017943055,2691492.3061711467],[4493258.124486343,2691327.402801255],[4493021.423188155,2690926.9178825957],[4492645.501824867,2690611.965466042],[4492496.808016833,2690321.1907608774],[4492324.69488755,2690242.625897454],[4491593.151762944,2690859.7945865304],[4491399.63688915,2690809.143570855],[4491086.785030991,2690306.186957717],[4490587.892670101,2690242.445943521],[4490298.446364853,2690096.4854160594],[4489863.924465846,2690532.911618529],[4489923.605072802,2690785.736387591],[4489817.249852084,2691109.9204362324],[4489711.390403099,2691255.0708243195],[4489382.775935772,2691352.0754617127],[4488881.678996083,2691129.7803824944],[4488670.90047948,2691158.8166567],[4488090.681376755,2690105.243621037],[4487614.875768436,2689969.4693794665],[4487520.348529531,2689792.1775644305],[4487316.040655238,2689775.5955793215],[4487260.636882288,2689672.352234148],[4487330.007550089,2691573.146450591],[4487661.673361498,2693129.4826376312],[4487832.151301859,2694494.4532166114],[4487799.2449651435,2694732.1767209824],[4488898.048181349,2694505.58319108],[4488127.2520471485,2696589.696310911],[4487625.492833282,2697670.408856656],[4486891.555474024,2698921.829792126],[4485999.532254259,2700861.808675153],[4484558.738162778,2702411.053556518],[4483732.394736499,2702241.06322641],[4483010.551006797,2701703.320276031],[4483092.337097782,2699209.8865919495],[4482661.411230612,2696938.0232401015],[4482221.035707596,2696316.5536394753],[4481332.062679741,2696232.122227166],[4480683.927038695,2696817.851376368],[4480946.472535456,2697857.7476963513],[4481098.725797756,2700188.1654997612],[4480983.953225979,2701075.623951885],[4480841.887587222,2701458.3605260765],[4480535.963359627,2701529.433606638],[4480274.005979525,2701481.8239691476],[4479926.2204126315,2701281.3140558116],[4479668.333763208,2701240.191385763],[4478984.425642214,2701421.488815126],[4478677.936760282,2701854.067227964],[4478578.902145245,2702193.9959953604],[4478621.141462437,2702660.0359240766],[4478852.494273469,2703432.744837686],[4479187.022447811,2703885.1079807547],[4479835.150787054,2703843.753906759],[4480229.940410522,2703903.5015413533],[4480547.118369163,2704269.353184449],[4480759.339806245,2704722.6257653977],[4480691.206949347,2707138.24722168],[4479407.517751404,2709040.4171792422],[4478784.368955252,2709589.614495959]],[[4483000.552316362,2701702.9830930326],[4483082.299028685,2699210.7722411323],[4483012.708247453,2701332.4544415004],[4483000.552316362,2701702.9830930326]]]}},{"type":"Feature","properties":{"flugjahr":"2021","gebiet":"Salzburg"},"geometry":{"type":"Polygon","coordinates":[[[4593458.922990921,2686344.9933529124],[4593131.822092958,2693833.9719956215],[4593372.185920583,2693844.8405870507],[4593416.61912688,2693552.302977376],[4593239.468635846,2693274.297573161],[4593486.779106371,2693054.637722275],[4593535.256358731,2692856.8026574715],[4594026.039113521,2692220.4579424374],[4595114.492756431,2692231.6366808144],[4595261.458640412,2691806.2606225],[4595872.257684072,2691258.6813612],[4596256.59443635,2691259.1384767285],[4596401.15541744,2691354.2635340095],[4596631.959393511,2691312.0204081195],[4597360.57840331,2691629.385334106],[4597539.374039572,2691620.7330703735],[4597701.846917922,2691464.3754854635],[4598142.054773283,2691287.8517417377],[4598714.727588503,2691172.3333729138],[4599150.899443528,2691482.5340304244],[4599760.225315392,2690891.1957445517],[4600322.32861539,2690788.1216751933],[4600784.244316822,2690496.628301339],[4600841.562177579,2689958.53407878],[4601272.357838614,2690052.0851779426],[4601693.25205065,2689936.6941065905],[4601989.93145778,2689951.4374633348],[4602002.117763915,2690705.3930380037],[4602195.375276828,2691331.656020184],[4602479.60127789,2691552.203143056],[4602504.486438158,2691778.679314021],[4602921.089441585,2692078.9301220262],[4603259.248771101,2691958.5268322905],[4603951.422514471,2692140.2150998046],[4604641.928224571,2692118.2035358427],[4604939.112948978,2691924.6006328342],[4605677.129893511,2690900.7825003676],[4606249.846655145,2691346.6773525826],[4606708.481610969,2691550.9907027874],[4606917.012233865,2691811.9064621385],[4607360.888517101,2691964.223051038],[4607858.558608311,2692660.311271667],[4607663.881806755,2692928.2974032424],[4607698.435446748,2693516.4797573257],[4608338.446949665,2693372.885384271],[4608706.864355946,2693670.3286900674],[4608683.555602375,2693836.0385100152],[4608824.5632482525,2693982.8105667615],[4609795.215151341,2694424.389225663],[4610445.860883259,2694100.4434380624],[4610285.652363264,2693752.2502345624],[4610347.356127831,2693409.252336094],[4610638.291416935,2692973.6798736285],[4610382.549547606,2692433.9735293575],[4610695.07297463,2692002.408332083],[4610395.285529776,2691857.7493710173],[4610280.196587841,2691527.1569684222],[4610456.993026887,2691206.6599338665],[4611192.919078605,2690892.150398406],[4611595.35050885,2690824.1162133943],[4611746.412806618,2690677.372443073],[4612071.901462835,2690633.776985175],[4612625.6607676055,2690197.1160509028],[4613450.73121232,2689924.907862055],[4613605.938734603,2689714.147177732],[4613929.574179439,2688949.4764305055],[4613969.113557346,2688463.8100184966],[4613771.446002809,2688144.2436730755],[4613387.0404353235,2687877.768649347],[4613269.383798867,2687625.2498272825],[4612802.857831209,2687453.2220018087],[4612673.137697592,2687149.797370591],[4612939.304358479,2686766.6031856854],[4613200.929938077,2686752.3496677307],[4613544.514449045,2686456.909073971],[4613829.996624187,2686138.8794627343],[4613970.165214258,2685650.4704130543],[4614572.72281473,2685340.6787279947],[4614736.252597661,2685026.800832283],[4615255.436875506,2684478.1327186297],[4616883.004942364,2683495.0556778214],[4616757.500453136,2683075.4788390845],[4616468.998514155,2683006.883121509],[4616419.9538574945,2682544.066368481],[4616280.060484895,2682422.497980557],[4616604.395906068,2682149.050483849],[4616666.876385015,2682274.359943128],[4616839.012637747,2682354.2151327166],[4617275.655398702,2682328.048506811],[4617358.218670083,2682518.3372465842],[4617683.024411961,2682028.9005043805],[4617903.538415286,2681872.695623705],[4617967.2722779075,2681440.276820554],[4618075.994071709,2681288.9076040117],[4618062.51892199,2680848.658195734],[4618220.648657788,2681019.4077378456],[4618495.964118032,2681038.9335370823],[4619100.072967757,2680816.0099065807],[4619488.656847913,2680831.908414093],[4620019.666359363,2680528.4143908788],[4620132.730552569,2680577.324127233],[4620493.514826922,2680468.8443201794],[4621420.019472377,2679817.171411155],[4622028.128634603,2678862.1086668856],[4622767.159600833,2678433.755428329],[4623054.5451904135,2678397.3476897916],[4624030.894089644,2678016.8378667305],[4624086.303675217,2677715.0114737307],[4623939.146779423,2677578.0019623493],[4623921.824408047,2677404.670170918],[4624282.622967587,2676978.760091318],[4624052.024609287,2676557.5337381717],[4623713.711913907,2676356.535474125],[4623631.8596687615,2676137.921004233],[4623325.5882590525,2676031.28963245],[4622504.116650071,2676206.2235164815],[4622012.161962479,2676069.0434724214],[4621566.186856114,2675798.8898525434],[4621348.539565591,2675818.8845065213],[4621077.946142766,2675954.642316589],[4620905.051423241,2676231.408233785],[4620656.989859292,2676399.040845237],[4620531.953648979,2676738.21135312],[4620247.170190317,2677154.734542288],[4619946.77780648,2677123.5599789126],[4619340.71283768,2676680.0819244063],[4619089.462000579,2676335.670278994],[4618722.468381295,2676214.3513979805],[4618647.405166208,2676254.6516401954],[4618262.263467826,2675928.9340556767],[4618089.895649467,2675622.5122335902],[4617740.008291386,2675619.8153353343],[4617258.616297662,2674810.9656263944],[4616945.14394349,2674446.4971562307],[4616815.505700591,2674530.007342448],[4616515.5325431125,2674479.8333720556],[4616153.844439364,2673969.9530934244],[4615836.51640148,2673921.319952328],[4615713.896470516,2673760.0111259986],[4615871.694036307,2673426.7140248544],[4615551.580962867,2672899.4868070995],[4615487.883764702,2672571.503354612],[4615537.988807666,2672295.4852578947],[4616171.61566464,2671960.903415009],[4616465.994973318,2671267.7321003126],[4616795.432750902,2670975.5376690472],[4617528.074904559,2669975.1765627475],[4617857.456268676,2669683.5633159997],[4617668.741687713,2669136.834452551],[4617676.147885924,2668878.360094485],[4617479.815538447,2668678.801923276],[4617444.050907406,2668460.752040826],[4617147.976147055,2668073.9273589584],[4616783.467649442,2667892.028017774],[4616550.251038694,2667041.861514992],[4616310.841075871,2666727.4596354743],[4616189.418786072,2666128.368891626],[4615803.447715304,2665369.3777528056],[4615447.565070012,2665064.881097303],[4614882.250222547,2663883.4736510594],[4614984.13981961,2663458.403159979],[4614887.414695379,2662816.2778217667],[4615003.093941953,2662302.0930775353],[4614933.573812757,2661917.3058255673],[4614976.053980913,2661669.857344632],[4615067.157470976,2661592.0757081243],[4615076.043659408,2661276.9767156267],[4614708.247180088,2661113.378299642],[4614522.954080735,2660814.7203474008],[4613617.545201055,2660403.311612185],[4613464.930006857,2660130.85019695],[4613604.838091508,2659894.659006308],[4613499.211495851,2659825.5078209788],[4613445.67495089,2659390.2509263195],[4612753.173453062,2658669.497119326],[4612750.961321538,2657737.160310072],[4612438.735202825,2657299.4050793923],[4612066.321267442,2657020.11920787],[4611670.342622821,2656855.8204769115],[4611386.153803337,2656143.0077104056],[4611059.040545432,2655976.703208849],[4610517.141905083,2656021.014494328],[4610284.087520699,2655914.01629429],[4609893.228921214,2655542.2265719105],[4609727.653068978,2655270.4436101466],[4609265.102181398,2655144.2839104543],[4608798.879531849,2655230.2639495526],[4608514.188073076,2655614.490890227],[4608561.806527969,2655712.28919404],[4608400.356708372,2656105.1969800955],[4608579.527389434,2656327.710452432],[4608522.492516547,2656678.985963274],[4608158.325832748,2657082.2396291476],[4608309.522539644,2657873.5675398954],[4608065.3602058245,2658796.1175149214],[4607695.404824342,2659164.6887389417],[4607041.622897308,2659315.6279051495],[4606985.639197788,2660058.125883539],[4606663.239577659,2660279.0467988523],[4606113.883761476,2660384.386226625],[4606029.875217415,2660567.089941628],[4606023.01935165,2660383.1599965994],[4605815.656032808,2660247.8221424054],[4605564.089121155,2660211.1228651237],[4605134.754046697,2659983.043718176],[4604873.812785183,2660023.0693959277],[4604694.1627751095,2660142.8186328267],[4604254.091399946,2660162.6262351414],[4603606.0253657475,2660451.4902534727],[4602972.185057551,2660628.074662616],[4602948.944671909,2660762.0311106443],[4602639.768135548,2661025.713964426],[4602602.479730566,2661305.827128209],[4602319.148444001,2661577.932836437],[4601974.047707755,2661719.140948906],[4601834.872877253,2662057.6743335063],[4601959.29990774,2662198.312522339],[4601767.792997552,2662357.3711138265],[4601831.291196916,2662504.3458154183],[4601436.7061700225,2662662.45649676],[4601647.022485356,2663326.5924277743],[4601378.754897934,2664266.3438428496],[4601950.769327673,2664775.3381446013],[4601939.626448176,2665076.3720272603],[4601781.902767093,2665169.3712440794],[4601754.895938043,2665479.3328015553],[4600981.717176518,2665395.565778546],[4600917.369568692,2665547.216069646],[4600788.559638888,2665431.3096332652],[4600516.377284423,2665381.5476276446],[4600421.068517215,2665528.1648212182],[4600296.870321622,2665369.0173559836],[4599951.719373783,2665280.403533756],[4599785.30777361,2665428.7318277834],[4599564.971692136,2665297.157114517],[4599275.832468876,2665350.8582632113],[4599139.325295229,2665497.0867558517],[4598903.460688051,2665284.0374869984],[4598343.995352495,2665221.086082064],[4597986.411304255,2665513.128997326],[4597460.3339131335,2666975.689355182],[4596284.047075764,2667201.647856512],[4596002.899087577,2667203.8917655116],[4595524.190863839,2666908.8899225225],[4594674.269449218,2666628.8014534162],[4594053.674204353,2666599.7939449362],[4593197.6164671155,2666219.821244673],[4592863.330781377,2666270.0858903006],[4591402.489220056,2666642.870677002],[4591040.600280606,2666922.170249978],[4590627.000410985,2666958.6086214576],[4589632.976207887,2667458.795776922],[4589367.611518571,2667415.058054095],[4588677.822688038,2667703.2218328826],[4588563.649209615,2667825.0785953356],[4587883.227544339,2667869.6959631843],[4587717.881737738,2668004.567552083],[4587165.258915488,2667945.3857318424],[4587036.988625106,2668006.8985421252],[4587004.344252303,2668149.2302312194],[4586804.835358697,2668214.8163612154],[4586013.688806406,2668302.3556683073],[4584718.323674897,2668690.350187711],[4583954.827208975,2668788.6634022607],[4583665.508437255,2668951.7117985375],[4582361.830410433,2668607.3815879216],[4581397.860236308,2668890.4897301635],[4580777.341247367,2668545.0231213802],[4580275.918454743,2667791.276154288],[4580022.289694677,2667613.997214212],[4579854.623850383,2667518.467672226],[4579355.882853838,2667565.188496261],[4578300.193839827,2668215.915002397],[4577787.279851806,2668743.7322188974],[4577682.414069933,2669122.5331713925],[4577634.391681171,2670002.1298034834],[4577504.097792943,2670116.748050949],[4576752.906780271,2670342.7261571083],[4576378.413120218,2670616.886993632],[4575176.678984093,2670222.7141559264],[4574976.300569782,2670269.618712707],[4574130.93250291,2670185.3911276697],[4573701.170267891,2669923.7087696567],[4573580.998813629,2669670.98090965],[4572696.942061019,2669341.0028449413],[4572536.807914716,2669058.9260862623],[4571869.59218603,2669112.363509555],[4571590.026012973,2669238.3170954688],[4571271.305433629,2669652.4443695084],[4570841.839183773,2669916.376048265],[4569958.706110895,2669947.1251982385],[4568781.0906275185,2669268.2694793786],[4568018.139153889,2669018.1653020117],[4567927.011447365,2668962.244793281],[4567742.017228021,2668110.9671740574],[4567442.9245053595,2667680.718712489],[4567380.813020975,2667446.725385055],[4567813.000745781,2667050.8495654613],[4568131.908210979,2665140.581322554],[4568053.346684966,2664933.0301399045],[4566439.302919111,2664444.9522170406],[4565380.490140547,2664014.770413712],[4564632.499197173,2664021.8607936157],[4564091.355332713,2663846.049591011],[4563375.368149341,2663822.469820015],[4563121.562127472,2663918.526408244],[4562565.376755316,2663579.85806074],[4562135.828009429,2663664.586350491],[4561980.6483986415,2663591.3907647617],[4561893.059717444,2663714.551399841],[4561297.436015941,2677392.9278118555],[4573793.08249065,2677955.0540514416],[4573684.281420418,2680450.8411386735],[4576183.176267979,2680563.449786246],[4575965.45010031,2685555.1129797176],[4593458.922990921,2686344.9933529124]]]}},{"type":"Feature","properties":{"flugjahr":"2021","gebiet":"Tirol"},"geometry":{"type":"Polygon","coordinates":[[[4502676.315990144,2625563.2037577243],[4502423.360316445,2625991.4429178447],[4502349.857019237,2626731.7129519004],[4502097.152791498,2627063.0458587715],[4501939.735072972,2627647.0965218297],[4501725.079262954,2627944.1062330725],[4501514.779507334,2628709.310005881],[4501452.858038575,2629355.569768328],[4501024.52548227,2630301.921109027],[4501079.379233062,2630354.0640585176],[4501550.049303701,2629231.2561425874],[4501541.139315139,2628743.4798276057],[4501710.60878102,2628048.068611395],[4501975.262128692,2627717.707468871],[4502130.248942284,2627111.585752097],[4502364.960364326,2626815.1067392817],[4502461.574110873,2625982.5460170014],[4502676.315990144,2625563.2037577243]]]}},{"type":"Feature","properties":{"flugjahr":"2008","gebiet":"Tirol"},"geometry":{"type":"Polygon","coordinates":[[[4494108.953516521,2643392.3502465216],[4494114.618313104,2643301.2496063598],[4494063.028469942,2643390.320743772],[4494108.953516521,2643392.3502465216]]]}},{"type":"Feature","properties":{"flugjahr":"2022","gebiet":"Tirol"},"geometry":{"type":"Polygon","coordinates":[[[4501024.8293652,2630302.2822456635],[4500735.580323004,2631406.6967742536],[4500523.232913345,2631575.9916371545],[4499918.832376115,2631532.529047186],[4499442.1294424,2631811.6860639118],[4499020.543786207,2631864.8580422993],[4498560.615582136,2632101.7301961505],[4497756.157948269,2632300.6924709566],[4496911.40928767,2632143.839637355],[4496512.149163426,2632239.2247951906],[4495582.328045331,2632107.748827145],[4495280.067143026,2632203.3445742447],[4495084.017274329,2632416.241633462],[4494771.769461753,2633231.298170524],[4494732.968679746,2633683.3217764786],[4494923.780715074,2634067.6667260253],[4495234.710687111,2634346.34874159],[4495282.401173741,2634722.4964506943],[4495391.965744995,2635013.0523590436],[4495324.044921351,2635340.8141082423],[4494897.684370967,2635987.027126789],[4494873.537846964,2636300.8032839308],[4495382.161384242,2637259.15243899],[4495953.3230752135,2637844.2848714376],[4496137.176318229,2637981.786130923],[4496496.3892673245,2638563.2418870637],[4496386.299380958,2638835.8034050064],[4496039.419918257,2638931.37496951],[4495850.349195632,2639087.0538743297],[4495696.743110032,2639598.342597177],[4495476.158731572,2639879.6608234383],[4495208.787135927,2640789.8915273454],[4495279.623167009,2641247.573838945],[4495215.33554533,2641514.6467078216],[4494702.239042119,2641813.961612267],[4494183.555445425,2642351.20963633],[4494093.4144238485,2642644.3392886184],[4494171.490353646,2643128.6020330694],[4494114.618313105,2643301.2496063598],[4494245.520318734,2643164.303881025],[4494126.781529088,2642849.3815174503],[4494174.2243217705,2642413.9246047316],[4494763.9757865835,2641822.065112236],[4495264.178490924,2641564.980117062],[4495335.374353265,2641207.4697886775],[4495249.2144984845,2640772.9154325095],[4495396.871654736,2640480.9989417046],[4495502.429501153,2639923.5650550677],[4495737.700922634,2639655.19467108],[4495885.02237864,2639127.304876383],[4496114.493764241,2638960.0978983683],[4496446.1100806715,2638935.9786635656],[4496546.704782901,2638560.645008075],[4496535.208371059,2638422.122286261],[4496181.290204725,2637974.2326201936],[4495391.319930528,2637248.547214782],[4495274.20325202,2636870.075151177],[4494900.705961552,2636292.0694476864],[4494929.83274808,2636000.0347764557],[4495387.801735408,2635322.595405464],[4495457.343688827,2634975.143651547],[4495311.139078642,2634679.1236284375],[4495308.094066105,2634301.609877738],[4494946.023275357,2634054.708471084],[4494756.634966183,2633635.751891141],[4494834.289086663,2633177.456943097],[4495132.8870335,2632448.4981931886],[4495373.657711022,2632210.8187281806],[4495548.706005939,2632164.0312436093],[4496521.447762052,2632314.873819907],[4496952.145288163,2632196.6752379173],[4497621.759845733,2632393.2433321467],[4498533.843626356,2632168.5177612137],[4498978.221696851,2631912.9480111008],[4499455.278845554,2631871.196596483],[4499956.194083151,2631578.8214800633],[4500513.314746688,2631644.233252681],[4500822.020310253,2631467.538950723],[4500969.825513119,2630567.6807483025],[4501079.379233062,2630354.0640585176],[4501024.8293652,2630302.2822456635]]]}},{"type":"Feature","properties":{"flugjahr":"2022","gebiet":"Tirol"},"geometry":{"type":"MultiPolygon","coordinates":[[[[4527428.156799809,2619316.4475219054],[4527228.424402971,2619208.3119274853],[4526477.902726921,2619049.5454766527],[4525852.593447414,2619189.68551485],[4525090.984591539,2619183.8351271884],[4524547.536116569,2618951.1763422326],[4524229.780973623,2618681.7827859167],[4523346.544000597,2618504.000858461],[4523175.155057994,2618542.7587967603],[4522486.081778592,2618878.4089559168],[4522300.633513074,2619064.173054811],[4522084.115512295,2619438.793638884],[4521801.908494885,2619478.269080728],[4521316.327569254,2619150.0120767388],[4520583.518622922,2618882.430680235],[4519695.624148076,2618896.835155118],[4518673.798293662,2618804.458189495],[4518079.8529722635,2618290.229308503],[4517809.580315538,2618238.244161399],[4517425.015258463,2618279.3027335424],[4516805.405581091,2618508.4364245166],[4516508.1424691165,2618933.0058625233],[4515806.5388019355,2619154.666302434],[4515018.001016877,2619936.8703696523],[4514739.351067658,2620041.1758902506],[4514314.96411389,2620336.014553671],[4514075.996792711,2620780.1180240004],[4513861.915139935,2620916.59658623],[4513457.4012864055,2621059.897488827],[4512998.286407408,2621007.583115936],[4512637.3851762945,2621047.3597863056],[4512215.320270773,2620896.7092026826],[4511747.661421175,2620842.5386095257],[4510768.345927778,2620894.250815722],[4510474.661796315,2621099.022813066],[4510073.3448037375,2621895.0868450087],[4509444.799358369,2621876.0163067104],[4508762.811184723,2622031.973121886],[4508479.137367424,2622169.697737707],[4508127.67980562,2622034.6005796357],[4507874.992785359,2622042.2966421493],[4507442.740218955,2622276.699327193],[4507112.10808434,2622593.0783868115],[4507441.598197593,2622309.1076216446],[4507884.81883066,2622076.7484768736],[4508560.110046861,2622217.6792172],[4508764.966743316,2622074.588347246],[4509482.506001726,2621908.603493616],[4510171.531591354,2621948.411274196],[4510426.445564891,2621247.1465772497],[4510777.16476206,2620942.3066222453],[4511760.224580297,2620900.195421845],[4512212.086205434,2620949.9353303765],[4512606.523333134,2621114.119843885],[4512892.999960991,2621039.872481666],[4513475.095000166,2621104.572790564],[4513844.6960033085,2620980.5377873573],[4514128.171672156,2620825.5604515052],[4514276.491574889,2620432.7158704847],[4514700.423243665,2620091.750607781],[4515037.595640479,2619994.307168259],[4515635.442483466,2619438.8261524295],[4515786.046638136,2619197.157670104],[4516591.517708011,2618970.7189035323],[4516836.631686459,2618542.6956548626],[4517583.999588154,2618277.808811977],[4517933.748676257,2618302.8329472463],[4518146.579921446,2618421.084577976],[4518253.632321347,2618592.9889419735],[4518602.096270194,2618853.026706154],[4519760.5558377,2618944.588758741],[4520561.9681089055,2618929.7128763376],[4520895.642004934,2619110.133196941],[4521262.599850561,2619176.8120539133],[4521722.253720637,2619532.050023749],[4522112.742518544,2619539.4288621712],[4522301.553060582,2619135.3008635333],[4522492.405683645,2618933.3033256046],[4522809.889241366,2618726.0824371264],[4523340.282410456,2618544.1032213476],[4524205.671006876,2618731.2885468435],[4524522.882740932,2619024.019891355],[4525025.0462846765,2619228.674778012],[4525844.244434562,2619265.0659825597],[4526299.668759534,2619105.4337811787],[4526583.479144203,2619108.636204658],[4527428.156799809,2619316.4475219054]]],[[[4507079.837393059,2622610.7696916903],[4506622.236585535,2622760.257760153],[4506283.2886838745,2623153.86855047],[4505474.747216783,2623412.2561242534],[4505029.733260238,2623872.597654354],[4504559.714367565,2624077.613249597],[4504244.118139326,2624399.87845652],[4503116.541225744,2625079.1793963728],[4502675.811907102,2625562.98086747],[4503122.461757582,2625118.0472038067],[4504272.13182625,2624463.8000457706],[4504526.186558965,2624139.732986356],[4505054.579328894,2623919.44290309],[4505577.652333914,2623389.0276069436],[4506068.025689977,2623227.4299883423],[4506328.887180708,2623239.0085438504],[4506571.210807783,2622847.208934445],[4506939.320220871,2622735.3907858618],[4507079.837393059,2622610.7696916903]]]]}},{"type":"Feature","properties":{"flugjahr":"2021","gebiet":"Tirol"},"geometry":{"type":"MultiPolygon","coordinates":[[[[4483584.225925768,2665155.9636965944],[4483308.331208386,2664728.812270765],[4482982.090683997,2664726.358664563],[4482105.2937640175,2664195.0403396073],[4481852.457409155,2664238.94330912],[4481060.149748542,2664616.122357591],[4482067.73776324,2664243.2574681486],[4482871.278132871,2664719.540113755],[4483302.7164807515,2664786.811606926],[4483584.225925768,2665155.9636965944]]],[[[4480997.295711252,2664632.59765295],[4480906.764765056,2664643.384820496],[4480823.654960011,2664678.1125526475],[4480997.295711252,2664632.59765295]]],[[[4480712.542720102,2664704.13381202],[4480316.972577951,2664578.8233476495],[4480267.3258524705,2664348.017466285],[4480037.660981468,2664091.7123321258],[4479800.656933018,2663881.7627714085],[4479482.315481346,2663764.075101525],[4479291.962589597,2663340.081958852],[4479170.21627503,2662705.4924993613],[4479011.390822581,2662537.433557078],[4478745.154792847,2662517.316403741],[4478550.099987649,2662613.168785433],[4477575.24937276,2662428.6973169954],[4477392.226360355,2662489.5729911802],[4477217.691871584,2662693.875456976],[4476458.730975472,2662706.063321922],[4476204.826220625,2662600.4177249973],[4476420.751289302,2662740.826624745],[4476971.252815761,2662755.151573532],[4477554.2487145215,2662610.927506322],[4478386.854348279,2662657.6573179574],[4478897.412493188,2662572.3601089083],[4479029.69361281,2662704.2405808596],[4479366.094086891,2663860.5086176237],[4480399.001185035,2664766.618706195],[4480712.542720102,2664704.13381202]]],[[[4463843.760094686,2656775.8122729436],[4463611.508796936,2656675.5936139263],[4463349.1393709965,2656779.324626874],[4463843.760094686,2656775.8122729436]]],[[[4463207.76098322,2656778.457645483],[4463100.127138682,2656655.174357778],[4462906.411190864,2656554.004727767],[4463073.453386282,2656762.248537493],[4463207.76098322,2656778.457645483]]],[[[4461041.870369213,2654843.5060951444],[4460847.287661804,2654716.2504862724],[4460452.732298654,2654629.350814771],[4460163.659936149,2654680.2164133294],[4459863.388014817,2654551.824485526],[4460103.390765762,2654787.5982636767],[4461041.870369213,2654843.5060951444]]],[[[4459838.073451676,2654535.4803785295],[4459814.103389814,2654517.5439349646],[4459778.273956612,2654496.871461254],[4459838.073451676,2654535.4803785295]]],[[[4454111.906453213,2651869.989428089],[4454071.328009864,2651864.2564651733],[4454045.655499357,2651863.6689837994],[4454111.906453213,2651869.989428089]]],[[[4450918.061714754,2654401.039666909],[4450838.917438712,2654403.25485125],[4450766.630893129,2654420.1560495957],[4450918.061714754,2654401.039666909]]],[[[4450584.982489849,2654443.087997817],[4450382.916432343,2654415.136862817],[4449935.714446826,2654525.0538320476],[4450584.982489849,2654443.087997817]]],[[[4446597.419171753,2654918.1526771476],[4446278.2135064695,2655021.934465532],[4445995.320459247,2655286.852371756],[4445252.65917368,2655531.304363342],[4445070.462307092,2655915.4776942404],[4444822.516381642,2656098.2021558867],[4444733.968513851,2656261.556594701],[4445228.0801437115,2655964.810331179],[4445562.3513358645,2655564.751192753],[4446597.419171753,2654918.1526771476]]],[[[4444460.852700004,2656376.117334917],[4444010.921962691,2656470.7536604363],[4443698.272566955,2656353.973308866],[4443260.041221798,2655906.7915093536],[4442853.015120153,2655706.8998334017],[4442132.724759047,2655670.479229197],[4441626.837054672,2655345.1845313413],[4441680.783405278,2655008.60039134],[4441542.243974334,2654770.1487482297],[4440713.341896528,2654322.953999066],[4440274.92996592,2654224.0424919],[4439989.113703752,2653974.6613467294],[4439335.419204761,2653926.425022726],[4438770.389115862,2653577.5069297934],[4438635.08707078,2653354.3671208797],[4438383.388502008,2653239.787878613],[4438038.534583189,2653211.313481883],[4437716.950140494,2653392.491601088],[4437477.098046739,2653691.5569423786],[4437416.208811878,2654143.768754612],[4437009.2807705905,2654520.3443300403],[4436662.833645799,2654638.0341713023],[4436421.2307321895,2654895.1456633243],[4436696.796262167,2654671.4167514625],[4437022.9253067095,2654553.7420931337],[4437440.334572234,2654181.4165346986],[4437518.399455572,2653722.4650757415],[4437698.316446242,2653476.8437649915],[4437941.906106951,2653299.1284204093],[4438397.506605281,2653292.0627528913],[4438667.065624199,2653450.0272019855],[4438791.182010716,2653654.302809717],[4439279.169705343,2653955.83885445],[4439953.413800765,2654009.99528955],[4440223.3249893,2654233.594472224],[4440576.035699139,2654317.467253639],[4441381.475358314,2654743.5826577796],[4441517.317041291,2654910.21562087],[4441526.42784381,2655504.8280726834],[4441984.8366906755,2655795.0748336096],[4442748.5006385185,2655825.387751312],[4443576.906703436,2656471.3621543106],[4443958.695132716,2656535.6775645097],[4444460.852700004,2656376.117334917]]],[[[4436397.59131072,2654950.3761727596],[4436286.624073308,2654991.3848749935],[4436215.627709481,2655047.556239048],[4436397.59131072,2654950.3761727596]]],[[[4431296.492768623,2680839.04981093],[4431553.508675696,2680912.5217534946],[4431311.943602757,2680843.466654881],[4431296.492768623,2680839.04981093]]],[[[4474543.39296336,2708154.3190688184],[4476065.249586358,2708478.1055569323],[4474647.585069567,2708176.4843274127],[4474543.39296336,2708154.3190688184]]]]}},{"type":"Feature","properties":{"flugjahr":"2022","gebiet":"Steiermark"},"geometry":{"type":"MultiPolygon","coordinates":[[[[4740436.499769355,2626141.156094778],[4740150.807544175,2626130.2777756406],[4740524.010141686,2626172.988859912],[4740436.499769355,2626141.156094778]]],[[[4738579.241439711,2628050.5930718025],[4738441.453056055,2628248.650868713],[4738416.934471305,2628659.387610821],[4738469.54136068,2628414.2438836377],[4738579.241439711,2628050.5930718025]]],[[[4738288.679914258,2629257.0369949434],[4738270.131294227,2629236.8779485617],[4738215.991882761,2629265.8971028132],[4738288.679914258,2629257.0369949434]]],[[[4738156.3925651815,2629270.143879508],[4737738.454296737,2629052.2827163693],[4737415.472891175,2629020.9460889194],[4736849.347997094,2629310.656015471],[4736722.811886835,2629447.578063677],[4737488.768116833,2629265.8470436605],[4738156.3925651815,2629270.143879508]]],[[[4722598.335065265,2628085.888901343],[4721930.748244729,2627846.4901595223],[4721587.8727906495,2627980.7569331583],[4722598.335065265,2628085.888901343]]],[[[4713827.445881363,2628494.8444638494],[4713569.739892842,2628455.140918182],[4713269.170323805,2628595.0403889427],[4713827.445881363,2628494.8444638494]]],[[[4710571.609017072,2628128.1272784015],[4710348.990460424,2627755.3983119526],[4710097.439091865,2627669.587459083],[4709396.172336048,2628141.55334268],[4709106.924853312,2628148.5121721523],[4708598.478949513,2628384.5630141003],[4709059.04423602,2628329.8828732893],[4710062.888697567,2627852.361566822],[4710298.731323253,2627854.495917028],[4710571.609017072,2628128.1272784015]]]]}},{"type":"Feature","properties":{"flugjahr":"2010-2011","gebiet":"Steiermark"},"geometry":{"type":"Polygon","coordinates":[[[4634829.409088939,2725045.132280564],[4634380.17818376,2724943.299333226],[4634264.432512803,2724799.267896682],[4634022.015565778,2724691.0224186815],[4633213.187297463,2724641.0003113723],[4632884.0157466205,2724236.4026886136],[4632346.968854121,2723995.1538323318],[4632333.020135093,2724208.070461958],[4632850.546505403,2724242.830874589],[4632787.870527022,2725658.0809688685],[4634799.956169395,2725750.5445510754],[4634829.409088939,2725045.132280564]]]}},{"type":"Feature","properties":{"flugjahr":"2010-2011","gebiet":"Steiermark"},"geometry":{"type":"Polygon","coordinates":[[[4634462.426643966,2722345.387351509],[4634432.443946187,2722353.2849577228],[4634460.6823098045,2722372.020772345],[4634462.426643966,2722345.387351509]]]}},{"type":"Feature","properties":{"flugjahr":"2022","gebiet":"Ober\u00f6sterreich"},"geometry":{"type":"Polygon","coordinates":[[[4566248.269229618,2763667.540095526],[4566151.343108999,2763950.137896009],[4566141.686361857,2764325.6690353313],[4565939.061586189,2764422.8376219906],[4565901.235223991,2764707.3314765366],[4565906.829903868,2765001.168897243],[4566048.704950668,2765113.0358314924],[4566201.886178659,2765413.7753150077],[4566048.608030999,2765563.0386831285],[4566461.717093937,2765824.4208983583],[4566596.305905432,2766119.1069493718],[4566737.98341799,2766230.3850464504],[4567103.931996651,2766223.9147405485],[4567328.210218477,2766495.0874546464],[4567882.601225932,2766699.104441575],[4567920.130963231,2766632.6098504663],[4568037.611759046,2766686.3959699254],[4568485.612350783,2766011.607699927],[4569762.199254244,2765875.5479045496],[4570041.123100833,2765670.2598993885],[4570305.407884086,2765697.039781727],[4570517.421033058,2765527.954040285],[4570601.971735854,2765443.0920802085],[4570382.712105012,2764974.249616908],[4570571.663333891,2764519.81841693],[4570750.109037076,2764505.637618792],[4571011.9578352645,2764663.7381460615],[4571287.952407805,2764347.4481686307],[4571706.743602505,2764325.054783583],[4571963.5045824535,2764165.237687791],[4571988.82072956,2764530.9674997227],[4572284.223584458,2764660.5215925016],[4572165.515562584,2764745.1786598647],[4572262.426433936,2764890.473180446],[4572106.720054872,2765360.6091612214],[4572136.057215324,2765622.536739857],[4572064.16022774,2765683.610461288],[4572054.998879961,2765927.941280746],[4572268.794972688,2766160.0374644888],[4572517.012375485,2766212.3138844064],[4572361.751787372,2766490.386546458],[4572946.444884496,2767108.053497323],[4572649.435385115,2767709.9651788226],[4572839.467687571,2767883.695344315],[4572752.841336864,2768324.740226092],[4572615.662380166,2768351.1272869296],[4572459.653124813,2768255.2882531937],[4571956.987510263,2768434.621402858],[4571483.161127306,2768391.6008989466],[4571201.7603179775,2768533.779291347],[4570806.318856493,2768973.8597961986],[4570558.542190913,2768938.012520475],[4570299.944841148,2769031.2218850763],[4570019.516789014,2769370.9163212753],[4569646.609547025,2769357.449300041],[4569600.187636835,2769576.8946719547],[4569264.547407223,2769843.8662885],[4569120.115844815,2769878.808447399],[4568964.439777622,2769653.414293465],[4568925.637096344,2769886.011833483],[4567977.158049596,2769897.0880616093],[4567959.11558845,2770114.298576913],[4567860.58829282,2770077.8565174392],[4567840.317812865,2770174.161146174],[4567411.072937052,2770146.082496456],[4567294.066944983,2770559.1310144556],[4567312.569690323,2770789.462143778],[4567160.751756051,2770927.6979383896],[4567608.22731977,2771069.2101698043],[4567478.558047583,2771441.598031553],[4567548.060087323,2771454.515423255],[4567578.341892222,2771593.1344871656],[4567279.337378288,2771811.886783123],[4567027.358352129,2771828.4557773727],[4566879.2160110185,2771775.058570664],[4566908.755589136,2771448.3670341177],[4566802.454410165,2771606.3167918306],[4566625.358258122,2771558.6405945155],[4566562.70902719,2771693.513480876],[4566341.489523039,2771678.4946729196],[4566312.962794221,2771550.724207461],[4566048.477456184,2771385.332573605],[4565958.662759476,2771173.452967703],[4565855.570462,2771146.8151686564],[4565989.419490501,2770924.640968297],[4565817.849985647,2770689.863026754],[4565984.81319212,2770456.8987924624],[4565913.755110605,2770411.134836194],[4566004.9291778095,2770261.473717462],[4565670.253876148,2770169.6397989797],[4565387.214889617,2770317.7021513875],[4565062.131510754,2770092.064437092],[4564861.556138044,2770112.543388297],[4564897.045533177,2769945.551433887],[4564756.646738714,2769828.031009835],[4564332.11219297,2769725.432858007],[4564173.180963954,2769644.049568124],[4564134.520320949,2769537.4728044616],[4563915.041333077,2769657.3086100174],[4563688.293002103,2769674.531698995],[4563567.341571036,2769470.869932913],[4563474.962186961,2769496.7456592605],[4563448.676746451,2769340.964698463],[4563065.324797367,2769577.5763620785],[4562632.967942584,2769202.0383702405],[4562476.932873981,2769285.5646170247],[4562429.683584944,2769084.0821424616],[4562073.72062141,2769008.305466068],[4561799.796854483,2769102.802725704],[4561695.144070739,2768912.4208622654],[4561685.364310705,2768628.842276776],[4561515.680892507,2768467.63486771],[4561369.610080792,2768480.8448326485],[4561074.915655581,2768322.7505196924],[4560015.951299809,2792392.419222465],[4583749.550290972,2793466.198694092],[4584189.285180311,2783479.354271494],[4609171.259342386,2784613.971721239],[4609876.148993516,2768633.7970915693],[4584893.356132739,2767499.8947024737],[4585025.311055282,2764503.9392233044],[4566248.269229618,2763667.540095526]]]}},{"type":"Feature","properties":{"flugjahr":"2022","gebiet":"Salzburg"},"geometry":{"type":"Polygon","coordinates":[[[4552970.9750031065,2731840.4486078727],[4552753.961201985,2732259.8407744304],[4552415.457011229,2732469.3984831613],[4552138.7104445575,2733386.703733457],[4552173.635509572,2734100.0685178633],[4552357.301432088,2735196.987456077],[4551847.192830573,2735712.9580688183],[4551468.680955835,2735705.24950496],[4551101.11302683,2736112.2341852384],[4550819.845504221,2736257.676867772],[4550402.484148021,2736977.4508249154],[4549804.092583774,2737549.287387257],[4549908.258385049,2737708.903611591],[4549631.239295981,2737938.5640502986],[4549355.538421923,2737941.280167973],[4549405.137277928,2738067.3269292973],[4548477.901127085,2738354.144316142],[4548329.184973576,2738234.842879826],[4548191.408758564,2738308.2278024033],[4547866.261390758,2738781.5223708926],[4547605.355951084,2738831.9044366586],[4547515.519708926,2738983.461777694],[4547108.72892939,2738912.78825285],[4546929.127152447,2738965.135945582],[4546766.084454183,2738873.9836533507],[4546744.65447323,2738663.3427178664],[4546517.480387805,2738407.4710042467],[4546613.501254674,2738286.236009093],[4546354.15067094,2737880.129900614],[4545805.715220821,2737822.826178805],[4545615.351449984,2737614.380298871],[4545563.523960671,2737321.7051767968],[4545247.710835954,2737171.837318478],[4544163.590133724,2737102.985715692],[4543677.975733464,2737173.0222944147],[4543400.949640167,2737328.120533224],[4543170.155968761,2737295.213433615],[4542871.221362438,2737119.2525555245],[4542493.8785972595,2737438.6399586047],[4542170.643809482,2737577.785463544],[4542011.403499556,2737494.520565232],[4541619.900095151,2737506.451551204],[4541185.796276468,2737246.4388654656],[4540817.94670074,2737256.9477606816],[4540702.632295268,2737333.114918203],[4540561.599169488,2737305.4321956076],[4540330.463169102,2737750.7255836246],[4540056.824050995,2737805.4609176423],[4539907.321330092,2738014.486195541],[4539631.91127586,2738053.5307487114],[4539490.685365472,2738360.4971732665],[4539259.679910252,2738603.0311355772],[4539037.654869079,2738698.993588738],[4538947.257550206,2738947.0022390387],[4538964.041973039,2739150.7140254676],[4539447.304028802,2739708.4917436694],[4539426.595495639,2740021.9363894956],[4539505.268911992,2740234.039029894],[4539658.171073752,2740317.29911958],[4539702.1864855485,2740501.667795916],[4539778.946537715,2740487.9311089246],[4539924.004670492,2740870.6739693233],[4540137.623571494,2740982.2228786885],[4540146.8851507,2741055.713466374],[4540869.7728448035,2741160.6531547047],[4540988.546397498,2741430.1200029976],[4541093.958292804,2741522.9070751807],[4541175.745787726,2741447.303133975],[4541249.22176547,2741643.5176302427],[4541203.362770455,2742178.1696177404],[4541335.730816829,2742627.823362821],[4541258.46642659,2742666.8362283413],[4541156.930092678,2742523.2680203347],[4541124.65909267,2742625.181062276],[4541208.609866943,2742731.711938331],[4541536.68207893,2742855.4862639876],[4541822.962045352,2743373.5666920803],[4541601.42343541,2744095.6105832383],[4541046.063354298,2743985.6563017797],[4541108.800144238,2744186.92416996],[4541039.123299834,2744217.54271996],[4540891.313467973,2744034.646944458],[4540646.099899752,2743913.873263068],[4540518.676157098,2743930.6751349],[4540826.429873136,2744547.728986685],[4541367.695646282,2744899.5321416794],[4541262.775100453,2745441.5139173414],[4541309.56935545,2745593.9304379923],[4541607.055246812,2745785.7042529704],[4541894.657435273,2745820.892862548],[4542245.700941099,2746407.3422040646],[4543015.255693594,2747217.508122439],[4544000.459993835,2749155.059020754],[4544515.834843727,2750556.335321514],[4545680.296205146,2751918.8095128583],[4545848.334714334,2752199.0227572685],[4545912.566562198,2752539.783869066],[4545860.862192091,2752962.5103521952],[4545668.165217814,2753536.784937435],[4544331.564425868,2755527.8707010285],[4542670.116579699,2758900.440930971],[4541610.002579196,2760310.1176165794],[4541221.976044676,2760962.6316374447],[4540795.758352028,2761994.8431015625],[4540556.69290192,2763218.7702034824],[4540374.831170104,2763284.3414819213],[4540283.810535611,2762946.169361086],[4540087.434480734,2762811.976184854],[4539657.664519383,2762705.4559841664],[4539372.63992717,2762755.4349833513],[4539154.320871692,2763049.8047523824],[4539215.727702748,2764065.6994530866],[4539008.51385934,2764417.213500249],[4538398.329322581,2764699.537287072],[4536746.338601007,2764791.905865548],[4536178.5241595525,2764957.262961791],[4535827.05790688,2765177.987537895],[4535517.065801233,2765499.5178919504],[4535186.768116839,2766289.7783673466],[4534509.056375949,2768915.7071679337],[4535750.062249695,2768960.7390212696],[4536154.917934001,2768821.7167882184],[4536115.678939482,2768665.0512641817],[4536228.792272713,2768660.547821473],[4536272.3396654185,2768548.563029044],[4536391.226212145,2768578.8464287436],[4536755.297148887,2768367.2886908613],[4536917.274557782,2768386.3568760594],[4536863.960515702,2768537.4396925457],[4536911.4192106705,2768817.557121522],[4537024.03782241,2768806.244791062],[4537014.5911298385,2769198.133668739],[4537256.219142071,2769491.033740594],[4537271.409348126,2769704.406773641],[4537199.254105377,2769760.7617749874],[4537279.92003893,2769829.019198701],[4537259.641948847,2769974.631204119],[4537599.850043306,2770142.15071074],[4537747.892668815,2770492.545399579],[4537782.955129841,2771030.3864021176],[4538055.829389166,2771298.4374061045],[4538145.809421407,2771882.2024312285],[4538299.250302533,2771993.6516172895],[4538723.582945189,2771976.811240862],[4538939.7216296075,2772065.6112477537],[4539886.315339829,2773366.853790888],[4540320.859454197,2773597.4718456413],[4540950.941738973,2773648.6625750614],[4541062.099882842,2773344.6566281505],[4541245.653373795,2773491.7106125755],[4541512.301136512,2773254.7059964016],[4541905.765290441,2773224.406394786],[4542679.572127957,2772272.8121326836],[4542934.224203161,2772226.9860199885],[4543207.983482813,2772285.49915373],[4543861.982500928,2772804.984602508],[4544291.747719948,2772795.7961931843],[4544415.865707502,2772923.2943283375],[4544866.141217031,2772936.6146370787],[4545117.502227708,2773076.1801761114],[4545134.991149315,2773026.6384827592],[4545532.705768145,2773430.7506082854],[4545482.102089743,2773678.4839359825],[4545873.336391147,2773858.6402756185],[4546168.684557419,2773764.3302799966],[4546343.580118633,2773390.26501636],[4546489.883002464,2773447.3342034966],[4546945.165894113,2773401.069305155],[4547087.82584996,2773648.7907776893],[4547339.598631326,2773779.138845069],[4547511.673107925,2774137.681333217],[4547609.368589284,2774070.4670509547],[4547884.541145274,2774436.3304089718],[4548084.909492247,2774368.3377768993],[4548268.926394961,2774286.873339895],[4548226.0153762195,2774060.0330476607],[4548393.994654102,2773708.172905723],[4548260.909012428,2773415.106738535],[4548158.808529291,2773418.1663474576],[4548089.9713716125,2772960.333015672],[4548324.750421095,2772874.272491778],[4548487.70431497,2772925.870520103],[4548501.780809382,2773008.6418559114],[4548782.6554661235,2773195.4109990443],[4549174.125471708,2773179.6847718754],[4548995.411723527,2772947.6328478465],[4548966.41651811,2772720.7771382118],[4549153.227888186,2772495.1156005575],[4549134.47993996,2772362.7559792334],[4549432.210611471,2772210.6775436252],[4549560.173014161,2772013.732977625],[4549372.559590237,2771992.381971709],[4549436.839751739,2771895.552650101],[4549241.8451162875,2771697.66406078],[4549166.918638108,2771355.087553664],[4549302.857937293,2771337.343916786],[4549561.544378753,2771497.7532003676],[4549568.549605275,2771659.374434058],[4550140.128841278,2771534.535060283],[4550305.765266753,2771684.4314979063],[4550681.116663158,2771174.1982090925],[4550540.138311499,2771108.119364819],[4550614.878614431,2770951.3036626354],[4550368.456540927,2770697.2859406313],[4550508.482144349,2770381.702988746],[4550561.875038464,2770476.913726393],[4550713.319564868,2770512.3946426194],[4550908.35936603,2770281.346706944],[4550941.294535551,2770355.6055562133],[4550971.793710954,2770253.79636738],[4551190.352728808,2770233.7704191986],[4551283.074826901,2770351.0688753375],[4551144.602074403,2770497.898006961],[4551228.605822127,2770559.176404884],[4551437.394991847,2770241.9453806747],[4551604.259021373,2770376.6526222355],[4551741.336669358,2770054.294791606],[4551613.689466843,2769893.307152228],[4551944.261269898,2769679.0672808825],[4551958.7874465175,2769528.5259365425],[4552271.607871101,2769754.3803576576],[4552506.779989846,2769797.566456163],[4552731.482677799,2769640.7908995315],[4552859.857407807,2769640.950427352],[4552852.305141442,2769533.679785935],[4553117.512327058,2769624.1788726198],[4553411.982121716,2769368.439568522],[4553739.121483567,2769545.152977118],[4553794.487080484,2769466.7092861813],[4553963.855575595,2769585.511904358],[4554048.577490887,2769494.3713619635],[4554210.618114957,2769662.8345297785],[4554041.831778128,2768870.3949021697],[4554163.214163843,2768919.5548630008],[4554768.977930012,2768813.643969854],[4554811.01659368,2768997.293405749],[4555483.901721093,2769256.047538661],[4555505.248691844,2769372.079404373],[4555929.154796918,2769623.5670114513],[4556113.805505549,2769593.5950095723],[4556224.011514345,2769280.648949314],[4555897.465824966,2769018.081734502],[4555840.706603088,2768656.179706698],[4555444.81913356,2768465.875869385],[4555562.91904071,2768090.273753648],[4555479.116752675,2768020.0815952504],[4555606.279435252,2767705.095292134],[4555756.854717896,2767727.998990565],[4555820.663199851,2767531.0265514143],[4555988.086783105,2767604.1744356845],[4555791.549708256,2767481.468131063],[4555848.258977315,2767306.1953671845],[4555917.716057294,2767339.5440745526],[4556074.538315691,2767189.0352512444],[4555971.034540956,2766826.585602658],[4556397.099845288,2766925.9456775],[4556759.272527496,2767277.886026173],[4556849.642106157,2767253.1596398195],[4556913.356749008,2767361.181014108],[4557421.248059466,2767546.207885182],[4557481.5507196225,2767535.038727796],[4557515.524110694,2767339.896061259],[4557779.061728634,2767288.25062663],[4558264.536754417,2767304.6270555267],[4558355.592215571,2767397.2946361937],[4558757.5374983195,2767274.880493556],[4559477.536304989,2767452.6177787515],[4559865.478892721,2767456.533929028],[4559815.53467574,2767644.39983672],[4560131.224266465,2767871.532091251],[4560394.938332106,2767923.940653066],[4560485.775419216,2768058.475214928],[4560678.698090529,2768022.472820962],[4560809.809627756,2768102.396689688],[4560870.415522634,2768174.0583825037],[4560797.55794615,2768202.9398286017],[4560796.4120084625,2768414.3185076406],[4561118.820676057,2768306.970494355],[4561172.424197676,2768398.5224781134],[4561591.378137748,2768530.6359470035],[4561717.351237802,2768693.2125646845],[4561695.144070739,2768912.4208622654],[4561799.796854483,2769102.802725704],[4562073.72062141,2769008.305466068],[4562429.683584944,2769084.0821424616],[4562476.932873981,2769285.5646170247],[4562632.967942584,2769202.0383702405],[4563065.324797367,2769577.5763620785],[4563448.676746451,2769340.964698463],[4563474.962186961,2769496.7456592605],[4563567.341571036,2769470.869932913],[4563688.293002103,2769674.531698995],[4563915.041333077,2769657.3086100174],[4564134.520320949,2769537.4728044616],[4564173.180963954,2769644.049568124],[4564332.11219297,2769725.432858007],[4564756.646738714,2769828.031009835],[4564897.045533177,2769945.551433887],[4564861.556138044,2770112.543388297],[4565062.131510754,2770092.064437092],[4565387.214889617,2770317.7021513875],[4565670.253876148,2770169.6397989797],[4566004.9291778095,2770261.473717462],[4565913.755110605,2770411.134836194],[4565984.81319212,2770456.8987924624],[4565817.849985647,2770689.863026754],[4565989.419490501,2770924.640968297],[4565855.570462,2771146.8151686564],[4565958.662759476,2771173.452967703],[4566048.477456184,2771385.332573605],[4566312.962794221,2771550.724207461],[4566341.489523039,2771678.4946729196],[4566562.70902719,2771693.513480876],[4566625.358258122,2771558.6405945155],[4566802.454410165,2771606.3167918306],[4566908.755589136,2771448.3670341177],[4566879.2160110185,2771775.058570664],[4567014.148658829,2771828.049577242],[4567279.337378288,2771811.886783123],[4567578.341892222,2771593.1344871656],[4567548.060087323,2771454.515423255],[4567478.558047583,2771441.598031553],[4567608.22731977,2771069.2101698043],[4567160.751756051,2770927.6979383896],[4567312.569690323,2770789.462143778],[4567294.066944983,2770559.1310144556],[4567411.072937052,2770146.082496456],[4567840.317812865,2770174.161146174],[4567860.58829282,2770077.8565174392],[4567959.11558845,2770114.298576913],[4567977.158049596,2769897.0880616093],[4568925.637096344,2769886.011833483],[4568964.439777622,2769653.414293465],[4569120.115844815,2769878.808447399],[4569264.547407223,2769843.8662885],[4569600.187636835,2769576.8946719547],[4569646.609547025,2769357.449300041],[4570019.516789014,2769370.9163212753],[4570299.944841148,2769031.2218850763],[4570558.542190913,2768938.012520475],[4570806.318856493,2768973.8597961986],[4571201.7603179775,2768533.779291347],[4571483.161127306,2768391.6008989466],[4571956.987510263,2768434.621402858],[4572459.653124813,2768255.2882531937],[4572615.662380166,2768351.1272869296],[4572752.841336864,2768324.740226092],[4572839.467687571,2767883.695344315],[4572649.435385115,2767709.9651788226],[4572946.444884496,2767108.053497323],[4572361.751787372,2766490.386546458],[4572517.012375485,2766212.3138844064],[4572268.794972688,2766160.0374644888],[4572054.998879961,2765927.941280746],[4572064.16022774,2765683.610461288],[4572136.057215324,2765622.536739857],[4572106.720054872,2765360.6091612214],[4572262.426433936,2764890.473180446],[4572165.515562584,2764745.1786598647],[4572284.223584458,2764660.5215925016],[4571988.82072956,2764530.9674997227],[4571940.236754823,2764152.388540302],[4571706.743602505,2764325.054783583],[4571287.952407805,2764347.4481686307],[4571011.9578352645,2764663.7381460615],[4570750.109037076,2764505.637618792],[4570571.663333891,2764519.81841693],[4570382.712105012,2764974.249616908],[4570601.971735854,2765443.0920802085],[4570517.421033058,2765527.954040285],[4570305.407884086,2765697.039781727],[4570041.123100833,2765670.2598993885],[4569762.199254244,2765875.5479045496],[4568485.612350783,2766011.607699927],[4568037.611759046,2766686.3959699254],[4567533.195879297,2766594.569370623],[4567169.804932335,2766368.252905451],[4567103.931996651,2766223.9147405485],[4566833.696707562,2766262.1925694],[4566596.305905432,2766119.1069493718],[4566461.717093937,2765824.4208983583],[4566048.608030999,2765563.0386831285],[4566201.886178659,2765413.7753150077],[4566048.704950668,2765113.0358314924],[4565906.829903868,2765001.168897243],[4565939.061586189,2764422.8376219906],[4566141.686361857,2764325.6690353313],[4566151.343108999,2763950.137896009],[4566268.00195656,2763609.755701607],[4566178.487903247,2763579.460252947],[4566462.399950392,2763035.024801117],[4566549.491160779,2762649.2367258966],[4566287.0170941595,2762383.9389608423],[4566396.806357682,2762094.9460199145],[4566359.00608856,2761964.375751961],[4566008.723865091,2761764.4417526443],[4566399.836181516,2761082.665812721],[4566331.323934047,2760867.607978026],[4566384.9459767565,2760596.0477175135],[4566205.59923288,2760252.640094162],[4566351.65227967,2760005.1305131936],[4566291.232872221,2759555.4531526063],[4566391.902760821,2759181.503564546],[4566349.352037173,2758959.258458889],[4566169.86725153,2758783.6663961112],[4565926.576890216,2758820.0752037745],[4565591.77419914,2758502.061549632],[4565721.523259155,2757942.0152197387],[4566115.321870674,2757619.226758529],[4566093.213171687,2756923.7488794187],[4566335.173981391,2756847.673227052],[4566476.107050747,2756641.3649173593],[4566805.2813718105,2756481.5627031107],[4566779.9516224675,2756329.840414781],[4567084.614841716,2756091.8275145153],[4567112.05967896,2755865.542323142],[4567459.125634395,2755521.275468761],[4567394.96529349,2755300.1045695012],[4567665.367760566,2754763.3253002358],[4567676.830963202,2754656.63268984],[4567396.551585236,2754688.7277227077],[4567056.895757335,2754576.839601959],[4567121.026801976,2754303.731353169],[4567382.068130929,2754166.1875238484],[4567404.646918859,2753807.143955522],[4567206.555956258,2753615.500768238],[4566887.510895184,2753515.5121260732],[4566863.067125802,2753372.0104527473],[4566880.384306543,2753076.7261152463],[4567175.516984746,2753128.3176489067],[4567231.866001948,2752381.2663310207],[4567109.02946177,2752314.925274814],[4567103.67823982,2751759.9408270987],[4567352.591262655,2751602.681543319],[4567378.858356704,2751121.5233993777],[4567686.1190135125,2751177.485870091],[4567911.853457271,2751125.3417502246],[4568437.043323078,2750964.9790746593],[4568554.652190427,2750791.9320392855],[4568762.0448940825,2750885.409004731],[4568882.9927649805,2750855.0786286546],[4569054.6968720285,2750074.067749313],[4555844.77261333,2749478.618767242],[4556374.274748387,2737396.022105814],[4558872.737589754,2737508.4950371543],[4559108.93410783,2732116.5675995494],[4552970.9750031065,2731840.4486078727]]]}},{"type":"Feature","properties":{"flugjahr":"2021","gebiet":"Tirol"},"geometry":{"type":"MultiPolygon","coordinates":[[[[4543398.971241599,2639108.9404041227],[4543770.612284841,2639028.1359256553],[4543946.022780692,2638886.946775034],[4543450.390059024,2638693.7994466075],[4543398.971241599,2639108.9404041227]]],[[[4524273.052843374,2643972.5520419125],[4524650.908107277,2643707.9355013305],[4525049.525913302,2643260.844169388],[4525118.732956763,2642833.490677584],[4525243.235615556,2642659.717956921],[4525338.831903806,2642598.763180392],[4525775.978085199,2642613.6745166862],[4525914.354988063,2642473.123241497],[4526349.788982156,2641891.5528145996],[4526547.497912464,2641454.814943574],[4527027.483932047,2641601.3200220983],[4527077.387326537,2641799.6337134847],[4529795.299367695,2641930.3425281434],[4531078.809371261,2641564.694274872],[4531577.674353872,2640957.225909221],[4532582.104297274,2640973.966247669],[4532888.595433994,2640884.9223558977],[4532977.265489324,2640989.7001647744],[4533565.004680496,2640955.082146956],[4533720.963598648,2641078.612580232],[4534370.187778008,2640981.933619637],[4534465.318241195,2641067.824036537],[4535022.630404372,2641067.736148951],[4535159.176265566,2640845.2693278347],[4535128.040569843,2640391.1567548546],[4535209.548743016,2640216.140419686],[4536098.209613079,2639867.6597032947],[4536288.4751202995,2639936.1246947986],[4536930.389533295,2639844.102405276],[4537171.472455852,2639956.4179834602],[4537752.217828123,2639328.010617256],[4538261.330536519,2639171.1969507234],[4538886.3709447,2638629.603969183],[4539027.813381656,2638217.033216347],[4539029.2708296,2637566.208768942],[4539219.261576482,2636921.2982971007],[4539105.93910491,2636662.9925332093],[4539234.505156451,2636532.07820361],[4539298.6383695295,2636140.3126265164],[4539399.024088069,2636088.683535101],[4539948.232574015,2636042.076283097],[4540172.178096429,2636300.3144089933],[4540680.132088846,2636412.3161996007],[4541636.471179241,2636128.3709558253],[4543235.792086537,2636223.208796061],[4543422.709679133,2636671.0718187895],[4543587.890100156,2637583.6790240104],[4543482.732449776,2638432.6757553346],[4544072.350987621,2637539.472610758],[4545105.199511769,2636938.752458853],[4545452.489602311,2636340.197801714],[4546872.986765328,2635959.9095868547],[4547738.92127815,2635033.5990557754],[4548087.43395148,2634888.0266769687],[4548064.405316305,2634813.799806129],[4547828.9034421565,2634399.207178237],[4547420.256797551,2634073.385930233],[4546969.425554265,2633842.6928434367],[4546713.559074291,2633516.701891989],[4546629.897831608,2632938.3707813583],[4546434.424380998,2632571.0706744944],[4545132.044036045,2631775.261832125],[4544284.736441878,2631862.9387963745],[4543918.4731182465,2631992.601207601],[4543494.452064279,2632265.229733751],[4543117.4964067135,2632734.9963513818],[4542699.639065097,2632922.8699029647],[4541886.314772586,2632248.9578626947],[4541516.145689163,2631786.371434873],[4541091.288410199,2631487.8775837393],[4540947.951722885,2631802.367729189],[4540250.800578672,2632667.61700436],[4538283.0722264135,2631274.925748782],[4537542.631056276,2631159.2125177793],[4537724.713935274,2631928.1035057246],[4538423.03811382,2632682.3576657306],[4538123.735104148,2633106.041763975],[4537276.629778162,2633219.3953920836],[4535019.988339754,2633166.775915453],[4534626.695162921,2632699.6117389854],[4534482.7797575565,2632197.0393807516],[4534198.839999707,2632250.542829562],[4533913.464421043,2632776.616606869],[4533567.604092892,2632793.427355653],[4533186.404023986,2632233.1493221773],[4533263.728156115,2631272.807147086],[4532430.878931912,2630918.1711432775],[4532142.256930095,2631156.7001912827],[4532301.649229022,2631454.875513447],[4532536.003534345,2632434.4631712716],[4532357.231149239,2632973.2607059227],[4531676.970807216,2633336.9406010825],[4530478.372131744,2633480.513980387],[4529834.648567706,2632765.638811616],[4528374.280394481,2632795.034057606],[4528117.56550986,2632520.842609399],[4528415.043701393,2632030.6061954615],[4529287.814659621,2631339.1278029457],[4529125.204365901,2631054.0495315674],[4528693.364805019,2630923.7611222714],[4527868.383008714,2631131.1648620297],[4527793.988942392,2630591.276211312],[4528187.674681082,2630298.77988213],[4528933.974776118,2630261.204004448],[4530088.595401424,2629894.027040472],[4530258.278024695,2629670.0765932314],[4529665.925783132,2628874.640709107],[4529264.58015905,2628701.091726474],[4529038.582953042,2628343.998932088],[4529115.183077681,2627857.8619808466],[4528847.37592846,2626625.3390918993],[4528866.006464589,2626379.648676577],[4529728.766412431,2625133.941531757],[4529772.3602603795,2624785.8602211913],[4529662.557279465,2624556.455029636],[4529146.0083282655,2624327.4484570855],[4528190.756653178,2624548.964673116],[4527697.92853414,2624385.5240269005],[4527679.853198203,2623679.1667265533],[4527568.78626308,2623073.181122913],[4527237.842057115,2622652.4303951766],[4527278.338573248,2622372.6679871157],[4526452.367268257,2620653.0376149574],[4525876.565479847,2620574.67870547],[4525239.974784112,2621016.4838914378],[4524589.4666384775,2620057.261954766],[4523586.561650752,2619826.896151372],[4522790.724553285,2620757.7547883713],[4522078.20863728,2620441.67605881],[4521544.0403502295,2620593.098808927],[4521107.937110562,2621837.068643761],[4520785.648507191,2621495.9905092786],[4520656.206238175,2620051.9698264026],[4518015.190902465,2619373.0739202527],[4517683.225252464,2619710.8575338065],[4518720.87288489,2621928.47229564],[4518855.1467104405,2623195.419171621],[4518213.393430844,2623325.694683166],[4517671.0116077745,2622279.43446815],[4516510.062189537,2621595.616032368],[4515474.590181535,2622345.911523102],[4515585.697849759,2624499.255960932],[4514782.6161463,2624377.7506735036],[4514297.313794172,2623315.944679117],[4513682.907348813,2623072.160877757],[4512892.753288008,2623976.5299484828],[4511980.332647458,2623416.1901791147],[4511036.019631136,2624096.756182257],[4509973.785543385,2623894.3602119787],[4509488.371870504,2624629.379551155],[4508859.175965633,2624159.414948708],[4508327.83571372,2624163.0936435284],[4507946.665884922,2624552.1578034433],[4507789.825308146,2625544.1079497873],[4506435.009248829,2625280.712854593],[4504752.832703865,2625931.205121338],[4503448.281517557,2625861.177707681],[4502675.811907102,2625562.98086747],[4502423.360316445,2625991.4429178447],[4502349.857019237,2626731.7129519004],[4502097.152791498,2627063.0458587715],[4501939.735072972,2627647.0965218297],[4501725.079262954,2627944.1062330725],[4501514.779507334,2628709.310005881],[4501452.858038575,2629355.569768328],[4501024.52548227,2630301.921109027],[4501157.495327823,2630428.216142033],[4502337.492756669,2630713.9057150916],[4502925.822829967,2631276.988279961],[4504240.882260778,2631145.0372128477],[4504779.360294209,2632584.911904024],[4503142.074123109,2633237.2296662056],[4500765.482292754,2633894.1494404785],[4499669.273454136,2634544.856860919],[4498951.877752947,2634395.5163763333],[4498203.807754562,2633475.7316870173],[4497051.056386504,2633745.1059228536],[4497114.312577389,2635832.399011175],[4498583.3318420015,2636546.436820772],[4498307.646623392,2637183.0202414687],[4498351.443960754,2638986.483628865],[4497423.813364085,2641007.955164632],[4497728.301913602,2641651.293910463],[4498377.99310401,2642005.8769080187],[4499297.618443323,2641655.0451223487],[4499325.494340959,2640980.758224466],[4500344.758598266,2639519.9134514118],[4500765.204979735,2637358.343419298],[4501974.544205881,2637067.840888223],[4503108.564797972,2637540.121664212],[4503744.111145258,2636681.896133211],[4506525.040593375,2635457.7253143582],[4508333.611995256,2638583.478621123],[4508721.160919606,2639949.2534896084],[4508627.39022255,2640943.296550597],[4509091.299369522,2641292.104500177],[4509659.162188224,2641172.086170551],[4510408.517570592,2640167.422257902],[4510606.877158545,2638965.505222216],[4510069.084659289,2637422.8225116483],[4510335.286170026,2636589.6460364545],[4509758.231202218,2635951.257029225],[4509639.57361031,2634905.2171562067],[4508966.143401013,2632237.1528523397],[4510514.164344485,2633096.8537531076],[4511256.09929048,2633777.213787033],[4513183.797463448,2634422.610036959],[4513886.06086443,2634937.1514082495],[4515693.571310457,2634576.292488889],[4516093.954254346,2635043.406790788],[4515247.778603614,2636862.7025954914],[4514080.534121559,2637904.3990392652],[4514258.476474207,2638796.837317865],[4514658.971732158,2639165.2263748497],[4516515.635011513,2638408.75595281],[4517900.864842499,2636435.493991367],[4519828.318567104,2635916.35391681],[4520229.599454651,2636352.7807814805],[4520098.342243673,2637131.065056406],[4520396.300851823,2637857.6225495264],[4519608.137861064,2638330.328244039],[4519401.60294894,2638844.862847468],[4519943.673222254,2639628.484361029],[4521733.625720146,2639148.770616421],[4524023.939792282,2637869.628560095],[4524986.247704948,2638361.2321105264],[4523581.592084317,2640033.6355691366],[4523364.601206865,2640702.324036601],[4522393.053859527,2640930.01433404],[4520167.807438443,2642486.6154145873],[4519930.792334159,2643793.3322873972],[4519186.93112566,2643253.0268379874],[4518401.333076848,2642017.2862682166],[4517482.8644669615,2642131.445570072],[4517280.968676047,2644672.5333066005],[4517435.951997443,2645351.823065039],[4519013.225976292,2645427.9309919924],[4519315.694529874,2645992.1199768153],[4520020.653000445,2646453.731224586],[4521171.124211362,2646518.609231333],[4521512.33787451,2646399.52996972],[4522943.955674058,2645288.2607897753],[4524273.052843374,2643972.5520419125]],[[4525751.81797765,2629479.867492618],[4524087.724581514,2629710.5207493408],[4523253.621000813,2630456.784195074],[4522662.435777162,2630282.0217963327],[4522337.463466606,2629502.5773707787],[4523231.514225318,2628889.029007324],[4524833.235872869,2628134.657985312],[4526190.456014814,2628131.5023377994],[4527115.731893962,2628812.6767368703],[4526593.5053577935,2631070.711687195],[4526649.836608601,2631729.430222611],[4526174.191083423,2631941.122550849],[4525778.334909334,2631288.4681562292],[4525751.81797765,2629479.867492618]],[[4521718.145896617,2627107.1836087946],[4522149.074527649,2627930.7110557477],[4521580.576429459,2628328.8155534095],[4520092.224778365,2629058.1627270263],[4518043.168884509,2627261.513474224],[4521718.145896617,2627107.1836087946]]]]}}]}