{"type":"FeatureCollection","crs_epsg":3035,"source":"BEV Metadatenuebersicht_SHP 20220915 (www.bev.gv.at, ALS-Hoehenraster page)","features":[{"type":"Feature","properties":{"flugjahr":"2019","gebiet":"Nieder\u00f6sterreich"},"geometry":{"type":"Polygon","coordinates":[[[4707402.669320266,2850368.0048257513],[4710745.412985706,2810514.415973399],[4691199.272312176,2808844.167475803],[4691080.225548911,2809092.864876545],[4690984.379794612,2810002.0144328363],[4690877.168371685,2810139.44645029],[4690897.670284107,2810500.3072225237],[4690801.695609325,2810699.9303995385],[4690621.483237274,2810771.6477585863],[4690714.26971401,2810907.9764494277],[4690687.201385895,2811281.8395289853],[4690776.848869459,2811693.2671187273],[4690619.152625054,2812046.1570500648],[4690682.423845509,2812195.287065716],[4690607.245538133,2812559.411166507],[4690725.01908971,2812903.768975351],[4690624.266137442,2813177.107027934],[4690206.863583773,2813549.5432761856],[4689905.976857411,2813545.580765749],[4689724.508996238,2813393.027720743],[4688967.733328084,2813559.8854339044],[4688746.003309636,2813686.537977792],[4688301.154219775,2813577.072952331],[4688202.782204436,2813404.321214859],[4687975.553725059,2813318.119988405],[4687459.621960731,2813404.8261545645],[4687526.1434270805,2814092.2457459453],[4687699.555789062,2814437.2545021684],[4687656.557212356,2814671.4662583424],[4687821.215452189,2814995.4956511687],[4687780.958872217,2815182.296081758],[4688037.238878718,2815394.012156159],[4687929.933513479,2815536.5760198575],[4687968.769299864,2815649.2748939143],[4687861.35568198,2815712.1935347514],[4687848.084168252,2815892.7398507027],[4687968.578047718,2816198.595185999],[4687868.003170041,2816365.647547693],[4687878.751709375,2816630.2138015567],[4688007.78223939,2816761.9055680176],[4687878.516041557,2816816.609403893],[4687851.033906099,2817125.2695828406],[4687986.359459009,2817210.9034399954],[4687902.901130093,2817674.695363691],[4688020.617567077,2817969.233948716],[4688085.815511065,2818547.0755130164],[4688214.415169282,2818735.8751450884],[4688225.54519458,2819051.032241201],[4688402.174432894,2819204.6738113137],[4688595.872530869,2819590.427914745],[4688529.47760779,2820632.520229005],[4688218.290740051,2820826.5992833693],[4687927.832038488,2820901.676014234],[4687906.174942261,2820974.589946164],[4687826.968106658,2820844.853835466],[4687540.415500056,2820827.1001466364],[4687095.437406977,2821179.641744851],[4686822.302020685,2821143.3781373263],[4686456.332545539,2821311.2722009593],[4686121.596337412,2821177.5053279754],[4685976.323046799,2820933.3333972082],[4685720.444090316,2820798.8768482944],[4685484.216547772,2820468.5649501826],[4685204.500130514,2820411.7991253785],[4685034.743239218,2820440.639251281],[4684939.956492284,2820551.130943478],[4685078.46204268,2820661.7985907937],[4685109.172421674,2821086.103749877],[4685468.331098439,2821308.106292029],[4685629.869202582,2821619.0898708357],[4686042.301638208,2821633.734788163],[4686156.919032495,2821802.804978827],[4686515.008190671,2822040.610800634],[4686533.262886045,2822218.6340514747],[4686636.869710711,2822268.4373361277],[4686781.779746607,2822559.914378364],[4687130.77593417,2822749.636888949],[4687076.252540957,2822993.35388436],[4687228.132865716,2823418.2289223657],[4686887.359750142,2823395.003404186],[4686695.646413779,2823569.162530978],[4686554.987658441,2823848.1608273536],[4686711.958824219,2824042.660368266],[4686386.355251593,2824423.9383901684],[4686099.8427599305,2824498.4925576933],[4685836.12282269,2824415.6756432154],[4685588.043018874,2824440.4332199604],[4684984.982096059,2824971.0081548607],[4684642.097423523,2824885.3685753997],[4684509.36135704,2825043.8705429356],[4684324.867517755,2825065.0981770735],[4684374.293893017,2825454.577178174],[4684126.604946148,2825753.7184569393],[4683908.548036074,2826245.3998257155],[4683390.447782791,2826805.0294357785],[4683351.832278961,2827094.732256869],[4683199.153897079,2827262.2220117375],[4682740.7089040615,2827240.7926956676],[4682425.923936172,2827480.5665018535],[4682001.646826129,2827453.535243033],[4681447.624826041,2827742.5687672077],[4681309.973749437,2828104.6540360297],[4681545.886599739,2828729.5817114194],[4681465.528285696,2828972.0578339347],[4681500.659111181,2829129.983291842],[4681416.256352558,2829336.59497184],[4681236.376645727,2829495.482928821],[4681230.010473355,2829630.815715244],[4680978.68397943,2829762.969613376],[4680809.178817687,2830203.3539600857],[4680628.50526275,2830358.383441842],[4681575.685963038,2830613.3203472467],[4681796.462277713,2830963.771016511],[4682296.350427377,2831219.0557602597],[4682300.956120161,2831392.005393188],[4682075.922855188,2831852.504294241],[4682359.646240497,2832033.952316138],[4682304.698084683,2832453.7827606564],[4682393.631929608,2832603.1086925375],[4683062.750420305,2832981.0017009885],[4684018.415035242,2832867.0997748263],[4684316.601347135,2832695.7177885063],[4684519.784733918,2833324.8082306026],[4684460.116601729,2833494.190041974],[4683975.5833468875,2833535.760638099],[4683800.667979776,2833637.9873448745],[4683669.414912159,2834046.607312511],[4683811.678800543,2834246.2356285662],[4683721.882552961,2834441.753158592],[4683391.521183101,2834665.712691822],[4683324.761423821,2834800.881716085],[4682933.67852924,2835029.2433023336],[4682929.2093603,2835102.043226029],[4682507.504257499,2835315.9821063634],[4682154.931736658,2835354.2452314277],[4682015.866171293,2835283.9500502544],[4681621.7046947135,2835457.344680904],[4681411.841617369,2835662.129588087],[4681055.238049468,2835720.0502116648],[4680303.96444472,2835599.568603874],[4679819.788559322,2835750.0712343394],[4679473.0766553525,2835709.112756816],[4679009.427226077,2835866.5567206126],[4678670.047678033,2835823.6571992957],[4678641.132946741,2835948.4382815524],[4678814.926636549,2836052.217778181],[4678815.275045901,2836177.3687786614],[4678976.713391684,2836353.698526856],[4678959.906847036,2836457.406651688],[4678200.682274493,2837104.0475789015],[4678118.782374575,2837313.876824174],[4677566.074688139,2837641.827822626],[4677183.293929679,2837719.2605087827],[4676660.589111332,2837667.8244777354],[4676262.734728629,2837789.198567982],[4676143.790159274,2837914.4118116363],[4676120.068165411,2838224.6066230354],[4675767.364741328,2838520.306333474],[4675515.959238505,2838558.729009568],[4675200.561939866,2838452.7724208725],[4674821.464389605,2838560.918163917],[4674581.310252682,2838810.9779173783],[4674250.002872433,2838666.470056039],[4673890.886443841,2838877.1304627554],[4673547.485374595,2838717.593332398],[4673347.276220581,2838329.6157983164],[4673222.044670922,2838290.286443725],[4672872.608849445,2838416.0974210077],[4672714.887710376,2838568.4173676283],[4672606.365990829,2838898.2433818197],[4672405.85544167,2839163.0913477815],[4672035.296098805,2839159.570650463],[4671770.934644987,2839095.858065243],[4671722.299737233,2839001.124013614],[4671428.8518875465,2838988.5328938947],[4671298.987072416,2838656.938302874],[4671124.496000359,2838492.783101903],[4670992.752247969,2838483.6946323924],[4670975.32639129,2838265.387043703],[4671100.425333308,2837967.5998903476],[4671029.605394172,2837788.1401727377],[4670884.54024899,2837698.165398935],[4670546.113745315,2837763.70266904],[4670612.080637829,2838256.958376388],[4670120.791011079,2838587.0336990533],[4670036.003172178,2838803.0303403027],[4669579.969479013,2838806.39116976],[4669329.795606245,2839175.6059476607],[4669293.207952488,2839641.6711206213],[4668970.086937249,2839900.150469193],[4668533.869890342,2840583.909164867],[4668125.118344086,2840716.660129647],[4667893.223838945,2840604.7308858274],[4667035.223050564,2840697.297384355],[4666920.954160153,2840807.335885454],[4666972.859748469,2841206.00661875],[4666713.877972498,2841180.6894571567],[4666371.460727209,2840893.876442402],[4665960.026228705,2840904.8488843436],[4665981.36769502,2841214.6029793085],[4666980.221502563,2841332.3159064082],[4667924.3643962955,2841859.837313099],[4668188.864589659,2842414.662189865],[4668691.066791732,2843141.939770508],[4668674.398900943,2843818.127301468],[4668344.481613428,2845147.6953982404],[4668494.471827862,2846058.757506414],[4668509.484663224,2847042.036708154],[4707402.669320266,2850368.0048257513]]]}},{"type":"Feature","properties":{"flugjahr":"2018","gebiet":"Nieder\u00f6sterreich"},"geometry":{"type":"Polygon","coordinates":[[[4709910.772703107,2820477.0825241087],[4707402.669320266,2850368.0048257513],[4737288.876550208,2852931.515294129],[4739381.2664090935,2828025.367561439],[4740627.662810717,2828126.9379146607],[4741045.34141001,2823144.9104516613],[4709910.772703107,2820477.0825241087]]]}},{"type":"Feature","properties":{"flugjahr":"2017","gebiet":"Nieder\u00f6sterreich"},"geometry":{"type":"Polygon","coordinates":[[[4709910.772703107,2820477.0825241087],[4741045.34141001,2823144.9104516613],[4742715.504287153,2803215.568338437],[4741470.038202208,2803108.829848978],[4741720.249905759,2800119.6077249027],[4740474.770324215,2800012.8936372255],[4741308.217922886,2790048.983298923],[4737571.65476755,2789729.040570391],[4738154.48164282,2782754.506179573],[4713243.029549396,2780624.991843485],[4709910.772703107,2820477.0825241087]]]}},{"type":"Feature","properties":{"flugjahr":"2016","gebiet":"Nieder\u00f6sterreich"},"geometry":{"type":"Polygon","coordinates":[[[4691639.440053306,2808881.739833256],[4710744.362855061,2810514.3261252358],[4713243.029549396,2780624.991843485],[4683348.597560144,2778076.1320337323],[4684178.805628979,2768114.8548651985],[4676256.818261732,2767440.9968151306],[4676246.756363687,2767668.4749046094],[4674985.863124236,2767610.4639996244],[4674341.575595745,2769345.5938656116],[4669908.696083986,2769858.733442555],[4667776.907972521,2771133.6805695216],[4664773.237537837,2772109.2986363205],[4663018.540340914,2773828.7835383913],[4659683.3922823435,2774362.179965409],[4658654.8290026765,2775535.372075479],[4657013.699913487,2776756.755637557],[4655567.397102306,2778231.174614231],[4654397.965872065,2779138.6197454706],[4654215.404692499,2784190.7154768948],[4656144.574507088,2784847.8052715017],[4656411.861169354,2787773.8050672687],[4655656.646035512,2791217.3873450505],[4655765.226430185,2798758.597405135],[4656013.719720312,2799349.7081215438],[4656541.339915299,2799495.9496797645],[4660683.594011862,2799685.978830552],[4661151.481590182,2799503.905924384],[4661827.864076872,2797968.8378258585],[4663742.143208988,2797126.122668157],[4665179.4034213945,2794995.319476256],[4666350.266683619,2794743.985168966],[4667477.934834026,2793056.6633074996],[4670641.010964157,2792957.9305872163],[4671305.641201876,2795042.884506431],[4674111.674655444,2795232.929258221],[4681122.447437,2797942.184033363],[4682420.397027585,2798646.0745110502],[4683460.66563586,2800572.1188780023],[4685649.772965137,2802205.3092137366],[4687900.882726325,2801753.061793803],[4690124.319335749,2801618.2502710284],[4692014.620918606,2805854.964953397],[4691639.440053306,2808881.739833256]]]}},{"type":"Feature","properties":{"flugjahr":"2013","gebiet":"K\u00e4rnten"},"geometry":{"type":"Polygon","coordinates":[[[4691651.740759897,2616269.3901129477],[4690921.069036534,2633278.5740655335],[4695917.534139661,2633511.3336952194],[4695042.56107239,2653474.821350519],[4690127.373416205,2653247.7967067654],[4689012.136744974,2655803.063855187],[4683435.633242618,2658860.4487743424],[4681642.861185649,2657265.9013602473],[4686129.468913077,2653065.425061845],[4680052.658197503,2652783.2231998206],[4679451.659303231,2666492.778010174],[4680804.917320231,2666868.776185018],[4681563.052021862,2668695.991764191],[4683379.660870519,2669516.7266809247],[4686949.171714913,2669647.817581298],[4689714.22280659,2669291.61015054],[4689756.215471515,2668688.7015266875],[4691112.388256432,2668413.099815208],[4691883.20874162,2668090.590893098],[4692702.666565673,2667113.8204829376],[4694000.787439859,2666119.3842360512],[4696720.9379604105,2665389.6350894277],[4698399.035206487,2664810.7122465535],[4698909.078447095,2664078.3227729625],[4699315.585642686,2662983.056770582],[4699999.417568713,2661920.5193537436],[4700607.941870735,2661212.5964951953],[4701084.51771312,2659881.866038085],[4701540.170369033,2659027.6253272793],[4703095.023458454,2657627.458637877],[4703147.311276004,2654168.409306268],[4702614.433180337,2653606.6200022963],[4702840.472338175,2650951.3851163946],[4703412.182167643,2649267.044618654],[4702441.390391756,2648247.342773782],[4701980.136176435,2647867.918129825],[4701614.912866301,2647114.974174157],[4701338.033887697,2645709.656789356],[4701081.586117815,2645200.4675088376],[4700964.837623103,2642867.613290576],[4701422.9245393295,2642411.390080314],[4704499.967107281,2641718.364720283],[4705046.965034288,2641504.9900451535],[4705076.7131441645,2640372.496137851],[4705706.694247537,2637358.1518480983],[4705950.3697511675,2634524.865685491],[4705928.966531673,2632833.799699107],[4705435.426390086,2632414.530041578],[4704692.098728571,2632375.4908578717],[4704347.037483637,2632085.605935875],[4704483.11302981,2631346.813443062],[4705127.475932072,2630904.416030504],[4705245.305902198,2630307.1041356865],[4705891.778413872,2629673.2472953927],[4707439.971208371,2629378.757966007],[4708188.436473106,2629031.9560781545],[4708056.950480303,2628720.6625095797],[4707771.076602695,2628523.8858716115],[4706927.330277945,2628485.216632611],[4706825.205382888,2628325.1849179454],[4706411.496222147,2628134.1992945056],[4706105.754983173,2627668.589614771],[4705105.461689867,2627142.8843274023],[4704810.4453502875,2626442.7593899267],[4704524.55655056,2626278.8392199143],[4704287.857227162,2625753.3404642837],[4704005.454912122,2625485.776846609],[4703883.3628746625,2625181.7587603023],[4703602.306867383,2624861.6164270937],[4703608.204725564,2624474.6857169657],[4703758.073857789,2624272.226451722],[4703681.210568759,2624045.762793005],[4703087.523904439,2623403.9602616597],[4703121.3835922815,2623167.62175606],[4702958.938976679,2622857.007072267],[4702576.270161114,2622582.4861680437],[4702170.862304993,2623352.7920143055],[4702038.826808647,2624311.6909978995],[4701754.365190151,2625075.3405694827],[4701448.580130805,2625445.909350537],[4700539.036090775,2625934.4734552493],[4700357.833721344,2625617.5023219227],[4700178.623506677,2625502.502953686],[4700229.8996197805,2625460.525143328],[4699988.407471733,2625120.613139778],[4699665.335067777,2624813.461251383],[4699563.125724609,2624535.674956296],[4699429.3196971025,2624396.1109813657],[4699199.443791563,2624446.779671538],[4698965.730246551,2624003.1010238896],[4698795.696726414,2623880.3665349567],[4698541.496045106,2624293.2098564017],[4698116.052928034,2624453.063166238],[4697961.040697562,2623927.386382116],[4698167.267808181,2623356.7953169346],[4698131.393814508,2622867.658682751],[4698287.345126783,2622667.8533249507],[4698253.555120369,2622499.7204797855],[4697995.4098373065,2622352.1570895244],[4697945.665393172,2622329.3712322926],[4697699.032150804,2622721.949708653],[4697524.731158481,2622794.607246965],[4697517.407714268,2622563.093306617],[4697357.656323856,2622527.2979583284],[4697132.1282464955,2622633.925677972],[4696822.1818140745,2622585.594029229],[4696779.0941314595,2622836.572132769],[4696461.667027346,2623079.795904444],[4696499.33162721,2623360.334863693],[4696175.61323821,2623130.574804891],[4695645.87552114,2623375.1581362397],[4695400.167191327,2623367.830176346],[4695236.799422066,2623247.1207012255],[4694878.690994153,2623167.232039371],[4694936.827935943,2623008.290224563],[4694823.329529687,2622835.183516257],[4694475.954661385,2622823.7388471896],[4694393.723173,2622720.6043171124],[4694202.70621473,2622678.818247373],[4693931.606895819,2622221.2728963],[4693950.817776294,2621907.575598065],[4694037.269570389,2621794.072881886],[4693866.79171439,2621104.1532310955],[4693609.665174683,2621152.4053263334],[4693243.788808038,2620934.461757629],[4693253.472827518,2620332.5182327703],[4692974.408395816,2619846.2243417813],[4692979.496165725,2619634.8605613913],[4692688.88379505,2619525.6917146686],[4692427.638074238,2619263.6649854854],[4692378.202376969,2619041.8508835146],[4692132.274417638,2618703.3954484006],[4691986.22361986,2618162.857817933],[4692172.952377072,2617941.441765875],[4691993.915726843,2617980.5219888682],[4691878.495538527,2617904.0744055146],[4691759.102884585,2617616.13610384],[4692004.882245727,2617363.690286182],[4692063.007437052,2617063.8480636775],[4691812.514736215,2616552.0565613704],[4691841.211714988,2616401.438703762],[4691651.740759897,2616269.3901129477]]]}},{"type":"Feature","properties":{"flugjahr":"2009","gebiet":"K\u00e4rnten"},"geometry":{"type":"Polygon","coordinates":[[[4690921.069036534,2633278.5740655335],[4691665.566629275,2615947.006139184],[4691217.514090214,2615892.9860925833],[4691192.969732052,2615634.5265216213],[4691001.650838478,2615640.21374533],[4690997.725241967,2615493.350697629],[4691018.150549766,2615343.621323106],[4691385.171040244,2615258.8103792593],[4691722.700666342,2614952.39129],[4691303.311594498,2614576.033855741],[4691088.823449584,2614563.267021658],[4691065.433009844,2614138.5967661347],[4691277.3492097575,2613874.996376683],[4691091.969130689,2613569.712181269],[4691074.733490945,2613280.255918865],[4681802.833564205,2612852.5036995504],[4680929.215145563,2632817.486028196],[4690921.069036534,2633278.5740655335]]]}},{"type":"Feature","properties":{"flugjahr":"2010","gebiet":"Salzburg"},"geometry":{"type":"Polygon","coordinates":[[[4514825.369216889,2728540.296307035],[4514979.451470664,2729407.625429632],[4515419.30894648,2730358.002483092],[4516420.747566807,2730402.7212714627],[4516355.389673518,2731899.36234639],[4516502.193349176,2732338.5497060353],[4516866.895938291,2732520.909306719],[4517600.014305105,2732405.5247100713],[4517836.934546398,2732486.1578485304],[4517997.993742362,2732662.373126652],[4518600.28964415,2732847.838170715],[4519261.895951259,2732389.160661204],[4519539.817009432,2732570.8050513193],[4519790.281884407,2732590.95994374],[4520096.872883697,2732371.5090085594],[4520314.822892224,2732444.016442127],[4520440.992019858,2732621.5334343435],[4520469.552208691,2732829.6535895625],[4520727.334744687,2733096.1608777153],[4523808.058679239,2733233.9155381033],[4523796.492387603,2733498.5885769287],[4524229.322096449,2733590.415572388],[4524636.903984984,2733264.788313455],[4525001.566585571,2733096.0191131504],[4525441.254267735,2733305.008457394],[4526288.981555134,2733503.221677932],[4526863.920266377,2733158.187560185],[4527296.780705377,2733074.16570587],[4527770.8070958145,2732607.78842367],[4527834.424153142,2732400.9512288244],[4528086.444905487,2732224.488180169],[4528206.46288773,2731981.0703277565],[4528289.16776187,2731964.268213517],[4528462.490650949,2732143.4633650105],[4528699.811532981,2732218.7959980206],[4529262.474673831,2732107.314636753],[4529668.591461579,2732809.7815608494],[4529853.34514749,2732982.7190771736],[4530000.339452211,2732977.7862324184],[4530299.629334727,2732580.869526101],[4530147.5747939795,2732009.3857940594],[4529894.7242131075,2731614.2863599416],[4529900.935454885,2731317.1364126233],[4529209.245047405,2730721.1148972805],[4529002.633223489,2730610.85638808],[4528572.238697408,2730579.290094825],[4528465.612342765,2730347.17505962],[4528933.680029424,2729918.884156125],[4529020.390492696,2729584.305989476],[4529360.167129632,2729327.9312900137],[4529499.417868419,2729027.280959947],[4530157.26448159,2728416.2167618275],[4530800.2647305215,2728499.306487851],[4531410.9361809,2727912.497468395],[4531636.610071516,2727819.9211297976],[4531703.812236729,2727637.074293793],[4532478.474066785,2727214.5324725737],[4533576.868761398,2726152.6602380476],[4533454.8975332985,2725759.9312682603],[4533355.12436134,2725684.174279576],[4532624.844246919,2725872.0654128236],[4532209.015014993,2725716.2967906045],[4532008.199241254,2725497.1425731825],[4531922.127406591,2725187.6429754617],[4531633.945728811,2725120.1082754442],[4531499.552047097,2724807.1877951985],[4531240.857841881,2724673.3415996972],[4531181.887908062,2724435.432203717],[4531455.692124962,2724013.0801632633],[4531446.10824221,2723842.517136201],[4531280.851437724,2723564.658517085],[4530871.701761915,2723292.030099358],[4530824.229155168,2723084.939090394],[4530586.14807845,2722875.958913147],[4530372.320414799,2722278.2579508834],[4530445.295509715,2721883.3654054734],[4530713.622796346,2721310.647670896],[4531112.65570341,2720968.6666688067],[4531337.41062705,2720873.8946290486],[4531512.504797057,2720015.57207456],[4531910.583926089,2719693.324034626],[4532067.591944585,2716096.2722258056],[4534566.48293516,2716208.1341224383],[4534457.517725989,2718704.264189252],[4535642.702243082,2718757.3438131697],[4535665.45442245,2718490.334990409],[4535802.204632295,2718321.089447103],[4535830.778672155,2717464.285234496],[4535912.625281449,2717281.0937848166],[4536120.439961527,2717188.929741792],[4536353.904640006,2716930.4194543073],[4536583.6271866895,2717038.5177086038],[4536761.264578251,2717029.6124467943],[4537061.126719631,2716620.0692611947],[4537360.10243675,2716614.7525897645],[4538014.096094898,2716425.865831343],[4538293.825394177,2716249.526530899],[4538532.776135764,2715960.2688006153],[4538584.744310119,2715315.8848596825],[4540054.089681544,2713952.953588343],[4537174.32536269,2713823.9255117313],[4537283.252202678,2711327.8174345256],[4539782.172506187,2711439.764823835],[4539891.089760179,2708943.6621638993],[4544888.953182347,2709167.699486406],[4544997.880152082,2706671.591244101],[4547496.822257813,2706783.682050647],[4547714.629626897,2701791.4959314563],[4550213.603911891,2701903.621027468],[4550322.484528914,2699407.5436192644],[4552821.471196521,2699519.7145708445],[4552930.343280407,2697023.6444319533],[4550431.33710039,2696911.4839413622],[4550540.161420949,2694415.4420636394],[4545542.089370829,2694191.3133366355],[4545324.490816573,2699183.371421536],[4542825.484666089,2699071.3702110685],[4542934.278544667,2696575.3434450007],[4537936.21113202,2696351.5341763347],[4537718.672799994,2701343.558371551],[4540217.670066668,2701455.4582828353],[4539999.978446666,2706447.5767009277],[4537501.019835924,2706335.653103531],[4537392.1503639575,2708831.72657196],[4529895.30666232,2708496.2529731644],[4529786.465846913,2710992.3065153924],[4527287.530272127,2710880.5799234924],[4527178.679560584,2713376.637659885],[4524679.760414222,2713264.9530153647],[4524788.59209001,2710768.908701641],[4524347.8921073275,2710749.220740781],[4524571.604852993,2710853.3885467374],[4524320.5122493785,2711335.3781917896],[4524408.211806863,2711683.250007886],[4524348.042048499,2711983.6713598142],[4524116.440847273,2712208.319547193],[4523571.700022125,2712300.546906814],[4522661.982949547,2713144.691621532],[4522408.557290101,2713201.7074647928],[4522170.941881022,2714140.1381227905],[4521864.899540292,2713888.863952137],[4521532.038338996,2714391.1558351433],[4520931.202442499,2716546.769232209],[4520859.5274362005,2716936.8529208293],[4520917.754656774,2717268.4346179343],[4520657.023992073,2717225.7091679424],[4520209.312043516,2717427.0875041024],[4520078.359757046,2717706.2148114825],[4519572.007290838,2717932.0064864797],[4519406.120557421,2718223.809763243],[4518913.930155006,2718617.4473235956],[4519255.30517766,2718853.160638529],[4519425.750546865,2718850.167284128],[4519908.264262287,2719203.927121179],[4520494.04499193,2720454.008395269],[4520627.919771563,2720495.4414627687],[4520629.725915712,2720915.9297393756],[4521691.798874212,2721959.2200129847],[4520598.316371184,2723079.2384335906],[4520067.721872392,2723336.174405988],[4519893.638793052,2723328.0181344408],[4519692.741661709,2723510.8884662706],[4519379.053497878,2723485.812232745],[4518141.1978757875,2723950.6405950743],[4517199.982764462,2724038.121795707],[4516743.096246993,2724307.9761581756],[4516488.454138668,2724367.5351196784],[4515092.338267358,2724557.3427524497],[4514955.284500005,2724503.888165662],[4514668.558511135,2724632.6952684787],[4514507.584627111,2725118.026832415],[4514315.575259348,2725367.635278048],[4514286.668414011,2725874.2372389743],[4514571.159374778,2727562.403780694],[4514644.78549708,2727756.563609003],[4514820.479794204,2727887.893772787],[4514841.596577333,2728196.8054604614],[4514973.452422471,2728488.7903146236],[4514825.369216889,2728540.296307035]]]}},{"type":"Feature","properties":{"flugjahr":"2017","gebiet":"Salzburg"},"geometry":{"type":"Polygon","coordinates":[[[4519685.757832136,2708040.2379327584],[4537392.1503639575,2708831.72657196],[4537501.019835924,2706335.653103531],[4539999.978446666,2706447.5767009277],[4540217.670066668,2701455.4582828353],[4537718.672799994,2701343.558371551],[4538044.937272693,2693855.5486762845],[4550540.161420949,2694415.4420636394],[4550866.465106034,2686927.424430913],[4498384.790768813,2684586.3506675754],[4498493.079775268,2682090.665940977],[4488496.505331706,2681647.7298537544],[4488604.68262525,2679152.1319884947],[4478964.905356324,2678726.3731885455],[4479037.749851486,2679078.464105293],[4479171.938629107,2679283.5155965835],[4479032.47089466,2679525.3096811753],[4479013.306669368,2679897.5740291458],[4478881.112120356,2680290.691431725],[4479268.113907435,2680537.9927746905],[4479464.467955504,2680812.6192876645],[4479627.007165288,2681171.4401067276],[4479615.359861698,2681376.3337805844],[4479799.305881996,2681566.4558342183],[4479832.518209523,2681935.0107858004],[4480107.360350408,2682712.2066036547],[4480372.562025851,2682838.6489663324],[4480337.131426488,2682910.414286374],[4480560.463634235,2683165.268922636],[4480728.294327746,2683194.6409149757],[4480329.207506612,2684065.8760750154],[4480109.919549057,2684176.5859237155],[4480030.664530351,2684782.003100603],[4479250.021198209,2684977.5921328026],[4478711.5869497685,2685568.85024481],[4478327.546782293,2685807.983038638],[4478122.923839786,2685839.931811253],[4477974.028303252,2686223.3496715412],[4478182.720743542,2686539.9387514726],[4478158.0732445,2686853.752936072],[4478387.374777126,2687383.7408556473],[4478399.979864899,2687581.529612581],[4478742.8143515205,2687799.6145378295],[4478757.498896686,2687906.383470159],[4479344.024679009,2688140.1601186134],[4479489.819512694,2688660.716744948],[4479800.593048759,2689023.5665114964],[4479951.562463819,2689076.672737052],[4480028.011057933,2689576.680600236],[4480198.398478515,2689686.149744672],[4480293.157344423,2689954.5689747757],[4480997.774040022,2690654.731026787],[4481460.424449663,2690222.0989831267],[4481806.700893363,2690110.42858709],[4482046.01114449,2689903.01031791],[4482416.425632265,2689360.1613935432],[4482897.670714117,2689107.594433964],[4482960.655725711,2688904.350889165],[4482754.106471864,2688895.1439236086],[4482777.842840244,2688713.1697270465],[4483283.946564665,2688415.0318123144],[4483611.02542117,2688782.0231804727],[4483973.177311004,2688949.0583049785],[4483473.520864229,2688927.004964836],[4483939.499899026,2689175.739442147],[4484048.529008432,2689336.625270134],[4483976.680628741,2689611.344533869],[4484346.104982813,2689653.670700789],[4484620.872905796,2689784.0527089597],[4484543.304156886,2690055.511159951],[4485142.802064105,2690296.038527381],[4485930.802688246,2690087.0347016016],[4486050.909287104,2690211.2074129856],[4486450.012246056,2690101.9728346555],[4486827.799806448,2690191.568912174],[4487159.493822301,2689919.836610063],[4487268.333412161,2689977.1605296135],[4487260.435218609,2689672.341911708],[4487315.83819155,2689775.5834168554],[4487520.145268288,2689792.1713793157],[4487614.670530535,2689969.4587822636],[4488090.472818359,2690105.2406080985],[4488670.66797135,2691158.8016880825],[4488881.441198201,2691129.770865468],[4489175.901356578,2691310.327410194],[4489435.1728665475,2691350.909287572],[4489711.1625647405,2691255.065841956],[4489923.38943009,2690785.735733341],[4489893.816525331,2690473.21540129],[4490298.247226396,2690096.48794527],[4490587.690421346,2690242.4484437173],[4491086.580611317,2690306.1934691384],[4491399.427898057,2690809.1544200685],[4491592.942133262,2690859.809331232],[4492324.492885161,2690242.6546490537],[4492496.604851642,2690321.217972975],[4492645.292812802,2690611.9962489563],[4493021.204286142,2690926.9517234755],[4493257.891653749,2691327.4354057196],[4493453.777140307,2691492.333012905],[4493492.351670306,2691706.5276423865],[4493907.1957065035,2692010.052917194],[4494029.042111119,2692326.1120129963],[4494352.019952454,2692559.802643798],[4494394.068883356,2692774.673238482],[4494621.394900888,2692993.440950528],[4494688.139324223,2693191.9838205245],[4494681.190002487,2693693.7748208516],[4495270.746479141,2693470.4132548575],[4495478.980747578,2693537.4641372766],[4496222.013839716,2693413.9964571167],[4496386.980715392,2692979.048266026],[4497516.09990036,2693218.1572444933],[4497616.189591168,2693331.0340051176],[4497745.467017465,2692913.516287991],[4497977.252677647,2692835.894132969],[4498166.684024928,2692598.4466544962],[4498621.850113388,2692501.3741905405],[4498831.044779857,2692250.9616044187],[4499317.480700623,2692275.626887389],[4499485.344043523,2692205.0115825427],[4499998.348233742,2691791.4286621036],[4500236.237764846,2691807.352561816],[4500649.188368529,2691514.5678237802],[4501699.659644931,2691927.6148553086],[4502266.908660995,2691973.596250025],[4502941.878055328,2691809.505328994],[4503345.517315619,2691858.1458739634],[4503608.440223422,2692083.069215634],[4503641.537488472,2692322.9071823317],[4503920.931185274,2692756.9846725482],[4505675.985011963,2693601.6328852815],[4506199.356033541,2693398.2345335847],[4506433.62994897,2693442.2693936015],[4507133.769714053,2693279.142944686],[4507437.015575999,2693295.1992463553],[4507804.5199342035,2693134.3282291396],[4508002.125582384,2693304.208221745],[4508439.129119638,2693446.7877646685],[4508628.589547501,2693800.345096653],[4508711.719957866,2693797.7915388625],[4509060.945547019,2694707.0826354343],[4509379.666097173,2694830.4522937755],[4509676.320019111,2694712.9173269803],[4509625.573844526,2695149.1463136068],[4509801.51664499,2695307.645877581],[4509890.204351007,2695532.2319716285],[4509827.215214674,2695794.8405038742],[4509888.937321146,2696027.5595600815],[4509631.632183091,2695936.7076525963],[4509388.877305533,2696194.167723003],[4508940.297549429,2696358.93727022],[4508930.297436335,2696870.820824006],[4509044.012984965,2697141.4530993626],[4508536.081306691,2697459.1646144446],[4508348.750872732,2697731.8560030675],[4508462.703531659,2698109.858245176],[4508391.405317208,2698155.8692650767],[4508337.839548746,2698094.2195844934],[4508354.415739386,2698400.030790228],[4508581.117781578,2699179.2310381387],[4509279.839084364,2699380.4042289928],[4509334.009012758,2699476.961564835],[4509571.092144292,2699472.879749939],[4509728.3240505075,2699607.3542709975],[4509767.477692829,2700085.4620511117],[4510145.565490964,2700632.3244482195],[4510292.035289768,2701039.210500918],[4510975.575788528,2700977.337658887],[4511629.962138565,2700704.6193244066],[4512183.968593393,2700847.956507867],[4512297.967908603,2700962.72600933],[4513047.506678618,2701214.886883042],[4513267.773448071,2701448.9959909106],[4513237.720866587,2701574.5650657304],[4513346.590433199,2701549.8963608854],[4513969.0020253565,2701772.124914494],[4514242.963596071,2701635.6769328453],[4514544.6030524075,2701786.2893225383],[4514599.512834222,2701766.379375994],[4514596.350273404,2701385.4933296135],[4514702.552414199,2701262.8773595896],[4515196.636440631,2701158.8170671463],[4515254.26859231,2701064.39606437],[4515773.258605518,2701046.003603439],[4516481.809150846,2701755.894175315],[4516619.165295892,2701961.2489504167],[4516566.152286061,2702251.1660898943],[4516681.496672559,2702356.149187834],[4516773.569202023,2702638.410611658],[4517119.16454118,2702806.266635765],[4517394.531273584,2703401.7484312197],[4517537.40864763,2703511.292201719],[4517748.426099992,2703479.019022046],[4518392.974103204,2703883.89421326],[4518778.337277688,2703838.5625234284],[4518993.021154079,2704065.6986669837],[4519007.6208423795,2704316.440600533],[4519128.7910280395,2704501.2438496687],[4519098.023806026,2704760.8761150665],[4519248.271437979,2704893.1695943815],[4519286.010692452,2705316.7109376723],[4519674.646830988,2705585.7325191735],[4519803.681548253,2705962.8823612696],[4520052.098004333,2706097.24772899],[4520096.312862726,2706647.943210535],[4519972.060079091,2706963.655817349],[4520021.540792314,2707516.188392541],[4519639.565834674,2707756.219378669],[4519685.757832136,2708040.2379327584]]]}},{"type":"Feature","properties":{"flugjahr":"2010","gebiet":"Salzburg"},"geometry":{"type":"Polygon","coordinates":[[[4567706.003156574,2702690.0611547753],[4567269.653137334,2712674.813353673],[4569768.690152807,2712787.430794757],[4569659.517469698,2715283.6708211866],[4574657.104677908,2715509.0676203463],[4574547.867248964,2718005.3408109266],[4567051.526324036,2717667.3031709143],[4566942.317657203,2720163.569016068],[4581934.780971766,2720840.211611227],[4582087.823489602,2717345.3471270227],[4583337.1886814535,2717401.8142937776],[4583380.908748482,2716403.295614954],[4584630.274271755,2716459.775108192],[4584761.419932086,2713464.231541092],[4579763.8927745335,2713238.4119170774],[4580091.474173052,2705749.7036439604],[4575093.782330321,2705524.1476654997],[4575202.883799989,2703027.9614812275],[4570205.106510778,2702802.6444971375],[4569986.9530770825,2707795.0026688594],[4567488.08639392,2707682.411493261],[4567706.003156574,2702690.0611547753]]]}},{"type":"Feature","properties":{"flugjahr":"2019","gebiet":"Salzburg"},"geometry":{"type":"Polygon","coordinates":[[[4579361.4496602155,2745842.045399149],[4579177.822821602,2744700.0435965178],[4579331.449267592,2744385.625838221],[4579063.417535152,2743531.4292385876],[4579101.136045976,2743329.9388773534],[4578860.728437269,2743018.573191071],[4578928.236459049,2742686.392836129],[4578776.630837504,2742259.5970927067],[4578789.208129408,2742086.971158884],[4581878.748091942,2740638.4078610847],[4582605.675103,2740443.8564808615],[4583469.930541871,2740566.0893969936],[4584077.3343049595,2740441.926858857],[4584137.3628575485,2740302.482468633],[4583950.441305731,2740139.310903671],[4584132.536131549,2740032.29447275],[4584490.560945546,2740036.5769077516],[4584609.82913517,2740179.4843329275],[4585243.913515799,2740183.3303751964],[4585598.605569076,2739997.603696437],[4585944.007717021,2740088.9128209297],[4587298.97937543,2739751.5540050175],[4587492.961133408,2739786.3836049824],[4587348.947558535,2739385.550794549],[4587380.480057808,2739191.0003205407],[4587275.633709669,2739100.009828722],[4587186.826744776,2738737.575196197],[4587210.542875483,2738518.6254699747],[4587042.516623735,2738392.5235366137],[4586973.14374304,2738226.2833699384],[4586666.194612811,2738007.635412867],[4586446.972559006,2737642.3795604315],[4586338.781590332,2737310.102389702],[4586358.6916795485,2736423.594746044],[4586287.673509627,2736236.8754792092],[4586014.618830686,2735980.978859366],[4585570.210213652,2735860.784462829],[4585147.245504465,2735381.490935604],[4584736.628015612,2735574.9901132453],[4584553.013217084,2735442.7956377324],[4584332.7364934785,2734989.845209329],[4583968.216798867,2734646.7234717123],[4584033.790211957,2733504.9840693953],[4583780.660571568,2732791.330543538],[4583345.143616951,2732030.4753039293],[4583413.898968883,2731784.867844883],[4583301.7359923385,2731584.0182506004],[4582969.730915666,2731392.2055664016],[4582982.2392960135,2731084.1231970005],[4583140.171986717,2730685.7280375944],[4583421.354263962,2730417.764395025],[4583822.03794397,2730399.926507032],[4583983.094254855,2730466.1433849446],[4584331.753109434,2730278.145759625],[4584508.184310732,2730290.1214272375],[4585017.688709509,2730674.7565043066],[4585175.081937916,2730664.89606852],[4585604.425212489,2730232.8341529854],[4585574.860354977,2729903.8702456886],[4585731.749055604,2729780.117347698],[4586013.624529518,2729051.71659677],[4585722.74938155,2728515.356799605],[4585595.460639391,2728509.5982887167],[4585510.590732963,2728327.9843234555],[4585298.171724099,2728188.2858621283],[4585272.961673635,2727989.860738246],[4584732.3959444,2727041.981077268],[4584768.677709956,2726603.317127201],[4584679.27862159,2726382.7710072757],[4584856.917144688,2725566.643233881],[4584748.707005864,2724955.3306460325],[4584289.628574292,2724839.1144738034],[4583698.06207002,2724354.54973478],[4582793.564525151,2723321.790600011],[4582983.503161754,2722892.8248126158],[4583062.805868247,2722421.3548224336],[4583279.065045,2722263.9662516797],[4583205.607599973,2722060.523155582],[4583355.65228286,2721645.3084116313],[4583276.036210055,2721239.2595026586],[4582955.453653309,2721036.9799529514],[4582944.920931125,2720885.8709973767],[4561944.823967375,2719938.4682397232],[4562163.122890418,2714946.306900884],[4564661.809348244,2715058.8079109252],[4564770.938822088,2712562.7291450477],[4567269.6328694755,2712675.276910964],[4567815.014873344,2700194.121762856],[4560317.635314969,2699856.7124342145],[4559882.628260245,2709840.7523751683],[4557382.883605722,2709728.3304311484],[4556946.494818141,2719713.548109393],[4550124.107227173,2719406.9518387513],[4550157.203961151,2719956.637499331],[4550687.120995059,2720427.7026883257],[4550911.054817886,2720759.5823261673],[4550929.06695871,2721048.611012646],[4550900.761645202,2721166.0620368677],[4550585.887100415,2721324.4004960964],[4550155.292886489,2721909.4200670915],[4550156.306991726,2722069.7566188104],[4549880.482931991,2722394.370024156],[4549756.036595855,2722748.1087013213],[4549795.882131724,2722931.6122196144],[4549981.511553176,2723106.175209501],[4549878.843378718,2723621.0036669723],[4549968.107317834,2723718.441277016],[4550777.282693279,2723983.1572352396],[4551608.890211925,2724137.9298397023],[4551830.202850226,2724100.1711136536],[4551923.392997053,2724167.9137528744],[4551926.405823128,2724421.2118435283],[4551694.17918515,2724551.4942191336],[4551379.585212873,2724986.479118077],[4551229.357619152,2725712.373890409],[4551377.895074713,2725937.595475744],[4551797.199519204,2726207.2454194357],[4551879.9642731575,2726772.4127854966],[4552311.769311301,2727259.111498206],[4552520.164704687,2727739.0243405644],[4552860.789438074,2727964.6026502047],[4553605.695509841,2728805.7909971233],[4553760.334936589,2729652.6716728467],[4553540.944652636,2730205.3658000478],[4553250.481314279,2730417.8437287873],[4553033.496019675,2730787.4990629763],[4552925.754760809,2731149.5857046014],[4553008.184009541,2731494.2489350317],[4552680.91818335,2732028.348319249],[4558899.012058472,2732307.7176803374],[4558680.388963717,2737300.1088504964],[4556181.860411568,2737187.6502352664],[4555634.9200442275,2749669.809972469],[4569051.982542899,2750274.59531992],[4569118.230329269,2749915.4376822375],[4569376.844804554,2749878.863680731],[4569844.998681474,2749981.993780208],[4569908.55360844,2749912.041199918],[4570823.657505177,2749994.2595385904],[4571041.256091647,2750071.2532305317],[4571245.240336138,2750002.139093141],[4571440.812940587,2750076.96816382],[4571593.191261857,2750038.282981839],[4571793.490704226,2750157.1314193597],[4572033.21865459,2749725.673397797],[4573155.608514939,2749290.5469635623],[4573398.309055903,2748946.7258983725],[4573780.96311357,2748796.8451339244],[4573868.503044381,2748680.7806715346],[4574819.757304476,2748394.556922418],[4574819.111980288,2748273.528177876],[4574980.3015636755,2748117.3871023227],[4575385.388699769,2748221.589916008],[4575378.846449056,2748334.119168785],[4575475.273197704,2748342.278524355],[4575652.263105261,2748615.9294211436],[4575901.011968664,2748762.7686026553],[4576159.074372535,2748736.4689688175],[4576298.2787026735,2748633.5869403984],[4577115.966444956,2748717.071066365],[4577513.531078881,2748831.0675084814],[4577628.703954114,2748997.9478160045],[4578102.150671729,2749001.3905564738],[4578175.538815867,2748897.2558186846],[4578386.570394441,2748934.4627303584],[4578899.422146757,2749204.4744373388],[4579238.054857015,2749198.7042175373],[4579574.348770272,2749434.017167351],[4579879.382049293,2749297.6206964427],[4580424.482499494,2749425.0498650405],[4580600.067543244,2749317.35960866],[4580757.739324858,2749465.532952759],[4581380.191813643,2749269.187975023],[4581559.373804468,2749131.309805683],[4581921.841569131,2749261.9006365547],[4581896.3570797825,2749119.086393113],[4582027.5525598535,2749005.0152581213],[4582118.99017013,2748258.2514043124],[4582232.771956487,2748066.163522876],[4582561.082944758,2747901.16181751],[4582728.998466257,2748148.9497198835],[4582908.076761666,2748231.706138506],[4583208.157099558,2747937.9138703453],[4583545.309337477,2747978.3940013507],[4583815.08834365,2748115.266494259],[4583952.14834189,2748334.8145770873],[4583940.913248565,2748636.664215311],[4584076.421471464,2748840.683578983],[4584447.788154009,2748752.819448273],[4584840.201408616,2748950.4271468814],[4585461.520936009,2748913.8837362295],[4585286.269815261,2748483.70073228],[4585449.759381622,2748517.18695005],[4585633.387767086,2748337.020207949],[4585825.465434195,2747919.2426728634],[4586205.444259642,2747402.4041931327],[4586011.848702701,2746616.0978757762],[4585381.049273103,2746356.538120413],[4585174.359162847,2746374.638622654],[4584523.694454153,2746086.248493449],[4584242.294821746,2746310.75680677],[4583985.764887483,2746260.09016297],[4583776.013819175,2746316.416778608],[4583405.310794886,2746491.294211026],[4583273.728851788,2746686.027368373],[4582324.156099805,2747111.5359035237],[4582185.828507764,2747041.5628237813],[4581710.501702432,2747093.9433287093],[4581213.640510888,2747444.101320875],[4580710.542329439,2747479.2308708145],[4580189.605341972,2746541.594695956],[4579361.4496602155,2745842.045399149]]]}},{"type":"Feature","properties":{"flugjahr":"2007","gebiet":"Salzburg"},"geometry":{"type":"Polygon","coordinates":[[[4511205.553223565,2677654.182826855],[4511097.222668253,2680149.910364189],[4513596.403299709,2680261.069215654],[4513704.75421647,2677765.326729956],[4511205.553223565,2677654.182826855]]]}},{"type":"Feature","properties":{"flugjahr":"2009","gebiet":"Salzburg"},"geometry":{"type":"Polygon","coordinates":[[[4523593.122286499,2680706.2931501875],[4511097.222668253,2680149.910364189],[4511205.553223565,2677654.182826855],[4508706.352896096,2677543.09808978],[4508489.702689582,2682534.540906672],[4505990.544069632,2682423.484223913],[4505882.194368648,2684919.2173701758],[4523376.169866153,2685697.947355871],[4523593.122286499,2680706.2931501875]]]}},{"type":"Feature","properties":{"flugjahr":"2018","gebiet":"Salzburg"},"geometry":{"type":"Polygon","coordinates":[[[4579255.930743921,2667609.8556806063],[4579661.254891677,2658212.964421318],[4572908.969664281,2657908.869828843],[4572465.324039269,2657288.5066213408],[4571661.392030782,2657648.370245483],[4571396.266345386,2657479.9930236945],[4571111.793217283,2657601.865392956],[4570687.490905538,2657648.599787482],[4569671.230749816,2657255.3095742753],[4569676.384292216,2657136.794597987],[4568977.397555417,2657002.7071421486],[4568016.94042109,2656579.513355039],[4567761.335888022,2656292.9823395596],[4567501.052456179,2656525.6094876523],[4566439.819283422,2655922.1029728204],[4565857.450986053,2656172.9439746235],[4564712.206341243,2656160.360036822],[4563417.182873781,2655965.601825932],[4562837.493111863,2655597.7149824593],[4562532.474449444,2655519.10229502],[4561956.142719287,2655832.842237983],[4561151.512971723,2655776.659750767],[4561005.445968927,2655935.5771822524],[4560312.503724392,2656309.178287951],[4559703.305025924,2656293.933804545],[4559689.54412106,2656610.6451402446],[4558466.325197472,2657260.456791329],[4557963.627680495,2657240.472395899],[4557811.082343764,2657600.3030034276],[4557263.059824026,2657208.52900669],[4557092.228449784,2657192.4435895337],[4556749.453619292,2657545.8021150352],[4555614.236680281,2657874.952204323],[4555286.958585678,2658294.5131660025],[4555202.618269691,2658578.356812891],[4554571.491114732,2658845.825836222],[4554514.3199239755,2660458.9226062903],[4553612.369274698,2660803.0538882534],[4553124.058190674,2661242.5491828555],[4552789.953443779,2661322.8341676146],[4552642.911127381,2661186.480151352],[4552231.796090913,2661335.5850321883],[4551766.736528821,2661741.793872901],[4551129.78189006,2661788.795217299],[4550655.433097173,2662030.337858517],[4550749.410850709,2662819.685518976],[4550726.013274306,2663055.163370336],[4550585.4149878835,2663262.3920067484],[4549715.50285106,2663522.3436924703],[4549379.454121254,2663550.39946785],[4548801.968895217,2676831.638070319],[4551299.919108957,2676946.1417743084],[4550431.33710039,2696911.4839413622],[4557928.332651128,2697248.1357289017],[4557819.421682119,2699744.2257779427],[4575311.957969147,2700531.792872208],[4575093.782330321,2705524.1476654997],[4590372.68656093,2706242.435126558],[4590556.190173215,2705809.8825961924],[4590824.646789365,2705633.4315086384],[4590860.968447193,2704970.973319151],[4590757.373565077,2704256.7844100655],[4591046.291983857,2703661.2044826658],[4591447.981856336,2703254.353670991],[4591540.8273448385,2703059.0486511006],[4591475.752890927,2702698.079767072],[4591765.18957932,2701942.391635381],[4591665.285014553,2701562.8299315074],[4591898.235473011,2701177.0100792996],[4591944.281556694,2700709.563527652],[4592251.24675877,2700492.6756112534],[4592317.007845681,2699979.3159691743],[4592593.732263045,2699701.326942353],[4592866.310106979,2698928.922355657],[4593112.295058947,2698513.85407902],[4593010.858901415,2698299.7278162176],[4593196.316795768,2698097.24663748],[4593266.4084480535,2697598.960309039],[4593452.747478302,2697350.3997379453],[4593373.731424972,2697050.805955127],[4593172.357219848,2696812.7230730085],[4592913.682873165,2695921.725417344],[4592983.512646839,2695748.4003307642],[4592964.423601741,2695391.9622675977],[4593093.59711983,2695284.376524721],[4593415.117820373,2695284.8511588275],[4593499.353095717,2695218.691937875],[4593445.333576964,2694937.4257061444],[4593507.864070486,2694165.019257694],[4593342.07989858,2693843.705976744],[4593131.6405646885,2693833.6158242407],[4593458.857662092,2686345.3121335465],[4575965.148458471,2685555.3111507995],[4576182.862420297,2680563.6028439165],[4573683.986858174,2680450.997661191],[4573792.787505107,2677955.1874369034],[4561297.171771456,2677392.9542994285],[4561898.265366151,2663593.307296222],[4561492.845701858,2663202.740326534],[4561141.333259701,2663053.558464488],[4561740.479087842,2661234.8984633293],[4562594.171051497,2659984.4364635134],[4562839.075509925,2659896.0781624718],[4563106.10727104,2660008.0617160774],[4563993.9102604445,2661228.644257143],[4564119.821742236,2663853.3134370204],[4564632.127823872,2664021.8668374093],[4565380.14014271,2664014.7863151967],[4566438.951689739,2664444.979920896],[4568059.612737333,2664939.171214896],[4568131.57413444,2665140.6340496885],[4567812.656340206,2667050.9235673565],[4567380.470395814,2667446.784997756],[4567442.580571601,2667680.780820641],[4567741.669845237,2668111.0421477957],[4567926.669870915,2668962.311147837],[4568780.7498549875,2669268.353007918],[4569958.366195877,2669947.218824449],[4570841.492958778,2669916.4732416784],[4571270.9640661655,2669652.5487949695],[4571589.6904111765,2669238.429576588],[4571869.260590707,2669112.477180288],[4572527.213825174,2669058.0601996756],[4572696.614546175,2669341.108756771],[4573580.6748732105,2669671.0968288993],[4573700.848775132,2669923.8277534526],[4574130.613943161,2670185.5129275853],[4574975.975197817,2670269.734829052],[4575176.349883454,2670222.828808745],[4576378.0617414415,2670616.9881689968],[4576752.548067948,2670342.8271347294],[4577503.727988988,2670116.8389270026],[4577634.020172255,2670002.2193391323],[4577682.041441782,2669122.6341226427],[4577786.907037094,2668743.835850615],[4578222.126904524,2668275.9651002847],[4579255.930743921,2667609.8556806063]]]}},{"type":"Feature","properties":{"flugjahr":"2009","gebiet":"Salzburg"},"geometry":{"type":"Polygon","coordinates":[[[4575202.883799989,2703027.9614812275],[4575311.957969147,2700531.792872208],[4572813.055674939,2700419.1141773527],[4572704.000797214,2702915.274969746],[4575202.883799989,2703027.9614812275]]]}},{"type":"Feature","properties":{"flugjahr":"2009","gebiet":"Salzburg"},"geometry":{"type":"Polygon","coordinates":[[[4537936.21113202,2696351.5341763347],[4542934.278544667,2696575.3434450007],[4543043.044026301,2694079.3345785346],[4538044.937272693,2693855.5486762845],[4537936.21113202,2696351.5341763347]]]}},{"type":"Feature","properties":{"flugjahr":"2007","gebiet":"Salzburg"},"geometry":{"type":"Polygon","coordinates":[[[4513704.75421647,2677765.326729956],[4516203.955276136,2677876.5297772605],[4516095.584002716,2680372.2870044336],[4521093.943946759,2680594.898937377],[4521202.356005457,2678099.113151906],[4518703.156103901,2677987.7919600876],[4518811.518236239,2675492.0387278725],[4513813.0755144935,2675269.602675965],[4513704.75421647,2677765.326729956]]]}},{"type":"Feature","properties":{"flugjahr":"2008","gebiet":"Salzburg"},"geometry":{"type":"Polygon","coordinates":[[[4516095.584002716,2680372.2870044336],[4516203.955276136,2677876.5297772605],[4513704.75421647,2677765.326729956],[4513596.403299709,2680261.069215654],[4516095.584002716,2680372.2870044336]]]}},{"type":"Feature","properties":{"flugjahr":"2008","gebiet":"Salzburg"},"geometry":{"type":"Polygon","coordinates":[[[4572813.055674939,2700419.1141773527],[4567815.217797649,2700193.9257466346],[4567706.201437509,2702690.070085309],[4572704.000797214,2702915.274969746],[4572813.055674939,2700419.1141773527]]]}},{"type":"Feature","properties":{"flugjahr":"2008","gebiet":"Salzburg"},"geometry":{"type":"Polygon","coordinates":[[[4540054.089681544,2713952.953588343],[4540346.079290846,2713689.064549667],[4542209.925192023,2712786.050978055],[4543709.562598339,2711855.3641820247],[4544313.110529115,2711642.8844690938],[4539782.172506187,2711439.764823835],[4539673.2267820425,2713935.8848053645],[4540054.089681544,2713952.953588343]]]}},{"type":"Feature","properties":{"flugjahr":"2012","gebiet":"K\u00e4rnten"},"geometry":{"type":"Polygon","coordinates":[[[4661810.975160787,2611949.2377886097],[4691074.733490945,2613280.255918865],[4690748.906886139,2612956.8540259004],[4690770.031607854,2612807.128295085],[4690897.963901663,2612692.931600408],[4690821.933386849,2612446.0701715928],[4690928.098358072,2612016.644090144],[4690915.244734211,2611569.1495192517],[4690617.511580866,2611413.331012623],[4689962.310969514,2611305.9906821568],[4689434.375203654,2610888.786831811],[4689110.817181304,2610800.875017651],[4688444.18324104,2610306.530617009],[4688081.941359418,2610500.463468767],[4688001.239899705,2610380.7958756792],[4687745.579853642,2610830.5395620097],[4687455.429600342,2610732.752991406],[4687137.670937202,2610789.874800138],[4686694.842808396,2610688.1264208006],[4686458.362317857,2610740.048768539],[4685609.722653829,2609914.7437851466],[4685503.855761529,2610095.1474778294],[4685507.420726084,2610261.6450906177],[4685416.334535621,2610288.670159635],[4685325.134472329,2610523.771668036],[4685017.093414031,2610722.027264778],[4684755.007104034,2610472.972807643],[4684599.234728081,2609839.9143434116],[4684131.682333825,2609009.90525716],[4684061.469174971,2609278.6410833863],[4683839.493639035,2609451.5323889432],[4683575.418387297,2609854.149403289],[4683019.632859137,2610010.793685851],[4682939.7653972395,2609446.1907390365],[4682749.057494833,2609181.1693876684],[4682839.709741397,2609077.6269108225],[4682857.767452955,2608823.909392844],[4682724.393194382,2607866.807500002],[4682182.298796371,2607783.590469339],[4682140.903518253,2607528.26409778],[4681873.412656018,2607102.6279238323],[4682167.147419999,2606803.816192012],[4682178.391945443,2606535.6440248564],[4682290.504935782,2606332.1022423757],[4682086.034766403,2605915.5029013813],[4681941.833374076,2605995.793276208],[4681688.221329585,2605905.6210875195],[4681310.404812393,2605947.681995609],[4680815.869523935,2606304.096052126],[4680499.97522458,2605706.824187284],[4680279.882312398,2605596.696297412],[4680584.335358426,2605167.7110177437],[4680366.474875475,2604755.5311465273],[4680286.326003655,2604354.1671749544],[4679994.0857060095,2604378.851582002],[4679663.61459907,2604234.6060546264],[4679424.67292004,2603800.9349705162],[4679234.11848627,2603633.270434433],[4678834.939353116,2603543.3838697528],[4678604.349080125,2603615.2297443994],[4677972.690977566,2603335.0701307124],[4677732.975356097,2603340.336171155],[4677035.41304361,2602903.9423185396],[4676328.575012318,2602772.210521261],[4675623.401461272,2602849.827388739],[4675194.894578829,2602744.845133224],[4674998.296561407,2602494.647594852],[4674329.030151427,2602439.633141165],[4674374.613094551,2602141.00807867],[4674309.264774669,2602037.5146626444],[4674048.341018032,2601808.6948481323],[4673642.7850903105,2601609.989863025],[4673673.676259511,2601412.8369089193],[4673525.877594719,2600970.425532479],[4673511.945486133,2600410.7513950486],[4673420.942810453,2600304.079015166],[4673491.7743881205,2600055.28504248],[4673914.893992341,2599917.360615854],[4673917.111959947,2599581.1176312137],[4674003.140844818,2599389.462975504],[4673946.925737534,2598947.2663067165],[4673821.870527968,2598778.4880645894],[4673872.395700492,2598075.460127519],[4673954.988524938,2597868.8661994194],[4673826.186125838,2597516.4676106526],[4673867.793072136,2597451.431015711],[4673726.5762233045,2597013.159088927],[4673346.400178049,2596511.2798450007],[4673350.0157211125,2596404.409931549],[4673593.870816156,2596250.380366211],[4673354.023451571,2595726.3225114583],[4672961.994590484,2595528.517063611],[4672661.59515152,2595545.137835394],[4672444.970859929,2595446.824000179],[4672387.372444799,2595157.0533830696],[4672307.499202679,2595135.988272817],[4671721.583769561,2595565.757677835],[4671749.961082076,2595689.8704294586],[4671633.584354181,2595800.857687275],[4671661.4377650665,2596526.1769580934],[4671474.563781422,2596807.800313239],[4671379.389369553,2597222.2595546967],[4671118.420474857,2597706.5003533186],[4670858.315026097,2597915.549232015],[4670886.622695729,2598013.655607866],[4670413.271700299,2598504.290889382],[4670268.25546456,2598798.0841452796],[4670187.146685995,2599377.020553964],[4669883.798916893,2599654.157750856],[4669567.238892248,2599675.0372336926],[4668743.943980732,2600649.6781228604],[4668694.213950641,2601029.3675045874],[4668301.801252497,2600885.4497585758],[4667805.663210882,2600829.4850979345],[4667469.51665206,2600616.2134761745],[4667295.956035863,2600462.178316077],[4667269.231298966,2600167.9624850885],[4667078.996979187,2600133.372030347],[4666888.797815791,2599985.095025204],[4666517.83882649,2599301.9328098586],[4665904.986873002,2599544.099203964],[4665695.194844393,2599354.859022464],[4665484.902940321,2599302.858596881],[4665414.887848264,2599765.270265734],[4665261.21929323,2599992.1548192264],[4665031.943121357,2599962.5377338286],[4664503.969034664,2600187.216512203],[4663826.845585334,2600045.7052229624],[4663329.422334077,2600171.686195612],[4662971.330212086,2600052.910600582],[4662644.725094822,2600196.62372113],[4662538.417020722,2600466.692378185],[4662576.074562642,2600749.646571968],[4662218.838006959,2601033.6700704535],[4662016.9477538355,2601064.2365511027],[4661602.3353372775,2601584.7015660275],[4661734.0655139405,2601956.6754479343],[4662230.003372082,2602142.7903276403],[4662190.709861173,2602376.8485184414],[4661912.291128559,2602346.1150833894],[4661489.0297012,2602796.0841548117],[4661035.767745679,2602581.774532113],[4660176.113722499,2602540.937773992],[4660083.673230268,2602639.3375553377],[4659966.263617159,2602631.6744406726],[4659909.387243978,2602514.9172739666],[4658961.220997454,2602301.4153206013],[4657896.318228964,2601701.6697074287],[4656836.573646713,2601718.257827473],[4656788.029975664,2601592.723275136],[4656574.010700263,2601524.0395815596],[4655928.743276829,2601542.7403085297],[4655596.394470316,2601363.0637729913],[4654986.5060588,2601334.1651521567],[4654764.01897233,2601083.5078550046],[4654527.294681313,2601045.764862241],[4654107.724474953,2600676.1983524705],[4653650.922805788,2600549.1300164],[4652917.11850793,2600565.391769675],[4652493.447680839,2600414.201397546],[4652269.392839454,2600426.612273368],[4651848.999622725,2600932.942467259],[4651818.031160454,2601157.0427792007],[4651722.081490793,2601246.548197157],[4651148.707571202,2601338.445739339],[4650274.559722459,2601743.344068734],[4650136.9891625745,2601646.8869754784],[4649917.245636999,2601663.791426733],[4649411.330060017,2601494.4810864013],[4648870.332138217,2601080.4897745945],[4648650.107185848,2601178.8786321073],[4648247.641044547,2601127.9335623225],[4648117.450549759,2600920.739052426],[4647664.478052275,2600588.306591242],[4646916.057168542,2600389.099947889],[4646809.742339378,2600289.266075358],[4646588.575590736,2600411.790559304],[4646314.043592001,2600443.3729047677],[4646004.329636436,2600650.63908808],[4645725.156388445,2601155.4098483426],[4645370.904162833,2601432.6544610374],[4645213.000892453,2601346.9301649975],[4645022.542474698,2601388.709066238],[4644867.121616192,2601034.81817491],[4644499.747264471,2600946.934372238],[4643576.406485212,2601088.9151427583],[4643490.013016712,2601210.210336023],[4643294.266963642,2601234.687627187],[4643199.781409131,2601386.808816611],[4643224.927700129,2601192.335197591],[4643083.561110887,2601015.803051812],[4642617.628876477,2600719.181341189],[4642428.531538642,2600722.625549236],[4642137.26709597,2600217.921510919],[4641851.078744577,2600203.287919552],[4641609.190400832,2600095.8922984777],[4641137.9101133635,2600119.2064767377],[4640449.718007284,2600314.101876261],[4640278.155825135,2600485.7019797894],[4640148.830010015,2601113.4788706573],[4639914.441350022,2601110.899150427],[4639600.90894599,2601388.0618415377],[4639403.0951414555,2601427.868547824],[4639276.378450443,2601648.528407233],[4639121.653043115,2601662.3327989355],[4638924.438236888,2601840.054168012],[4638842.295343389,2601948.986638349],[4638906.150481252,2602269.026916801],[4638820.306498291,2602770.3353705015],[4638254.873934575,2603460.864046161],[4638334.364708049,2603616.6649991237],[4637911.573910474,2604214.187364456],[4637589.789525431,2604436.996777149],[4637663.7645069985,2604711.903507827],[4637059.062063769,2604857.3666922264],[4636590.187159405,2615780.990324391],[4646596.4165095,2616237.800370192],[4646922.445828412,2608751.1642913455],[4654419.916003492,2609094.143552223],[4654093.684137613,2616580.773409224],[4661583.432388046,2616927.974123497],[4661810.975160787,2611949.2377886097]]]}},{"type":"Feature","properties":{"flugjahr":"2012","gebiet":"K\u00e4rnten"},"geometry":{"type":"Polygon","coordinates":[[[4608414.618362116,2656792.874090965],[4608272.240491641,2656199.425443791],[4608343.096746746,2654369.3036433365],[4611845.643946229,2651061.1297489232],[4614538.30577008,2651183.349315505],[4617873.543646261,2652145.074699562],[4619742.3002932,2655150.65583129],[4622203.1671683295,2655394.457199725],[4622629.471917887,2657298.1611600094],[4626589.9607989695,2658194.447514368],[4627154.186831648,2662554.1320508868],[4631448.56363562,2663145.5045357337],[4633186.211944625,2666767.3628846016],[4641293.082237004,2668607.2125369017],[4642059.902520263,2665740.2630984103],[4649935.449503382,2666251.1377368555],[4652627.450188991,2665947.241789115],[4653343.016755108,2663103.168403201],[4654754.352643447,2661695.281353446],[4660679.888710391,2662553.8247795943],[4661067.3901196,2664330.364634484],[4672575.395393875,2664582.5552418223],[4679451.659303231,2666492.778010174],[4680052.658197503,2652783.2231998206],[4685057.444257864,2653013.880013254],[4685923.774816612,2633048.5888722977],[4665934.298725614,2632135.665740123],[4665498.321244943,2642110.6272885473],[4660500.901747195,2641881.3070529],[4660282.680992388,2646872.880986714],[4655285.234916381,2646643.8184972727],[4655503.3706146,2641652.23802515],[4650505.731656557,2641423.4203219176],[4650941.538258281,2631440.4950837092],[4640945.606425195,2630983.611414515],[4640727.925873266,2635975.034557494],[4630731.782068611,2635519.1692997953],[4630949.2885399815,2630527.7534118905],[4610955.617424797,2629619.121897938],[4611172.670315831,2624627.8310828567],[4606161.669144563,2624402.5731290258],[4605522.761820811,2639375.402784166],[4595525.683679123,2638923.067858435],[4595091.36176233,2648906.106798347],[4577261.067221724,2648104.4099036595],[4577441.678843717,2648725.075875533],[4578099.373324584,2649494.890422344],[4578745.308017953,2649959.1005736594],[4578989.080987055,2650505.9176471108],[4578647.333620285,2650847.6268413905],[4577772.4439675845,2652308.6293411106],[4577301.212804352,2652500.996047713],[4576730.7740712445,2651990.9841629663],[4576469.97770854,2650900.8341376474],[4576143.310184251,2650581.045136593],[4575872.090259867,2650022.6320247496],[4575034.608508379,2649400.5109922965],[4574868.675028022,2652995.590819464],[4569877.812440993,2652768.7450480238],[4569813.468798934,2654072.7527643098],[4571019.585528743,2654810.558684363],[4572935.836689924,2655662.5229466865],[4572990.364839101,2656346.2634547474],[4572743.840252087,2656900.5187972486],[4572465.324039269,2657288.5066213408],[4572908.969664281,2657908.869828843],[4579661.254891677,2658212.964421318],[4579255.930743921,2667609.8556806063],[4579854.2640713,2667518.542912124],[4580021.930705343,2667614.0674476563],[4580275.559956384,2667791.3395684804],[4580776.979968041,2668545.076784159],[4581397.495396514,2668890.5340992995],[4582361.468369729,2668607.4317193823],[4583665.129880361,2668951.752496936],[4583954.451931115,2668788.721643609],[4584717.966532747,2668690.4165528663],[4586013.354689983,2668302.39830483],[4586804.505837489,2668214.852510201],[4587004.014467895,2668149.267241867],[4587036.6574370945,2668006.939700418],[4587164.927613751,2667945.4311360475],[4587717.55260988,2668004.630553517],[4587882.897489096,2667869.7677731547],[4588563.323509054,2667825.1657536356],[4588677.496694401,2667703.312212214],[4589367.292238353,2667415.148129604],[4589632.661069045,2667458.8806669945],[4590626.686994959,2666958.6688032215],[4591040.287461569,2666922.2198108938],[4591402.188305283,2666642.9139843164],[4593197.590844349,2666220.006671335],[4594053.628221365,2666599.986841193],[4594443.759519039,2666571.4737957716],[4595134.14734611,2666760.7860532803],[4595960.316022005,2667186.117802318],[4597414.906128221,2666890.427021677],[4597971.060796922,2665416.3302386235],[4598438.014692227,2665137.2172134058],[4598898.573095684,2665211.0010210965],[4599113.031551511,2665357.4626269974],[4599512.657776725,2665207.9206730546],[4599803.014971075,2665335.76294748],[4599911.123830734,2665186.25844971],[4600760.744869502,2665352.6609781682],[4601639.317284741,2665361.571062652],[4601753.187435925,2665079.986645562],[4601865.696296747,2665032.1457627956],[4601860.537004039,2664846.6326204864],[4601296.13788875,2664318.1694993204],[4601603.510450235,2663265.2808429757],[4601436.708703339,2662662.57075036],[4601735.276662713,2662502.920107934],[4601681.240731985,2662324.0177482916],[4601828.063130556,2662198.326312169],[4601766.547151706,2662089.667187358],[4601949.616413143,2661639.1763590695],[4602508.145913582,2661289.5086590834],[4602593.074923635,2660962.503578938],[4602872.15118362,2660741.343308115],[4602969.529962639,2660534.009602416],[4603530.073226202,2660399.859829049],[4604190.4351964425,2660112.1624409165],[4604689.910813096,2660070.0958464704],[4604866.761253135,2659931.06507429],[4605056.125194548,2659910.237821987],[4605459.183001747,2660019.673234842],[4606022.940623106,2660383.2848409107],[4606026.442771603,2660477.188751936],[4606113.804624829,2660384.510675817],[4606537.459454511,2660287.115941081],[4606936.3877648115,2659974.8822290413],[4606960.651175709,2659317.2191845537],[4607107.217583483,2659197.405386625],[4607312.677987954,2659212.602846283],[4607670.966120828,2659099.448889824],[4607973.304505676,2658783.777595196],[4608242.84889563,2657869.6181056853],[4608158.194807988,2657082.37783716],[4608414.618362116,2656792.874090965]]]}},{"type":"Feature","properties":{"flugjahr":"2011","gebiet":"K\u00e4rnten"},"geometry":{"type":"Polygon","coordinates":[[[4606161.669144563,2624402.5731290258],[4611172.670315831,2624627.8310828567],[4611606.381008604,2614645.101344009],[4636590.187159405,2615780.990324391],[4637059.062063769,2604857.3666922264],[4636426.776144637,2605012.6339752837],[4636140.864763413,2604886.900814267],[4635935.571863267,2605000.5137775405],[4635948.993088426,2605208.2181675043],[4635551.618410128,2605520.9974747114],[4635308.652813218,2605592.965873223],[4635059.883471854,2605540.126880801],[4634880.124776645,2605673.5192215308],[4634707.363025526,2605608.870365708],[4633684.282197646,2605671.242530374],[4633274.638926673,2605907.884570594],[4632741.123536857,2605926.5390950525],[4632135.198197171,2606252.232765996],[4631703.909853596,2606143.6361376],[4631354.421155104,2606191.052659852],[4631010.475086561,2606024.995913161],[4630720.817362536,2605751.183344634],[4630660.219430535,2605467.096581611],[4630415.171692046,2605446.699166063],[4630279.801250148,2605347.981000419],[4630169.374757369,2605053.785466848],[4629914.017007161,2604846.489065004],[4629329.118283176,2604870.8561723903],[4628808.188300591,2604755.5542026563],[4628117.302133593,2605341.5302999197],[4627695.57610038,2605361.479809504],[4627466.194712189,2605458.6226569386],[4627380.545613183,2605961.8817432853],[4627157.3759754915,2605999.067711002],[4626343.28191942,2606503.550835665],[4626169.953651981,2606361.9552535852],[4625892.191819111,2606317.928105568],[4625216.8255415885,2606715.7307007825],[4625102.374263028,2606954.408473738],[4624524.907027888,2607299.2077803933],[4624517.609582223,2607417.3563918667],[4624211.700253317,2607477.7325607417],[4623760.458348997,2607835.066066474],[4623386.633803717,2607822.9858719003],[4623340.558019887,2607895.7447192348],[4622845.306044077,2608037.595583195],[4622602.335287287,2608031.3451273353],[4622200.866819128,2608548.995587949],[4621335.759390232,2608780.1481304336],[4621091.895490399,2608711.670077492],[4620936.6152532045,2608558.341000853],[4620517.933306105,2608478.8732849667],[4620088.274832286,2608514.1688161655],[4619826.193677547,2608709.142484248],[4619453.357179138,2608663.4168755133],[4619020.442858207,2608841.4540124475],[4618796.367406718,2608424.3705662615],[4618668.53961677,2608458.8440287574],[4618491.748833599,2608362.2628742685],[4618231.695365984,2608403.5364828687],[4617900.947658057,2608253.61997971],[4617559.251339147,2607908.9952577963],[4617423.82061739,2607933.07358665],[4617277.487438674,2607803.371703958],[4617022.481626962,2607746.381339346],[4616770.20866411,2607802.4645559993],[4616446.426645023,2607759.667721888],[4615988.9032727955,2607925.1097463104],[4615678.891620397,2607917.456061865],[4615485.353126073,2608012.4832914057],[4615389.963048231,2608168.962800622],[4615155.627447251,2608184.067003835],[4614959.854891736,2607980.5644152737],[4615013.266088697,2607797.4364000885],[4614861.181153496,2607604.2775131986],[4614480.570431216,2607485.038021788],[4614399.167982314,2607237.9065827588],[4614131.093586485,2607179.131738924],[4613992.245451775,2606893.3201972647],[4613759.338457924,2606725.7137265624],[4613171.362805512,2606785.0077076703],[4612691.527780404,2606700.7442125943],[4612425.053900457,2606559.124130512],[4612199.031462682,2606836.6141812177],[4612028.668627785,2606806.6586435735],[4611650.55401345,2607117.70298504],[4611268.631059092,2607255.458733615],[4611079.279087618,2607832.8514728476],[4610947.909411036,2607849.651993064],[4610802.603742689,2607664.76886566],[4610563.940046584,2607692.290559549],[4610295.843028779,2607593.8194222413],[4610196.361285939,2607466.7827008283],[4609238.567125358,2607811.654235711],[4608754.8508025315,2607696.0297917305],[4607962.105438054,2607639.9852365865],[4607078.229423021,2608143.489930121],[4607042.232257677,2608268.460180024],[4606886.180684274,2608253.388639047],[4606161.669144563,2624402.5731290258]]]}},{"type":"Feature","properties":{"flugjahr":"2016","gebiet":"Nieder\u00f6sterreich"},"geometry":{"type":"Polygon","coordinates":[[[4707399.627292191,2850368.8642179756],[4668509.484663224,2847042.036708154],[4667937.710913334,2848495.485440566],[4668014.243044513,2849625.769176407],[4668639.089913486,2851699.1734128315],[4668714.8760769805,2852617.5906305835],[4668917.621479917,2853263.0375795886],[4669279.917155087,2853997.650015074],[4670544.280824154,2854878.5240655476],[4670850.718947394,2855440.1841477472],[4671828.200038897,2856132.877548113],[4672811.713579346,2857146.1680711876],[4673578.331431112,2859573.7586477706],[4673986.566597132,2860459.8885145932],[4674180.098602846,2861763.709984047],[4674061.732166267,2862426.092874882],[4674203.7550222315,2863359.515395095],[4675035.264382843,2863659.3081456646],[4675517.9238244,2864072.416063196],[4676760.833590276,2864164.1362108584],[4677092.068512603,2863920.529762318],[4677738.866708522,2863630.228064539],[4678559.924260148,2863859.144623546],[4679192.953282088,2863874.8900951543],[4679594.760050988,2863807.3396157105],[4679966.745794308,2863488.2674170756],[4679966.35432845,2863042.6178480894],[4680074.960799564,2862917.4145237603],[4680751.308315343,2863030.5899580615],[4683315.830145206,2863026.112223233],[4683658.329700625,2862380.9491864955],[4684059.71398244,2862092.9099879246],[4685158.956666889,2862348.431359973],[4685723.930982772,2862967.605074016],[4686474.887836753,2863390.970503459],[4686491.617861212,2864230.018775364],[4686226.539312928,2864517.567385362],[4685680.147122843,2864696.629797775],[4684997.691701514,2864719.438110422],[4684231.554166688,2864936.002635589],[4683840.500765966,2865460.52322347],[4684886.015440605,2866745.167643705],[4684815.865530251,2867546.0953840995],[4684883.242236299,2868319.3376845205],[4685297.014919167,2868890.595013055],[4685375.004997658,2870788.8272751924],[4685626.819299187,2871400.26441664],[4685723.767838384,2871970.4268054646],[4685551.898038652,2872759.8045494086],[4685452.812484137,2874881.5076015103],[4686084.809566991,2876580.5919496557],[4686410.316855378,2876766.1082458803],[4686274.520327786,2879322.256606514],[4686071.903180384,2879735.3643073766],[4685489.223693876,2880417.024705738],[4684979.942682016,2882642.288003722],[4684713.038388302,2885233.1902146856],[4684799.195366435,2886116.325906121],[4685285.939321036,2887256.620967948],[4685285.056097094,2887426.9531008014],[4685624.781143632,2887749.432852771],[4685763.175786371,2888757.667379316],[4685556.963585813,2889702.1584223863],[4685718.999330387,2890111.7787236185],[4685974.049294873,2890498.4690248854],[4687550.959584353,2891335.148835935],[4688030.914636234,2891418.831931065],[4688449.922835689,2891193.006939376],[4688788.235447212,2890793.0510576167],[4689283.878411871,2890529.90723893],[4690804.435219338,2890955.120498363],[4691326.351836287,2890713.6543421163],[4691311.139090983,2890363.8659956055],[4691503.779529515,2890054.8085445235],[4691550.419006069,2889760.150040808],[4691423.163625819,2889427.0995469815],[4691521.176406231,2889184.9373694044],[4691813.078968475,2889113.729668488],[4694028.3901912,2888996.8801756212],[4694495.922114049,2889304.910481664],[4695488.766110451,2889346.6625136593],[4696325.670647929,2889521.9965245356],[4696797.861947658,2889425.8930549077],[4698179.886185092,2888897.451361323],[4699251.715406335,2886165.7313020458],[4699402.6920037195,2885389.025557123],[4699060.631730484,2884064.541124066],[4699406.09287227,2883808.0490506315],[4700839.938507446,2883865.618432766],[4701539.122875643,2884675.699535471],[4702049.912125778,2884931.264251724],[4702203.663998944,2885247.4020309416],[4703112.326269416,2885744.182942361],[4703778.594060138,2885681.7156685605],[4704443.994436845,2885474.1675815824],[4707399.627292191,2850368.8642179756]]]}},{"type":"Feature","properties":{"flugjahr":"2012","gebiet":"Ober\u00f6sterreich"},"geometry":{"type":"Polygon","coordinates":[[[4536905.928549178,2768801.1308819],[4527738.610790853,2781271.5673765936],[4533747.17156512,2786206.621684443],[4551491.643102795,2787005.2343966807],[4552238.804684081,2769727.0009019934],[4551958.067031509,2769529.9439247544],[4551876.648239597,2769727.9517799183],[4551619.409127105,2769889.6930626864],[4551735.472820122,2770051.829792588],[4551600.726243665,2770373.7613497823],[4551437.263384202,2770242.490479969],[4551228.480164614,2770559.7120397226],[4551146.489131262,2770499.928541524],[4551277.516122475,2770349.9792415705],[4551177.073988357,2770240.9436779246],[4550974.086302793,2770254.936815288],[4550750.919310498,2770500.352771158],[4550496.1095857555,2770409.3609497654],[4550370.436921117,2770687.7646938204],[4550603.565058325,2770945.949536651],[4550541.186382813,2771107.3983004536],[4550666.56047919,2771169.2020208584],[4550298.160612719,2771677.482659294],[4550144.198920349,2771542.702136678],[4549582.164756023,2771654.4258610196],[4549569.835695043,2771512.7384857317],[4549304.33196445,2771348.389500566],[4549169.544844657,2771355.3051217766],[4549200.560398632,2771612.8565006508],[4549430.881151509,2771901.774857438],[4549376.450469122,2771988.778880481],[4549553.3745502895,2772004.7409466077],[4549531.86763783,2772123.391443772],[4549134.53756637,2772378.626936374],[4549151.197735179,2772496.191693407],[4548968.8790197885,2772726.674811765],[4548995.076452429,2772936.553079921],[4549178.542874823,2773167.7888238416],[4548779.921859149,2773194.7195005347],[4548480.103521924,2772928.9511856763],[4548323.579923026,2772883.4591339417],[4548091.394299061,2772975.190776656],[4548168.058815575,2773424.5232517584],[4548260.795332531,2773415.6570830955],[4548391.343670419,2773708.576178488],[4548230.831152212,2774068.7858586484],[4548255.24362837,2774290.4447129546],[4547876.960540295,2774429.0742559265],[4547616.8002435975,2774080.1705073775],[4547511.569629672,2774138.2309241476],[4547342.15931889,2773798.6339044007],[4547080.499279002,2773637.897156887],[4546946.532942144,2773404.2383679305],[4546481.825439185,2773444.7442861227],[4546351.818658265,2773389.93520202],[4546138.455814404,2773793.4982735123],[4545873.296535054,2773859.1213520253],[4545483.40614074,2773666.380726874],[4545520.935571606,2773429.660306349],[4545142.653511144,2773034.9845958655],[4544453.346882634,2772922.201786407],[4544290.154732779,2772806.9992756424],[4543872.775915602,2772800.184209527],[4543138.450956944,2772249.684075583],[4542705.546720742,2772261.3067260324],[4541911.928196826,2773219.8657528823],[4541521.486773818,2773261.9183527236],[4541253.259043624,2773490.6275436836],[4541081.374422605,2773346.976235024],[4540962.931934762,2773642.8169534476],[4540353.618855309,2773604.345676598],[4540101.0887108045,2773486.563717222],[4539830.163632338,2773302.682529379],[4538952.385468081,2772076.7118238593],[4538743.257185834,2771980.2765394514],[4538289.073729914,2771991.2088373443],[4538145.592694743,2771882.2657639217],[4538048.098550358,2771284.1899880427],[4537781.775177475,2771024.266191433],[4537745.601888098,2770487.2330075214],[4537592.021804727,2770131.4552394236],[4537257.770871673,2769969.1418047105],[4537268.784070128,2769820.2947740015],[4537199.08804488,2769761.2294424972],[4537263.463777165,2769719.3738552537],[4537242.258645155,2769468.538760775],[4537028.544580641,2769201.8119472056],[4537023.954493545,2768814.3031447027],[4536905.928549178,2768801.1308819]]]}},{"type":"Feature","properties":{"flugjahr":"2014","gebiet":"Ober\u00f6sterreich"},"geometry":{"type":"Polygon","coordinates":[[[4526227.716747016,2783327.903760572],[4536905.928549178,2768801.1308819],[4536911.66269292,2768385.136017872],[4536744.434597614,2768375.863008851],[4536384.551621801,2768579.570511644],[4536246.711741622,2768573.0472031897],[4536237.042348835,2768646.6860156893],[4536127.725144355,2768659.1082847025],[4536157.653091035,2768812.207944433],[4535749.902197146,2768961.218972046],[4534318.501439248,2768866.714212483],[4530814.015905927,2770949.4914644985],[4525394.15280005,2777259.8580274745],[4525177.079728049,2781423.5035552387],[4526227.716747016,2783327.903760572]]]}},{"type":"Feature","properties":{"flugjahr":"2014","gebiet":"Ober\u00f6sterreich"},"geometry":{"type":"Polygon","coordinates":[[[4610412.163850378,2757151.7859754926],[4609281.462454889,2782117.081524176],[4614277.629637748,2782344.4924214757],[4613836.610850953,2792331.6899588406],[4613505.579819562,2799822.239453383],[4608509.63255484,2799594.7836170993],[4607515.4368228065,2822067.1238077893],[4620004.486620516,2822636.2255577273],[4620446.900721498,2812648.325944731],[4632935.723686445,2813218.4512308617],[4633046.338711878,2810721.503194663],[4643037.041356462,2811178.3788858885],[4643147.69143106,2808681.4443477374],[4645645.32035134,2808795.772254714],[4645755.96110994,2806298.852171934],[4658243.786050488,2806871.1520000338],[4658354.484504752,2804374.2538517467],[4692006.296093703,2805922.1211538455],[4690124.319335749,2801618.2502710284],[4687900.882726325,2801753.061793803],[4685649.772965137,2802205.3092137366],[4683460.66563586,2800572.1188780023],[4682420.397027585,2798646.0745110502],[4681122.447437,2797942.184033363],[4674111.674655444,2795232.929258221],[4671305.641201876,2795042.884506431],[4670641.010964157,2792957.9305872163],[4667477.934834026,2793056.6633074996],[4666350.266683619,2794743.985168966],[4665179.4034213945,2794995.319476256],[4663742.143208988,2797126.122668157],[4661827.864076872,2797968.8378258585],[4661151.481590182,2799503.905924384],[4660683.594011862,2799685.978830552],[4656541.339915299,2799495.9496797645],[4656013.719720312,2799349.7081215438],[4655765.226430185,2798758.597405135],[4655656.646035512,2791217.3873450505],[4656411.861169354,2787773.8050672687],[4656144.574507088,2784847.8052715017],[4654215.404692499,2784190.7154768948],[4654397.965872065,2779138.6197454706],[4655567.397102306,2778231.174614231],[4657013.699913487,2776756.755637557],[4658654.8290026765,2775535.372075479],[4659683.3922823435,2774362.179965409],[4663018.540340914,2773828.7835383913],[4664773.237537837,2772109.2986363205],[4667776.907972521,2771133.6805695216],[4669908.696083986,2769858.733442555],[4674341.575595745,2769345.5938656116],[4674985.863124236,2767610.4639996244],[4637531.191333663,2765893.026862686],[4637861.674195978,2758403.6791395363],[4610412.163850378,2757151.7859754926]],[[4646308.802745404,2793814.4631538186],[4645866.577742061,2803801.9460822116],[4640871.234732112,2803573.3319391934],[4640760.64825999,2806070.239072376],[4620778.447846525,2805157.54390444],[4621330.524119556,2792673.1865695314],[4646308.802745404,2793814.4631538186]]]}},{"type":"Feature","properties":{"flugjahr":"2019","gebiet":"Ober\u00f6sterreich"},"geometry":{"type":"Polygon","coordinates":[[[4610412.163850378,2757151.7859754926],[4637862.213671669,2758403.7038301956],[4638192.8438341,2750913.880821976],[4635692.799323554,2750799.7095933096],[4636388.257338894,2735019.4286294407],[4636138.007518399,2734709.3781752177],[4636003.448853211,2734588.3801529],[4635597.906580572,2734530.3948573153],[4635287.351803024,2733943.976808869],[4634939.332575804,2733790.8022387275],[4634804.739805633,2733753.8891180456],[4634265.52597069,2733972.060423865],[4633902.611195987,2733821.4768339833],[4633630.1761761615,2733567.964048607],[4633415.279205309,2733516.0217733514],[4633114.626904935,2733602.5320104733],[4632978.015248196,2733503.2952885507],[4632544.869834993,2733554.086725199],[4632111.141441246,2733216.274830667],[4631851.924290288,2733146.2556576417],[4631618.64937017,2732701.7864156174],[4630879.749585715,2732407.810940995],[4629974.219999654,2732323.8745259168],[4629358.210750794,2731984.526049268],[4629319.676087235,2731841.3741379185],[4628867.3776170155,2731804.600012912],[4628709.3300371645,2731392.9587948006],[4627734.128850692,2731315.175042593],[4627040.774009783,2730982.3956558793],[4626595.216957423,2730871.799344942],[4626235.408076818,2731086.829470456],[4625543.702974796,2730953.429344278],[4625518.464162401,2731332.1379598477],[4625617.796850913,2731411.6291774744],[4625767.884324828,2731846.163514545],[4625632.3160652965,2731970.6039287644],[4625153.939090835,2731965.8287164206],[4625593.009315232,2736602.627759543],[4624973.780035529,2737298.1291804574],[4624138.6467479905,2737783.4769038106],[4622788.4354088465,2739001.070212143],[4622036.729014231,2740082.000588394],[4621358.15672089,2740285.266421481],[4620929.036620365,2740117.8793780976],[4620896.006242579,2739901.7561172973],[4620234.1244723955,2739733.174466916],[4620016.350216306,2739568.7158848923],[4619323.081390392,2739908.6666952088],[4619280.822825979,2739864.0969260894],[4618909.30215551,2740217.778305716],[4617570.212107321,2740816.5897068335],[4617143.25793713,2740732.844799619],[4616336.269079475,2740751.1247480493],[4615218.128102659,2740185.0904035824],[4614201.477177281,2740797.981687947],[4613894.227741478,2741333.747788181],[4613903.797115108,2741511.779253498],[4613343.671466729,2741463.1008374486],[4612638.487420238,2741923.087226691],[4612307.67631169,2741971.792635641],[4612010.958248522,2741841.4572479073],[4611947.856479442,2742269.7032819106],[4611831.264434953,2742347.504740964],[4611677.267520002,2742283.5724910707],[4611646.379026371,2742095.044964009],[4611237.809813388,2742017.812013902],[4611041.614191264,2742140.320120226],[4610412.163850378,2757151.7859754926]]]}},{"type":"Feature","properties":{"flugjahr":"2020","gebiet":"Nieder\u00f6sterreich"},"geometry":{"type":"Polygon","coordinates":[[[4737288.1063772,2852931.7516190363],[4707399.627292191,2850368.8642179756],[4704443.994436845,2885474.1675815824],[4704940.928733224,2885508.783124266],[4706036.565248633,2884986.374257934],[4706088.743064973,2885360.861043809],[4706266.334199577,2885597.3113263636],[4706274.202373235,2886099.7895897925],[4706380.528455775,2886457.086595726],[4706699.203334718,2886483.8938956517],[4707036.671466125,2887091.1356532373],[4707302.030822007,2887874.4170923317],[4706868.526475376,2888567.3086083927],[4706840.125406596,2888997.464691784],[4706932.060545659,2889592.3145319205],[4707904.382194548,2889397.2129577748],[4708170.758709883,2889038.6169230407],[4708088.193036331,2888774.119217893],[4708091.054293785,2888485.7521433854],[4708161.545594448,2888394.5829588757],[4708402.093648461,2888267.9622118413],[4708481.957685721,2888138.934697661],[4709106.378969411,2887933.2462064372],[4709569.175035649,2888217.797146693],[4710294.186574804,2887794.981438528],[4710560.474738109,2888038.9206388034],[4710996.984988993,2888769.1099520754],[4712543.30671045,2888832.9536408307],[4713002.3016721625,2888673.1621014513],[4713632.983623599,2888601.40692261],[4715284.339141639,2887700.0062816245],[4715526.205960236,2887150.4856641674],[4715786.428785112,2886927.7786673796],[4716385.864603332,2886773.5031217686],[4717023.153601899,2886155.07337226],[4717958.440341037,2885639.8866221835],[4718561.71514592,2885557.5125637357],[4719749.543227375,2885586.2357329484],[4719991.246387532,2885518.952922892],[4720258.274594641,2885150.0661589922],[4720379.983088555,2885097.5407481003],[4721059.342245805,2885775.7248119116],[4721225.411937006,2885835.9153968617],[4721816.773586492,2885246.405864489],[4723403.35383938,2884574.2417377857],[4723801.388575952,2884311.463168426],[4724000.086112325,2883315.951565086],[4724174.854130449,2883120.342349634],[4724238.318641365,2882619.6287187957],[4724807.67617101,2881970.6872881344],[4728250.659898505,2881120.6250430397],[4729670.379144025,2880283.2209298303],[4729906.80783634,2880268.1149800783],[4732173.46579793,2880680.8039521244],[4732504.343083444,2880604.629314199],[4733208.25784864,2879956.380328524],[4733480.315352892,2879589.196454877],[4733886.337421878,2879444.4922438795],[4734002.7755211005,2879620.2911363714],[4734212.1749132695,2879623.577833521],[4735069.224388877,2879277.362814949],[4737288.1063772,2852931.7516190363]]]}},{"type":"Feature","properties":{"flugjahr":"2007","gebiet":"K\u00e4rnten"},"geometry":{"type":"Polygon","coordinates":[[[4695917.534139661,2633511.3336952194],[4685923.774816612,2633048.5888722977],[4685057.444257864,2653013.880013254],[4686129.468913077,2653065.425061845],[4688305.209846674,2651016.682778134],[4689471.3631136,2649311.4870428927],[4690609.346152071,2649278.6429801728],[4691312.35523611,2650137.8821230233],[4691347.018411684,2650343.005074584],[4690127.373416205,2653247.7967067654],[4695042.56107239,2653474.821350519],[4695917.534139661,2633511.3336952194]]]}},{"type":"Feature","properties":{"flugjahr":"2010","gebiet":"Steiermark"},"geometry":{"type":"Polygon","coordinates":[[[4611316.887607825,2690876.2821969697],[4611296.861717345,2691183.3387681576],[4611352.590752609,2691238.1618159004],[4624999.369258618,2692142.243925632],[4625606.844119113,2683230.728232274],[4625622.853065605,2683178.2900450104],[4626060.815099201,2683198.491550871],[4626119.537354379,2683005.0422049966],[4626250.837096853,2682967.8572567003],[4626277.184325033,2682510.165037696],[4626118.034718546,2682485.5668768343],[4626117.452479976,2682423.862257102],[4626151.889822077,2682297.137792292],[4626280.254414865,2682297.239821663],[4626325.7038661465,2681812.641067944],[4626113.320510445,2681772.592328712],[4626169.116523615,2681581.727874729],[4626332.260131676,2681580.5631802077],[4626362.405655917,2681223.9747908525],[4625743.908054073,2681127.682739974],[4625867.42177929,2679183.713226544],[4621977.4598275395,2678919.94172256],[4621419.932552184,2679817.2744161207],[4620493.435919467,2680468.941985403],[4620132.652704091,2680577.4211275056],[4620019.589217943,2680528.511405669],[4619488.571093064,2680832.0074683283],[4619099.978033835,2680816.109140724],[4618495.873953808,2681039.053650519],[4618220.56136613,2681019.53476826],[4618062.43453331,2680848.7859032187],[4618075.905300562,2681289.0416178717],[4617967.182456053,2681440.414514223],[4617903.446032865,2681872.8411241816],[4617682.930983461,2682029.0452389005],[4617365.148587389,2682513.46279858],[4617231.80526437,2682307.2168894825],[4616838.915653126,2682354.345880486],[4616666.777919793,2682274.489614799],[4616604.297051126,2682149.180216087],[4616279.957639742,2682422.6258818284],[4616419.852731313,2682544.1934421975],[4616468.898505945,2683007.0048207804],[4616757.403375983,2683075.6004147343],[4616893.637320183,2683372.6254955856],[4616878.060936483,2683501.3345461613],[4615255.330501021,2684478.257973578],[4614736.144281305,2685026.9355739434],[4614572.613770126,2685340.8175693885],[4613970.043064378,2685650.6252896027],[4613829.870291138,2686139.039212763],[4613544.407104917,2686457.0764369946],[4613200.84672439,2686752.5253889984],[4612939.234020774,2686766.7847395595],[4612763.284133032,2686955.6206133114],[4612663.640129041,2687193.6608545654],[4612802.802679385,2687453.4110805723],[4613269.3129755035,2687625.431191337],[4613386.96872723,2687877.950498253],[4613771.372823151,2688144.419816747],[4613969.042512207,2688463.9853518186],[4613929.503779699,2688949.6578968423],[4613605.866315639,2689714.342038187],[4613450.657673439,2689925.107360687],[4612625.575682261,2690197.3395261],[4612071.821706304,2690634.0060330825],[4611746.333610198,2690677.6066842405],[4611595.272058639,2690824.350643257],[4611316.887607825,2690876.2821969697]]]}},{"type":"Feature","properties":{"flugjahr":"2019","gebiet":"Burgenland"},"geometry":{"type":"Polygon","coordinates":[[[4802869.3248514645,2778936.453205491],[4803699.631689326,2779609.014792645],[4803992.921078203,2779338.897700182],[4804445.862957054,2779507.9877771405],[4804686.471978033,2779430.1000900595],[4805023.163091361,2779681.931292318],[4805096.120992326,2779994.3740991387],[4805368.136481305,2780103.597435645],[4805571.7242893055,2779964.502350069],[4805960.286368021,2779942.0767907375],[4806143.503115616,2780007.040765142],[4806155.554698756,2779876.1676124027],[4806375.912150047,2779840.926425864],[4806404.887342803,2779930.963602288],[4806465.533734227,2779730.7833082387],[4806582.042960999,2779713.712845536],[4806480.605099826,2779836.118722613],[4806599.863972762,2779928.642393304],[4806808.621059637,2779980.8656714493],[4806912.127546792,2779896.752139882],[4806995.321682214,2779965.5438586855],[4806889.3477746425,2780029.591881598],[4807045.3694683025,2780038.1367754214],[4806968.544405882,2780099.8465324803],[4807151.866239307,2780102.815928561],[4807097.645840615,2780335.7261767406],[4807347.657366753,2780256.5111477864],[4807532.567557325,2780361.1362202875],[4807736.962044066,2780072.0530167213],[4807974.1076508,2779409.7114200946],[4808607.321352031,2778833.1257802104],[4808802.673431449,2778474.2093778816],[4809325.068694005,2778055.5752764903],[4809667.6221489785,2777565.15167531],[4809836.467716577,2777458.147080623],[4809869.264816725,2777325.2250924394],[4810263.4667711165,2777028.900724759],[4810380.128525685,2777055.298919884],[4810394.511474923,2776846.731960968],[4810723.789744678,2776046.3660095977],[4811095.845745785,2775798.788936243],[4811437.998741365,2775788.312786981],[4811586.035413093,2775663.083807089],[4812033.804193889,2775177.755885524],[4812131.978968294,2774960.7185016526],[4812093.777074591,2774622.549247388],[4812200.542132812,2774383.6453493047],[4812408.090874558,2774470.9835096593],[4812696.325222308,2774745.5036528697],[4812846.437716255,2775033.8878264176],[4813264.794309066,2776180.6523042265],[4814030.906931813,2776697.680612549],[4814660.165967008,2777796.860111366],[4815594.325602123,2779164.2365659536],[4816124.056771478,2779550.4991296553],[4816139.227203733,2779765.6628576745],[4815896.216839085,2780641.339656937],[4816045.673985028,2781355.616496552],[4816523.908787876,2781430.1312435647],[4816878.409713652,2781668.0117740026],[4817418.09249603,2781875.3516698815],[4817307.463709949,2782592.82311707],[4817413.399621172,2782838.7905785255],[4817822.792431989,2783245.863927891],[4818267.909962221,2782806.139958104],[4818530.467174365,2783094.554506149],[4818846.865906149,2783252.0097704846],[4819493.164250132,2783247.468506267],[4819916.272065014,2783478.5776277743],[4820011.192835624,2783737.914814653],[4820430.9335550405,2783828.949477031],[4820729.996087986,2784073.1347534303],[4820701.506150446,2784575.644147357],[4820916.82954583,2784789.0881933067],[4820634.619078717,2785444.5041679353],[4820347.413797886,2785747.2264901837],[4820276.224734252,2786275.99628109],[4820303.907618703,2786478.896933592],[4820685.336070803,2786473.286640244],[4820483.633937019,2788358.4064222933],[4820461.072130404,2788946.1402930934],[4820552.106943632,2788971.2268507825],[4820555.261970928,2789057.914350371],[4820499.172662822,2789052.0327314986],[4820550.151865305,2789207.392242295],[4820650.469612448,2789181.0878811646],[4820762.390931073,2788929.8586582644],[4820877.8416711185,2789074.5920032817],[4821027.581398927,2789076.279072753],[4820920.825460837,2789110.448467781],[4820992.175364077,2789239.594905122],[4821194.263143947,2789298.418713436],[4821244.9455142915,2789248.370283795],[4821270.177247095,2789317.9345381083],[4821355.784103039,2789202.533908111],[4821346.690894887,2789314.323781338],[4821630.062899146,2789267.877466101],[4822288.26982065,2789085.998957527],[4822318.872343066,2789018.393499621],[4822680.5511016315,2789284.8210638007],[4822979.157637437,2789126.376174796],[4823110.590020853,2789234.3524671523],[4823049.686882523,2789287.254616911],[4823283.810260164,2789299.25282457],[4823166.246676019,2789342.89222892],[4823143.010729608,2789449.3569565197],[4823300.748943377,2789598.706993052],[4823155.924901465,2789557.16371587],[4823111.40854248,2789648.753365634],[4823474.77152829,2789564.3828716325],[4823633.810092023,2789736.3370392313],[4823758.242830703,2789636.465861002],[4823717.626925958,2789796.307525665],[4823875.812803378,2789762.991812926],[4823839.333024029,2789614.171846156],[4823933.576642839,2789603.0726189995],[4823921.7702222355,2789704.5944183976],[4824116.0063051535,2789726.984017846],[4824090.979345468,2789599.0109062344],[4824174.665515929,2789544.764431757],[4824336.203192003,2789627.632491715],[4824343.685397159,2789508.618791708],[4824428.576119921,2789635.598963627],[4824364.453000505,2789671.4581979257],[4824389.636266713,2789780.580097381],[4824541.624707352,2789688.102229612],[4824674.464015282,2789734.287700359],[4824680.903669391,2789810.3236882393],[4824778.105506709,2789746.914267575],[4824866.806766451,2789849.53183097],[4824854.014916309,2789981.6857131007],[4824984.339225384,2789850.688213403],[4825007.02042125,2789976.678044116],[4825143.107753621,2789978.0708009563],[4825119.038291538,2790040.0668252287],[4825335.694324357,2790227.386374185],[4825603.594038423,2790288.1818719446],[4825758.670241204,2790547.820756884],[4825936.020556685,2790528.728347703],[4826297.421310764,2790768.144642208],[4826338.524296987,2790941.0894360133],[4826535.156805773,2790881.1604522057],[4826681.410607611,2790700.9440164156],[4826756.117428469,2790801.459032551],[4827251.799297937,2791006.166045129],[4827490.278282245,2791286.886129558],[4827482.099060529,2791618.4681051373],[4827589.193897847,2791707.016292593],[4827757.326989662,2791531.0087977913],[4827729.960643094,2791677.840486621],[4827807.0741425445,2791721.9051980344],[4827963.760897744,2791696.948552885],[4827955.233848031,2791597.4350179955],[4828199.531814567,2791774.144790057],[4828349.77112775,2791680.757006648],[4828279.834062509,2791852.466107502],[4828581.508403949,2791711.4678281057],[4828782.425400531,2791995.428383055],[4829016.117607503,2791896.2492566537],[4829034.554679281,2791977.565391635],[4829147.963305316,2791896.6355768195],[4829208.57712346,2791970.796032744],[4829201.888714382,2791824.11313027],[4829470.762642612,2791804.865157251],[4829411.078508157,2791930.5419494677],[4829688.464164022,2791835.3830867126],[4829724.603827575,2791971.5497759613],[4829828.090743817,2791933.6442758692],[4830384.616974063,2792379.965705552],[4830219.787024186,2792615.531017552],[4830274.462025828,2792926.41219542],[4830018.6147110555,2793040.713117858],[4829956.947098304,2792927.4518011804],[4829914.70730862,2793084.7424868136],[4829834.045337876,2792957.0341686537],[4829738.774864673,2793031.431045521],[4829654.981435567,2792952.073101706],[4829651.079550513,2793015.8552048374],[4829769.104094716,2793086.2279850445],[4829695.103087478,2793187.7203293303],[4829835.537487823,2793270.636812959],[4829797.451074879,2793389.1957115987],[4829948.451932357,2793380.171808704],[4829981.096096646,2793589.578194335],[4830107.94385081,2793656.5748849357],[4830093.83045644,2793716.0904279537],[4830449.583288318,2793856.3822780456],[4830460.0386513565,2793687.3087729528],[4830615.431815572,2793919.78777398],[4830503.565391469,2794024.338519874],[4830658.631187482,2794113.1219604537],[4830526.908909912,2794190.826708542],[4830699.40194021,2794162.8521948103],[4830780.102732017,2794245.808705228],[4830585.89456965,2794312.2869235678],[4830734.047372616,2794392.7938701888],[4830634.748378935,2794483.037073107],[4830839.347030257,2794841.126986979],[4830691.287202411,2794829.4462622036],[4830688.881227757,2794897.1860863594],[4830872.9092545295,2795110.8105377476],[4831079.365729922,2795192.039711629],[4831209.3187239785,2795062.953706087],[4831348.880072829,2795112.6702799792],[4831441.295172468,2794951.9682889497],[4831531.079074736,2794952.589490477],[4831463.648797146,2795142.568712358],[4831661.109220185,2795168.801484852],[4831715.448863059,2795337.7997474913],[4831690.726222006,2795457.263279569],[4831571.617219892,2795461.2863943414],[4831577.019113234,2795639.785669566],[4831729.934470388,2795708.7037000842],[4831735.0023505455,2795810.361672689],[4831845.915814679,2795794.9841603865],[4831739.479174349,2795929.871577269],[4831874.513744336,2795945.5616885666],[4831844.822422054,2796053.685200559],[4832021.19045531,2795993.3520599897],[4832069.661201416,2796228.560810254],[4832234.026352743,2796252.668112064],[4832399.380803416,2796560.195689186],[4832399.514002237,2796845.9338264293],[4832522.092087352,2796859.964486503],[4832493.039420578,2796700.626607011],[4832552.50071429,2796686.7790336236],[4832668.44787271,2797023.3895957405],[4832860.496588313,2796841.3380391905],[4833054.253429106,2796862.614664863],[4833044.136410511,2796734.2997541176],[4833167.54769872,2796751.6082311147],[4833145.151419087,2796646.6978732543],[4833325.688712616,2796627.8446564246],[4833486.914684189,2796861.3106444287],[4833568.336666512,2796889.423691359],[4833622.09054291,2796814.2372056777],[4833737.184414835,2797048.7614740008],[4833728.626537906,2797258.52634084],[4833835.783272031,2797391.354430672],[4834146.671968423,2797330.873883327],[4834309.973914534,2797209.2954738988],[4834322.406482388,2797403.272378924],[4834419.254821218,2797381.506210557],[4834523.6597623015,2797249.100409569],[4834500.326235055,2797149.471067012],[4834583.718536286,2797107.88472328],[4835059.733193083,2797068.2788060326],[4835963.554838811,2796735.876774561],[4836060.00622425,2796603.1601285012],[4836029.450452167,2796515.53522828],[4836168.113508741,2796446.65438756],[4836177.906041729,2796299.223049535],[4835886.041880036,2795586.8621937823],[4836283.547397365,2794976.822373206],[4836896.193978717,2794991.989301373],[4837089.629456405,2794825.0245356504],[4837354.857140016,2794782.845927065],[4837567.052015809,2794834.0135525353],[4838219.435826819,2794709.29444199],[4838506.970886831,2794782.1648073476],[4839446.6927300235,2794415.385086723],[4839465.801085278,2794324.0138455858],[4839632.436313965,2794247.7281082403],[4840020.763419446,2794228.8743221182],[4840236.148136313,2794101.2766135163],[4840546.1848386945,2793625.656057297],[4840471.0585886,2793516.350342454],[4840362.805508846,2793589.772184107],[4840352.665206694,2793715.816195675],[4840300.858277241,2793689.303647009],[4840137.539535818,2793132.6276053],[4840133.075276951,2792879.2679211935],[4840273.5755447345,2792679.679280586],[4840200.084328017,2792588.5934377424],[4840428.623584501,2792666.3453828674],[4840549.0857553175,2792321.886993029],[4840641.411299848,2792337.7317208345],[4840616.5206525875,2792452.633141514],[4840986.312725184,2792355.8450494646],[4841463.512396452,2793016.269570943],[4841989.295562786,2795671.5910884454],[4842208.085303991,2796202.527478173],[4842798.181659196,2797117.1338771945],[4843257.627086654,2798220.204267017],[4842639.905360319,2798747.990770695],[4840932.019043059,2799686.6607742556],[4840140.709403251,2800267.8535664706],[4839695.366169371,2800240.8670168025],[4839450.3956209365,2800330.2399888453],[4839586.022109611,2800829.617368851],[4839863.420284926,2801416.820267791],[4839904.3499193685,2801459.8198138042],[4840109.303162215,2801231.4170902735],[4840358.6826831745,2801353.077503238],[4840584.442806974,2801668.611416018],[4840543.526741588,2802200.7983810236],[4841182.930231955,2801940.8345982865],[4841467.383703929,2801970.2827766566],[4841748.899074027,2801340.537985572],[4842075.523346666,2800861.3286302174],[4842589.237650742,2801498.694612517],[4843172.404988445,2801734.774784302],[4843517.3357889205,2801351.6604222227],[4843867.467952992,2801181.528306814],[4843832.734738809,2801122.920747168],[4842920.801348524,2800592.8575427206],[4842392.882548682,2800431.191176405],[4841999.529208234,2800178.6954656383],[4844567.066911833,2799502.5500581176],[4844613.805856682,2800112.11066263],[4844746.512175366,2800573.7104590847],[4844788.253549746,2801447.423838503],[4844946.380207098,2801681.9397341614],[4846363.3878985215,2802506.0829947055],[4846196.174776829,2802875.5539698517],[4846489.850179342,2803511.404279656],[4846167.299787205,2803793.979150696],[4846110.2758151665,2803974.94677521],[4846731.509115207,2804114.6217476],[4846789.511693489,2803741.8278479716],[4847964.978657382,2802839.51588367],[4848772.128393374,2801609.94386379],[4848840.964684304,2800658.438959881],[4848770.329488619,2798310.477180575],[4848878.229314658,2796575.6286423653],[4849052.973234009,2794991.4332464896],[4849356.205650337,2794150.6639946685],[4850343.453924736,2794477.996543389],[4851632.014245901,2794333.125123496],[4853407.367114669,2793391.769933774],[4854453.147585759,2792471.8046123935],[4854641.306853433,2791786.1000226373],[4854624.262726863,2791535.149758772],[4852696.653428382,2788862.496562633],[4851995.30462749,2788076.956113019],[4852229.318376576,2786156.4422222027],[4852247.651566044,2782972.250226518],[4851775.259561311,2779720.4127254817],[4850883.722631145,2776610.8058437123],[4849616.293691264,2776284.919121506],[4848152.110479384,2775418.837390054],[4846749.51835193,2774821.1331766867],[4846443.721245108,2774084.044671076],[4847180.685722367,2773426.1566767544],[4848547.336555136,2772857.275041902],[4848806.802915579,2771675.2893787227],[4849693.304992216,2770641.164715451],[4850683.078064186,2769276.515061554],[4849678.325182138,2767695.1147733587],[4850576.679743703,2765083.8354765694],[4851164.656331074,2762162.867492797],[4851376.439209327,2760460.4775743247],[4853135.890376847,2758362.100262362],[4852684.43025041,2757912.9778789356],[4848020.649470926,2756747.1154336846],[4845303.395822883,2755841.8229378946],[4840340.241121445,2754610.483074362],[4839643.203486341,2754378.297950929],[4837554.377474095,2754124.2022450576],[4836282.108720519,2754395.4877107954],[4835831.346483811,2755081.7800851176],[4835238.013008114,2755495.9096648684],[4834399.381552145,2754969.5256067463],[4833887.03481568,2753574.0189583935],[4833002.286628103,2753089.696534065],[4827354.155372566,2752722.566886493],[4826832.386277547,2753184.354092062],[4825136.047407477,2755521.8316248003],[4824510.2411784055,2757320.343013833],[4824395.879117976,2758229.015057231],[4821931.171038092,2758303.8277127068],[4819662.477535595,2758609.1273138197],[4818513.754261539,2759247.6374492426],[4817880.454066843,2759895.8259569607],[4816855.74974822,2760068.4388021748],[4813132.801244428,2759110.8002273166],[4812171.718618944,2758519.8330795523],[4811903.642959119,2757593.091125706],[4812400.797541568,2756363.4689440923],[4812251.923298558,2755737.22732397],[4811581.855188018,2754570.3385976395],[4810594.186171691,2754243.5187829467],[4808738.638801619,2752922.2389969886],[4807396.977890592,2751775.2612344283],[4807235.062164727,2751146.7911813133],[4806964.797074515,2750560.707422015],[4806614.892787813,2750625.3514018855],[4806092.254573319,2750854.0128612495],[4805121.161281747,2751394.1982977516],[4804858.858376125,2751106.620578444],[4804819.986620182,2750436.468210032],[4804531.149956875,2749862.6234831098],[4804027.1953017935,2749485.0153697585],[4803485.585208712,2748850.1027590716],[4804009.057001391,2748570.144281092],[4806286.5463593695,2747960.2328719343],[4807442.581747159,2747818.2728093266],[4808290.775755599,2747307.963351504],[4809418.523043033,2746918.9776319773],[4809816.363118297,2747252.2810246595],[4809972.120459107,2747505.3481324203],[4810485.207427552,2747476.36080939],[4811458.73006475,2747212.7855657283],[4812742.900666656,2746676.425784681],[4814020.759368307,2745785.9575972105],[4816115.336335548,2745420.6345717516],[4817581.716007807,2745755.3800296574],[4818379.316548409,2746213.2923689676],[4819099.4972267095,2746424.2925376655],[4820771.906648093,2746105.4110063626],[4821834.64614592,2744585.6200044546],[4822669.665345949,2744204.9916457827],[4822760.072834322,2743169.90336196],[4823138.846080871,2741617.7329451456],[4823305.024653761,2739782.760548147],[4824472.088406054,2739025.537344852],[4825668.296170252,2737614.469886009],[4826017.30007081,2737133.023828012],[4826058.464317711,2736966.23340434],[4825901.803073879,2736380.5910963193],[4825823.548818676,2734828.909496419],[4825047.267003731,2733229.4457282843],[4823058.433725955,2731882.208248434],[4823156.2572178515,2730677.969090418],[4823720.517413645,2729259.9283011793],[4822971.738490006,2727868.2224165397],[4823024.712946679,2727340.012425975],[4822927.323371413,2726878.4009740953],[4821843.130530189,2725736.2139042923],[4820960.59116031,2725031.097014756],[4820193.864383984,2723981.6559917405],[4818976.583995981,2723511.353855267],[4818450.962938615,2722955.8152014147],[4817058.272750976,2720976.892203526],[4814790.150175864,2720712.543332734],[4813906.304020182,2720846.8952270243],[4812939.814288712,2720703.000287583],[4812679.139492854,2719933.979530673],[4811918.960419388,2718905.53495448],[4811193.908306309,2718635.4698710274],[4810884.245653413,2718748.6180141647],[4810135.49001501,2719234.1507485965],[4809742.6419622665,2720335.9451099],[4808993.650891263,2720605.268218048],[4808160.316070933,2720782.1712837894],[4807712.663323146,2720240.2122757332],[4807671.433138819,2719619.1456588884],[4807996.964060708,2718926.9266415806],[4808468.957671788,2718477.470040699],[4808693.606506278,2718065.4882016312],[4808712.865904229,2717742.0953623285],[4808422.549616834,2717308.2906946144],[4808622.46112005,2715792.0353222135],[4808340.82733072,2714164.6429973245],[4809506.261275737,2713313.0261030262],[4810427.3028858015,2710990.565561277],[4811083.02040551,2709022.3055947456],[4811626.184165745,2706696.845400802],[4811631.319962637,2704562.685907106],[4811586.767845245,2704088.895810632],[4811381.850264201,2703774.150425896],[4810591.295467948,2703806.775027536],[4810341.18683858,2703404.8287949436],[4809562.861484371,2702963.4402559623],[4808674.677631557,2702602.7778331325],[4808747.110145601,2699038.0220918623],[4808462.853308671,2698205.7567750085],[4807958.757940183,2697900.32842877],[4807824.002334098,2697094.762784676],[4808659.680642724,2696420.0493045244],[4809578.5738033755,2696679.4993597628],[4810280.677831025,2696358.809130922],[4810713.871268107,2695599.6413307516],[4811050.346759705,2694508.3714375496],[4811057.217147728,2693165.7492136657],[4810897.343069158,2692038.013811374],[4811551.556034653,2691688.867744334],[4812655.3508093,2692212.519053927],[4814691.695721855,2692537.7371821185],[4815267.917662533,2692545.2372744055],[4816177.995237444,2691520.314288293],[4816230.522270498,2689958.2407773896],[4814753.491518775,2689403.1101290532],[4814393.353637612,2688098.897820582],[4813534.620576366,2687292.005276653],[4812725.208558802,2686703.6237965757],[4812283.7166265175,2686240.660485703],[4812550.627350241,2684867.7448772537],[4812909.149827296,2684314.7111987057],[4814133.318684155,2683743.4800597783],[4816324.657553742,2683080.246080802],[4816389.967438181,2682044.2134923465],[4815662.316892522,2681607.0758063085],[4815256.580337065,2681224.40712892],[4814905.239467521,2681168.559670486],[4813960.95073799,2680740.889616751],[4812606.283018617,2679812.448402265],[4812910.687719481,2679148.7913495377],[4814903.066983109,2677018.659257932],[4815755.295026567,2676335.146925346],[4815999.058385646,2676236.6386969294],[4816001.827369742,2675879.644734229],[4815653.523815205,2675632.888927036],[4814238.12543929,2674966.9028623994],[4813645.467693393,2674811.2805112414],[4812898.360087227,2674815.430714289],[4811116.490768268,2674436.843409226],[4809569.588228212,2674246.1930063046],[4808049.586296922,2674616.8794456525],[4805300.903018326,2674544.19817676],[4804755.750704984,2674872.2992980764],[4804291.007334092,2674712.9108787905],[4803159.539131743,2674070.244388776],[4800561.165710648,2674154.5687511642],[4799689.10863156,2674093.983523527],[4798591.45465553,2673128.729099231],[4798738.830128167,2670520.743528633],[4798652.146215779,2669809.277607175],[4797978.139196701,2669640.1092389487],[4797200.01781762,2669603.6109790644],[4796945.115966508,2669400.473922923],[4796509.837127153,2669349.5038971803],[4796428.808790733,2668988.9610312697],[4796725.204080378,2668804.9572195862],[4796412.655203896,2668036.9181842627],[4795983.490570327,2667862.5092763696],[4794662.1361769345,2666543.2705050423],[4793606.06879198,2666917.32771861],[4792953.4716528235,2666956.610091881],[4792364.642781611,2665993.9955373397],[4792189.786843693,2664741.5068533286],[4791660.609015583,2663245.2323021386],[4791022.90318094,2662885.946798787],[4790757.783985138,2662851.538034859],[4790143.395952528,2661798.130705527],[4789686.531377244,2661457.9990311703],[4789517.349646368,2661231.7625826495],[4789418.253437423,2660789.400177384],[4788850.448018704,2660109.454296364],[4788546.757593394,2659862.3724220153],[4788376.790784433,2659449.082209796],[4787867.173201053,2658966.7772249226],[4786891.028660796,2658364.410779927],[4786133.007478074,2657569.2310555475],[4785720.798602441,2657405.866989253],[4784991.933122445,2656882.904749045],[4784205.055144568,2655807.0748113543],[4783184.761250214,2654865.4167167214],[4782686.652184811,2654793.0169768417],[4781245.843197398,2653802.2642477],[4779802.6301326975,2653764.3135183966],[4778928.642131993,2653409.1391016603],[4778692.094679244,2652869.467899933],[4777800.333284956,2652797.9337552986],[4777638.230161651,2654752.7471517995],[4778692.9809642,2654851.053361589],[4778960.910549057,2655415.1481348155],[4778742.789820423,2655517.028064297],[4778554.668017674,2655795.690248536],[4779024.527033848,2656835.4107309706],[4779038.711925028,2657884.407072392],[4778913.688879186,2658343.1032064683],[4778952.890746972,2658978.0834208727],[4779148.611484661,2659711.4568077084],[4779210.921133819,2659819.0146345114],[4779449.271667559,2659849.861426704],[4779815.491704929,2660113.2179707764],[4779941.388815431,2660342.4994693617],[4780458.9322421495,2660832.178887879],[4780799.035744441,2660869.25710902],[4780773.065149879,2662001.2616596203],[4780863.763825027,2662187.150758904],[4781347.470991621,2662530.4635650055],[4781495.850771795,2662862.6154818004],[4781854.016343801,2662723.1748351054],[4782088.1731866915,2662963.3126492887],[4782391.613976836,2663069.526641055],[4782560.369219399,2663263.6367041115],[4782620.380043978,2663546.334978324],[4782513.985186343,2664004.2753581544],[4782588.827637001,2664580.769901589],[4782955.5110433595,2665340.4738712646],[4782915.867390924,2665589.1737934593],[4783048.411198593,2665813.3893159856],[4783261.310914284,2665853.3114063125],[4783605.220695816,2665691.05982778],[4783973.080700019,2665816.083846771],[4784662.77668639,2665900.8019070923],[4784952.285468799,2665852.664406842],[4784798.405897721,2666445.2255104757],[4784940.902690989,2666556.1394357653],[4784971.79949083,2666708.9254024774],[4784829.349320712,2667109.9649078744],[4784870.36569427,2667492.494611202],[4784766.0915951785,2667758.082357135],[4784782.578642426,2667975.880412542],[4784852.414297645,2668244.711195595],[4785079.936290148,2668377.7668226957],[4785133.74802686,2668823.173045724],[4785389.596959101,2668872.554711619],[4785418.56505133,2669168.8322241595],[4785745.265683117,2669439.6119994596],[4785742.39278687,2669779.828083309],[4785513.583654522,2670082.690024989],[4785728.870894423,2670211.312253802],[4785690.41874854,2670401.148589181],[4785828.767249974,2670584.6191438995],[4785931.738733714,2671000.838313133],[4786043.203789421,2670906.577147872],[4786328.272247689,2671052.799184381],[4786491.175178036,2671800.16625445],[4786427.230442948,2672064.3312977054],[4786469.219513429,2672244.196371025],[4786932.838487574,2672419.4030796173],[4787002.042645331,2672571.308963902],[4787434.156714091,2672790.1441883617],[4787717.195491582,2672711.568594903],[4787817.936500781,2672608.385022818],[4787898.958198024,2672700.65590463],[4788006.680969168,2672669.37201525],[4788140.4716748865,2672516.606070345],[4788374.954499057,2672610.161000738],[4788863.452392524,2672468.9993689046],[4788956.142426706,2672467.159962203],[4789020.878573984,2672693.580057944],[4788902.5660292255,2672764.669388235],[4788801.955708325,2672541.6403602012],[4788741.950433145,2672544.7921811077],[4788819.98115483,2672608.4154813597],[4788802.519710233,2672768.678311043],[4788548.755679699,2672637.73561419],[4788584.586272139,2672778.4404372056],[4788479.332542103,2672762.6408857093],[4788414.8165991055,2672847.875559504],[4788622.675413318,2672947.781327231],[4788527.210764324,2673058.6495752935],[4788426.255132113,2672968.1932782284],[4788403.368421411,2673042.5935866144],[4788539.860988391,2673214.7976668],[4788277.807741284,2673305.3097248455],[4788431.346768877,2673336.1068467544],[4788430.985127351,2673517.4072007434],[4788278.540587727,2673516.7014333284],[4788161.931327857,2673360.535823196],[4788158.268329739,2673163.5714095803],[4788039.82547727,2673163.057071691],[4788097.956364328,2673223.341864926],[4788051.747588416,2673356.042829205],[4787892.55873687,2673327.5318621495],[4787995.465101955,2673416.60955551],[4787898.422935726,2673729.662657435],[4787609.504342142,2673659.801813236],[4787705.62955928,2673751.0079995487],[4787681.294370047,2673884.778352192],[4787346.319405805,2674141.5041524325],[4787492.402354494,2674146.550424016],[4787700.4961998705,2674399.765505339],[4787594.696906197,2674491.2796874517],[4787500.500852707,2674438.2824378675],[4787422.210517865,2674581.90311737],[4787113.206946986,2674564.952020015],[4786974.417605155,2674650.353016787],[4786914.681861067,2674760.788265463],[4787072.748083004,2675064.0991409007],[4786974.040150431,2675028.3936784356],[4786863.693076682,2675193.319977225],[4786719.74927295,2675175.6453772425],[4786468.534277973,2675371.37786688],[4786543.617574333,2675507.495572595],[4786447.857432545,2675505.5620360663],[4786467.249460141,2675759.5145137226],[4786366.58918871,2675699.1222751793],[4786308.09800202,2675820.349168657],[4786167.323519977,2675786.8135107835],[4786042.775495899,2675965.2934430274],[4786111.236849097,2676039.855544896],[4786345.90542821,2675935.0579214366],[4786216.525529895,2676037.38728641],[4786342.488349331,2676122.799184601],[4786338.898821924,2676294.302894081],[4786159.384986807,2676191.908119141],[4786032.27618339,2676464.0555922384],[4785881.1181261055,2676381.323754809],[4785562.670841656,2676511.770775216],[4785639.860187115,2676655.7836441183],[4785681.8945617685,2676576.3593367133],[4785858.7580708135,2676612.0297402586],[4785983.887322149,2676505.393503126],[4786086.270934135,2676692.717192529],[4785889.05071002,2676873.9683937463],[4785583.894585383,2676784.571060425],[4785560.246207719,2676872.280437962],[4785643.882842689,2676902.2111232597],[4785517.883613152,2677140.432993589],[4785823.887793076,2677310.4363303147],[4785635.380471923,2677498.713980174],[4785663.838951168,2677550.24943568],[4786032.327703353,2677695.8536472525],[4785760.595615186,2677735.1960921595],[4785742.178225049,2677819.1194854253],[4785886.430306362,2677860.2271767054],[4785829.809210811,2677974.601881939],[4785967.810942222,2677910.863816261],[4785941.734333192,2678228.7793562077],[4785779.790839363,2678291.6925828927],[4785730.64125661,2678468.609085106],[4785607.946213867,2678491.8402831773],[4785605.85000767,2678657.8745618523],[4785529.145702202,2678530.355291777],[4785416.01945686,2678595.6403045896],[4785319.645407267,2678517.073789889],[4785273.092738195,2678634.467247099],[4785436.288785604,2678650.9098368194],[4785377.722285654,2678767.074656156],[4785160.602664497,2678618.8020737916],[4784557.5451332135,2679901.906496349],[4784091.08872735,2679581.6983289407],[4783990.663632921,2679645.7233720245],[4783998.914306658,2679795.3963786243],[4784129.242784431,2679841.361252079],[4783942.67810109,2679934.2145191515],[4783920.7900393875,2680035.4389406326],[4783810.423792639,2680021.0399052445],[4783805.633259837,2680263.1531765265],[4783608.568275277,2680521.5629472267],[4783653.304382244,2680611.933623879],[4783548.58701832,2680695.5570478234],[4783590.911592707,2680762.0640589627],[4783362.369200974,2680806.4093804555],[4783471.70421973,2680864.553558704],[4783416.863441082,2681030.0382998036],[4783249.091505757,2681046.4547149655],[4783062.846643112,2681278.662149416],[4783134.761829425,2681401.316345799],[4783274.718701879,2681438.874534509],[4783270.270275925,2681547.430573716],[4783174.957010468,2681460.196867319],[4783096.491373455,2681562.6909191282],[4783198.009566814,2681870.606514765],[4783089.17638486,2681957.1387074892],[4783209.139575914,2681988.251024324],[4783281.674862979,2682168.128814108],[4783212.55636315,2682352.948529434],[4782976.359779981,2682581.4758608295],[4782941.662381663,2682763.8943227087],[4783326.909742594,2683121.3793661473],[4783344.0566688785,2683316.7928441577],[4783472.963068375,2683480.052717343],[4783372.416592071,2683570.0225829342],[4783448.536014869,2683686.8381928545],[4783293.8877278,2683761.162490135],[4783170.031263293,2683973.7370886384],[4783279.249772205,2683968.0333298245],[4783310.06073383,2684045.916874146],[4783195.714660679,2684254.790483662],[4783289.144803794,2684420.86448648],[4783222.309409963,2684565.318785391],[4783314.2767031165,2684641.161908131],[4783211.895533047,2684667.8174158754],[4783198.917414148,2684819.468811464],[4783333.991959761,2684856.6818258027],[4783221.955057866,2685171.360507063],[4783273.307464691,2685225.538636443],[4783387.707117635,2685161.9870409393],[4783461.792698647,2685244.186405974],[4783335.615660973,2685312.990646317],[4783427.026410388,2685378.332302357],[4783347.418364131,2685499.4405848775],[4783369.693214906,2685636.0298742233],[4783912.175449047,2685588.295005835],[4783918.989382456,2685800.6754762013],[4784019.30173028,2685873.060595271],[4784062.531600023,2685770.048925688],[4784126.219040338,2685827.0191750717],[4784013.481772743,2685890.130345037],[4784086.366619954,2685950.6970619485],[4784066.566890833,2686102.2774184584],[4784180.186106582,2686108.028523178],[4784187.869759552,2686221.6583772297],[4784269.320383884,2686141.9438253096],[4784208.611008013,2686317.4834985957],[4784344.2799528055,2686335.7469638544],[4784171.422394914,2686539.402628148],[4784248.513573856,2686563.959868128],[4784307.093572424,2687255.4780427297],[4784404.1132130325,2687526.719997119],[4784653.0813948,2687805.069226508],[4784702.695444527,2688007.57108848],[4784565.499775447,2688192.306598585],[4784557.79782457,2688467.9002538547],[4784665.544629909,2688622.082476804],[4784531.778046786,2688732.4549540887],[4784616.523162816,2688807.5834993203],[4784436.065237612,2688844.981065088],[4784475.505741749,2688978.949044453],[4784578.7797997445,2688964.652730982],[4784515.6620105505,2689061.016377777],[4784745.165046867,2689192.733062951],[4784574.149521722,2689233.4367661173],[4784624.4977891855,2689398.3279667804],[4784505.474948091,2689491.2605945356],[4784573.988476953,2689594.98938479],[4784395.999664418,2689755.0030989037],[4784516.456457961,2689773.310978841],[4784495.703054062,2690000.0710279383],[4784280.816081562,2690162.514724532],[4784394.91820672,2690315.7975165686],[4784344.498369438,2690414.321912801],[4784259.164439948,2690378.422317268],[4784254.8604265675,2690466.8379567987],[4784358.226494081,2690505.946672132],[4784192.1022698805,2690558.6073870473],[4784256.445394933,2690600.475824161],[4784196.274557464,2690671.798217074],[4784349.429513159,2691106.6364552234],[4784231.742806921,2691124.2807102324],[4784237.876140369,2691285.002703775],[4784106.5338006215,2691296.6368886246],[4784163.625896056,2691443.2390569984],[4784049.288369336,2691499.4569047703],[4784147.226785225,2691608.42348742],[4783961.591214181,2691631.101937776],[4784010.266712956,2691714.664054943],[4783933.158970767,2691809.6499810074],[4784043.41515504,2691855.5997075243],[4783755.3078168025,2691999.5954434173],[4783914.690539311,2692004.4301733915],[4783918.531034932,2692067.9485216658],[4783704.331022446,2692127.4800988445],[4783808.728730749,2692170.359667531],[4783604.79315024,2692691.1873296187],[4783731.067974748,2692667.251986332],[4783823.0175884385,2692740.4302911665],[4783795.159722959,2692807.465833097],[4783647.4505271055,2692769.8078314066],[4783698.070654712,2692967.8140642717],[4783514.179484969,2693113.8687323458],[4783539.923028225,2693351.1630228953],[4783358.990524623,2693352.7507084],[4783288.633013194,2693440.7598973964],[4783263.856629674,2693623.211710117],[4783357.280677742,2693793.64880877],[4783107.329830775,2694014.355509687],[4782989.007942226,2693947.5382874333],[4782983.616752174,2694099.181820546],[4783032.0346357655,2694027.2640278535],[4783146.044625491,2694101.2974568154],[4783018.3926705,2694138.5798682035],[4782984.0915013375,2694290.859050502],[4782823.294320326,2694337.4946456547],[4782820.0348830335,2694415.5758326375],[4782910.5039097825,2694393.3709792835],[4782888.565257401,2694529.702093902],[4782726.387005475,2694569.62759576],[4782681.03393824,2694694.302254974],[4782805.71558837,2694789.4964589137],[4782733.099318348,2694860.787638952],[4782493.79548195,2694823.4462171476],[4782473.808576062,2694910.1891313577],[4782642.922131242,2694864.576317362],[4782717.91650916,2694927.7146429094],[4782592.392110598,2694952.527274701],[4782549.12496977,2695147.0923112826],[4782343.905666454,2695075.5052239005],[4782296.680494403,2695169.4783291267],[4782276.836663705,2695238.2638970576],[4782424.227106281,2695221.382964042],[4782428.786695173,2695298.247416132],[4782315.528950328,2695337.093497059],[4782368.112049972,2695406.018943556],[4782219.953339584,2695575.1804588484],[4782450.656554208,2695672.0762221515],[4782331.677338464,2695805.618881698],[4782292.633301964,2695747.0027151373],[4782235.916084223,2695825.6751173073],[4782183.506709585,2695788.078577009],[4782118.10835076,2695932.368604721],[4782154.349569155,2696010.8717041397],[4782262.1741093965,2695975.574023406],[4782171.496419735,2696153.107777469],[4782210.786276164,2696260.216314382],[4782101.9259616565,2696242.0176689364],[4782031.736126146,2696397.4862298127],[4781991.188480316,2696241.3774926113],[4781789.783562507,2696435.3389916783],[4781891.647955386,2696744.859615531],[4781737.190589722,2697006.451782069],[4781948.579561571,2697222.6172628715],[4781696.32946409,2697180.193736235],[4781741.944892574,2697303.0044996548],[4781589.478971052,2697474.0955953654],[4781660.720704808,2697436.5891275285],[4781727.643906845,2697526.3578972183],[4781553.269220554,2697547.049031066],[4781685.69158856,2697676.5687161707],[4781520.934947423,2697673.380876022],[4781481.839242056,2697803.0570152476],[4781545.284332913,2697767.702449962],[4781626.912287466,2697916.3019472654],[4781505.004155965,2697913.722021951],[4781514.695616016,2698004.089877866],[4781369.238806782,2697992.811868196],[4781407.990854762,2698153.8445297764],[4781288.785463209,2698170.3589150063],[4781268.987597516,2698039.5441930597],[4781180.110817368,2698042.059688123],[4781244.012479383,2698220.3253278965],[4781379.899129212,2698293.4026145916],[4781284.212111589,2698477.6925074016],[4781396.128997174,2698496.5441821087],[4781442.96923295,2698413.413734642],[4781470.5311064925,2698520.672764182],[4781604.357701118,2698481.069243896],[4781593.86006054,2698693.7524703653],[4781505.221728831,2698716.395033614],[4781592.227301851,2698780.9940326726],[4781531.0983341,2698890.824436536],[4781658.370370356,2698930.877447943],[4781537.18043993,2699061.2717642547],[4781534.637733473,2698981.659325186],[4781402.486563379,2699014.613484407],[4781473.578933721,2699105.7733622505],[4781564.370729258,2699081.368773642],[4781428.343389008,2699173.5396449775],[4781532.600805957,2699249.900069698],[4781459.783021098,2699295.880224231],[4781454.762543732,2699462.949215877],[4781568.628342565,2699450.1823116424],[4781507.163925046,2699718.262258959],[4781622.53707918,2699719.2701256867],[4781519.278460765,2699777.333148652],[4781605.309449571,2699770.762045276],[4781606.457174372,2699896.2387683135],[4781641.11939507,2699838.573907134],[4781711.343429149,2699923.369200893],[4781660.783017127,2699998.3351600585],[4781552.485964625,2699965.3742392375],[4781631.279350414,2700123.6661228156],[4781494.829475916,2700152.298592627],[4781518.808753562,2700307.9444214785],[4781425.888429629,2700278.8585910155],[4781495.48097808,2700425.1252558427],[4781410.064044033,2700433.976236683],[4781510.895917513,2700500.311738101],[4781499.858021275,2700589.477648688],[4781257.211183544,2700501.3686407],[4781241.838580301,2700583.862419354],[4781326.571571479,2700596.936200323],[4781269.140429995,2700659.1334521794],[4781445.239539087,2700819.2747391276],[4781254.751153208,2700795.9726553597],[4781317.104818023,2700908.127937438],[4781269.8382029105,2700879.7097592414],[4781232.549755516,2700966.8591718026],[4781219.755770118,2700885.1243417556],[4781088.414802732,2700901.2913243715],[4781219.794572029,2700996.9713106477],[4781104.767877755,2701075.2979645147],[4781260.119453368,2701131.361265517],[4781217.313226838,2701207.4629598493],[4781166.846546174,2701135.456092828],[4781078.516260108,2701188.757017061],[4781172.244636144,2701224.674736115],[4781123.932186293,2701327.8370693983],[4781002.854928456,2701331.3474260364],[4780956.061986749,2701426.2317304765],[4781018.513459307,2701423.922880218],[4781015.660512226,2701501.8900193744],[4780861.472552594,2701670.697570812],[4780942.807593445,2701764.190307894],[4780779.27730944,2701797.4276237106],[4780890.114718808,2701867.639937729],[4781025.056424579,2701805.757487405],[4780943.485135207,2701852.5936600305],[4781031.488681146,2701942.0420304667],[4780971.740932901,2702045.961253139],[4781104.91812419,2702022.537093473],[4780856.971691724,2702250.3013127875],[4780900.964013387,2702312.7441039],[4780938.458801211,2702210.5316981166],[4781025.556036269,2702268.4273731234],[4780985.121308799,2702374.622301919],[4780850.320264475,2702407.5798556395],[4780830.642749575,2702519.936543322],[4780639.518247343,2702560.1023259787],[4780737.20962478,2702707.4813077487],[4780620.433643955,2702668.576693965],[4780643.432483126,2702804.784778542],[4780738.759872639,2702797.3341838513],[4780666.6665057205,2702845.463501158],[4780719.67498753,2702883.303301416],[4780653.255399511,2702907.19561896],[4780644.3647294585,2703148.574762115],[4780568.835817693,2703161.2823631284],[4780524.7563990345,2703065.530645065],[4780389.145548393,2703165.0018781745],[4780546.90167334,2703217.8299810262],[4780373.735054781,2703284.717519451],[4780437.276987062,2703325.766900341],[4780414.794105426,2703564.136357544],[4780176.027689382,2703743.161745044],[4780078.016676217,2704028.343309657],[4779935.529895701,2704009.1207750747],[4779734.122651633,2704348.9228292415],[4779642.804121967,2704292.441794054],[4779741.868179301,2704378.6030568434],[4779622.159516675,2704448.7435554806],[4779703.561205657,2704617.3840667093],[4779561.117917204,2704652.3267482813],[4779543.642726339,2704563.16715003],[4779440.947066074,2704653.0253954018],[4779573.73413164,2704717.1805059803],[4779477.980423486,2704973.799570376],[4779617.109139183,2705026.5980406636],[4779552.509699296,2705131.748136782],[4779648.442624466,2705158.61405929],[4779548.612634569,2705339.020174686],[4779412.560196037,2705313.3851472177],[4779518.21229673,2705411.8301249607],[4779447.126397795,2705474.785456037],[4779475.674824923,2705566.68947615],[4779380.80115799,2705546.656927031],[4779383.212257613,2705445.854825461],[4779209.039620105,2705513.0081497217],[4779327.044753164,2705591.7611054895],[4779220.0202117,2705662.897348344],[4779026.358515756,2705649.929389572],[4779085.715131446,2705800.3281206056],[4779270.528499021,2705891.3930294565],[4779191.93817436,2705984.0677421903],[4779286.568280179,2706063.769593075],[4779094.04023229,2706016.0916339285],[4779149.686894733,2706216.7626799336],[4779060.585567747,2706310.9154701764],[4779167.996748764,2706291.9772672593],[4779083.498602432,2706388.1094716205],[4779263.491994905,2706443.022411332],[4779086.454133674,2706547.2453589323],[4779228.543186438,2706645.399104405],[4779123.4071189165,2706632.925982907],[4779174.38515163,2706690.017449975],[4778862.407876269,2706867.451876891],[4778943.969870494,2706995.7719299844],[4778866.978030735,2707157.2341047716],[4778975.453732828,2707208.2013641056],[4778865.981910315,2707241.692440306],[4778828.070443287,2707545.6777713364],[4778977.2902275715,2707576.3940539723],[4778897.536283118,2707831.3646468697],[4778712.388594378,2707907.8826363874],[4778629.534994282,2708038.1300983853],[4778549.621562476,2707982.3638143498],[4778616.452158898,2707868.6145226476],[4778486.470257569,2707843.4989587725],[4778398.619763781,2708082.705858298],[4778220.49819446,2707940.4195698793],[4778267.765336513,2708105.1155317016],[4778128.886516476,2708148.8722686777],[4778436.745494423,2708227.5353664695],[4778309.512043563,2708243.0808439334],[4778295.0051260395,2708334.801035688],[4778280.751506054,2708258.619005842],[4778191.916465552,2708268.1509315227],[4778167.632910607,2708451.0729632284],[4778356.344040754,2708539.883752334],[4778317.159478485,2708664.0974237863],[4778191.542122965,2708681.6977020004],[4778207.572945662,2708776.734841594],[4778101.173371635,2708876.9725615154],[4778003.865092681,2708778.047180914],[4778072.033998997,2708892.237376501],[4777989.402806449,2708910.949466683],[4778019.471436091,2709036.2661700123],[4777880.813457562,2709082.1991117825],[4778027.6884710975,2709477.841222325],[4777855.392947848,2709515.716609862],[4777978.498976267,2709528.253318968],[4777952.668110027,2709700.046673475],[4778012.616907307,2709759.3213817608],[4778115.397183975,2709622.8830802576],[4778101.75226541,2709782.20442939],[4778003.855611657,2709920.0241870307],[4777894.270239892,2709905.9056315124],[4777853.212215597,2710031.6348957717],[4777710.220944697,2709975.9562425097],[4777630.537973027,2710161.9422694743],[4777380.515867347,2710381.095158239],[4777501.169924838,2710616.6425315235],[4777433.43997014,2710835.39905585],[4777362.616529876,2710879.935555845],[4777299.404658627,2710769.169160356],[4777247.726671053,2710840.850600355],[4776948.157745519,2710744.816493568],[4776812.653944847,2710873.908654379],[4776920.3133327495,2710878.8212225353],[4776953.448556204,2710965.9614771856],[4776721.069495239,2711188.75287732],[4776963.702568293,2711353.660549076],[4776828.569943856,2711345.3922265396],[4776773.679767721,2711422.8793211007],[4776706.462974087,2711343.3164340034],[4776629.385345558,2711371.9059087443],[4776633.216125742,2711517.040901175],[4776797.508627634,2711499.2795693944],[4776852.883709056,2711639.6368788867],[4776783.802486562,2711727.6283944123],[4776662.157269946,2711585.781629929],[4776574.014722252,2711740.41096427],[4776630.836089483,2712222.4315999495],[4776502.749682416,2712180.5513834227],[4776397.991131548,2711995.249241787],[4776397.426929882,2712108.2011404526],[4776237.978556574,2712290.8007370546],[4776177.492572121,2712184.4518861384],[4776064.411749878,2712346.167671466],[4776086.06102236,2712451.960795695],[4776190.933196728,2712413.549661451],[4776189.25090129,2712578.1702023163],[4776065.578104471,2712498.4797051298],[4776014.94033124,2712541.7848361135],[4776070.970639263,2712658.3980894987],[4775829.909664399,2712921.665993483],[4775690.945547571,2712729.121227133],[4775579.416668979,2712742.0489968075],[4775578.7921008365,2712975.170213823],[4775104.387430012,2713291.2276936546],[4775158.528824497,2713415.595551187],[4776481.98961966,2713968.724392823],[4776403.652049233,2714268.751559597],[4776123.9228611095,2714730.7802119763],[4777018.02653231,2715150.236344853],[4777680.397869205,2715239.9795143493],[4777883.385410474,2715396.6841690415],[4778178.533093469,2715470.685752113],[4778240.35452927,2715407.779551362],[4778617.442708549,2715567.095157118],[4778746.7805245705,2715844.1534741544],[4778685.092799339,2716147.746265648],[4778607.261891665,2716129.0895604375],[4778551.427994907,2716242.196768302],[4778605.285789929,2716589.972578222],[4778699.5275810575,2716693.568326533],[4778701.264285888,2716994.0855575064],[4778858.148270236,2717090.0231347177],[4778980.612613517,2717300.1903128414],[4779037.602115757,2717740.1085504177],[4779533.91690549,2717903.564484495],[4779930.904001609,2718379.374746138],[4780050.212341067,2718229.290762089],[4780239.1246146085,2718163.054815644],[4780460.163711057,2718336.6378878606],[4780771.098543821,2718396.3198157405],[4780896.63683402,2718157.957786997],[4780564.448990333,2718120.085276252],[4780242.836144745,2717958.2953328914],[4780233.683616433,2717768.2377434247],[4780394.664434943,2717467.60019711],[4780299.732136844,2717268.6690662107],[4779919.034434185,2717111.673451356],[4779883.615845802,2717052.9402281847],[4780003.715693592,2716907.690362191],[4780388.069007524,2716708.9396074605],[4780760.154899178,2716321.230676798],[4781172.981824553,2716623.334397817],[4781449.062974901,2716969.3538343823],[4781638.419081931,2716859.227917011],[4781751.635224753,2716926.2532427586],[4781783.419381422,2717137.596298066],[4781596.207473256,2717386.58752617],[4781757.166305007,2717710.845519585],[4781551.622970225,2717657.3619438335],[4781147.156156822,2718245.6072568065],[4781075.747138532,2718737.153538178],[4781163.266085927,2719102.099975212],[4781449.404536107,2719049.7357072867],[4781772.44589506,2719136.186656842],[4782055.831094227,2719043.39073738],[4782234.459389636,2719187.898438508],[4782440.994740653,2719051.7324364865],[4783075.664089147,2719041.1503368276],[4783335.694608829,2719109.362148722],[4783581.153119584,2719397.0298581477],[4783867.0724211205,2719415.1736623454],[4784196.34402304,2719668.5456114192],[4784330.79602673,2719572.010371672],[4784781.756831481,2719940.152469263],[4786014.654075697,2720144.831701617],[4786863.74611566,2720591.953181742],[4787441.202941144,2720594.986406346],[4787842.471020645,2720501.9964730805],[4788500.091601227,2720560.330577443],[4789012.632277055,2720855.1624161303],[4789536.567049755,2720963.406830042],[4789952.495554205,2721197.8412239207],[4790289.055087192,2721276.0640700334],[4790606.451375963,2721585.4440812664],[4790797.540500031,2721941.583711855],[4791042.3812701795,2722040.6471732617],[4791150.986481921,2722206.0428284807],[4791533.614428406,2722463.6925987215],[4791594.4179809075,2723046.299649626],[4792078.994526631,2723336.394491361],[4792518.158231031,2724133.7590628485],[4793103.088686886,2724329.325253322],[4793474.788686201,2724748.1755761523],[4793665.486542855,2724840.514676221],[4793869.873171452,2724672.188888876],[4794021.047094731,2724759.470883496],[4794313.056845232,2724711.715901926],[4794351.681056549,2724888.8477845537],[4795015.268707405,2725835.247780209],[4795192.018497106,2725946.23273032],[4795619.4248334905,2726024.3192692446],[4795825.814536286,2726169.164285154],[4795939.7754142005,2726390.96966103],[4795892.25867413,2726635.725044461],[4795968.966913944,2727008.095177695],[4795562.857822575,2727278.5488899294],[4795308.13115145,2727341.649597911],[4795467.33149061,2727449.0628254307],[4795630.650414998,2727411.894734961],[4795961.651615823,2727661.4011046155],[4796237.055270159,2727646.8782006833],[4796564.330021891,2727999.4420781154],[4796642.769377814,2728352.805628129],[4796334.894246051,2728653.9610528923],[4796943.867193569,2729242.1202631244],[4796867.016558231,2729340.7262152126],[4796920.8641031245,2729398.029190709],[4797428.672901785,2729739.454544246],[4797282.073546902,2730029.7588108075],[4797836.692350099,2730679.711414663],[4797791.426627952,2730932.74132248],[4798156.7016357165,2731845.547364552],[4798085.732419657,2731987.4810753935],[4798142.312980447,2732157.096018089],[4798040.3367519975,2732704.0193425827],[4797874.149913737,2732969.1861940017],[4797364.543645196,2733129.6672520433],[4797233.476352183,2733272.8643166306],[4797127.203644868,2733443.8409640337],[4797139.419519721,2733597.6143200984],[4796678.4993850915,2734238.0417804844],[4796530.968239266,2734223.5799038266],[4796545.711146699,2734302.1079847617],[4796396.016485016,2734460.0227374085],[4795806.164633765,2734689.3352283067],[4795776.109963423,2734846.416430973],[4795619.9000774585,2734934.2158558043],[4795716.266819689,2735863.132235015],[4795965.810716999,2736543.869514353],[4795717.461528348,2737099.9909697534],[4796152.976324386,2737615.4038788998],[4796210.26541552,2738037.2203675853],[4796432.976548674,2738447.4794484926],[4796632.978856121,2738608.373692423],[4796657.848982614,2738846.344789185],[4796766.856594284,2738989.6836679997],[4796585.691198396,2740630.2472144887],[4796695.721251248,2740997.1140656467],[4796964.806612734,2741267.1827955567],[4797370.625481283,2741477.946444645],[4797493.765527072,2741470.772845224],[4798087.919737541,2742124.308035384],[4798318.335524316,2742229.0413368507],[4798316.712575634,2742466.9218047485],[4798204.05682045,2742504.1101031806],[4798080.604342648,2742765.530362219],[4797861.389093262,2742978.952484865],[4798296.638165493,2743440.3465676075],[4798401.72418843,2743533.873354538],[4798913.885540774,2743647.671727706],[4799352.514927277,2743651.998988184],[4799552.491019618,2743930.9121216517],[4799573.675550299,2744395.5391760427],[4799409.993689735,2744606.124436709],[4799155.306153872,2745282.2571279393],[4799409.789770121,2745561.8831543755],[4799455.461012957,2746057.356446488],[4799198.039412664,2746590.4991837502],[4798612.98476869,2747209.7023135596],[4798360.037492519,2747723.6161000966],[4798401.607734557,2747975.775913177],[4798244.637187655,2748367.1376233613],[4797890.530798706,2748894.9337993395],[4797646.796881318,2749106.1139683393],[4797715.516244224,2749387.466524619],[4797590.032272741,2750122.472948085],[4797079.171075089,2750053.95108187],[4797019.241541093,2749901.7956370013],[4796554.470368752,2749967.16401768],[4796212.380997607,2749796.8065074375],[4794937.204808255,2750495.991124008],[4794512.802046586,2750620.1753484407],[4794264.515859045,2750593.691415552],[4794364.644122813,2751314.1028371416],[4794231.017225166,2751502.5991667965],[4793876.584602259,2751678.7546912907],[4793536.848479129,2752884.680259582],[4793009.039431604,2753188.8397817155],[4792987.465086588,2753622.4975623637],[4792758.328515148,2753991.492587079],[4792813.33725219,2754246.3610583534],[4792570.6193341855,2755081.3240045467],[4792599.951499713,2755809.132592688],[4792686.047419566,2756049.9262323612],[4792577.47531262,2756541.371563141],[4792706.352902561,2756939.43896429],[4792922.049188024,2757123.511994396],[4793005.221378621,2757357.7700981093],[4792878.223712454,2758118.2206851575],[4792937.379896521,2758581.542102257],[4792870.825434397,2758753.1943837735],[4792706.938011442,2758851.7462899038],[4792549.666921295,2759384.535841033],[4792408.903758462,2759489.4978401717],[4792805.861101115,2760372.548631967],[4792991.7615626445,2761376.000780974],[4792702.096942769,2761565.754674927],[4791480.601279769,2761826.8441986493],[4791073.046738077,2762086.2525656205],[4790802.242565444,2762100.7795124063],[4790729.092935167,2761800.6986713246],[4790327.70069476,2761849.5702158352],[4790301.490802216,2762442.034729232],[4790737.2666634675,2763842.2298063734],[4790936.930345257,2764080.2421649857],[4791420.698499206,2764216.876673526],[4792204.634161877,2764014.17433278],[4793182.493232339,2763904.48873869],[4793635.082013753,2763660.057129285],[4793315.275656932,2763479.1559962146],[4793133.004841243,2763464.8028629003],[4793419.724370431,2762761.0217769537],[4793222.218400603,2762066.6464568526],[4793884.292060218,2761442.581426802],[4794429.558310719,2761891.2642458435],[4794587.166977886,2762552.6831457876],[4794940.603304043,2763309.892455315],[4795558.583041729,2763634.6534680836],[4795813.863197341,2763477.409021906],[4796161.51125549,2763999.061205916],[4796210.872365479,2764484.1466647303],[4796142.495201615,2764523.566767759],[4796027.055957826,2765028.2441315823],[4796071.2054855935,2765222.5437901206],[4796775.133251966,2765946.6790269725],[4797009.952552259,2766010.8138682367],[4798229.258465358,2767617.811579642],[4798122.05442942,2767679.1054794295],[4798619.94484619,2768542.1511897324],[4798373.846678594,2768849.427951485],[4796867.777839411,2769813.700695073],[4795630.434108812,2770722.988360267],[4795528.942487125,2770894.830649263],[4796124.338515211,2770720.7891252697],[4796332.215492027,2770816.948971131],[4796375.98164358,2770971.9413582557],[4796616.664658699,2771181.512070884],[4797111.479307292,2771268.044611151],[4798013.217232162,2771900.108672377],[4798054.276044493,2772288.7773108454],[4798182.048121655,2772268.943404949],[4798452.532079898,2772649.0555319777],[4799355.18993685,2772099.234814227],[4799666.484898075,2772317.9625919824],[4799944.2729231585,2772700.576867768],[4800205.37559535,2772782.5408168244],[4799862.289079635,2773080.0871799826],[4800402.42112906,2773798.0853602393],[4799888.256699347,2774014.9039744986],[4800271.442633387,2774378.875604959],[4800392.175024548,2774379.929615345],[4800487.951512634,2774214.825519683],[4800626.981267551,2774264.3753515505],[4800647.855394435,2774382.801964471],[4800554.708414559,2774524.3727573035],[4800694.149185765,2774708.5722363014],[4800681.454463159,2774923.9333334025],[4800791.9935232205,2775168.1556424065],[4800744.117562312,2775493.4441752224],[4800624.402502364,2775472.664241304],[4800519.113208837,2775562.4869565614],[4800813.51055106,2776202.0996443853],[4800547.594700904,2776123.115527086],[4800414.157162927,2776341.0049497485],[4800684.387334185,2776418.313241468],[4800979.013988009,2776668.4494731775],[4800915.10702508,2777084.8865452986],[4801246.520293322,2777356.440531449],[4801611.337753364,2778051.3646908645],[4802186.703540611,2778305.6317544314],[4802372.512361983,2778798.0652948124],[4802869.3248514645,2778936.453205491]]]}},{"type":"Feature","properties":{"flugjahr":"2011","gebiet":"Nieder\u00f6sterreich"},"geometry":{"type":"Polygon","coordinates":[[[4803642.7225604355,2779588.08164919],[4803324.63250964,2779315.9869909417],[4778760.25734974,2777203.7289318508],[4777676.997864802,2790157.8884419953],[4783904.056008495,2790693.0601671417],[4783243.922727868,2798609.2799383136],[4783584.636036319,2798408.182268435],[4784038.8704551775,2798615.622328961],[4784825.075180409,2799209.8666297575],[4785597.86168014,2799422.468342744],[4786380.472816343,2799294.3201547437],[4786696.209806558,2799457.366483312],[4787063.887247707,2799785.6334014833],[4787428.959194437,2799841.5022034156],[4788097.276464019,2799696.472089609],[4788338.8042998,2799521.900759873],[4788615.094176541,2799619.180438738],[4789381.049777457,2799533.128657523],[4789496.924604056,2799238.8350850767],[4789475.815664479,2799077.7150736772],[4790168.3720870875,2798599.312049888],[4790511.2548157,2798508.7601032564],[4790567.632955274,2798535.8487597755],[4790622.371482747,2799200.3921970744],[4790957.173891261,2799122.5098142317],[4791332.018540826,2800446.252493136],[4791301.54335907,2800621.772242333],[4793276.352258207,2800216.88027628],[4793841.941557289,2799908.799463789],[4794870.1598478565,2799759.8766251397],[4795839.463892065,2799720.8045237884],[4797380.243261442,2799390.3173135985],[4797405.334380491,2799280.781713118],[4797581.643171738,2799192.726678609],[4797677.465126294,2798968.864102263],[4798005.864314231,2799021.5460899323],[4797928.6143945595,2799251.414991526],[4798554.691303182,2799336.4394062264],[4798730.708429635,2799612.094986777],[4799794.365366739,2799366.687966874],[4799546.24833167,2799879.036665286],[4799461.926842242,2800557.7955091908],[4799364.201923355,2800690.529228838],[4799336.26149551,2801327.9634897974],[4800837.817081222,2801579.709996873],[4801423.2466756655,2802073.4198135175],[4801734.857375407,2802471.9163109986],[4803642.7225604355,2779588.08164919]]]}},{"type":"Feature","properties":{"flugjahr":"2013","gebiet":"Nieder\u00f6sterreich"},"geometry":{"type":"Polygon","coordinates":[[[4742715.504287153,2803215.568338437],[4740627.662810717,2828126.9379146607],[4769270.180968055,2830586.911974802],[4771026.249447372,2809659.80309339],[4780694.675213239,2810499.5595488586],[4780724.455077353,2810385.4378296034],[4781165.143608399,2810140.3468044326],[4781091.627661119,2810103.7570342747],[4781143.6909883125,2809906.541328981],[4780970.487170527,2810015.971724481],[4780654.41287033,2809597.216126726],[4780252.086679628,2809362.87305127],[4780193.29556253,2809199.3296202603],[4780709.831018485,2809287.794618831],[4781103.502514771,2809256.6518690973],[4781155.751104663,2809137.4050407433],[4780942.682612881,2808863.8626260455],[4781192.499294939,2808300.042899724],[4781455.671895036,2808138.639094063],[4781993.924635185,2808002.473990089],[4782107.022976613,2807862.3782105376],[4781597.357504687,2807276.8475876334],[4781739.482986115,2807108.989504279],[4782004.677955873,2807039.0081452113],[4781811.601214083,2806354.773640956],[4781793.074221046,2805747.339342628],[4781597.112947343,2805196.895770621],[4780788.578475382,2804117.9197343634],[4780800.409740769,2803757.7121998793],[4780404.02499492,2803412.738928202],[4780624.094461249,2803193.2518324032],[4781316.858551405,2802966.6885518553],[4781531.084130099,2802712.530913211],[4781651.234939722,2802383.961213393],[4781635.33557282,2801896.0913737947],[4781770.57967364,2801637.660184922],[4782137.663622938,2801816.5507809017],[4783621.275792704,2801686.3402724946],[4783656.139797684,2801573.597261566],[4783344.632710834,2801671.186165694],[4783280.1075283475,2801483.354994948],[4782962.353154227,2801410.6829109867],[4782721.774439742,2801175.187567325],[4782695.720658845,2800998.982536329],[4782859.840322782,2800922.4016660224],[4783013.685909292,2800658.139123303],[4740724.894410547,2797023.700888131],[4740474.770324215,2800012.8936372255],[4741720.249905759,2800119.6077249027],[4741470.038202208,2803108.829848978],[4742715.504287153,2803215.568338437]]]}},{"type":"Feature","properties":{"flugjahr":"2010","gebiet":"Steiermark"},"geometry":{"type":"Polygon","coordinates":[[[4683287.007156427,2683125.710048697],[4683228.392778624,2683200.6809992706],[4683274.474480847,2683347.1941694585],[4683287.007156427,2683125.710048697]]]}},{"type":"Feature","properties":{"flugjahr":"2010","gebiet":"Steiermark"},"geometry":{"type":"Polygon","coordinates":[[[4683232.580305512,2683988.5606217803],[4683228.392778624,2683200.6809992706],[4683362.976055863,2681992.1042426364],[4682109.222519294,2682748.857896925],[4681557.112149059,2682729.480790622],[4680982.997353129,2680743.3343850984],[4681093.465267683,2679799.567786293],[4680712.603339939,2679506.8200867954],[4680546.547853535,2679089.827074505],[4680015.521451721,2678886.2676507924],[4679617.149339314,2678398.5509905624],[4679044.811481819,2678243.357735456],[4678270.483902442,2678191.1770950872],[4678965.850758446,2678951.1404823195],[4679767.912589971,2679256.2265646],[4679995.968147238,2679469.884831193],[4680104.435888123,2680012.344605067],[4679982.840036675,2680958.60217427],[4680030.438070177,2681678.429377738],[4679429.00735769,2682738.7644767826],[4679498.874482078,2683110.3056837902],[4680337.829330785,2684218.828435723],[4681265.450187366,2686480.4932771036],[4681840.175667798,2686577.984637409],[4682539.216120818,2686924.420095336],[4683553.1031622,2686190.3330798987],[4682905.717313741,2685533.9823898003],[4682707.150676521,2684648.049273782],[4683232.580305512,2683988.5606217803]]]}},{"type":"Feature","properties":{"flugjahr":"2011","gebiet":"Steiermark"},"geometry":{"type":"Polygon","coordinates":[[[4683295.9323495,2683018.6710809073],[4683274.474480847,2683347.1941694585],[4683409.50733794,2683776.52564009],[4683232.580305512,2683988.5606217803],[4683134.408156052,2685491.248484906],[4683184.975522555,2685537.4479812123],[4690560.981411265,2686035.1360452008],[4690624.321019891,2685992.8862389983],[4690697.161553076,2685046.998941747],[4697018.756872721,2685467.0838912562],[4696013.166741531,2697826.914831598],[4695962.395292993,2697876.2627831562],[4693138.001685482,2697618.0752673717],[4693205.826222012,2695859.839741751],[4692889.573613144,2696059.24457684],[4691744.999905426,2696415.886126991],[4691381.450215701,2697052.771560309],[4690893.634733251,2697485.736509145],[4690067.358823408,2698121.3206926505],[4689195.014988015,2698642.676831071],[4688256.570963281,2698639.4807400154],[4688081.2186317565,2698070.853482274],[4688335.215289189,2697487.9722225303],[4689306.827795211,2696667.8879983593],[4689638.508053184,2696254.7511963984],[4691025.697970006,2695285.1084811925],[4687244.921169514,2695095.1019146433],[4687308.963558212,2693114.5891436487],[4683279.886751077,2692927.705904791],[4682775.031330094,2703892.8153764578],[4669803.931919225,2703317.282152113],[4669274.1751526,2715333.239972794],[4673297.768774481,2715517.352879988],[4673457.764836845,2712546.0808348916],[4675429.549063969,2712616.8260245174],[4675527.4563405635,2710680.6762012555],[4675586.713094301,2710623.173774697],[4679523.10796501,2710803.6181931226],[4679660.149638033,2708809.931116986],[4686602.981590037,2709128.21637265],[4686753.796581242,2706183.639202759],[4694292.089955587,2706800.778293087],[4694551.023612209,2703865.5914734295],[4696547.875202767,2703983.6552776042],[4696705.886222928,2702085.3808770627],[4696766.235145622,2701997.441056209],[4701591.03063935,2702406.831370326],[4701651.845832515,2702457.048712927],[4701505.199431389,2704403.064141709],[4707445.836115084,2704918.6375505445],[4707307.749218646,2706902.9026516303],[4709287.167116997,2707096.6699073003],[4709056.105967691,2710061.720837941],[4718063.432322852,2710815.5677567306],[4720126.750086245,2685886.612955842],[4706220.552568447,2684704.832438618],[4706826.537961712,2676733.6679379204],[4703393.134428233,2676440.8439162476],[4703393.640341591,2676379.236773286],[4703168.0612137765,2676305.4447435895],[4703471.822252463,2671892.9384562387],[4708355.766745979,2672204.5543307783],[4708453.634388044,2672156.697113742],[4708684.715026052,2669225.046991328],[4713639.189358912,2669542.4443669827],[4714352.263153971,2658631.7322978536],[4714917.00524303,2658611.1419812017],[4714932.350965199,2658540.129365227],[4714826.558241597,2658212.0816519484],[4714957.198195865,2657740.681587366],[4714881.122791938,2657527.6099508987],[4714898.343356874,2656774.7871698583],[4714808.669688086,2656150.7531386344],[4715013.464270853,2655207.779707862],[4714966.618262378,2655069.604965034],[4715074.454290535,2654416.730011521],[4715113.662164139,2653925.4365532924],[4715056.659083273,2653775.73730469],[4715171.718504739,2652673.240256156],[4715296.920633024,2651925.011255154],[4715436.901419212,2651610.940698224],[4715635.887143295,2648561.527529927],[4715583.153890471,2648334.513359234],[4715663.470241788,2648135.0139908986],[4715725.751298182,2647033.008919516],[4715658.752992252,2646827.6927461764],[4715809.923331087,2645890.2056464804],[4716472.071981724,2635724.2895493773],[4728287.337826183,2636475.543620122],[4728310.321832396,2636896.389376678],[4728755.990776674,2636942.165844316],[4728962.392829774,2636880.4492200376],[4730691.000652017,2637120.7621740345],[4731113.6990331905,2637052.6149492674],[4731441.890684779,2637177.095253696],[4731983.062230495,2637145.762885713],[4732229.236354811,2637230.3156920765],[4732565.690285345,2637164.597014252],[4732810.99608792,2637274.358550178],[4734789.191613103,2637416.8352142344],[4735233.330620149,2637327.750353262],[4735457.073338012,2637399.456211071],[4736170.52842867,2637359.605611908],[4737323.15125043,2637553.0987111796],[4738242.51486697,2637525.172412069],[4739335.216035393,2637681.4913532436],[4739539.906987997,2637650.8531469963],[4739878.540966972,2637757.475526908],[4740364.480823846,2637717.487136297],[4740736.469158934,2637819.8931325627],[4745727.618951333,2638159.363639786],[4746060.188898112,2634186.3329891013],[4752539.240374716,2634613.836722141],[4752070.503943956,2634197.778529425],[4749080.095596036,2634132.6387125966],[4747240.695203224,2633708.451269976],[4746776.251962688,2632861.895003472],[4746811.555820001,2630697.8934966214],[4746226.198916555,2628902.9036828056],[4744662.527735111,2627902.3053185013],[4743391.565063478,2626625.358703517],[4742047.093352992,2626347.0013872553],[4739885.346641055,2626099.558502627],[4739032.244197809,2626502.0015630834],[4738289.204952354,2629257.005321365],[4737489.283673511,2629265.8010239517],[4737039.982844598,2629349.7593052164],[4735638.327338386,2629782.4821040607],[4734219.040902781,2630017.9811348915],[4727019.456114027,2628671.049111029],[4721378.13902439,2627958.741749601],[4719132.038711798,2628066.219514816],[4718056.654935101,2628831.7119994927],[4717236.357355795,2628931.3565837485],[4715189.231395992,2628758.3717994303],[4713836.464743251,2628493.039266803],[4711967.1111055715,2628777.8670740644],[4710867.862117966,2628434.7776259687],[4710298.8919961965,2627854.2530038976],[4710063.040395217,2627852.1162506174],[4709059.159959834,2628329.6251321547],[4707771.076602695,2628523.8858716115],[4708056.950480303,2628720.6625095797],[4708188.436473106,2629031.9560781545],[4707439.971208371,2629378.757966007],[4705891.778413872,2629673.2472953927],[4705245.305902198,2630307.1041356865],[4705127.475932072,2630904.416030504],[4704483.11302981,2631346.813443062],[4704347.037483637,2632085.605935875],[4704692.098728571,2632375.4908578717],[4705435.426390086,2632414.530041578],[4705928.966531673,2632833.799699107],[4705950.3697511675,2634524.865685491],[4705706.694247537,2637358.1518480983],[4705076.7131441645,2640372.496137851],[4705046.965034288,2641504.9900451535],[4704499.967107281,2641718.364720283],[4701422.9245393295,2642411.390080314],[4700964.837623103,2642867.613290576],[4701081.586117815,2645200.4675088376],[4701338.033887697,2645709.656789356],[4701614.912866301,2647114.974174157],[4701980.136176435,2647867.918129825],[4702441.390391756,2648247.342773782],[4703412.182167643,2649267.044618654],[4702840.472338175,2650951.3851163946],[4702614.433180337,2653606.6200022963],[4703147.311276004,2654168.409306268],[4703095.023458454,2657627.458637877],[4701540.170369033,2659027.6253272793],[4701084.51771312,2659881.866038085],[4700607.941870735,2661212.5964951953],[4699999.417568713,2661920.5193537436],[4699315.585642686,2662983.056770582],[4698909.078447095,2664078.3227729625],[4698399.035206487,2664810.7122465535],[4696720.9379604105,2665389.6350894277],[4694000.787439859,2666119.3842360512],[4692702.666565673,2667113.8204829376],[4691883.20874162,2668090.590893098],[4691112.388256432,2668413.099815208],[4689756.215471515,2668688.7015266875],[4689714.22280659,2669291.61015054],[4686949.171714913,2669647.817581298],[4683379.660870519,2669516.7266809247],[4681563.052021862,2668695.991764191],[4680804.917320231,2666868.776185018],[4675125.018159804,2665290.7796785412],[4675040.5345638115,2665496.4996282132],[4674969.108589346,2666516.2762540667],[4675042.808025873,2666596.507155764],[4675000.3343242835,2666715.7927804943],[4675084.368760389,2667108.3567344924],[4674944.515359882,2667347.5681847446],[4674977.294675194,2667459.5199879543],[4674895.520941969,2667643.9223125866],[4674793.8366164705,2669208.821319402],[4674839.341956908,2669867.444399569],[4674694.41305168,2670728.6731572105],[4674465.497373514,2674239.2356315004],[4674514.052360033,2674353.1327921627],[4674429.182049092,2674804.123490576],[4674434.895576765,2674925.72340304],[4675041.607078127,2675015.3838120755],[4674808.192025425,2678455.2845969656],[4661087.96600711,2677493.28059457],[4661929.848531085,2664542.4102248154],[4661895.555905504,2664358.1852302696],[4661067.3901196,2664330.364634484],[4660679.888710391,2662553.8247795943],[4654754.352643447,2661695.281353446],[4653343.016755108,2663103.168403201],[4652627.450188991,2665947.241789115],[4649935.449503382,2666251.1377368555],[4644289.988763096,2665889.0027434975],[4643543.883762469,2677351.624043771],[4653470.405441901,2678026.4691902306],[4653534.865292087,2677952.2138586557],[4653621.247093754,2676534.8130715573],[4653054.500485617,2676495.508116805],[4653007.942951375,2676419.786018559],[4653447.212589156,2670020.692850632],[4657753.668642029,2670298.2290829057],[4657612.837571325,2673103.653418338],[4657668.205840605,2673348.230392556],[4657552.355332947,2674240.874268605],[4657627.317424894,2674759.4915681733],[4657510.6197555065,2675018.87993488],[4657624.313693524,2675452.0998877413],[4657512.373215027,2675977.4018596886],[4657573.9734976655,2676860.804937091],[4657463.361464366,2677108.2881578365],[4657404.130429033,2677730.6087565944],[4657308.8832891015,2677778.0400646827],[4657211.901420775,2679249.8225717265],[4657830.840938531,2679372.241830287],[4657609.978035581,2682800.866847439],[4675991.819593029,2684050.1950862235],[4676460.740800933,2683981.269945211],[4676809.426809371,2684104.0586316157],[4677235.033715044,2684023.8091615923],[4677371.444721618,2684137.2409729147],[4678030.941893207,2684180.8330156966],[4678093.247241517,2684143.8221765785],[4678042.076649513,2683852.6544369715],[4678174.976975871,2683819.4660160374],[4678224.345975806,2683879.463476252],[4678333.487333318,2682210.9350423766],[4678238.95643424,2681762.567427851],[4678353.649640252,2681773.697707223],[4678365.9389809035,2681714.146410867],[4678498.503567348,2679683.661144831],[4678462.530184763,2679606.228754038],[4678259.130578413,2679645.680000394],[4678195.070971143,2679542.469042113],[4678511.2276387615,2679488.7651088494],[4678541.2259071525,2679029.1948520425],[4678353.630125578,2678953.0180494976],[4678546.3523502825,2678948.0573902726],[4678560.043059425,2678715.798350213],[4677328.156305813,2678627.7607951523],[4677347.036414099,2678133.188774259],[4677395.668803685,2678207.836048658],[4677500.3059056215,2678140.4671251094],[4677667.453961083,2678216.0677424553],[4677745.89595238,2678155.861022354],[4678270.483902442,2678191.1770950872],[4677552.324502723,2676893.475570986],[4676504.614603812,2675906.5567048034],[4676265.83498765,2675434.1980896187],[4676572.510286825,2674538.499051187],[4676585.818420932,2673982.6356254946],[4675776.093125365,2672524.262983007],[4676083.6036113575,2672273.153936237],[4676462.212635532,2672274.5191714694],[4676783.70995211,2672619.5562977386],[4677065.968475159,2673266.051112996],[4677226.968039905,2674005.0654522832],[4676841.766100789,2675344.5402950333],[4677053.056846543,2675712.5495185265],[4677880.463409653,2676400.1048573293],[4678489.781524796,2677263.815089599],[4678536.000452372,2677855.4519251273],[4678808.322823473,2678179.2332624537],[4681147.048131251,2678475.861939878],[4681512.334368339,2678409.784533349],[4682200.0483746845,2678527.455538559],[4682476.983920692,2678479.7200254733],[4683325.237396967,2678531.8384439284],[4683388.093805068,2678592.5726516717],[4683493.514130777,2678546.29341213],[4683573.56153324,2678767.0420276667],[4683382.586595195,2681690.955256542],[4683318.931233173,2681790.190965291],[4683360.860817844,2681757.8209526828],[4683362.976055863,2681992.1042426364],[4683912.344184594,2681674.725712483],[4684444.622533394,2681163.722659234],[4685083.779054208,2680385.3929437296],[4685628.795233922,2680429.4795404556],[4687079.141568693,2680867.5404697154],[4687539.570342204,2680487.3637338113],[4687766.995328925,2680600.9225787255],[4687663.049254259,2681212.6983683934],[4687366.280468663,2681424.2461988116],[4687095.379847491,2681479.8422369547],[4686223.567719484,2681075.3992313165],[4685574.516268295,2680959.4626448797],[4684750.547906715,2681703.267498155],[4684474.115907061,2682067.894251538],[4683454.439178875,2682591.514881065],[4683295.9323495,2683018.6710809073]]]}},{"type":"Feature","properties":{"flugjahr":"2007","gebiet":"Salzburg"},"geometry":{"type":"Polygon","coordinates":[[[4545433.304233052,2696687.3334777346],[4545542.089370829,2694191.3133366355],[4543043.044026301,2694079.3345785346],[4542934.278544667,2696575.3434450007],[4545433.304233052,2696687.3334777346]]]}},{"type":"Feature","properties":{"flugjahr":"2013","gebiet":"K\u00e4rnten"},"geometry":{"type":"Polygon","coordinates":[[[4691665.566629275,2615947.006139184],[4691652.14848806,2616259.8821717165],[4691692.66720611,2615992.9293809817],[4691665.566629275,2615947.006139184]]]}},{"type":"Feature","properties":{"flugjahr":"2011","gebiet":"Nieder\u00f6sterreich"},"geometry":{"type":"Polygon","coordinates":[[[4783243.922727868,2798609.2799383136],[4783103.725641324,2800479.5575891356],[4783224.290953882,2800312.4437231347],[4783495.309296759,2800166.999012102],[4783656.833044264,2799835.0348656466],[4783615.953462954,2799729.2894015443],[4784906.722004045,2800007.610967409],[4784759.952230314,2799735.839743112],[4784955.261329523,2799656.141209841],[4784966.887313012,2799442.487802512],[4783481.288307851,2798872.672740132],[4783460.744605823,2798773.386391542],[4783243.922727868,2798609.2799383136]]]}},{"type":"Feature","properties":{"flugjahr":"2015","gebiet":"Nieder\u00f6sterreich"},"geometry":{"type":"Polygon","coordinates":[[[4783103.725641324,2800479.5575891356],[4783904.056008495,2790693.0601671417],[4777676.997864802,2790157.8884419953],[4778760.25734974,2777203.7289318508],[4773778.339440744,2776775.9879374728],[4773861.593821449,2775779.541879912],[4768879.592649751,2775352.0140723614],[4768463.310971202,2780334.1928940336],[4738570.529181383,2777772.754295538],[4737571.65476755,2789729.040570391],[4741308.217922886,2790048.983298923],[4740724.894410547,2797023.700888131],[4783013.685909292,2800658.139123303],[4783103.725641324,2800479.5575891356]]]}},{"type":"Feature","properties":{"flugjahr":"2015","gebiet":"Wien"},"geometry":{"type":"Polygon","coordinates":[[[4783224.290953882,2800312.4437231347],[4782885.604955341,2800893.6697668727],[4782695.720658845,2800998.982536329],[4782721.774439742,2801175.187567325],[4782962.353154227,2801410.6829109867],[4783280.1075283475,2801483.354994948],[4783344.632710834,2801671.186165694],[4783656.139797684,2801573.597261566],[4783621.275792704,2801686.3402724946],[4782137.663622938,2801816.5507809017],[4781770.57967364,2801637.660184922],[4781635.33557282,2801896.0913737947],[4781651.234939722,2802383.961213393],[4781531.084130099,2802712.530913211],[4781316.858551405,2802966.6885518553],[4780624.094461249,2803193.2518324032],[4780404.02499492,2803412.738928202],[4780800.409740769,2803757.7121998793],[4780788.578475382,2804117.9197343634],[4781597.112947343,2805196.895770621],[4781793.074221046,2805747.339342628],[4781811.601214083,2806354.773640956],[4782004.677955873,2807039.0081452113],[4781739.482986115,2807108.989504279],[4781597.357504687,2807276.8475876334],[4782107.022976613,2807862.3782105376],[4781993.924635185,2808002.473990089],[4781455.671895036,2808138.639094063],[4781192.499294939,2808300.042899724],[4780942.682612881,2808863.8626260455],[4781155.751104663,2809137.4050407433],[4781103.502514771,2809256.6518690973],[4780709.831018485,2809287.794618831],[4780193.29556253,2809199.3296202603],[4780252.086679628,2809362.87305127],[4780654.41287033,2809597.216126726],[4780970.487170527,2810015.971724481],[4781143.6909883125,2809906.541328981],[4781091.627661119,2810103.7570342747],[4781165.143608399,2810140.3468044326],[4780724.455077353,2810385.4378296034],[4780664.872829545,2810526.1030261046],[4780684.283696585,2810671.0910222405],[4780601.63524201,2810755.5056283306],[4780704.618436497,2810874.9495262704],[4780706.057521862,2811172.476768628],[4780617.883236576,2811529.484766215],[4780768.664603414,2811990.7284348905],[4780751.925477206,2812220.249718562],[4781033.431868135,2812701.58267698],[4781390.466032408,2812996.7329059914],[4781304.687260735,2813264.3212179984],[4781305.273603486,2813646.6711954228],[4781470.942607026,2813869.683721827],[4781645.621636107,2813853.4247471285],[4781998.197268614,2813568.6215896616],[4782008.975850418,2813462.6723805764],[4782534.954915648,2813313.9622855545],[4783540.12695458,2812514.372077931],[4784072.881867267,2812353.5915187728],[4783857.218876436,2811705.5769147933],[4783940.929883187,2811449.395764727],[4784204.751833265,2811251.159993057],[4784581.73518779,2811353.029709265],[4784826.871749215,2811511.0338180135],[4785305.847690022,2811516.9252659553],[4785300.050641823,2811850.7573551903],[4785396.395128347,2812166.5164229292],[4785579.061572497,2812158.530716068],[4785777.174275424,2812323.5977296387],[4785879.651808318,2812488.8579936516],[4785831.215850458,2812590.5643181154],[4786221.282889861,2812925.366677704],[4786130.7676047515,2813146.964639924],[4785729.618977175,2813220.924029192],[4786070.309216614,2813244.6462577824],[4786553.848068131,2813524.1274670428],[4786846.525148794,2813508.113608928],[4787217.855949165,2813687.652952909],[4787391.486579805,2813968.09205304],[4787732.164146417,2814206.219213861],[4787855.452387887,2814405.6202320415],[4787633.035385557,2814696.335940751],[4787248.374911043,2814676.2237691055],[4787439.116182103,2815110.8004469546],[4787809.0500505585,2815319.1570218722],[4788025.541765167,2815320.940203341],[4788247.870351845,2815483.0090225707],[4788661.966616014,2815348.3553402093],[4789065.9533906495,2815624.6523111057],[4789286.240805161,2815651.386940878],[4789499.858478997,2816011.111704935],[4789701.109174035,2816157.554617248],[4790310.461184207,2816095.966809217],[4790403.547615662,2816170.6578740496],[4790520.38390555,2816523.648554044],[4790847.252025347,2816660.7149600326],[4791430.806242228,2817123.0603608554],[4791125.04722329,2817482.905602699],[4791613.186786189,2817692.5927605797],[4792069.170422727,2816982.7670229166],[4792804.9738892,2816882.087219679],[4793093.2620529225,2816769.400884933],[4793356.352635859,2816863.06454641],[4793101.193158602,2817084.095375119],[4793061.5850190185,2817424.0198325627],[4793842.041691722,2817658.8522066916],[4793888.520801039,2817996.127321613],[4793601.869877464,2818463.5772560113],[4793624.687300162,2818539.436028179],[4793845.08562873,2819158.628874602],[4794202.420511736,2819124.1337318267],[4794319.001634063,2819186.2663635863],[4794150.282809463,2819278.0281508663],[4794193.092308315,2819409.2351758885],[4794060.639573122,2819575.6088355784],[4794093.60899533,2819782.0713103404],[4793966.501475455,2820239.3672971786],[4793802.929197661,2820381.3439986934],[4793845.129457865,2820856.1132118287],[4794117.753010497,2821157.491555271],[4794395.339178379,2821126.7983012344],[4794435.555434104,2821265.781557845],[4794344.085552566,2821264.7574339407],[4794334.746804154,2821338.691102798],[4794513.212024642,2821342.523801704],[4794488.367661118,2821499.4850873672],[4794789.8796883905,2821549.151033097],[4794817.184110892,2821280.7935182583],[4794745.046866565,2821184.229815838],[4795414.402542055,2820969.380656896],[4795485.380226938,2821236.421523141],[4796520.806808736,2821711.4586100513],[4796987.2058006795,2821657.1085423185],[4797990.224708811,2821186.1838976354],[4798088.070923732,2820362.4321030583],[4798302.179283867,2819722.705078173],[4798421.484305176,2818444.886063838],[4800916.252352397,2816937.3266900037],[4801614.387573294,2816663.1666146936],[4801719.655952939,2817384.457729711],[4801448.432387276,2818437.3038031007],[4801431.15948598,2818872.515955026],[4802558.336061618,2818872.48584879],[4802549.261146472,2818802.068491229],[4803847.238697849,2818390.9416981274],[4803840.4137874795,2818295.919425239],[4803975.906161366,2818228.183966227],[4803881.827488937,2817763.9124815017],[4803726.547668414,2817529.3643509867],[4803494.524093638,2816846.5260720863],[4804064.956959904,2816610.404446721],[4804006.568186117,2816248.350997573],[4804477.710313676,2816193.5344432984],[4804625.834275193,2815940.769473811],[4805342.28620062,2815762.2907052548],[4805522.971038683,2815742.5135772075],[4805545.622057977,2815833.3045383566],[4805941.436195889,2816013.6021497827],[4806575.303320462,2815935.2502723723],[4806338.314648004,2814957.870079749],[4806209.569718383,2813652.7532809433],[4806861.048731119,2813694.74648365],[4806857.926881289,2813425.042689741],[4807231.8878341215,2813312.1673323065],[4806950.190955525,2811545.635018611],[4806951.309912066,2810746.151103479],[4806819.051961844,2810226.9377366663],[4806479.104406515,2809433.345206775],[4806383.629509465,2808934.8877590536],[4806876.863646798,2807973.733101949],[4806693.364773304,2807436.9913134095],[4806673.677961768,2807056.2626711344],[4806918.740381945,2806994.801721071],[4806962.483055609,2806902.2518398575],[4806933.02818843,2806792.1542272805],[4806660.337874198,2806958.818516125],[4806605.279293441,2806398.3309386075],[4806975.7114709625,2806009.308346499],[4806641.687018239,2806073.334499943],[4806672.694044535,2805947.9168760185],[4806848.362611539,2805892.732373952],[4807015.544148824,2805987.084728321],[4807271.452197131,2805943.114999697],[4807192.327378063,2806158.8963897545],[4807032.279756333,2806194.7420195485],[4806963.767919992,2806306.4850663776],[4807226.0834300015,2806382.0876732916],[4807302.122012849,2806498.728463366],[4807455.834051378,2806504.8519800124],[4807608.604314415,2806397.5801307065],[4807734.050845652,2805955.9675702937],[4807698.432000818,2805822.4425929533],[4807433.517216768,2805798.657881567],[4807450.080143119,2805722.97102793],[4807597.399070437,2805317.1659418372],[4807741.643345974,2805221.3206022605],[4807732.340604598,2805048.261995497],[4807965.876326165,2804823.1928808186],[4808237.744593056,2804775.697137869],[4808051.834423138,2804990.083643311],[4808220.968824795,2805079.8466276377],[4808331.293646688,2805051.242669975],[4808645.514456803,2804662.06516216],[4808815.913069718,2804881.995444897],[4809097.763211088,2805064.75723573],[4809326.897693639,2805092.950072954],[4809640.679904786,2804902.979893917],[4809752.114425246,2804608.447928297],[4809567.079477109,2804160.888527862],[4809906.027386076,2803764.634718467],[4809957.086216695,2801983.9944966515],[4807429.139331565,2802652.460017873],[4806045.55926126,2803765.876491596],[4805325.729980351,2804152.7302594855],[4805115.22406179,2804187.9107733564],[4804003.025390855,2803785.9387149652],[4803608.280213846,2804042.1787582575],[4803255.0753513565,2803609.958681711],[4802482.074101648,2803714.58562998],[4802424.729480884,2803392.475419114],[4801423.2466756655,2802073.4198135175],[4800967.074461375,2801654.461442739],[4800652.576183543,2801536.375055096],[4799336.26149551,2801327.9634897974],[4799364.201923355,2800690.529228838],[4799461.926842242,2800557.7955091908],[4799546.24833167,2799879.036665286],[4799794.365366739,2799366.687966874],[4798730.708429635,2799612.094986777],[4798554.691303182,2799336.4394062264],[4797928.6143945595,2799251.414991526],[4798005.864314231,2799021.5460899323],[4797677.465126294,2798968.864102263],[4797581.643171738,2799192.726678609],[4797405.334380491,2799280.781713118],[4797380.243261442,2799390.3173135985],[4795839.463892065,2799720.8045237884],[4794870.1598478565,2799759.8766251397],[4793841.941557289,2799908.799463789],[4793276.352258207,2800216.88027628],[4791301.54335907,2800621.772242333],[4791332.018540826,2800446.252493136],[4790957.173891261,2799122.5098142317],[4790622.371482747,2799200.3921970744],[4790567.632955274,2798535.8487597755],[4790511.2548157,2798508.7601032564],[4790168.3720870875,2798599.312049888],[4789475.815664479,2799077.7150736772],[4789496.924604056,2799238.8350850767],[4789381.049777457,2799533.128657523],[4788615.094176541,2799619.180438738],[4788338.8042998,2799521.900759873],[4788097.276464019,2799696.472089609],[4787428.959194437,2799841.5022034156],[4787063.887247707,2799785.6334014833],[4786696.209806558,2799457.366483312],[4786380.472816343,2799294.3201547437],[4785597.86168014,2799422.468342744],[4784825.075180409,2799209.8666297575],[4784038.8704551775,2798615.622328961],[4783584.636036319,2798408.182268435],[4783243.922727868,2798609.2799383136],[4783460.744605823,2798773.386391542],[4783481.288307851,2798872.672740132],[4784966.887313012,2799442.487802512],[4784955.261329523,2799656.141209841],[4784759.952230314,2799735.839743112],[4784906.722004045,2800007.610967409],[4783615.953462954,2799729.2894015443],[4783656.833044264,2799835.0348656466],[4783495.309296759,2800166.999012102],[4783224.290953882,2800312.4437231347]]]}},{"type":"Feature","properties":{"flugjahr":"2006","gebiet":"Tirol"},"geometry":{"type":"Polygon","coordinates":[[[4355932.125928498,2704781.6436736477],[4355886.883765341,2705373.605267157],[4355761.06320423,2705743.765032256],[4355974.998201102,2706315.5620671175],[4355850.737129353,2706692.584340365],[4355842.703998529,2707134.860806513],[4355628.049544752,2707396.9182237736],[4354687.413774367,2707515.303451641],[4354435.771039385,2707634.7214660104],[4354678.32023168,2707636.234527221],[4355021.639194769,2707763.7746268],[4355322.142018506,2707520.9796754033],[4355674.715762816,2707467.6571655],[4355901.741790157,2707148.6040992583],[4355906.156682857,2706706.2352233483],[4356078.424275137,2706274.957474096],[4355819.285285108,2705724.7243230776],[4355994.311022975,2705098.0448396085],[4355932.125928498,2704781.6436736477]]]}},{"type":"Feature","properties":{"flugjahr":"2006","gebiet":"Tirol"},"geometry":{"type":"Polygon","coordinates":[[[4391760.068547334,2707234.1549423197],[4392051.976896418,2707690.798593207],[4392076.299541518,2707881.9993398953],[4391807.725635259,2708251.1701191897],[4391529.069383159,2708417.808794492],[4390846.94790183,2708390.8087855806],[4389601.595790976,2708714.256226205],[4388900.142441585,2708492.0995892007],[4388463.2862259885,2708440.051288301],[4387648.966164884,2708031.165998393],[4387352.475098551,2708022.0680572987],[4386914.692824508,2708239.8469879944],[4386881.775487286,2708638.6505665593],[4387037.215743027,2709187.6509487247],[4386951.186975031,2709735.3623129153],[4387238.3419649135,2710044.740050329],[4387927.1810949,2710310.1593899634],[4388286.724576192,2710545.3601596733],[4388770.101812064,2710629.6909145876],[4389418.779881465,2710965.494903848],[4390132.47320147,2711174.9628080186],[4390390.450466193,2711316.0085660648],[4390486.185895047,2711483.390432933],[4390450.130021966,2711712.957627837],[4390520.7035318175,2712032.168006595],[4390231.294580874,2712396.893751821],[4390060.223443799,2712474.166339879],[4389779.02340548,2712452.6670494173],[4389388.944920047,2712306.371314939],[4389129.75174309,2712563.431791179],[4388779.954234762,2713252.699410128],[4388562.030678061,2713458.8507118057],[4388372.961010234,2714215.760028043],[4388222.614043472,2714408.2781335623],[4388052.70875507,2714446.968770795],[4386274.599016989,2714249.4512122977],[4385993.362457288,2714076.8689876455],[4385250.326830285,2714114.5212902334],[4385083.63281459,2714017.341684499],[4384781.694486127,2713601.603470023],[4384110.09268997,2713276.005839766],[4383932.151585039,2713370.9574485524],[4383376.169625152,2713408.9680941417],[4382623.922639107,2713148.1229700875],[4382195.853793213,2713160.590313531],[4381962.96643686,2713002.8317188635],[4382005.022677522,2713080.2224898087],[4382313.9764017025,2713248.2526547355],[4383638.491605279,2713563.161197195],[4384137.727507074,2713375.681410116],[4385175.150472177,2714262.1932885423],[4387954.198368741,2714602.2305644527],[4388279.363291863,2714562.046740201],[4388500.159457748,2714314.9048214536],[4389210.217215954,2712697.5882745488],[4389354.561630171,2712512.558342899],[4390070.891991794,2712633.048733849],[4390285.770691672,2712550.643618652],[4390556.165069173,2712284.7038954142],[4390667.032548226,2712039.688802218],[4390632.8636733405,2711455.192804958],[4390500.896617461,2711220.2736055474],[4390211.895119953,2711045.287355872],[4389515.634437463,2710846.4585056524],[4389332.3872207245,2710696.79608692],[4388358.121303778,2710445.218018468],[4387118.338721348,2709686.656274749],[4387066.682472807,2708433.2597930487],[4387567.976427835,2708191.601120036],[4389640.450868316,2708870.8458404513],[4391792.231283641,2708377.8933668057],[4392074.260957419,2708217.266104045],[4392163.088275988,2708032.73667092],[4392155.888374369,2707777.5559081514],[4391760.068547334,2707234.1549423197]]]}},{"type":"Feature","properties":{"flugjahr":"2006","gebiet":"Tirol"},"geometry":{"type":"Polygon","coordinates":[[[4381504.733844897,2712497.162725526],[4381821.992698839,2712627.4882934205],[4381834.440687757,2712523.963890204],[4381504.733844897,2712497.162725526]]]}},{"type":"Feature","properties":{"flugjahr":"2010","gebiet":"Tirol"},"geometry":{"type":"Polygon","coordinates":[[[4376520.360011336,2632503.7954943473],[4376515.82512739,2633300.997461253],[4376836.572958086,2633438.789348487],[4377241.070222137,2634411.4066123557],[4377462.945582949,2634714.599792125],[4376506.65196193,2634913.220734077],[4376503.18348681,2635522.694311345],[4377102.904293552,2635318.207829471],[4377640.64058227,2634973.0822735224],[4377684.5197924245,2634871.730096829],[4377332.4333935585,2633729.117657545],[4376985.633608324,2633665.8849430396],[4376977.171977561,2633307.298235296],[4376699.2596485345,2633059.425239462],[4376644.797584037,2632584.8193762945],[4376520.360011336,2632503.7954943473]]]}},{"type":"Feature","properties":{"flugjahr":"2009","gebiet":"Nieder\u00f6sterreich"},"geometry":{"type":"Polygon","coordinates":[[[4734672.351264524,2879407.9024592307],[4734952.867610362,2879319.1765202917],[4735069.224388877,2879277.362814949],[4734672.351264524,2879407.9024592307]]]}},{"type":"Feature","properties":{"flugjahr":"2006","gebiet":"Tirol"},"geometry":{"type":"Polygon","coordinates":[[[4458764.323307425,2698744.8388003977],[4459047.040998182,2697956.705286897],[4459125.749614834,2697946.222136186],[4459076.197195128,2697858.5672303215],[4459316.482933854,2697049.781828531],[4459773.803085089,2696144.6698833182],[4459294.395784313,2694913.354180535],[4459224.453126212,2692735.4785251184],[4459325.931297224,2692497.838770328],[4459436.637469263,2692463.329522192],[4459394.432997399,2692350.723250562],[4459618.421147359,2691965.1931147934],[4459717.937698893,2691340.0250968696],[4460458.847387097,2690970.645515901],[4460793.344672104,2690120.0473237545],[4460725.6948736515,2689641.301791313],[4460791.245086379,2689418.8017635043],[4460683.530163969,2689345.068164517],[4460901.742394916,2688726.7921359376],[4461545.404599993,2688145.0917192344],[4462240.617006053,2687264.676642512],[4462884.979551298,2685512.8342678556],[4463003.71248451,2685428.641086525],[4462909.219625479,2685375.599973917],[4462951.070142114,2685221.6264392817],[4463291.293972559,2684658.199994239],[4463283.707323205,2684430.6710713124],[4463545.188020141,2683807.076893745],[4463449.810365831,2683393.5295268437],[4463325.674615385,2683189.6329544582],[4462125.927234236,2682007.3915615845],[4461417.074588544,2681098.671001851],[4461494.031226155,2680823.826532569],[4461658.863985473,2680809.026912086],[4461709.2660631705,2680731.5893282252],[4461531.262720732,2680690.8577076923],[4461574.206918739,2680535.392597268],[4461409.759179409,2679915.438008651],[4460787.121468345,2678996.866205443],[4460790.787162271,2678889.322099008],[4460724.781345043,2678900.078863672],[4460510.9645296335,2678568.114371191],[4460466.9544363795,2678189.42361512],[4460359.639135236,2678030.724098944],[4459794.23942843,2678182.2086152188],[4458858.476744861,2678193.372233513],[4458736.615397217,2678099.1111253677],[4458685.366146087,2678187.647904479],[4455567.326098994,2678267.4389880034],[4454209.307289549,2677462.615104701],[4451691.455431544,2675742.7296498553],[4449422.816244244,2673065.4642613833],[4449595.866275119,2669884.6734916996],[4449297.821628439,2669088.9234982166],[4449087.643562842,2668823.943635951],[4448944.2103999425,2668782.1812654026],[4447805.253344861,2667773.5610320736],[4447751.80306761,2667348.026131442],[4447841.573247052,2667039.3550558994],[4448413.24538256,2667065.7442264357],[4449543.647877196,2668618.000377919],[4451605.374224728,2671068.9833359835],[4452030.198931626,2672202.5238600797],[4452535.704428259,2672767.905893544],[4453481.169172573,2673228.955859227],[4454635.870186587,2672894.79890101],[4455630.187967126,2672239.039463711],[4455741.018624416,2672247.098440838],[4455770.8150505535,2672146.2642571214],[4456865.137959361,2671686.336093723],[4457985.277225674,2671738.3104174146],[4459038.355624533,2671620.048987818],[4458866.300902554,2671134.87143585],[4458078.249878017,2670417.6652908474],[4455891.966453102,2669862.6183284293],[4454928.586975894,2668653.6086947625],[4456422.528866335,2667216.4669606406],[4457007.029071515,2666460.936942665],[4456843.844221668,2666018.371448118],[4456463.269374129,2665742.7801783863],[4455808.091880127,2665647.3548980993],[4455195.511764079,2664961.5647938494],[4455191.146272852,2664784.968882924],[4455444.036056828,2664763.7947769156],[4455964.951447561,2665131.233002453],[4457351.380420214,2665586.272040072],[4458977.027169775,2666758.550754481],[4458599.735578031,2668052.5744760716],[4458717.311674431,2669051.8228699816],[4459377.366753536,2670278.530940203],[4463400.080711042,2670665.8399375784],[4463499.291528814,2673049.392563975],[4464857.858171521,2673841.6339336555],[4466632.617135628,2674335.958550259],[4466704.243036507,2674876.6181425117],[4466240.002062517,2675236.0053153187],[4463924.031140998,2674898.886549457],[4463670.37809858,2675284.708603982],[4464069.099061717,2677814.598019921],[4464114.042075847,2679240.4924585833],[4464241.422636379,2679739.9412046825],[4464531.953467432,2680046.932632938],[4469425.0088772075,2679193.4850038486],[4471696.849399549,2678891.036396105],[4473015.634325925,2679418.2406696053],[4476212.847283884,2681458.713206747],[4479504.029293236,2681611.7617823295],[4479377.006902082,2684912.0170815475],[4480062.057145319,2684744.734742415],[4480109.919549057,2684176.5859237155],[4480329.207506612,2684065.8760750154],[4480728.294327746,2683194.6409149757],[4480560.463634235,2683165.268922636],[4480337.131426488,2682910.414286374],[4480372.562025851,2682838.6489663324],[4480107.360350408,2682712.2066036547],[4479832.518209523,2681935.0107858004],[4479799.305881996,2681566.4558342183],[4479615.359861698,2681376.3337805844],[4479627.007165288,2681171.4401067276],[4479464.467955504,2680812.6192876645],[4479268.113907435,2680537.9927746905],[4478881.112120356,2680290.691431725],[4479013.306669368,2679897.5740291458],[4479032.47089466,2679525.3096811753],[4479171.938629107,2679283.5155965835],[4479037.749851486,2679078.464105293],[4478964.905356324,2678726.3731885455],[4479237.546348309,2678694.9017469594],[4479281.117035073,2678469.950535545],[4478929.885084021,2678013.4980436414],[4478870.458344974,2677582.715388294],[4479060.779170344,2677278.9756953027],[4479015.811646443,2676933.263763749],[4479366.660047059,2676424.075800626],[4479487.619145072,2675793.997799413],[4479335.384198394,2675678.2333457163],[4479242.4195276145,2675238.8826534757],[4479338.023263592,2675017.468172351],[4479509.412566825,2674955.306458386],[4479719.458989401,2674684.21359564],[4479796.986408488,2674470.5541252834],[4479912.520916102,2673031.8575049844],[4479879.331551308,2672508.224445164],[4480487.545360519,2672212.928620444],[4481404.57592889,2671508.3604128566],[4481441.791739451,2671040.1567879645],[4481528.601234448,2670919.422422241],[4481484.794266001,2670189.6254346697],[4481569.810655732,2669861.271872199],[4481722.795673161,2669742.587811811],[4482741.954100987,2668075.268369819],[4482499.909763756,2667169.7210231666],[4482462.422245248,2666649.163387964],[4482656.211916621,2666386.1890346566],[4482753.308599214,2666366.5687324675],[4483237.226051625,2665452.718386539],[4483530.155348376,2665139.718589464],[4483302.593473633,2664786.6643359307],[4482871.157195333,2664719.3861720474],[4482067.625969024,2664243.0875191763],[4481326.466369568,2664546.103746386],[4480398.906161726,2664766.4180381405],[4479366.009073159,2663860.3043090072],[4478985.033949854,2662613.2669574968],[4477554.177274183,2662610.723759437],[4476978.5232875105,2662754.5971473344],[4476393.402154472,2662731.689668805],[4475970.901596888,2662352.9276172663],[4475684.663096017,2661544.0523264976],[4474782.626387137,2661055.3670102563],[4474184.5796006955,2661020.857028229],[4472821.775394305,2661230.604792833],[4471972.220987394,2660953.802546884],[4471464.390724968,2661144.711443457],[4471312.932067188,2661001.986464151],[4470927.771446785,2660270.5743137617],[4470301.612175694,2660159.3067445336],[4469850.4037329685,2660235.763022269],[4469674.300160214,2660044.492436386],[4469530.090875147,2659635.4761573765],[4469245.28905421,2659391.56171838],[4468892.549455372,2659357.3802352617],[4468458.105149821,2659682.3951144023],[4468045.389842609,2659695.7536278674],[4467180.836435171,2659297.441148323],[4466981.230850321,2658838.176842327],[4466624.457283647,2658695.3024115795],[4465550.552514891,2657890.9371133577],[4465373.91510523,2657514.028017957],[4465218.24294352,2657391.073693439],[4464270.345930331,2657311.9461771324],[4464074.074407731,2656934.6809100937],[4463876.675893581,2656775.2136409506],[4463073.291579702,2656761.8809251557],[4462327.683471078,2655668.312534035],[4462031.484624568,2655483.8706105207],[4461619.930877018,2655543.506935056],[4461428.647990857,2655483.906673964],[4461117.765925266,2654868.7820682046],[4460738.538765107,2654775.545065333],[4460103.2462017285,2654787.16626421],[4459616.67809646,2654392.1892515654],[4459265.374336308,2654280.620089245],[4458708.319166263,2654295.069226304],[4458323.918740497,2654397.874228884],[4457738.758395529,2654360.7083717557],[4457432.366673064,2654250.133301213],[4456951.316304011,2654253.6377350506],[4456351.4114425015,2653751.9764190777],[4456025.735120128,2653132.888518272],[4455855.185135369,2652537.379870656],[4455632.029078123,2652313.701591496],[4454875.571416638,2652213.81559891],[4454353.234660535,2651892.532998128],[4453977.945793638,2651856.7270664433],[4453316.792778486,2651964.5875052665],[4453057.467532194,2652108.668956785],[4452632.102568904,2652126.6088325186],[4452337.211028229,2652244.297546642],[4452235.594352463,2652378.929128718],[4452147.9233400505,2652823.913184805],[4451968.684639495,2652918.550250564],[4451879.658909576,2653225.451250038],[4451477.434473633,2653555.413766058],[4451290.807201877,2654043.135393364],[4450966.675303365,2654394.4026157022],[4449556.068650715,2654572.4790917267],[4448658.750718682,2654264.3800301827],[4448215.569615227,2654324.1909562415],[4447901.887009116,2654180.697334594],[4447634.749334362,2654178.157063622],[4447440.187336101,2654278.1335554766],[4447256.080611562,2654511.333835273],[4446777.491684635,2654739.4014851763],[4446457.067208385,2655060.942638018],[4445561.9121526135,2655564.270849837],[4445155.459929289,2656011.1845923373],[4444608.252879248,2656333.6624779287],[4443958.2071542395,2656535.209379346],[4443553.608102325,2656460.296225249],[4442747.975581766,2655824.8867444634],[4442009.577756267,2655802.3088686704],[4441525.868841877,2655504.316620434],[4441516.75852481,2654909.6957051107],[4441214.618090815,2654631.3590141847],[4440575.454228107,2654316.9592915205],[4440222.733937468,2654233.0910652317],[4439952.815084243,2654009.4944937816],[4439278.554713216,2653955.3516844623],[4438790.557630347,2653653.8252036516],[4438666.438723324,2653449.5520261913],[4438396.875376477,2653291.5941226273],[4437941.268318381,2653298.672013405],[4437517.754969109,2653722.027776682],[4437439.68749954,2654180.989032075],[4436999.837958261,2654568.68505177],[4436696.133282626,2654671.0224574595],[4435982.817108162,2655276.940302357],[4436108.531169972,2655277.6194140194],[4436117.668543742,2656109.9155768678],[4435999.612984217,2656531.896422363],[4435995.512251506,2657195.2765437113],[4435556.811248071,2657706.4476873768],[4435365.141882316,2658248.9267911683],[4434775.443176832,2658522.5017854893],[4434238.611467112,2659293.564470714],[4434435.20181554,2660237.1414627293],[4434481.841335414,2661070.8218275686],[4435172.170187862,2661431.408340126],[4436663.167278327,2660154.2346885414],[4437780.527635611,2659817.5816214727],[4439930.592258184,2659484.549793789],[4440130.745421897,2661190.1099858517],[4436799.544394966,2661806.5031700945],[4436316.3100484535,2662093.074323525],[4436876.292847014,2662438.6263571437],[4438419.229321084,2662848.950059342],[4439262.173988175,2663223.6834519673],[4440811.649595252,2664590.218380117],[4441610.293653773,2664778.446027695],[4441851.945318603,2665217.7599860034],[4441430.134913602,2665761.1535971407],[4438714.082640087,2663742.7088601002],[4437579.159597511,2663376.0876378696],[4436537.945842479,2663248.046514806],[4435501.720453353,2662810.288838359],[4434266.815022755,2662653.0998935457],[4433512.538382141,2665895.569274643],[4433008.436028698,2666407.065177376],[4432626.512408182,2667192.3394928267],[4432992.86450702,2667171.3207099033],[4433553.701071557,2666860.5971345752],[4434157.341234494,2666812.8793892134],[4434738.692653263,2666609.180587876],[4435260.435621863,2666527.0589482132],[4437026.819491969,2666704.427306201],[4437803.362907963,2666915.4389544344],[4438009.049645266,2667226.28030483],[4437873.452934222,2667762.0810687244],[4437750.4588512005,2669451.555215912],[4438132.270942699,2669594.6029795925],[4439083.587055766,2670551.802919872],[4439735.377373597,2671721.5564270327],[4438736.740532039,2672626.309827639],[4437863.390093726,2673119.711117386],[4436817.829208152,2673308.6175044943],[4436404.617353162,2673309.101397256],[4435403.905947285,2672447.7405829774],[4433875.761040983,2671400.427421255],[4432489.217143083,2671100.2563031116],[4431734.94958201,2673195.450955858],[4431658.6393482415,2673250.9967056257],[4431180.386146967,2674740.1940903245],[4430595.769823102,2676077.962137062],[4429497.98882277,2676732.5789422966],[4428811.953199191,2678147.767343855],[4429001.95860657,2678721.4577539973],[4431010.151343096,2680667.6555862324],[4434926.614117427,2682363.4988645012],[4435943.318866551,2682725.044430432],[4437143.1599904355,2683028.392557593],[4438647.144376873,2683240.0701498045],[4439804.873312968,2683470.759424373],[4439809.244057351,2683554.8494702633],[4440293.674214224,2683567.7764255577],[4444029.090718088,2684506.1919983686],[4445056.434885046,2685232.5506517948],[4445590.308831507,2685265.372057297],[4446456.408423891,2685719.9939433876],[4446869.077172606,2685834.494955223],[4447586.45803701,2685825.1923167207],[4447804.671665862,2686120.2261552694],[4447895.305647823,2686100.4975061463],[4448562.205097225,2686769.3480747496],[4450143.009592208,2688010.1113252793],[4450161.468374352,2688136.1787278266],[4450287.76255731,2688104.0675285514],[4451974.66886629,2689549.4756657756],[4452873.043686731,2691463.087202855],[4453229.677537394,2692506.245820187],[4453750.7436772,2693401.1307348176],[4453873.038538062,2693447.393326012],[4453934.562695566,2693842.02075173],[4454572.297164776,2695058.454542699],[4456351.492920633,2697043.1202065777],[4457077.829634125,2697710.1049183914],[4457443.126352984,2697871.763165788],[4458764.323307425,2698744.8388003977]]]}},{"type":"Feature","properties":{"flugjahr":"2007","gebiet":"Nieder\u00f6sterreich"},"geometry":{"type":"Polygon","coordinates":[[[4747250.828521594,2853787.56921707],[4742269.714689251,2853359.350330184],[4728571.356849293,2852182.8335687593],[4728571.340348817,2852183.03045911],[4747250.828521594,2853787.56921707]]]}},{"type":"Feature","properties":{"flugjahr":"2008","gebiet":"Nieder\u00f6sterreich"},"geometry":{"type":"Polygon","coordinates":[[[4763439.15228489,2855179.5799477417],[4747250.828521594,2853787.56921707],[4767174.767049178,2855501.963431893],[4763439.15228489,2855179.5799477417]]]}},{"type":"Feature","properties":{"flugjahr":"2018","gebiet":"Tirol"},"geometry":{"type":"Polygon","coordinates":[[[4357577.176254919,2645304.4803683264],[4357704.081609295,2646028.9097760376],[4357583.474277082,2646203.432510459],[4357544.1333431015,2646690.656826778],[4357343.667969491,2646949.5127609763],[4356399.979477716,2647501.695955761],[4353863.176168751,2648699.7531058416],[4352790.408452883,2649090.560186276],[4352596.076921117,2649500.843650389],[4352572.44847129,2650998.7283802135],[4352488.789080536,2651232.5069469884],[4351397.411495567,2652408.349032818],[4351086.810187091,2652404.6443918003],[4350868.694926694,2652715.40460156],[4350232.4877028605,2652739.710525666],[4349915.174692502,2652376.441031703],[4349674.897065227,2652252.920518544],[4348900.123728508,2652222.126581599],[4348153.413989721,2651921.2118304335],[4347898.65229932,2651550.966391591],[4347713.396704621,2651098.63830235],[4347439.287159855,2650789.553264957],[4347285.088248665,2650252.474184108],[4347070.666551062,2650130.407580564],[4346613.664193992,2648705.9543353086],[4346121.4328937195,2648007.3834444177],[4345787.140249761,2645695.683142069],[4345719.694226353,2645481.144448339],[4345514.108852921,2645235.3552505076],[4343677.233492418,2644510.016715187],[4343392.241730019,2644551.431234639],[4342922.338260469,2644834.7251008186],[4341337.674002027,2645368.218005618],[4340698.785341134,2645280.492018746],[4340181.301250452,2644898.232788749],[4339831.28949473,2644418.0136701744],[4339653.367641218,2643977.658616404],[4339616.332895916,2641248.524771977],[4339448.818449952,2639118.9198661847],[4339200.160258334,2638689.1686356734],[4338812.829402498,2638533.8702388443],[4336755.88071022,2638536.1363516],[4336364.7428205805,2638462.7326539736],[4335904.110247533,2638182.0026919837],[4335251.351920775,2637421.3239548625],[4334513.454236708,2637016.0651078084],[4333371.493988071,2636726.6477334057],[4332986.957726251,2636475.9900182],[4332759.957734506,2636485.2237848155],[4331630.875748508,2636970.1507449355],[4330968.082802618,2636971.449814739],[4330891.694511572,2637088.140427772],[4330939.113560975,2637160.4647605466],[4331493.789461247,2637116.1873607505],[4330841.848920726,2639430.5111511257],[4330537.064058002,2639874.378451853],[4329408.959556072,2640878.459965313],[4328659.500948077,2642117.2505301596],[4327908.038864303,2644700.763642447],[4327757.6539357295,2645666.823938558],[4327877.440328969,2646026.797473709],[4329004.302855826,2647499.3608610653],[4329782.602272976,2647921.4836697257],[4330160.791014285,2648366.9809586583],[4330991.822591905,2650158.6844137404],[4331252.268483244,2651044.6070662867],[4331064.4054549355,2651792.8393220766],[4331141.666629417,2652300.52918724],[4331388.494198784,2652533.1306527737],[4331745.718577042,2653096.738224256],[4331767.903218801,2653655.7700761226],[4331565.35084336,2654201.4284362947],[4331252.034191983,2654532.464308214],[4330571.263217803,2654945.2560734106],[4329776.328358082,2656160.3275521095],[4329683.149655596,2656426.582880117],[4329710.093839895,2656731.965671774],[4329864.275129272,2656995.445765622],[4331444.601305171,2658316.774903666],[4331709.371742314,2658769.220366076],[4331812.582537401,2659152.862703615],[4331782.3980731545,2659605.9212226844],[4331649.974402047,2659936.9802248045],[4331125.766019908,2660513.8340058364],[4330916.788868247,2661011.927434953],[4330523.957860484,2661313.0398871973],[4330390.973186335,2663075.3484529424],[4330469.125206529,2663439.6498824563],[4332465.447040617,2667234.4403863866],[4333798.035880578,2668050.1130767935],[4334142.311964377,2668110.935337832],[4334863.688667628,2668014.4311275706],[4334861.788834764,2668451.069530152],[4335018.026553785,2668655.5963434284],[4336370.0335721895,2668906.391491128],[4336180.019303659,2669198.4342652694],[4336159.357169566,2669580.8737601447],[4336538.138177906,2669455.235566958],[4337404.101885885,2668381.9494328997],[4337716.14072472,2668189.92321175],[4338482.7698815325,2668047.918508264],[4339405.392014286,2668004.021117434],[4340509.444516664,2668570.436991201],[4342117.08849235,2669801.115318817],[4343383.014471988,2670256.6148926937],[4344118.644732018,2670289.483841392],[4345085.06106888,2670454.510691392],[4346484.004507346,2671005.686761762],[4347499.7998652,2670988.7514476273],[4347786.338060536,2671077.5778528703],[4349824.514191154,2671282.0278927623],[4351438.05757181,2670970.8221951677],[4351617.056039361,2671049.6461582882],[4352171.086684404,2671005.729324217],[4353281.156173331,2669996.582040133],[4353566.744892219,2669376.928060616],[4353956.321917683,2669047.272415348],[4354628.326375301,2668958.0963970767],[4355311.918191522,2669267.9955920056],[4357105.728020393,2668724.4822720974],[4357564.719049805,2668393.6406105575],[4358280.023089248,2668426.722319034],[4358728.63476506,2669283.1899795746],[4358913.459353131,2669927.9539157804],[4359578.646124832,2670117.361394675],[4360366.540284392,2670473.4885686724],[4361416.102247026,2670461.7719018734],[4362095.805779134,2670575.930770524],[4364436.5198060945,2671730.1815831154],[4365198.812701546,2672931.263355188],[4365418.814469467,2673422.8073786837],[4366404.130187437,2673729.401345608],[4367828.794809621,2674486.1596487574],[4369079.763821224,2675003.038417625],[4369380.462123218,2675613.6070591807],[4369937.275234358,2676101.5971171847],[4371605.262654577,2676909.00082761],[4372573.352948219,2677549.153694914],[4374596.281328657,2678566.437835631],[4374623.923249613,2676082.2596544344],[4375029.171560872,2676000.7271873667],[4375356.9081458645,2675609.6012644554],[4375541.8719462985,2674520.694560066],[4375477.672039262,2673768.9570845203],[4375034.856355532,2671820.413172207],[4374581.196333617,2671138.989187957],[4374906.0430567935,2669389.9064405207],[4375381.175849856,2669699.689568133],[4375974.598939277,2670387.569191448],[4376246.613918929,2670387.716352504],[4376351.9432174,2668428.507631568],[4375885.6420925,2668114.129014093],[4375101.134452724,2667017.0212453846],[4375018.892131694,2666219.3618645375],[4375706.6203267,2665196.67226532],[4376171.846512286,2664822.1129505658],[4376161.379401476,2663689.7548765466],[4375396.766801268,2664168.4619123726],[4372628.887854013,2664461.9384700786],[4372622.88553567,2664554.9835550906],[4370858.490501395,2664578.344088818],[4370403.609896567,2663537.584076065],[4369758.374667992,2662868.4229984],[4369347.801102421,2662275.600624758],[4369389.542923709,2661813.4023795985],[4369137.1468507685,2661364.410046817],[4368716.06635651,2661168.837360938],[4368128.030498039,2661232.7157258373],[4367039.058158143,2660616.4990902264],[4367155.593798693,2659896.9536691587],[4367049.683174791,2659494.012962574],[4366115.282077188,2658904.148330507],[4366149.400756147,2658537.178893282],[4366960.518506534,2657045.56209557],[4366802.373596882,2656177.8202363774],[4366680.5300192395,2656027.500684956],[4367143.055468796,2655298.9877408114],[4367147.04730462,2654628.4524324797],[4370469.486274623,2654642.5247244295],[4370520.068093837,2654537.8491146085],[4370658.139595643,2653145.863271463],[4370567.017926502,2652510.6528862948],[4370635.387714032,2651109.7510034456],[4370525.583200562,2650538.848721507],[4370654.085970327,2650196.625845713],[4370665.487938626,2649415.791823547],[4370496.23047053,2649301.269043137],[4370505.560179653,2645953.473282223],[4370421.959997622,2645881.568164631],[4370508.801818637,2645702.0426156526],[4370509.681313545,2645128.272425298],[4370390.798641946,2644860.042142527],[4370351.978863856,2644333.784273394],[4370514.221298783,2644186.77053796],[4370518.595337562,2643421.270780786],[4370356.105061933,2643315.7789428667],[4370421.435126186,2642649.2607034175],[4370522.365356895,2642485.3016443676],[4370522.2517513735,2642303.4700107337],[4370410.760259086,2642232.7408290463],[4370525.202595963,2641866.102620911],[4370390.065809565,2641716.5379219637],[4370512.683517383,2640625.3349348186],[4370452.14980751,2640258.2703580116],[4370335.212917943,2640129.344711042],[4370443.959674311,2640079.267096203],[4370534.896607778,2639796.5723909605],[4370547.168030916,2638732.504558624],[4368867.945651011,2638486.620170057],[4365556.417130106,2636699.700606819],[4364850.52928954,2636079.5114113432],[4362775.3718596725,2635436.281772907],[4362333.03571267,2635538.494935792],[4361852.577806486,2636045.3307468994],[4361420.703790832,2636279.517135601],[4360189.2030913755,2636416.5451149466],[4358241.804657575,2636842.859423988],[4356529.079546671,2637429.84521789],[4356289.019928486,2637631.6505175987],[4356161.619631937,2637916.4799102787],[4356227.412138301,2639880.2059518206],[4355941.551300979,2640705.5159260267],[4355775.234057468,2640759.2493525143],[4355752.51559332,2641367.741847422],[4355845.873852194,2641664.0215690504],[4356755.169295103,2642622.8686921145],[4356781.549979292,2643248.8254704224],[4356993.172198146,2644309.381055117],[4357235.632473807,2644991.4317758502],[4357577.176254919,2645304.4803683264]]]}},{"type":"Feature","properties":{"flugjahr":"2010","gebiet":"Tirol"},"geometry":{"type":"Polygon","coordinates":[[[4382881.711673087,2628816.3957129894],[4383250.070700592,2628590.809495912],[4382721.389410558,2628336.443187223],[4382526.994124156,2628328.009110232],[4382347.895455418,2628466.1899438472],[4381698.523946511,2629164.4044799004],[4381884.831281675,2629474.6329363263],[4381950.83539485,2629796.8371304935],[4381762.177219967,2629988.704141563],[4381456.090039352,2630065.7618623218],[4380988.428721906,2630460.916619504],[4381683.498242134,2630255.570212435],[4382062.690733827,2629654.8251983374],[4382881.711673087,2628816.3957129894]]]}},{"type":"Feature","properties":{"flugjahr":"2010","gebiet":"Steiermark"},"geometry":{"type":"Polygon","coordinates":[[[4757835.929742198,2659010.2402956383],[4756194.461343434,2658862.5368403336],[4755812.323476469,2660635.165023859],[4756269.636141481,2660713.5018886547],[4757308.482689317,2659771.8836981426],[4757835.929742198,2659010.2402956383]]]}},{"type":"Feature","properties":{"flugjahr":"2009","gebiet":"Steiermark"},"geometry":{"type":"Polygon","coordinates":[[[4756194.461343434,2658862.5368403336],[4757835.929742198,2659010.2402956383],[4758087.133656773,2658641.9910771865],[4758153.0080073355,2658052.4826619853],[4758065.813579114,2657779.163780211],[4758204.454919223,2657609.446480832],[4758204.722356567,2657260.1218009535],[4758347.439053676,2656631.1524009407],[4758612.900563336,2656447.319381138],[4758643.657029286,2655996.3166993246],[4759066.999555946,2655340.3739860645],[4759025.611152568,2655050.1721956935],[4758542.908224777,2654819.5080303242],[4758600.420049981,2654054.4551858087],[4758544.843166105,2653653.491614122],[4758822.459340527,2652962.746360506],[4758793.454646433,2651702.213995208],[4758633.593834766,2651166.2818730557],[4758691.809907391,2650865.7080722656],[4758200.347610773,2650079.1335047046],[4758111.924331228,2649352.3527701013],[4758189.505009565,2648471.148860988],[4757950.918382028,2647948.58285862],[4757972.185330827,2647416.085858212],[4757703.9616862545,2646608.889392546],[4758077.900373474,2644881.709851061],[4756865.489951885,2645212.676392017],[4756391.538863529,2645491.908875865],[4755969.726096848,2646595.3047707314],[4756342.731927449,2649451.228889607],[4756443.962399666,2650870.2396460623],[4757135.990136261,2651880.3375650933],[4757174.472579149,2652374.5876460816],[4757026.087543925,2652606.908504823],[4756901.4653906375,2653257.7266938505],[4756668.0759585565,2653830.41802362],[4756813.28771758,2654517.8160609715],[4756696.388606342,2655358.1791591835],[4756753.2119423505,2656646.048596045],[4756407.146661909,2658236.489668306],[4756194.461343434,2658862.5368403336]]]}},{"type":"Feature","properties":{"flugjahr":"2010","gebiet":"Steiermark"},"geometry":{"type":"Polygon","coordinates":[[[4743771.165275073,2657803.6858082134],[4741109.0936113745,2657577.928301026],[4741178.904748764,2657878.192170359],[4740943.868674842,2658717.0720033105],[4740924.507895482,2659983.3531453907],[4741185.602172654,2660746.1736966786],[4741564.183892698,2660975.9448670866],[4742602.39924399,2661170.2777327597],[4743137.287372182,2661009.9363871557],[4743549.34796841,2659056.212321693],[4743725.36343686,2658742.0828845976],[4743771.165275073,2657803.6858082134]]]}},{"type":"Feature","properties":{"flugjahr":"2009","gebiet":"Steiermark"},"geometry":{"type":"Polygon","coordinates":[[[4741109.0936113745,2657577.928301026],[4743771.165275073,2657803.6858082134],[4743802.861984955,2657154.1996403495],[4743654.570766819,2656605.814606002],[4741151.499043521,2655207.473199649],[4739932.992547651,2655333.1092646862],[4739585.408511271,2656340.9170275265],[4739772.668983213,2656616.8477035384],[4740127.200057462,2656778.427643156],[4740423.757306446,2657097.466185978],[4741109.0936113745,2657577.928301026]]]}},{"type":"Feature","properties":{"flugjahr":"2010","gebiet":"Steiermark"},"geometry":{"type":"Polygon","coordinates":[[[4755509.275446482,2720010.5144607835],[4763051.864905539,2720471.678899227],[4765813.621621732,2719822.8946573376],[4768705.968808116,2718531.4604537506],[4771498.923491007,2716227.153597899],[4772926.862949159,2711496.856385328],[4772178.004911694,2711423.5834506354],[4772207.418766143,2710431.802616221],[4771261.847614715,2710335.310414988],[4771660.514991295,2705394.3021538835],[4769681.045169474,2705197.4491451113],[4769835.550655094,2703241.9038277334],[4768859.470060886,2703118.213015817],[4768927.77399477,2702161.7367097973],[4768876.380915012,2702120.1787766595],[4767937.042659475,2702033.7973022894],[4768180.773066575,2699048.8554968727],[4766191.610815707,2698877.3914254],[4766312.3533018995,2696885.4860470407],[4764361.135396561,2696711.6260259966],[4764404.022457025,2695718.464217201],[4759460.594578717,2695287.6815304863],[4759701.84991574,2692362.0378275216],[4759666.469640452,2692304.1234286474],[4756718.413107579,2692040.2759371507],[4756914.822665157,2689059.3954379316],[4728047.272908525,2686600.189879283],[4726990.3307088865,2699513.320245526],[4728937.1872575665,2699716.420179139],[4728975.166407281,2699774.942740836],[4727091.314475181,2722580.393783708],[4737053.277796182,2723250.3338561314],[4737435.175928831,2718278.3695487203],[4755459.63355148,2719505.891911849],[4755509.275446482,2720010.5144607835]]]}},{"type":"Feature","properties":{"flugjahr":"2009","gebiet":"Steiermark"},"geometry":{"type":"Polygon","coordinates":[[[4759535.100721985,2720281.2584160073],[4759435.640526006,2721961.6763967555],[4763535.622808613,2722031.2345111035],[4764998.357028302,2721882.3915175777],[4767241.542241933,2721319.523041423],[4768203.818589209,2720876.8253175495],[4759535.100721985,2720281.2584160073]]]}},{"type":"Feature","properties":{"flugjahr":"2009","gebiet":"Salzburg"},"geometry":{"type":"Polygon","coordinates":[[[4545433.304233052,2696687.3334777346],[4542934.278544667,2696575.3434450007],[4542825.484666089,2699071.3702110685],[4545324.490816573,2699183.371421536],[4545433.304233052,2696687.3334777346]]]}},{"type":"Feature","properties":{"flugjahr":"2009","gebiet":"Salzburg"},"geometry":{"type":"Polygon","coordinates":[[[4515419.30894648,2730358.002483092],[4515971.142093879,2731550.3450441747],[4516355.389673518,2731899.36234639],[4516420.747566807,2730402.7212714627],[4515419.30894648,2730358.002483092]]]}},{"type":"Feature","properties":{"flugjahr":"2009","gebiet":"Salzburg"},"geometry":{"type":"Polygon","coordinates":[[[4523796.492387603,2733498.5885769287],[4523808.058679239,2733233.9155381033],[4520727.334744687,2733096.1608777153],[4521172.280259904,2733464.6352294693],[4521595.09780888,2733455.841798461],[4522060.800588008,2733654.3583374196],[4522523.229450062,2733713.737103809],[4522938.602312666,2733583.0977164265],[4523496.855731572,2733694.5580698363],[4523796.492387603,2733498.5885769287]]]}},{"type":"Feature","properties":{"flugjahr":"2009","gebiet":"Salzburg"},"geometry":{"type":"Polygon","coordinates":[[[4567706.003156574,2702690.0611547753],[4567815.217797649,2700193.9257466346],[4557819.421682119,2699744.2257779427],[4557928.332651128,2697248.1357289017],[4552930.343280407,2697023.6444319533],[4552821.471196521,2699519.7145708445],[4550322.484528914,2699407.5436192644],[4550213.603911891,2701903.621027468],[4547714.629626897,2701791.4959314563],[4547496.822257813,2706783.682050647],[4544997.880152082,2706671.591244101],[4544888.953182347,2709167.699486406],[4539891.089760179,2708943.6621638993],[4539782.172506187,2711439.764823835],[4544313.110529115,2711642.8844690938],[4544553.703320365,2711464.9184153937],[4544921.725935646,2711390.2870652652],[4545091.016587857,2711962.1167523353],[4545033.748211555,2712280.8539368347],[4545179.434845711,2712546.1348456405],[4545450.561612275,2712603.7748314915],[4545601.791925066,2712549.334666656],[4545715.924595417,2712385.7100194567],[4546173.457772323,2712227.3684787597],[4546412.79927876,2711869.93079024],[4546810.358273629,2711953.8211313104],[4546927.912574756,2711901.52457417],[4546908.9698143015,2711104.876792367],[4547167.185256554,2710897.561658932],[4547426.224499109,2710351.2377793053],[4547557.068069757,2710301.749154976],[4547763.544264722,2710491.960325172],[4547893.364303958,2710809.3603615086],[4548295.55352556,2711140.700831603],[4548453.362970782,2711665.479163737],[4548733.169768237,2711934.652738084],[4548988.894267881,2712415.306993368],[4548966.0869935285,2712648.3420372573],[4549047.155502733,2712865.0575542413],[4549205.746091842,2712953.311462165],[4549578.966675768,2712986.1341771996],[4549851.313698731,2713240.1157774567],[4550186.863159407,2713216.991838683],[4550489.419958916,2713483.7839215435],[4550448.454082825,2713780.5942825363],[4550599.161334875,2713998.473195537],[4550539.677417052,2714423.379561624],[4557164.731541966,2714721.10646225],[4557382.883605722,2709728.3304311484],[4559882.628260245,2709840.7523751683],[4560317.635314969,2699856.7124342145],[4567815.014873344,2700194.121762856],[4567706.003156574,2702690.0611547753]]]}},{"type":"Feature","properties":{"flugjahr":"2010","gebiet":"Salzburg"},"geometry":{"type":"Polygon","coordinates":[[[4552167.649451502,2714496.503912335],[4550539.677417052,2714423.379561624],[4550419.258724562,2714678.28857446],[4550405.60012296,2715904.584276711],[4550155.111892108,2716131.4400858297],[4550126.822310258,2716563.2300136434],[4550343.688921894,2716753.18557489],[4550352.88098514,2716874.0351985255],[4550086.296967377,2717112.0450290907],[4549707.896944643,2717239.788413601],[4549330.066213591,2717573.656602645],[4549148.701818988,2717847.5412756233],[4549169.939061019,2718216.948239883],[4549380.777737354,2718450.3748367834],[4549443.943644484,2718703.4556359113],[4549552.983104667,2718768.5336857503],[4549583.5627559265,2719130.6759913615],[4550085.981200786,2719561.412164252],[4550128.514905513,2720000.5688361255],[4550449.890772166,2720225.9995664023],[4550872.788224296,2720750.3301292355],[4550846.225797779,2721129.2874610173],[4550529.647299327,2721291.779484249],[4550373.079021075,2721653.948426231],[4550155.292886489,2721909.4200670915],[4550212.013608599,2721911.968162374],[4550585.887100415,2721324.4004960964],[4550900.761645202,2721166.0620368677],[4550929.06695871,2721048.611012646],[4550911.054817886,2720759.5823261673],[4550687.120995059,2720427.7026883257],[4550157.203961151,2719956.637499331],[4550172.224584729,2719578.7457934753],[4550084.907854485,2719451.621921243],[4551949.482080656,2719488.953845891],[4552167.649451502,2714496.503912335]]]}},{"type":"Feature","properties":{"flugjahr":"2010","gebiet":"Salzburg"},"geometry":{"type":"Polygon","coordinates":[[[4557164.731541966,2714721.10646225],[4554666.513685397,2714608.792164533],[4554448.311032453,2719601.213915173],[4556946.494818141,2719713.548109393],[4557164.731541966,2714721.10646225]]]}},{"type":"Feature","properties":{"flugjahr":"2009","gebiet":"Salzburg"},"geometry":{"type":"Polygon","coordinates":[[[4524025.428556621,2710652.506625714],[4524788.59209001,2710768.908701641],[4524679.760414222,2713264.9530153647],[4527178.679560584,2713376.637659885],[4527287.530272127,2710880.5799234924],[4529786.465846913,2710992.3065153924],[4529895.30666232,2708496.2529731644],[4519689.533480243,2708040.406445892],[4519470.469069908,2708528.191408875],[4519533.161453813,2709111.5406862115],[4519483.568565874,2709183.8297029906],[4519754.681556776,2709432.7926515997],[4519956.430050848,2709392.3097201595],[4520150.479338774,2709576.438993684],[4520463.9522289345,2709625.2475054315],[4521083.217617105,2709573.9719420024],[4522032.964137517,2709306.7733153487],[4522179.054666396,2709475.952656921],[4522636.904456319,2709583.4370209645],[4523419.13940414,2710416.261498727],[4523617.045601513,2710377.313908917],[4524025.428556621,2710652.506625714]]]}},{"type":"Feature","properties":{"flugjahr":"2009","gebiet":"Salzburg"},"geometry":{"type":"Polygon","coordinates":[[[4541521.418336781,2671504.2542836484],[4549019.096939036,2671839.8864917606],[4549394.834062806,2663195.7303833356],[4548822.145828683,2662604.3310814616],[4547804.815266301,2662139.6619737335],[4547586.442024605,2662441.0547680636],[4547091.452012226,2662443.773738076],[4546759.951669907,2662348.5260615353],[4546231.554950048,2662454.1201244867],[4545605.965493185,2662899.2133029024],[4545393.595780558,2663338.4587890743],[4545352.0556816235,2664294.751449418],[4544495.097404284,2664760.9832982514],[4544461.171563473,2665262.182364355],[4544141.939322874,2666016.6745708724],[4543923.294323655,2666294.8095715363],[4543983.386092422,2666615.315151178],[4542587.229181735,2667173.6041733264],[4541694.881206787,2667071.408734434],[4541427.625449246,2667106.349489045],[4541239.484274695,2667028.8989673257],[4540551.94455012,2667058.1027812613],[4539976.566175086,2667403.073397519],[4538064.533042207,2666894.3910750337],[4537564.396569504,2666975.6192578035],[4537054.983094903,2666909.7394702495],[4537025.185330866,2666976.3648685124],[4536311.654703491,2667062.499119925],[4536161.4176075235,2667220.488453118],[4535900.209088452,2667926.46616357],[4535548.3057362735,2668019.9751141774],[4535286.85426202,2668191.120541737],[4535059.407794966,2668442.116470021],[4535003.885574918,2668744.7687423546],[4534876.410950866,2668820.868749617],[4534491.447705893,2668736.180874598],[4534131.089921368,2668776.443455782],[4534074.978335224,2668496.8807090567],[4533635.387339837,2668438.9338895194],[4533280.923898915,2668231.400634582],[4532869.910596144,2668300.6013331227],[4532613.670268003,2668161.0130781345],[4532419.942205427,2668149.0052615576],[4532252.449787085,2668194.3820225894],[4532138.185857357,2668551.858274598],[4531863.6754368385,2668695.844136264],[4531575.072102044,2669024.8994096657],[4531354.671759997,2668850.925765628],[4531106.221023431,2668845.2201368758],[4530924.520678517,2668930.854401923],[4530745.273034645,2668891.708894899],[4530432.393282177,2668653.2960882885],[4529721.360185214,2668857.144096114],[4529408.7175844535,2668790.5180162573],[4528948.658697017,2668909.0743939704],[4528493.080452911,2669344.4706022954],[4528450.153862235,2670920.4136741953],[4529025.189987559,2670946.0631413152],[4528916.804377787,2673441.8339419765],[4531416.036921875,2673553.36540979],[4530982.122180724,2683536.6860294547],[4533481.270280245,2683648.327919183],[4533372.699090161,2686144.2166923177],[4540870.059063212,2686479.5289077545],[4541412.929989411,2674000.0870043645],[4538913.713302254,2673888.317386204],[4539022.181143394,2671392.4964361275],[4536522.93920274,2671280.798378468],[4536631.357620944,2668785.0082726055],[4541629.878109301,2669008.4403392477],[4541521.418336781,2671504.2542836484]]]}},{"type":"Feature","properties":{"flugjahr":"2008","gebiet":"Salzburg"},"geometry":{"type":"Polygon","coordinates":[[[4544020.650383905,2671616.071906028],[4541521.418336781,2671504.2542836484],[4541304.413073095,2676495.9384241216],[4543803.604136354,2676607.7791717113],[4544020.650383905,2671616.071906028]]]}},{"type":"Feature","properties":{"flugjahr":"2007","gebiet":"Salzburg"},"geometry":{"type":"Polygon","coordinates":[[[4541412.929989411,2674000.0870043645],[4541629.878109301,2669008.4403392477],[4536631.357620944,2668785.0082726055],[4536522.93920274,2671280.798378468],[4539022.181143394,2671392.4964361275],[4538913.713302254,2673888.317386204],[4541412.929989411,2674000.0870043645]]]}},{"type":"Feature","properties":{"flugjahr":"2008","gebiet":"Salzburg"},"geometry":{"type":"Polygon","coordinates":[[[4506207.153632766,2677432.0725314803],[4513704.75421647,2677765.326729956],[4513813.0755144935,2675269.602675965],[4518811.518236239,2675492.0387278725],[4518998.699970419,2671223.627199591],[4518199.113178033,2671422.394033398],[4517809.1387255285,2671365.7157441187],[4517426.082408929,2672152.228330441],[4516767.747150345,2672097.547738139],[4515807.497677421,2672534.788403595],[4515327.78622507,2672231.352054256],[4514806.512498763,2671565.886762797],[4514221.210217756,2671686.136018582],[4512882.437469606,2672615.367675567],[4512685.785462927,2673496.0762919514],[4512351.556975798,2674039.6281972495],[4511627.680430349,2674121.9893706525],[4510558.079923824,2674625.9735485883],[4510047.849877389,2674604.2494086074],[4509446.983574229,2674742.6263441094],[4509334.676873585,2674070.3135661418],[4508651.62781565,2674344.1901475503],[4508114.344080054,2673731.1834748564],[4507766.334870824,2673689.6577404644],[4507023.376199969,2673364.7002701242],[4506773.698965311,2673343.1857341286],[4506391.139482165,2673446.421444352],[4506207.153632766,2677432.0725314803]]]}},{"type":"Feature","properties":{"flugjahr":"2009","gebiet":"Salzburg"},"geometry":{"type":"Polygon","coordinates":[[[4570205.106510778,2702802.6444971375],[4567706.201437509,2702690.070085309],[4567488.08639392,2707682.411493261],[4569986.9530770825,2707795.0026688594],[4570205.106510778,2702802.6444971375]]]}},{"type":"Feature","properties":{"flugjahr":"2009","gebiet":"Salzburg"},"geometry":{"type":"Polygon","coordinates":[[[4539673.2267820425,2713935.8848053645],[4539782.172506187,2711439.764823835],[4537283.252202678,2711327.8174345256],[4537174.32536269,2713823.9255117313],[4539673.2267820425,2713935.8848053645]]]}},{"type":"Feature","properties":{"flugjahr":"2008","gebiet":"Salzburg"},"geometry":{"type":"Polygon","coordinates":[[[4554666.513685397,2714608.792164533],[4552167.649451502,2714496.503912335],[4551949.482080656,2719488.953845891],[4554448.311032453,2719601.213915173],[4554666.513685397,2714608.792164533]]]}},{"type":"Feature","properties":{"flugjahr":"2008","gebiet":"Salzburg"},"geometry":{"type":"Polygon","coordinates":[[[4523376.169866153,2685697.947355871],[4525875.305991201,2685809.427469069],[4526092.298708225,2680817.7461290397],[4528591.472913487,2680929.257864545],[4528482.970973836,2683425.102656984],[4530982.122180724,2683536.6860294547],[4531416.036921875,2673553.36540979],[4528916.804377787,2673441.8339419765],[4529025.189987559,2670946.0631413152],[4528450.153862235,2670920.4136741953],[4528340.320171884,2671792.200578711],[4528404.052534689,2672067.566505273],[4528307.166423336,2672422.343647161],[4527919.014441293,2672443.029432401],[4527508.453681099,2672220.4158665026],[4527331.900264284,2672208.075187831],[4527086.133675052,2672025.7541094776],[4526963.215349575,2672048.239602522],[4526879.078874892,2671701.6039477144],[4526626.844199563,2671645.8821938583],[4526298.381942035,2671294.243793535],[4526250.514313173,2671368.1781535735],[4526045.561865157,2671389.393767512],[4525749.412619541,2671291.0280049155],[4525156.024299331,2671565.3526490577],[4524773.297640754,2671307.039316876],[4523755.156138208,2671119.0638652705],[4523641.547411512,2670526.5555252843],[4524004.333309994,2669850.091633182],[4523921.256087647,2669562.705837123],[4523070.934626594,2668915.435468862],[4523147.437974503,2668730.2902845154],[4522871.767134037,2668704.001790168],[4522395.330169277,2668787.6086694235],[4521657.042250304,2669139.745863937],[4520999.682960916,2669926.8027659524],[4520827.333170379,2670036.675354758],[4520626.5939022815,2670432.981679828],[4520411.638713937,2670560.0675317314],[4521527.415504082,2670611.866874158],[4521310.738586489,2675603.3458930124],[4518811.518236239,2675492.0387278725],[4518703.156103901,2677987.7919600876],[4521202.356005457,2678099.113151906],[4521093.943946759,2680594.898937377],[4523593.122286499,2680706.2931501875],[4523376.169866153,2685697.947355871]]]}},{"type":"Feature","properties":{"flugjahr":"2008","gebiet":"Salzburg"},"geometry":{"type":"Polygon","coordinates":[[[4505882.194368648,2684919.2173701758],[4505990.544069632,2682423.484223913],[4500992.2321640765,2682201.5467266054],[4501100.511271815,2679705.8636951605],[4488604.68262525,2679152.1319884947],[4488496.505331706,2681647.7298537544],[4498493.079775268,2682090.665940977],[4498384.790768813,2684586.3506675754],[4505882.194368648,2684919.2173701758]]]}},{"type":"Feature","properties":{"flugjahr":"2011","gebiet":"Steiermark"},"geometry":{"type":"Polygon","coordinates":[[[4796725.204080378,2668804.9572195862],[4796428.808790733,2668988.9610312697],[4796509.837127153,2669349.5038971803],[4796945.115966508,2669400.473922923],[4796725.204080378,2668804.9572195862]]]}},{"type":"Feature","properties":{"flugjahr":"2011","gebiet":"Steiermark"},"geometry":{"type":"Polygon","coordinates":[[[4678270.483902442,2678191.1770950872],[4679044.811481819,2678243.357735456],[4678808.322823473,2678179.2332624537],[4678536.000452372,2677855.4519251273],[4678489.781524796,2677263.815089599],[4677880.463409653,2676400.1048573293],[4677053.056846543,2675712.5495185265],[4676841.766100789,2675344.5402950333],[4677226.968039905,2674005.0654522832],[4677065.968475159,2673266.051112996],[4676653.172793771,2672443.4201318305],[4676462.212635532,2672274.5191714694],[4676083.6036113575,2672273.153936237],[4675776.093125365,2672524.262983007],[4676585.818420932,2673982.6356254946],[4676572.510286825,2674538.499051187],[4676265.83498765,2675434.1980896187],[4676504.614603812,2675906.5567048034],[4677552.324502723,2676893.475570986],[4678270.483902442,2678191.1770950872]]]}},{"type":"Feature","properties":{"flugjahr":"2011","gebiet":"Steiermark"},"geometry":{"type":"Polygon","coordinates":[[[4683362.976055863,2681992.1042426364],[4683295.9323495,2683018.6710809073],[4683454.439178875,2682591.514881065],[4684474.115907061,2682067.894251538],[4684750.547906715,2681703.267498155],[4685574.516268295,2680959.4626448797],[4686223.567719484,2681075.3992313165],[4687095.379847491,2681479.8422369547],[4687366.280468663,2681424.2461988116],[4687663.049254259,2681212.6983683934],[4687766.995328925,2680600.9225787255],[4687539.570342204,2680487.3637338113],[4687079.141568693,2680867.5404697154],[4685628.795233922,2680429.4795404556],[4685083.779054208,2680385.3929437296],[4684444.622533394,2681163.722659234],[4683912.344184594,2681674.725712483],[4683362.976055863,2681992.1042426364]]]}},{"type":"Feature","properties":{"flugjahr":"2011","gebiet":"Steiermark"},"geometry":{"type":"Polygon","coordinates":[[[4683274.474480847,2683347.1941694585],[4683253.1449134005,2683673.73729097],[4683232.580305512,2683988.5606217803],[4683409.50733794,2683776.52564009],[4683274.474480847,2683347.1941694585]]]}},{"type":"Feature","properties":{"flugjahr":"2010","gebiet":"Steiermark"},"geometry":{"type":"Polygon","coordinates":[[[4691025.697970006,2695285.1084811925],[4693207.6988300625,2695391.267497014],[4693205.826222012,2695859.839741751],[4693432.504203448,2695716.9141392256],[4692908.620784672,2694280.3807341866],[4692267.372634542,2694101.6782639753],[4691025.697970006,2695285.1084811925]]]}},{"type":"Feature","properties":{"flugjahr":"2011","gebiet":"Steiermark"},"geometry":{"type":"Polygon","coordinates":[[[4693205.826222012,2695859.839741751],[4693207.6988300625,2695391.267497014],[4691025.697970006,2695285.1084811925],[4689638.508053184,2696254.7511963984],[4689306.827795211,2696667.8879983593],[4688335.215289189,2697487.9722225303],[4688081.2186317565,2698070.853482274],[4688256.570963281,2698639.4807400154],[4689195.014988015,2698642.676831071],[4690067.358823408,2698121.3206926505],[4690893.634733251,2697485.736509145],[4691381.450215701,2697052.771560309],[4691744.999905426,2696415.886126991],[4692889.573613144,2696059.24457684],[4693205.826222012,2695859.839741751]]]}},{"type":"Feature","properties":{"flugjahr":"2011","gebiet":"Steiermark"},"geometry":{"type":"Polygon","coordinates":[[[4631297.666936761,2716120.583933829],[4630905.8373091845,2716094.30040826],[4630814.681847119,2716429.6608255277],[4630515.517843073,2716695.2722101323],[4630354.575684839,2717303.498434926],[4630131.1700205365,2717691.6761557246],[4630028.974907624,2717806.1249621995],[4629788.836149584,2717754.134750061],[4629587.886006977,2717859.0753266495],[4629194.869781223,2718408.6362023316],[4629879.777457055,2718665.6175931576],[4630009.259106332,2718300.6833323576],[4630437.395355685,2717812.742470616],[4630499.23605002,2717522.292438121],[4630705.092149526,2717214.3895312576],[4630796.471179018,2716753.128709904],[4631107.12963864,2716659.1998731317],[4631189.6144285975,2716263.5947740134],[4631297.666936761,2716120.583933829]]]}},{"type":"Feature","properties":{"flugjahr":"2012","gebiet":"Steiermark"},"geometry":{"type":"Polygon","coordinates":[[[4630905.8373091845,2716094.30040826],[4631297.666936761,2716120.583933829],[4631884.11492368,2715344.4023779556],[4632011.946153765,2714919.8389105466],[4632465.3868855275,2714517.137389788],[4632610.090558051,2713959.22192687],[4632769.735753921,2713654.2197228936],[4633010.114497938,2713426.9690999775],[4633181.081106293,2712727.122964216],[4632981.560847073,2712731.031708543],[4632808.726980918,2713199.58134028],[4632502.926021138,2713547.960977915],[4632207.191283605,2714169.049757323],[4631825.6272271685,2714623.0748180333],[4631581.1843495825,2715239.499367797],[4630905.8373091845,2716094.30040826]]]}},{"type":"Feature","properties":{"flugjahr":"2011","gebiet":"Steiermark"},"geometry":{"type":"Polygon","coordinates":[[[4638444.728416484,2723615.169172437],[4637866.3125496125,2723582.1302429163],[4637866.141395928,2723841.885092487],[4638110.676209435,2723784.3392041153],[4638444.728416484,2723615.169172437]]]}},{"type":"Feature","properties":{"flugjahr":"2012","gebiet":"Steiermark"},"geometry":{"type":"Polygon","coordinates":[[[4637866.3125496125,2723582.1302429163],[4638444.728416484,2723615.169172437],[4639385.188121252,2723138.9076782297],[4640840.397554676,2722757.9942534794],[4641244.042695442,2722531.211865222],[4641145.692575954,2722216.4177744198],[4638187.979273704,2723074.188639466],[4637604.5504547125,2723432.212247852],[4637866.3125496125,2723582.1302429163]]]}},{"type":"Feature","properties":{"flugjahr":"2011","gebiet":"Steiermark"},"geometry":{"type":"Polygon","coordinates":[[[4605794.822248552,2728402.9035800234],[4605077.186897198,2728370.2699429216],[4605097.91478439,2728565.3410049267],[4604461.404769414,2729806.587909191],[4603976.01636352,2730640.324575841],[4603641.015724309,2731060.5093457596],[4603879.690526221,2731738.955361256],[4604186.370234637,2732032.136982367],[4604499.292631454,2731932.2437576624],[4604665.59193748,2731521.4140816797],[4604676.944335411,2731285.714003916],[4604514.747909433,2730781.8952867817],[4605225.305970643,2729496.966670006],[4605375.865843607,2729421.730103021],[4605583.472189093,2729416.145693554],[4606230.442894532,2729990.029030662],[4606839.503943529,2730240.9021778884],[4607279.645835115,2730277.915337946],[4607552.306053075,2730205.2264995407],[4607612.810316667,2730104.881400023],[4607813.1540532345,2730104.9767507375],[4607940.93655579,2730137.808104316],[4608188.428911552,2730387.273256386],[4608408.958447998,2730452.345861608],[4608600.000252706,2730664.21480184],[4608891.846204013,2730656.45991907],[4608948.8188803755,2730476.882038584],[4608275.841380409,2730176.048429973],[4608006.005737823,2729819.470868322],[4607522.436019512,2729790.49118724],[4607208.31054007,2729963.389532637],[4606982.282208631,2729841.017748748],[4606507.157341627,2729779.395927387],[4606394.6973567465,2729580.110079761],[4606219.373786423,2729512.0910533243],[4605758.9416306345,2729001.7316259732],[4605794.822248552,2728402.9035800234]]]}},{"type":"Feature","properties":{"flugjahr":"2012","gebiet":"Steiermark"},"geometry":{"type":"Polygon","coordinates":[[[4605077.186897198,2728370.2699429216],[4605794.822248552,2728402.9035800234],[4605763.025863832,2728110.108009625],[4606227.351690475,2727892.982061751],[4606872.723508916,2726997.459996844],[4607310.1967396205,2726068.4752711207],[4607739.820405697,2725660.606960448],[4608257.905827418,2725702.161632724],[4608646.355538749,2725661.7592818807],[4609239.299428013,2725458.49520555],[4609733.179104603,2725480.9400828388],[4610358.080482975,2725028.9068419165],[4610469.501275213,2724658.6313205883],[4610207.6257133,2724257.3765756115],[4609474.17153031,2724512.303684842],[4608466.214181677,2725110.0829411373],[4607701.09065864,2725082.3274156433],[4607175.552195785,2725552.8990391614],[4606912.125643011,2725917.2722261655],[4606858.998995622,2726283.191405424],[4606627.774493419,2726552.941401112],[4606491.982886165,2726885.0790682165],[4605905.30008056,2727539.0470422],[4605586.096802278,2727690.699918186],[4605295.377875655,2727809.6163717187],[4603659.651218545,2727943.5310370475],[4603111.914401235,2727915.662482063],[4602634.017802751,2727574.6822952502],[4602541.085413988,2727797.6683373568],[4603130.744011294,2728125.7057034364],[4604055.617246129,2728142.6720739002],[4604257.892739781,2728212.911480881],[4604966.851973879,2728127.9985316233],[4605077.186897198,2728370.2699429216]]]}},{"type":"Feature","properties":{"flugjahr":"2010","gebiet":"Steiermark"},"geometry":{"type":"Polygon","coordinates":[[[4758311.430594724,2672152.462874703],[4758303.636781601,2671333.867132405],[4758380.136527681,2671088.557037263],[4758613.71062587,2670850.733863064],[4758196.810569708,2670947.4330520453],[4756993.8564913375,2670925.4376867777],[4756357.745952005,2671133.0583871775],[4755403.159157741,2671111.6329717687],[4754245.396826445,2671200.8801749106],[4753982.032919079,2671541.982882611],[4753724.847902196,2671628.1119860415],[4752805.362790432,2671628.3600999694],[4752338.987578383,2671756.8095606575],[4751745.414299502,2672090.557623759],[4750626.069682844,2673084.5462935204],[4750004.495785202,2673325.905375251],[4749735.129355039,2673552.619355832],[4749872.648798433,2673865.3308304],[4750891.779522121,2673557.3813881767],[4751164.258243547,2673373.8583005522],[4751265.232029611,2673104.275146595],[4751688.319889126,2672752.581430904],[4752545.5875565745,2672823.508083498],[4753200.888855035,2672680.8298780834],[4753449.832129313,2672440.1578120748],[4753947.175264165,2672359.2016153736],[4754573.977411808,2671952.9330572905],[4756422.878283823,2671976.9592817524],[4757213.376006402,2672176.9450816736],[4758311.430594724,2672152.462874703]]]}},{"type":"Feature","properties":{"flugjahr":"2017","gebiet":"Steiermark"},"geometry":{"type":"Polygon","coordinates":[[[4758613.71062587,2670850.733863064],[4758380.136527681,2671088.557037263],[4758303.636781601,2671333.867132405],[4758311.430594724,2672152.462874703],[4758613.71062587,2670850.733863064]]]}},{"type":"Feature","properties":{"flugjahr":"2010","gebiet":"Steiermark"},"geometry":{"type":"Polygon","coordinates":[[[4759326.0467100255,2673744.0214940305],[4759070.642272803,2673747.080457666],[4758385.9537309045,2673484.3578983126],[4758357.894585958,2673285.992769016],[4757106.592891296,2673195.034681147],[4756326.028671081,2673384.914010747],[4756186.431920084,2673507.546899715],[4755936.735950349,2673559.984703434],[4755670.145324118,2673472.4915312235],[4754899.846138851,2673633.8268484706],[4753561.72664483,2673724.686398421],[4752626.677399487,2674193.6915626945],[4751476.195865845,2674436.4534118744],[4750899.768815514,2674698.928478883],[4751171.861778551,2675277.175194083],[4751588.814309854,2675065.3396340935],[4752430.168352457,2674814.1972789685],[4753593.509920286,2674575.0463491613],[4754259.6804157635,2674526.9791660677],[4754930.1092215115,2674587.226459075],[4755931.819389214,2674995.2541875034],[4756310.595379193,2675036.9215531247],[4757353.636382724,2674891.305314825],[4757758.054557171,2675033.2760679186],[4758199.246517312,2676208.0514512104],[4758933.573128593,2676934.0067343395],[4759643.2536725225,2676738.8408099925],[4759769.877404208,2676364.3378868746],[4759802.109180868,2675881.3252662783],[4759539.990389972,2675714.9446913837],[4759466.098824376,2675322.0883919857],[4759411.353578705,2673900.0398951867],[4759326.0467100255,2673744.0214940305]]]}},{"type":"Feature","properties":{"flugjahr":"2017","gebiet":"Steiermark"},"geometry":{"type":"Polygon","coordinates":[[[4758357.894585958,2673285.992769016],[4758385.9537309045,2673484.3578983126],[4759070.642272803,2673747.080457666],[4759326.0467100255,2673744.0214940305],[4759014.000232467,2673368.9858934684],[4758357.894585958,2673285.992769016]]]}},{"type":"Feature","properties":{"flugjahr":"2017","gebiet":"Steiermark"},"geometry":{"type":"Polygon","coordinates":[[[4629879.777457055,2718665.6175931576],[4629260.647609938,2718414.8839237904],[4629147.829433639,2718481.599635427],[4629821.927648939,2718802.6112789856],[4629879.777457055,2718665.6175931576]]]}},{"type":"Feature","properties":{"flugjahr":"2017","gebiet":"Steiermark"},"geometry":{"type":"Polygon","coordinates":[[[4637829.288045483,2723850.5577423363],[4637866.3125496125,2723582.1302429163],[4637589.844466603,2723441.236728156],[4637829.288045483,2723850.5577423363]]]}},{"type":"Feature","properties":{"flugjahr":"2020","gebiet":"Nieder\u00f6sterreich"},"geometry":{"type":"Polygon","coordinates":[[[4767174.767049178,2855501.963431893],[4807021.188898075,2858934.989587565],[4808783.495837286,2838006.4614796597],[4768935.274396109,2834573.1141339685],[4767174.767049178,2855501.963431893]]]}},{"type":"Feature","properties":{"flugjahr":"2019","gebiet":"Nieder\u00f6sterreich"},"geometry":{"type":"Polygon","coordinates":[[[4807014.568244612,2858936.463016045],[4737288.1063772,2852931.7516190363],[4735021.906619725,2879838.5415745624],[4736366.83868535,2879954.819222646],[4736442.635583787,2879057.1884222343],[4737671.75684466,2879122.976986505],[4737856.437690214,2877172.05165845],[4742635.151128224,2877582.0571325924],[4742576.493997801,2878542.5932558817],[4743798.062614013,2878686.2025015596],[4743722.277610457,2879582.8484214405],[4743794.548448615,2879688.388059926],[4750079.781164975,2880222.779446383],[4750148.789863389,2880135.9091537828],[4750307.965066378,2878242.8115532943],[4752743.015825048,2878442.7276939712],[4752805.305069049,2878371.5629785527],[4752882.7609557975,2877460.95527839],[4754111.88718261,2877525.931515607],[4754212.362409732,2876571.3429335454],[4755435.225721969,2876642.044349682],[4755540.967607326,2875681.691580346],[4757960.813333704,2875886.0015928037],[4758038.31161911,2875810.5488322717],[4758115.774850753,2874899.9260312896],[4759329.239850312,2874979.2359356964],[4759613.149725787,2872016.4541026927],[4760811.149680915,2872106.055892786],[4760942.717316251,2871127.876873453],[4762179.309350295,2871183.2620525477],[4762271.3336258605,2870238.2613024972],[4763495.215448732,2870309.0810987996],[4763600.950638336,2869348.7009639717],[4764808.218068182,2869432.767982818],[4764929.57075864,2868459.1015144344],[4767360.582205639,2868661.1001420147],[4767426.958446484,2868588.128045877],[4767504.414298429,2867677.4739191076],[4771168.5505749015,2867988.9195462535],[4771248.684250514,2867899.574729328],[4771323.518970044,2867002.8074842477],[4772369.387677764,2867092.3383132378],[4772292.912018072,2868003.0505597265],[4772356.960644113,2868091.20453912],[4774876.130088778,2868312.5693135294],[4774984.365943443,2868221.55216205],[4775059.265759192,2867323.778483946],[4784921.195028699,2868174.629803648],[4785029.433021671,2868083.619791885],[4785104.378105926,2867185.824944804],[4785209.060639858,2867194.796016397],[4786149.158748825,2867276.445047826],[4786073.61598927,2868187.233402875],[4786137.655698975,2868275.3992920956],[4788670.746130641,2868496.759559278],[4788765.094404344,2868403.0899860617],[4788839.922376187,2867508.285739662],[4789884.689209839,2867598.9438534454],[4789842.025833177,2868578.4032975947],[4791046.386042463,2868702.693758512],[4790910.539502348,2870671.234220964],[4792121.551319054,2870802.872138905],[4792046.906455467,2871714.714562752],[4792100.181143523,2871797.3671914325],[4793284.129702415,2871907.7070413516],[4792956.377995398,2875819.089106259],[4793048.594826545,2875903.5938605657],[4794192.0220799,2876002.018984485],[4794155.02794406,2876986.7574338773],[4795515.961125888,2877099.5497812433],[4795637.481632442,2876126.839522263],[4799171.391005528,2876431.18057433],[4799096.668513822,2877343.028935645],[4799160.689449758,2877431.2067424953],[4801720.817922899,2877647.239955836],[4801787.936077464,2877558.2941585993],[4801862.84899244,2876664.4762926595],[4803054.5844661165,2876756.2888529506],[4803192.528996659,2875775.3292400143],[4804379.181712376,2875868.914385818],[4804446.2998896735,2875779.9688024814],[4804521.211361157,2874886.1418753504],[4805666.602814346,2874984.78335801],[4807014.568244612,2858936.463016045]]]}},{"type":"Feature","properties":{"flugjahr":"2012","gebiet":"Steiermark"},"geometry":{"type":"Polygon","coordinates":[[[4621977.4598275395,2678919.94172256],[4625867.42177929,2679183.713226544],[4625743.908054073,2681127.682739974],[4626362.405655917,2681223.9747908525],[4626332.260131676,2681580.5631802077],[4626169.116523615,2681581.727874729],[4626113.320510445,2681772.592328712],[4626325.7038661465,2681812.641067944],[4626280.254414865,2682297.239821663],[4626151.889822077,2682297.137792292],[4626117.452479976,2682423.862257102],[4626118.034718546,2682485.5668768343],[4626277.184325033,2682510.165037696],[4626247.757652972,2682998.263792974],[4626119.537354379,2683005.0422049966],[4626060.815099201,2683198.491550871],[4625622.853065605,2683178.2900450104],[4625606.844119113,2683230.728232274],[4624999.369258618,2692142.243925632],[4611352.590752609,2691238.1618159004],[4611294.367274131,2690873.8125161165],[4610456.91212675,2691206.9045792073],[4610280.115433736,2691527.3976635956],[4610395.210056653,2691857.9786614226],[4610694.717554157,2691992.750441105],[4610382.487634437,2692434.182329818],[4610638.241529412,2692973.8674595756],[4610347.317465308,2693409.4257327016],[4610285.621398199,2693752.4120743764],[4610445.836021115,2694100.5929974476],[4609774.9148758035,2694426.809813972],[4609438.200412496,2694209.56741401],[4608824.535404641,2693982.995896094],[4608683.527282676,2693836.2283115326],[4608706.834266233,2693670.5210877834],[4608338.417143104,2693373.0874727364],[4607698.413218319,2693516.687205083],[4607663.855913942,2692928.512367322],[4607858.528225496,2692660.528196605],[4607360.866216284,2691964.4482265343],[4606916.998885045,2691812.130434956],[4606708.473969586,2691551.2132390793],[4606249.852499899,2691346.8910039784],[4605677.1580945505,2690900.9795150836],[4604939.134744089,2691924.794866439],[4604641.949493817,2692118.3945339527],[4603951.444982375,2692140.40210222],[4603259.2709680805,2691958.712435828],[4602930.375909063,2692083.059608237],[4602504.5094125,2691778.88451115],[4602479.623763954,2691552.4082668386],[4602200.329102317,2691338.675694544],[4602087.61680525,2691128.053895919],[4601980.572320739,2690471.761125181],[4601989.946166044,2689951.645832029],[4601693.2676952835,2689936.9038897296],[4601272.376081447,2690052.297241906],[4600841.582341,2689958.74836255],[4600784.263128442,2690496.8446641914],[4600322.342121423,2690788.3427116675],[4599760.230210162,2690891.422907079],[4599150.888544551,2691482.767428754],[4598714.729783008,2691172.5734417704],[4598142.065507455,2691288.09701388],[4597701.859630915,2691464.622137336],[4597539.387778815,2691620.9795945804],[4597360.5922208745,2691629.6317137224],[4596631.971382,2691312.261394759],[4596401.170899614,2691354.5012105964],[4596256.611283339,2691259.373541626],[4595872.283987629,2691258.908338019],[4595261.501351981,2691806.478942154],[4595114.537621022,2692231.855712621],[4594365.1826093625,2692264.8147005416],[4594087.699487869,2692190.228521666],[4593912.102375033,2692345.6540863314],[4593535.289894646,2692857.0402697264],[4593486.8137237765,2693054.87323757],[4593239.501854003,2693274.5261388635],[4593416.655566452,2693552.534114781],[4593347.343615397,2693941.9415929867],[4593507.864070486,2694165.019257694],[4593445.333576964,2694937.4257061444],[4593499.353095717,2695218.691937875],[4593415.117820373,2695284.8511588275],[4593093.59711983,2695284.376524721],[4592964.423601741,2695391.9622675977],[4592983.512646839,2695748.4003307642],[4592913.682873165,2695921.725417344],[4593172.357219848,2696812.7230730085],[4593373.731424972,2697050.805955127],[4593459.294335343,2697305.6225456074],[4593266.4084480535,2697598.960309039],[4593196.316795768,2698097.24663748],[4593010.858901415,2698299.7278162176],[4593112.295058947,2698513.85407902],[4592605.9892170625,2699606.8370513045],[4592832.865452667,2699520.5860393555],[4595812.432106942,2699719.894336451],[4596074.944844672,2699800.319946417],[4596350.989529199,2699755.1336083943],[4606740.079889889,2700448.5212517893],[4606881.007504512,2700107.628821586],[4607069.213550846,2700187.3398835203],[4607650.807973041,2700221.9392509856],[4608508.547996027,2700065.6613240037],[4608877.869117733,2700203.5753942695],[4609182.151576238,2700110.6652448624],[4610319.54181143,2700189.6541166157],[4609946.861015864,2706177.844726605],[4617774.277534187,2706697.0835945145],[4617725.1265438385,2708697.841941268],[4622663.277632158,2709033.3070536875],[4622547.50899894,2710988.38216741],[4626907.00961695,2711330.5941517213],[4626736.101566336,2714299.0798292523],[4627908.2928130645,2714390.182571319],[4628026.089894537,2713897.0184214567],[4629864.721611604,2714031.972792752],[4629738.947712435,2715962.549125382],[4630151.422917095,2716173.4405555683],[4630340.347618574,2716157.0278337835],[4630415.418416964,2716061.4053898673],[4630905.8373091845,2716094.30040826],[4631581.1843495825,2715239.499367797],[4631825.6272271685,2714623.0748180333],[4632207.191283605,2714169.049757323],[4632502.926021138,2713547.960977915],[4632808.726980918,2713199.58134028],[4632981.560847073,2712731.031708543],[4633181.081106293,2712727.122964216],[4633010.114497938,2713426.9690999775],[4632769.735753921,2713654.2197228936],[4632610.090558051,2713959.22192687],[4632536.457402564,2714404.2734121606],[4632011.946153765,2714919.8389105466],[4631884.11492368,2715344.4023779556],[4631297.666936761,2716120.583933829],[4633065.286250725,2716326.7542630974],[4633403.800680693,2716289.439414826],[4633474.1503418,2716356.3825474335],[4633365.525729718,2718243.2788645593],[4635209.06012217,2718387.507684172],[4634997.169381383,2721836.4798795152],[4635613.978066871,2721934.044850178],[4635549.816231418,2723008.042648104],[4636249.44330893,2722986.2394395187],[4636615.26772778,2723241.0624076254],[4637604.5504547125,2723432.212247852],[4638187.979273704,2723074.188639466],[4641145.692575954,2722216.4177744198],[4641244.042695442,2722531.211865222],[4640840.397554676,2722757.9942534794],[4639385.188121252,2723138.9076782297],[4638444.728416484,2723615.169172437],[4640510.230819217,2723756.9658089485],[4640499.666291662,2723979.562153995],[4640553.197581111,2723983.25611914],[4642369.769258922,2724064.327655616],[4642710.650245608,2718911.933493385],[4642821.05590876,2718943.0487907715],[4642720.93090412,2718743.4350813306],[4642911.263094741,2715908.6710310164],[4651593.251165153,2716481.5686422307],[4651661.695491746,2716226.240495946],[4651775.325396088,2716130.4707274465],[4651684.700179205,2715875.3817929714],[4652125.148908689,2709141.8251377414],[4652195.389537226,2709081.6880656388],[4652140.887999337,2708905.1782882474],[4652528.314506478,2702976.087335757],[4651694.827808767,2702957.1941555194],[4651568.316913619,2702840.8421181445],[4651439.422053907,2702911.297951881],[4651152.449270964,2702824.330391163],[4650060.966118898,2702849.5562845627],[4649463.94598462,2702683.5767145553],[4649207.487030833,2702715.5723739485],[4649277.081331635,2702794.878261587],[4648639.67323388,2702701.5681839944],[4647541.885378183,2702680.245847221],[4647892.515714003,2697203.6798933195],[4652819.798821576,2697523.326227109],[4652887.584235934,2697478.352978382],[4652931.553666767,2697032.879203764],[4655993.02333358,2697235.523712119],[4656047.858008232,2696750.2390573765],[4655447.96394315,2696669.342373215],[4655545.088135637,2695195.2344411556],[4661784.734166945,2695621.542521066],[4661462.914853787,2700553.305783123],[4661537.8153475,2700614.850340986],[4664565.3391996045,2700818.8957266333],[4664485.146661284,2702817.5305078574],[4670065.414606226,2703194.0156473275],[4670123.939270012,2703326.6862907554],[4682794.7409707485,2703860.1046403223],[4683219.279751304,2693557.151495874],[4664569.893456541,2692300.6349749407],[4664506.730825928,2692346.674216783],[4664485.410299238,2692672.2379138833],[4663897.362798928,2692756.4559084466],[4655741.064654697,2692215.120073652],[4656002.350145951,2688173.424240888],[4655463.07190381,2688180.4157440593],[4654625.509818785,2687948.9997060862],[4654172.681744652,2687961.860205806],[4654042.499072914,2688045.7189559327],[4653471.857859532,2688023.0497792633],[4653274.933441814,2687936.2377573396],[4652977.777612589,2688013.854156611],[4642895.588966784,2687327.972103928],[4644289.988763096,2665889.0027434975],[4642059.902520263,2665740.2630984103],[4641293.082237004,2668607.2125369017],[4633186.211944625,2666767.3628846016],[4631448.56363562,2663145.5045357337],[4627154.186831648,2662554.1320508868],[4626589.9607989695,2658194.447514368],[4622629.471917887,2657298.1611600094],[4622203.1671683295,2655394.457199725],[4619742.3002932,2655150.65583129],[4617873.543646261,2652145.074699562],[4614538.30577008,2651183.349315505],[4611845.643946229,2651061.1297489232],[4608343.096746746,2654369.3036433365],[4608295.05606143,2655610.176580268],[4608511.929459785,2655624.104286093],[4608798.773017378,2655230.3897251403],[4609264.996226465,2655144.4097182234],[4609737.465914372,2655275.7924140245],[4610151.482699017,2655809.83083658],[4610498.178142105,2656017.834645885],[4611050.47891557,2655975.165030304],[4611386.0146037545,2656143.134343369],[4611670.207433693,2656855.9441409856],[4612066.187583143,2657020.236024684],[4612438.602823069,2657299.5162757323],[4612750.830633779,2657737.2673045616],[4612753.052516747,2658669.606011439],[4613445.548640676,2659390.3610168323],[4613499.086338324,2659825.6198336966],[4613604.711990243,2659894.770886599],[4613464.806661624,2660130.965186979],[4613617.421416955,2660403.4295671037],[4614522.824297856,2660814.829403814],[4614708.118091077,2661113.4849464544],[4615080.712471069,2661287.472752654],[4615067.0348202605,2661592.1820408236],[4614975.932563044,2661669.9667020463],[4614933.45768895,2661917.422351283],[4615002.986705144,2662302.2183245164],[4614887.315391929,2662816.4119867557],[4614984.049474623,2663458.5400555814],[4614882.160277198,2663883.6096389256],[4615447.488204185,2665065.0224186424],[4615803.376547257,2665369.5218023323],[4616189.359297539,2666128.510987024],[4616310.789229502,2666727.5978955487],[4616550.20695317,2667041.997677222],[4616783.443290667,2667892.158719841],[4617147.959170229,2668074.061188263],[4617444.042509452,2668460.889157726],[4617479.810974601,2668678.9373516757],[4617659.603316515,2668840.0217863666],[4617668.739343449,2669136.972302514],[4617864.561955484,2669665.7601036974],[4617115.614253835,2670466.2725972384],[4616785.797179084,2670986.8827401884],[4616465.969370764,2671267.870417852],[4616171.561889275,2671961.0442843027],[4615537.907870409,2672295.6257271743],[4615487.796418233,2672571.6467143325],[4615551.4933890775,2672899.633833465],[4615871.604366858,2673426.8636759333],[4615713.805238358,2673760.161478646],[4615836.422811022,2673921.4703730885],[4616153.747449461,2673970.1035826863],[4616515.4375586,2674479.9835665557],[4616815.411409368,2674530.156773908],[4616945.050231826,2674446.64626263],[4617258.519144136,2674811.113058543],[4617739.903951919,2675619.9564426914],[4618089.785564027,2675622.650493946],[4618262.147577625,2675929.0689647105],[4618647.278038099,2676254.7819317183],[4618722.343987787,2676214.482536079],[4619089.353521445,2676335.804590595],[4619340.610028033,2676680.2129094964],[4619946.675500351,2677123.68365044],[4620247.071511413,2677154.8515357077],[4620531.850515782,2676738.325737641],[4620656.8846829925,2676399.154727867],[4620904.945700718,2676231.518504951],[4621077.840333028,2675954.7512779697],[4621355.610018372,2675817.419408356],[4621573.996809011,2675801.6625912017],[4622012.047821026,2676069.1381530017],[4622503.992133904,2676206.307104366],[4623338.146057218,2676033.0152546675],[4623640.805499151,2676143.160118912],[4623713.605163098,2676356.6170091233],[4624047.3932613395,2676551.861312406],[4624131.902230686,2676689.2549304185],[4624282.162993609,2676988.9989366718],[4623921.712908657,2677404.7497708234],[4623939.030879831,2677578.082036201],[4624086.185701524,2677715.0931764683],[4624030.768996878,2678016.9194767578],[4623054.434310064,2678397.43370371],[4622767.053135763,2678433.844228369],[4621977.4598275395,2678919.94172256]],[[4623497.3264540015,2672271.972345584],[4623100.271504381,2672049.7741035973],[4623021.691385517,2670843.3229614072],[4623253.408035042,2670446.5582598965],[4623433.574235228,2669210.8459463],[4623779.813114444,2669059.4624279817],[4624115.858245817,2668705.470697152],[4624224.060482678,2668338.121050012],[4624687.063587889,2667829.7872562236],[4624962.633966006,2667897.3539632903],[4624834.7704911325,2668370.88609906],[4624435.3681205325,2669258.3834161134],[4624193.983481382,2669440.55039458],[4624035.136799481,2669774.577059452],[4624032.311691026,2670137.712445559],[4623864.715541866,2670557.40505805],[4624017.9141989695,2671270.885222667],[4624399.005674125,2671904.6627547904],[4624580.092733479,2672071.0122854183],[4624478.826805236,2672531.7514809505],[4624223.9716312,2672655.2643042463],[4623804.4129077485,2672328.9637052566],[4623497.3264540015,2672271.972345584]]]}},{"type":"Feature","properties":{"flugjahr":"2020","gebiet":"Ober\u00f6sterreich"},"geometry":{"type":"Polygon","coordinates":[[[4673493.2289185515,2745026.547903946],[4665999.479940606,2744681.6851453255],[4666109.749097439,2742185.074711071],[4661114.754644036,2741956.510051252],[4661223.9437964605,2739459.88916918],[4658725.969700847,2739344.1793330563],[4658836.05597047,2736848.627768293],[4656338.002346072,2736733.9832171295],[4656448.074851316,2734237.457406613],[4651451.88308643,2734008.3553427574],[4651561.877994998,2731511.865756938],[4646565.588479317,2731283.0049936064],[4646675.506924631,2728786.551761575],[4641679.120990444,2728557.9316182705],[4641568.1989507945,2731055.3166616466],[4636572.797161935,2730826.940045048],[4635692.799323554,2750799.7095933096],[4675659.814926921,2752631.6550811767],[4675770.287513869,2750134.9629777423],[4678268.114723433,2750250.1066941116],[4678378.61434847,2747752.4146337267],[4673382.856459191,2747523.2054723743],[4673493.2289185515,2745026.547903946]]]}},{"type":"Feature","properties":{"flugjahr":"2012","gebiet":"Steiermark"},"geometry":{"type":"Polygon","coordinates":[[[4668885.796329612,2744814.4540454494],[4670602.911322919,2744893.475746569],[4670230.752209164,2744607.453417554],[4670056.353201194,2744252.101194515],[4669923.602579766,2744184.8951747147],[4669558.51809583,2744290.0455955323],[4669085.119197244,2744246.46162795],[4668900.886018457,2744496.688438105],[4668885.796329612,2744814.4540454494]]]}},{"type":"Feature","properties":{"flugjahr":"2012","gebiet":"Salzburg"},"geometry":{"type":"Polygon","coordinates":[[[4608511.929459785,2655624.104286093],[4608295.05606143,2655610.176580268],[4608272.240491641,2656199.425443791],[4608414.618362116,2656792.874090965],[4608522.364611012,2656679.123009185],[4608579.405228525,2656327.844625466],[4608400.421499247,2656113.5768665196],[4608561.694125431,2655712.417705193],[4608511.929459785,2655624.104286093]]]}},{"type":"Feature","properties":{"flugjahr":"2010","gebiet":"K\u00e4rnten"},"geometry":{"type":"Polygon","coordinates":[[[4678428.109128848,2632702.2051293924],[4680929.215145563,2632817.486028196],[4681802.833564205,2612852.5036995504],[4661810.975160787,2611949.2377886097],[4661374.952757121,2621915.61323865],[4678864.720960338,2622719.4297269657],[4678428.109128848,2632702.2051293924]]]}},{"type":"Feature","properties":{"flugjahr":"2015","gebiet":"Tirol"},"geometry":{"type":"Polygon","coordinates":[[[4524416.155380484,2658380.169080492],[4523061.516480373,2657678.658745371],[4522834.240029671,2657300.874854793],[4522915.525526693,2656026.1100651706],[4521587.455072383,2653230.162032428],[4519764.678362403,2650619.87340398],[4519696.068705418,2650120.909488302],[4522458.49616171,2648306.48170398],[4525017.941627734,2645745.520043007],[4527474.197268094,2643453.5426616073],[4528402.708367264,2642752.228394207],[4529409.877548675,2642509.7622317444],[4530212.944993296,2642635.6460181214],[4530913.429159838,2643041.7125435425],[4533052.830154527,2642199.117045298],[4535766.863763911,2641524.606328516],[4537918.6476242,2641521.1177870226],[4538602.552626196,2642594.5263006617],[4539692.435615772,2641942.318806411],[4539243.580909538,2640658.907122482],[4539426.566766405,2640016.106160443],[4539894.066641116,2639781.643531963],[4540540.740962006,2639615.5988161266],[4540650.680041749,2639321.846321147],[4540440.728208913,2638129.1867764336],[4540702.884963069,2637694.757012172],[4541167.266621903,2637474.8323690505],[4541883.426070189,2637544.4705609004],[4543160.981291554,2636883.33115533],[4546196.03846964,2634943.809876033],[4546704.964929235,2633900.636154038],[4546427.202565438,2633539.927809582],[4546428.389320995,2633223.230494258],[4546303.073234649,2633069.2169526936],[4546399.81541301,2632988.9493895117],[4546242.60807638,2632804.8742331387],[4545968.03162096,2632690.1271229694],[4545286.056305216,2632182.3107816726],[4544540.576272267,2632097.9139885376],[4543807.191901144,2632327.8018879616],[4543437.885887772,2632756.3401043825],[4542724.162007699,2633207.30550193],[4539897.167759302,2634190.4922396443],[4538419.235511744,2635014.6341881026],[4536085.101600412,2635592.927592087],[4534967.350547237,2636325.3783590198],[4533524.605400362,2636402.571457039],[4532331.851591649,2636061.3465366256],[4531861.172930418,2635803.9351353906],[4531090.70854393,2634960.9735654085],[4529937.6312184995,2633429.218919861],[4525676.278010032,2633269.947512709],[4521762.636055249,2632333.189626821],[4517310.678558168,2630739.2349839285],[4513970.66036807,2629394.361929793],[4511833.430924219,2628637.592986278],[4511748.933868868,2628331.315370135],[4513606.086303159,2627329.018055988],[4516190.286162734,2626922.5416877037],[4519048.911670842,2626207.340562195],[4521438.345217179,2626376.651978458],[4524166.0660012495,2625809.4357123896],[4526277.430844467,2626204.981045914],[4528555.4087745845,2626178.358971494],[4528569.60135971,2626061.118843943],[4528824.178935486,2625948.2598821884],[4529267.824082171,2625401.658482988],[4529479.039901856,2624757.8106585704],[4529058.88153351,2624571.001820297],[4528476.76197764,2624878.3821334797],[4528249.8243271755,2624890.3260457134],[4528034.337976587,2624752.023657434],[4527535.693314626,2624744.579111487],[4527063.118507649,2624511.084861793],[4525653.5087250825,2624284.8445135998],[4524094.492333128,2623832.7666701395],[4523054.43864787,2623905.999932951],[4520719.167589581,2623819.612950431],[4520250.750101826,2623958.5650553694],[4518968.40634169,2624799.374399372],[4516694.909821949,2625548.8680261225],[4511707.110294589,2626131.2756425794],[4510917.222664247,2626472.141126456],[4510308.220750061,2627070.4187289136],[4509039.627138918,2627416.126948157],[4507888.684530949,2628148.038379045],[4507093.064494547,2628315.6778600793],[4506043.818448854,2628390.5017976156],[4502244.304363207,2627587.605831608],[4501708.059935045,2629276.3619625564],[4503464.360751576,2629799.4921776997],[4504791.893434257,2629965.252558764],[4506029.130925793,2630326.960589818],[4506059.228604186,2630534.4563968144],[4505892.729616266,2631247.542894918],[4505900.484576041,2632882.4842183115],[4505797.184939476,2633483.9868167276],[4505372.385067406,2634039.9793040287],[4502230.781393258,2634906.43454056],[4499868.866568331,2635813.6292404574],[4499447.58647903,2635842.972261333],[4498582.689019126,2635187.6661120416],[4498170.782138512,2634563.79910734],[4497798.955697538,2634631.665224118],[4497834.586541834,2635325.3307283875],[4499081.787244775,2636682.5961982785],[4499202.060025027,2637916.29782066],[4499344.071830639,2638239.466603501],[4499658.368884986,2638167.817157746],[4499968.531674047,2637888.6545157684],[4500127.901032764,2637144.8415973],[4500382.168804263,2636909.721874811],[4502966.414690215,2636280.324462288],[4505313.651010509,2635059.100067407],[4506469.741381658,2634696.338217069],[4506968.495223408,2634827.555264569],[4507308.82426473,2635220.6162811853],[4508049.024128991,2636196.013442259],[4508991.248914387,2637962.925759532],[4509115.352284941,2638094.174011074],[4509276.971467579,2638027.5649639443],[4509151.17839349,2637030.0174746844],[4508218.160342001,2634221.780654924],[4507235.913154074,2633327.5039058332],[4506977.612615215,2632783.22325725],[4507213.1376018375,2631175.1162924734],[4507976.812689605,2630549.812750012],[4508681.80492903,2630265.1536024055],[4509512.813793103,2630303.250876837],[4511931.298029992,2630850.873513188],[4513471.556610157,2631592.437705078],[4515195.27274035,2632129.2554532327],[4517355.213331464,2633181.6293371078],[4517547.934324744,2633378.0051989853],[4517739.472388434,2633795.4210847793],[4517287.017566421,2635569.543052294],[4517627.943646968,2635658.461717601],[4518064.116994826,2635525.6739666956],[4518922.557212126,2634862.57890533],[4519954.375311273,2634396.917608913],[4521834.511978775,2634933.550049427],[4522255.09359913,2635557.2148101637],[4523054.003188614,2635689.752410187],[4523526.14674153,2635514.0631287936],[4525330.225617176,2635719.1683393447],[4526308.844005175,2636168.4870682037],[4526815.8311347235,2636036.5008876254],[4528500.2294676155,2636308.765233951],[4529561.881254557,2636832.290725362],[4530093.29618045,2637541.209804486],[4530017.471799854,2638140.7520239665],[4529773.720960958,2638842.3377519557],[4529363.542864575,2639222.566013911],[4527232.689172239,2640326.8958584866],[4526298.639194258,2640588.071117392],[4524162.456294428,2642861.570529311],[4521970.936259585,2644308.834986457],[4519522.498548804,2646457.0488293096],[4519238.513263682,2647185.338465897],[4518369.536335906,2648285.50478362],[4517682.286717119,2648603.89241396],[4516985.470072713,2648455.7572336905],[4516292.003821771,2648453.9109099787],[4515941.740855165,2648303.8187362677],[4515460.126740204,2648005.5533890463],[4514308.637344159,2647026.5050574047],[4513303.611644689,2647072.9426872646],[4512254.251222565,2647775.2164544975],[4510475.357914126,2647931.0061335703],[4509453.163764669,2648285.425085578],[4508554.492691056,2648465.6634259042],[4507931.174343797,2648468.689381009],[4505249.075260856,2647497.304537842],[4502776.4402994625,2647146.2474958687],[4500547.844029194,2646686.8740697512],[4498770.571781169,2646731.935907633],[4497136.2664799765,2646501.1724367896],[4496148.087526967,2646060.974388877],[4495373.750136965,2646223.542396429],[4492788.61162496,2647194.8608822497],[4492704.297990888,2647471.1461711037],[4492863.406678317,2647826.554133383],[4494071.250975306,2647980.5937955254],[4495579.797613526,2647823.386554148],[4496676.4420921765,2647916.805747343],[4499058.237136914,2648693.188127517],[4500687.8086571265,2648497.6080889627],[4502297.267107498,2648429.030271582],[4503570.190518658,2648656.510496964],[4504975.043687763,2649448.9488200555],[4508932.326268884,2649788.2030033697],[4510562.702293148,2649521.0992266047],[4514609.596384684,2650092.5572551205],[4515198.062514489,2650286.9432830503],[4515707.544561888,2650287.7933847746],[4515961.14060571,2650841.133975663],[4515904.542077281,2651263.989552163],[4515092.799809463,2651819.9561993866],[4514986.481699143,2652162.9579899805],[4515041.156844085,2653017.698723285],[4514649.929852141,2653722.8608699967],[4512464.291612069,2655783.089571951],[4509568.097684985,2656372.284264337],[4506462.465596707,2656301.7297091894],[4504790.866393709,2656496.9967456325],[4503974.159094682,2658017.721572833],[4503406.882463287,2658183.850353864],[4500404.389632316,2658105.0614874535],[4499205.452230574,2658167.180132485],[4497955.792887522,2657996.003961728],[4497176.594075918,2658003.0033867843],[4496981.336321509,2658339.7851880654],[4497033.76090899,2659047.4182253415],[4497885.459758174,2659318.228637641],[4498546.48198357,2659701.8603791515],[4500177.239372972,2659518.9550279537],[4502866.829408789,2659429.0194522636],[4506953.700657459,2658626.458806446],[4512301.625486121,2658298.5108989915],[4512450.377204111,2658399.8046916267],[4512490.645754748,2658756.066246536],[4512285.285059295,2659475.6057285685],[4512257.027578668,2660789.033397636],[4512077.845786771,2661511.7049820246],[4511669.675681952,2662445.112256416],[4511821.957974565,2662875.9311422287],[4512691.176348391,2664415.3960795538],[4512867.968133871,2664907.4249163703],[4512593.350306543,2666905.3294447116],[4511842.6181567935,2667953.7280467395],[4511233.779424177,2668625.442632695],[4510850.10733322,2669590.058380192],[4510298.357337571,2670134.5024286434],[4509327.197721718,2671371.176346825],[4510008.914505251,2671672.478169173],[4510886.999517977,2671629.840897824],[4511287.260209502,2670848.8591611506],[4511632.523232924,2670497.636963648],[4511843.941526611,2669872.276772107],[4513577.538276732,2667478.6228411472],[4513858.622553414,2666717.222244459],[4514013.695856785,2665650.676978498],[4513231.943406633,2662495.1486708173],[4513472.105687832,2660987.931723791],[4514850.142889222,2658969.275336187],[4515856.721768796,2658989.847742282],[4516065.540775265,2658699.7509444626],[4516429.1058958685,2658508.8789958893],[4516433.408276684,2658243.764562541],[4516070.666435811,2657750.70543132],[4515953.080814505,2657044.2269365666],[4516121.615698058,2656003.254003688],[4517830.066600774,2651158.7270943094],[4518208.818188948,2650517.310663745],[4518531.929011058,2650519.3727799733],[4518900.036355125,2650836.0723705986],[4519600.6336343745,2652375.245133823],[4520436.968275753,2653906.607858427],[4521445.401645183,2656885.1887723794],[4521058.679328468,2658301.64800845],[4521177.131974412,2659572.2491299333],[4520928.325431095,2660202.827003368],[4521122.957285727,2660763.322153264],[4521589.451697487,2660747.4990233593],[4522780.192122507,2658907.403213848],[4523217.968252512,2658807.7647122676],[4525441.227662568,2659443.452550086],[4525717.042206097,2659273.551831168],[4524416.155380484,2658380.169080492]]]}},{"type":"Feature","properties":{"flugjahr":"2008","gebiet":"Tirol"},"geometry":{"type":"Polygon","coordinates":[[[4523615.180798637,2657960.6150447433],[4524416.155380484,2658380.169080492],[4526722.10969985,2652606.5084944596],[4526218.621692704,2652173.0858601714],[4526108.349587298,2651956.3677956862],[4523615.180798637,2657960.6150447433]]]}},{"type":"Feature","properties":{"flugjahr":"2008","gebiet":"Tirol"},"geometry":{"type":"Polygon","coordinates":[[[4524130.052693882,2659068.5474388553],[4523266.686403628,2658821.693946715],[4519692.072441469,2667803.2797706923],[4518682.19453407,2670119.458963062],[4518714.195861527,2670266.4747615717],[4518532.733027279,2670501.766674605],[4518262.11898804,2671174.309742355],[4518276.361961863,2671319.601921958],[4518163.632023263,2671423.0549962837],[4519201.413147997,2671165.2743849605],[4519189.897073716,2671063.8949983562],[4519423.025828815,2670711.8443884756],[4522285.70154747,2663379.035905651],[4524130.052693882,2659068.5474388553]]]}},{"type":"Feature","properties":{"flugjahr":"2007","gebiet":"Salzburg"},"geometry":{"type":"Polygon","coordinates":[[[4519459.370617586,2671045.36670859],[4518998.699970419,2671223.627199591],[4518811.518236239,2675492.0387278725],[4521310.738586489,2675603.3458930124],[4521527.415504082,2670611.866874158],[4520411.638713937,2670560.0675317314],[4519670.187322145,2671052.8507303027],[4519459.370617586,2671045.36670859]]]}},{"type":"Feature","properties":{"flugjahr":"2015","gebiet":"Ober\u00f6sterreich"},"geometry":{"type":"Polygon","coordinates":[[[4527738.610790853,2781271.5673765936],[4526227.716747016,2783327.903760572],[4526328.189772183,2783510.026631683],[4529041.1574941985,2785964.5559817986],[4531421.118345833,2788563.500300624],[4534031.723374806,2791829.0135637964],[4535983.234016941,2793042.4387332215],[4539928.695148395,2793219.696640541],[4541241.094686583,2793766.682265784],[4541760.336136287,2794544.1942093833],[4543731.302049572,2796631.384970662],[4544126.735379339,2797554.179373179],[4545256.825949559,2798935.1289390638],[4546054.786866613,2799152.237801265],[4547633.910335283,2800067.2943263627],[4549154.289607121,2801335.956342795],[4553707.277903537,2801916.202795032],[4556834.668977314,2803832.5631834087],[4559973.804238011,2803942.844753058],[4562131.577502166,2804209.982992702],[4563724.235238727,2804885.2937919367],[4567552.425324985,2807056.9831793574],[4568237.591585974,2807516.5574242277],[4569298.67736247,2809379.7374826306],[4570039.828269244,2810016.6405220297],[4570623.321091823,2810302.2445321837],[4571290.280237971,2811129.1296727248],[4573532.414694845,2813137.1330309235],[4573491.726132969,2819107.7150040837],[4574458.340959026,2823495.9357194314],[4575302.422732565,2825910.458197551],[4574819.551640822,2831361.6310147485],[4574625.331738497,2832564.232916478],[4574637.861712359,2833905.950512323],[4575264.026599555,2834831.188535919],[4577297.195025662,2835153.3727993695],[4578597.416826338,2836960.078041207],[4580105.1106850095,2837718.401762202],[4581685.275744663,2837298.9059112202],[4582798.729245588,2836398.965308973],[4584588.2697465755,2834778.534314808],[4585946.477548836,2835622.1379167973],[4588262.827532447,2835091.2087962823],[4589250.396565806,2833572.3498124424],[4590223.816511113,2833409.6550471624],[4591345.169934247,2833023.731668945],[4591777.672218524,2831571.616392247],[4592043.267680998,2831221.7145088967],[4594016.722913685,2830834.5556604117],[4596217.403792754,2830703.079191943],[4597127.509025394,2831611.6011922075],[4607072.907422147,2832055.178300827],[4608509.63255484,2799594.7836170993],[4613505.579819562,2799822.239453383],[4614277.629637748,2782344.4924214757],[4564313.075194955,2780078.823358681],[4564752.374153915,2769839.301649047],[4564332.045655649,2769725.97686277],[4564122.69896356,2769545.4390278067],[4563880.177676285,2769666.678190889],[4563675.691533239,2769670.87773011],[4563567.267306689,2769471.4045281885],[4563478.62259189,2769487.9117967817],[4563449.252729513,2769341.907309932],[4563062.157655494,2769576.19367301],[4562627.238726422,2769208.422861467],[4562479.691550808,2769271.239046009],[4562360.050665568,2769060.940839944],[4562050.291045522,2769011.608461461],[4561765.883108473,2769080.6772007686],[4561719.441475678,2768703.617887725],[4561597.981471671,2768538.4510704326],[4561180.374186312,2768402.070337662],[4561117.095330677,2768308.549577969],[4560795.29872885,2768407.583816919],[4560805.330220726,2768199.502406942],[4560866.105081278,2768176.408861295],[4560809.756627226,2768102.9355606525],[4560692.561861622,2768024.987987038],[4560482.053676416,2768051.1498124236],[4560382.051616324,2767922.072511588],[4560151.785623805,2767881.2538258648],[4559818.631124471,2767639.146726296],[4559862.577740483,2767460.953095995],[4559338.342798524,2767428.223964351],[4558754.282810816,2767278.357396327],[4558365.682856897,2767395.944621421],[4558253.963796075,2767313.087356203],[4557779.003953521,2767288.79704205],[4557521.157287441,2767350.152176121],[4557427.536482142,2767547.75283575],[4556922.250144176,2767362.447653471],[4556584.97511815,2767157.9392044568],[4556427.2834916115,2766945.1994548077],[4556066.401111466,2766815.2576095616],[4555982.874556637,2766842.002494718],[4556062.921180731,2767195.7184821805],[4555861.669539225,2767308.683725857],[4555791.504000032,2767481.973548708],[4555969.95804613,2767599.3527429258],[4555820.619250911,2767531.5344208935],[4555756.809335561,2767728.517999726],[4555606.228651149,2767705.612429349],[4555489.231089948,2768027.2084866716],[4555562.650966562,2768091.4300465854],[4555453.389367773,2768470.6058868817],[4555837.388115533,2768653.9200869366],[4555896.770599629,2769013.2285380624],[4556219.166318377,2769276.6738601336],[4556237.019914088,2769386.013714067],[4556106.112185239,2769595.923086881],[4555822.166968066,2769566.9586452],[4555509.744749548,2769375.492412854],[4555470.744097869,2769259.626727184],[4554796.426332992,2768982.1771519445],[4554777.493137375,2768823.875623229],[4554688.131849877,2768809.6217239387],[4554160.906120747,2768919.0183595745],[4554035.1717206305,2768875.283234072],[4554210.540774761,2769663.3992303563],[4554051.958051779,2769500.3072338942],[4553974.727222057,2769573.3571787514],[4553794.3904426545,2769467.263066895],[4553695.274048421,2769530.8426309153],[4553417.283183035,2769371.0512270387],[4553101.189335136,2769624.671269449],[4552848.285412996,2769538.2135103485],[4552847.321292673,2769630.124916541],[4552541.173626414,2769792.1468115607],[4552238.804684081,2769727.0009019934],[4551491.643102795,2787005.2343966807],[4533747.17156512,2786206.621684443],[4527738.610790853,2781271.5673765936]]]}},{"type":"Feature","properties":{"flugjahr":"2011","gebiet":"K\u00e4rnten"},"geometry":{"type":"Polygon","coordinates":[[[4527424.344539333,2619324.8449145183],[4527320.780434376,2619881.70101636],[4527349.63875914,2620574.1991163692],[4527203.0081981,2621702.154723098],[4526914.615219615,2622616.5538105792],[4527307.094113034,2623046.7916846084],[4527378.819573555,2623822.003583352],[4527275.230882437,2624288.1959000947],[4527376.443600119,2624585.2773331935],[4527535.693314626,2624744.579111487],[4528034.337976587,2624752.023657434],[4528249.8243271755,2624890.3260457134],[4528444.843623627,2624883.5196348983],[4529058.88153351,2624571.001820297],[4529479.039901856,2624757.8106585704],[4529267.824082171,2625401.658482988],[4528824.178935486,2625948.2598821884],[4528569.60135971,2626061.118843943],[4528521.725619433,2626241.776980214],[4528851.104265023,2627691.2292565163],[4528644.846639721,2628284.3029772877],[4529233.8820393495,2628938.261435829],[4529619.461765966,2629182.713321015],[4530658.097601884,2628951.884638971],[4531380.093884335,2629692.8235509614],[4531726.332077105,2629687.607246483],[4532052.176419264,2630032.5992832854],[4532768.47765172,2629975.1992860483],[4533564.432753893,2630290.4512773165],[4534335.517968387,2630329.703431317],[4534407.119951809,2630753.3872769615],[4534653.000991786,2630552.859901898],[4534789.626882807,2630652.5919757346],[4535006.496153404,2630609.5558893294],[4535216.240825698,2630809.385797598],[4535851.605365028,2630789.652846487],[4536023.141057325,2630029.4434484304],[4536245.112506034,2630164.349245934],[4536671.843935834,2630163.8026116514],[4536974.537356585,2630374.084753162],[4537202.541510541,2630109.883229081],[4537505.986713426,2630005.586600756],[4537620.136929598,2630091.5993730463],[4538117.4285783805,2630146.570052954],[4538547.594898762,2630304.725403919],[4539527.337019095,2631442.990809707],[4540285.581508533,2631522.082979557],[4541061.352879269,2631786.1444341745],[4541380.131112453,2632048.4015127183],[4541667.945015449,2632429.19674333],[4542629.647850154,2633245.386026135],[4543437.885887772,2632756.3401043825],[4543807.191901144,2632327.8018879616],[4544540.576272267,2632097.9139885376],[4545286.056305216,2632182.3107816726],[4545968.03162096,2632690.1271229694],[4546242.60807638,2632804.8742331387],[4546399.81541301,2632988.9493895117],[4546303.073234649,2633069.2169526936],[4546428.389320995,2633223.230494258],[4546454.560595665,2633619.580979822],[4546905.922799616,2634259.0395896337],[4547233.664242112,2634305.5213745316],[4547721.551102232,2634678.019035464],[4547852.57401275,2634917.805336932],[4547861.03055115,2635124.6376329274],[4547756.401449989,2635330.173837234],[4547682.063740356,2636150.6187761896],[4547575.9609490875,2636372.101757092],[4547001.217382449,2636499.559648702],[4546104.52613535,2637009.6994404313],[4545284.264666879,2637668.950095043],[4544540.328316939,2637989.2256983663],[4544088.905858538,2638488.2787870383],[4543702.541881366,2638752.2743645543],[4542465.4781302195,2639050.881883147],[4542024.872571837,2639530.5711806878],[4542129.882090059,2639958.4484034455],[4541628.238127246,2640575.295509439],[4541524.267459727,2641002.4416331886],[4540759.86021768,2641204.8655778775],[4540467.174119655,2641479.5921628266],[4555297.757662286,2642114.519308634],[4555081.664781582,2647095.700678068],[4557747.188691635,2647223.787770873],[4557691.265956925,2646304.5245395293],[4558009.9531420255,2645897.695541807],[4557853.824712766,2645325.530378891],[4558361.208795799,2645428.665372989],[4558275.648977076,2645040.52711053],[4558485.011085068,2644490.7584498865],[4558904.354549085,2644719.880362766],[4559575.142831147,2644865.9840791216],[4560187.735889382,2645361.635405168],[4560171.257705834,2645741.2986594685],[4561333.443292157,2646082.98626178],[4561755.2249059975,2646510.787600821],[4561730.972567585,2646684.7888041018],[4562017.932151504,2647496.1780503895],[4563854.842511045,2646717.8572027627],[4564506.278242697,2646962.2025434286],[4565119.227830277,2646977.8994755875],[4565692.26949657,2646839.307358846],[4566023.954153697,2647079.7734445324],[4566330.692161691,2647689.86337155],[4570080.985314582,2647858.32722883],[4570297.665083909,2642869.5050315885],[4575296.565430854,2643091.503377025],[4575388.500526621,2640974.879624503],[4576075.379322032,2640947.7847784506],[4576096.564428633,2640894.6841525827],[4576769.480481675,2641257.625955877],[4577389.685724488,2641366.0590077713],[4578145.90086758,2641359.846118367],[4578926.207103653,2641727.1097450512],[4580384.465189586,2641795.0485074916],[4580083.593714898,2648229.1970807556],[4595091.36176233,2648906.106798347],[4595525.683679123,2638923.067858435],[4605522.761820811,2639375.402784166],[4606161.669144563,2624402.5731290258],[4593588.684470284,2623831.876578374],[4593996.989153665,2616348.9268836677],[4591505.988786726,2616236.500712131],[4591606.295388631,2613740.619206709],[4589100.226079125,2613629.2038062937],[4589167.693735361,2611981.807102754],[4588234.93516713,2611567.0343698906],[4587856.483487241,2611504.7089769114],[4587610.1126832245,2611128.8523484175],[4587182.090842722,2611113.4530679667],[4586638.513795915,2611281.305386457],[4586575.499199996,2611211.0664609303],[4586001.379749987,2611287.7834174205],[4585765.29193473,2611223.1397236036],[4585656.5193627495,2611025.412659954],[4585158.606127009,2610934.7441833494],[4584927.538826914,2611052.234111581],[4584849.113352983,2611188.281064432],[4584621.477183513,2611196.0710112453],[4583969.0190481795,2610981.612588548],[4582973.774575888,2611293.3796590283],[4582565.480417207,2611306.7731163627],[4582436.029560983,2611349.9624891565],[4582382.001751485,2611654.51216868],[4582564.704258332,2612530.50674133],[4581943.378209508,2612462.06211855],[4580911.162841251,2612967.762245054],[4580397.374733556,2612966.0252506025],[4579646.376449604,2613199.542930367],[4579378.368730873,2612575.982854791],[4579528.494137588,2612282.3858177373],[4579571.901782289,2611830.4880937655],[4579288.711930456,2612045.799366556],[4578973.874588092,2612145.4827156505],[4578466.260146393,2611953.039611549],[4578192.890859589,2611713.7860044134],[4577675.410891514,2611908.234341409],[4577582.1515538925,2612074.803117229],[4577422.14439331,2611826.5674488507],[4577189.2494232375,2611655.495576076],[4577111.333273459,2611352.344482028],[4576900.480826147,2611314.9016300943],[4576676.590633101,2611012.6601607706],[4576661.25009938,2610861.881931431],[4576333.115857472,2610698.7838730933],[4576213.045446447,2610416.8131119367],[4576001.746388969,2610280.9108955003],[4575820.747330488,2609909.0926505523],[4575766.047370534,2610096.3069717353],[4575404.130103626,2610021.825702993],[4575286.749922796,2610140.7057198556],[4575158.69861892,2610089.5462675095],[4574775.939224813,2610237.3073130073],[4574012.363958988,2610835.7568431674],[4573816.359580952,2610846.153980365],[4573271.40137314,2610680.008356447],[4573087.407768242,2610438.3970637987],[4573033.067470473,2610532.397654462],[4572771.701902929,2610634.032508619],[4571854.953792188,2610847.7747090077],[4571227.141314484,2610380.7675798805],[4570870.876953043,2610556.6258403775],[4570815.122305333,2610656.0044880556],[4570562.971420899,2610700.7521145884],[4570280.500069658,2610545.8573797145],[4570082.939039149,2610184.5513438885],[4569786.909811257,2610179.9467198863],[4569713.4992063325,2610114.13550502],[4569623.756386957,2609687.2225396433],[4569332.7942892695,2609886.388748822],[4569060.28077809,2609876.84107442],[4569021.1646804325,2610468.009857607],[4568743.68773294,2610684.994839958],[4568546.322793391,2611032.628737236],[4568090.901262158,2611202.8877434237],[4567935.844416765,2611440.9987250585],[4567933.262516642,2611597.6602538107],[4567816.015336599,2611698.2321996707],[4567182.263837704,2611534.8196375538],[4566732.880527316,2611846.380804889],[4566273.21360781,2611730.2161703017],[4565958.195209152,2611823.6718351897],[4565367.018136289,2612234.5022893],[4564852.649208181,2612382.5804146677],[4564822.408741391,2612527.4206625316],[4564713.175023774,2612569.6889106687],[4564676.532668956,2612809.922606609],[4564520.553529086,2612827.433053604],[4564015.747452916,2613141.4120165035],[4563994.937914261,2613579.967709617],[4563754.649793363,2613609.9020381635],[4563534.3216906795,2613483.234283075],[4562815.629244448,2613516.8137763487],[4562633.632626197,2613647.3335477505],[4562296.363344313,2613306.9066619156],[4562100.547968283,2613358.0897902194],[4561962.120488065,2613593.043695735],[4561636.783191297,2613677.2791767735],[4561614.465291956,2613743.4465555837],[4561391.068618781,2613677.4930722923],[4561258.158289941,2613773.3501903545],[4561051.930225029,2613654.190886771],[4560891.600449891,2613779.6834578477],[4560704.338176718,2613665.8149533286],[4560393.108619505,2613743.055499122],[4560071.634395352,2614001.3071229025],[4559776.801495024,2613959.821329679],[4559691.33487342,2614074.496540108],[4559396.472268346,2614178.905684401],[4559167.1974378,2613984.581040904],[4558446.396406177,2614281.6050702613],[4558097.716994221,2614609.041837724],[4557432.909652549,2614765.4545109076],[4557337.500081475,2614530.520925036],[4557078.814249513,2614427.8447364233],[4556694.066761604,2614460.972331982],[4556584.344933945,2614365.1436201064],[4556417.213780371,2614463.315676324],[4556287.180565872,2614367.3585868254],[4555886.529839689,2614461.973989835],[4555672.15323825,2614124.17146103],[4555331.617040702,2614183.6748652016],[4554996.00344633,2614106.176627247],[4554800.327065186,2613936.8493317617],[4554618.353050815,2613898.707703811],[4554175.591693769,2614095.1264179493],[4553539.270609408,2613934.240017476],[4553154.125996757,2614052.0719290064],[4553010.396374167,2614340.0527715078],[4552662.881919945,2614588.5305966823],[4552602.492663718,2614399.68386119],[4552319.470906702,2614535.1953791236],[4551592.580171699,2614212.6793631352],[4551148.07338524,2614538.264167302],[4550949.670715148,2614546.6693903496],[4550643.906255486,2614414.335790334],[4550491.830246799,2614445.8538981425],[4550384.6091724355,2614212.863563506],[4550045.515344104,2614173.4211753616],[4549752.677184602,2614274.6181676006],[4549639.345752484,2614464.3316242998],[4549306.777502303,2614281.3413165766],[4549244.115785103,2614405.7528228164],[4549136.984729882,2614391.7667018836],[4549037.27111255,2614491.7214923953],[4549027.256161658,2614425.1286454555],[4548936.36920556,2614490.5348110073],[4548845.158981296,2614432.4663908724],[4548813.744846966,2614609.938156197],[4548700.751756482,2614532.0153750833],[4548596.081270576,2614558.9130477784],[4548450.368300792,2614740.3607882876],[4548073.03336026,2614667.1246687877],[4548005.207997861,2614762.90388515],[4547934.824270785,2614731.2884731647],[4547667.806863448,2614862.546574724],[4547620.288989413,2614735.3345710333],[4547499.696223257,2614747.9413909726],[4547444.756808558,2614626.9387180717],[4547221.978579996,2614593.8799499623],[4547255.745705107,2614500.560048997],[4547099.256970765,2614366.683289809],[4546373.010906096,2614704.8406463536],[4546080.602166815,2614957.0088785663],[4545932.977489979,2614993.5628273794],[4545852.350914423,2615172.298351156],[4545453.909932529,2615225.881328043],[4545181.289051951,2615040.0860417895],[4544886.13000356,2615001.0133464593],[4544091.606078412,2615074.032548092],[4543937.8278513,2614896.0691182557],[4543722.223089192,2614828.3560757986],[4543249.269108514,2615045.7641384588],[4543035.081707663,2615011.1883048723],[4542858.720763178,2614847.138809449],[4542700.03277408,2614841.388139575],[4542420.957355788,2614672.1117192134],[4542318.156646489,2614738.036953341],[4541961.499373309,2614709.7890091836],[4541591.477083913,2614920.850820477],[4541270.000879678,2614723.1036211033],[4540673.231017841,2614966.042863789],[4540306.959681883,2614552.3337073424],[4539719.467041549,2614341.469626475],[4539536.772927837,2614440.051982307],[4538937.564877103,2614504.758738428],[4538239.658092939,2614871.262703768],[4538185.8185727205,2615120.8891143007],[4538287.530820081,2615367.7997272033],[4538172.18391104,2616153.2181528797],[4538297.808699825,2616327.5926230215],[4538436.920140913,2616831.490429476],[4537950.8466556715,2616980.713130523],[4537967.407927173,2617240.8785147453],[4537886.096863033,2617259.7570505394],[4537676.033719621,2617088.9268223844],[4537039.32240858,2616858.637977289],[4536755.74829527,2617055.809620403],[4536851.713722415,2617126.2686297465],[4536841.079296794,2617213.360621685],[4536267.332431412,2617154.1984348446],[4535686.680560255,2617504.996027462],[4535283.517751692,2617876.066921751],[4535175.897415021,2618369.8667471576],[4535062.214975206,2618422.572205846],[4534515.868582711,2618501.416566883],[4534320.376288866,2618625.707114366],[4533667.932218178,2618789.236873202],[4532947.262562569,2618727.158286078],[4532641.117988274,2618890.621409574],[4532171.506200073,2618788.60829632],[4531965.028289084,2618603.6358408667],[4531765.560402671,2618572.6127665862],[4531506.446962618,2618299.7189621655],[4531355.941556913,2617985.695856655],[4531341.965818558,2617714.959535035],[4530973.038036292,2617557.239568105],[4530790.992791147,2617368.99228324],[4530610.815644681,2617373.678442685],[4530576.156280109,2617453.4208486495],[4530305.904697273,2617286.2126547005],[4530093.247615027,2617456.6033282625],[4530073.918160771,2617682.8708883063],[4529930.13437692,2617953.2420398006],[4529527.453180485,2618078.542758722],[4529347.51463555,2618324.8235593457],[4529336.296219449,2618552.396367796],[4529134.158269851,2618640.1923572207],[4529062.727454665,2618898.019344703],[4528856.181521872,2618858.650215538],[4528632.427075501,2618987.1150704883],[4528428.001490018,2618951.2403184534],[4527970.206531255,2619038.145168846],[4527424.344539333,2619324.8449145183]],[[4581516.20215451,2615745.4416897674],[4581179.795054585,2623272.3818763415],[4579674.871912259,2623204.6377555765],[4579094.128228963,2623607.889205479],[4578205.198051646,2623139.285115442],[4576680.688806299,2624227.8118126867],[4576116.789270758,2624371.984046374],[4575346.908372338,2624918.008266435],[4574509.918831289,2625873.2604141515],[4574200.177784752,2625881.3999896953],[4574018.488048303,2625983.111715726],[4573222.182034915,2625462.5423436174],[4572139.30536067,2625501.9434935832],[4571659.894849011,2625855.4917703215],[4571002.581616272,2626802.581516303],[4569786.36820049,2627271.6868994795],[4568084.081043226,2627684.48631603],[4567626.2037251415,2627663.93100971],[4567421.398207076,2626724.222087648],[4567568.052019474,2626399.8464933583],[4566017.365963594,2626211.8003864842],[4566037.204194828,2625753.994905712],[4564952.659904112,2625046.9163581147],[4565128.884006085,2624039.893625728],[4566136.381127482,2623464.9762741197],[4566178.790630966,2622598.178561809],[4567087.535438693,2622638.9535460686],[4567285.964447478,2621892.0286728395],[4568703.131994766,2621718.464677472],[4569293.631884152,2621902.3952633673],[4570058.928832633,2621789.2594156815],[4571268.694038593,2620800.1293337443],[4572842.111393902,2620719.595874211],[4573381.604685385,2619983.910586816],[4574267.700923267,2619805.7997871335],[4576287.202404105,2620578.577405721],[4576516.194205033,2615457.1594800004],[4581516.20215451,2615745.4416897674]]]}},{"type":"Feature","properties":{"flugjahr":"2009","gebiet":"Tirol"},"geometry":{"type":"Polygon","coordinates":[[[4527535.693314626,2624744.579111487],[4527376.443600119,2624585.2773331935],[4527275.230882437,2624288.1959000947],[4527378.819573555,2623822.003583352],[4527307.094113034,2623046.7916846084],[4526914.615219615,2622616.5538105792],[4527203.0081981,2621702.154723098],[4527349.63875914,2620574.1991163692],[4527320.780434376,2619881.70101636],[4527424.344539333,2619324.8449145183],[4526583.382233062,2619108.6158279944],[4526299.5668468475,2619105.418424585],[4525844.13523911,2619265.058456932],[4525024.9284204645,2619228.6796819167],[4524522.761410328,2619024.0314147463],[4524205.547354891,2618731.304771279],[4523340.153522734,2618544.1279270933],[4522809.757341177,2618726.107115199],[4522492.272147705,2618933.3262403365],[4522301.419201764,2619135.321843353],[4522112.60936538,2619539.445675838],[4521722.120560786,2619532.0639715446],[4521262.465260708,2619176.823170998],[4520895.506922422,2619110.1403546818],[4520561.832771522,2618929.718118647],[4518601.983909971,2618853.021590872],[4518253.524485277,2618592.992755505],[4518146.472626029,2618421.091633372],[4517933.64243144,2618302.8431697497],[4517583.891731121,2618277.819459783],[4516836.512477007,2618542.6994613176],[4516591.392106749,2618970.718006983],[4515785.913162828,2619197.1578263524],[4515635.309213163,2619438.825745341],[4515037.465072743,2619994.3084239466],[4514700.294793672,2620091.7568328553],[4514276.367812255,2620432.7306464245],[4514128.05070802,2620825.5792166824],[4513844.58092689,2620980.562821159],[4513474.9895052295,2621104.6044697277],[4512892.911201529,2621039.909029321],[4512606.442382235,2621114.159029112],[4512212.005624379,2620949.982518269],[4511760.1428754,2620900.252757478],[4510777.088227988,2620942.376512729],[4510426.377502388,2621247.21885055],[4510171.478865247,2621948.484681013],[4509482.45205883,2621908.6783951595],[4508764.911957747,2622074.662544366],[4508560.055935876,2622217.752848119],[4508359.591994832,2622218.852498264],[4508077.69249868,2622067.089774798],[4507757.422665458,2622124.7573053846],[4506969.37235282,2622721.1393097052],[4506571.139670209,2622847.285305261],[4506328.815156784,2623239.0827765036],[4506067.953012419,2623227.5012605204],[4505577.580374512,2623389.09146907],[4505054.514542293,2623919.4940437954],[4504526.140614411,2624139.771131818],[4504272.099852635,2624463.825221932],[4503122.465726528,2625118.0278595774],[4502461.5858498225,2625982.4997568554],[4502364.978788966,2626815.0421086866],[4502130.264107095,2627111.5175818093],[4501975.273678956,2627717.63241501],[4501710.610295372,2628047.9966916256],[4501541.126307434,2628743.412828188],[4501550.0261136,2629231.1947968756],[4500969.765148388,2630567.6487102043],[4500784.582534533,2631513.6596499425],[4500472.456023051,2631650.886877285],[4499956.124759646,2631578.7912262776],[4499455.206676533,2631871.1668968075],[4498978.147171017,2631912.920697916],[4498533.765452889,2632168.486809049],[4497621.6776833,2632393.2032178366],[4496952.065312569,2632196.640941711],[4496521.369137812,2632314.8412177977],[4495548.630762234,2632164.006970922],[4495373.582604944,2632210.7932304083],[4495132.811611513,2632448.4682839783],[4494834.21241817,2633177.4154064404],[4494756.556285777,2633635.7048444753],[4494945.94214466,2634054.654394303],[4495308.010401828,2634301.5504014953],[4495311.051328002,2634679.061407976],[4495457.252309358,2634975.0781913023],[4495387.705842581,2635322.529427617],[4494929.7334594745,2635999.9737148355],[4494900.606626529,2636292.009651602],[4495274.0997489225,2636870.014879655],[4495391.2168454975,2637248.489528793],[4496181.181308088,2637974.1765821013],[4496535.094552798,2638422.071506606],[4496546.591579172,2638560.5976447025],[4496446.003202547,2638935.9429528248],[4496114.394617303,2638960.065271578],[4495884.928238921,2639127.275734411],[4495737.612060863,2639655.1724923435],[4495502.341893707,2639923.54128369],[4495396.78330558,2640480.97421082],[4495249.126084207,2640772.888112399],[4495335.282181828,2641207.4408989847],[4495264.08538661,2641564.947729579],[4494763.89247662,2641822.0257314574],[4494174.146225925,2642413.8785579903],[4494126.699481968,2642849.3338021063],[4494240.418238238,2643220.2610801295],[4494053.846746615,2643528.762452191],[4493750.974495514,2643688.735592254],[4493208.169966341,2643684.391510439],[4492974.305594169,2643794.3882573675],[4492081.489769683,2643872.9683055184],[4491904.86242342,2643489.2388532786],[4491515.905678539,2642980.2431891486],[4491119.871872402,2642720.674248643],[4490782.515371856,2642676.699172497],[4490594.587475994,2642323.271859284],[4490398.640295771,2642167.421969344],[4489847.646861985,2642161.15347687],[4489620.058655881,2642325.083256222],[4488690.451013898,2643509.4095372916],[4488556.3744956665,2643987.6983647645],[4488091.39383799,2644512.347726446],[4488072.169244307,2644746.8529755264],[4488162.605776422,2645039.1296074507],[4487716.7325384915,2645409.7465288094],[4487562.276638482,2645684.0734266182],[4487241.628311473,2645779.4924707445],[4486918.541282075,2645727.0979496883],[4486449.145413772,2645931.3241944765],[4486041.0288107,2645707.107465486],[4485734.349219062,2645692.325866062],[4485342.910519352,2645993.0168113173],[4484450.07619963,2646351.6245614695],[4484097.105711831,2646618.132180567],[4484014.140011719,2646850.938432834],[4484058.671493905,2647090.4403681634],[4484324.464912518,2647419.355520643],[4484729.4561358,2647573.467758271],[4485125.632634876,2648543.695618923],[4485354.476297749,2648937.1505554803],[4485713.657705632,2649267.0397511055],[4485742.358062428,2649470.801059641],[4485350.426308478,2650064.4981079455],[4485174.201651131,2650498.704600516],[4484879.727699478,2650602.4348725765],[4484678.65404632,2650779.93020548],[4484346.444586326,2650838.8443161636],[4484010.510374387,2651080.0076453886],[4483546.61156462,2651218.444915538],[4483267.244727015,2651715.996964979],[4482919.951916604,2652110.4074514774],[4482854.460435984,2652516.7711324533],[4482946.469601654,2652712.3659609803],[4483189.343018745,2652896.199041157],[4483157.852435131,2653395.865466816],[4483269.459698276,2654042.206164471],[4483039.717412649,2654259.7006013948],[4482725.946374878,2654365.4787959503],[4482543.401424468,2654601.5785977403],[4482514.026598595,2654856.480748354],[4482647.619440967,2655193.542858277],[4482579.520825476,2655636.994750007],[4482385.93422879,2655914.265310483],[4482322.010090177,2656434.2828289056],[4482006.304934401,2656818.924997003],[4481962.822293225,2657166.797723491],[4482219.32893256,2657831.2120385855],[4482482.578616871,2658188.3206993467],[4482894.773012462,2658544.0253875265],[4483415.411615605,2658833.233676076],[4483685.57820081,2659259.4127062326],[4484174.703287095,2659612.9299942874],[4484386.446543053,2659640.7908598236],[4484941.990161413,2659517.2092653946],[4485647.893089395,2659181.5370238204],[4485985.305123239,2659447.7228666996],[4486421.241256465,2659561.427032102],[4486710.256797051,2659774.8320497056],[4487351.393045054,2659782.5974668916],[4487636.89925831,2659916.063912152],[4488383.965315141,2660028.4734442886],[4488758.894078379,2660788.7750868113],[4488811.716400568,2661377.993601936],[4489075.523765334,2661777.00766188],[4489099.770971907,2662181.16500626],[4488984.9287439985,2662766.752740108],[4489169.998262116,2663416.8045663503],[4490017.822455268,2663785.1264796294],[4490411.67506402,2664115.575637859],[4490751.3290875675,2664268.941495281],[4490866.7379994625,2664494.395600646],[4491314.123328536,2664310.2847156827],[4492875.461320792,2664752.5165423164],[4494506.366706362,2667006.2856366187],[4494872.457320504,2667249.8323967326],[4496332.660042983,2667126.5401072334],[4496615.361850453,2666629.431640056],[4496571.112164325,2666384.1305089938],[4496644.381797194,2666226.3932604683],[4496932.908095757,2665936.0600254643],[4497090.202050368,2665617.388794993],[4497437.483402417,2665498.1608943855],[4497897.562164088,2665492.150520698],[4498106.706439876,2665355.469868757],[4501779.67295121,2664540.8343931027],[4502334.3834741255,2664809.083700397],[4502697.119714528,2664715.227586413],[4502872.138914885,2664617.994594266],[4503236.933619224,2663899.628307254],[4503832.514783113,2663649.257770722],[4503890.417221125,2663191.220012712],[4503997.339195343,2663008.349058938],[4504357.867592604,2662958.869332765],[4504753.114654034,2662541.638899351],[4505017.4924839325,2662429.196175536],[4505159.892027678,2662484.679401956],[4505428.848863536,2662423.3411158393],[4505762.92559558,2662119.3618647675],[4506522.142714905,2662083.4812858673],[4506754.050490267,2661844.1650429578],[4507375.144745164,2661572.8363949955],[4507853.598112964,2661729.394490191],[4508330.825364673,2661749.1448972253],[4508691.082809345,2661260.468444929],[4509219.267654266,2661034.874860688],[4509504.024240672,2661006.0351490527],[4509831.130875977,2661120.848516723],[4510233.075858079,2661337.52056388],[4510050.213468501,2661868.7375457077],[4509874.165508104,2662025.341674172],[4509711.354144712,2662585.1899762517],[4509471.981810833,2662852.552646955],[4509477.529425196,2663011.622910248],[4509380.777456686,2663124.2953492617],[4509437.708740469,2663280.529909832],[4509287.039086322,2663649.0840930925],[4508807.303352297,2664729.354499835],[4508523.661548729,2665151.002858062],[4508224.191743287,2666157.603795086],[4507582.816148767,2667638.0842417064],[4507435.060848347,2667789.854467745],[4507069.3963538995,2668964.546836163],[4506959.491201048,2669213.8144609714],[4506855.538509541,2669232.8028166974],[4506673.405177023,2669834.264919806],[4506518.852262474,2670003.5283579696],[4506511.313875541,2670365.589794092],[4505666.392859636,2672402.394078112],[4505666.532869901,2672626.8443843955],[4505241.726143064,2673393.623673818],[4505345.129589101,2673544.765324372],[4505751.418612202,2673794.5765056526],[4506453.809935113,2673410.973330697],[4507023.376199969,2673364.7002701242],[4507766.334870824,2673689.6577404644],[4508114.344080054,2673731.1834748564],[4508651.62781565,2674344.1901475503],[4509334.676873585,2674070.3135661418],[4509446.983574229,2674742.6263441094],[4510047.849877389,2674604.2494086074],[4510558.079923824,2674625.9735485883],[4511627.680430349,2674121.9893706525],[4512351.556975798,2674039.6281972495],[4512685.785462927,2673496.0762919514],[4512882.437469606,2672615.367675567],[4514221.210217756,2671686.136018582],[4514806.512498763,2671565.886762797],[4515327.78622507,2672231.352054256],[4515807.497677421,2672534.788403595],[4516767.747150345,2672097.547738139],[4517426.082408929,2672152.228330441],[4517809.1387255285,2671365.7157441187],[4518163.632023263,2671423.0549962837],[4518276.361961863,2671319.601921958],[4518262.11898804,2671174.309742355],[4518485.986073251,2670608.1638968275],[4518714.195861527,2670266.4747615717],[4518682.19453407,2670119.458963062],[4519692.072441469,2667803.2797706923],[4523266.686403628,2658821.693946715],[4522780.192122507,2658907.403213848],[4521589.451697487,2660747.4990233593],[4521122.957285727,2660763.322153264],[4520928.325431095,2660202.827003368],[4521177.131974412,2659572.2491299333],[4521058.679328468,2658301.64800845],[4521445.401645183,2656885.1887723794],[4520436.968275753,2653906.607858427],[4519600.6336343745,2652375.245133823],[4518900.036355125,2650836.0723705986],[4518531.929011058,2650519.3727799733],[4518208.818188948,2650517.310663745],[4517830.066600774,2651158.7270943094],[4516121.615698058,2656003.254003688],[4515953.080814505,2657044.2269365666],[4516070.666435811,2657750.70543132],[4516433.408276684,2658243.764562541],[4516429.1058958685,2658508.8789958893],[4516065.540775265,2658699.7509444626],[4515856.721768796,2658989.847742282],[4514850.142889222,2658969.275336187],[4513472.105687832,2660987.931723791],[4513231.943406633,2662495.1486708173],[4514013.695856785,2665650.676978498],[4513858.622553414,2666717.222244459],[4513577.538276732,2667478.6228411472],[4511843.941526611,2669872.276772107],[4511632.523232924,2670497.636963648],[4511287.260209502,2670848.8591611506],[4510886.999517977,2671629.840897824],[4510008.914505251,2671672.478169173],[4509327.197721718,2671371.176346825],[4510298.357337571,2670134.5024286434],[4510850.10733322,2669590.058380192],[4511233.779424177,2668625.442632695],[4511842.6181567935,2667953.7280467395],[4512593.350306543,2666905.3294447116],[4512867.968133871,2664907.4249163703],[4512691.176348391,2664415.3960795538],[4511821.957974565,2662875.9311422287],[4511669.675681952,2662445.112256416],[4512077.845786771,2661511.7049820246],[4512257.027578668,2660789.033397636],[4512285.285059295,2659475.6057285685],[4512490.645754748,2658756.066246536],[4512450.377204111,2658399.8046916267],[4512301.625486121,2658298.5108989915],[4506953.700657459,2658626.458806446],[4502866.829408789,2659429.0194522636],[4500177.239372972,2659518.9550279537],[4498546.48198357,2659701.8603791515],[4497885.459758174,2659318.228637641],[4497033.76090899,2659047.4182253415],[4496981.336321509,2658339.7851880654],[4497176.594075918,2658003.0033867843],[4497955.792887522,2657996.003961728],[4499205.452230574,2658167.180132485],[4500404.389632316,2658105.0614874535],[4503406.882463287,2658183.850353864],[4503974.159094682,2658017.721572833],[4504790.866393709,2656496.9967456325],[4506462.465596707,2656301.7297091894],[4509568.097684985,2656372.284264337],[4512464.291612069,2655783.089571951],[4514649.929852141,2653722.8608699967],[4515041.156844085,2653017.698723285],[4514986.481699143,2652162.9579899805],[4515092.799809463,2651819.9561993866],[4515904.542077281,2651263.989552163],[4515961.14060571,2650841.133975663],[4515707.544561888,2650287.7933847746],[4515198.062514489,2650286.9432830503],[4514609.596384684,2650092.5572551205],[4510562.702293148,2649521.0992266047],[4508932.326268884,2649788.2030033697],[4504975.043687763,2649448.9488200555],[4503570.190518658,2648656.510496964],[4502297.267107498,2648429.030271582],[4500687.8086571265,2648497.6080889627],[4499058.237136914,2648693.188127517],[4496676.4420921765,2647916.805747343],[4495579.797613526,2647823.386554148],[4494071.250975306,2647980.5937955254],[4492863.406678317,2647826.554133383],[4492704.297990888,2647471.1461711037],[4492788.61162496,2647194.8608822497],[4495373.750136965,2646223.542396429],[4496148.087526967,2646060.974388877],[4497136.2664799765,2646501.1724367896],[4498770.571781169,2646731.935907633],[4500547.844029194,2646686.8740697512],[4502776.4402994625,2647146.2474958687],[4505249.075260856,2647497.304537842],[4507931.174343797,2648468.689381009],[4508554.492691056,2648465.6634259042],[4509453.163764669,2648285.425085578],[4510475.357914126,2647931.0061335703],[4512254.251222565,2647775.2164544975],[4513303.611644689,2647072.9426872646],[4514308.637344159,2647026.5050574047],[4515460.126740204,2648005.5533890463],[4516292.003821771,2648453.9109099787],[4516985.470072713,2648455.7572336905],[4517682.286717119,2648603.89241396],[4518369.536335906,2648285.50478362],[4519238.513263682,2647185.338465897],[4519522.498548804,2646457.0488293096],[4521970.936259585,2644308.834986457],[4524162.456294428,2642861.570529311],[4526298.639194258,2640588.071117392],[4527232.689172239,2640326.8958584866],[4529363.542864575,2639222.566013911],[4529773.720960958,2638842.3377519557],[4530017.471799854,2638140.7520239665],[4530093.29618045,2637541.209804486],[4529561.881254557,2636832.290725362],[4528500.2294676155,2636308.765233951],[4526815.8311347235,2636036.5008876254],[4526308.844005175,2636168.4870682037],[4525330.225617176,2635719.1683393447],[4523526.14674153,2635514.0631287936],[4523054.003188614,2635689.752410187],[4522255.09359913,2635557.2148101637],[4521834.511978775,2634933.550049427],[4519954.375311273,2634396.917608913],[4518922.557212126,2634862.57890533],[4518064.116994826,2635525.6739666956],[4517627.943646968,2635658.461717601],[4517287.017566421,2635569.543052294],[4517739.472388434,2633795.4210847793],[4517547.934324744,2633378.0051989853],[4517355.213331464,2633181.6293371078],[4515195.27274035,2632129.2554532327],[4513471.556610157,2631592.437705078],[4511931.298029992,2630850.873513188],[4509512.813793103,2630303.250876837],[4508681.80492903,2630265.1536024055],[4507976.812689605,2630549.812750012],[4507213.1376018375,2631175.1162924734],[4506983.08162221,2632673.0939680147],[4507235.913154074,2633327.5039058332],[4508218.160342001,2634221.780654924],[4509151.17839349,2637030.0174746844],[4509276.971467579,2638027.5649639443],[4509115.352284941,2638094.174011074],[4508450.005311964,2637044.74310413],[4508049.024128991,2636196.013442259],[4507308.82426473,2635220.6162811853],[4506968.495223408,2634827.555264569],[4506469.741381658,2634696.338217069],[4505313.651010509,2635059.100067407],[4502966.414690215,2636280.324462288],[4500382.168804263,2636909.721874811],[4500127.901032764,2637144.8415973],[4499968.531674047,2637888.6545157684],[4499658.368884986,2638167.817157746],[4499344.071830639,2638239.466603501],[4499202.060025027,2637916.29782066],[4499081.787244775,2636682.5961982785],[4497834.586541834,2635325.3307283875],[4497798.955697538,2634631.665224118],[4498170.782138512,2634563.79910734],[4498582.689019126,2635187.6661120416],[4499447.58647903,2635842.972261333],[4499868.866568331,2635813.6292404574],[4502230.781393258,2634906.43454056],[4505372.385067406,2634039.9793040287],[4505797.184939476,2633483.9868167276],[4505900.484576041,2632882.4842183115],[4505892.729616266,2631247.542894918],[4506059.228604186,2630534.4563968144],[4506029.130925793,2630326.960589818],[4504791.893434257,2629965.252558764],[4503464.360751576,2629799.4921776997],[4501708.059935045,2629276.3619625564],[4502244.304363207,2627587.605831608],[4506043.818448854,2628390.5017976156],[4507093.064494547,2628315.6778600793],[4507888.684530949,2628148.038379045],[4509039.627138918,2627416.126948157],[4510308.220750061,2627070.4187289136],[4510917.222664247,2626472.141126456],[4511707.110294589,2626131.2756425794],[4516694.909821949,2625548.8680261225],[4518968.40634169,2624799.374399372],[4520250.750101826,2623958.5650553694],[4520719.167589581,2623819.612950431],[4523054.43864787,2623905.999932951],[4524094.492333128,2623832.7666701395],[4525653.5087250825,2624284.8445135998],[4527063.118507649,2624511.084861793],[4527535.693314626,2624744.579111487]]]}},{"type":"Feature","properties":{"flugjahr":"2012","gebiet":"Salzburg"},"geometry":{"type":"Polygon","coordinates":[[[4506391.139482165,2673446.421444352],[4505751.418612202,2673794.5765056526],[4505345.129589101,2673544.765324372],[4504994.81233294,2673032.723681034],[4504518.804277831,2672859.4902178636],[4504136.380002094,2672966.386400829],[4503659.9906750815,2673350.742998662],[4503086.72335787,2673974.204681007],[4500376.361396568,2672618.0775537584],[4500334.773442214,2672170.570473419],[4499879.927095647,2671434.271764946],[4499927.262275025,2670984.539070167],[4499856.128631695,2670296.68865032],[4499910.159492041,2670094.0226951707],[4500112.44097043,2669876.6506119315],[4499145.773480013,2669009.5376608744],[4497617.892843858,2668757.6211469644],[4496701.500231876,2668227.1137775304],[4496505.143776271,2667951.5710346447],[4496391.987641666,2667130.447192527],[4496012.592347564,2667105.4623627868],[4494872.457320504,2667249.8323967326],[4494506.366706362,2667006.2856366187],[4492875.461320792,2664752.5165423164],[4491314.123328536,2664310.2847156827],[4490866.7379994625,2664494.395600646],[4490347.363841944,2665105.9992799917],[4490133.782539156,2665561.824895964],[4489957.697887995,2665682.533710313],[4489377.477796495,2665815.778550281],[4489210.871050913,2666027.9607655695],[4488517.937389693,2666025.527583272],[4487068.7447911855,2666567.8739182656],[4486709.23467916,2666445.9347830787],[4486548.507620746,2666191.063016423],[4485890.799622295,2665990.431497827],[4485423.326543526,2665484.035949934],[4484537.080107461,2665083.4913611296],[4483530.155348376,2665139.718589464],[4483237.226051625,2665452.718386539],[4482753.308599214,2666366.5687324675],[4482656.211916621,2666386.1890346566],[4482462.422245248,2666649.163387964],[4482499.909763756,2667169.7210231666],[4482741.954100987,2668075.268369819],[4481722.795673161,2669742.587811811],[4481569.810655732,2669861.271872199],[4481484.794266001,2670189.6254346697],[4481528.601234448,2670919.422422241],[4481441.791739451,2671040.1567879645],[4481404.57592889,2671508.3604128566],[4480487.545360519,2672212.928620444],[4479879.331551308,2672508.224445164],[4479912.520916102,2673031.8575049844],[4479796.986408488,2674470.5541252834],[4479719.458989401,2674684.21359564],[4479509.412566825,2674955.306458386],[4479338.023263592,2675017.468172351],[4479242.4195276145,2675238.8826534757],[4479335.384198394,2675678.2333457163],[4479487.619145072,2675793.997799413],[4479471.849450071,2675929.5035247747],[4479366.660047059,2676424.075800626],[4479015.811646443,2676933.263763749],[4479060.779170344,2677278.9756953027],[4478893.454207198,2677505.7020792016],[4478863.296707563,2677861.8806086536],[4479256.779408259,2678385.8924703174],[4479262.199978796,2678634.716441987],[4479175.637048206,2678735.273832438],[4501100.511271815,2679705.8636951605],[4500992.2321640765,2682201.5467266054],[4508489.702689582,2682534.540906672],[4508706.352896096,2677543.09808978],[4506207.153632766,2677432.0725314803],[4506391.139482165,2673446.421444352]]]}},{"type":"Feature","properties":{"flugjahr":"2009","gebiet":"Tirol"},"geometry":{"type":"Polygon","coordinates":[[[4519670.187322145,2671052.8507303027],[4520626.5939022815,2670432.981679828],[4520827.333170379,2670036.675354758],[4520999.682960916,2669926.8027659524],[4521657.042250304,2669139.745863937],[4522395.330169277,2668787.6086694235],[4523147.437974503,2668730.2902845154],[4523893.4649853185,2668029.0299025606],[4524331.025456628,2667981.8449511207],[4524615.606552623,2667637.288494704],[4524773.542645636,2667562.631224772],[4524734.968692935,2667413.1141537414],[4524861.053045806,2667232.989781705],[4525236.87708858,2667007.54464343],[4525269.396598748,2666786.886125359],[4525394.196502722,2666620.0265463176],[4525934.748915291,2666169.91346039],[4526326.695998557,2666064.7695219126],[4527253.413981297,2663361.243485221],[4527540.0555177145,2662964.3982822695],[4527726.734304628,2662840.8117035925],[4529091.363124174,2662684.70125592],[4529519.951984477,2662745.443684936],[4530266.155418846,2663123.0094295084],[4530823.863536663,2663208.177682411],[4531034.353954657,2663080.2866218966],[4531443.383958954,2663077.861042989],[4531824.472679678,2662729.5271742106],[4532041.390206508,2662377.276372076],[4531770.595042718,2662272.0541228675],[4531612.508575168,2662031.4361184263],[4530847.434784241,2661599.23051178],[4530736.169993568,2660835.7624573368],[4530536.456991445,2660423.585620733],[4530257.319509851,2660185.9707802255],[4529907.187668744,2659436.542935458],[4529418.90539886,2659247.1859120005],[4529446.985579956,2658658.0794851943],[4529584.230966111,2658450.614404549],[4529582.96263568,2658236.007831859],[4529170.745478335,2657667.435305877],[4528640.094505458,2657305.155513378],[4528749.900485787,2656929.1993281813],[4529581.079534423,2655903.918999829],[4529797.724832445,2655458.0326978103],[4530223.2918556295,2654214.5910026915],[4530215.5293002,2653641.3936747247],[4530631.299139933,2653276.72748885],[4531319.23419216,2653296.544076179],[4531559.060963696,2652694.7452322855],[4532053.173168778,2652214.1585833556],[4532133.371793551,2652012.093924367],[4532743.242538975,2651749.6220874256],[4532953.821131561,2651519.679006764],[4533430.89866882,2651480.3796115443],[4533197.8994691055,2650618.992510788],[4534440.7629894335,2649740.2786929077],[4534717.918712255,2649637.2160952636],[4535443.691997388,2649701.697749627],[4535858.359869153,2649452.9708550368],[4536066.548353685,2649491.93556752],[4536286.7197045665,2649053.1644315855],[4536546.499873973,2649082.5248892163],[4537464.598030523,2648617.1367574222],[4537579.220244523,2648341.1767866],[4537142.772925739,2647560.8349737935],[4537108.5355161745,2647307.224109031],[4537504.2242700225,2646711.7821420757],[4537750.924103659,2646458.7367665437],[4537914.839893813,2646465.4006822193],[4537877.461780171,2646117.142220732],[4537971.141325525,2645007.9833347877],[4538126.1695615575,2644292.2922569634],[4538100.703213044,2642870.396366825],[4538648.861652577,2642715.635888446],[4540329.903011724,2641674.375472596],[4540501.942397689,2641384.978866646],[4540759.86021768,2641204.8655778775],[4541524.267459727,2641002.4416331886],[4541628.238127246,2640575.295509439],[4542129.882090059,2639958.4484034455],[4542024.872571837,2639530.5711806878],[4542465.4781302195,2639050.881883147],[4543702.541881366,2638752.2743645543],[4544088.905858538,2638488.2787870383],[4544540.328316939,2637989.2256983663],[4545284.264666879,2637668.950095043],[4546104.52613535,2637009.6994404313],[4547001.217382449,2636499.559648702],[4547575.9609490875,2636372.101757092],[4547682.063740356,2636150.6187761896],[4547852.57401275,2634917.805336932],[4547721.551102232,2634678.019035464],[4547397.179923751,2634406.9093308137],[4547092.691066894,2634254.3680936056],[4546905.922799616,2634259.0395896337],[4546704.964929235,2633900.636154038],[4546196.03846964,2634943.809876033],[4543679.977719993,2636560.72121],[4541883.426070189,2637544.4705609004],[4541167.266621903,2637474.8323690505],[4540702.884963069,2637694.757012172],[4540440.728208913,2638129.1867764336],[4540650.680041749,2639321.846321147],[4540540.740962006,2639615.5988161266],[4539894.066641116,2639781.643531963],[4539426.566766405,2640016.106160443],[4539243.580909538,2640658.907122482],[4539692.435615772,2641942.318806411],[4538602.552626196,2642594.5263006617],[4537918.6476242,2641521.1177870226],[4535766.863763911,2641524.606328516],[4533052.830154527,2642199.117045298],[4530913.429159838,2643041.7125435425],[4530212.944993296,2642635.6460181214],[4529409.877548675,2642509.7622317444],[4528402.708367264,2642752.228394207],[4527474.197268094,2643453.5426616073],[4525017.941627734,2645745.520043007],[4522458.49616171,2648306.48170398],[4519696.068705418,2650120.909488302],[4519764.678362403,2650619.87340398],[4521587.455072383,2653230.162032428],[4522915.525526693,2656026.1100651706],[4522834.240029671,2657300.874854793],[4523061.516480373,2657678.658745371],[4523615.180798637,2657960.6150447433],[4526102.21284804,2651959.388997086],[4526394.380480709,2652357.021380583],[4526489.9711818965,2652357.5475062286],[4526722.10969985,2652606.5084944596],[4524416.155380484,2658380.169080492],[4525717.042206097,2659273.551831168],[4525441.227662568,2659443.452550086],[4524130.052693882,2659068.5474388553],[4522285.70154747,2663379.035905651],[4519423.025828815,2670711.8443884756],[4519172.792695956,2671127.859210134],[4519670.187322145,2671052.8507303027]]]}},{"type":"Feature","properties":{"flugjahr":"2009","gebiet":"K\u00e4rnten"},"geometry":{"type":"Polygon","coordinates":[[[4540467.174119655,2641479.5921628266],[4540329.903011724,2641674.375472596],[4539687.323515959,2656440.1660943283],[4534688.512355069,2656218.655025211],[4534146.245789032,2668713.596865235],[4534241.944007975,2668760.1046953294],[4534743.000238754,2668757.5351325413],[4534876.410950866,2668820.868749617],[4535003.885574918,2668744.7687423546],[4535059.407794966,2668442.116470021],[4535286.85426202,2668191.120541737],[4535548.3057362735,2668019.9751141774],[4535900.209088452,2667926.46616357],[4536161.4176075235,2667220.488453118],[4536311.654703491,2667062.499119925],[4537025.185330866,2666976.3648685124],[4537054.983094903,2666909.7394702495],[4537564.396569504,2666975.6192578035],[4538064.533042207,2666894.3910750337],[4539976.566175086,2667403.073397519],[4540551.94455012,2667058.1027812613],[4541239.484274695,2667028.8989673257],[4541427.625449246,2667106.349489045],[4541694.881206787,2667071.408734434],[4542587.229181735,2667173.6041733264],[4543983.386092422,2666615.315151178],[4543923.294323655,2666294.8095715363],[4544141.939322874,2666016.6745708724],[4544461.171563473,2665262.182364355],[4544495.097404284,2664760.9832982514],[4545352.0556816235,2664294.751449418],[4545393.595780558,2663338.4587890743],[4545605.965493185,2662899.2133029024],[4546231.554950048,2662454.1201244867],[4546759.951669907,2662348.5260615353],[4547091.452012226,2662443.773738076],[4547586.442024605,2662441.0547680636],[4547804.815266301,2662139.6619737335],[4548822.145828683,2662604.3310814616],[4549394.834062806,2663195.7303833356],[4549379.454121254,2663550.39946785],[4550460.796766345,2663329.077913739],[4550726.013274306,2663055.163370336],[4550655.433097173,2662030.337858517],[4550733.79993425,2661968.1491208347],[4551129.78189006,2661788.795217299],[4551766.736528821,2661741.793872901],[4552231.796090913,2661335.5850321883],[4552642.911127381,2661186.480151352],[4552789.953443779,2661322.8341676146],[4553124.058190674,2661242.5491828555],[4553612.369274698,2660803.0538882534],[4554514.3199239755,2660458.9226062903],[4554571.491114732,2658845.825836222],[4555202.618269691,2658578.356812891],[4555286.958585678,2658294.5131660025],[4555614.236680281,2657874.952204323],[4556749.453619292,2657545.8021150352],[4557092.228449784,2657192.4435895337],[4557263.059824026,2657208.52900669],[4557811.082343764,2657600.3030034276],[4557963.627680495,2657240.472395899],[4558466.325197472,2657260.456791329],[4559689.54412106,2656610.6451402446],[4559703.305025924,2656293.933804545],[4560312.503724392,2656309.178287951],[4561005.445968927,2655935.5771822524],[4561151.512971723,2655776.659750767],[4561956.142719287,2655832.842237983],[4562532.474449444,2655519.10229502],[4562837.493111863,2655597.7149824593],[4563417.182873781,2655965.601825932],[4565177.896137317,2656198.7448578333],[4565857.450986053,2656172.9439746235],[4566439.819283422,2655922.1029728204],[4567501.052456179,2656525.6094876523],[4567761.335888022,2656292.9823395596],[4568016.94042109,2656579.513355039],[4568977.397555417,2657002.7071421486],[4569676.384292216,2657136.794597987],[4569671.230749816,2657255.3095742753],[4570687.490905538,2657648.599787482],[4571111.793217283,2657601.865392956],[4571396.266345386,2657479.9930236945],[4571661.392030782,2657648.370245483],[4572465.324039269,2657288.5066213408],[4572743.840252087,2656900.5187972486],[4572990.364839101,2656346.2634547474],[4572935.836689924,2655662.5229466865],[4571019.585528743,2654810.558684363],[4569813.468798934,2654072.7527643098],[4569877.812440993,2652768.7450480238],[4574868.675028022,2652995.590819464],[4575034.608508379,2649400.5109922965],[4575872.090259867,2650022.6320247496],[4576143.310184251,2650581.045136593],[4576469.97770854,2650900.8341376474],[4576730.7740712445,2651990.9841629663],[4577301.212804352,2652500.996047713],[4577772.4439675845,2652308.6293411106],[4578647.333620285,2650847.6268413905],[4578989.080987055,2650505.9176471108],[4578745.308017953,2649959.1005736594],[4578099.373324584,2649494.890422344],[4577441.678843717,2648725.075875533],[4577261.067221724,2648104.4099036595],[4580083.593714898,2648229.1970807556],[4580384.465189586,2641795.0485074916],[4578926.207103653,2641727.1097450512],[4578145.90086758,2641359.846118367],[4577389.685724488,2641366.0590077713],[4576769.480481675,2641257.625955877],[4576096.564428633,2640894.6841525827],[4576075.379322032,2640947.7847784506],[4575388.500526621,2640974.879624503],[4575296.565430854,2643091.503377025],[4570297.665083909,2642869.5050315885],[4570080.985314582,2647858.32722883],[4566330.692161691,2647689.86337155],[4566023.954153697,2647079.7734445324],[4565692.26949657,2646839.307358846],[4565119.227830277,2646977.8994755875],[4564506.278242697,2646962.2025434286],[4563854.842511045,2646717.8572027627],[4562017.932151504,2647496.1780503895],[4561730.972567585,2646684.7888041018],[4561755.2249059975,2646510.787600821],[4561333.443292157,2646082.98626178],[4560171.257705834,2645741.2986594685],[4560187.735889382,2645361.635405168],[4559575.142831147,2644865.9840791216],[4558904.354549085,2644719.880362766],[4558485.011085068,2644490.7584498865],[4558275.648977076,2645040.52711053],[4558361.208795799,2645428.665372989],[4557853.824712766,2645325.530378891],[4558009.9531420255,2645897.695541807],[4557691.265956925,2646304.5245395293],[4557747.188691635,2647223.787770873],[4555081.664781582,2647095.700678068],[4555297.757662286,2642114.519308634],[4540467.174119655,2641479.5921628266]]]}},{"type":"Feature","properties":{"flugjahr":"2017","gebiet":"Ober\u00f6sterreich"},"geometry":{"type":"Polygon","coordinates":[[[4610844.178623818,2746634.3307029507],[4611041.614191264,2742140.320120226],[4610619.679944689,2742390.9089216264],[4610776.826909361,2742272.548352237],[4610309.301201991,2741273.479598195],[4609983.988925022,2740943.2833657404],[4609161.089685001,2741383.6604358456],[4607915.052953983,2740997.4094127603],[4606164.74354549,2740701.7923214734],[4605657.80225122,2740502.200545854],[4604954.069170134,2740858.277552019],[4604800.339872261,2741026.6226532287],[4604473.868703187,2741096.6487176265],[4604606.243628415,2740970.925092513],[4604477.005193244,2740674.289031423],[4604020.698625591,2740254.005508311],[4603751.517849328,2739687.4477899657],[4603279.5136973765,2739182.271320069],[4603007.405491965,2739070.4326913245],[4602846.691522588,2738881.5191662526],[4602775.725759499,2738486.2844227026],[4602695.6598768635,2738449.9547876175],[4602541.868852177,2737553.3712189444],[4601933.333212838,2737385.2798323445],[4601742.237858474,2737239.675655506],[4601622.546246,2737276.8546380303],[4601726.22833373,2736559.034484311],[4601604.2496991465,2736445.3695975887],[4601665.928707988,2736033.1650230563],[4601523.934606239,2735943.918010968],[4600878.13377219,2735828.110685302],[4600668.001777427,2735626.902665032],[4600151.135725882,2735458.276353539],[4599834.790395824,2735190.126719604],[4599869.227479351,2735118.188539886],[4599447.673518622,2734880.533183422],[4599606.370549461,2734288.6998234293],[4599384.937862103,2734225.722042853],[4599358.161110679,2733885.8671079497],[4599205.537078461,2733643.984920907],[4599116.496379049,2733029.506638834],[4599162.933586139,2732710.934999167],[4598897.882248389,2732271.428715897],[4598890.913899852,2731719.4353231094],[4598413.105054214,2731206.8607535018],[4598348.9050275115,2730133.707397484],[4598539.03424724,2729095.7200372424],[4585722.74938155,2728515.356799605],[4586013.624529518,2729051.71659677],[4585731.749055604,2729780.117347698],[4585574.860354977,2729903.8702456886],[4585604.425212489,2730232.8341529854],[4585100.146443566,2730709.4514516816],[4584508.184310732,2730290.1214272375],[4584331.753109434,2730278.145759625],[4583983.094254855,2730466.1433849446],[4583822.03794397,2730399.926507032],[4583421.354263962,2730417.764395025],[4583140.171986717,2730685.7280375944],[4582982.2392960135,2731084.1231970005],[4582969.730915666,2731392.2055664016],[4583301.7359923385,2731584.0182506004],[4583413.898968883,2731784.867844883],[4583345.143616951,2732030.4753039293],[4583780.660571568,2732791.330543538],[4584033.790211957,2733504.9840693953],[4583968.216798867,2734646.7234717123],[4584332.7364934785,2734989.845209329],[4584553.013217084,2735442.7956377324],[4584736.628015612,2735574.9901132453],[4585147.245504465,2735381.490935604],[4585570.210213652,2735860.784462829],[4586014.618830686,2735980.978859366],[4586287.673509627,2736236.8754792092],[4586358.6916795485,2736423.594746044],[4586338.781590332,2737310.102389702],[4586446.972559006,2737642.3795604315],[4586666.194612811,2738007.635412867],[4586973.14374304,2738226.2833699384],[4587042.516623735,2738392.5235366137],[4587210.542875483,2738518.6254699747],[4587186.826744776,2738737.575196197],[4587275.633709669,2739100.009828722],[4587380.480057808,2739191.0003205407],[4587348.947558535,2739385.550794549],[4587492.961133408,2739786.3836049824],[4587298.97937543,2739751.5540050175],[4585944.007717021,2740088.9128209297],[4585598.605569076,2739997.603696437],[4585243.913515799,2740183.3303751964],[4584609.82913517,2740179.4843329275],[4584490.560945546,2740036.5769077516],[4584132.536131549,2740032.29447275],[4583950.441305731,2740139.310903671],[4584137.3628575485,2740302.482468633],[4584077.3343049595,2740441.926858857],[4583469.930541871,2740566.0893969936],[4582605.675103,2740443.8564808615],[4582362.262090625,2740501.399730852],[4581878.748091942,2740638.4078610847],[4578790.403646551,2742086.3677162635],[4578764.166295308,2742202.1077962443],[4578928.236459049,2742686.392836129],[4578860.728437269,2743018.573191071],[4579101.136045976,2743329.9388773534],[4579063.417535152,2743531.4292385876],[4579331.449267592,2744385.625838221],[4579177.822821602,2744700.0435965178],[4579210.521841589,2744804.2306891517],[4579190.244731472,2744856.4442555914],[4579242.381638386,2745230.6708730897],[4610844.178623818,2746634.3307029507]]]}},{"type":"Feature","properties":{"flugjahr":"2009","gebiet":"Steiermark"},"geometry":{"type":"Polygon","coordinates":[[[4777160.279659811,2667550.8960202504],[4776495.402057909,2676057.9103143937],[4779502.080661445,2680475.32879048],[4779039.023330429,2686354.4450998823],[4776362.955643648,2691379.2355936784],[4775890.698618124,2703694.961480767],[4774586.092451996,2705999.781160112],[4772926.8947525155,2711496.750941101],[4773161.423480179,2711553.5369373476],[4772930.5176978195,2714503.0403612377],[4773905.787726208,2714614.9307762017],[4773839.581172039,2715586.6050015506],[4777595.734807282,2715890.0187866134],[4777347.19511063,2718879.2141889227],[4779838.3734213505,2719092.166577587],[4779756.169646685,2720088.607452828],[4784738.404789681,2720515.6868388113],[4784656.177699971,2721512.14203581],[4784854.145118009,2721529.4486255706],[4785007.161798597,2721296.0088649597],[4785420.583548079,2721073.380183225],[4785508.383429588,2720780.600970601],[4786010.581555573,2720775.2193704816],[4786400.71559017,2720388.080568761],[4786014.654075697,2720144.831701617],[4784781.756831481,2719940.152469263],[4784330.79602673,2719572.010371672],[4784196.34402304,2719668.5456114192],[4783867.0724211205,2719415.1736623454],[4783581.153119584,2719397.0298581477],[4783335.694608829,2719109.362148722],[4783075.664089147,2719041.1503368276],[4782440.994740653,2719051.7324364865],[4782234.459389636,2719187.898438508],[4782055.831094227,2719043.39073738],[4781772.44589506,2719136.186656842],[4781449.404536107,2719049.7357072867],[4781163.266085927,2719102.099975212],[4781075.747138532,2718737.153538178],[4781147.156156822,2718245.6072568065],[4781551.622970225,2717657.3619438335],[4781757.166305007,2717710.845519585],[4781596.207473256,2717386.58752617],[4781783.419381422,2717137.596298066],[4781751.635224753,2716926.2532427586],[4781638.419081931,2716859.227917011],[4781449.062974901,2716969.3538343823],[4781172.981824553,2716623.334397817],[4780760.154899178,2716321.230676798],[4780388.069007524,2716708.9396074605],[4780003.715693592,2716907.690362191],[4779883.615845802,2717052.9402281847],[4780299.732136844,2717268.6690662107],[4780394.664434943,2717467.60019711],[4780233.683616433,2717768.2377434247],[4780242.836144745,2717958.2953328914],[4780564.448990333,2718120.085276252],[4780896.63683402,2718157.957786997],[4780771.098543821,2718396.3198157405],[4780460.163711057,2718336.6378878606],[4780239.1246146085,2718163.054815644],[4780050.212341067,2718229.290762089],[4779930.904001609,2718379.374746138],[4779533.91690549,2717903.564484495],[4779037.602115757,2717740.1085504177],[4778980.612613517,2717300.1903128414],[4778858.148270236,2717090.0231347177],[4778701.264285888,2716994.0855575064],[4778699.5275810575,2716693.568326533],[4778605.285789929,2716589.972578222],[4778551.427994907,2716242.196768302],[4778607.261891665,2716129.0895604375],[4778685.092799339,2716147.746265648],[4778746.7805245705,2715844.1534741544],[4778617.442708549,2715567.095157118],[4778240.35452927,2715407.779551362],[4778178.533093469,2715470.685752113],[4777883.385410474,2715396.6841690415],[4777680.397869205,2715239.9795143493],[4777018.02653231,2715150.236344853],[4776123.9228611095,2714730.7802119763],[4776403.652049233,2714268.751559597],[4776481.98961966,2713968.724392823],[4775158.528824497,2713415.595551187],[4775104.387430012,2713291.2276936546],[4775578.7921008365,2712975.170213823],[4775579.416668979,2712742.0489968075],[4775690.945547571,2712729.121227133],[4775829.909664399,2712921.665993483],[4776070.970639263,2712658.3980894987],[4776014.94033124,2712541.7848361135],[4776065.578104471,2712498.4797051298],[4776189.25090129,2712578.1702023163],[4776190.933196728,2712413.549661451],[4776086.06102236,2712451.960795695],[4776064.411749878,2712346.167671466],[4776177.492572121,2712184.4518861384],[4776237.978556574,2712290.8007370546],[4776397.426929882,2712108.2011404526],[4776397.991131548,2711995.249241787],[4776502.749682416,2712180.5513834227],[4776630.836089483,2712222.4315999495],[4776574.014722252,2711740.41096427],[4776662.157269946,2711585.781629929],[4776783.802486562,2711727.6283944123],[4776852.883709056,2711639.6368788867],[4776797.508627634,2711499.2795693944],[4776633.216125742,2711517.040901175],[4776629.385345558,2711371.9059087443],[4776706.462974087,2711343.3164340034],[4776773.679767721,2711422.8793211007],[4776828.569943856,2711345.3922265396],[4776963.702568293,2711353.660549076],[4776721.069495239,2711188.75287732],[4776953.448556204,2710965.9614771856],[4776920.3133327495,2710878.8212225353],[4776812.653944847,2710873.908654379],[4776948.157745519,2710744.816493568],[4777247.726671053,2710840.850600355],[4777299.404658627,2710769.169160356],[4777362.616529876,2710879.935555845],[4777433.43997014,2710835.39905585],[4777501.169924838,2710616.6425315235],[4777380.515867347,2710381.095158239],[4777630.537973027,2710161.9422694743],[4777710.220944697,2709975.9562425097],[4777853.212215597,2710031.6348957717],[4777894.270239892,2709905.9056315124],[4778003.855611657,2709920.0241870307],[4778101.75226541,2709782.20442939],[4778115.397183975,2709622.8830802576],[4778012.616907307,2709759.3213817608],[4777952.668110027,2709700.046673475],[4777978.498976267,2709528.253318968],[4777855.392947848,2709515.716609862],[4778027.6884710975,2709477.841222325],[4777880.813457562,2709082.1991117825],[4778019.471436091,2709036.2661700123],[4777989.402806449,2708910.949466683],[4778072.033998997,2708892.237376501],[4778003.865092681,2708778.047180914],[4778101.173371635,2708876.9725615154],[4778207.572945662,2708776.734841594],[4778191.542122965,2708681.6977020004],[4778317.159478485,2708664.0974237863],[4778356.344040754,2708539.883752334],[4778167.632910607,2708451.0729632284],[4778191.916465552,2708268.1509315227],[4778280.751506054,2708258.619005842],[4778295.0051260395,2708334.801035688],[4778309.512043563,2708243.0808439334],[4778436.745494423,2708227.5353664695],[4778128.886516476,2708148.8722686777],[4778267.765336513,2708105.1155317016],[4778220.49819446,2707940.4195698793],[4778398.619763781,2708082.705858298],[4778486.470257569,2707843.4989587725],[4778616.452158898,2707868.6145226476],[4778549.621562476,2707982.3638143498],[4778629.534994282,2708038.1300983853],[4778712.388594378,2707907.8826363874],[4778897.536283118,2707831.3646468697],[4778977.2902275715,2707576.3940539723],[4778828.070443287,2707545.6777713364],[4778865.981910315,2707241.692440306],[4778975.453732828,2707208.2013641056],[4778866.978030735,2707157.2341047716],[4778943.969870494,2706995.7719299844],[4778862.407876269,2706867.451876891],[4779174.38515163,2706690.017449975],[4779123.4071189165,2706632.925982907],[4779228.543186438,2706645.399104405],[4779086.454133674,2706547.2453589323],[4779263.491994905,2706443.022411332],[4779083.498602432,2706388.1094716205],[4779167.996748764,2706291.9772672593],[4779060.585567747,2706310.9154701764],[4779149.686894733,2706216.7626799336],[4779094.04023229,2706016.0916339285],[4779286.568280179,2706063.769593075],[4779191.93817436,2705984.0677421903],[4779270.528499021,2705891.3930294565],[4779085.715131446,2705800.3281206056],[4779026.358515756,2705649.929389572],[4779220.0202117,2705662.897348344],[4779327.044753164,2705591.7611054895],[4779209.039620105,2705513.0081497217],[4779383.212257613,2705445.854825461],[4779380.80115799,2705546.656927031],[4779475.674824923,2705566.68947615],[4779447.126397795,2705474.785456037],[4779518.21229673,2705411.8301249607],[4779412.560196037,2705313.3851472177],[4779548.612634569,2705339.020174686],[4779648.442624466,2705158.61405929],[4779552.509699296,2705131.748136782],[4779617.109139183,2705026.5980406636],[4779477.980423486,2704973.799570376],[4779573.73413164,2704717.1805059803],[4779440.947066074,2704653.0253954018],[4779543.642726339,2704563.16715003],[4779561.117917204,2704652.3267482813],[4779703.561205657,2704617.3840667093],[4779622.159516675,2704448.7435554806],[4779741.868179301,2704378.6030568434],[4779642.804121967,2704292.441794054],[4779734.122651633,2704348.9228292415],[4779935.529895701,2704009.1207750747],[4780078.016676217,2704028.343309657],[4780176.027689382,2703743.161745044],[4780414.794105426,2703564.136357544],[4780437.276987062,2703325.766900341],[4780373.735054781,2703284.717519451],[4780546.90167334,2703217.8299810262],[4780389.145548393,2703165.0018781745],[4780524.7563990345,2703065.530645065],[4780568.835817693,2703161.2823631284],[4780644.3647294585,2703148.574762115],[4780653.255399511,2702907.19561896],[4780719.67498753,2702883.303301416],[4780666.6665057205,2702845.463501158],[4780738.759872639,2702797.3341838513],[4780643.432483126,2702804.784778542],[4780620.433643955,2702668.576693965],[4780737.20962478,2702707.4813077487],[4780639.518247343,2702560.1023259787],[4780830.642749575,2702519.936543322],[4780850.320264475,2702407.5798556395],[4780985.121308799,2702374.622301919],[4781025.556036269,2702268.4273731234],[4780938.458801211,2702210.5316981166],[4780900.964013387,2702312.7441039],[4780856.971691724,2702250.3013127875],[4781104.91812419,2702022.537093473],[4780971.740932901,2702045.961253139],[4781031.488681146,2701942.0420304667],[4780943.485135207,2701852.5936600305],[4781025.056424579,2701805.757487405],[4780890.114718808,2701867.639937729],[4780779.27730944,2701797.4276237106],[4780942.807593445,2701764.190307894],[4780861.472552594,2701670.697570812],[4781015.660512226,2701501.8900193744],[4781018.513459307,2701423.922880218],[4780956.061986749,2701426.2317304765],[4781002.854928456,2701331.3474260364],[4781123.932186293,2701327.8370693983],[4781172.244636144,2701224.674736115],[4781078.516260108,2701188.757017061],[4781166.846546174,2701135.456092828],[4781217.313226838,2701207.4629598493],[4781260.119453368,2701131.361265517],[4781104.767877755,2701075.2979645147],[4781219.794572029,2700996.9713106477],[4781088.414802732,2700901.2913243715],[4781219.755770118,2700885.1243417556],[4781232.549755516,2700966.8591718026],[4781269.8382029105,2700879.7097592414],[4781317.104818023,2700908.127937438],[4781254.751153208,2700795.9726553597],[4781445.239539087,2700819.2747391276],[4781269.140429995,2700659.1334521794],[4781326.571571479,2700596.936200323],[4781241.838580301,2700583.862419354],[4781257.211183544,2700501.3686407],[4781499.858021275,2700589.477648688],[4781510.895917513,2700500.311738101],[4781410.064044033,2700433.976236683],[4781495.48097808,2700425.1252558427],[4781425.888429629,2700278.8585910155],[4781518.808753562,2700307.9444214785],[4781494.829475916,2700152.298592627],[4781631.279350414,2700123.6661228156],[4781552.485964625,2699965.3742392375],[4781660.783017127,2699998.3351600585],[4781711.343429149,2699923.369200893],[4781641.11939507,2699838.573907134],[4781606.457174372,2699896.2387683135],[4781605.309449571,2699770.762045276],[4781519.278460765,2699777.333148652],[4781622.53707918,2699719.2701256867],[4781507.163925046,2699718.262258959],[4781568.628342565,2699450.1823116424],[4781454.762543732,2699462.949215877],[4781459.783021098,2699295.880224231],[4781532.600805957,2699249.900069698],[4781428.343389008,2699173.5396449775],[4781564.370729258,2699081.368773642],[4781473.578933721,2699105.7733622505],[4781402.486563379,2699014.613484407],[4781534.637733473,2698981.659325186],[4781537.18043993,2699061.2717642547],[4781658.370370356,2698930.877447943],[4781531.0983341,2698890.824436536],[4781592.227301851,2698780.9940326726],[4781505.221728831,2698716.395033614],[4781593.86006054,2698693.7524703653],[4781604.357701118,2698481.069243896],[4781470.5311064925,2698520.672764182],[4781442.96923295,2698413.413734642],[4781396.128997174,2698496.5441821087],[4781284.212111589,2698477.6925074016],[4781379.899129212,2698293.4026145916],[4781244.012479383,2698220.3253278965],[4781180.110817368,2698042.059688123],[4781268.987597516,2698039.5441930597],[4781288.785463209,2698170.3589150063],[4781407.990854762,2698153.8445297764],[4781369.238806782,2697992.811868196],[4781514.695616016,2698004.089877866],[4781505.004155965,2697913.722021951],[4781626.912287466,2697916.3019472654],[4781545.284332913,2697767.702449962],[4781481.839242056,2697803.0570152476],[4781520.934947423,2697673.380876022],[4781685.69158856,2697676.5687161707],[4781553.269220554,2697547.049031066],[4781727.643906845,2697526.3578972183],[4781660.720704808,2697436.5891275285],[4781589.478971052,2697474.0955953654],[4781741.944892574,2697303.0044996548],[4781696.32946409,2697180.193736235],[4781948.579561571,2697222.6172628715],[4781737.190589722,2697006.451782069],[4781891.647955386,2696744.859615531],[4781789.783562507,2696435.3389916783],[4781991.188480316,2696241.3774926113],[4782031.736126146,2696397.4862298127],[4782101.9259616565,2696242.0176689364],[4782210.786276164,2696260.216314382],[4782171.496419735,2696153.107777469],[4782262.1741093965,2695975.574023406],[4782154.349569155,2696010.8717041397],[4782118.10835076,2695932.368604721],[4782183.506709585,2695788.078577009],[4782235.916084223,2695825.6751173073],[4782292.633301964,2695747.0027151373],[4782331.677338464,2695805.618881698],[4782450.656554208,2695672.0762221515],[4782219.953339584,2695575.1804588484],[4782368.112049972,2695406.018943556],[4782315.528950328,2695337.093497059],[4782428.786695173,2695298.247416132],[4782424.227106281,2695221.382964042],[4782276.836663705,2695238.2638970576],[4782296.680494403,2695169.4783291267],[4782343.905666454,2695075.5052239005],[4782549.12496977,2695147.0923112826],[4782592.392110598,2694952.527274701],[4782717.91650916,2694927.7146429094],[4782642.922131242,2694864.576317362],[4782473.808576062,2694910.1891313577],[4782493.79548195,2694823.4462171476],[4782733.099318348,2694860.787638952],[4782805.71558837,2694789.4964589137],[4782681.03393824,2694694.302254974],[4782726.387005475,2694569.62759576],[4782888.565257401,2694529.702093902],[4782910.5039097825,2694393.3709792835],[4782820.0348830335,2694415.5758326375],[4782823.294320326,2694337.4946456547],[4782984.0915013375,2694290.859050502],[4783018.3926705,2694138.5798682035],[4783146.044625491,2694101.2974568154],[4783032.0346357655,2694027.2640278535],[4782983.616752174,2694099.181820546],[4782989.007942226,2693947.5382874333],[4783107.329830775,2694014.355509687],[4783357.280677742,2693793.64880877],[4783263.856629674,2693623.211710117],[4783288.633013194,2693440.7598973964],[4783358.990524623,2693352.7507084],[4783539.923028225,2693351.1630228953],[4783514.179484969,2693113.8687323458],[4783698.070654712,2692967.8140642717],[4783647.4505271055,2692769.8078314066],[4783795.159722959,2692807.465833097],[4783823.0175884385,2692740.4302911665],[4783731.067974748,2692667.251986332],[4783604.79315024,2692691.1873296187],[4783808.728730749,2692170.359667531],[4783704.331022446,2692127.4800988445],[4783918.531034932,2692067.9485216658],[4783914.690539311,2692004.4301733915],[4783755.3078168025,2691999.5954434173],[4784043.41515504,2691855.5997075243],[4783933.158970767,2691809.6499810074],[4784010.266712956,2691714.664054943],[4783961.591214181,2691631.101937776],[4784147.226785225,2691608.42348742],[4784049.288369336,2691499.4569047703],[4784163.625896056,2691443.2390569984],[4784106.5338006215,2691296.6368886246],[4784237.876140369,2691285.002703775],[4784231.742806921,2691124.2807102324],[4784349.429513159,2691106.6364552234],[4784196.274557464,2690671.798217074],[4784256.445394933,2690600.475824161],[4784192.1022698805,2690558.6073870473],[4784358.226494081,2690505.946672132],[4784254.8604265675,2690466.8379567987],[4784259.164439948,2690378.422317268],[4784344.498369438,2690414.321912801],[4784394.91820672,2690315.7975165686],[4784280.816081562,2690162.514724532],[4784495.703054062,2690000.0710279383],[4784516.456457961,2689773.310978841],[4784395.999664418,2689755.0030989037],[4784573.988476953,2689594.98938479],[4784505.474948091,2689491.2605945356],[4784624.4977891855,2689398.3279667804],[4784574.149521722,2689233.4367661173],[4784745.165046867,2689192.733062951],[4784515.6620105505,2689061.016377777],[4784578.7797997445,2688964.652730982],[4784475.505741749,2688978.949044453],[4784436.065237612,2688844.981065088],[4784616.523162816,2688807.5834993203],[4784531.778046786,2688732.4549540887],[4784665.544629909,2688622.082476804],[4784557.79782457,2688467.9002538547],[4784565.499775447,2688192.306598585],[4784702.695444527,2688007.57108848],[4784653.0813948,2687805.069226508],[4784404.1132130325,2687526.719997119],[4784307.093572424,2687255.4780427297],[4784248.513573856,2686563.959868128],[4784171.422394914,2686539.402628148],[4784344.2799528055,2686335.7469638544],[4784208.611008013,2686317.4834985957],[4784269.320383884,2686141.9438253096],[4784187.869759552,2686221.6583772297],[4784180.186106582,2686108.028523178],[4784066.566890833,2686102.2774184584],[4784086.366619954,2685950.6970619485],[4784013.481772743,2685890.130345037],[4784126.219040338,2685827.0191750717],[4784062.531600023,2685770.048925688],[4784019.30173028,2685873.060595271],[4783918.989382456,2685800.6754762013],[4783912.175449047,2685588.295005835],[4783369.693214906,2685636.0298742233],[4783347.418364131,2685499.4405848775],[4783427.026410388,2685378.332302357],[4783335.615660973,2685312.990646317],[4783461.792698647,2685244.186405974],[4783387.707117635,2685161.9870409393],[4783273.307464691,2685225.538636443],[4783221.955057866,2685171.360507063],[4783333.991959761,2684856.6818258027],[4783198.917414148,2684819.468811464],[4783211.895533047,2684667.8174158754],[4783314.2767031165,2684641.161908131],[4783222.309409963,2684565.318785391],[4783289.144803794,2684420.86448648],[4783195.714660679,2684254.790483662],[4783310.06073383,2684045.916874146],[4783279.249772205,2683968.0333298245],[4783170.031263293,2683973.7370886384],[4783293.8877278,2683761.162490135],[4783448.536014869,2683686.8381928545],[4783372.416592071,2683570.0225829342],[4783472.963068375,2683480.052717343],[4783344.0566688785,2683316.7928441577],[4783326.909742594,2683121.3793661473],[4782941.662381663,2682763.8943227087],[4782976.359779981,2682581.4758608295],[4783212.55636315,2682352.948529434],[4783281.674862979,2682168.128814108],[4783209.139575914,2681988.251024324],[4783089.17638486,2681957.1387074892],[4783198.009566814,2681870.606514765],[4783096.491373455,2681562.6909191282],[4783174.957010468,2681460.196867319],[4783270.270275925,2681547.430573716],[4783274.718701879,2681438.874534509],[4783134.761829425,2681401.316345799],[4783062.846643112,2681278.662149416],[4783249.091505757,2681046.4547149655],[4783416.863441082,2681030.0382998036],[4783471.70421973,2680864.553558704],[4783362.369200974,2680806.4093804555],[4783590.911592707,2680762.0640589627],[4783548.58701832,2680695.5570478234],[4783653.304382244,2680611.933623879],[4783608.568275277,2680521.5629472267],[4783805.633259837,2680263.1531765265],[4783810.423792639,2680021.0399052445],[4783920.7900393875,2680035.4389406326],[4783942.67810109,2679934.2145191515],[4784129.242784431,2679841.361252079],[4783998.914306658,2679795.3963786243],[4783990.663632921,2679645.7233720245],[4784091.08872735,2679581.6983289407],[4784557.5451332135,2679901.906496349],[4785160.602664497,2678618.8020737916],[4785377.722285654,2678767.074656156],[4785436.288785604,2678650.9098368194],[4785273.092738195,2678634.467247099],[4785319.645407267,2678517.073789889],[4785416.01945686,2678595.6403045896],[4785529.145702202,2678530.355291777],[4785605.85000767,2678657.8745618523],[4785607.946213867,2678491.8402831773],[4785730.64125661,2678468.609085106],[4785779.790839363,2678291.6925828927],[4785941.734333192,2678228.7793562077],[4785967.810942222,2677910.863816261],[4785829.809210811,2677974.601881939],[4785886.430306362,2677860.2271767054],[4785742.178225049,2677819.1194854253],[4785760.595615186,2677735.1960921595],[4786032.327703353,2677695.8536472525],[4785663.838951168,2677550.24943568],[4785635.380471923,2677498.713980174],[4785823.887793076,2677310.4363303147],[4785517.883613152,2677140.432993589],[4785643.882842689,2676902.2111232597],[4785560.246207719,2676872.280437962],[4785583.894585383,2676784.571060425],[4785889.05071002,2676873.9683937463],[4786086.270934135,2676692.717192529],[4785983.887322149,2676505.393503126],[4785858.7580708135,2676612.0297402586],[4785681.8945617685,2676576.3593367133],[4785639.860187115,2676655.7836441183],[4785562.670841656,2676511.770775216],[4785881.1181261055,2676381.323754809],[4786032.27618339,2676464.0555922384],[4786159.384986807,2676191.908119141],[4786338.898821924,2676294.302894081],[4786342.488349331,2676122.799184601],[4786216.525529895,2676037.38728641],[4786345.90542821,2675935.0579214366],[4786111.236849097,2676039.855544896],[4786042.775495899,2675965.2934430274],[4786167.323519977,2675786.8135107835],[4786308.09800202,2675820.349168657],[4786366.58918871,2675699.1222751793],[4786467.249460141,2675759.5145137226],[4786447.857432545,2675505.5620360663],[4786543.617574333,2675507.495572595],[4786468.534277973,2675371.37786688],[4786719.74927295,2675175.6453772425],[4786863.693076682,2675193.319977225],[4786974.040150431,2675028.3936784356],[4787072.748083004,2675064.0991409007],[4786914.681861067,2674760.788265463],[4786974.417605155,2674650.353016787],[4787113.206946986,2674564.952020015],[4787422.210517865,2674581.90311737],[4787500.500852707,2674438.2824378675],[4787594.696906197,2674491.2796874517],[4787700.4961998705,2674399.765505339],[4787492.402354494,2674146.550424016],[4787346.319405805,2674141.5041524325],[4787681.294370047,2673884.778352192],[4787705.62955928,2673751.0079995487],[4787609.504342142,2673659.801813236],[4787898.422935726,2673729.662657435],[4787995.465101955,2673416.60955551],[4787892.55873687,2673327.5318621495],[4788051.747588416,2673356.042829205],[4788097.956364328,2673223.341864926],[4788039.82547727,2673163.057071691],[4788158.268329739,2673163.5714095803],[4788161.931327857,2673360.535823196],[4788278.540587727,2673516.7014333284],[4788430.985127351,2673517.4072007434],[4788431.346768877,2673336.1068467544],[4788277.807741284,2673305.3097248455],[4788539.860988391,2673214.7976668],[4788403.368421411,2673042.5935866144],[4788426.255132113,2672968.1932782284],[4788527.210764324,2673058.6495752935],[4788622.675413318,2672947.781327231],[4788414.8165991055,2672847.875559504],[4788479.332542103,2672762.6408857093],[4788584.586272139,2672778.4404372056],[4788548.755679699,2672637.73561419],[4788740.574955926,2672781.5664153877],[4788841.755594985,2672710.325004061],[4788741.950433145,2672544.7921811077],[4788876.5423977645,2672606.975591726],[4788902.5660292255,2672764.669388235],[4789019.544051378,2672640.7841506684],[4788956.142426706,2672467.159962203],[4788618.804244656,2672496.6510797217],[4788374.954499057,2672610.161000738],[4788140.4716748865,2672516.606070345],[4788006.680969168,2672669.37201525],[4787898.958198024,2672700.65590463],[4787817.936500781,2672608.385022818],[4787717.195491582,2672711.568594903],[4787434.156714091,2672790.1441883617],[4787002.042645331,2672571.308963902],[4786932.838487574,2672419.4030796173],[4786469.219513429,2672244.196371025],[4786427.230442948,2672064.3312977054],[4786491.175178036,2671800.16625445],[4786328.272247689,2671052.799184381],[4786043.203789421,2670906.577147872],[4785931.738733714,2671000.838313133],[4785828.767249974,2670584.6191438995],[4785690.41874854,2670401.148589181],[4785728.870894423,2670211.312253802],[4785513.583654522,2670082.690024989],[4785742.39278687,2669779.828083309],[4785745.265683117,2669439.6119994596],[4785418.56505133,2669168.8322241595],[4785389.596959101,2668872.554711619],[4785133.74802686,2668823.173045724],[4785079.936290148,2668377.7668226957],[4784852.414297645,2668244.711195595],[4784766.0915951785,2667758.082357135],[4784862.828984069,2667605.897842826],[4784829.349320712,2667109.9649078744],[4784946.47435143,2666679.6681426787],[4784305.567812482,2666770.6281674076],[4783471.093991209,2667017.491495914],[4782402.620180955,2667087.1883744933],[4782123.078012413,2667216.373865798],[4781817.080592444,2667572.789931051],[4780697.279162226,2667944.3683177372],[4780057.809675985,2668054.680498911],[4779138.01968153,2668019.1849032356],[4778414.635546419,2667585.283312906],[4777871.7631839,2667515.926104934],[4777160.279659811,2667550.8960202504]]]}},{"type":"Feature","properties":{"flugjahr":"2017","gebiet":"Steiermark"},"geometry":{"type":"Polygon","coordinates":[[[4777160.123797409,2667552.8913755063],[4777265.717146959,2666201.1811958198],[4776657.641371878,2665565.662988331],[4776015.061748016,2665501.6604544045],[4775516.752880668,2665602.493984524],[4774434.162740084,2665152.972809715],[4774206.91627287,2665214.176771951],[4774107.993208369,2665405.4862524774],[4774107.173994386,2665621.944660198],[4774026.559755286,2665653.4535353715],[4773773.552879687,2665596.563985531],[4773516.117964267,2665322.3410043004],[4772662.176731694,2665190.8177866153],[4772315.880516327,2665211.818946609],[4771864.243328686,2665366.4710873915],[4770138.202493785,2665704.0704753045],[4769026.408590777,2666055.6211045487],[4768152.61792812,2666428.3490081024],[4767411.672652706,2666221.4022913915],[4766881.086453998,2665784.252632051],[4766183.904379913,2665678.598821396],[4765839.780577601,2665807.89299039],[4765494.596157658,2666413.180271296],[4763826.252880234,2666508.476331383],[4763617.432189748,2666587.706469424],[4763051.360421089,2667189.241624523],[4762507.939627977,2667471.283250912],[4762044.44549562,2667562.5373331644],[4761544.215834946,2668166.7331478028],[4760419.923321663,2668846.7258716123],[4760233.335213426,2669063.740000725],[4759627.580526939,2669485.300497904],[4759208.952064824,2670222.083835561],[4759078.31639385,2670285.41393756],[4759067.079560671,2670711.2251076316],[4758609.907731685,2670851.615898512],[4758311.430594724,2672152.462874703],[4758457.901574188,2672720.9446667945],[4758357.894585958,2673285.992769016],[4759014.000232467,2673368.9858934684],[4759326.0467100255,2673744.0214940305],[4759405.540125442,2673733.7686420344],[4759673.6263984,2673075.3499095193],[4760091.332878393,2672486.4398083375],[4760123.747799819,2671669.981375592],[4760564.878282585,2670700.3590007243],[4761859.170464775,2669884.211508469],[4763363.733432673,2669183.6497334684],[4764105.473819502,2668593.4527646066],[4764584.8749320805,2668343.404042538],[4765627.237750495,2668174.9258631514],[4767035.809617814,2667705.275089433],[4767906.338916113,2667546.7189942845],[4768351.9388647415,2667848.6677943077],[4768984.246746354,2668016.3931904305],[4769857.778187566,2667982.979505512],[4770335.398721434,2667763.918888252],[4770599.0092778,2667728.692832318],[4771194.799019751,2667945.891400651],[4771872.906468671,2667761.1403432037],[4772820.086481129,2667732.0175131955],[4773931.735468045,2667517.405732881],[4776189.294515761,2667434.8022197383],[4777160.123797409,2667552.8913755063]]]}},{"type":"Feature","properties":{"flugjahr":"2017","gebiet":"Steiermark"},"geometry":{"type":"Polygon","coordinates":[[[4776657.641371878,2665565.662988331],[4777265.717146959,2666201.1811958198],[4777160.279659811,2667550.8960202504],[4777871.7631839,2667515.926104934],[4778414.635546419,2667585.283312906],[4779138.01968153,2668019.1849032356],[4780057.809675985,2668054.680498911],[4780519.8163564345,2667988.343703569],[4781817.080592444,2667572.789931051],[4782123.078012413,2667216.373865798],[4782402.620180955,2667087.1883744933],[4783471.093991209,2667017.491495914],[4784960.448562305,2666638.5811293167],[4784798.405897721,2666445.2255104757],[4784952.285468799,2665852.664406842],[4784662.77668639,2665900.8019070923],[4783973.080700019,2665816.083846771],[4783605.220695816,2665691.05982778],[4783261.310914284,2665853.3114063125],[4783048.411198593,2665813.3893159856],[4782915.867390924,2665589.1737934593],[4782955.5110433595,2665340.4738712646],[4782784.936024303,2664969.1201188955],[4781254.706160936,2665166.9851943767],[4780525.942389499,2665357.469693671],[4778843.496357186,2665249.5673620948],[4777518.77608821,2665501.2099858234],[4776657.641371878,2665565.662988331]]]}},{"type":"Feature","properties":{"flugjahr":"2017","gebiet":"Steiermark"},"geometry":{"type":"Polygon","coordinates":[[[4637866.141395928,2723841.885092487],[4637604.5504547125,2723432.212247852],[4636615.26772778,2723241.0624076254],[4636249.44330893,2722986.2394395187],[4635482.48088941,2723022.1120153368],[4634899.140705217,2722919.3157357434],[4634650.154801089,2722533.8664581887],[4634236.45870519,2722177.487656893],[4633798.217268631,2721481.569183628],[4633659.687737905,2721563.0073863366],[4633687.343225596,2721613.4493687376],[4632971.977825769,2721981.1721959417],[4632529.7112777615,2721855.8872843017],[4632523.250460931,2721679.9080492817],[4631961.570827041,2721469.704374972],[4631443.571125929,2721039.960649286],[4630643.614063297,2720572.2302649273],[4630605.240365365,2720133.8346150075],[4630821.904375672,2719424.582113223],[4630670.151516912,2719237.1809141277],[4630218.486938069,2718970.747235061],[4630053.95125821,2718750.0097803734],[4629879.777457055,2718665.6175931576],[4629821.927648939,2718802.6112789856],[4629147.829433639,2718481.599635427],[4629194.869781223,2718408.6362023316],[4627964.312521492,2718240.0065252325],[4626619.191722655,2717773.0871392163],[4625255.828389041,2716838.5659275567],[4624136.566884133,2715918.3626188957],[4624054.860038184,2714874.8717203955],[4623253.453608268,2714323.0944545795],[4622320.169579051,2713108.0323206075],[4621512.976243567,2712643.399200866],[4621173.304639162,2712584.130602426],[4620012.230142214,2711698.902001618],[4619203.744401175,2710729.235421059],[4618825.100306318,2710577.6642748746],[4618661.972201826,2710425.494763617],[4618626.453940084,2709885.307703722],[4618491.474424747,2709771.0139197907],[4618166.581976256,2709750.3735666326],[4617892.431773022,2709924.9891034383],[4617699.428639213,2709925.035660086],[4617194.964367824,2709653.1070458204],[4616993.337137078,2709310.8906533043],[4616763.159401136,2709164.9963131826],[4616211.285020613,2709100.8099760357],[4615661.070906086,2708851.8876716527],[4614290.921389229,2708680.213942939],[4613864.240297733,2708452.5661144825],[4611433.865512521,2707911.188191553],[4611192.028234215,2707712.785873225],[4609911.437238543,2707574.331082193],[4609723.386316972,2707850.4320657197],[4609469.110080976,2708007.340968404],[4608186.5975787025,2707484.3461492774],[4607864.617755493,2707223.27753443],[4607444.044957003,2707048.2460671584],[4605348.8457443435,2706976.5910757906],[4604599.279912165,2706533.310788296],[4603329.559388499,2706233.0861996287],[4602707.672943444,2705937.708358638],[4601457.182746396,2705546.2490481073],[4600074.091378188,2704805.548131487],[4599984.255712153,2704542.5717230425],[4599576.41519884,2704207.5109367976],[4599069.736770376,2704284.441275565],[4598129.302905705,2704238.986693941],[4597710.628893978,2704125.7139293887],[4597516.486346579,2703993.763511181],[4596799.577925962,2703843.088108731],[4596225.3191852365,2703870.9433677285],[4595583.668950072,2703735.496543841],[4595228.69384888,2703849.505803327],[4594653.850795043,2703544.303951699],[4594080.023558613,2703404.057715201],[4593812.6199026555,2703572.2570410985],[4593157.934834042,2703721.3621242205],[4592857.896244711,2703718.2696762173],[4592593.455953035,2703578.949019993],[4592270.421654853,2703666.520672682],[4592178.965396899,2703788.7417431246],[4592184.18430729,2704030.0396017283],[4591918.763377166,2704477.646994901],[4591335.20277548,2704951.781905682],[4590860.968447193,2704970.973319151],[4590839.179419489,2705665.463085302],[4591209.428356996,2705468.271612539],[4591388.067852292,2705196.7244572965],[4591727.938942398,2705144.1558835725],[4592010.573691572,2704986.1961029093],[4592132.929399943,2704857.5201931987],[4592290.802183345,2704396.3277633125],[4592593.042831892,2704260.1439954992],[4592914.512937679,2703884.9088846166],[4593654.584908551,2703912.016356048],[4593870.172804543,2703998.9947982477],[4594478.364693084,2703951.7950278292],[4594704.887153367,2704010.3363575283],[4595014.155810155,2703943.3556778934],[4595452.371064826,2704082.6471832297],[4595739.278756183,2704012.1462902194],[4595932.526628293,2704172.802107619],[4596099.87537048,2704195.77075282],[4596605.965828707,2704021.9415069288],[4596960.576918084,2704274.321896951],[4597452.114404942,2704451.8871401744],[4597783.984542244,2704387.933476718],[4598117.774682695,2704470.8695328594],[4598556.289900071,2704917.828040773],[4599045.678989425,2705045.6323051965],[4599977.217405846,2705537.761898176],[4600352.275043089,2705645.153243346],[4600713.8522178475,2705863.615906738],[4600917.235524437,2706147.211823761],[4601243.460788984,2706301.211568635],[4602859.520397393,2706681.0363453287],[4603650.192638207,2707088.053962108],[4604177.093273038,2707166.2929968773],[4604598.198133221,2707329.574147497],[4605696.102602953,2707916.666242792],[4606852.970427259,2708228.7585999123],[4607439.177880546,2708194.387425042],[4607878.47974939,2708583.3836608264],[4608020.409590207,2708541.0644020336],[4608805.686221176,2708695.5434916015],[4609362.694264676,2708614.357291418],[4609517.901249348,2708341.721189263],[4609889.595451279,2708151.0499542328],[4610386.714952306,2708057.7180447453],[4610604.262878408,2708123.502163901],[4610778.2557106875,2708494.397203665],[4611228.501712242,2708858.1536861192],[4611732.762867316,2708461.785581492],[4612468.973488841,2708371.997600463],[4612897.682356242,2708793.3341858117],[4613045.724678604,2709195.2563647702],[4613167.350381668,2709320.8414818337],[4613344.947274661,2709362.7863704506],[4613593.566103392,2709225.1399223073],[4613987.683125044,2709654.570696668],[4615230.625284608,2710225.2275170092],[4615794.891221268,2710464.5096609774],[4616378.474028648,2710405.0867782393],[4617222.102573309,2710780.8510536402],[4617589.034179186,2711200.6601197678],[4618535.167134158,2711811.7619675687],[4619014.351106517,2712523.3431633096],[4619724.772616367,2712834.957542839],[4619974.352583315,2713052.203652059],[4620300.213016213,2713057.9279828863],[4620870.240491336,2713518.3740547793],[4620906.103495919,2713740.149118763],[4621390.8745778585,2713875.8195167384],[4621771.041218355,2714183.888402088],[4622030.885043325,2714891.480105398],[4622261.543072507,2715196.7927988647],[4622381.264600621,2715658.930928239],[4622345.497618189,2716181.3082236457],[4622441.165844183,2716388.158564979],[4623149.745777366,2716848.177334082],[4623391.32762854,2717202.565380671],[4623981.898269069,2717414.230268293],[4624647.083920737,2717806.914861333],[4625321.17045312,2718346.1260775626],[4625557.967936328,2718695.6647600033],[4625950.036486347,2719026.8694237014],[4626273.482967055,2719136.117561506],[4626756.147682583,2719462.1364789233],[4627474.003783731,2719659.0933361524],[4627718.943913152,2719813.223058579],[4627625.590803345,2719928.687056157],[4627005.909761977,2719903.895033608],[4626842.306862361,2720056.7485743295],[4626805.765487856,2720277.9231249485],[4626567.396661837,2720350.8122800277],[4626460.106728051,2720494.9077726724],[4626137.122362473,2720674.7218338638],[4626130.750730097,2720853.761139479],[4626359.322523705,2721229.7820163546],[4626833.749227503,2721159.865638625],[4627488.093018947,2721379.10929075],[4627830.83109605,2721331.8605335224],[4628073.380367053,2721470.7478258167],[4629028.389436917,2721568.8566812375],[4629369.768040634,2721727.480728987],[4629623.555872227,2721888.085694093],[4629944.980237596,2722546.001313926],[4630357.430926003,2722879.0394913726],[4631513.382438058,2723354.287060748],[4631817.6651909975,2723685.5495453496],[4632884.160744919,2724236.482535675],[4633213.326848058,2724641.0770195285],[4634022.146307711,2724691.108137777],[4634264.560687145,2724799.3539456544],[4634380.3049292965,2724943.383529569],[4634793.917727412,2725028.332044666],[4636287.946352442,2725709.895732334],[4636420.343425942,2726017.5463119275],[4636734.641187374,2726029.5899633523],[4636888.62396991,2726118.123116928],[4637025.878787028,2726554.740914356],[4637138.395870828,2726646.182028404],[4637900.5955353,2726564.695294703],[4638453.661316824,2726658.794452402],[4638953.293427838,2726869.208478817],[4639289.16349659,2726815.274549865],[4640296.976748557,2726954.649645993],[4640629.597863165,2726848.2519217352],[4640781.972104818,2726519.112969801],[4642275.736800535,2726381.1430914053],[4643130.477622418,2726162.0759200435],[4644252.2783225635,2726200.383407804],[4644757.744168555,2726343.553023006],[4645632.563145241,2727669.3307470246],[4646321.026035061,2728343.2499599927],[4646837.863799479,2728659.997558048],[4647484.3745484045,2728856.5065835477],[4647730.343157588,2729030.9784484277],[4647936.964524577,2729351.990435684],[4648926.502407071,2729685.064039885],[4649850.960115131,2729608.460559295],[4650405.222375116,2729289.025633674],[4651655.795286939,2728879.792590644],[4652044.6955446545,2728866.964869449],[4652215.388019698,2728732.546486477],[4652529.4747700235,2729124.2695333906],[4653443.937204703,2729118.5718789436],[4653601.675662732,2728976.3390710615],[4653828.418870117,2728935.5177645274],[4654029.390190424,2729052.4265384264],[4655160.037971828,2729104.94905213],[4655801.093586145,2729319.4378093453],[4655938.973075699,2729495.8622518964],[4656021.39752985,2729887.0527815144],[4656274.177132326,2730220.1403530273],[4657104.809034035,2730401.1804343867],[4657491.7618388105,2730113.2032342544],[4657947.391980973,2730015.524291219],[4658728.487465831,2730365.547630706],[4659478.848440932,2730524.7248748005],[4659746.232112126,2730742.312812946],[4660639.367817606,2730719.740959602],[4660904.269695541,2730853.0258656326],[4661112.761117121,2730778.7126522036],[4661159.379712963,2730535.740891989],[4661521.611496397,2730334.5161222466],[4661677.963154539,2730117.4260660363],[4662204.883725757,2730041.4308426855],[4662329.956793702,2729902.2992507657],[4662739.042294526,2729768.894290444],[4662796.1012506895,2729624.8732337737],[4663082.853515605,2729434.258129588],[4663167.067015458,2729287.8565648515],[4663415.765858584,2729269.382661623],[4663699.736279354,2729087.184814326],[4664307.571386495,2729448.505509875],[4664622.79001556,2729460.9369780542],[4664898.806657301,2729569.565712487],[4665312.508347622,2729398.5814436707],[4665842.841790776,2729615.204435574],[4667048.672915505,2729458.6139108203],[4667289.416514335,2729660.4968767855],[4667518.277149228,2729667.423633302],[4667688.761676139,2729986.518904021],[4667830.908452882,2730079.9844621504],[4668175.808152365,2730079.2460174635],[4668597.158822677,2730557.056332878],[4669454.066104265,2730721.341772018],[4669550.989439487,2730811.2199458927],[4669794.0329218935,2730777.5920099556],[4669998.525035967,2730625.068003616],[4670334.350024234,2730783.730757848],[4670827.3417842835,2730829.296735349],[4672074.170839492,2730481.7304073195],[4672731.820642028,2730725.9136489504],[4673220.07907156,2730802.7349003553],[4673807.941637511,2731170.3086325107],[4674065.896665001,2731213.630543],[4674819.794026678,2731127.648451809],[4675294.943783851,2731436.491671301],[4675738.561815445,2731547.0848489944],[4675921.67000625,2731744.45848812],[4676278.13851656,2731927.429283055],[4676346.494980673,2732658.242682307],[4676695.083553735,2732967.2530928818],[4677437.571695024,2733325.6978973444],[4677507.509539897,2733598.280527442],[4678163.954304413,2734844.9766722843],[4678259.337265917,2735241.2995817997],[4678587.6436137,2735517.2899646023],[4678603.009696283,2736145.849393367],[4678445.813843837,2736528.6065745926],[4678489.450727263,2737187.613395349],[4678181.585025661,2737446.7075500814],[4677974.486389094,2737516.7641966357],[4677830.825249474,2737448.496936167],[4677634.107711041,2737626.5801669075],[4677705.999361576,2737921.224467038],[4677458.658752341,2738071.508749046],[4677119.818813985,2738437.233227915],[4676336.681729804,2738827.6321932804],[4676231.033338189,2739181.0585201066],[4676007.947609655,2739343.1054821564],[4675893.998113996,2739744.509697862],[4675587.292022248,2739601.721867282],[4675268.628516469,2739326.881811143],[4674818.094371187,2739247.542763662],[4674755.134136857,2740002.3379849424],[4674307.324729091,2740374.213883237],[4674305.088251398,2740738.528064843],[4673758.905120586,2741058.7105526086],[4673205.465373194,2741806.1996751996],[4673042.453284202,2741783.0323231635],[4672903.929181697,2741641.4061197746],[4672833.8972457,2741671.51515956],[4672835.983434381,2741897.9936365904],[4673060.177531259,2742010.119469596],[4672939.763530887,2742222.5275129885],[4672467.21843479,2742417.797845773],[4672200.305270583,2742412.27269622],[4672128.69889506,2742619.755226909],[4672183.700932889,2743028.11955259],[4672489.397426085,2743248.7489524735],[4672122.188975276,2743628.84244677],[4672101.050092449,2743995.3289231737],[4671707.074587066,2744167.298373815],[4671577.085890686,2744315.9101765845],[4671461.164241899,2744845.8348875297],[4671311.851043374,2744853.8068647585],[4671133.766894045,2744577.6982127335],[4670943.156983436,2744494.757968853],[4670465.047665147,2744535.562246089],[4670233.591665708,2744140.1178530534],[4669983.990775141,2743980.6339717507],[4669491.0693414165,2744075.65393372],[4668893.7537190225,2744046.929967262],[4668705.789685048,2744321.4135643826],[4668699.165965865,2744805.8668994918],[4668885.796329612,2744814.4540454494],[4668900.886018457,2744496.688438105],[4669085.119197244,2744246.46162795],[4669558.51809583,2744290.0455955323],[4669923.602579766,2744184.8951747147],[4670056.353201194,2744252.101194515],[4670230.752209164,2744607.453417554],[4670602.911322919,2744893.475746569],[4672000.589452603,2744957.8164429762],[4672006.612526253,2744827.8892585654],[4671764.815004253,2744852.725610173],[4671719.919612183,2744529.8503504475],[4671935.8804087,2744385.6585244844],[4672311.9097824,2744318.766154345],[4672743.542996649,2743893.4747063583],[4673010.1470767595,2743768.6478303764],[4673012.984317659,2743445.3120841915],[4672912.082800301,2743239.041143803],[4672644.675687924,2743004.1867355853],[4672416.122438583,2742932.1144158714],[4672346.19446365,2742674.429519574],[4673120.3251340585,2742366.34349897],[4673263.652128864,2742022.725727709],[4673615.559587224,2741666.862509967],[4674120.053104756,2741394.410689637],[4674021.574864765,2741189.687027074],[4674399.366016926,2741037.5961925536],[4674511.3411947545,2740885.040881171],[4674556.6934823785,2740476.3733212673],[4675017.50604835,2740154.1301062275],[4674944.433321757,2739833.2070470518],[4675004.600358621,2739701.4349433198],[4675322.3659602925,2739731.2870316613],[4676055.624702207,2740122.8807824757],[4676143.884252116,2740035.380923233],[4676096.016235496,2739878.4938882],[4676182.660448217,2739592.304804436],[4676459.856000272,2739334.2066758852],[4676503.772231932,2738940.6380849513],[4677463.232874003,2738493.74621025],[4677997.284998833,2737868.3273586286],[4678622.090048495,2737522.537349067],[4678734.8189269975,2737364.2395679103],[4678970.032826343,2736177.992337041],[4678754.676813447,2736086.8643250098],[4678731.420488938,2735371.0123866424],[4678469.101534995,2735115.228465367],[4678391.210225868,2734762.733382949],[4677861.455521151,2733809.0717705055],[4677759.2579693915,2733472.098638347],[4677772.446277217,2733124.9980756445],[4677625.063167949,2732996.459771787],[4676976.568724564,2732807.3974623103],[4676554.64299885,2732550.678997536],[4676502.393146518,2732017.0850794874],[4676380.352245532,2731793.4262309605],[4675868.960687248,2731462.849723931],[4675366.593663672,2731348.3368155477],[4674950.676461751,2731039.7748255273],[4673861.585079034,2731098.98043581],[4673272.702298114,2730718.2446777644],[4672784.99934928,2730641.128729958],[4672135.63624709,2730230.4974631956],[4671701.588045346,2730147.9981131935],[4671425.242182903,2730250.726379704],[4671207.2780567845,2730467.6714232555],[4670875.0891698,2730632.8119619223],[4670581.709919397,2730577.1495009917],[4670397.37378387,2730646.3246663213],[4670000.915409544,2730469.635830414],[4669605.975206556,2730553.0595250004],[4669126.91166849,2730493.1527934517],[4668712.356232629,2730311.418111218],[4668443.783793857,2729960.867195335],[4666938.4830767065,2729084.0516968374],[4666377.285004053,2729156.607517828],[4665991.239753536,2729440.24049278],[4665422.414518417,2729101.4814141174],[4663903.735655023,2728824.3508731704],[4663683.439820868,2728851.26860721],[4663426.529945122,2729144.189517174],[4662978.859084986,2729020.172104088],[4662173.576506553,2729385.917266505],[4661201.926615268,2729263.625690758],[4660050.615016557,2729017.7529761703],[4658712.6537276255,2728558.3121620836],[4657336.601237544,2727722.671064218],[4656845.938597092,2727628.093934669],[4656469.085296901,2727728.731826146],[4654887.231635867,2727675.144338796],[4654437.505379104,2727304.2064702953],[4653504.261632632,2726904.8934241827],[4653224.660649412,2726663.4306250457],[4651565.08018963,2726897.2215824137],[4650894.499432055,2727443.4878140367],[4650163.889801921,2727807.1347041824],[4649194.014672608,2727826.2692315346],[4648788.510676626,2727643.919710486],[4648587.557738965,2727457.7761133844],[4648094.341910459,2727438.206648182],[4647319.14953152,2727111.9412693735],[4647164.13605455,2726880.9110694537],[4646978.773051043,2726088.672172712],[4646823.050108114,2725757.3179714414],[4646785.912750683,2725367.371252446],[4646568.487000446,2725021.868658297],[4645839.466329689,2724400.307488177],[4645150.867120245,2724124.144364273],[4644955.3466396155,2724094.2976849834],[4644081.05497772,2724312.4543150184],[4642596.240010599,2724086.5127517837],[4642221.741104518,2724262.3730063727],[4641768.966142486,2724287.0285200486],[4641457.999463823,2724407.902960394],[4640053.665058684,2724295.054697399],[4639043.393303319,2724505.778125705],[4638528.823478491,2724451.6131501663],[4638218.199302151,2724500.7457885095],[4638054.445455428,2724402.0023097973],[4637902.7139318725,2724137.856522835],[4637866.141395928,2723841.885092487]]]}},{"type":"Feature","properties":{"flugjahr":"2017","gebiet":"Steiermark"},"geometry":{"type":"Polygon","coordinates":[[[4632523.250460931,2721679.9080492817],[4632529.7112777615,2721855.8872843017],[4632971.977825769,2721981.1721959417],[4633687.343225596,2721613.4493687376],[4633580.673246169,2721531.467352687],[4633269.59595568,2721554.7915491504],[4632838.473141355,2721830.691862367],[4632523.250460931,2721679.9080492817]]]}},{"type":"Feature","properties":{"flugjahr":"2010","gebiet":"Steiermark"},"geometry":{"type":"Polygon","coordinates":[[[4638444.728416484,2723615.169172437],[4637866.141395928,2723841.885092487],[4637882.068505414,2724098.3455390185],[4638172.782503567,2724491.736192729],[4639043.393303319,2724505.778125705],[4640053.665058684,2724295.054697399],[4641457.999463823,2724407.902960394],[4641768.966142486,2724287.0285200486],[4642221.741104518,2724262.3730063727],[4642596.240010599,2724086.5127517837],[4640499.666291662,2723979.562153995],[4640510.230819217,2723756.9658089485],[4638444.728416484,2723615.169172437]]]}},{"type":"Feature","properties":{"flugjahr":"2011","gebiet":"Steiermark"},"geometry":{"type":"Polygon","coordinates":[[[4642369.769258922,2724064.327655616],[4644081.05497772,2724312.4543150184],[4644996.347949927,2724095.189592663],[4645318.934383396,2724215.8266691547],[4652794.265227536,2724543.3754614787],[4652851.147209864,2724494.1912585143],[4652906.821591265,2723549.468790569],[4655870.6570307845,2723669.3637704835],[4656014.098880865,2721689.0992668727],[4668824.2700924035,2722278.103633827],[4668834.493361182,2722643.092095795],[4669416.765242726,2722686.941705866],[4669504.387767458,2721343.959202721],[4669360.132881188,2721308.066782254],[4669366.174046591,2721226.9969598297],[4669513.074170926,2721219.1276672366],[4669758.398488044,2717449.733150617],[4669671.3832327975,2717647.8350658016],[4669574.314896266,2717692.289482137],[4657940.163917723,2716908.563855409],[4657809.301181668,2717400.8697262118],[4651654.192778321,2716986.7344575217],[4651669.263696653,2716684.2922320105],[4651823.48076605,2716524.6119716614],[4651706.493289308,2716185.9568271],[4651593.251165153,2716481.5686422307],[4642911.263094741,2715908.6710310164],[4642720.93090412,2718743.4350813306],[4642821.05590876,2718943.0487907715],[4642710.650245608,2718911.933493385],[4642369.769258922,2724064.327655616]]]}},{"type":"Feature","properties":{"flugjahr":"2018","gebiet":"Ober\u00f6sterreich"},"geometry":{"type":"Polygon","coordinates":[[[4585595.460639391,2728509.5982887167],[4600346.410957011,2729177.697356881],[4600477.849458461,2726182.0263408185],[4602976.3918567635,2726295.392523457],[4603064.011214067,2724298.2883404004],[4604313.283273049,2724354.9897120055],[4604663.6234128205,2716366.6749521503],[4603414.321802599,2716309.9805339733],[4603458.091789367,2715311.454400258],[4602208.782094606,2715254.774465712],[4602361.950932505,2711759.510541584],[4599863.292333848,2711646.2055301853],[4599841.40142221,2712145.9020920154],[4593594.693729469,2711862.858804932],[4593550.966291362,2712861.3687023977],[4589802.614249674,2712691.756486454],[4589758.892624828,2713690.270410411],[4587260.163282407,2713577.2236292805],[4587216.444909406,2714575.737956328],[4584717.709006798,2714462.743359967],[4584630.274271755,2716459.775108192],[4583380.908748482,2716403.295614954],[4583337.1886814535,2717401.8142937776],[4582087.823489602,2717345.3471270227],[4581934.780971766,2720840.211611227],[4582944.920931125,2720885.8709973767],[4582955.453653309,2721036.9799529514],[4583276.036210055,2721239.2595026586],[4583355.65228286,2721645.3084116313],[4583205.607599973,2722060.523155582],[4583279.065045,2722263.9662516797],[4583062.805868247,2722421.3548224336],[4582983.503161754,2722892.8248126158],[4582793.564525151,2723321.790600011],[4583698.06207002,2724354.54973478],[4584289.628574292,2724839.1144738034],[4584748.707005864,2724955.3306460325],[4584856.917144688,2725566.643233881],[4584679.27862159,2726382.7710072757],[4584768.677709956,2726603.317127201],[4584732.3959444,2727041.981077268],[4585272.961673635,2727989.860738246],[4585298.171724099,2728188.2858621283],[4585510.590732963,2728327.9843234555],[4585595.460639391,2728509.5982887167]]]}},{"type":"Feature","properties":{"flugjahr":"2010","gebiet":"Steiermark"},"geometry":{"type":"Polygon","coordinates":[[[4600391.169594501,2728157.677974104],[4600346.410957011,2729177.697356881],[4598539.03424724,2729095.7200372424],[4598348.9050275115,2730133.707397484],[4598413.105054214,2731206.8607535018],[4598890.913899852,2731719.4353231094],[4598897.882248389,2732271.428715897],[4599162.933586139,2732710.934999167],[4599116.496379049,2733029.506638834],[4599205.537078461,2733643.984920907],[4599358.161110679,2733885.8671079497],[4599384.937862103,2734225.722042853],[4599606.370549461,2734288.6998234293],[4599447.673518622,2734880.533183422],[4599869.227479351,2735118.188539886],[4599834.790395824,2735190.126719604],[4600151.135725882,2735458.276353539],[4600668.001777427,2735626.902665032],[4600878.13377219,2735828.110685302],[4601523.934606239,2735943.918010968],[4601665.928707988,2736033.1650230563],[4601604.2496991465,2736445.3695975887],[4601726.22833373,2736559.034484311],[4601622.546246,2737276.8546380303],[4601742.237858474,2737239.675655506],[4601933.333212838,2737385.2798323445],[4602541.868852177,2737553.3712189444],[4602695.6598768635,2738449.9547876175],[4602775.725759499,2738486.2844227026],[4602846.691522588,2738881.5191662526],[4603007.405491965,2739070.4326913245],[4603279.5136973765,2739182.271320069],[4603751.517849328,2739687.4477899657],[4604020.698625591,2740254.005508311],[4604477.005193244,2740674.289031423],[4604606.243628415,2740970.925092513],[4604473.868703187,2741096.6487176265],[4604800.339872261,2741026.6226532287],[4604954.069170134,2740858.277552019],[4605657.80225122,2740502.200545854],[4606164.74354549,2740701.7923214734],[4607915.052953983,2740997.4094127603],[4609161.089685001,2741383.6604358456],[4609983.988925022,2740943.2833657404],[4610309.301201991,2741273.479598195],[4610776.826909361,2742272.548352237],[4610619.679944689,2742390.9089216264],[4611237.809813388,2742017.812013902],[4611646.379026371,2742095.044964009],[4611677.267520002,2742283.5724910707],[4611831.264434953,2742347.504740964],[4611947.856479442,2742269.7032819106],[4612010.958248522,2741841.4572479073],[4612307.67631169,2741971.792635641],[4612638.487420238,2741923.087226691],[4613343.671466729,2741463.1008374486],[4613903.797115108,2741511.779253498],[4613894.227741478,2741333.747788181],[4614201.477177281,2740797.981687947],[4615218.128102659,2740185.0904035824],[4616336.269079475,2740751.1247480493],[4617143.25793713,2740732.844799619],[4617570.212107321,2740816.5897068335],[4618909.30215551,2740217.778305716],[4619280.822825979,2739864.0969260894],[4619323.081390392,2739908.6666952088],[4620016.350216306,2739568.7158848923],[4620234.1244723955,2739733.174466916],[4620896.006242579,2739901.7561172973],[4620929.036620365,2740117.8793780976],[4621358.15672089,2740285.266421481],[4622036.729014231,2740082.000588394],[4622788.4354088465,2739001.070212143],[4624138.6467479905,2737783.4769038106],[4624973.780035529,2737298.1291804574],[4625593.009315232,2736602.627759543],[4625153.939090835,2731965.8287164206],[4625632.3160652965,2731970.6039287644],[4625767.884324828,2731846.163514545],[4625617.796850913,2731411.6291774744],[4625518.464162401,2731332.1379598477],[4625543.702974796,2730953.429344278],[4626235.408076818,2731086.829470456],[4626595.216957423,2730871.799344942],[4627040.774009783,2730982.3956558793],[4627734.128850692,2731315.175042593],[4628709.3300371645,2731392.9587948006],[4628867.3776170155,2731804.600012912],[4629319.676087235,2731841.3741379185],[4629358.210750794,2731984.526049268],[4629974.219999654,2732323.8745259168],[4630879.749585715,2732407.810940995],[4631618.64937017,2732701.7864156174],[4631851.924290288,2733146.2556576417],[4632111.141441246,2733216.274830667],[4632544.869834993,2733554.086725199],[4632978.015248196,2733503.2952885507],[4633114.626904935,2733602.5320104733],[4633415.279205309,2733516.0217733514],[4633630.1761761615,2733567.964048607],[4633902.611195987,2733821.4768339833],[4634265.52597069,2733972.060423865],[4634804.739805633,2733753.8891180456],[4635287.351803024,2733943.976808869],[4635597.906580572,2734530.3948573153],[4636003.448853211,2734588.3801529],[4636388.257338894,2735019.4286294407],[4636572.797161935,2730826.940045048],[4641568.1989507945,2731055.3166616466],[4641679.120990444,2728557.9316182705],[4646675.506924631,2728786.551761575],[4646565.588479317,2731283.0049936064],[4651561.877994998,2731511.865756938],[4651451.88308643,2734008.3553427574],[4656448.074851316,2734237.457406613],[4656338.002346072,2736733.9832171295],[4665337.268090736,2737161.388860466],[4665486.470754106,2735172.8713983563],[4667953.967885981,2735288.7215483235],[4667951.972819178,2735622.712063442],[4674753.37361759,2736082.626005991],[4674894.924257612,2735591.007697623],[4678578.965007187,2735819.4412649767],[4678587.6436137,2735517.2899646023],[4678259.337265917,2735241.2995817997],[4678163.954304413,2734844.9766722843],[4677507.509539897,2733598.280527442],[4677437.571695024,2733325.6978973444],[4676695.083553735,2732967.2530928818],[4676346.494980673,2732658.242682307],[4676236.048827244,2731869.205693763],[4675921.67000625,2731744.45848812],[4675738.561815445,2731547.0848489944],[4675294.943783851,2731436.491671301],[4674819.794026678,2731127.648451809],[4673953.843588166,2731209.5952525446],[4673220.07907156,2730802.7349003553],[4672731.820642028,2730725.9136489504],[4672212.241393638,2730508.5490457183],[4671787.645063744,2730511.289356645],[4670827.3417842835,2730829.296735349],[4670334.350024234,2730783.730757848],[4669998.525035967,2730625.068003616],[4669794.0329218935,2730777.5920099556],[4669550.989439487,2730811.2199458927],[4669454.066104265,2730721.341772018],[4668597.158822677,2730557.056332878],[4668175.808152365,2730079.2460174635],[4667830.908452882,2730079.9844621504],[4667688.761676139,2729986.518904021],[4667518.277149228,2729667.423633302],[4667289.416514335,2729660.4968767855],[4667048.672915505,2729458.6139108203],[4665842.841790776,2729615.204435574],[4665312.508347622,2729398.5814436707],[4664898.806657301,2729569.565712487],[4664622.79001556,2729460.9369780542],[4664307.571386495,2729448.505509875],[4663699.736279354,2729087.184814326],[4663415.765858584,2729269.382661623],[4663167.067015458,2729287.8565648515],[4663082.853515605,2729434.258129588],[4662796.1012506895,2729624.8732337737],[4662739.042294526,2729768.894290444],[4662329.956793702,2729902.2992507657],[4662204.883725757,2730041.4308426855],[4661677.963154539,2730117.4260660363],[4661521.611496397,2730334.5161222466],[4661159.379712963,2730535.740891989],[4661112.761117121,2730778.7126522036],[4660904.269695541,2730853.0258656326],[4660639.367817606,2730719.740959602],[4659746.232112126,2730742.312812946],[4659478.848440932,2730524.7248748005],[4658728.487465831,2730365.547630706],[4657947.391980973,2730015.524291219],[4657491.7618388105,2730113.2032342544],[4657104.809034035,2730401.1804343867],[4656274.177132326,2730220.1403530273],[4656021.39752985,2729887.0527815144],[4655938.973075699,2729495.8622518964],[4655801.093586145,2729319.4378093453],[4655160.037971828,2729104.94905213],[4654029.390190424,2729052.4265384264],[4653828.418870117,2728935.5177645274],[4653601.675662732,2728976.3390710615],[4653443.937204703,2729118.5718789436],[4652529.4747700235,2729124.2695333906],[4652215.388019698,2728732.546486477],[4652044.6955446545,2728866.964869449],[4651655.795286939,2728879.792590644],[4650405.222375116,2729289.025633674],[4649850.960115131,2729608.460559295],[4648957.737642165,2729688.9595092884],[4647936.964524577,2729351.990435684],[4647730.343157588,2729030.9784484277],[4647484.3745484045,2728856.5065835477],[4646837.863799479,2728659.997558048],[4646321.026035061,2728343.2499599927],[4645632.563145241,2727669.3307470246],[4644757.744168555,2726343.553023006],[4644252.2783225635,2726200.383407804],[4643130.477622418,2726162.0759200435],[4642275.736800535,2726381.1430914053],[4640781.972104818,2726519.112969801],[4640629.597863165,2726848.2519217352],[4640296.976748557,2726954.649645993],[4639289.16349659,2726815.274549865],[4638953.293427838,2726869.208478817],[4638453.661316824,2726658.794452402],[4637900.5955353,2726564.695294703],[4637138.395870828,2726646.182028404],[4637025.878787028,2726554.740914356],[4636888.62396991,2726118.123116928],[4636734.641187374,2726029.5899633523],[4636420.343425942,2726017.5463119275],[4636287.946352442,2725709.895732334],[4634793.917727412,2725028.332044666],[4634380.3049292965,2724943.383529569],[4634264.560687145,2724799.3539456544],[4634022.146307711,2724691.108137777],[4633213.326848058,2724641.0770195285],[4632884.160744919,2724236.482535675],[4631817.6651909975,2723685.5495453496],[4631513.382438058,2723354.287060748],[4630357.430926003,2722879.0394913726],[4629944.980237596,2722546.001313926],[4629623.555872227,2721888.085694093],[4629369.768040634,2721727.480728987],[4629028.389436917,2721568.8566812375],[4628073.380367053,2721470.7478258167],[4627830.83109605,2721331.8605335224],[4627488.093018947,2721379.10929075],[4626833.749227503,2721159.865638625],[4626359.322523705,2721229.7820163546],[4626130.750730097,2720853.761139479],[4626137.122362473,2720674.7218338638],[4626460.106728051,2720494.9077726724],[4626567.396661837,2720350.8122800277],[4626805.765487856,2720277.9231249485],[4626842.306862361,2720056.7485743295],[4627005.909761977,2719903.895033608],[4627625.590803345,2719928.687056157],[4627718.943913152,2719813.223058579],[4627474.003783731,2719659.0933361524],[4626756.147682583,2719462.1364789233],[4626273.482967055,2719136.117561506],[4625950.036486347,2719026.8694237014],[4625557.967936328,2718695.6647600033],[4625321.17045312,2718346.1260775626],[4624647.083920737,2717806.914861333],[4623981.898269069,2717414.230268293],[4623391.32762854,2717202.565380671],[4623149.745777366,2716848.177334082],[4622441.165844183,2716388.158564979],[4622345.497618189,2716181.3082236457],[4622381.264600621,2715658.930928239],[4622261.543072507,2715196.7927988647],[4622030.885043325,2714891.480105398],[4621829.57223803,2714249.1903031287],[4621625.381312291,2714057.002143691],[4621353.958861219,2713858.125495569],[4620906.103495919,2713740.149118763],[4620870.240491336,2713518.3740547793],[4620300.213016213,2713057.9279828863],[4619974.352583315,2713052.203652059],[4619724.772616367,2712834.957542839],[4619014.351106517,2712523.3431633096],[4618535.167134158,2711811.7619675687],[4617589.034179186,2711200.6601197678],[4617430.217117443,2710957.346356467],[4617065.6709550405,2710689.4526186576],[4616378.474028648,2710405.0867782393],[4615758.828642147,2710450.713299932],[4614396.119482271,2709797.3313433253],[4614189.478625512,2709769.5913082035],[4613957.590223002,2709630.737857607],[4613593.566103392,2709225.1399223073],[4613344.947274661,2709362.7863704506],[4613167.350381668,2709320.8414818337],[4613045.724678604,2709195.2563647702],[4612897.682356242,2708793.3341858117],[4612468.973488841,2708371.997600463],[4611732.762867316,2708461.785581492],[4611454.896631895,2708622.620840877],[4611338.274576363,2708828.311179838],[4611184.959260212,2708852.311260294],[4611063.106547186,2708673.441154736],[4610778.2557106875,2708494.397203665],[4610626.903049503,2708145.1494945353],[4610386.714952306,2708057.7180447453],[4609810.495814122,2708186.3399522137],[4609624.131710453,2711160.3022901556],[4613563.346959995,2711426.8474964434],[4613607.173945895,2711588.835643565],[4613721.487559357,2711640.382246098],[4613625.708212028,2713416.909186641],[4614446.440171497,2713488.5450752275],[4614522.873936025,2713562.9797110846],[4614605.285745265,2713500.759963858],[4614730.653579061,2713737.4588075858],[4614811.069405508,2713650.557686006],[4614808.453443805,2714497.6589559703],[4617908.274830852,2714732.54238116],[4617782.618193689,2716668.924419899],[4617838.2968042465,2716721.574706246],[4622766.474756244,2717058.0925441184],[4622587.864017101,2719801.1910812585],[4622374.184298894,2719688.3527022772],[4622338.459806189,2719803.0713610784],[4622363.625690076,2719868.8399464726],[4622585.988461465,2719901.9676784496],[4622537.2794975145,2720645.77247964],[4622341.645062957,2720770.0146840536],[4622522.2565834215,2720876.1046322356],[4621976.520655028,2729127.769271933],[4605794.822248552,2728402.9035800234],[4605758.9416306345,2729001.7316259732],[4606219.373786423,2729512.0910533243],[4606394.6973567465,2729580.110079761],[4606507.157341627,2729779.395927387],[4606982.282208631,2729841.017748748],[4607208.31054007,2729963.389532637],[4607522.436019512,2729790.49118724],[4608006.005737823,2729819.470868322],[4608275.841380409,2730176.048429973],[4608948.8188803755,2730476.882038584],[4608891.846204013,2730656.45991907],[4608600.000252706,2730664.21480184],[4608408.958447998,2730452.345861608],[4608188.428911552,2730387.273256386],[4607940.93655579,2730137.808104316],[4607813.1540532345,2730104.9767507375],[4607612.810316667,2730104.881400023],[4607552.306053075,2730205.2264995407],[4607279.645835115,2730277.915337946],[4606839.503943529,2730240.9021778884],[4606230.442894532,2729990.029030662],[4605583.472189093,2729416.145693554],[4605375.865843607,2729421.730103021],[4605225.305970643,2729496.966670006],[4604514.747909433,2730781.8952867817],[4604676.944335411,2731285.714003916],[4604665.59193748,2731521.4140816797],[4604499.292631454,2731932.2437576624],[4604186.370234637,2732032.136982367],[4603879.690526221,2731738.955361256],[4603641.015724309,2731060.5093457596],[4603976.01636352,2730640.324575841],[4604461.404769414,2729806.587909191],[4605097.91478439,2728565.3410049267],[4605077.186897198,2728370.2699429216],[4600391.169594501,2728157.677974104]]]}},{"type":"Feature","properties":{"flugjahr":"2010","gebiet":"Steiermark"},"geometry":{"type":"Polygon","coordinates":[[[4609946.861015864,2706177.844726605],[4609855.657964204,2707602.269676772],[4611192.028234215,2707712.785873225],[4611433.865512521,2707911.188191553],[4613864.240297733,2708452.5661144825],[4614290.921389229,2708680.213942939],[4615661.070906086,2708851.8876716527],[4616211.285020613,2709100.8099760357],[4616763.159401136,2709164.9963131826],[4616993.337137078,2709310.8906533043],[4617194.964367824,2709653.1070458204],[4617739.972866717,2709935.791632128],[4617892.431773022,2709924.9891034383],[4618166.581976256,2709750.3735666326],[4618521.877839143,2709790.2524521323],[4618626.453940084,2709885.307703722],[4618661.972201826,2710425.494763617],[4618825.100306318,2710577.6642748746],[4619203.744401175,2710729.235421059],[4620012.230142214,2711698.902001618],[4621173.304639162,2712584.130602426],[4621512.976243567,2712643.399200866],[4622320.169579051,2713108.0323206075],[4623253.453608268,2714323.0944545795],[4624054.860038184,2714874.8717203955],[4624136.566884133,2715918.3626188957],[4625255.828389041,2716838.5659275567],[4626619.191722655,2717773.0871392163],[4627964.312521492,2718240.0065252325],[4629194.869781223,2718408.6362023316],[4629587.886006977,2717859.0753266495],[4629788.836149584,2717754.134750061],[4630028.974907624,2717806.1249621995],[4630131.1700205365,2717691.6761557246],[4630354.575684839,2717303.498434926],[4630515.517843073,2716695.2722101323],[4630814.681847119,2716429.6608255277],[4630905.8373091845,2716094.30040826],[4630415.418416964,2716061.4053898673],[4630340.347618574,2716157.0278337835],[4630151.422917095,2716173.4405555683],[4629738.947712435,2715962.549125382],[4629864.721611604,2714031.972792752],[4628026.089894537,2713897.0184214567],[4627908.2928130645,2714390.182571319],[4626736.101566336,2714299.0798292523],[4626907.00961695,2711330.5941517213],[4622547.50899894,2710988.38216741],[4622663.277632158,2709033.3070536875],[4617725.1265438385,2708697.841941268],[4617774.277534187,2706697.0835945145],[4609946.861015864,2706177.844726605]]]}},{"type":"Feature","properties":{"flugjahr":"2008","gebiet":"Steiermark"},"geometry":{"type":"Polygon","coordinates":[[[4609855.657964204,2707602.269676772],[4610319.54181143,2700189.6541166157],[4609182.151576238,2700110.6652448624],[4608877.869117733,2700203.5753942695],[4608508.547996027,2700065.6613240037],[4607650.807973041,2700221.9392509856],[4607069.213550846,2700187.3398835203],[4606881.007504512,2700107.628821586],[4606740.079889889,2700448.5212517893],[4596350.989529199,2699755.1336083943],[4596074.944844672,2699800.319946417],[4595812.432106942,2699719.894336451],[4592744.727164141,2699530.87120851],[4592317.007845681,2699979.3159691743],[4592251.24675877,2700492.6756112534],[4591944.281556694,2700709.563527652],[4591898.235473011,2701177.0100792996],[4591665.285014553,2701562.8299315074],[4591765.18957932,2701942.391635381],[4591475.752890927,2702698.079767072],[4591540.8273448385,2703059.0486511006],[4591447.981856336,2703254.353670991],[4591046.291983857,2703661.2044826658],[4590757.373565077,2704256.7844100655],[4590840.875507342,2704949.0973082883],[4591273.680645719,2704975.8045543903],[4591940.994584439,2704448.6706962204],[4592184.18430729,2704030.0396017283],[4592178.965396899,2703788.7417431246],[4592270.421654853,2703666.520672682],[4592593.455953035,2703578.949019993],[4592857.896244711,2703718.2696762173],[4593157.934834042,2703721.3621242205],[4593812.6199026555,2703572.2570410985],[4594080.023558613,2703404.057715201],[4594653.850795043,2703544.303951699],[4595228.69384888,2703849.505803327],[4595583.668950072,2703735.496543841],[4596225.3191852365,2703870.9433677285],[4596799.577925962,2703843.088108731],[4597516.486346579,2703993.763511181],[4597710.628893978,2704125.7139293887],[4598129.302905705,2704238.986693941],[4599069.736770376,2704284.441275565],[4599576.41519884,2704207.5109367976],[4599984.255712153,2704542.5717230425],[4600074.091378188,2704805.548131487],[4601457.182746396,2705546.2490481073],[4602707.672943444,2705937.708358638],[4603329.559388499,2706233.0861996287],[4604599.279912165,2706533.310788296],[4605348.8457443435,2706976.5910757906],[4607444.044957003,2707048.2460671584],[4607864.617755493,2707223.27753443],[4608186.5975787025,2707484.3461492774],[4609469.110080976,2708007.340968404],[4609749.036488839,2707824.2722523864],[4609855.657964204,2707602.269676772]]]}},{"type":"Feature","properties":{"flugjahr":"2008","gebiet":"Steiermark"},"geometry":{"type":"Polygon","coordinates":[[[4609183.047907061,2717644.786044402],[4609810.495814122,2708186.3399522137],[4609489.70299113,2708361.4804951563],[4609394.074053008,2708604.244536016],[4608763.989431663,2708693.8590882104],[4608020.409590207,2708541.0644020336],[4607878.47974939,2708583.3836608264],[4607439.177880546,2708194.387425042],[4606852.970427259,2708228.7585999123],[4605696.102602953,2707916.666242792],[4604598.198133221,2707329.574147497],[4604177.093273038,2707166.2929968773],[4603650.192638207,2707088.053962108],[4602859.520397393,2706681.0363453287],[4601243.460788984,2706301.211568635],[4600917.235524437,2706147.211823761],[4600713.8522178475,2705863.615906738],[4600352.275043089,2705645.153243346],[4599977.217405846,2705537.761898176],[4599045.678989425,2705045.6323051965],[4598556.289900071,2704917.828040773],[4598117.774682695,2704470.8695328594],[4597783.984542244,2704387.933476718],[4597452.114404942,2704451.8871401744],[4596960.576918084,2704274.321896951],[4596640.964541937,2704029.9274561903],[4596062.35489063,2704194.329371751],[4595739.278756183,2704012.1462902194],[4595452.371064826,2704082.6471832297],[4595014.155810155,2703943.3556778934],[4594704.887153367,2704010.3363575283],[4594478.364693084,2703951.7950278292],[4593870.172804543,2703998.9947982477],[4593654.584908551,2703912.016356048],[4592914.512937679,2703884.9088846166],[4592593.042831892,2704260.1439954992],[4592290.802183345,2704396.3277633125],[4592132.929399943,2704857.5201931987],[4592010.573691572,2704986.1961029093],[4591727.938942398,2705144.1558835725],[4591388.067852292,2705196.7244572965],[4591209.428356996,2705468.271612539],[4590628.692478204,2705728.863534985],[4590372.68656093,2706242.435126558],[4590222.9569713455,2706213.360794241],[4590058.950758074,2706434.189196089],[4590094.143766248,2706751.280196911],[4589952.795138016,2707234.266593693],[4590300.896783703,2707690.466224304],[4590702.263409115,2707967.7718927907],[4590859.227612992,2709231.727756319],[4590995.851664232,2709433.874744888],[4590999.056133611,2709643.3922906974],[4591439.494240134,2710291.434683173],[4591471.839315634,2711017.3610038054],[4591578.521736801,2711219.853754141],[4591747.337902372,2711304.63034713],[4591747.745570803,2711454.516888115],[4591954.231908563,2711790.0822952134],[4591874.521261907,2712181.160899471],[4591744.5208040085,2712393.4123714035],[4591856.024792912,2712663.7193797673],[4591826.520553365,2712783.2922193413],[4593550.966291362,2712861.3687023977],[4593594.693729469,2711862.858804932],[4599841.40142221,2712145.9020920154],[4599863.292333848,2711646.2055301853],[4602361.950932505,2711759.510541584],[4602208.782094606,2715254.774465712],[4603458.091789367,2715311.454400258],[4603414.321802599,2716309.9805339733],[4604663.6234128205,2716366.6749521503],[4604599.02913037,2717839.9756427445],[4605973.643432187,2717926.186893259],[4606172.904294978,2717826.5698438617],[4606194.223500889,2717502.0863096453],[4606269.11913845,2717450.6282381164],[4609183.047907061,2717644.786044402]]]}},{"type":"Feature","properties":{"flugjahr":"2007","gebiet":"K\u00e4rnten"},"geometry":{"type":"Polygon","coordinates":[[[4564119.821742236,2663853.3134370204],[4563993.9102604445,2661228.644257143],[4563241.967894447,2660138.885743142],[4562981.045283916,2659910.644537486],[4562839.075509925,2659896.0781624718],[4562594.171051497,2659984.4364635134],[4561740.479087842,2661234.8984633293],[4561141.333259701,2663053.558464488],[4561492.845701858,2663202.740326534],[4561944.063397766,2663642.190318022],[4562556.441428484,2663577.7430173056],[4563121.154430047,2663918.51988653],[4563374.965527385,2663822.461459405],[4564119.821742236,2663853.3134370204]]]}},{"type":"Feature","properties":{"flugjahr":"2009","gebiet":"Steiermark"},"geometry":{"type":"Polygon","coordinates":[[[4758357.894585958,2673285.992769016],[4758457.901574188,2672720.9446667945],[4758311.430594724,2672152.462874703],[4757213.376006402,2672176.9450816736],[4756422.878283823,2671976.9592817524],[4754971.468849187,2671933.399837167],[4754573.977411808,2671952.9330572905],[4753947.175264165,2672359.2016153736],[4753449.832129313,2672440.1578120748],[4753200.888855035,2672680.8298780834],[4752545.5875565745,2672823.508083498],[4751688.319889126,2672752.581430904],[4751265.232029611,2673104.275146595],[4751164.258243547,2673373.8583005522],[4750891.779522121,2673557.3813881767],[4749872.648798433,2673865.3308304],[4749735.129355039,2673552.619355832],[4750004.495785202,2673325.905375251],[4750626.069682844,2673084.5462935204],[4751745.414299502,2672090.557623759],[4752338.987578383,2671756.8095606575],[4752805.362790432,2671628.3600999694],[4753724.847902196,2671628.1119860415],[4753982.032919079,2671541.982882611],[4754245.396826445,2671200.8801749106],[4755403.159157741,2671111.6329717687],[4756357.745952005,2671133.0583871775],[4756993.8564913375,2670925.4376867777],[4758196.810569708,2670947.4330520453],[4759036.097472132,2670734.0700227153],[4759096.387313786,2670640.3950213473],[4759078.31639385,2670285.41393756],[4759208.952064824,2670222.083835561],[4759627.580526939,2669485.300497904],[4760233.335213426,2669063.740000725],[4760419.923321663,2668846.7258716123],[4761544.215834946,2668166.7331478028],[4762044.44549562,2667562.5373331644],[4762507.939627977,2667471.283250912],[4763017.107686008,2667212.6771785514],[4763585.43907212,2666607.4116785424],[4763789.792578666,2666520.0052729393],[4765494.596157658,2666413.180271296],[4765839.780577601,2665807.89299039],[4766183.904379913,2665678.598821396],[4766881.086453998,2665784.252632051],[4767411.672652706,2666221.4022913915],[4768152.61792812,2666428.3490081024],[4769026.408590777,2666055.6211045487],[4770959.668016849,2665527.610647673],[4771401.158078105,2660164.6847005296],[4757836.415128993,2659002.0440964433],[4757308.482689317,2659771.8836981426],[4756269.636141481,2660713.5018886547],[4755812.323476469,2660635.165023859],[4756194.58598125,2658862.1699794102],[4743771.122066674,2657804.5702265715],[4743725.36343686,2658742.0828845976],[4743549.34796841,2659056.212321693],[4743137.287372182,2661009.9363871557],[4742602.39924399,2661170.2777327597],[4741564.183892698,2660975.9448670866],[4741185.602172654,2660746.1736966786],[4741038.649955997,2660442.074605431],[4740924.507895482,2659983.3531453907],[4740943.868674842,2658717.0720033105],[4741178.904748764,2657878.192170359],[4741109.990372917,2657578.8628372033],[4735898.690887451,2657135.2594529716],[4735758.905513829,2657181.077704696],[4735674.365303895,2657116.005481027],[4724557.928107348,2656174.3416652884],[4722081.322327565,2686079.2172844266],[4756914.822665157,2689059.3954379316],[4756718.413107579,2692040.2759371507],[4759666.469640452,2692304.1234286474],[4759701.84991574,2692362.0378275216],[4759460.594578717,2695287.6815304863],[4764404.022457025,2695718.464217201],[4764361.135396561,2696711.6260259966],[4766349.059226189,2696937.1722667767],[4766191.610815707,2698877.3914254],[4768180.773066575,2699048.8554968727],[4770760.0652400125,2667756.1044898843],[4770335.398721434,2667763.918888252],[4769857.778187566,2667982.979505512],[4768940.82952102,2668015.8411487043],[4768351.9388647415,2667848.6677943077],[4767906.338916113,2667546.7189942845],[4767035.809617814,2667705.275089433],[4765627.237750495,2668174.9258631514],[4764584.8749320805,2668343.404042538],[4764105.473819502,2668593.4527646066],[4763363.733432673,2669183.6497334684],[4761859.170464775,2669884.211508469],[4760594.834771134,2670674.5629706155],[4760246.577298465,2671284.1531483396],[4760123.747799819,2671669.981375592],[4760091.332878393,2672486.4398083375],[4759673.6263984,2673075.3499095193],[4759405.540125442,2673733.7686420344],[4759326.0467100255,2673744.0214940305],[4759411.353578705,2673900.0398951867],[4759532.266896404,2675685.553942819],[4759802.109180868,2675881.3252662783],[4759769.877404208,2676364.3378868746],[4759643.2536725225,2676738.8408099925],[4758933.573128593,2676934.0067343395],[4758199.246517312,2676208.0514512104],[4757758.054557171,2675033.2760679186],[4757353.636382724,2674891.305314825],[4756310.595379193,2675036.9215531247],[4755931.819389214,2674995.2541875034],[4754930.1092215115,2674587.226459075],[4754259.6804157635,2674526.9791660677],[4753593.509920286,2674575.0463491613],[4752430.168352457,2674814.1972789685],[4751588.814309854,2675065.3396340935],[4751171.861778551,2675277.175194083],[4750899.768815514,2674698.928478883],[4751476.195865845,2674436.4534118744],[4752626.677399487,2674193.6915626945],[4753561.72664483,2673724.686398421],[4754899.846138851,2673633.8268484706],[4755670.145324118,2673472.4915312235],[4755936.735950349,2673559.984703434],[4756186.431920084,2673507.546899715],[4756326.028671081,2673384.914010747],[4757106.592891296,2673195.034681147],[4758357.894585958,2673285.992769016]],[[4740368.478169982,2685173.6289066793],[4728791.733075518,2684169.7114026435],[4728844.54710858,2683423.3983989907],[4726275.2249059,2683152.1286309864],[4727376.083769242,2670045.242164334],[4729800.068411895,2670297.6886292137],[4729868.91210981,2669755.35721201],[4734795.439459771,2670180.963378695],[4736210.204957622,2667382.8282659054],[4737754.601410885,2667500.526936043],[4737731.325970765,2667574.5192791373],[4737811.535766217,2667504.1698365193],[4739321.026059401,2667618.2676251843],[4737795.9372332785,2670442.3010104806],[4739985.176578846,2670633.0146118104],[4739667.830608309,2673209.8474514876],[4740917.731945586,2673349.9748493554],[4740403.191658223,2679550.387580884],[4741709.107857616,2679646.101663378],[4741448.635986412,2682748.23138617],[4740625.436303637,2682676.9408023255],[4740368.478169982,2685173.6289066793]],[[4754987.8177447915,2682962.8094657618],[4754575.507117216,2682431.0473575634],[4754269.845988814,2681409.72584127],[4754564.09526716,2680662.616773694],[4755403.2184420535,2680143.107746903],[4756152.772523263,2680499.3732630834],[4756488.127516336,2681118.6483524116],[4756274.994572574,2681524.164799467],[4756552.304109261,2682939.6051683957],[4756706.816445796,2683275.162934107],[4756659.357851762,2683830.558223134],[4756442.087363793,2684238.888434642],[4755877.07935305,2684514.886668827],[4755496.423681401,2684333.9701584284],[4754987.8177447915,2682962.8094657618]]]}},{"type":"Feature","properties":{"flugjahr":"2006","gebiet":"Tirol"},"geometry":{"type":"Polygon","coordinates":[[[4334359.395410814,2684348.037844404],[4334334.5215482,2684438.2538410863],[4336151.558580015,2685286.388124521],[4336771.5603995435,2685303.2275669337],[4337405.294050219,2685439.985434764],[4337628.123023468,2685403.5494988905],[4338001.142851253,2685136.6759473193],[4338153.397029419,2685127.0556078493],[4339109.6552968575,2686091.2871566927],[4339398.999625541,2686237.048941636],[4340073.487998929,2686302.649259288],[4340377.000616037,2686736.4008338675],[4340690.404244692,2687017.5632693246],[4341204.280753839,2687144.7183362255],[4341851.189944985,2687142.7734230347],[4342675.769288249,2687694.2467912473],[4343026.296361143,2687844.2221081434],[4343748.573510829,2687804.5484314854],[4344818.781638207,2688621.828440005],[4345877.848205519,2688490.3657877482],[4346490.597495309,2689116.0228462773],[4346413.552119994,2688787.8063958082],[4345841.250854299,2688239.7728157416],[4345364.242437497,2688437.887141746],[4344729.085431275,2688430.434808911],[4343715.669930114,2687619.818607091],[4343376.309294832,2687712.7816973957],[4343152.073389927,2687619.300857012],[4342952.842883059,2687357.9728080286],[4342837.17316732,2686961.4875903674],[4342432.5312430095,2686727.1350227655],[4342178.018551297,2686382.98840858],[4341025.57786746,2686377.516255766],[4340862.667941032,2686242.8068399886],[4340830.783512651,2686027.329264387],[4340582.188712666,2685872.9278477286],[4340456.714540652,2685633.4273193665],[4339825.029409856,2685455.4748544423],[4339630.5309652835,2685533.8227831456],[4339443.652683276,2685489.239770334],[4339095.351871206,2685147.082563035],[4338809.62363888,2684587.9783128556],[4338610.18184031,2684501.4763384084],[4337920.17298876,2685009.702650162],[4336770.547939557,2684958.885203221],[4336236.536114546,2685133.1716940776],[4335651.600151458,2684804.9611629457],[4335535.750710555,2684654.455756722],[4335104.763563972,2684640.884780542],[4334359.395410814,2684348.037844404]]]}},{"type":"Feature","properties":{"flugjahr":"2017","gebiet":"Vorarlberg"},"geometry":{"type":"Polygon","coordinates":[[[4334271.181399079,2684515.320529962],[4334359.395410814,2684348.037844404],[4334133.619535569,2684070.6522705234],[4333904.919738866,2683457.713243455],[4333911.3803216005,2683283.7968604034],[4334013.523052148,2683142.7820605375],[4334532.3598868055,2682983.2176888515],[4334780.62415297,2682802.2447081245],[4335098.837449825,2682862.0923019033],[4335414.680170053,2682749.5781197012],[4335790.784383806,2682416.924893803],[4336496.394784196,2682369.7329936465],[4337093.903657194,2682137.441743759],[4337502.833126596,2682095.03915791],[4337586.070119519,2681959.0109616546],[4337419.721969605,2681873.9896509764],[4336934.220958914,2681927.908302369],[4336711.3228649935,2681796.0175531087],[4336416.483114061,2681374.0270333807],[4336090.505246914,2681096.3975318233],[4336025.475347992,2680875.2289135777],[4335849.441887413,2680776.437778158],[4335692.887294666,2680506.7649565707],[4335671.710124958,2680199.718763897],[4335744.337141882,2680041.517425304],[4336004.250981825,2679753.860661843],[4336520.859126412,2679586.8416829305],[4336594.922174578,2679437.68944271],[4336489.007197281,2679166.65835483],[4336760.186773733,2678848.7451119814],[4336710.164127758,2678525.962390868],[4336846.798051821,2678134.1010568514],[4336790.614771498,2677459.0915952064],[4336875.017604035,2677109.0042268764],[4336809.676005533,2676866.4161060024],[4336082.053260324,2676058.9614803884],[4335689.576266545,2675845.1206660806],[4335615.5308087235,2675373.0882469234],[4335878.876749861,2674152.7695461675],[4336173.791433486,2673840.871852479],[4336180.053225536,2673566.2349235285],[4336359.807136182,2673263.9176114015],[4336587.630521527,2673057.6038587824],[4336572.509335139,2672613.002177702],[4336433.291991539,2672273.5463952892],[4336496.174254136,2671638.7734251358],[4336630.842112878,2671483.779827101],[4336978.812440267,2671326.7765520825],[4337234.135510893,2671007.321909998],[4337480.07036329,2670925.919083228],[4337514.903257306,2670821.732262818],[4337170.481641611,2670407.5781083717],[4336797.553501517,2670395.813856079],[4336180.322636968,2670048.1705662506],[4336170.212524861,2669233.7242810684],[4336370.0335721895,2668906.391491128],[4335018.026553785,2668655.5963434284],[4334861.788834764,2668451.069530152],[4334863.688667628,2668014.4311275706],[4334142.311964377,2668110.935337832],[4333798.035880578,2668050.1130767935],[4332465.447040617,2667234.4403863866],[4330425.218522944,2663336.052014625],[4330523.957860484,2661313.0398871973],[4330916.788868247,2661011.927434953],[4331125.766019908,2660513.8340058364],[4331649.974402047,2659936.9802248045],[4331782.3980731545,2659605.9212226844],[4331812.582537401,2659152.862703615],[4331709.371742314,2658769.220366076],[4331444.601305171,2658316.774903666],[4329864.275129272,2656995.445765622],[4329710.093839895,2656731.965671774],[4329683.149655596,2656426.582880117],[4329776.328358082,2656160.3275521095],[4330571.263217803,2654945.2560734106],[4331252.034191983,2654532.464308214],[4331565.35084336,2654201.4284362947],[4331767.903218801,2653655.7700761226],[4331745.718577042,2653096.738224256],[4331388.494198784,2652533.1306527737],[4331141.666629417,2652300.52918724],[4331064.4054549355,2651792.8393220766],[4331252.268483244,2651044.6070662867],[4330991.822591905,2650158.6844137404],[4330160.791014285,2648366.9809586583],[4329782.602272976,2647921.4836697257],[4329004.302855826,2647499.3608610653],[4327877.440328969,2646026.797473709],[4327757.65983247,2645666.6171248825],[4327908.038864303,2644700.763642447],[4328659.320961072,2642117.660427803],[4329409.137700891,2640878.24184958],[4330537.064058002,2639874.378451853],[4330770.272416898,2639576.7537174895],[4331493.789461247,2637116.1873607505],[4330939.113560975,2637160.4647605466],[4330891.694511572,2637088.140427772],[4330968.082802618,2636971.449814739],[4330457.63894963,2637035.7568877363],[4330290.571091196,2636910.2300141323],[4330176.2913105795,2636627.370720655],[4329894.058102349,2636567.867938469],[4329677.872457526,2636385.9233379606],[4329042.61153839,2636234.3405667422],[4328896.311916673,2636303.7881928817],[4328673.201687047,2636735.2347861202],[4328212.544619905,2637251.7339008288],[4327886.12027794,2637475.4938218645],[4327841.553238255,2637916.3240476586],[4327916.880346939,2638157.168214153],[4327852.02694902,2638288.024820983],[4327633.416986432,2638417.3658792456],[4327152.868226857,2638400.0500007514],[4326743.715326321,2638561.940780577],[4325490.468368212,2638449.2725087292],[4325358.739099378,2638543.7430012785],[4325107.37056219,2638565.112163565],[4324802.95582203,2638834.9024773757],[4324728.8561986415,2638968.1984910914],[4324707.427321998,2639726.8745486927],[4324798.773192688,2640227.16578934],[4324392.771406254,2640579.852747657],[4324117.287099612,2640681.0273616156],[4323881.605256464,2641275.2546574445],[4323586.261428703,2641317.149599758],[4323340.690159671,2641515.905214493],[4322902.587769812,2642345.38806465],[4322667.806372196,2642449.904062354],[4322333.323798544,2642835.163374307],[4321801.745857636,2642842.777770568],[4321514.0195748415,2642681.1945780204],[4321321.184595045,2642682.0887056007],[4321071.64990639,2642756.503666889],[4320665.115871762,2643034.4699895275],[4320160.034198925,2643085.7909856755],[4319875.349496603,2643417.25603099],[4319559.527867241,2643526.067050993],[4319421.938251462,2643814.6841686494],[4319468.665140678,2644033.628169463],[4319396.189132583,2644320.612387105],[4319191.362139109,2644551.471072889],[4319064.493013632,2644510.269503506],[4318906.09944842,2644307.4864869784],[4318485.493959226,2644162.9041316267],[4318105.579091384,2644201.8737450335],[4317796.551112,2644551.455971057],[4317253.936041102,2644381.291504191],[4316900.017307593,2644176.3547942396],[4316150.6469863,2644288.149965197],[4315492.385028825,2644679.70689818],[4315022.438741767,2644846.324480472],[4314505.938127173,2645272.7216838216],[4314350.103520211,2645615.97216203],[4313912.316609246,2645586.9176237886],[4313259.87166795,2645887.9702584576],[4313185.22070245,2646069.640687034],[4312905.934437224,2646322.4610003],[4312190.729368212,2646458.496695226],[4311890.555252818,2646665.752682022],[4311645.645086953,2646620.634664724],[4311443.773611611,2646699.2250566483],[4311403.061821079,2646865.072929834],[4311539.9794916,2647297.91332411],[4311440.310109076,2647452.385375956],[4311434.907093321,2648179.5472527076],[4311309.813253031,2648559.0315828836],[4311488.692021815,2648789.15077929],[4311585.451397274,2649226.0946801254],[4311228.090993837,2649570.5869277213],[4311006.345977925,2650016.132273159],[4311364.243692899,2650498.7550133243],[4311395.662567593,2650700.1690862747],[4311305.91516818,2650959.121997026],[4311379.448175041,2651194.2187364395],[4311661.782358035,2651439.106677579],[4312001.48143376,2651932.1332573416],[4311955.288814986,2652230.9285586905],[4312094.103413628,2652522.369240189],[4312605.228055201,2652967.343861015],[4312433.534924116,2653382.304924031],[4312376.876674874,2654003.13547343],[4311178.678265005,2654621.947557674],[4310871.617248542,2655239.144330931],[4310879.35831612,2655467.3093702663],[4311015.189328196,2655615.068546351],[4311406.137080504,2655789.705890891],[4311656.75878302,2656055.9977952363],[4311574.763981751,2656234.9818485575],[4310422.944563762,2656388.806841744],[4310225.082996755,2656054.735422953],[4309878.278356757,2655766.2214811575],[4309374.818822793,2655725.2786104297],[4309015.708555736,2655587.2015780294],[4308834.64022789,2655273.5558710806],[4308557.45781545,2655187.087225642],[4308304.059058312,2655331.6149862576],[4308199.357623085,2655514.804537718],[4307985.84203591,2655488.528000258],[4307856.547877247,2655747.157694529],[4307314.963044345,2656201.8314229567],[4306998.02094185,2656348.334722448],[4306680.979531484,2656340.346145191],[4306271.850880668,2656566.437425417],[4305624.012346316,2657089.539946703],[4305047.182252733,2657366.3115995335],[4304921.43101722,2657640.2489858],[4304402.989552613,2658129.609598158],[4304170.5030780565,2658213.7328903927],[4303399.470745237,2658200.783403917],[4303028.2879715115,2658095.474964546],[4301759.468335044,2658049.0058254325],[4301486.404411456,2658383.253528109],[4301481.428717183,2658498.981815487],[4301281.787953969,2658605.8517748974],[4300916.327504687,2658613.704158056],[4300111.4493308915,2658817.7947805235],[4299487.702892096,2658780.4567305786],[4299319.149082767,2658961.720253472],[4298609.355470387,2659328.892859972],[4298407.540189472,2659768.131303355],[4297932.609997037,2659785.024460327],[4297503.4171672175,2660046.9229724943],[4297138.654696109,2660157.6284356336],[4296699.2312631775,2660560.284895182],[4296718.959882522,2660837.7332797144],[4296129.405463365,2660590.2681261324],[4295849.13729977,2660540.715988122],[4295508.817284182,2660604.8646000912],[4295097.93708799,2660437.879330585],[4294092.556993964,2660574.1609045635],[4293892.744737134,2660311.176788548],[4293817.912494006,2659990.504969774],[4293416.204754779,2659723.964306741],[4293016.794159646,2659668.725584959],[4292537.623738101,2659689.5138121834],[4292388.456412589,2659800.2873632177],[4291819.421544434,2659951.5024100123],[4291035.212711397,2660733.779894569],[4291000.228846294,2660978.742082596],[4291266.239331731,2661271.8600218496],[4291295.772795086,2661622.664578149],[4291455.52141704,2661885.3052658974],[4291234.638939625,2662473.691571758],[4291343.845736353,2663039.3500124966],[4291483.286795029,2663100.45345468],[4291971.785652903,2663005.455415802],[4292295.566461992,2663420.9420015626],[4292977.019242224,2663555.89276186],[4292977.146359866,2663777.078736811],[4293138.696972507,2664221.07617897],[4293162.960241742,2664822.3566550673],[4293084.113098665,2665250.394077801],[4292819.831269091,2665619.9425857184],[4292638.029323165,2665743.3494950626],[4292570.233488508,2665919.2755560633],[4292169.9935893845,2666083.217143327],[4292045.040853183,2666393.6176294736],[4292318.464536798,2666847.400999462],[4292402.189170846,2667447.775013566],[4292978.485882888,2668084.937910185],[4293024.008556168,2668248.2788882707],[4292359.46878904,2668802.7898707986],[4292352.506277769,2669445.4022191777],[4292189.43736898,2669816.311217073],[4292368.353790413,2670247.848382487],[4292191.786199202,2670582.6976762153],[4292116.319511053,2670606.6424731077],[4291629.438991345,2670354.452743321],[4291214.639976411,2670428.6413951577],[4290927.382142076,2670599.494763277],[4290707.2336394405,2670918.048216563],[4290696.363637927,2671229.6063220305],[4290502.504729889,2671525.9156298516],[4290520.394434756,2671794.5629740627],[4290266.6414172035,2672130.674805967],[4289833.450479462,2672329.134343678],[4289089.8657738585,2672962.9937334657],[4288453.672999402,2672819.497979003],[4288025.53866401,2672878.5125581743],[4287833.08670256,2672986.3965811124],[4287823.633216584,2673134.943438966],[4287982.562194988,2673427.0603223983],[4288470.159931804,2673802.62994497],[4288441.039169495,2675398.1063391813],[4289022.320901869,2676043.6581245307],[4289286.943277437,2676899.496291786],[4288896.204899564,2677284.748898331],[4288713.498519493,2677793.240263949],[4288212.232811901,2678427.889186965],[4287858.611070097,2678556.611365222],[4287621.914065487,2678845.587525689],[4287239.048614292,2678740.1889385334],[4286901.529947314,2678945.1995685017],[4286927.764595388,2679201.1842631167],[4287369.977968797,2680089.369936194],[4287845.6104897065,2680649.488939939],[4288041.427145221,2681030.0290850927],[4287524.887501512,2681858.424615991],[4287333.148251071,2681962.5622641724],[4286765.23882093,2682557.179444324],[4286383.64755779,2682744.8969960865],[4286000.918259531,2683096.882255872],[4286007.586965097,2683497.0894326717],[4285804.099667779,2683584.0540274885],[4285306.974083825,2684237.525680111],[4285523.185690742,2684663.616492144],[4286512.220339327,2685356.589498113],[4286869.94984602,2686013.989268225],[4287257.0817428,2687346.239991354],[4288391.277054438,2688402.7965958095],[4289122.4289623685,2688873.511840788],[4289615.4907782795,2689524.84798875],[4290583.925104999,2692754.744991015],[4291414.147009503,2693989.73581121],[4292587.720325599,2695057.848461116],[4293050.076600578,2695591.932899101],[4293768.608332157,2696741.61390372],[4294189.4948989935,2697803.340260892],[4294409.909253387,2699000.272500338],[4294321.860879693,2701056.1758375997],[4293953.1762457155,2702421.9717610334],[4294078.972167706,2702871.723203657],[4294703.706520529,2703708.745452175],[4294819.213974879,2704173.793471579],[4294732.192393542,2704367.87351036],[4294150.545647572,2704613.204435154],[4292853.399150128,2704701.898983599],[4292402.630626894,2704827.6981869903],[4291977.9765598215,2705339.5606771996],[4291526.1679685665,2706197.0174381165],[4291439.149817597,2706154.786194491],[4291334.183441157,2705607.5669274535],[4291143.868936277,2705352.690591696],[4290860.379113639,2705268.5771216396],[4290458.273207444,2705401.6775493156],[4290156.25430452,2705799.014059596],[4289344.757913572,2707717.459486713],[4288137.953940691,2708747.639317198],[4287891.149685801,2709076.0266507985],[4287764.51100782,2709569.42730933],[4287771.3557895655,2710270.833655206],[4288108.414201906,2710229.393038232],[4288177.332919228,2710041.354024826],[4288573.86390573,2709838.1456609555],[4288840.033204326,2709243.541641451],[4289984.558643871,2708599.7712058267],[4290741.620541929,2708523.4246700006],[4291307.365913448,2708569.1394856162],[4292012.055614187,2709242.7350433907],[4292632.8577229185,2709295.546329391],[4293107.60971444,2709819.1841319962],[4294221.864642249,2710728.0936419778],[4294492.780334594,2710471.1730751703],[4294880.794778319,2710595.3943996355],[4294816.366892013,2710863.977181063],[4294420.099875978,2711266.9111111425],[4294479.026966774,2711347.2937957877],[4294025.316354173,2712396.464853269],[4294314.271904997,2712629.4930928107],[4295110.580661158,2711604.0039420435],[4295631.311931543,2711211.3189268433],[4295923.843329481,2710792.9312869883],[4296448.099296946,2709729.29099096],[4296897.056885929,2709720.1630844926],[4297273.855013922,2710335.3480298547],[4298100.0300448,2710778.0955235707],[4300234.225244864,2710651.4754301985],[4301565.956154957,2710387.744987816],[4301659.925506374,2710420.3727477454],[4301733.992129596,2710595.555765576],[4302187.41074229,2710700.0764515167],[4302367.174056968,2711060.2264111866],[4302405.689587724,2711415.409041014],[4302185.069968038,2712027.3624452106],[4301733.146168345,2712518.3441230063],[4301076.035044051,2713015.287031307],[4300528.415942706,2713166.87760586],[4300319.589216858,2713496.0839618454],[4300489.300646392,2713593.951513662],[4300847.375928555,2713618.9443034492],[4300952.505800644,2713756.651933666],[4300892.797662996,2714847.8156089764],[4301306.421260787,2715481.821660959],[4301391.6191176595,2715808.5068086972],[4301535.730906421,2715907.2634722427],[4301533.146782954,2716238.4748776276],[4301783.207311214,2716448.277685135],[4301827.970777506,2716845.151367702],[4302031.619832919,2717093.3744476084],[4301881.681664149,2717517.883759128],[4301973.854410531,2717635.082300858],[4302429.635454781,2717840.3476916454],[4302521.830528233,2718566.453304584],[4302847.260625461,2718701.985925499],[4302841.349457084,2718967.3715285687],[4303152.951263494,2719390.8123094058],[4303229.594535366,2719628.5990099264],[4303407.141885353,2719710.5135330497],[4303563.54147022,2719628.496843142],[4303713.025289123,2719655.3744180403],[4304155.586373681,2720374.8007242572],[4305296.230673884,2720204.9187553423],[4305708.598572029,2720260.583299888],[4305919.535097341,2720448.905756425],[4306130.765672921,2720439.6315093916],[4306707.371325403,2720027.2826631684],[4307058.15158524,2719629.4511640114],[4307345.433319658,2719639.5679150657],[4307834.643109233,2719411.0836479967],[4307939.663900033,2719213.966096446],[4307960.639022906,2718725.9127703537],[4308119.838029369,2718586.28214222],[4308155.543097857,2718375.0692780553],[4308032.293194167,2717793.2448234884],[4307743.096493507,2717454.5510887336],[4307734.144204287,2717235.340334583],[4308032.31472466,2716603.892497222],[4308051.495439114,2716373.2836003546],[4307853.68564121,2715903.286223367],[4307610.455034648,2715611.064908097],[4307354.067443595,2715463.397044145],[4307278.535211771,2715114.914216669],[4307325.025117614,2715046.6043641116],[4307768.936882869,2715045.895763844],[4308085.781956371,2714950.1214561597],[4308336.249160391,2714700.2069409024],[4309139.1560051665,2714417.3468230376],[4309714.608421253,2714413.9946613386],[4310071.732679462,2714160.359094957],[4310436.760231309,2713549.713769478],[4310768.311635616,2713486.3504299037],[4310975.641256569,2713323.7389622713],[4311285.640027621,2713232.8553814366],[4311360.8789679995,2713278.160397987],[4311354.983350663,2713415.2995731225],[4311492.551920271,2713546.322703675],[4311653.428324087,2713931.060836977],[4311644.411616497,2714140.797515721],[4311454.674103353,2714311.466206878],[4311454.054743894,2714512.6487724422],[4311845.213820407,2715027.443189406],[4312019.306890089,2715105.7882042015],[4312411.006318109,2714953.867006889],[4312694.742215271,2714679.6443879814],[4313424.464339811,2714739.514408971],[4314021.331281509,2714445.941245738],[4314227.614622625,2714212.1523383604],[4314257.388840236,2713958.853437148],[4314475.571559519,2713695.9280946995],[4314594.780460314,2713348.418151487],[4315036.669879461,2713075.4025222436],[4315959.627327841,2713422.4708448714],[4316521.040510721,2713996.7958725845],[4316895.96880172,2713836.853403756],[4317847.267021186,2713679.0585961216],[4317789.483167894,2713883.553515979],[4317845.867886656,2714101.784229433],[4317744.496044797,2714428.0440880945],[4317801.446881039,2714521.8404980646],[4318185.805717263,2714530.470205012],[4318532.259941886,2714896.2222278477],[4318858.358505273,2714828.1749618705],[4318972.229348528,2714483.456274872],[4318705.448593182,2714161.9119265275],[4318688.199549708,2713914.3874643566],[4318557.278672495,2713698.9903998086],[4318530.360649131,2713176.3777416022],[4318670.191056423,2713033.858434051],[4318757.549838552,2712700.368242269],[4318716.552013469,2712311.8739572954],[4318529.58790221,2712011.4960107035],[4318861.866541008,2711726.859291216],[4319016.0215461925,2711463.225006086],[4319518.298891748,2711162.2470813445],[4319620.8056152025,2710969.0964534343],[4319926.348886923,2710942.563430457],[4320343.691302411,2710331.994785498],[4320779.312352517,2710017.3947713473],[4320784.82423034,2709810.387081517],[4320313.726860386,2709439.9962466187],[4320280.353491255,2709331.3911827174],[4320740.663276567,2708180.4699578397],[4321034.009642293,2707847.732161779],[4321193.968003519,2707746.634019786],[4321824.8124839915,2707761.0720677143],[4322198.794750215,2708065.7025719173],[4322675.1233112905,2707982.149036442],[4323752.811237237,2708545.001639222],[4324455.1601811005,2708358.997537425],[4324678.412109622,2708171.598597426],[4324646.998085385,2707820.453288863],[4325230.1544701345,2706954.6662050663],[4325258.61841271,2706712.593245369],[4325076.256943555,2706358.898170031],[4325222.457758453,2705961.912307031],[4325984.803839397,2705679.22264938],[4326275.377117739,2705358.1517693484],[4326488.872910731,2704891.767397365],[4327064.88045167,2704848.714040225],[4327245.535828826,2705146.2598925293],[4327739.533924088,2705364.6676138765],[4328026.193365584,2705153.535677866],[4328306.779572693,2704125.4427128304],[4328273.77938735,2703874.818267827],[4328172.928276104,2703743.405634562],[4328200.749654172,2703176.163118628],[4329108.310588526,2701733.408013848],[4329089.80326962,2701614.6937555755],[4328438.605190659,2700988.487697556],[4328368.352960725,2700848.4208383663],[4328372.40098128,2700465.8059893614],[4328266.012251148,2700322.923612145],[4327492.0022256095,2699963.3147199834],[4327069.709122288,2700023.1511836466],[4326675.749641853,2699956.9498647205],[4326489.284833052,2699564.6780995135],[4326610.552587639,2699303.894262275],[4326829.260301177,2699141.5326902415],[4327118.785700287,2699094.807026797],[4327321.586672749,2698730.7981122774],[4327646.049886282,2698512.409217585],[4327648.65410513,2698242.4070898946],[4327420.554854036,2697780.838028516],[4327828.7601884175,2696829.2554597487],[4328736.075009052,2696468.0215833993],[4329460.693677347,2696284.917867569],[4329955.151523746,2696256.3734576176],[4330570.50497343,2696371.306087833],[4332037.386119012,2695997.770561615],[4332384.581817954,2695885.716453976],[4333418.784615577,2695194.8119432093],[4333652.776163292,2695386.10755629],[4333611.213451294,2696348.5854105926],[4333669.739696799,2697020.6969941026],[4333792.001588996,2697090.442005844],[4334306.203885405,2697043.709479291],[4334532.024002709,2697169.227316766],[4334573.7881605765,2697677.5094658295],[4334667.397293049,2697801.481789548],[4334894.693647162,2697766.5248942273],[4335219.88351149,2697538.6933827684],[4335813.820521689,2697461.6775113223],[4335971.415172481,2697117.166775886],[4336207.090579437,2696853.293334588],[4336360.034772763,2696771.449064386],[4336707.695041288,2696796.0824241275],[4337049.83253865,2696592.4958132976],[4337425.021258632,2696720.172310052],[4338024.611079796,2697379.12060551],[4338185.299890195,2697439.4422568902],[4338467.863942378,2697293.3889051303],[4338563.41756061,2697068.816917388],[4338984.285278328,2696564.8541178647],[4338961.270499892,2696408.685307871],[4338714.655068532,2696208.1447790847],[4338947.454243516,2695906.294112064],[4339066.48210464,2695550.8544564615],[4338862.643030867,2695169.102042821],[4338549.5947188055,2694865.749045371],[4338438.9959450625,2694383.902864095],[4338155.2679548925,2694167.955644391],[4338101.404805715,2693859.0329331905],[4337562.479055805,2693408.8621150535],[4337534.908169762,2692853.1897835676],[4336671.979076763,2691624.2643983327],[4336854.3359387405,2691298.997420731],[4336824.000533289,2690938.9641193477],[4336674.49513091,2690687.6894872966],[4336314.211974257,2690385.2659868784],[4336362.271294146,2690265.4079919136],[4336593.07226264,2690138.3855165555],[4337093.647538517,2689604.5800067633],[4337114.06679382,2689357.6279763086],[4337476.824730393,2688704.94220758],[4337474.361280019,2688578.4474106072],[4337149.462087712,2688477.490118796],[4337055.9668526165,2688006.3537070532],[4336539.149294238,2687536.5805234504],[4336452.506207909,2687329.2964022644],[4336143.895338698,2687003.331201448],[4335850.936622841,2686933.52969016],[4335397.642813133,2686586.2560523306],[4334953.873379691,2686576.6424432145],[4334706.665632633,2686735.141613242],[4334628.77685318,2686685.33058382],[4334559.283776213,2686311.054991993],[4334411.626553391,2686140.8799523143],[4334463.977525627,2685380.129421798],[4334247.531296768,2685064.5742630376],[4334409.862625283,2684715.563548576],[4334271.181399079,2684515.320529962]]]}},{"type":"Feature","properties":{"flugjahr":"2010","gebiet":"Steiermark"},"geometry":{"type":"Polygon","coordinates":[[[4669796.637769169,2715359.6022818787],[4669785.170984761,2715635.094589146],[4669875.361374549,2715689.955622742],[4669513.074170926,2721219.1276672366],[4669366.174046591,2721226.9969598297],[4669360.132881188,2721308.066782254],[4669504.387767458,2721343.959202721],[4669416.765242726,2722686.941705866],[4668834.493361182,2722643.092095795],[4668824.2700924035,2722278.103633827],[4656014.098880865,2721689.0992668727],[4655870.6570307845,2723669.3637704835],[4652906.821591265,2723549.468790569],[4652851.147209864,2724494.1912585143],[4652794.265227536,2724543.3754614787],[4645318.934383396,2724215.8266691547],[4646036.610671688,2724525.4905887386],[4646568.487000446,2725021.868658297],[4646785.912750683,2725367.371252446],[4646823.050108114,2725757.3179714414],[4646978.773051043,2726088.672172712],[4647164.13605455,2726880.9110694537],[4647319.14953152,2727111.9412693735],[4648094.341910459,2727438.206648182],[4648587.557738965,2727457.7761133844],[4648788.510676626,2727643.919710486],[4649194.014672608,2727826.2692315346],[4650163.889801921,2727807.1347041824],[4650894.499432055,2727443.4878140367],[4651565.08018963,2726897.2215824137],[4653224.660649412,2726663.4306250457],[4653504.261632632,2726904.8934241827],[4654437.505379104,2727304.2064702953],[4654887.231635867,2727675.144338796],[4656469.085296901,2727728.731826146],[4656845.938597092,2727628.093934669],[4657336.601237544,2727722.671064218],[4658712.6537276255,2728558.3121620836],[4660050.615016557,2729017.7529761703],[4661201.926615268,2729263.625690758],[4662173.576506553,2729385.917266505],[4662978.859084986,2729020.172104088],[4663426.529945122,2729144.189517174],[4663683.439820868,2728851.26860721],[4663903.735655023,2728824.3508731704],[4665422.414518417,2729101.4814141174],[4665991.239753536,2729440.24049278],[4666377.285004053,2729156.607517828],[4666938.4830767065,2729084.0516968374],[4668443.783793857,2729960.867195335],[4668712.356232629,2730311.418111218],[4669126.91166849,2730493.1527934517],[4669605.975206556,2730553.0595250004],[4670000.915409544,2730469.635830414],[4670397.37378387,2730646.3246663213],[4670581.709919397,2730577.1495009917],[4670875.0891698,2730632.8119619223],[4671207.2780567845,2730467.6714232555],[4671425.242182903,2730250.726379704],[4671701.588045346,2730147.9981131935],[4672135.63624709,2730230.4974631956],[4672784.99934928,2730641.128729958],[4673272.702298114,2730718.2446777644],[4673861.585079034,2731098.98043581],[4674950.676461751,2731039.7748255273],[4675366.593663672,2731348.3368155477],[4675868.960687248,2731462.849723931],[4676380.352245532,2731793.4262309605],[4676502.393146518,2732017.0850794874],[4676554.64299885,2732550.678997536],[4676976.568724564,2732807.3974623103],[4677625.063167949,2732996.459771787],[4677772.446277217,2733124.9980756445],[4677759.2579693915,2733472.098638347],[4677861.455521151,2733809.0717705055],[4678391.210225868,2734762.733382949],[4678469.101534995,2735115.228465367],[4678731.420488938,2735371.0123866424],[4678730.0232504625,2735854.7164157536],[4680450.40884791,2735964.3183342167],[4680572.11121648,2734972.188880937],[4695497.172078921,2735970.570143306],[4695662.0917949,2733476.0274268035],[4695589.3799849935,2733463.633966119],[4695573.6603911035,2733341.6080677286],[4695676.114893963,2733262.8337879675],[4695854.680704685,2730543.715136292],[4696484.312815601,2730500.7835519286],[4696742.083787077,2726581.279441092],[4697990.665960782,2726623.837121777],[4698139.105976411,2724650.938410368],[4699348.038114022,2724702.3796581444],[4699441.144425784,2723752.4310074747],[4700055.904390581,2723759.608149778],[4700318.760862851,2719827.53250705],[4700373.385861206,2719772.893204027],[4701411.529111772,2719800.816333976],[4701578.480021286,2719732.264208341],[4702026.125166975,2712912.683156386],[4703224.156873986,2712946.161364209],[4703375.247540285,2712893.74327079],[4703898.503578598,2712962.8373434115],[4704061.101475235,2710554.533923342],[4703979.353626927,2710495.0495854747],[4701571.128007101,2710289.877946094],[4701967.803781571,2704446.1934736455],[4701495.476824861,2704352.63810186],[4701651.845832515,2702457.048712927],[4696766.235145622,2701997.441056209],[4696705.886222928,2702085.3808770627],[4696547.875202767,2703983.6552776042],[4694551.023612209,2703865.5914734295],[4694292.089955587,2706800.778293087],[4686753.796581242,2706183.639202759],[4686602.981590037,2709128.21637265],[4679660.149638033,2708809.931116986],[4679523.10796501,2710803.6181931226],[4675586.713094301,2710623.173774697],[4675527.4563405635,2710680.6762012555],[4675429.549063969,2712616.8260245174],[4673457.764836845,2712546.0808348916],[4673297.768774481,2715517.352879988],[4669796.637769169,2715359.6022818787]]]}},{"type":"Feature","properties":{"flugjahr":"2009","gebiet":"Steiermark"},"geometry":{"type":"Polygon","coordinates":[[[4669758.398488044,2717449.733150617],[4669872.815395227,2715642.265026775],[4669785.170984761,2715635.094589146],[4669796.637769169,2715359.6022818787],[4669274.1751526,2715333.239972794],[4669801.028789207,2703357.1459370772],[4670070.07918824,2703322.8578629405],[4670065.414606226,2703194.0156473275],[4652604.027442903,2702019.2560710553],[4652140.887999337,2708905.1782882474],[4652195.389537226,2709081.6880656388],[4652125.148908689,2709141.8251377414],[4651684.700179205,2715875.3817929714],[4651823.48076605,2716524.6119716614],[4651669.263696653,2716684.2922320105],[4651628.125294948,2716973.532990768],[4657809.301181668,2717400.8697262118],[4657940.163917723,2716908.563855409],[4669574.314896266,2717692.289482137],[4669671.3832327975,2717647.8350658016],[4669758.398488044,2717449.733150617]]]}},{"type":"Feature","properties":{"flugjahr":"2009","gebiet":"Steiermark"},"geometry":{"type":"Polygon","coordinates":[[[4780478.074139481,2635239.941093917],[4777971.087864833,2636510.831309299],[4779156.876745969,2636345.025186537],[4780478.074139481,2635239.941093917]]]}},{"type":"Feature","properties":{"flugjahr":"2009","gebiet":"Steiermark"},"geometry":{"type":"Polygon","coordinates":[[[4777160.123797409,2667552.8913755063],[4776189.294515761,2667434.8022197383],[4773883.0727599785,2667520.5040437635],[4772820.086481129,2667732.0175131955],[4771872.906468671,2667761.1403432037],[4771155.286496211,2667948.2144958447],[4770752.779160215,2667787.5871599936],[4767937.042659475,2702033.7973022894],[4768876.380915012,2702120.1787766595],[4768927.77399477,2702161.7367097973],[4768859.470060886,2703118.213015817],[4769835.550655094,2703241.9038277334],[4769681.045169474,2705197.4491451113],[4771660.514991295,2705394.3021538835],[4771261.847614715,2710335.310414988],[4772251.820466914,2710482.8181362725],[4772210.628569444,2711435.641681687],[4772926.862949159,2711496.856385328],[4774586.092451996,2705999.781160112],[4775890.698618124,2703694.961480767],[4776362.955643648,2691379.2355936784],[4779039.023330429,2686354.4450998823],[4779502.080661445,2680475.32879048],[4776495.402057909,2676057.9103143937],[4777160.123797409,2667552.8913755063]]]}},{"type":"Feature","properties":{"flugjahr":"2010","gebiet":"Steiermark"},"geometry":{"type":"Polygon","coordinates":[[[4772926.8947525155,2711496.750941101],[4771498.923491007,2716227.153597899],[4768705.968808116,2718531.4604537506],[4765813.621621732,2719822.8946573376],[4763051.864905539,2720471.678899227],[4759535.544879574,2720285.1048238548],[4768203.818589209,2720876.8253175495],[4769226.841660463,2720406.18639296],[4770990.025348485,2718967.8193763746],[4773622.215477043,2717037.5039785895],[4775084.004390911,2715695.008815358],[4773839.581172039,2715586.6050015506],[4773905.787726208,2714614.9307762017],[4772930.5176978195,2714503.0403612377],[4773161.423480179,2711553.5369373476],[4772926.8947525155,2711496.750941101]]]}},{"type":"Feature","properties":{"flugjahr":"2009","gebiet":"Steiermark"},"geometry":{"type":"Polygon","coordinates":[[[4741109.990372917,2657578.8628372033],[4740423.757306446,2657097.466185978],[4740127.200057462,2656778.427643156],[4739772.668983213,2656616.8477035384],[4739585.408511271,2656340.9170275265],[4739932.992547651,2655333.1092646862],[4741151.499043521,2655207.473199649],[4743654.570766819,2656605.814606002],[4743802.861984955,2657154.1996403495],[4743771.122066674,2657804.5702265715],[4756194.58598125,2658862.1699794102],[4756407.146661909,2658236.489668306],[4756753.2119423505,2656646.048596045],[4756696.388606342,2655358.1791591835],[4756813.28771758,2654517.8160609715],[4756668.0759585565,2653830.41802362],[4756901.4653906375,2653257.7266938505],[4757026.087543925,2652606.908504823],[4757174.472579149,2652374.5876460816],[4757135.990136261,2651880.3375650933],[4756443.962399666,2650870.2396460623],[4756342.731927449,2649451.228889607],[4755969.726096848,2646595.3047707314],[4756391.538863529,2645491.908875865],[4756865.489951885,2645212.676392017],[4758077.900373474,2644881.709851061],[4757703.9616862545,2646608.889392546],[4757972.185330827,2647416.085858212],[4757950.918382028,2647948.58285862],[4758189.505009565,2648471.148860988],[4758111.924331228,2649352.3527701013],[4758200.347610773,2650079.1335047046],[4758691.809907391,2650865.7080722656],[4758633.593834766,2651166.2818730557],[4758793.454646433,2651702.213995208],[4758822.459340527,2652962.746360506],[4758544.843166105,2653653.491614122],[4758600.420049981,2654054.4551858087],[4758542.908224777,2654819.5080303242],[4759025.611152568,2655050.1721956935],[4759066.999555946,2655340.3739860645],[4758643.657029286,2655996.3166993246],[4758612.900563336,2656447.319381138],[4758347.439053676,2656631.1524009407],[4758204.722356567,2657260.1218009535],[4758204.454919223,2657609.446480832],[4758065.813579114,2657779.163780211],[4758153.0080073355,2658052.4826619853],[4758087.133656773,2658641.9910771865],[4757836.415128993,2659002.0440964433],[4771401.158078105,2660164.6847005296],[4770959.668016849,2665527.610647673],[4772662.176731694,2665190.8177866153],[4773562.822833214,2665336.8095630286],[4773741.17403263,2665574.4738534233],[4774026.559755286,2665653.4535353715],[4774107.173994386,2665621.944660198],[4774107.993208369,2665405.4862524774],[4774206.91627287,2665214.176771951],[4774396.808052484,2665151.816168533],[4775516.752880668,2665602.493984524],[4776015.061748016,2665501.6604544045],[4776657.641371878,2665565.662988331],[4772593.188859848,2661318.1111793723],[4773133.603297289,2654330.2758986475],[4777638.230161651,2654752.7471517995],[4777800.333284956,2652797.9337552986],[4778692.094679244,2652869.467899933],[4778677.48888592,2652410.148352177],[4778994.3690055,2651570.305210142],[4779075.870740239,2644648.7215401297],[4779531.673067594,2642990.2615276803],[4780474.822338043,2641988.1414582506],[4781547.119263603,2641404.6213978413],[4782171.576840616,2640947.542044842],[4783348.338662108,2638637.0745535335],[4782753.041781915,2638686.848828364],[4780392.980968276,2639187.243168136],[4779352.870629014,2639542.0746450275],[4777000.710456436,2641111.878218877],[4775248.3714634655,2641766.82241165],[4773997.601627656,2642082.840237037],[4773153.260439875,2642403.804264248],[4772712.743413746,2642468.3452656004],[4772181.537092933,2642201.359617049],[4770789.303396415,2642201.5292282514],[4767601.95273425,2641862.859628995],[4766363.666027375,2641387.816507673],[4764262.850407912,2640915.6779537946],[4764044.197592908,2640624.251044726],[4763856.790661331,2639708.7272678],[4763126.990632419,2639080.2434946764],[4762607.856788988,2639018.055214645],[4762314.465917616,2638901.3149347873],[4760763.880949778,2639063.388027108],[4759771.715248027,2639305.4940708973],[4757991.2408673465,2639203.689688476],[4756397.5412566895,2638861.3785221693],[4755586.728718825,2639124.9553404097],[4753790.780448581,2639216.659171708],[4753216.838180493,2639423.195917409],[4752291.984240425,2639958.7304742076],[4752073.324684969,2639965.5892910627],[4750987.694939901,2637895.4691269817],[4752012.886150202,2637493.695719645],[4752766.052683437,2637426.587094356],[4754380.401207806,2637548.6125240126],[4756813.5904981205,2637016.1258293926],[4758073.213491103,2636888.514530385],[4759244.810670748,2636872.921460118],[4762158.198042543,2637294.6577446368],[4764004.368616714,2638484.5148026524],[4764505.039101629,2639153.382117705],[4765045.7131346315,2639639.955078595],[4766297.642136166,2639940.4524656436],[4766960.410544585,2639970.3117845706],[4767774.532783709,2639814.0510928994],[4768535.91903207,2639466.1700636726],[4769360.8899228275,2638762.9356716992],[4770520.317274211,2638033.1938131656],[4767545.392010262,2638246.9920377047],[4764236.662350292,2637032.161232121],[4755059.118822512,2636163.444662079],[4753419.088794834,2635394.8202844765],[4752539.240374716,2634613.836722141],[4746086.8461137,2634175.240533998],[4745775.388953635,2638148.2861085855],[4745155.557572964,2638109.04896533],[4744893.608074645,2642104.914934607],[4732108.929291317,2641243.50963901],[4731526.062565781,2641114.585435],[4731347.828968763,2641166.6400335506],[4730407.674720705,2641041.806944241],[4729923.421987236,2641095.3692811453],[4729326.209934128,2640975.8975982126],[4729316.894164798,2640593.5527744517],[4729223.95587,2640529.538478107],[4717517.703289742,2639754.2127314243],[4717437.868455809,2640134.959441107],[4717301.359408469,2640190.5756574664],[4717391.827905856,2640543.597242056],[4717260.33516865,2641047.7363116723],[4717328.224102308,2641261.4084464936],[4717242.123770613,2641464.675889047],[4717198.057995164,2642372.8844973547],[4717210.8340394795,2642468.5911771604],[4717285.625758056,2642468.9018214373],[4717271.773097884,2642699.0461422876],[4716652.778319499,2642727.6071550804],[4716552.157929609,2644121.16184052],[4716595.548902687,2644200.997107479],[4717793.665091388,2644311.2666827566],[4717408.4472060045,2650221.316445425],[4720525.664208007,2650482.1010553986],[4720073.927159577,2657412.850225641],[4720114.155354129,2657467.108936038],[4721884.955641722,2657587.1757051004],[4721910.946100939,2657643.7523904834],[4721793.352997912,2658194.041811459],[4721820.972429938,2658906.9125420507],[4721741.08914514,2659164.996667009],[4721835.590655731,2659225.439498946],[4721814.396168226,2659561.9915011683],[4721731.414957489,2659595.013921521],[4721674.1852833945,2660188.2909169984],[4721713.904715834,2660427.0059198346],[4721643.358426417,2660625.2025165097],[4721560.79985285,2662290.2336489554],[4721397.947355419,2663261.959226872],[4721408.742659617,2663992.30850062],[4721240.778101427,2664590.0983155575],[4721246.534492748,2665036.985680685],[4720890.942614814,2665035.9438803904],[4720826.198347809,2665095.6561647826],[4720694.110213873,2667024.4773770524],[4713839.474837947,2666561.877008252],[4713639.189358912,2669542.4443669827],[4708684.715026052,2669225.046991328],[4708453.634388044,2672156.697113742],[4708355.766745979,2672204.5543307783],[4703508.774423159,2671877.0776669662],[4703453.264751793,2671938.721106479],[4703168.0612137765,2676305.4447435895],[4703215.859284883,2676367.1310875574],[4703393.640341591,2676379.236773286],[4703393.134428233,2676440.8439162476],[4706265.803760931,2676684.1608441044],[4706331.84130418,2676577.8000895786],[4714385.015512762,2677124.67989357],[4714346.338544872,2677917.673827332],[4714220.708371035,2678184.0754230446],[4714315.047657048,2678399.601843361],[4714246.506029812,2679427.914565664],[4714174.834905103,2679575.7742520673],[4714168.617037214,2680613.136926191],[4713599.358236958,2680577.305739212],[4713542.128222749,2680633.7274267566],[4713242.680327865,2685290.202847194],[4720126.750086245,2685886.612955842],[4718063.432322852,2710815.5677567306],[4709056.105967691,2710061.720837941],[4709287.167116997,2707096.6699073003],[4707307.749218646,2706902.9026516303],[4707445.836115084,2704918.6375505445],[4701967.803781571,2704446.1934736455],[4701571.128007101,2710289.877946094],[4704052.6413934,2710505.6029890105],[4703929.11820058,2712581.8073749864],[4709843.742110339,2713098.3277026406],[4709726.68636354,2715093.657027635],[4715658.293593937,2715610.483665833],[4715433.26177436,2718571.777319716],[4718395.395053078,2718841.572335527],[4718242.068344181,2720783.706799592],[4720229.640964005,2721008.5010084384],[4720112.349917,2722999.386548628],[4727019.732518173,2723612.5761141335],[4726984.026794585,2724057.410782919],[4726365.245793134,2724077.104013741],[4726254.386394462,2725764.5756377196],[4726341.160808745,2725849.8898895094],[4726235.710385323,2726050.75851779],[4726046.736671562,2728924.140164824],[4726122.777666157,2729050.7389223385],[4726029.492358325,2729186.3374147466],[4725528.224514295,2736809.9503927967],[4725545.469461367,2737008.4163609813],[4726091.066803024,2737056.4460175876],[4726131.658063981,2737160.606748503],[4725818.237945678,2742015.177337639],[4726125.071487811,2742070.35887592],[4726132.974187628,2742227.9247655934],[4726412.959989216,2742409.760390313],[4726461.578572,2742592.920386032],[4743426.095543011,2743747.787674921],[4743694.258551039,2743817.6357281855],[4743790.399321375,2743772.1279725805],[4746319.813659386,2743944.4785554553],[4746536.168327556,2744025.695002289],[4747292.130869543,2744010.7369012358],[4747628.238656659,2744128.8120827815],[4747918.14807976,2744060.5428976994],[4748073.977063118,2744184.3231171006],[4748574.548011848,2744098.2313167327],[4749764.511216408,2744179.4845560645],[4749987.8681724565,2744274.504815442],[4750113.387622084,2744204.4534211974],[4750348.526036949,2744219.239341703],[4750485.7129638055,2744362.9970161617],[4750614.691323064,2744298.230615898],[4750709.393776327,2744344.2182046724],[4750764.338900255,2744252.7560458365],[4751057.961422254,2744414.2303533596],[4751102.945813224,2743632.471242553],[4750942.446564499,2743335.59072107],[4750897.290322643,2743055.008064784],[4750931.266189053,2742515.558337872],[4751110.629197635,2742420.312728176],[4751641.13440263,2742471.8707545185],[4752399.938098089,2742019.223994588],[4752496.317370484,2741769.443796337],[4752228.800284213,2741146.044827164],[4752499.614376763,2741011.0602033986],[4752935.521754809,2741090.6129394155],[4753863.697304406,2741466.311991439],[4754357.122450376,2742069.830536824],[4755127.388694347,2742410.605452192],[4755219.892065116,2742283.5205569174],[4755237.931281891,2742043.844924382],[4755449.790062645,2742021.2258355552],[4755805.62178715,2742163.452416229],[4756331.607578175,2741827.117408731],[4756841.204909743,2741808.305613064],[4757023.160883626,2741725.379107501],[4757187.672110565,2741751.852269221],[4757460.498376201,2741952.6753370957],[4757792.075795401,2741970.210912767],[4758246.410191625,2742140.1453050356],[4758892.645389221,2741587.67168944],[4759228.670243232,2740475.5645279596],[4759921.209970351,2740008.6146158576],[4760306.562758845,2740015.2402744223],[4761012.351487025,2740448.0860162727],[4761282.831257634,2740174.6851136787],[4761492.31475897,2739694.5615252554],[4761398.24586136,2739560.936913327],[4761378.634966948,2739214.6878865426],[4761127.510875893,2738801.12378031],[4761089.357342261,2738346.268375088],[4760802.497683214,2737904.1158339833],[4760561.635888517,2737730.4291052297],[4760685.5310965665,2737056.7055435404],[4760393.360669804,2736561.8532526894],[4760564.767702598,2735916.956784719],[4760520.92488332,2735408.1921639666],[4760729.986301684,2734941.217525572],[4760735.200577301,2734513.238462781],[4760873.031709056,2734458.5184928486],[4760880.799142771,2734370.3244941067],[4761091.841556168,2734348.414347702],[4761553.55065524,2734487.921219905],[4761845.929920678,2734494.8493381366],[4762046.721558656,2734406.739687765],[4762350.884599435,2735057.756177104],[4762729.65568286,2735289.9346573707],[4763773.631578045,2735137.0996541684],[4765074.3132302165,2734299.7633070503],[4765176.966351839,2734119.719144828],[4765204.158491943,2733773.841654178],[4765041.966261728,2733412.6968207066],[4765070.194668052,2732465.9965996896],[4765231.161195307,2732045.3783907373],[4765897.245441923,2731354.8722088393],[4765924.163083451,2730941.8757717153],[4766080.4991017105,2730770.770855846],[4766674.762404686,2730773.5868587284],[4767790.011977538,2730454.0118911653],[4768287.31996909,2730180.5407844232],[4768974.254095149,2729654.5665981197],[4769368.005818749,2729549.9389056396],[4770678.32026582,2730005.313602087],[4770852.900574796,2730003.3156746244],[4771392.945083607,2729747.301777649],[4772356.0575442,2729737.2687401455],[4772775.447955835,2729636.6129507576],[4773217.560227353,2729904.525899792],[4773863.888878829,2729905.0410907716],[4774760.213275931,2729401.2463393337],[4774929.354329139,2728956.7655579774],[4775153.904033355,2728796.793774582],[4775228.835704904,2728601.957131922],[4775565.222086572,2728532.9875561045],[4775630.688214823,2728410.646437287],[4775890.3748268075,2728261.4606766244],[4776048.031711296,2727803.0159520805],[4776379.308053811,2727251.613706058],[4777281.294104761,2726576.581658325],[4777581.884910999,2726642.9684850504],[4777811.567041491,2726817.4266691417],[4777656.679982776,2727111.1479118047],[4777766.076977013,2727750.227725814],[4777681.125251209,2728525.3375804992],[4777866.386753934,2728679.5138406707],[4778386.704287495,2728711.232813883],[4778444.330280485,2728498.1050492963],[4778738.857362987,2728334.5578710423],[4778863.218652535,2729085.132191441],[4779105.876638496,2729225.1627324373],[4779469.544472246,2729288.7247225805],[4779779.611114187,2729757.012343076],[4779702.44131588,2730450.9546139194],[4779840.895731093,2730521.6821552594],[4779934.285105968,2731192.0006953278],[4780186.158735657,2731068.830370905],[4780181.739767344,2731124.3259066674],[4780799.4352623345,2731354.8453964163],[4780969.838914022,2731077.7706094454],[4781053.521768666,2730430.763668618],[4781381.044270423,2730334.871486858],[4781042.810772846,2729776.666210368],[4781171.284229167,2729467.6994770244],[4781310.494643454,2729378.9513782067],[4781440.033011636,2729645.8165123323],[4781707.469380981,2729924.216396997],[4781820.530371869,2729903.8521633614],[4781638.029445978,2729521.848891836],[4781659.455871589,2728866.7044214676],[4781434.716189769,2728762.5244079833],[4781390.695433574,2728445.4545377176],[4781296.119257804,2728380.0593429375],[4781545.243872565,2728027.92407821],[4781498.700548539,2727756.5628690855],[4781604.43787899,2727471.3781240815],[4782012.822650461,2727314.3374742707],[4781862.143231359,2726741.8450875743],[4782030.649303785,2726204.2541726874],[4781769.113694497,2726012.243355535],[4781688.969298796,2725786.331167386],[4782303.971053385,2725804.362159457],[4782376.5973539185,2725740.8257563254],[4782250.674846372,2725578.4406546736],[4782258.801604908,2725463.1491657346],[4782545.886096256,2725222.813946367],[4782764.931103752,2725202.866058372],[4783062.129702747,2725351.8732218803],[4783261.849443926,2725060.1490050023],[4783395.176505143,2724619.763168427],[4783507.600176394,2724498.262120016],[4783161.861241178,2724229.800362082],[4783124.54164852,2723582.745405689],[4783319.637125221,2723359.8942837645],[4783579.501491402,2723277.1284211106],[4783831.230909785,2722934.108762496],[4783810.356765447,2722554.319764117],[4784148.618173322,2721968.2138806875],[4784653.223167028,2721592.445283461],[4784851.638953196,2721529.2295067394],[4784656.177699971,2721512.14203581],[4784738.404789681,2720515.6868388113],[4779756.169646685,2720088.607452828],[4779838.3734213505,2719092.166577587],[4777347.19511063,2718879.2141889227],[4777595.734807282,2715890.0187866134],[4775103.514030623,2715677.0913719507],[4775825.034883417,2715798.630905996],[4775370.464077008,2721364.0154308667],[4768203.818589209,2720876.8253175495],[4767241.542241933,2721319.523041423],[4764998.357028302,2721882.3915175777],[4763535.622808613,2722031.2345111035],[4759435.640526006,2721961.6763967555],[4759530.860831361,2720284.7854800243],[4755509.275446482,2720010.5144607835],[4755459.63355148,2719505.891911849],[4737435.175928831,2718278.3695487203],[4737053.277796182,2723250.3338561314],[4727091.314475181,2722580.393783708],[4728975.166407281,2699774.942740836],[4728937.1872575665,2699716.420179139],[4726990.3307088865,2699513.320245526],[4728053.937738972,2686644.441038612],[4722081.322327565,2686079.2172844266],[4724543.803166469,2656200.1308157435],[4741109.990372917,2657578.8628372033]],[[4722010.322698369,2712191.7153609837],[4721695.855155865,2712362.812237895],[4721050.865280717,2712494.1794689293],[4720629.209606617,2712435.5368778594],[4720240.325700962,2712490.8587870747],[4720279.048158914,2713208.5500277556],[4720221.5141772255,2713572.8224112047],[4719773.4269757485,2714143.0103602973],[4719372.853119302,2714350.368492609],[4719304.927926708,2714545.3649276034],[4718787.467430089,2714545.3267882224],[4718504.1171654295,2714443.4915668517],[4718111.35669199,2714488.4417298133],[4717702.531636629,2714386.4657053114],[4716637.053446577,2713615.8207102427],[4715576.604740463,2713266.943918935],[4714872.538814058,2713494.9980440387],[4714063.712628602,2714028.765446208],[4713832.052528348,2714110.7742031026],[4713456.417616155,2714086.4733399698],[4712807.6377138905,2713813.8521639425],[4712567.774811159,2713281.659250883],[4712252.64392838,2713033.346652249],[4711782.481075244,2712917.9932404566],[4711137.278497035,2712975.865165511],[4710679.048976659,2712924.2946455358],[4710208.993064418,2712565.3682334265],[4710145.203496914,2712249.971988194],[4710189.884940755,2711910.113917102],[4710280.973772829,2711919.0821523727],[4710218.378617357,2711845.1446956154],[4710301.205069747,2711606.3730903976],[4710595.942817451,2711259.225093148],[4711497.599849702,2711798.108287897],[4712274.584470216,2711954.117020122],[4712615.701137655,2712109.668433907],[4712932.16374307,2712539.7536357627],[4713534.076549445,2713066.3492237492],[4713860.23855939,2713052.1962590087],[4714503.304988671,2712810.079555137],[4714931.141182601,2712237.01302178],[4715994.782826115,2712016.331061568],[4716656.238296944,2712300.5738210906],[4716963.404063878,2712348.309459918],[4717196.261792667,2712592.3787440294],[4717406.4898867775,2712603.9578537415],[4717551.417615586,2712742.6045773476],[4717805.382828283,2712797.0563696106],[4717931.687532101,2712955.8149401513],[4718311.371332087,2713141.145373674],[4718681.131514344,2713150.7074050135],[4718975.288330651,2713038.040218286],[4719621.263753682,2713169.248305852],[4719519.507024819,2712727.559211802],[4719713.249842107,2711829.8508495083],[4720201.15162338,2711502.6387215373],[4721058.133730645,2711631.6256365613],[4721413.130350751,2711822.4897358986],[4721568.01738474,2711739.4931949754],[4721597.847886369,2711472.1792762075],[4721288.040086774,2710520.094599254],[4721564.122439048,2709782.266574762],[4722133.414900697,2709408.4089737814],[4722975.176257947,2709202.6301378002],[4723564.669515608,2708790.208404077],[4724234.371847386,2707698.8678087587],[4724440.058883366,2707540.1035233596],[4724655.679235109,2706829.919239994],[4725048.187469092,2706333.524411494],[4725275.551630841,2705639.004990398],[4726823.743411344,2703877.0811458994],[4726861.40636159,2703757.1494475864],[4726762.628247394,2703348.2414671765],[4726290.27101346,2702643.9855398103],[4725456.026774078,2702252.4918762464],[4724373.894386054,2701560.514062297],[4723833.066593086,2701420.2271261187],[4723375.519791515,2701511.821435935],[4722856.2655143,2701297.182697569],[4722596.791282625,2701122.9859504765],[4722425.627351481,2700868.5427088686],[4722187.944511894,2700228.700531241],[4722360.485993982,2699645.181125199],[4722543.316116219,2699515.510916598],[4723152.13453597,2699448.3851970015],[4723248.232181057,2699329.4733401653],[4722531.260934305,2698575.886804384],[4722416.925237822,2698279.7081067916],[4722436.055884658,2697983.3246887894],[4722851.452451409,2696981.5781333908],[4722668.453970301,2696395.348032696],[4722667.717872602,2695934.9884368894],[4722888.351368158,2694667.6494529373],[4723231.1851155795,2694166.215418588],[4723739.652824163,2694027.454639073],[4724392.112078793,2693475.0919701373],[4724873.263631585,2693715.38362442],[4725174.850167108,2693655.4916244424],[4724938.5871487195,2693329.433283822],[4724861.465866925,2693063.80017494],[4725065.29607394,2691615.6349646086],[4725379.715936116,2690699.749162773],[4725347.529516767,2690298.502066836],[4724677.197757634,2689110.4643269554],[4724385.786494544,2688811.294766141],[4724326.201880822,2688605.915025921],[4724886.05115818,2688295.7706859736],[4725172.939847016,2688306.8273254014],[4725341.729321028,2688883.6190774334],[4725541.031950389,2689228.2160952883],[4725938.99559518,2689635.1374777877],[4726363.218455504,2689801.5374372085],[4726650.414608138,2690039.1979567967],[4726819.653261292,2690349.4337317776],[4726819.743285895,2690513.2039604643],[4726331.569957018,2691180.9305974604],[4726158.332371036,2691773.568687092],[4726117.021464634,2692260.103500115],[4726356.928591421,2692426.0097856186],[4726369.876947314,2692640.3993559917],[4726276.894372451,2692762.544352146],[4725797.269045575,2693003.0421638284],[4725716.189699634,2693734.1666501686],[4725528.282225568,2694246.589318155],[4725055.940374237,2694753.2757904977],[4724668.321176214,2694955.653410904],[4724179.580698505,2695492.728661124],[4723985.309846742,2695887.8068343163],[4723580.849684498,2696031.1953325532],[4723456.331683319,2696154.569269359],[4723472.5099763945,2696411.5208466933],[4723666.538118349,2696873.251254857],[4723713.244289007,2697508.2709675925],[4724069.907722358,2697922.6705908985],[4724413.906808321,2698099.9058186966],[4724688.543444521,2699371.6339031435],[4724492.040105677,2699855.7823649584],[4724172.045379299,2700135.2542332676],[4723860.962317623,2700247.9218857232],[4723407.5737296585,2700202.00012577],[4723145.490156634,2700354.795796344],[4723541.819180628,2700655.0893525383],[4724082.812382248,2700768.6892386526],[4724763.623825771,2701059.9317564317],[4725617.526777755,2701671.6894303984],[4726119.612137539,2701778.53072128],[4727120.2568650665,2702223.8011105815],[4727355.802803923,2702389.2094594985],[4727695.194119703,2702891.815568226],[4727746.166241924,2703259.171975652],[4727633.281838,2703777.95994023],[4727210.890839716,2704184.9128314485],[4726788.079916374,2704776.27493428],[4726739.382694681,2705006.997306814],[4725806.066103319,2706377.833536648],[4725773.43549027,2706873.264399174],[4725677.0368997585,2707076.0802587452],[4725475.666624516,2707121.7531028716],[4725339.778383816,2707420.4973529237],[4725124.413440836,2707952.370887723],[4724924.170255944,2708834.333631255],[4724461.5482235635,2709153.0621590624],[4724199.12147579,2709541.4286069353],[4723981.68629989,2709717.408996381],[4723018.5379684325,2710063.2607294023],[4722213.926620348,2710114.6707211314],[4722005.146294392,2710195.0056028455],[4721967.570729043,2710432.5545456773],[4722249.4749018205,2711409.9762739744],[4722181.264298641,2711867.1057298863],[4722010.322698369,2712191.7153609837]]]}},{"type":"Feature","properties":{"flugjahr":"2012","gebiet":"Tirol"},"geometry":{"type":"Polygon","coordinates":[[[4434435.009683758,2660236.438034664],[4434238.611467112,2659293.564470714],[4434218.160589496,2659569.566391929],[4434435.009683758,2660236.438034664]]]}},{"type":"Feature","properties":{"flugjahr":"2012","gebiet":"Tirol"},"geometry":{"type":"Polygon","coordinates":[[[4435172.170187862,2661431.408340126],[4434481.841335414,2661070.8218275686],[4434362.062202706,2661971.213083642],[4434375.071079366,2661971.2830265816],[4435172.170187862,2661431.408340126]]]}},{"type":"Feature","properties":{"flugjahr":"2012","gebiet":"Tirol"},"geometry":{"type":"Polygon","coordinates":[[[4430012.766537196,2676424.571256998],[4430276.671328828,2676268.1053768583],[4430210.926079297,2676203.808891069],[4430036.608727672,2676246.8457254814],[4430012.766537196,2676424.571256998]]]}},{"type":"Feature","properties":{"flugjahr":"2012","gebiet":"Tirol"},"geometry":{"type":"Polygon","coordinates":[[[4429081.731400324,2677588.660009978],[4429114.058589044,2677522.885944164],[4429078.85947705,2677560.6679113456],[4429081.731400324,2677588.660009978]]]}},{"type":"Feature","properties":{"flugjahr":"2012","gebiet":"Tirol"},"geometry":{"type":"Polygon","coordinates":[[[4428989.575136989,2678685.2675962504],[4428973.792497679,2678636.2241011797],[4428963.679186129,2678659.1516759656],[4428989.575136989,2678685.2675962504]]]}},{"type":"Feature","properties":{"flugjahr":"2012","gebiet":"Tirol"},"geometry":{"type":"Polygon","coordinates":[[[4433785.447116496,2664589.815067315],[4433839.629476489,2664344.320577441],[4433453.411642035,2664118.4437843086],[4433327.06069221,2664174.716299452],[4433785.447116496,2664589.815067315]]]}},{"type":"Feature","properties":{"flugjahr":"2012","gebiet":"Tirol"},"geometry":{"type":"Polygon","coordinates":[[[4433540.82420498,2665759.4828650877],[4433475.184144399,2665887.0198415956],[4433428.789820977,2665964.703380158],[4433512.538382141,2665895.569274643],[4433540.82420498,2665759.4828650877]]]}},{"type":"Feature","properties":{"flugjahr":"2012","gebiet":"Tirol"},"geometry":{"type":"Polygon","coordinates":[[[4433246.950731378,2666117.5951363104],[4433370.517833739,2666014.3476000656],[4433256.152472573,2666075.680825347],[4433246.950731378,2666117.5951363104]]]}},{"type":"Feature","properties":{"flugjahr":"2012","gebiet":"Tirol"},"geometry":{"type":"Polygon","coordinates":[[[4432196.26081987,2671907.004690593],[4432247.960017252,2671764.401979236],[4432186.640624318,2671824.023559437],[4432196.26081987,2671907.004690593]]]}},{"type":"Feature","properties":{"flugjahr":"2012","gebiet":"Tirol"},"geometry":{"type":"Polygon","coordinates":[[[4431929.611477836,2672651.9493385777],[4432096.897823676,2672185.237902415],[4431905.525915637,2672237.1712776995],[4431861.678658671,2672412.7885236954],[4431929.611477836,2672651.9493385777]]]}},{"type":"Feature","properties":{"flugjahr":"2012","gebiet":"Tirol"},"geometry":{"type":"Polygon","coordinates":[[[4436637.718578835,2673278.836846136],[4436341.878737954,2673229.9213845185],[4436404.617353162,2673309.101397256],[4436637.718578835,2673278.836846136]]]}},{"type":"Feature","properties":{"flugjahr":"2012","gebiet":"Tirol"},"geometry":{"type":"Polygon","coordinates":[[[4433758.884186864,2664706.5705215046],[4433774.2019855445,2664640.710251068],[4433753.0666199215,2664666.5741897393],[4433758.884186864,2664706.5705215046]]]}},{"type":"Feature","properties":{"flugjahr":"2012","gebiet":"Tirol"},"geometry":{"type":"Polygon","coordinates":[[[4433657.505866414,2665201.5945815193],[4433683.091264902,2665079.838034994],[4433619.062194416,2665076.4971747873],[4433610.795788876,2665132.4040053114],[4433657.505866414,2665201.5945815193]]]}},{"type":"Feature","properties":{"flugjahr":"2014","gebiet":"Nieder\u00f6sterreich"},"geometry":{"type":"Polygon","coordinates":[[[4769270.180968055,2830586.911974802],[4739381.2664090935,2828025.367561439],[4737288.876550208,2852931.515294129],[4767174.826416882,2855501.1029843753],[4769270.180968055,2830586.911974802]]]}},{"type":"Feature","properties":{"flugjahr":"2018","gebiet":"Nieder\u00f6sterreich"},"geometry":{"type":"Polygon","coordinates":[[[4805772.785888262,2873726.753334613],[4805917.059581592,2874002.147946455],[4806701.656445175,2874186.5977825583],[4806673.934397145,2875192.6477309274],[4806966.0670274645,2875367.751038002],[4810875.035115238,2875532.166168741],[4810988.291402517,2874497.2136123884],[4811338.411450758,2874045.021453992],[4812257.956784945,2873627.320744737],[4812335.86265968,2871444.184135251],[4812976.460203235,2870723.6674812525],[4814730.149074256,2871115.05942787],[4816316.986011358,2870992.982526829],[4816387.685349397,2870087.8562388113],[4817639.123817135,2870096.31549365],[4817750.07835553,2868951.3265442117],[4818251.921645026,2868543.0136588267],[4823551.405134106,2868876.782626241],[4824627.003906825,2869367.811988356],[4824878.797279869,2869944.018646634],[4827578.832538835,2869970.580157092],[4827930.368402854,2869327.9742759643],[4828825.592653528,2869121.6906576953],[4829483.914949603,2868493.764685506],[4830257.642858985,2868223.0589987417],[4830939.194883997,2862130.2689083465],[4831245.8725972865,2861507.4865942784],[4832336.3323983075,2861354.506256003],[4832452.03626494,2858824.8611426223],[4832740.076704191,2857208.356074685],[4832638.09645528,2855635.469549329],[4832889.382670351,2854702.2883356377],[4832844.746986183,2853996.7466301206],[4833027.604702965,2853118.90717017],[4833901.219661507,2852825.4781513796],[4834030.204636141,2852245.473563921],[4834495.358380539,2847107.539269108],[4833857.251063781,2846571.4481681916],[4833443.129839196,2845939.8273971775],[4832583.137386092,2845693.5547021804],[4832495.786218349,2843916.2051843507],[4831547.317840606,2843442.2413318576],[4831186.861606972,2841752.599999667],[4830313.009517675,2841207.1179923173],[4830061.72276213,2839791.975202122],[4829435.287894791,2839017.9035476507],[4828427.231932638,2838142.734143567],[4828395.568039559,2837591.6928619416],[4828536.56340146,2837268.7050038925],[4829055.100228878,2836746.380599397],[4829614.93754284,2831366.9207942896],[4828508.093446579,2831233.5084429774],[4828773.140707704,2828743.961332364],[4829068.787022904,2828038.180768488],[4831020.986908746,2828098.355684373],[4833842.439102659,2826309.6527131516],[4833796.2123396145,2825109.055190534],[4833194.74371937,2822796.037901358],[4834874.428536727,2821178.1328840796],[4836128.429835078,2820772.260705661],[4836703.58666296,2820441.145160139],[4838408.150336226,2819885.760078089],[4838444.623555694,2817924.5917309993],[4837469.611645734,2817491.6371609373],[4837636.066431014,2815728.3361223894],[4838562.494620566,2815495.905166466],[4838794.725624347,2813592.7729485696],[4839854.381910691,2812857.4303296716],[4839949.160574377,2811577.2912657093],[4839896.049001638,2811489.3873558883],[4818690.384558502,2809649.668866304],[4818595.899943419,2809698.344342403],[4816162.036038209,2838543.8306831713],[4808790.981992575,2837907.4908799957],[4808684.139592304,2837989.660622319],[4808783.495837286,2838006.4614796597],[4805772.785888262,2873726.753334613]]]}},{"type":"Feature","properties":{"flugjahr":"2015","gebiet":"Nieder\u00f6sterreich"},"geometry":{"type":"Polygon","coordinates":[[[4838779.454648817,2811384.7762449947],[4839540.950661446,2810222.8929754524],[4839780.033170407,2808848.2276366698],[4840730.302030305,2808038.349842373],[4843255.760643958,2806610.648065129],[4845740.618211206,2806404.938599321],[4846623.261853144,2804810.3279684205],[4846731.509115207,2804114.6217476],[4846110.2758151665,2803974.94677521],[4846167.299787205,2803793.979150696],[4846489.850179342,2803511.404279656],[4846196.174776829,2802875.5539698517],[4846363.3878985215,2802506.0829947055],[4844946.380207098,2801681.9397341614],[4844788.253549746,2801447.423838503],[4844746.512175366,2800573.7104590847],[4844613.805856682,2800112.11066263],[4844567.066911833,2799502.5500581176],[4841999.529208234,2800178.6954656383],[4842392.882548682,2800431.191176405],[4842920.801348524,2800592.8575427206],[4843832.734738809,2801122.920747168],[4843867.467952992,2801181.528306814],[4843517.3357889205,2801351.6604222227],[4843172.404988445,2801734.774784302],[4842589.237650742,2801498.694612517],[4842075.523346666,2800861.3286302174],[4841748.899074027,2801340.537985572],[4841467.383703929,2801970.2827766566],[4841182.930231955,2801940.8345982865],[4840543.526741588,2802200.7983810236],[4840584.442806974,2801668.611416018],[4840358.6826831745,2801353.077503238],[4840109.303162215,2801231.4170902735],[4839904.3499193685,2801459.8198138042],[4839863.420284926,2801416.820267791],[4839586.022109611,2800829.617368851],[4839450.3956209365,2800330.2399888453],[4839695.366169371,2800240.8670168025],[4840140.709403251,2800267.8535664706],[4840932.019043059,2799686.6607742556],[4842639.905360319,2798747.990770695],[4843257.627086654,2798220.204267017],[4842798.181659196,2797117.1338771945],[4842208.085303991,2796202.527478173],[4841989.295562786,2795671.5910884454],[4841463.512396452,2793016.269570943],[4840986.312725184,2792355.8450494646],[4840616.5206525875,2792452.633141514],[4840641.411299848,2792337.7317208345],[4840549.0857553175,2792321.886993029],[4840428.623584501,2792666.3453828674],[4840200.084328017,2792588.5934377424],[4840273.5755447345,2792679.679280586],[4840133.075276951,2792879.2679211935],[4840137.539535818,2793132.6276053],[4840300.858277241,2793689.303647009],[4840352.665206694,2793715.816195675],[4840362.805508846,2793589.772184107],[4840471.0585886,2793516.350342454],[4840546.1848386945,2793625.656057297],[4840289.449432293,2794049.516974705],[4840042.662727749,2794221.2496541655],[4839632.436313965,2794247.7281082403],[4839465.801085278,2794324.0138455858],[4839446.6927300235,2794415.385086723],[4838506.970886831,2794782.1648073476],[4838219.435826819,2794709.29444199],[4837567.052015809,2794834.0135525353],[4837354.857140016,2794782.845927065],[4837089.629456405,2794825.0245356504],[4836896.193978717,2794991.989301373],[4836261.379970844,2794988.2510795854],[4835886.041880036,2795586.8621937823],[4836181.809919365,2796363.4748642663],[4835888.720777303,2796800.0822819546],[4835019.827526704,2797077.771748599],[4834583.718536286,2797107.88472328],[4834500.326235055,2797149.471067012],[4834448.816801453,2797363.340421033],[4834322.406482388,2797403.272378924],[4834309.973914534,2797209.2954738988],[4834146.671968423,2797330.873883327],[4833835.783272031,2797391.354430672],[4833728.626537906,2797258.52634084],[4833737.184414835,2797048.7614740008],[4833622.09054291,2796814.2372056777],[4833568.336666512,2796889.423691359],[4833486.914684189,2796861.3106444287],[4833325.688712616,2796627.8446564246],[4833145.151419087,2796646.6978732543],[4833167.54769872,2796751.6082311147],[4833044.136410511,2796734.2997541176],[4833054.253429106,2796862.614664863],[4832860.496588313,2796841.3380391905],[4832656.109904838,2797022.743368471],[4832552.50071429,2796686.7790336236],[4832493.039420578,2796700.626607011],[4832522.092087352,2796859.964486503],[4832372.834436724,2796815.804777367],[4832399.380803416,2796560.195689186],[4832234.026352743,2796252.668112064],[4832069.661201416,2796228.560810254],[4832021.19045531,2795993.3520599897],[4831844.822422054,2796053.685200559],[4831874.513744336,2795945.5616885666],[4831739.479174349,2795929.871577269],[4831845.915814679,2795794.9841603865],[4831735.0023505455,2795810.361672689],[4831729.934470388,2795708.7037000842],[4831577.019113234,2795639.785669566],[4831571.617219892,2795461.2863943414],[4831690.726222006,2795457.263279569],[4831715.448863059,2795337.7997474913],[4831661.109220185,2795168.801484852],[4831463.648797146,2795142.568712358],[4831549.220645845,2794970.985070832],[4831441.295172468,2794951.9682889497],[4831348.880072829,2795112.6702799792],[4831209.3187239785,2795062.953706087],[4831089.239580875,2795191.4391180295],[4830872.9092545295,2795110.8105377476],[4830676.084235944,2794871.883255674],[4830839.347030257,2794841.126986979],[4830634.748378935,2794483.037073107],[4830734.047372616,2794392.7938701888],[4830585.89456965,2794312.2869235678],[4830780.102732017,2794245.808705228],[4830699.40194021,2794162.8521948103],[4830528.226045648,2794195.6577279237],[4830660.9364266265,2794088.02671669],[4830503.565391469,2794024.338519874],[4830616.799058297,2793938.9321630574],[4830502.149206725,2793719.7206714065],[4830425.743620551,2793689.621127676],[4830420.841822403,2793857.1632019063],[4830093.83045644,2793716.0904279537],[4830107.94385081,2793656.5748849357],[4829981.096096646,2793589.578194335],[4829948.451932357,2793380.171808704],[4829797.451074879,2793389.1957115987],[4829852.725212955,2793309.6113512986],[4829695.103087478,2793187.7203293303],[4829779.820600369,2793113.846943004],[4829659.93402976,2793042.600141666],[4829654.981435567,2792952.073101706],[4829738.774864673,2793031.431045521],[4829834.045337876,2792957.0341686537],[4829914.70730862,2793084.7424868136],[4829956.947098304,2792927.4518011804],[4830018.6147110555,2793040.713117858],[4830274.462025828,2792926.41219542],[4830219.787024186,2792615.531017552],[4830390.159987515,2792410.5787212583],[4829828.090743817,2791933.6442758692],[4829724.603827575,2791971.5497759613],[4829688.464164022,2791835.3830867126],[4829411.078508157,2791930.5419494677],[4829470.762642612,2791804.865157251],[4829201.888714382,2791824.11313027],[4829208.57712346,2791970.796032744],[4829147.963305316,2791896.6355768195],[4829034.554679281,2791977.565391635],[4829016.117607503,2791896.2492566537],[4828782.425400531,2791995.428383055],[4828581.508403949,2791711.4678281057],[4828279.834062509,2791852.466107502],[4828349.77112775,2791680.757006648],[4828199.531814567,2791774.144790057],[4827955.233848031,2791597.4350179955],[4827963.760897744,2791696.948552885],[4827807.0741425445,2791721.9051980344],[4827729.960643094,2791677.840486621],[4827757.326989662,2791531.0087977913],[4827589.193897847,2791707.016292593],[4827482.099060529,2791618.4681051373],[4827490.278282245,2791286.886129558],[4827251.799297937,2791006.166045129],[4826756.117428469,2790801.459032551],[4826681.410607611,2790700.9440164156],[4826535.156805773,2790881.1604522057],[4826338.524296987,2790941.0894360133],[4826297.421310764,2790768.144642208],[4825936.020556685,2790528.728347703],[4825758.670241204,2790547.820756884],[4825603.594038423,2790288.1818719446],[4825335.694324357,2790227.386374185],[4825119.038291538,2790040.0668252287],[4825143.107753621,2789978.0708009563],[4825007.02042125,2789976.678044116],[4824984.339225384,2789850.688213403],[4824854.014916309,2789981.6857131007],[4824866.806766451,2789849.53183097],[4824778.105506709,2789746.914267575],[4824680.903669391,2789810.3236882393],[4824674.464015282,2789734.287700359],[4824541.624707352,2789688.102229612],[4824389.636266713,2789780.580097381],[4824364.453000505,2789671.4581979257],[4824428.576119921,2789635.598963627],[4824343.685397159,2789508.618791708],[4824336.203192003,2789627.632491715],[4824174.665515929,2789544.764431757],[4824090.979345468,2789599.0109062344],[4824116.0063051535,2789726.984017846],[4823921.7702222355,2789704.5944183976],[4823933.576642839,2789603.0726189995],[4823839.333024029,2789614.171846156],[4823875.812803378,2789762.991812926],[4823717.626925958,2789796.307525665],[4823758.242830703,2789636.465861002],[4823633.810092023,2789736.3370392313],[4823474.77152829,2789564.3828716325],[4823266.626038331,2789648.3621949838],[4823111.40854248,2789648.753365634],[4823155.924901465,2789557.16371587],[4823300.748943377,2789598.706993052],[4823143.010729608,2789449.3569565197],[4823166.246676019,2789342.89222892],[4823283.810260164,2789299.25282457],[4823049.686882523,2789287.254616911],[4823110.590020853,2789234.3524671523],[4822979.157637437,2789126.376174796],[4822680.5511016315,2789284.8210638007],[4822318.872343066,2789018.393499621],[4822288.26982065,2789085.998957527],[4821630.062899146,2789267.877466101],[4821346.690894887,2789314.323781338],[4821355.784103039,2789202.533908111],[4821270.177247095,2789317.9345381083],[4821244.9455142915,2789248.370283795],[4821194.263143947,2789298.418713436],[4820992.175364077,2789239.594905122],[4820920.825460837,2789110.448467781],[4821027.581398927,2789076.279072753],[4820877.8416711185,2789074.5920032817],[4820762.390931073,2788929.8586582644],[4820650.469612448,2789181.0878811646],[4820550.151865305,2789207.392242295],[4820499.172662822,2789052.0327314986],[4820555.261970928,2789057.914350371],[4820552.106943632,2788971.2268507825],[4820461.072130404,2788946.1402930934],[4820483.633937019,2788358.4064222933],[4820685.336070803,2786473.286640244],[4820303.907618703,2786478.896933592],[4820276.224734252,2786275.99628109],[4820347.413797886,2785747.2264901837],[4820634.619078717,2785444.5041679353],[4820916.82954583,2784789.0881933067],[4820701.506150446,2784575.644147357],[4820729.996087986,2784073.1347534303],[4820430.9335550405,2783828.949477031],[4820011.192835624,2783737.914814653],[4819916.272065014,2783478.5776277743],[4819493.164250132,2783247.468506267],[4818846.865906149,2783252.0097704846],[4818530.467174365,2783094.554506149],[4818267.909962221,2782806.139958104],[4817822.792431989,2783245.863927891],[4817413.399621172,2782838.7905785255],[4817307.463709949,2782592.82311707],[4817418.09249603,2781875.3516698815],[4816878.409713652,2781668.0117740026],[4816523.908787876,2781430.1312435647],[4816045.673985028,2781355.616496552],[4815896.216839085,2780641.339656937],[4816139.227203733,2779765.6628576745],[4816124.056771478,2779550.4991296553],[4815594.325602123,2779164.2365659536],[4814660.165967008,2777796.860111366],[4814030.906931813,2776697.680612549],[4813264.794309066,2776180.6523042265],[4813069.728416939,2775535.8906859253],[4812696.325222308,2774745.5036528697],[4812500.739368113,2774525.626050819],[4812200.542132812,2774383.6453493047],[4812093.777074591,2774622.549247388],[4812131.978968294,2774960.7185016526],[4812033.804193889,2775177.755885524],[4811437.998741365,2775788.312786981],[4811095.845745785,2775798.788936243],[4810727.305138079,2776042.275117372],[4810394.511474923,2776846.731960968],[4810380.128525685,2777055.298919884],[4810263.4667711165,2777028.900724759],[4809869.264816725,2777325.2250924394],[4809836.467716577,2777458.147080623],[4809667.6221489785,2777565.15167531],[4809325.068694005,2778055.5752764903],[4808802.673431449,2778474.2093778816],[4808607.321352031,2778833.1257802104],[4807974.1076508,2779409.7114200946],[4807736.962044066,2780072.0530167213],[4807532.567557325,2780361.1362202875],[4807347.657366753,2780256.5111477864],[4807097.645840615,2780335.7261767406],[4807151.866239307,2780102.815928561],[4806968.544405882,2780099.8465324803],[4807045.3694683025,2780038.1367754214],[4806889.3477746425,2780029.591881598],[4806995.321682214,2779965.5438586855],[4806912.127546792,2779896.752139882],[4806808.621059637,2779980.8656714493],[4806599.863972762,2779928.642393304],[4806480.605099826,2779836.118722613],[4806582.042960999,2779713.712845536],[4806465.533734227,2779730.7833082387],[4806404.887342803,2779930.963602288],[4806375.912150047,2779840.926425864],[4806155.554698756,2779876.1676124027],[4806143.503115616,2780007.040765142],[4805960.286368021,2779942.0767907375],[4805571.7242893055,2779964.502350069],[4805377.271038549,2780104.037051726],[4805096.120992326,2779994.3740991387],[4805023.163091361,2779681.931292318],[4804646.846581407,2779418.034086549],[4804445.862957054,2779507.9877771405],[4803992.921078203,2779338.897700182],[4803770.829995329,2779578.4226342896],[4803642.7225604355,2779588.08164919],[4801731.344988322,2802547.946271986],[4802442.772779004,2803417.829422012],[4802482.074101648,2803714.58562998],[4803255.0753513565,2803609.958681711],[4803608.280213846,2804042.1787582575],[4804003.025390855,2803785.9387149652],[4805115.22406179,2804187.9107733564],[4805325.729980351,2804152.7302594855],[4806045.55926126,2803765.876491596],[4807429.139331565,2802652.460017873],[4809957.086216695,2801983.9944966515],[4809906.027386076,2803764.634718467],[4809567.079477109,2804160.888527862],[4809752.114425246,2804608.447928297],[4809640.679904786,2804902.979893917],[4809326.897693639,2805092.950072954],[4809097.763211088,2805064.75723573],[4808815.913069718,2804881.995444897],[4808645.514456803,2804662.06516216],[4808331.293646688,2805051.242669975],[4808220.968824795,2805079.8466276377],[4808051.834423138,2804990.083643311],[4808237.744593056,2804775.697137869],[4807965.876326165,2804823.1928808186],[4807732.340604598,2805048.261995497],[4807741.643345974,2805221.3206022605],[4807597.399070437,2805317.1659418372],[4807450.080143119,2805722.97102793],[4807433.517216768,2805798.657881567],[4807698.432000818,2805822.4425929533],[4807734.050845652,2805955.9675702937],[4807608.604314415,2806397.5801307065],[4807455.834051378,2806504.8519800124],[4807302.122012849,2806498.728463366],[4807226.0834300015,2806382.0876732916],[4806963.767919992,2806306.4850663776],[4807032.279756333,2806194.7420195485],[4807192.327378063,2806158.8963897545],[4807271.452197131,2805943.114999697],[4807015.544148824,2805987.084728321],[4806896.510363712,2805888.145908631],[4806672.694044535,2805947.9168760185],[4806641.687018239,2806073.334499943],[4806975.7114709625,2806009.308346499],[4806608.276544698,2806346.2012031274],[4806660.337874198,2806958.818516125],[4806933.02818843,2806792.1542272805],[4806965.955098,2806947.3438145677],[4806673.677961768,2807056.2626711344],[4806693.364773304,2807436.9913134095],[4806876.863646798,2807973.733101949],[4806537.943007465,2808703.4536598786],[4818582.494902031,2809740.0495761647],[4818690.384558502,2809649.668866304],[4838779.454648817,2811384.7762449947]]]}},{"type":"Feature","properties":{"flugjahr":"2006","gebiet":"Tirol"},"geometry":{"type":"Polygon","coordinates":[[[4346683.069920867,2689312.5512091676],[4346820.175700651,2689492.7690945994],[4346721.119750516,2689969.944027966],[4347624.018760665,2691853.3482620674],[4349770.655459231,2693940.45061458],[4349946.691876555,2695332.768392248],[4350359.42022027,2696023.152992378],[4350632.283188692,2696280.6710496945],[4351947.035758181,2696593.715902413],[4352517.5722052315,2697289.741025211],[4352972.345628749,2697307.7550673108],[4353025.509754987,2697367.2980904616],[4352998.955278772,2697979.169284656],[4353179.830705726,2698521.6304793386],[4353118.061676276,2698942.685447936],[4353208.837014167,2699165.28282635],[4353469.948473887,2699389.9760124343],[4353453.076207774,2699781.348800475],[4353644.010203548,2700248.1569114784],[4353929.951349558,2700512.803791704],[4354537.692145313,2700656.8645767835],[4354973.105300462,2701015.858899912],[4355015.966892897,2701384.5259086117],[4355205.615473014,2701870.6982290726],[4355937.583714204,2702346.0931484327],[4355933.42847242,2704200.4957979573],[4356174.383477282,2703850.9213530994],[4356198.767288716,2703504.6901591527],[4356359.164327877,2703286.6086471835],[4356331.767321444,2703082.734780811],[4356494.114922109,2702435.6457086974],[4355443.051271792,2701918.9381734096],[4355156.124819022,2701301.0441953624],[4355121.482245095,2700888.8017212665],[4354589.579318873,2700502.618151912],[4353968.384199148,2700349.938844039],[4353773.622853243,2700142.859795192],[4353601.654307392,2699703.8459742228],[4353672.251271624,2699341.386756355],[4353355.669210722,2699088.375301798],[4353268.161446802,2698862.8367595333],[4353391.838207664,2698534.690716537],[4353234.2535330225,2698274.167228249],[4353128.894030082,2697597.579157442],[4353333.020119537,2697102.4624304995],[4352598.799657713,2697148.3359528417],[4352451.8973574685,2697017.7103773323],[4352329.712914509,2696693.2239165176],[4352109.949696963,2696476.5515151373],[4351610.994164734,2696339.5855931723],[4351095.474904998,2696340.98874217],[4350791.59320182,2696203.027133021],[4350502.842376615,2695942.1452254485],[4350094.994338925,2695273.296336813],[4350101.535486289,2694976.085485101],[4349858.096055305,2694357.0334356474],[4349925.399030825,2693929.491468262],[4349589.788577954,2693581.818265111],[4349330.8507598415,2693496.5323559316],[4348851.553918394,2692738.942160184],[4348638.626227495,2692636.1002271464],[4348377.502880259,2692266.1601313273],[4347741.416263282,2691722.437323828],[4347663.760184941,2691218.780293496],[4346878.584897694,2689980.523485419],[4346831.438532871,2689614.628524687],[4346962.113460506,2689382.387517154],[4346683.069920867,2689312.5512091676]]]}},{"type":"Feature","properties":{"flugjahr":"2006","gebiet":"Tirol"},"geometry":{"type":"Polygon","coordinates":[[[4353903.5735515,2708206.675646351],[4353523.336802701,2708748.287303226],[4353064.439076249,2710190.464704864],[4353483.829327094,2711010.6371597233],[4353727.2157639265,2711312.610457501],[4353618.751768383,2712434.099972261],[4354575.053493187,2715351.562950079],[4354280.465995464,2716403.3239850486],[4354019.032941669,2716737.2564109582],[4353323.173105768,2717166.785662453],[4352851.225842864,2718099.886776676],[4352764.03007495,2718565.9816847714],[4353011.842876631,2718964.179301857],[4353775.88877537,2719494.8194440347],[4355226.1451377785,2719357.984098239],[4356361.655207919,2719845.232532386],[4357387.90801655,2719555.388659147],[4357607.106316385,2719425.737884091],[4357715.022946778,2719231.579521969],[4357708.781668149,2718962.48418392],[4357369.356407918,2718348.0978402365],[4356969.630618525,2718155.5111671695],[4357075.015807464,2717547.3976118574],[4357031.523466658,2717231.886927411],[4356551.2192230625,2716261.4540155646],[4356599.117075289,2716111.4574988326],[4358050.321709303,2714628.145521663],[4358561.2298757825,2714518.5376276774],[4359241.131669914,2714637.9295865726],[4359909.718516685,2714536.7709884257],[4362376.627399459,2714553.5296947095],[4363165.607074441,2714399.546885839],[4363839.693741904,2714132.6722803656],[4364336.641183658,2715154.778442957],[4364246.036583216,2716017.0092116343],[4364318.845184649,2716219.1973045957],[4365079.01348369,2716746.9585201093],[4365712.860655018,2717871.721300854],[4366075.328221379,2717985.038894702],[4366887.180537755,2717577.6719463854],[4367548.6719677895,2717678.47102015],[4367800.53121689,2717643.0831005047],[4368549.125505843,2716926.5427777036],[4368841.941963245,2716827.6280944725],[4371091.450526385,2716831.9754646053],[4371904.427444938,2716916.68648131],[4372406.639066738,2716641.9786237497],[4373119.220624742,2716865.803497696],[4373450.436525296,2716602.558402569],[4373740.853042337,2715236.183057525],[4374598.828804319,2715127.7916164985],[4375288.154796524,2714562.4343887633],[4376107.593053407,2714578.4922068706],[4376973.5069662025,2714744.870911369],[4377513.648855049,2714661.148164913],[4378043.267194403,2714439.163182606],[4378461.952396578,2714129.659701007],[4379020.731396794,2713116.854986036],[4380771.038299148,2712519.3223773073],[4380311.3144164905,2712164.8004353708],[4380010.258758208,2712161.4428747273],[4379688.799427976,2711894.556647504],[4379321.528090179,2711953.9347299235],[4378770.572405411,2712316.3725277465],[4378917.387309795,2712623.4391888813],[4378856.382184613,2713116.8056093967],[4378330.9588507265,2713963.6323869578],[4377676.391348567,2714313.127738346],[4377144.619329647,2714341.806714069],[4376859.152022985,2714461.99081135],[4375998.192249881,2714492.0990285156],[4375557.774686364,2714351.2224711254],[4375254.537792196,2714401.013900119],[4375090.722696413,2714603.9002389545],[4374521.457551519,2714988.8646695353],[4374103.749241907,2715046.5134895914],[4373731.504588739,2714992.1010875716],[4373579.143841059,2715068.729440417],[4373334.053732713,2715830.732479769],[4373445.081278697,2716027.544597361],[4373402.271559256,2716276.468648586],[4373286.958950952,2716539.5071438723],[4373133.326709945,2716656.104282645],[4372907.414945914,2716650.8362988927],[4372405.6569012385,2716428.979286353],[4372278.222284251,2716429.8661531718],[4372167.090775193,2716610.6498537394],[4371969.711234903,2716685.9852177906],[4368887.17960788,2716656.7549584247],[4368446.269929001,2716812.73346832],[4368218.665547843,2717154.4488545973],[4367727.399324922,2717500.639075311],[4367505.093137886,2717526.9006977193],[4366872.224705407,2717401.6233724104],[4366550.089821286,2717630.08167532],[4366040.1048682295,2717828.2225615485],[4365771.463887375,2717694.357960311],[4365556.726389207,2717143.003300729],[4365200.777091096,2716630.723501008],[4364711.896116039,2716355.783724818],[4364436.589516892,2716084.8220663616],[4364333.328067423,2715664.6172622466],[4364530.233628339,2715166.794531139],[4364001.311196534,2713824.844984439],[4363700.742539724,2713833.534620291],[4363568.754583063,2714044.7346145106],[4363145.034747842,2714202.614286019],[4361402.104362121,2714111.4493304044],[4360523.777278964,2713951.2766622286],[4357977.139700012,2714485.4182981127],[4356742.8454940235,2715640.6534645166],[4355808.792230413,2715835.1161898444],[4355643.17839288,2715961.3202592675],[4356399.507392954,2717009.0122325285],[4356886.830403317,2717351.262770597],[4356937.314444472,2717652.1856660806],[4356755.8096972555,2718253.6080410583],[4357300.393683351,2718493.6640521395],[4357572.596678803,2719027.251607815],[4357507.107367676,2719302.2181179915],[4357339.5480251815,2719397.810319088],[4356849.262662171,2719435.4945530533],[4356687.85369373,2719640.1977061266],[4356350.229167832,2719691.1787953405],[4355659.053750516,2719498.2577047395],[4355283.595977531,2719190.593702809],[4354848.939901237,2719339.2290026937],[4353860.181932392,2719348.4515814674],[4353497.938072462,2719164.816898474],[4353306.321475074,2718852.4213725226],[4353306.043685226,2718643.6118319584],[4353027.565351652,2718445.5185765047],[4353007.766886783,2718235.2326150625],[4353198.611881167,2717959.0105001284],[4353234.323535938,2717605.617729046],[4353387.575929958,2717224.985140904],[4353698.651083441,2716949.5956357485],[4354282.651064345,2716885.216743861],[4354623.653476778,2715756.8330320097],[4354795.889172423,2715540.097289058],[4353768.22640892,2712367.2336992924],[4354009.563727633,2711743.9239455387],[4353928.965436349,2711344.2478860747],[4353662.906111493,2710996.873295948],[4353529.853580083,2710575.101691784],[4353218.395527746,2710149.2369785514],[4353703.369606861,2708612.436760464],[4353913.013349137,2708351.393157709],[4353903.5735515,2708206.675646351]]]}},{"type":"Feature","properties":{"flugjahr":"2007","gebiet":"Salzburg"},"geometry":{"type":"Polygon","coordinates":[[[4550866.465106034,2686927.424430913],[4551299.919108957,2676946.1417743084],[4548801.968895217,2676831.638070319],[4549019.096939036,2671839.8864917606],[4544020.650383905,2671616.071906028],[4543803.604136354,2676607.7791717113],[4541304.413073095,2676495.9384241216],[4540870.059063212,2686479.5289077545],[4550866.465106034,2686927.424430913]]]}},{"type":"Feature","properties":{"flugjahr":"2007","gebiet":"Salzburg"},"geometry":{"type":"Polygon","coordinates":[[[4525875.305991201,2685809.427469069],[4533372.699090161,2686144.2166923177],[4533481.270280245,2683648.327919183],[4528482.970973836,2683425.102656984],[4528591.472913487,2680929.257864545],[4526092.298708225,2680817.7461290397],[4525875.305991201,2685809.427469069]]]}},{"type":"Feature","properties":{"flugjahr":"2006","gebiet":"Nieder\u00f6sterreich"},"geometry":{"type":"Polygon","coordinates":[[[4695887.511660104,2763092.379003487],[4698378.842860682,2763304.564988563],[4697631.792647859,2772270.1354735615],[4703859.934105709,2772801.060264432],[4704192.121883178,2768816.238507999],[4707929.042225202,2769134.8843444656],[4708261.135631897,2765150.033671636],[4711998.092416968,2765468.73449154],[4712329.845316202,2761483.4397043195],[4696136.175281366,2760103.5304123918],[4695887.511660104,2763092.379003487]]]}},{"type":"Feature","properties":{"flugjahr":"2008","gebiet":"Nieder\u00f6sterreich"},"geometry":{"type":"Polygon","coordinates":[[[4738736.888107417,2775780.067396925],[4697631.792647859,2772270.1354735615],[4698378.842860682,2763304.564988563],[4677768.540759472,2761550.3801935585],[4677716.362495968,2762732.678836355],[4678965.144446183,2762790.1610997757],[4678876.815814974,2764787.456573745],[4677628.040462075,2764729.9760821927],[4677539.703629835,2766727.2833155473],[4676290.927022841,2766669.8167007864],[4676256.818261732,2767440.9968151306],[4684178.805628979,2768114.8548651985],[4683348.597560144,2778076.1320337323],[4738154.48164282,2782754.506179573],[4738736.888107417,2775780.067396925]]]}},{"type":"Feature","properties":{"flugjahr":"2018","gebiet":"Tirol"},"geometry":{"type":"Polygon","coordinates":[[[4434895.506727303,2655566.771793838],[4434318.969905677,2655517.046594155],[4433925.983609829,2655338.4614875214],[4433423.832772134,2654180.561872521],[4433063.50957527,2653917.3713495648],[4432650.666320345,2653766.326018707],[4431921.8682991415,2653206.6396777844],[4431287.334564865,2652011.2209612317],[4431111.368946497,2651809.47867903],[4428265.520745149,2650491.084104124],[4427854.336825803,2650490.896407008],[4425913.601008629,2651164.3513732357],[4425689.728720943,2651374.7076476435],[4425151.261140617,2652340.7046092963],[4424640.042909653,2652787.179523232],[4424240.17545271,2652943.8637649803],[4421933.417822509,2652858.8237621747],[4419548.774863497,2652574.2207557657],[4419384.936247906,2652595.1640866916],[4419216.436878931,2652737.8936386183],[4418874.034483702,2652331.9152157046],[4417322.19489531,2651629.080726324],[4417256.332554001,2651526.6029155296],[4415835.276984758,2650830.8528381013],[4413961.930385132,2650690.042064974],[4413677.878770741,2650306.096284137],[4413068.685944298,2649946.511078135],[4412810.725243836,2649947.341174216],[4412253.954979845,2650165.831920182],[4411615.247030836,2650115.110259324],[4411110.424952201,2649824.303844492],[4410814.441645148,2649457.407818458],[4410741.540393634,2649710.8213397227],[4410774.741729679,2650107.3561878223],[4410880.837052535,2650308.6190892425],[4410466.107640581,2651307.942587534],[4410548.266959948,2651969.654271369],[4410277.227293815,2652075.6126084705],[4410079.633882307,2652291.9738093805],[4409618.874605284,2653635.005795001],[4409541.694793065,2654292.298827815],[4409694.075232734,2655060.7581730867],[4413372.11737009,2657384.8766636928],[4413655.708777296,2657682.097121854],[4414175.452755281,2657518.7329128482],[4414894.464731329,2657822.7677984103],[4416515.249015405,2660086.6791831907],[4416730.227621854,2660744.0498500615],[4417923.600873028,2661741.617051327],[4418227.21502006,2662188.463666473],[4418331.977242125,2662524.975682281],[4418950.10805021,2662982.3976217434],[4419226.523004972,2663874.3466935363],[4419476.479338265,2664274.38591683],[4419645.229569365,2664381.821229269],[4420221.067483579,2664492.7630783315],[4420720.851122066,2664891.02518459],[4420877.7316349065,2665236.1763504334],[4421162.7648932375,2665450.3461071393],[4421510.681442316,2665424.2693360746],[4422096.822230943,2665149.734256342],[4423049.165046025,2665272.3963676565],[4423308.507221333,2665455.271324314],[4423441.009102667,2665775.537400772],[4423545.4858362805,2666559.9289262434],[4424025.794779361,2667187.6521454426],[4424496.556385214,2667521.137331277],[4424713.521036183,2668205.6357316617],[4424815.396777245,2669086.806995358],[4424989.456695116,2669659.843412255],[4425129.5218686005,2669658.033192807],[4425175.251483359,2669998.3332229545],[4425298.753358095,2670011.680827354],[4425788.181620032,2669987.0471402714],[4426379.130609486,2669638.091305821],[4426820.335611715,2669477.9370193826],[4426864.680973074,2668857.2837068154],[4427195.781829955,2668226.9531641025],[4427402.0577306375,2668018.3963851007],[4428022.5006479,2667723.1540720034],[4428131.670550777,2667589.75820553],[4428391.880312789,2667061.7150958143],[4428522.07971903,2666429.735411308],[4428390.347257223,2666283.682973452],[4428018.78969524,2666194.6189401858],[4428252.0339659145,2665769.7771875244],[4428629.127997828,2664721.9640919883],[4428235.41000394,2664556.4863344124],[4427500.984669054,2664054.2115098853],[4425971.101323667,2661953.7720003463],[4424164.375266615,2660859.0483121914],[4423337.960999822,2660251.935980241],[4422123.842447973,2658640.8212999655],[4421945.639962816,2658126.400643859],[4421957.9352144515,2657933.9759575166],[4422038.055282535,2657846.9545568153],[4422308.374285232,2657794.4569342975],[4422631.151386351,2657934.199397814],[4422873.69916548,2658468.905523924],[4423671.345710937,2659447.1780038318],[4424431.097459671,2660014.050670583],[4425100.994651819,2660230.772581295],[4425292.396761366,2660366.2045176323],[4426639.288173735,2661444.7817118233],[4427720.908859403,2662550.9410527665],[4428660.389230931,2663289.837767748],[4430535.895941969,2664332.3387975516],[4431729.283028147,2664496.8667281163],[4432397.859782369,2664094.1713937316],[4432616.088322124,2663437.7421205994],[4432675.89346212,2659925.131863949],[4432041.245115816,2659135.6482933904],[4429993.995441326,2657950.1065031374],[4429724.878092446,2657567.082509706],[4429196.996643517,2657266.693539121],[4428322.879317646,2656956.439715599],[4427647.572203558,2656263.8123147893],[4427244.368840551,2656023.1554958685],[4427256.296068784,2655900.5954300747],[4427506.773404381,2655718.3353103194],[4427826.050839812,2655615.849073519],[4428795.239034685,2656394.7971320827],[4429574.9897145955,2656542.10351066],[4429798.693681898,2656657.1177690206],[4430082.209980009,2656998.4196937885],[4430383.603312858,2657202.2026359113],[4431464.19616349,2657664.0580859617],[4432174.140894853,2657800.7808086076],[4433038.174891084,2658310.3375066756],[4433792.115310475,2658643.551896059],[4434592.897570432,2658059.265659868],[4435001.285546368,2657904.0592294317],[4435095.1035758685,2657794.6177541036],[4435580.990971119,2656509.6472320957],[4435595.7819789015,2656222.836710863],[4435387.017284124,2655734.849932091],[4435146.261852693,2655729.0582657107],[4434958.878264865,2655868.542091131],[4434895.506727303,2655566.771793838]]]}},{"type":"Feature","properties":{"flugjahr":"2009","gebiet":"Steiermark"},"geometry":{"type":"Polygon","coordinates":[[[4783348.338662108,2638637.0745535335],[4783622.93511063,2638097.920426147],[4783695.452939607,2636436.3501360007],[4783600.964074468,2634884.870288657],[4783560.0688804025,2634470.4120339933],[4782975.362614577,2634354.714233036],[4781953.048048693,2634469.0703176092],[4780478.074139481,2635239.941093917],[4779156.876745969,2636345.025186537],[4775191.2799031045,2637041.4770366736],[4773501.583216391,2637920.4025103394],[4772396.731207031,2637898.375231719],[4770520.317274211,2638033.1938131656],[4769360.8899228275,2638762.9356716992],[4768535.91903207,2639466.1700636726],[4767774.532783709,2639814.0510928994],[4767066.933232125,2639962.2605017587],[4766297.642136166,2639940.4524656436],[4765045.7131346315,2639639.955078595],[4764505.039101629,2639153.382117705],[4764004.368616714,2638484.5148026524],[4762158.198042543,2637294.6577446368],[4759244.810670748,2636872.921460118],[4758073.213491103,2636888.514530385],[4756813.5904981205,2637016.1258293926],[4754380.401207806,2637548.6125240126],[4752766.052683437,2637426.587094356],[4752012.886150202,2637493.695719645],[4750987.694939901,2637895.4691269817],[4752073.324684969,2639965.5892910627],[4752291.984240425,2639958.7304742076],[4753216.838180493,2639423.195917409],[4753790.780448581,2639216.659171708],[4755586.728718825,2639124.9553404097],[4756397.5412566895,2638861.3785221693],[4757991.2408673465,2639203.689688476],[4759771.715248027,2639305.4940708973],[4760763.880949778,2639063.388027108],[4762314.465917616,2638901.3149347873],[4762607.856788988,2639018.055214645],[4763126.990632419,2639080.2434946764],[4763856.790661331,2639708.7272678],[4764044.197592908,2640624.251044726],[4764262.850407912,2640915.6779537946],[4766363.666027375,2641387.816507673],[4767601.95273425,2641862.859628995],[4770789.303396415,2642201.5292282514],[4772181.537092933,2642201.359617049],[4772712.743413746,2642468.3452656004],[4773153.260439875,2642403.804264248],[4773997.601627656,2642082.840237037],[4775248.3714634655,2641766.82241165],[4777000.710456436,2641111.878218877],[4779352.870629014,2639542.0746450275],[4780392.980968276,2639187.243168136],[4782753.041781915,2638686.848828364],[4783348.338662108,2638637.0745535335]]]}},{"type":"Feature","properties":{"flugjahr":"2016","gebiet":"Salzburg"},"geometry":{"type":"Polygon","coordinates":[[[4568972.634678625,2750679.3359822994],[4569051.982542899,2750274.59531992],[4555634.9200442275,2749669.809972469],[4556181.860411568,2737187.6502352664],[4558680.388963717,2737300.1088504964],[4558899.012058472,2732307.7176803374],[4552680.91818335,2732028.348319249],[4552726.421622343,2731908.9739992567],[4552638.768145606,2732137.7348285476],[4552275.533571378,2732382.4664819716],[4551987.0438326085,2733341.0511633735],[4552129.034865,2735161.0120307375],[4551813.02712424,2735525.980935449],[4551380.897445609,2735577.5327930753],[4551019.275176254,2735955.2865017536],[4550703.177230067,2736148.821737337],[4550256.006946458,2736914.1239481536],[4549585.0069845775,2737501.4648225363],[4549695.708601548,2737719.796918081],[4549651.652200578,2737792.4081149027],[4549155.863421097,2737797.1337042223],[4549133.217260727,2737987.4433581363],[4548595.358301918,2738192.824963612],[4548303.194742082,2738069.924076887],[4548068.676717423,2738198.8639434725],[4547842.076786742,2738561.8834643466],[4547387.143472675,2738821.6033387478],[4546926.062122219,2738750.15617614],[4546854.791445322,2738293.755844017],[4546687.074001711,2738148.9410877214],[4546494.225519778,2737789.698300367],[4545905.741374617,2737684.2323700264],[4545715.736447647,2737475.5479191886],[4545731.706313892,2737237.1186280698],[4545295.11229514,2737026.6384006236],[4544118.179030297,2736953.445536277],[4543616.808347577,2737022.0515958597],[4543405.744702248,2737151.656199589],[4543184.278993389,2737130.1173671554],[4543024.262041788,2736984.4097303026],[4542770.119046775,2736973.0036648526],[4542428.330563115,2737297.0073307147],[4542141.911362615,2737400.706818559],[4541670.508198133,2737358.3637430454],[4541213.811755158,2737094.228480395],[4540409.815118888,2737164.3168532797],[4540254.38230654,2737565.429323865],[4539949.927822717,2737682.8034536885],[4539768.323325859,2737859.165239185],[4539537.087300351,2737884.560745221],[4539334.148626546,2738300.0071737776],[4538886.562559603,2738637.7883894835],[4538791.949777032,2738901.043068169],[4538814.8753189705,2739227.1960627604],[4539293.6171185905,2739779.4764801953],[4539349.088574925,2740298.604142967],[4539541.2299916865,2740531.196883945],[4539536.962621431,2740628.730268209],[4539682.434876065,2740716.444760724],[4539716.585294543,2740943.648761964],[4539969.363934484,2741075.5295925257],[4540006.121519502,2741197.4082010076],[4540715.054230432,2741314.821369614],[4541063.780235103,2741721.890985061],[4541090.148959728,2742329.7684984975],[4540983.679584887,2742415.0259147845],[4540953.90689645,2742682.360979636],[4541114.053044035,2742883.664368026],[4541440.2267511375,2743014.588399283],[4541643.639940051,2743371.905034475],[4541448.560501915,2743918.875473708],[4540777.415046435,2743837.105195004],[4540587.097675772,2743743.3782518874],[4540333.389346791,2743840.0008465187],[4540342.880683025,2743926.706151977],[4540663.499385142,2744612.7787322523],[4541227.22751308,2745011.695055578],[4541100.593963035,2745470.5179221965],[4541198.757725245,2745730.2687502117],[4541531.6276290305,2745936.3063855283],[4541822.137651427,2745975.6571372645],[4542103.026384994,2746498.0252721054],[4542984.720829694,2747461.7042161548],[4543890.582933935,2749290.716396167],[4544370.081285867,2750638.8439640505],[4545690.584195124,2752226.531016563],[4545750.075927636,2752688.4195870557],[4545479.632953908,2753555.0398172047],[4544449.508816854,2755028.6503589605],[4543898.941341423,2755980.8375334702],[4542509.22726799,2758881.697352591],[4541401.946820103,2760327.402312067],[4541079.3528047,2760888.554966795],[4540657.882217841,2761891.5478564026],[4540427.716120314,2762872.1052332036],[4540149.845353741,2762675.500318864],[4539667.958053017,2762556.5266360883],[4539346.79938557,2762598.4131835345],[4539147.324172252,2762736.697821134],[4538984.365947563,2763082.1465257057],[4539061.705662802,2764055.2419781443],[4538951.136384771,2764275.6889314293],[4538304.584140265,2764573.415688651],[4536405.1627518935,2764708.8007932147],[4535986.049891375,2764885.718542401],[4535542.7564584715,2765225.665535008],[4535316.258317587,2765507.2897004634],[4535098.019138661,2766007.4912651614],[4534630.272408838,2767997.060801018],[4534318.501439248,2768866.714212483],[4535749.902197146,2768961.218972046],[4536157.653091035,2768812.207944433],[4536127.725144355,2768659.1082847025],[4536237.042348835,2768646.6860156893],[4536246.711741622,2768573.0472031897],[4536384.551621801,2768579.570511644],[4536744.434597614,2768375.863008851],[4536911.66269292,2768385.136017872],[4536905.928549178,2768801.1308819],[4537023.954493545,2768814.3031447027],[4537028.544580641,2769201.8119472056],[4537242.258645155,2769468.538760775],[4537263.463777165,2769719.3738552537],[4537199.08804488,2769761.2294424972],[4537268.784070128,2769820.2947740015],[4537257.770871673,2769969.1418047105],[4537592.021804727,2770131.4552394236],[4537745.601888098,2770487.2330075214],[4537781.775177475,2771024.266191433],[4538062.7715437645,2771323.1338861366],[4538145.592694743,2771882.2657639217],[4538289.073729914,2771991.2088373443],[4538743.257185834,2771980.2765394514],[4538952.385468081,2772076.7118238593],[4539886.148425255,2773367.363739585],[4540312.014443643,2773594.2654270567],[4540962.931934762,2773642.8169534476],[4541081.374422605,2773346.976235024],[4541253.259043624,2773490.6275436836],[4541521.486773818,2773261.9183527236],[4541911.928196826,2773219.8657528823],[4542705.546720742,2772261.3067260324],[4543138.450956944,2772249.684075583],[4543872.775915602,2772800.184209527],[4544290.154732779,2772806.9992756424],[4544453.346882634,2772922.201786407],[4545142.653511144,2773034.9845958655],[4545520.935571606,2773429.660306349],[4545483.40614074,2773666.380726874],[4545873.296535054,2773859.1213520253],[4546138.455814404,2773793.4982735123],[4546351.818658265,2773389.93520202],[4546481.825439185,2773444.7442861227],[4546946.532942144,2773404.2383679305],[4547080.499279002,2773637.897156887],[4547342.15931889,2773798.6339044007],[4547511.569629672,2774138.2309241476],[4547616.8002435975,2774080.1705073775],[4547876.960540295,2774429.0742559265],[4548255.24362837,2774290.4447129546],[4548230.831152212,2774068.7858586484],[4548391.343670419,2773708.576178488],[4548260.795332531,2773415.6570830955],[4548168.058815575,2773424.5232517584],[4548091.394299061,2772975.190776656],[4548323.579923026,2772883.4591339417],[4548480.103521924,2772928.9511856763],[4548779.921859149,2773194.7195005347],[4549178.542874823,2773167.7888238416],[4548995.076452429,2772936.553079921],[4548968.8790197885,2772726.674811765],[4549151.197735179,2772496.191693407],[4549134.53756637,2772378.626936374],[4549531.86763783,2772123.391443772],[4549553.3745502895,2772004.7409466077],[4549376.450469122,2771988.778880481],[4549430.881151509,2771901.774857438],[4549200.560398632,2771612.8565006508],[4549169.544844657,2771355.3051217766],[4549304.33196445,2771348.389500566],[4549569.835695043,2771512.7384857317],[4549582.164756023,2771654.4258610196],[4550144.198920349,2771542.702136678],[4550298.160612719,2771677.482659294],[4550666.56047919,2771169.2020208584],[4550541.186382813,2771107.3983004536],[4550603.565058325,2770945.949536651],[4550370.436921117,2770687.7646938204],[4550496.1095857555,2770409.3609497654],[4550750.919310498,2770500.352771158],[4550974.086302793,2770254.936815288],[4551177.073988357,2770240.9436779246],[4551277.516122475,2770349.9792415705],[4551146.489131262,2770499.928541524],[4551228.480164614,2770559.7120397226],[4551437.263384202,2770242.490479969],[4551600.726243665,2770373.7613497823],[4551735.472820122,2770051.829792588],[4551619.409127105,2769889.6930626864],[4551876.648239597,2769727.9517799183],[4551958.067031509,2769529.9439247544],[4552273.091025672,2769754.5632403065],[4552541.173626414,2769792.1468115607],[4552847.321292673,2769630.124916541],[4552848.285412996,2769538.2135103485],[4553101.189335136,2769624.671269449],[4553417.283183035,2769371.0512270387],[4553695.274048421,2769530.8426309153],[4553794.3904426545,2769467.263066895],[4553974.727222057,2769573.3571787514],[4554051.958051779,2769500.3072338942],[4554210.540774761,2769663.3992303563],[4554035.1717206305,2768875.283234072],[4554160.906120747,2768919.0183595745],[4554688.131849877,2768809.6217239387],[4554777.493137375,2768823.875623229],[4554796.426332992,2768982.1771519445],[4555470.744097869,2769259.626727184],[4555509.744749548,2769375.492412854],[4555822.166968066,2769566.9586452],[4555935.7135259155,2769622.511558099],[4556140.391264104,2769567.783303313],[4556237.53950647,2769329.406037698],[4555896.770599629,2769013.2285380624],[4555837.388115533,2768653.9200869366],[4555453.389367773,2768470.6058868817],[4555562.650966562,2768091.4300465854],[4555489.231089948,2768027.2084866716],[4555606.228651149,2767705.612429349],[4555756.809335561,2767728.517999726],[4555820.619250911,2767531.5344208935],[4555969.95804613,2767599.3527429258],[4555791.504000032,2767481.973548708],[4555861.669539225,2767308.683725857],[4556062.921180731,2767195.7184821805],[4555982.874556637,2766842.002494718],[4556066.401111466,2766815.2576095616],[4556427.2834916115,2766945.1994548077],[4556584.97511815,2767157.9392044568],[4556922.250144176,2767362.447653471],[4557427.536482142,2767547.75283575],[4557521.157287441,2767350.152176121],[4557779.003953521,2767288.79704205],[4558253.963796075,2767313.087356203],[4558365.682856897,2767395.944621421],[4558754.282810816,2767278.357396327],[4559338.342798524,2767428.223964351],[4559862.577740483,2767460.953095995],[4559818.631124471,2767639.146726296],[4560151.785623805,2767881.2538258648],[4560382.051616324,2767922.072511588],[4560482.053676416,2768051.1498124236],[4560692.561861622,2768024.987987038],[4560809.756627226,2768102.9355606525],[4560866.105081278,2768176.408861295],[4560805.330220726,2768199.502406942],[4560795.29872885,2768407.583816919],[4561117.095330677,2768308.549577969],[4561180.374186312,2768402.070337662],[4561597.981471671,2768538.4510704326],[4561719.441475678,2768703.617887725],[4561765.883108473,2769080.6772007686],[4562084.127662346,2769011.0788375037],[4562399.445888212,2769075.650337186],[4562479.691550808,2769271.239046009],[4562627.238726422,2769208.422861467],[4563062.157655494,2769576.19367301],[4563449.252729513,2769341.907309932],[4563478.62259189,2769487.9117967817],[4563567.267306689,2769471.4045281885],[4563675.691533239,2769670.87773011],[4563880.177676285,2769666.678190889],[4564122.69896356,2769545.4390278067],[4564332.045655649,2769725.97686277],[4564752.374153915,2769839.301649047],[4564896.95142466,2769950.1586705227],[4564864.545770545,2770101.610668923],[4565062.113488466,2770092.6380582023],[4565376.804737452,2770313.5700023044],[4565479.9592551645,2770320.5710379533],[4565677.558019091,2770171.946110745],[4565996.435250411,2770261.7718560346],[4565971.215827488,2770486.0495123346],[4565819.3974212315,2770688.230183358],[4565976.9150008,2770914.2086977535],[4565861.021378338,2771150.6416700515],[4565946.421088162,2771172.658640137],[4566027.780644052,2771363.8995642615],[4566385.795544538,2771689.2088749046],[4566549.789908736,2771695.7276604497],[4566637.072011527,2771565.273305781],[4566792.874898331,2771606.7531113643],[4566916.0339298155,2771453.560263586],[4566886.018494226,2771785.498200369],[4567287.323283853,2771806.809257053],[4567569.742037504,2771600.333891569],[4567548.071107762,2771455.117059802],[4567478.564887094,2771442.2017083974],[4567607.924857872,2771072.7685922254],[4567163.92415969,2770930.9804309485],[4567310.179677853,2770778.570431007],[4567299.426365716,2770530.240299908],[4567417.707056976,2770158.856190393],[4567840.32644105,2770174.775988918],[4567869.759231952,2770084.3074428295],[4567959.125657728,2770114.9107076195],[4567989.705541643,2769904.999854567],[4568909.087486849,2769883.197051743],[4568964.4423422385,2769654.0124760102],[4569132.998815285,2769880.3419845407],[4569270.376870592,2769840.5030685645],[4569600.179640276,2769577.4954457963],[4569646.599664962,2769358.053821867],[4570014.047656532,2769370.4016958335],[4570289.499729668,2769039.4266679334],[4570557.655360264,2768939.6773894094],[4570808.53954729,2768971.285990329],[4571396.70094932,2768423.083045643],[4571782.287035628,2768377.7419721726],[4571962.8351586955,2768430.514682303],[4572456.173895525,2768268.553238583],[4572695.5885137515,2768359.9235612955],[4572839.451079175,2767884.237588357],[4572649.414889273,2767710.5049309395],[4572940.806645665,2767100.848541043],[4572361.723670674,2766489.6329350714],[4572511.8365083225,2766212.646435023],[4572268.77457818,2766160.566365833],[4572058.349349863,2765931.053978302],[4572064.123252971,2765684.1292879386],[4572135.608759948,2765626.075097481],[4572108.2857869845,2765354.253523878],[4572255.880726643,2764921.346395958],[4572174.356536605,2764748.664092882],[4572279.816121742,2764657.2243049867],[4571975.2601970555,2764496.1314274264],[4571949.603006601,2764159.026912017],[4571676.083100021,2764332.260534466],[4571287.926570606,2764347.96330651],[4571001.918804516,2764661.3872202747],[4570759.45598442,2764509.301524437],[4570582.037935173,2764515.6853991374],[4570384.963484027,2764979.6085699406],[4570591.408949988,2765443.1694286214],[4570517.394131412,2765528.489894254],[4570284.931820984,2765688.0356751624],[4570040.23543931,2765671.634940957],[4569774.695219323,2765872.3520450643],[4568480.926244812,2766023.441117442],[4568039.273116388,2766681.679371907],[4567533.128365259,2766595.112850179],[4567249.172207111,2766432.8628771547],[4567102.241735768,2766226.2692861063],[4566833.619339544,2766262.7340017403],[4566606.128523983,2766126.7296884777],[4566461.64017292,2765824.952690123],[4566048.530963239,2765563.5654921615],[4566185.75197996,2765479.8551575076],[4566177.58882705,2765344.339335839],[4565910.681574529,2765010.860414276],[4565949.486364883,2764431.7854701756],[4566129.695461652,2764325.191186401],[4566166.801452934,2764209.7085949956],[4566153.355337462,2763943.455234767],[4566265.956288303,2763622.956825657],[4566178.413038358,2763579.9715630286],[4566541.395218502,2762740.0792763066],[4566537.096341728,2762593.5345267104],[4566286.962177474,2762384.438151299],[4566394.541155582,2762031.6759340954],[4566008.662957751,2761764.922881566],[4566399.782680663,2761083.117895481],[4566331.274081421,2760868.0491039017],[4566384.284630269,2760598.4446234307],[4566205.561191961,2760253.052236216],[4566351.620128989,2760005.533281692],[4566291.202594629,2759555.861152475],[4566388.57003537,2759174.5729232323],[4566349.323537028,2758959.679756065],[4566207.04673456,2758815.837443005],[4565926.545722644,2758820.498798354],[4565591.741770395,2758502.4916956066],[4565721.4928068435,2757942.453932663],[4566115.29267187,2757619.6746940953],[4566093.181507922,2756924.2098179488],[4566335.142099183,2756848.1378558883],[4566476.074167207,2756641.8334483127],[4566795.058054787,2756490.587248184],[4566779.915429093,2756330.3154174634],[4567084.574137619,2756092.3080108664],[4567112.0149959475,2755866.0235157586],[4567452.157642693,2755514.22608323],[4567394.920923155,2755300.594681441],[4567665.000180022,2754754.785682332],[4567648.816378954,2754649.8815706633],[4567396.508839875,2754689.2135313763],[4567056.853352659,2754577.323460157],[4567120.984818116,2754304.210679935],[4567382.025927809,2754166.665079746],[4567403.479862074,2753802.9111903314],[4567056.093487588,2753532.2385581657],[4566887.472110573,2753515.9721538075],[4566863.029244088,2753372.467080495],[4566880.348363598,2753077.178041607],[4567175.096062836,2753120.3512361133],[4567230.0102213295,2752387.916704622],[4567108.998956093,2752315.3873849716],[4567103.650076269,2751760.4131334154],[4567346.144800931,2751612.508313902],[4567378.826305701,2751122.008621371],[4567688.183662643,2751177.322688981],[4567917.594640687,2751122.668617161],[4568436.996474407,2750965.436939125],[4568554.6054770425,2750792.393110156],[4568841.3251974,2750879.3267809525],[4568972.634678625,2750679.3359822994]]]}},{"type":"Feature","properties":{"flugjahr":"2009","gebiet":"Salzburg"},"geometry":{"type":"Polygon","coordinates":[[[4531910.583926089,2719693.324034626],[4532155.575454407,2719368.2863645395],[4532526.515136439,2719078.407875921],[4533059.549064433,2718933.7416326813],[4533205.785290457,2718821.024214278],[4533566.377727006,2718904.187350801],[4533958.10595575,2718785.18422972],[4534484.943742398,2718837.554194629],[4535109.71698418,2719065.5665782555],[4535422.631166334,2719009.526477662],[4535593.1503201965,2718893.11706237],[4535642.702243082,2718757.3438131697],[4534457.517725989,2718704.264189252],[4534566.48293516,2716208.1341224383],[4532067.591944585,2716096.2722258056],[4531910.583926089,2719693.324034626]]]}},{"type":"Feature","properties":{"flugjahr":"2009","gebiet":"Salzburg"},"geometry":{"type":"Polygon","coordinates":[[[4569768.690152807,2712787.430794757],[4564770.938822088,2712562.7291450477],[4564661.809348244,2715058.8079109252],[4562163.122890418,2714946.306900884],[4561944.823967375,2719938.4682397232],[4566942.317657203,2720163.569016068],[4567051.526324036,2717667.3031709143],[4574547.867248964,2718005.3408109266],[4574657.104677908,2715509.0676203463],[4569659.517469698,2715283.6708211866],[4569768.690152807,2712787.430794757]]]}},{"type":"Feature","properties":{"flugjahr":"2008","gebiet":"Nieder\u00f6sterreich"},"geometry":{"type":"Polygon","coordinates":[[[4703859.934105709,2772801.060264432],[4738736.888107417,2775780.067396925],[4738570.529181383,2777772.754295538],[4763481.319458926,2779906.7910883073],[4765559.737873821,2754996.3365014233],[4750612.34153756,2753716.5126815904],[4749698.789732028,2764676.192082551],[4712329.845316202,2761483.4397043195],[4711998.092416968,2765468.73449154],[4708261.135631897,2765150.033671636],[4707929.042225202,2769134.8843444656],[4704192.121883178,2768816.238507999],[4703859.934105709,2772801.060264432]]]}},{"type":"Feature","properties":{"flugjahr":"2017","gebiet":"Nieder\u00f6sterreich"},"geometry":{"type":"Polygon","coordinates":[[[4755594.86216311,2754142.9108285033],[4765559.737873821,2754996.3365014233],[4763481.319458926,2779906.7910883073],[4768463.310971202,2780334.1928940336],[4768879.592649751,2775352.0140723614],[4773861.593821449,2775779.541879912],[4776354.759905196,2745886.721976607],[4798360.338087734,2747776.0241942555],[4798612.98476869,2747209.7023135596],[4799198.039412664,2746590.4991837502],[4799397.2461993955,2746254.122211386],[4799454.476645135,2745738.447128417],[4799394.748345447,2745529.4747245656],[4799155.306153872,2745282.2571279393],[4799409.993689735,2744606.124436709],[4799573.675550299,2744395.5391760427],[4799552.491019618,2743930.9121216517],[4799352.514927277,2743651.998988184],[4798913.885540774,2743647.671727706],[4798401.72418843,2743533.873354538],[4798296.638165493,2743440.3465676075],[4797861.389093262,2742978.952484865],[4798080.604342648,2742765.530362219],[4798204.05682045,2742504.1101031806],[4798316.712575634,2742466.9218047485],[4798318.335524316,2742229.0413368507],[4798087.919737541,2742124.308035384],[4797493.765527072,2741470.772845224],[4797370.625481283,2741477.946444645],[4796964.806612734,2741267.1827955567],[4796695.721251248,2740997.1140656467],[4796585.691198396,2740630.2472144887],[4796766.856594284,2738989.6836679997],[4796657.848982614,2738846.344789185],[4796632.978856121,2738608.373692423],[4796432.976548674,2738447.4794484926],[4796210.26541552,2738037.2203675853],[4796152.976324386,2737615.4038788998],[4795721.252134634,2737123.528337235],[4795752.523543209,2736912.380255642],[4795917.168657765,2736745.1406530817],[4795965.810716999,2736543.869514353],[4795716.266819689,2735863.132235015],[4795619.9000774585,2734934.2158558043],[4795776.109963423,2734846.416430973],[4795806.164633765,2734689.3352283067],[4796396.016485016,2734460.0227374085],[4796545.711146699,2734302.1079847617],[4796530.968239266,2734223.5799038266],[4796678.4993850915,2734238.0417804844],[4796677.29480101,2734154.3583283774],[4796978.757427678,2733875.163985839],[4797139.419519721,2733597.6143200984],[4797127.203644868,2733443.8409640337],[4797364.543645196,2733129.6672520433],[4797642.294322414,2733083.9238930102],[4797927.801935114,2732919.296664394],[4798067.797839589,2732585.2392333625],[4798142.312980447,2732157.096018089],[4798085.732419657,2731987.4810753935],[4798156.7016357165,2731845.547364552],[4797791.426627952,2730932.74132248],[4797836.692350099,2730679.711414663],[4797282.073546902,2730029.7588108075],[4797428.672901785,2729739.454544246],[4796920.8641031245,2729398.029190709],[4796867.016558231,2729340.7262152126],[4796943.867193569,2729242.1202631244],[4796334.894246051,2728653.9610528923],[4796642.769377814,2728352.805628129],[4796564.330021891,2727999.4420781154],[4796237.055270159,2727646.8782006833],[4795961.651615823,2727661.4011046155],[4795630.650414998,2727411.894734961],[4795467.33149061,2727449.0628254307],[4795308.13115145,2727341.649597911],[4795562.857822575,2727278.5488899294],[4795968.966913944,2727008.095177695],[4795892.25867413,2726635.725044461],[4795939.7754142005,2726390.96966103],[4795825.814536286,2726169.164285154],[4795619.4248334905,2726024.3192692446],[4795192.018497106,2725946.23273032],[4795015.268707405,2725835.247780209],[4794351.681056549,2724888.8477845537],[4794313.056845232,2724711.715901926],[4794021.047094731,2724759.470883496],[4793869.873171452,2724672.188888876],[4793665.486542855,2724840.514676221],[4793474.788686201,2724748.1755761523],[4793103.088686886,2724329.325253322],[4792518.158231031,2724133.7590628485],[4792078.994526631,2723336.394491361],[4791594.4179809075,2723046.299649626],[4791533.614428406,2722463.6925987215],[4791150.986481921,2722206.0428284807],[4791042.3812701795,2722040.6471732617],[4790797.540500031,2721941.583711855],[4790606.451375963,2721585.4440812664],[4790289.055087192,2721276.0640700334],[4789952.495554205,2721197.8412239207],[4789536.567049755,2720963.406830042],[4789012.632277055,2720855.1624161303],[4788500.091601227,2720560.330577443],[4787842.471020645,2720501.9964730805],[4787441.202941144,2720594.986406346],[4786863.74611566,2720591.953181742],[4786429.427653619,2720369.0106945676],[4786010.581555573,2720775.2193704816],[4785508.383429588,2720780.600970601],[4785420.583548079,2721073.380183225],[4785007.161798597,2721296.0088649597],[4784858.156841599,2721526.7444968554],[4784183.160374055,2721934.2672048714],[4783973.048220411,2722222.9047519504],[4783801.334459625,2722596.706088889],[4783831.230909785,2722934.108762496],[4783579.501491402,2723277.1284211106],[4783319.637125221,2723359.8942837645],[4783124.54164852,2723582.745405689],[4783161.861241178,2724229.800362082],[4783507.600176394,2724498.262120016],[4783062.129702747,2725351.8732218803],[4782606.725307845,2725196.148675955],[4782258.801604908,2725463.1491657346],[4782250.674846372,2725578.4406546736],[4782376.5973539185,2725740.8257563254],[4782303.971053385,2725804.362159457],[4781688.969298796,2725786.331167386],[4781769.113694497,2726012.243355535],[4782030.649303785,2726204.2541726874],[4781862.143231359,2726741.8450875743],[4782012.822650461,2727314.3374742707],[4781604.43787899,2727471.3781240815],[4781498.700548539,2727756.5628690855],[4781545.243872565,2728027.92407821],[4781296.119257804,2728380.0593429375],[4781390.695433574,2728445.4545377176],[4781434.716189769,2728762.5244079833],[4781659.455871589,2728866.7044214676],[4781638.029445978,2729521.848891836],[4781820.530371869,2729903.8521633614],[4781707.469380981,2729924.216396997],[4781440.033011636,2729645.8165123323],[4781310.494643454,2729378.9513782067],[4781171.284229167,2729467.6994770244],[4781042.810772846,2729776.666210368],[4781381.044270423,2730334.871486858],[4781053.521768666,2730430.763668618],[4780969.838914022,2731077.7706094454],[4780799.4352623345,2731354.8453964163],[4780181.739767344,2731124.3259066674],[4780186.158735657,2731068.830370905],[4779934.285105968,2731192.0006953278],[4779840.895731093,2730521.6821552594],[4779702.44131588,2730450.9546139194],[4779779.611114187,2729757.012343076],[4779469.544472246,2729288.7247225805],[4779105.876638496,2729225.1627324373],[4778863.218652535,2729085.132191441],[4778738.857362987,2728334.5578710423],[4778444.330280485,2728498.1050492963],[4778386.704287495,2728711.232813883],[4777866.386753934,2728679.5138406707],[4777681.125251209,2728525.3375804992],[4777766.076977013,2727750.227725814],[4777656.679982776,2727111.1479118047],[4777811.567041491,2726817.4266691417],[4777581.884910999,2726642.9684850504],[4777281.294104761,2726576.581658325],[4776379.308053811,2727251.613706058],[4776048.031711296,2727803.0159520805],[4775890.3748268075,2728261.4606766244],[4775630.688214823,2728410.646437287],[4775565.222086572,2728532.9875561045],[4775228.835704904,2728601.957131922],[4775153.904033355,2728796.793774582],[4774929.354329139,2728956.7655579774],[4774760.213275931,2729401.2463393337],[4773863.888878829,2729905.0410907716],[4773217.560227353,2729904.525899792],[4772775.447955835,2729636.6129507576],[4772356.0575442,2729737.2687401455],[4771392.945083607,2729747.301777649],[4770852.900574796,2730003.3156746244],[4770678.32026582,2730005.313602087],[4769368.005818749,2729549.9389056396],[4768974.254095149,2729654.5665981197],[4768287.31996909,2730180.5407844232],[4767790.011977538,2730454.0118911653],[4766674.762404686,2730773.5868587284],[4766080.4991017105,2730770.770855846],[4765924.163083451,2730941.8757717153],[4765897.245441923,2731354.8722088393],[4765231.161195307,2732045.3783907373],[4765070.194668052,2732465.9965996896],[4765041.966261728,2733412.6968207066],[4765204.158491943,2733773.841654178],[4765150.0801083725,2734173.6390541135],[4765074.3132302165,2734299.7633070503],[4763833.706886735,2735110.1620775703],[4762729.65568286,2735289.9346573707],[4762350.884599435,2735057.756177104],[4762046.721558656,2734406.739687765],[4761628.978152167,2734491.383012594],[4761091.841556168,2734348.414347702],[4760880.799142771,2734370.3244941067],[4760873.031709056,2734458.5184928486],[4760735.200577301,2734513.238462781],[4760729.986301684,2734941.217525572],[4760520.92488332,2735408.1921639666],[4760564.767702598,2735916.956784719],[4760393.360669804,2736561.8532526894],[4760685.5310965665,2737056.7055435404],[4760561.635888517,2737730.4291052297],[4760802.497683214,2737904.1158339833],[4761089.357342261,2738346.268375088],[4761127.510875893,2738801.12378031],[4761392.917135246,2739251.310960109],[4761398.24586136,2739560.936913327],[4761492.31475897,2739694.5615252554],[4761282.831257634,2740174.6851136787],[4761012.351487025,2740448.0860162727],[4760306.562758845,2740015.2402744223],[4760135.094880172,2739967.432843932],[4759802.857807297,2740049.2354784585],[4759228.670243232,2740475.5645279596],[4758892.645389221,2741587.67168944],[4758246.410191625,2742140.1453050356],[4757792.075795401,2741970.210912767],[4757460.498376201,2741952.6753370957],[4757141.79074886,2741737.19997659],[4756626.540289079,2741810.318329988],[4755594.86216311,2754142.9108285033]]]}},{"type":"Feature","properties":{"flugjahr":"2012","gebiet":"Steiermark"},"geometry":{"type":"Polygon","coordinates":[[[4658835.1642977735,2736868.8444794947],[4658725.969700847,2739344.1793330563],[4661223.9437964605,2739459.88916918],[4661114.754644036,2741956.510051252],[4666109.749097439,2742185.074711071],[4665999.479940606,2744681.6851453255],[4668699.165965865,2744805.8668994918],[4668705.789685048,2744321.4135643826],[4668893.7537190225,2744046.929967262],[4669491.0693414165,2744075.65393372],[4669983.990775141,2743980.6339717507],[4670259.663146971,2744170.5881380946],[4670440.404149279,2744520.558574465],[4670971.930972613,2744504.5660425555],[4671133.766894045,2744577.6982127335],[4671359.602716181,2744863.2970999917],[4671493.105066686,2744813.444967148],[4671577.085890686,2744315.9101765845],[4671707.074587066,2744167.298373815],[4672101.050092449,2743995.3289231737],[4672122.188975276,2743628.84244677],[4672489.397426085,2743248.7489524735],[4672183.700932889,2743028.11955259],[4672128.69889506,2742619.755226909],[4672200.305270583,2742412.27269622],[4672467.21843479,2742417.797845773],[4672939.763530887,2742222.5275129885],[4673060.177531259,2742010.119469596],[4672835.983434381,2741897.9936365904],[4672833.8972457,2741671.51515956],[4672903.929181697,2741641.4061197746],[4673042.453284202,2741783.0323231635],[4673205.465373194,2741806.1996751996],[4673758.905120586,2741058.7105526086],[4674305.088251398,2740738.528064843],[4674307.324729091,2740374.213883237],[4674755.134136857,2740002.3379849424],[4674792.406657421,2739277.827746654],[4675240.407072061,2739314.744835331],[4675587.292022248,2739601.721867282],[4675928.807296999,2739724.7283704933],[4676007.947609655,2739343.1054821564],[4676231.033338189,2739181.0585201066],[4676336.681729804,2738827.6321932804],[4677119.818813985,2738437.233227915],[4677458.658752341,2738071.508749046],[4677705.999361576,2737921.224467038],[4677634.107711041,2737626.5801669075],[4677830.825249474,2737448.496936167],[4677974.486389094,2737516.7641966357],[4678181.585025661,2737446.7075500814],[4678489.450727263,2737187.613395349],[4678445.813843837,2736528.6065745926],[4678603.293935623,2736111.8113467484],[4678527.098762682,2735836.328538042],[4674894.924257612,2735591.007697623],[4674753.37361759,2736082.626005991],[4668004.878004737,2735627.1711998405],[4667943.566746579,2735593.8171320967],[4667953.967885981,2735288.7215483235],[4665486.470754106,2735172.8713983563],[4665337.268090736,2737161.388860466],[4658835.1642977735,2736868.8444794947]]]}},{"type":"Feature","properties":{"flugjahr":"2012","gebiet":"Steiermark"},"geometry":{"type":"Polygon","coordinates":[[[4675125.018159804,2665290.7796785412],[4672575.395393875,2664582.5552418223],[4661895.555905504,2664358.1852302696],[4661087.96600711,2677493.28059457],[4674808.192025425,2678455.2845969656],[4675041.607078127,2675015.3838120755],[4674434.895576765,2674925.72340304],[4674429.182049092,2674804.123490576],[4674514.052360033,2674353.1327921627],[4674465.497373514,2674239.2356315004],[4674694.41305168,2670728.6731572105],[4674839.341956908,2669867.444399569],[4674793.8366164705,2669208.821319402],[4674895.520941969,2667643.9223125866],[4674977.294675194,2667459.5199879543],[4674944.515359882,2667347.5681847446],[4675084.368760389,2667108.3567344924],[4675000.3343242835,2666715.7927804943],[4675042.808025873,2666596.507155764],[4674969.108589346,2666516.2762540667],[4675040.5345638115,2665496.4996282132],[4675125.018159804,2665290.7796785412]]]}},{"type":"Feature","properties":{"flugjahr":"2011","gebiet":"K\u00e4rnten"},"geometry":{"type":"Polygon","coordinates":[[[4611172.670315831,2624627.8310828567],[4610955.617424797,2629619.121897938],[4630949.2885399815,2630527.7534118905],[4631166.693783808,2625536.420047016],[4611172.670315831,2624627.8310828567]]]}},{"type":"Feature","properties":{"flugjahr":"2012","gebiet":"K\u00e4rnten"},"geometry":{"type":"Polygon","coordinates":[[[4534241.944007975,2668760.1046953294],[4534146.245789032,2668713.596865235],[4534688.512355069,2656218.655025211],[4539687.323515959,2656440.1660943283],[4540329.903011724,2641674.375472596],[4538648.861652577,2642715.635888446],[4538100.703213044,2642870.396366825],[4538126.1695615575,2644292.2922569634],[4537971.141325525,2645007.9833347877],[4537877.461780171,2646117.142220732],[4537914.839893813,2646465.4006822193],[4537750.924103659,2646458.7367665437],[4537504.2242700225,2646711.7821420757],[4537108.5355161745,2647307.224109031],[4537142.772925739,2647560.8349737935],[4537579.220244523,2648341.1767866],[4537464.598030523,2648617.1367574222],[4536546.499873973,2649082.5248892163],[4536286.7197045665,2649053.1644315855],[4536066.548353685,2649491.93556752],[4535858.359869153,2649452.9708550368],[4535443.691997388,2649701.697749627],[4534717.918712255,2649637.2160952636],[4534440.7629894335,2649740.2786929077],[4533197.8994691055,2650618.992510788],[4533430.89866882,2651480.3796115443],[4532953.821131561,2651519.679006764],[4532743.242538975,2651749.6220874256],[4532133.371793551,2652012.093924367],[4532053.173168778,2652214.1585833556],[4531559.060963696,2652694.7452322855],[4531319.23419216,2653296.544076179],[4530631.299139933,2653276.72748885],[4530215.5293002,2653641.3936747247],[4530223.2918556295,2654214.5910026915],[4529797.724832445,2655458.0326978103],[4529581.079534423,2655903.918999829],[4528749.900485787,2656929.1993281813],[4528640.094505458,2657305.155513378],[4529170.745478335,2657667.435305877],[4529582.96263568,2658236.007831859],[4529584.230966111,2658450.614404549],[4529446.985579956,2658658.0794851943],[4529418.90539886,2659247.1859120005],[4529907.187668744,2659436.542935458],[4530257.319509851,2660185.9707802255],[4530536.456991445,2660423.585620733],[4530736.169993568,2660835.7624573368],[4530847.434784241,2661599.23051178],[4531612.508575168,2662031.4361184263],[4531770.595042718,2662272.0541228675],[4532041.390206508,2662377.276372076],[4531824.472679678,2662729.5271742106],[4531443.383958954,2663077.861042989],[4531034.353954657,2663080.2866218966],[4530823.863536663,2663208.177682411],[4530266.155418846,2663123.0094295084],[4529519.951984477,2662745.443684936],[4529091.363124174,2662684.70125592],[4527726.734304628,2662840.8117035925],[4527540.0555177145,2662964.3982822695],[4527253.413981297,2663361.243485221],[4526326.695998557,2666064.7695219126],[4525934.748915291,2666169.91346039],[4525394.196502722,2666620.0265463176],[4525269.396598748,2666786.886125359],[4525258.824434291,2666978.5002452685],[4524861.053045806,2667232.989781705],[4524734.968692935,2667413.1141537414],[4524773.542645636,2667562.631224772],[4524615.606552623,2667637.288494704],[4524466.135006771,2667873.8388752956],[4524331.025456628,2667981.8449511207],[4523893.4649853185,2668029.0299025606],[4523062.865784699,2668811.2132004374],[4523070.934626594,2668915.435468862],[4523932.677793842,2669596.931228021],[4524004.333309994,2669850.091633182],[4523641.547411512,2670526.5555252843],[4523755.156138208,2671119.0638652705],[4524773.297640754,2671307.039316876],[4525156.024299331,2671565.3526490577],[4525749.412619541,2671291.0280049155],[4526045.561865157,2671389.393767512],[4526250.514313173,2671368.1781535735],[4526298.381942035,2671294.243793535],[4526626.844199563,2671645.8821938583],[4526879.078874892,2671701.6039477144],[4526963.215349575,2672048.239602522],[4527086.133675052,2672025.7541094776],[4527331.900264284,2672208.075187831],[4527508.453681099,2672220.4158665026],[4527919.014441293,2672443.029432401],[4528307.166423336,2672422.343647161],[4528404.052534689,2672067.566505273],[4528340.320171884,2671792.200578711],[4528484.352180902,2670676.0644735796],[4528493.080452911,2669344.4706022954],[4528948.658697017,2668909.0743939704],[4529408.7175844535,2668790.5180162573],[4529721.360185214,2668857.144096114],[4530432.393282177,2668653.2960882885],[4530745.273034645,2668891.708894899],[4530924.520678517,2668930.854401923],[4531106.221023431,2668845.2201368758],[4531354.671759997,2668850.925765628],[4531575.072102044,2669024.8994096657],[4531863.6754368385,2668695.844136264],[4532138.185857357,2668551.858274598],[4532252.449787085,2668194.3820225894],[4532503.428588975,2668143.949468635],[4532869.910596144,2668300.6013331227],[4533280.923898915,2668231.400634582],[4533635.387339837,2668438.9338895194],[4534074.978335224,2668496.8807090567],[4534131.089921368,2668776.443455782],[4534241.944007975,2668760.1046953294]]]}},{"type":"Feature","properties":{"flugjahr":"2013","gebiet":"Ober\u00f6sterreich"},"geometry":{"type":"Polygon","coordinates":[[[4645645.32035134,2808795.772254714],[4643147.69143106,2808681.4443477374],[4643037.041356462,2811178.3788858885],[4633046.338711878,2810721.503194663],[4632935.723686445,2813218.4512308617],[4620446.900721498,2812648.325944731],[4620004.486620516,2822636.2255577273],[4644980.968832486,2823777.580065805],[4645645.32035134,2808795.772254714]]]}},{"type":"Feature","properties":{"flugjahr":"2013","gebiet":"Ober\u00f6sterreich"},"geometry":{"type":"Polygon","coordinates":[[[4645866.577742061,2803801.9460822116],[4646308.802745404,2793814.4631538186],[4621330.524119556,2792673.1865695314],[4620778.447846525,2805157.54390444],[4640760.64825999,2806070.239072376],[4640871.234732112,2803573.3319391934],[4645866.577742061,2803801.9460822116]]]}},{"type":"Feature","properties":{"flugjahr":"2016","gebiet":"Ober\u00f6sterreich"},"geometry":{"type":"Polygon","coordinates":[[[4692006.296093703,2805922.1211538455],[4658354.484504752,2804374.2538517467],[4658243.786050488,2806871.1520000338],[4645755.96110994,2806298.852171934],[4644980.968832486,2823777.580065805],[4607515.4368228065,2822067.1238077893],[4607072.907422147,2832055.178300827],[4681608.706321101,2835467.5587134208],[4682015.866171293,2835283.9500502544],[4682154.931736658,2835354.2452314277],[4682507.504257499,2835315.9821063634],[4682929.2093603,2835102.043226029],[4682933.67852924,2835029.2433023336],[4683324.761423821,2834800.881716085],[4683391.521183101,2834665.712691822],[4683721.882552961,2834441.753158592],[4683811.678800543,2834246.2356285662],[4683669.414912159,2834046.607312511],[4683800.667979776,2833637.9873448745],[4683975.5833468875,2833535.760638099],[4684460.116601729,2833494.190041974],[4684519.784733918,2833324.8082306026],[4684316.601347135,2832695.7177885063],[4684018.415035242,2832867.0997748263],[4683062.750420305,2832981.0017009885],[4682393.631929608,2832603.1086925375],[4682304.698084683,2832453.7827606564],[4682359.646240497,2832033.952316138],[4682075.922855188,2831852.504294241],[4682300.956120161,2831392.005393188],[4682296.350427377,2831219.0557602597],[4681796.462277713,2830963.771016511],[4681575.685963038,2830613.3203472467],[4680625.610558569,2830373.3329620655],[4680809.178817687,2830203.3539600857],[4680978.68397943,2829762.969613376],[4681230.010473355,2829630.815715244],[4681236.376645727,2829495.482928821],[4681416.256352558,2829336.59497184],[4681500.659111181,2829129.983291842],[4681465.528285696,2828972.0578339347],[4681545.886599739,2828729.5817114194],[4681310.825538538,2828067.64731494],[4681447.624826041,2827742.5687672077],[4681714.173905476,2827548.5249994947],[4682056.6168763,2827441.8149337904],[4682425.923936172,2827480.5665018535],[4682824.13303409,2827219.882783866],[4683199.153897079,2827262.2220117375],[4683351.832278961,2827094.732256869],[4683390.447782791,2826805.0294357785],[4683908.548036074,2826245.3998257155],[4684126.604946148,2825753.7184569393],[4684374.293893017,2825454.577178174],[4684324.867517755,2825065.0981770735],[4684509.36135704,2825043.8705429356],[4684642.097423523,2824885.3685753997],[4684984.982096059,2824971.0081548607],[4685588.043018874,2824440.4332199604],[4685836.12282269,2824415.6756432154],[4686099.8427599305,2824498.4925576933],[4686386.355251593,2824423.9383901684],[4686711.958824219,2824042.660368266],[4686554.987658441,2823848.1608273536],[4686695.646413779,2823569.162530978],[4686887.359750142,2823395.003404186],[4687228.132865716,2823418.2289223657],[4687076.252540957,2822993.35388436],[4687130.77593417,2822749.636888949],[4686781.779746607,2822559.914378364],[4686636.869710711,2822268.4373361277],[4686533.262886045,2822218.6340514747],[4686515.008190671,2822040.610800634],[4686156.919032495,2821802.804978827],[4686042.301638208,2821633.734788163],[4685629.869202582,2821619.0898708357],[4685468.331098439,2821308.106292029],[4685109.172421674,2821086.103749877],[4685078.46204268,2820661.7985907937],[4684939.956492284,2820551.130943478],[4685034.743239218,2820440.639251281],[4685204.500130514,2820411.7991253785],[4685484.216547772,2820468.5649501826],[4685720.444090316,2820798.8768482944],[4685976.323046799,2820933.3333972082],[4686121.596337412,2821177.5053279754],[4686456.332545539,2821311.2722009593],[4686822.302020685,2821143.3781373263],[4687095.437406977,2821179.641744851],[4687540.415500056,2820827.1001466364],[4687826.968106658,2820844.853835466],[4687906.174942261,2820974.589946164],[4687927.832038488,2820901.676014234],[4688218.290740051,2820826.5992833693],[4688529.47760779,2820632.520229005],[4688595.872530869,2819590.427914745],[4688402.174432894,2819204.6738113137],[4688225.54519458,2819051.032241201],[4688214.415169282,2818735.8751450884],[4688085.815511065,2818547.0755130164],[4688020.617567077,2817969.233948716],[4687902.901130093,2817674.695363691],[4687986.359459009,2817210.9034399954],[4687851.033906099,2817125.2695828406],[4687878.516041557,2816816.609403893],[4688007.78223939,2816761.9055680176],[4687878.751709375,2816630.2138015567],[4687868.003170041,2816365.647547693],[4687968.578047718,2816198.595185999],[4687848.084168252,2815892.7398507027],[4687861.35568198,2815712.1935347514],[4687968.769299864,2815649.2748939143],[4687929.933513479,2815536.5760198575],[4688037.238878718,2815394.012156159],[4687780.958872217,2815182.296081758],[4687821.215452189,2814995.4956511687],[4687656.557212356,2814671.4662583424],[4687699.555789062,2814437.2545021684],[4687526.1434270805,2814092.2457459453],[4687459.621960731,2813404.8261545645],[4687975.553725059,2813318.119988405],[4688202.782204436,2813404.321214859],[4688301.154219775,2813577.072952331],[4688660.579759772,2813683.689581804],[4689724.508996238,2813393.027720743],[4690017.221023104,2813574.0008642725],[4690311.785126019,2813515.741664325],[4690322.2046836,2813388.307440461],[4690668.481745073,2813104.7619446293],[4690725.01908971,2812903.768975351],[4690607.245538133,2812559.411166507],[4690682.423845509,2812195.287065716],[4690619.152625054,2812046.1570500648],[4690776.848869459,2811693.2671187273],[4690687.201385895,2811281.8395289853],[4690714.26971401,2810907.9764494277],[4690621.483237274,2810771.6477585863],[4690801.695609325,2810699.9303995385],[4690897.670284107,2810500.3072225237],[4690877.168371685,2810139.44645029],[4690984.379794612,2810002.0144328363],[4690958.5735509675,2809794.5348009216],[4691147.865418748,2808893.523548913],[4691639.440053306,2808881.739833256],[4692006.296093703,2805922.1211538455]]]}},{"type":"Feature","properties":{"flugjahr":"2017","gebiet":"Ober\u00f6sterreich"},"geometry":{"type":"Polygon","coordinates":[[[4681608.706321101,2835467.5587134208],[4597127.509025394,2831611.6011922075],[4597493.776651604,2834108.378474704],[4598072.265987901,2835139.079783251],[4599317.329307498,2835300.613647401],[4599812.279553347,2835454.9519180176],[4600319.03445209,2835700.697516512],[4600601.929188543,2836045.532573037],[4601278.668573197,2836262.636659898],[4601655.7393301865,2837321.1388437888],[4601524.137784204,2837854.240426791],[4601237.378058147,2838237.3682816396],[4601192.000388263,2838828.030334863],[4602504.615729418,2841335.8143065656],[4602734.389937229,2842408.4722606214],[4602662.212455648,2842905.689659934],[4602339.478561441,2843837.6974415104],[4601844.175250311,2844677.35768391],[4601999.158470356,2845661.1571152746],[4601996.892238421,2847062.47694976],[4601764.193502138,2847994.965022043],[4601591.966302155,2848333.874225809],[4601608.6722587785,2849689.630810853],[4601510.829760741,2850077.6426503127],[4600926.4594515,2850888.4451869503],[4600198.079837117,2851545.3388077733],[4600066.623122245,2851839.7094080434],[4600623.886104692,2852551.474764905],[4601177.1704265205,2853553.014370784],[4601585.934662051,2854096.150783366],[4601737.756549284,2854907.9016028787],[4601754.840556912,2856310.127540238],[4601883.713789071,2856609.8759796536],[4602579.617915743,2857382.780438385],[4603070.981446619,2858384.0936019057],[4603503.079681882,2858543.9740724764],[4605312.3509093905,2858329.8040707274],[4605924.690323288,2858024.1349782334],[4606918.944295486,2857182.750284516],[4607434.68825239,2857019.072718704],[4607899.817410863,2856622.1829548106],[4608174.694225995,2856229.0023370082],[4608575.824209809,2856014.1354285],[4609360.7112781815,2855268.8315124176],[4610099.426433598,2854287.2886036513],[4610674.806548369,2853733.0013686167],[4610986.300070248,2853493.955206974],[4611973.188054543,2853167.7875878825],[4612378.880018039,2852625.9982889043],[4613633.466440374,2852333.0278495536],[4614793.9718744885,2852205.048854107],[4615709.566633992,2852010.4102126854],[4616210.90653787,2851598.754022465],[4616380.606884272,2851234.00981798],[4617170.434580805,2850293.2520999326],[4617930.632801201,2849168.219081807],[4618209.703289338,2848911.4611427947],[4619708.401441662,2848598.8275798745],[4620074.383347365,2848326.970483952],[4620154.772658171,2847396.8516409914],[4620072.30465728,2846595.3674331014],[4619735.174407816,2845880.9496322097],[4619463.389770543,2845760.850225756],[4618741.831990972,2845916.354267053],[4618456.348095073,2845894.818781719],[4618142.208577521,2845856.8702552756],[4617730.104424879,2845667.8261466348],[4617509.205376044,2844932.9270494664],[4617193.745051936,2844707.9247911605],[4617119.106010709,2844347.335213383],[4617230.7579304315,2844046.458268092],[4617783.86194331,2843404.1230287715],[4618331.460472558,2843248.9990085764],[4618825.721001789,2843378.6999126747],[4619162.354129733,2843366.1120052193],[4619501.2236373,2843091.3550483487],[4619343.429675922,2841791.173409238],[4619525.841190477,2841481.453556224],[4620163.656928783,2841168.760670992],[4620966.62311712,2841067.556038661],[4621574.298785366,2840633.8466163804],[4622341.420095365,2840457.1790274736],[4624258.760329992,2840295.058591068],[4626837.692908828,2840242.6893121987],[4630406.581309671,2839986.815440825],[4632349.018190804,2839436.7764732605],[4633575.153794594,2839211.478801538],[4636152.598269868,2839040.7050203476],[4636817.586130561,2838378.029787259],[4641824.1214954555,2838598.1435405696],[4642968.705748502,2838851.010666074],[4644360.360793648,2838911.1525290837],[4644261.376257128,2840972.61496301],[4647209.267762242,2841098.4674556768],[4647719.901719974,2841332.5979318907],[4648194.901505523,2842046.666624102],[4648578.071281211,2843182.8419693927],[4648550.260506457,2844252.7640912374],[4648280.861737503,2844575.1188420155],[4648043.918761737,2845286.9174674414],[4648068.0278496,2846476.514078622],[4648268.056585293,2846652.202663026],[4650203.093729208,2847370.809692935],[4650362.222050903,2847328.4948634836],[4650641.195149059,2846916.7832244504],[4650982.56787703,2846696.3849536018],[4651196.684045744,2846207.3409716133],[4651733.228705845,2845851.645244445],[4652050.105837254,2845791.086044195],[4652261.194269097,2845589.577391275],[4652447.501306837,2845104.4045494776],[4652504.387707961,2844622.7428024],[4652632.24822612,2844434.087782769],[4652956.448816851,2844348.9221583097],[4653803.532578794,2844405.562097193],[4654179.806489565,2844317.9013897786],[4654370.563185554,2844181.593509136],[4658497.06652557,2844371.994321359],[4659280.249822981,2844704.9978827806],[4660059.8796603065,2845652.1171508497],[4660429.5210419735,2845791.340788835],[4660750.084588215,2845749.905975617],[4660999.570585245,2845611.7147916695],[4661404.7593584815,2845082.666928253],[4661909.498154609,2843851.086990503],[4662389.1067374265,2843760.8116104417],[4663459.386416715,2843948.388180621],[4663735.358771157,2843776.143150994],[4664254.302918996,2843170.615874093],[4664559.169684856,2842533.386379088],[4664921.061685431,2841362.2756442796],[4665132.949069378,2841149.9762799167],[4665981.36769502,2841214.6029793085],[4665960.026228705,2840904.8488843436],[4666371.460727209,2840893.876442402],[4666713.877972498,2841180.6894571567],[4666972.859748469,2841206.00661875],[4666920.954160153,2840807.335885454],[4667035.223050564,2840697.297384355],[4667893.223838945,2840604.7308858274],[4668125.118344086,2840716.660129647],[4668620.618883352,2840514.0886885696],[4668970.086937249,2839900.150469193],[4669293.207952488,2839641.6711206213],[4669329.795606245,2839175.6059476607],[4669579.969479013,2838806.39116976],[4670036.003172178,2838803.0303403027],[4670120.791011079,2838587.0336990533],[4670612.080637829,2838256.958376388],[4670546.113745315,2837763.70266904],[4670884.54024899,2837698.165398935],[4671029.605394172,2837788.1401727377],[4671100.425333308,2837967.5998903476],[4670975.32639129,2838265.387043703],[4670992.752247969,2838483.6946323924],[4671124.496000359,2838492.783101903],[4671298.987072416,2838656.938302874],[4671428.8518875465,2838988.5328938947],[4671722.299737233,2839001.124013614],[4671827.159360921,2839121.775786891],[4672405.85544167,2839163.0913477815],[4672606.365990829,2838898.2433818197],[4672714.887710376,2838568.4173676283],[4672872.608849445,2838416.0974210077],[4673222.044670922,2838290.286443725],[4673347.276220581,2838329.6157983164],[4673547.485374595,2838717.593332398],[4673773.966553214,2838835.341531239],[4674020.918031771,2838852.35002758],[4674250.002872433,2838666.470056039],[4674581.310252682,2838810.9779173783],[4674821.464389605,2838560.918163917],[4675200.561939866,2838452.7724208725],[4675515.959238505,2838558.729009568],[4675767.364741328,2838520.306333474],[4676120.068165411,2838224.6066230354],[4676143.790159274,2837914.4118116363],[4676262.734728629,2837789.198567982],[4676660.589111332,2837667.8244777354],[4677183.293929679,2837719.2605087827],[4677566.074688139,2837641.827822626],[4678118.782374575,2837313.876824174],[4678200.682274493,2837104.0475789015],[4678959.906847036,2836457.406651688],[4678976.713391684,2836353.698526856],[4678815.275045901,2836177.3687786614],[4678814.926636549,2836052.217778181],[4678641.132946741,2835948.4382815524],[4678670.047678033,2835823.6571992957],[4679009.427226077,2835866.5567206126],[4679473.0766553525,2835709.112756816],[4679819.788559322,2835750.0712343394],[4680303.96444472,2835599.568603874],[4681055.238049468,2835720.0502116648],[4681411.841617369,2835662.129588087],[4681608.706321101,2835467.5587134208]]]}},{"type":"Feature","properties":{"flugjahr":"2012","gebiet":"Steiermark"},"geometry":{"type":"Polygon","coordinates":[[[4604599.02913037,2717839.9756427445],[4604313.283273049,2724354.9897120055],[4603064.011214067,2724298.2883404004],[4602976.3918567635,2726295.392523457],[4600477.849458461,2726182.0263408185],[4600391.169594501,2728157.677974104],[4605077.186897198,2728370.2699429216],[4604966.851973879,2728127.9985316233],[4604257.892739781,2728212.911480881],[4604055.617246129,2728142.6720739002],[4603130.744011294,2728125.7057034364],[4602541.085413988,2727797.6683373568],[4602634.017802751,2727574.6822952502],[4603111.914401235,2727915.662482063],[4603659.651218545,2727943.5310370475],[4605295.377875655,2727809.6163717187],[4605586.096802278,2727690.699918186],[4605905.30008056,2727539.0470422],[4606491.982886165,2726885.0790682165],[4606627.774493419,2726552.941401112],[4606858.998995622,2726283.191405424],[4606912.125643011,2725917.2722261655],[4607175.552195785,2725552.8990391614],[4607701.09065864,2725082.3274156433],[4608466.214181677,2725110.0829411373],[4609474.17153031,2724512.303684842],[4610207.6257133,2724257.3765756115],[4610469.501275213,2724658.6313205883],[4610358.080482975,2725028.9068419165],[4609733.179104603,2725480.9400828388],[4609239.299428013,2725458.49520555],[4608646.355538749,2725661.7592818807],[4608257.905827418,2725702.161632724],[4607739.820405697,2725660.606960448],[4607310.1967396205,2726068.4752711207],[4606872.723508916,2726997.459996844],[4606227.351690475,2727892.982061751],[4605763.025863832,2728110.108009625],[4605794.822248552,2728402.9035800234],[4621976.520655028,2729127.769271933],[4622522.2565834215,2720876.1046322356],[4622341.645062957,2720770.0146840536],[4622537.2794975145,2720645.77247964],[4622585.988461465,2719901.9676784496],[4622363.625690076,2719868.8399464726],[4622338.459806189,2719803.0713610784],[4622374.184298894,2719688.3527022772],[4622587.864017101,2719801.1910812585],[4622766.474756244,2717058.0925441184],[4617838.2968042465,2716721.574706246],[4617782.618193689,2716668.924419899],[4617908.274830852,2714732.54238116],[4614808.453443805,2714497.6589559703],[4614842.730577797,2713691.79068591],[4614811.069405508,2713650.557686006],[4614730.653579061,2713737.4588075858],[4614605.285745265,2713500.759963858],[4614522.873936025,2713562.9797110846],[4614446.440171497,2713488.5450752275],[4613625.708212028,2713416.909186641],[4613721.487559357,2711640.382246098],[4613607.173945895,2711588.835643565],[4613563.346959995,2711426.8474964434],[4609624.131710453,2711160.3022901556],[4609183.047907061,2717644.786044402],[4606269.11913845,2717450.6282381164],[4606194.223500889,2717502.0863096453],[4606172.904294978,2717826.5698438617],[4605973.643432187,2717926.186893259],[4604599.02913037,2717839.9756427445]]]}},{"type":"Feature","properties":{"flugjahr":"2018","gebiet":"Ober\u00f6sterreich"},"geometry":{"type":"Polygon","coordinates":[[[4638192.8438341,2750913.880821976],[4637531.191333663,2765893.026862686],[4676246.756363687,2767668.4749046094],[4676290.927022841,2766669.8167007864],[4677539.703629835,2766727.2833155473],[4677628.040462075,2764729.9760821927],[4678876.815814974,2764787.456573745],[4678965.144446183,2762790.1610997757],[4677716.362495968,2762732.678836355],[4677804.588279303,2760735.014977665],[4675306.9993076585,2760620.086918525],[4675660.016832464,2752631.0646183873],[4638192.8438341,2750913.880821976]]]}},{"type":"Feature","properties":{"flugjahr":"2011","gebiet":"Nieder\u00f6sterreich"},"geometry":{"type":"Polygon","coordinates":[[[4768935.274396109,2834573.1141339685],[4808683.092403757,2837997.745194813],[4808790.981992575,2837907.4908799957],[4816162.036038209,2838543.8306831713],[4818582.494902031,2809740.0495761647],[4806537.943007465,2808703.4536598786],[4806383.629509465,2808934.8877590536],[4806479.104406515,2809433.345206775],[4806819.051961844,2810226.9377366663],[4806951.309912066,2810746.151103479],[4806950.190955525,2811545.635018611],[4807231.8878341215,2813312.1673323065],[4806857.926881289,2813425.042689741],[4806861.048731119,2813694.74648365],[4806209.569718383,2813652.7532809433],[4806338.314648004,2814957.870079749],[4806575.303320462,2815935.2502723723],[4805941.436195889,2816013.6021497827],[4805545.622057977,2815833.3045383566],[4805522.971038683,2815742.5135772075],[4805342.28620062,2815762.2907052548],[4804625.834275193,2815940.769473811],[4804477.710313676,2816193.5344432984],[4804006.568186117,2816248.350997573],[4804064.956959904,2816610.404446721],[4803494.524093638,2816846.5260720863],[4803726.547668414,2817529.3643509867],[4803881.827488937,2817763.9124815017],[4803975.906161366,2818228.183966227],[4803840.4137874795,2818295.919425239],[4803847.238697849,2818390.9416981274],[4802549.261146472,2818802.068491229],[4802558.336061618,2818872.48584879],[4801431.15948598,2818872.515955026],[4801448.432387276,2818437.3038031007],[4801719.655952939,2817384.457729711],[4801614.387573294,2816663.1666146936],[4800916.252352397,2816937.3266900037],[4798421.484305176,2818444.886063838],[4798302.179283867,2819722.705078173],[4798088.070923732,2820362.4321030583],[4797990.224708811,2821186.1838976354],[4796987.2058006795,2821657.1085423185],[4796615.686588542,2821718.409489934],[4796102.673407401,2821563.1202746364],[4795485.380226938,2821236.421523141],[4795414.402542055,2820969.380656896],[4794745.046866565,2821184.229815838],[4794817.184110892,2821280.7935182583],[4794789.8796883905,2821549.151033097],[4794488.367661118,2821499.4850873672],[4794513.212024642,2821342.523801704],[4794334.746804154,2821338.691102798],[4794344.085552566,2821264.7574339407],[4794435.555434104,2821265.781557845],[4794395.339178379,2821126.7983012344],[4794117.753010497,2821157.491555271],[4793845.129457865,2820856.1132118287],[4793802.929197661,2820381.3439986934],[4793966.501475455,2820239.3672971786],[4794093.60899533,2819782.0713103404],[4794060.639573122,2819575.6088355784],[4794193.092308315,2819409.2351758885],[4794150.282809463,2819278.0281508663],[4794319.001634063,2819186.2663635863],[4794202.420511736,2819124.1337318267],[4793845.08562873,2819158.628874602],[4793624.687300162,2818539.436028179],[4793601.869877464,2818463.5772560113],[4793888.520801039,2817996.127321613],[4793842.041691722,2817658.8522066916],[4793061.5850190185,2817424.0198325627],[4793101.193158602,2817084.095375119],[4793356.352635859,2816863.06454641],[4793093.2620529225,2816769.400884933],[4792804.9738892,2816882.087219679],[4792069.170422727,2816982.7670229166],[4791613.186786189,2817692.5927605797],[4791125.04722329,2817482.905602699],[4791430.806242228,2817123.0603608554],[4790847.252025347,2816660.7149600326],[4790520.38390555,2816523.648554044],[4790403.547615662,2816170.6578740496],[4790310.461184207,2816095.966809217],[4789701.109174035,2816157.554617248],[4789499.858478997,2816011.111704935],[4789286.240805161,2815651.386940878],[4789065.9533906495,2815624.6523111057],[4788661.966616014,2815348.3553402093],[4788247.870351845,2815483.0090225707],[4788025.541765167,2815320.940203341],[4787809.0500505585,2815319.1570218722],[4787439.116182103,2815110.8004469546],[4787248.374911043,2814676.2237691055],[4787633.035385557,2814696.335940751],[4787855.452387887,2814405.6202320415],[4787732.164146417,2814206.219213861],[4787391.486579805,2813968.09205304],[4787217.855949165,2813687.652952909],[4786846.525148794,2813508.113608928],[4786553.848068131,2813524.1274670428],[4786070.309216614,2813244.6462577824],[4785729.618977175,2813220.924029192],[4786130.7676047515,2813146.964639924],[4786221.282889861,2812925.366677704],[4785831.215850458,2812590.5643181154],[4785879.651808318,2812488.8579936516],[4785777.174275424,2812323.5977296387],[4785579.061572497,2812158.530716068],[4785396.395128347,2812166.5164229292],[4785300.050641823,2811850.7573551903],[4785305.847690022,2811516.9252659553],[4784826.871749215,2811511.0338180135],[4784581.73518779,2811353.029709265],[4784204.751833265,2811251.159993057],[4783940.929883187,2811449.395764727],[4783857.218876436,2811705.5769147933],[4784072.881867267,2812353.5915187728],[4783540.12695458,2812514.372077931],[4782534.954915648,2813313.9622855545],[4782008.975850418,2813462.6723805764],[4781998.197268614,2813568.6215896616],[4781539.784571979,2813901.322154857],[4781305.273603486,2813646.6711954228],[4781304.687260735,2813264.3212179984],[4781390.466032408,2812996.7329059914],[4781033.431868135,2812701.58267698],[4780739.59057914,2812178.920501359],[4780768.664603414,2811990.7284348905],[4780615.030940113,2811482.653570215],[4780707.286984379,2810957.441516723],[4780601.63524201,2810755.5056283306],[4780694.675213239,2810499.5595488586],[4771026.249447372,2809659.80309339],[4768935.274396109,2834573.1141339685]]]}},{"type":"Feature","properties":{"flugjahr":"2006","gebiet":"K\u00e4rnten"},"geometry":{"type":"Polygon","coordinates":[[[4688305.209846674,2651016.682778134],[4681642.861185649,2657265.9013602473],[4683435.633242618,2658860.4487743424],[4689012.136744974,2655803.063855187],[4690840.845987355,2651598.920077766],[4691347.018411684,2650343.005074584],[4691312.35523611,2650137.8821230233],[4690609.346152071,2649278.6429801728],[4689471.3631136,2649311.4870428927],[4688305.209846674,2651016.682778134]]]}},{"type":"Feature","properties":{"flugjahr":"2008","gebiet":"K\u00e4rnten"},"geometry":{"type":"Polygon","coordinates":[[[4581516.20215451,2615745.4416897674],[4576516.194205033,2615457.1594800004],[4576287.202404105,2620578.577405721],[4574267.700923267,2619805.7997871335],[4573381.604685385,2619983.910586816],[4572842.111393902,2620719.595874211],[4571268.694038593,2620800.1293337443],[4570058.928832633,2621789.2594156815],[4569293.631884152,2621902.3952633673],[4568703.131994766,2621718.464677472],[4567285.964447478,2621892.0286728395],[4567087.535438693,2622638.9535460686],[4566178.790630966,2622598.178561809],[4566136.381127482,2623464.9762741197],[4565128.884006085,2624039.893625728],[4564952.659904112,2625046.9163581147],[4566037.204194828,2625753.994905712],[4566017.365963594,2626211.8003864842],[4567568.052019474,2626399.8464933583],[4567421.398207076,2626724.222087648],[4567626.2037251415,2627663.93100971],[4568084.081043226,2627684.48631603],[4569786.36820049,2627271.6868994795],[4571002.581616272,2626802.581516303],[4571659.894849011,2625855.4917703215],[4572139.30536067,2625501.9434935832],[4573222.182034915,2625462.5423436174],[4574018.488048303,2625983.111715726],[4574200.177784752,2625881.3999896953],[4574509.918831289,2625873.2604141515],[4575346.908372338,2624918.008266435],[4576116.789270758,2624371.984046374],[4576680.688806299,2624227.8118126867],[4578205.198051646,2623139.285115442],[4579094.128228963,2623607.889205479],[4579674.871912259,2623204.6377555765],[4581179.795054585,2623272.3818763415],[4581516.20215451,2615745.4416897674]]]}},{"type":"Feature","properties":{"flugjahr":"2007","gebiet":"K\u00e4rnten"},"geometry":{"type":"Polygon","coordinates":[[[4606161.669144563,2624402.5731290258],[4606886.180684274,2608253.388639047],[4606705.324513299,2608286.7229231014],[4606242.346732298,2608157.1477945475],[4606112.191055553,2608205.2848223806],[4605727.809616374,2607961.7017821027],[4605477.118731414,2607956.066935446],[4605263.396876645,2608099.508503764],[4604927.206445502,2608175.789173359],[4604631.927163371,2608086.5462148325],[4604392.505256174,2607897.815849181],[4604122.970365961,2607977.3851454104],[4603567.100772396,2607933.075247072],[4603439.719520979,2608050.03173681],[4602995.927553587,2608065.793401086],[4602840.97304918,2608253.2845556834],[4602711.6638614815,2608266.889145442],[4602489.2189272875,2608446.5378548973],[4601893.760869245,2608515.324651359],[4601842.100275629,2608692.4260473493],[4600904.702894778,2609065.386387202],[4600635.983534951,2609007.211204579],[4600450.367830212,2609235.516597151],[4599753.068450889,2609598.078670002],[4599439.760800456,2609914.2593991207],[4598821.880211487,2610011.0558154923],[4598349.900562809,2609987.4788103933],[4598098.0146227395,2610103.5977453184],[4597368.121929453,2610014.025098537],[4597073.568663867,2610283.5529645463],[4596658.718005238,2610316.3830107236],[4596554.578335398,2610188.730847585],[4596295.807511176,2610122.6458489504],[4596043.895381837,2609797.432384925],[4595996.418497233,2609564.1439545304],[4595614.890121369,2609377.850953743],[4595079.608912684,2609426.693805784],[4594950.290557932,2609513.2692157994],[4594992.460214291,2609661.734639852],[4594854.176153645,2610265.602375488],[4594701.258940961,2610430.654748779],[4594520.199008873,2610486.9507321683],[4594461.7998597855,2610756.4454166605],[4594248.591816362,2610836.5545426314],[4593988.051893182,2610753.493245547],[4593097.275237338,2610973.57912878],[4592837.521244398,2610960.1770360125],[4592578.776222642,2610866.8892215285],[4592516.28002802,2610700.39487736],[4592259.649575106,2610493.386887067],[4591859.8138002055,2610440.242595002],[4591125.286344884,2610133.3882871205],[4590736.0316671375,2610306.649008164],[4590488.0606634375,2610691.132548504],[4590440.307168082,2611046.981117984],[4589968.139189131,2611081.7056625495],[4590080.238902752,2611549.2389103947],[4589828.598209926,2612229.343901367],[4589428.214023946,2612161.8319081133],[4589167.693735361,2611981.807102754],[4589100.226079125,2613629.2038062937],[4591606.295388631,2613740.619206709],[4591505.988786726,2616236.500712131],[4593996.989153665,2616348.9268836677],[4593588.684470284,2623831.876578374],[4606161.669144563,2624402.5731290258]]]}},{"type":"Feature","properties":{"flugjahr":"2010","gebiet":"Steiermark"},"geometry":{"type":"Polygon","coordinates":[[[4740368.478169982,2685173.6289066793],[4740625.436303637,2682676.9408023255],[4741448.635986412,2682748.23138617],[4741709.107857616,2679646.101663378],[4740403.191658223,2679550.387580884],[4740917.731945586,2673349.9748493554],[4739667.830608309,2673209.8474514876],[4739985.176578846,2670633.0146118104],[4737795.9372332785,2670442.3010104806],[4739321.026059401,2667618.2676251843],[4737811.535766217,2667504.1698365193],[4737731.325970765,2667574.5192791373],[4737754.601410885,2667500.526936043],[4736210.204957622,2667382.8282659054],[4734795.439459771,2670180.963378695],[4729868.91210981,2669755.35721201],[4729800.068411895,2670297.6886292137],[4727376.083769242,2670045.242164334],[4726275.2249059,2683152.1286309864],[4728844.54710858,2683423.3983989907],[4728791.733075518,2684169.7114026435],[4740368.478169982,2685173.6289066793]]]}},{"type":"Feature","properties":{"flugjahr":"2010","gebiet":"Steiermark"},"geometry":{"type":"Polygon","coordinates":[[[4775084.004390911,2715695.008815358],[4773622.215477043,2717037.5039785895],[4770990.025348485,2718967.8193763746],[4769226.841660463,2720406.18639296],[4768203.818589209,2720876.8253175495],[4775370.464077008,2721364.0154308667],[4775825.034883417,2715798.630905996],[4775084.004390911,2715695.008815358]]]}},{"type":"Feature","properties":{"flugjahr":"2010","gebiet":"Steiermark"},"geometry":{"type":"Polygon","coordinates":[[[4691025.697970006,2695285.1084811925],[4692267.372634542,2694101.6782639753],[4692908.620784672,2694280.3807341866],[4693432.504203448,2695716.9141392256],[4693205.826222012,2695859.839741751],[4693138.001685482,2697618.0752673717],[4695962.395292993,2697876.2627831562],[4696013.166741531,2697826.914831598],[4697018.756872721,2685467.0838912562],[4690697.161553076,2685046.998941747],[4690624.321019891,2685992.8862389983],[4690560.981411265,2686035.1360452008],[4683184.975522555,2685537.4479812123],[4683134.408156052,2685491.248484906],[4683232.580305512,2683988.5606217803],[4682707.150676521,2684648.049273782],[4682905.717313741,2685533.9823898003],[4683553.1031622,2686190.3330798987],[4682539.216120818,2686924.420095336],[4681840.175667798,2686577.984637409],[4681265.450187366,2686480.4932771036],[4680337.829330785,2684218.828435723],[4679498.874482078,2683110.3056837902],[4679429.00735769,2682738.7644767826],[4680030.438070177,2681678.429377738],[4679982.840036675,2680958.60217427],[4680104.435888123,2680012.344605067],[4679995.968147238,2679469.884831193],[4679767.912589971,2679256.2265646],[4678965.850758446,2678951.1404823195],[4678270.483902442,2678191.1770950872],[4677745.89595238,2678155.861022354],[4677667.453961083,2678216.0677424553],[4677500.3059056215,2678140.4671251094],[4677395.668803685,2678207.836048658],[4677347.036414099,2678133.188774259],[4677315.27706916,2678602.4862421],[4678560.043059425,2678715.798350213],[4678546.3523502825,2678948.0573902726],[4678353.630125578,2678953.0180494976],[4678541.2259071525,2679029.1948520425],[4678511.2276387615,2679488.7651088494],[4678195.070971143,2679542.469042113],[4678259.130578413,2679645.680000394],[4678462.530184763,2679606.228754038],[4678498.503567348,2679683.661144831],[4678365.9389809035,2681714.146410867],[4678353.649640252,2681773.697707223],[4678238.95643424,2681762.567427851],[4678333.487333318,2682210.9350423766],[4678224.345975806,2683879.463476252],[4678174.976975871,2683819.4660160374],[4678042.076649513,2683852.6544369715],[4678093.247241517,2684143.8221765785],[4678030.941893207,2684180.8330156966],[4677371.444721618,2684137.2409729147],[4677235.033715044,2684023.8091615923],[4676809.426809371,2684104.0586316157],[4676460.740800933,2683981.269945211],[4675991.819593029,2684050.1950862235],[4657609.978035581,2682800.866847439],[4657830.840938531,2679372.241830287],[4657211.901420775,2679249.8225717265],[4657308.8832891015,2677778.0400646827],[4657404.130429033,2677730.6087565944],[4657463.361464366,2677108.2881578365],[4657573.9734976655,2676860.804937091],[4657512.373215027,2675977.4018596886],[4657624.313693524,2675452.0998877413],[4657510.6197555065,2675018.87993488],[4657627.317424894,2674759.4915681733],[4657552.355332947,2674240.874268605],[4657668.205840605,2673348.230392556],[4657612.837571325,2673103.653418338],[4657753.668642029,2670298.2290829057],[4653447.212589156,2670020.692850632],[4653007.942951375,2676419.786018559],[4653054.500485617,2676495.508116805],[4653621.247093754,2676534.8130715573],[4653534.865292087,2677952.2138586557],[4653470.405441901,2678026.4691902306],[4643543.883762469,2677351.624043771],[4642895.588966784,2687327.972103928],[4652977.777612589,2688013.854156611],[4653274.933441814,2687936.2377573396],[4653471.857859532,2688023.0497792633],[4654042.499072914,2688045.7189559327],[4654172.681744652,2687961.860205806],[4654625.509818785,2687948.9997060862],[4655463.07190381,2688180.4157440593],[4656002.350145951,2688173.424240888],[4655741.064654697,2692215.120073652],[4663897.362798928,2692756.4559084466],[4664485.410299238,2692672.2379138833],[4664506.730825928,2692346.674216783],[4664569.893456541,2692300.6349749407],[4683247.283671046,2693570.45142404],[4683279.886751077,2692927.705904791],[4687265.928013063,2693110.6613913],[4687244.921169514,2695095.1019146433],[4691025.697970006,2695285.1084811925]]]}},{"type":"Feature","properties":{"flugjahr":"2010","gebiet":"Steiermark"},"geometry":{"type":"Polygon","coordinates":[[[4745155.557572964,2638109.04896533],[4740736.469158934,2637819.8931325627],[4740364.480823846,2637717.487136297],[4739878.540966972,2637757.475526908],[4739539.906987997,2637650.8531469963],[4739335.216035393,2637681.4913532436],[4738242.51486697,2637525.172412069],[4737323.15125043,2637553.0987111796],[4736170.52842867,2637359.605611908],[4735457.073338012,2637399.456211071],[4735233.330620149,2637327.750353262],[4734789.191613103,2637416.8352142344],[4732810.99608792,2637274.358550178],[4732565.690285345,2637164.597014252],[4732229.236354811,2637230.3156920765],[4731983.062230495,2637145.762885713],[4731441.890684779,2637177.095253696],[4731113.6990331905,2637052.6149492674],[4730691.000652017,2637120.7621740345],[4728962.392829774,2636880.4492200376],[4728755.990776674,2636942.165844316],[4728310.321832396,2636896.389376678],[4728287.337826183,2636475.543620122],[4716492.153643873,2635692.9499536566],[4715809.923331087,2645890.2056464804],[4715658.752992252,2646827.6927461764],[4715725.751298182,2647033.008919516],[4715663.470241788,2648135.0139908986],[4715583.153890471,2648334.513359234],[4715635.887143295,2648561.527529927],[4715436.901419212,2651610.940698224],[4715296.920633024,2651925.011255154],[4715171.718504739,2652673.240256156],[4715056.659083273,2653775.73730469],[4715113.662164139,2653925.4365532924],[4715074.454290535,2654416.730011521],[4714966.618262378,2655069.604965034],[4715013.464270853,2655207.779707862],[4714808.669688086,2656150.7531386344],[4714898.343356874,2656774.7871698583],[4714881.122791938,2657527.6099508987],[4714957.198195865,2657740.681587366],[4714826.558241597,2658212.0816519484],[4714932.350965199,2658540.129365227],[4714917.00524303,2658611.1419812017],[4714352.263153971,2658631.7322978536],[4713839.474837947,2666561.877008252],[4720694.110213873,2667024.4773770524],[4720826.198347809,2665095.6561647826],[4720890.942614814,2665035.9438803904],[4721246.534492748,2665036.985680685],[4721240.778101427,2664590.0983155575],[4721408.742659617,2663992.30850062],[4721397.947355419,2663261.959226872],[4721560.79985285,2662290.2336489554],[4721643.358426417,2660625.2025165097],[4721713.904715834,2660427.0059198346],[4721674.1852833945,2660188.2909169984],[4721731.414957489,2659595.013921521],[4721814.396168226,2659561.9915011683],[4721835.590655731,2659225.439498946],[4721741.08914514,2659164.996667009],[4721820.972429938,2658906.9125420507],[4721793.352997912,2658194.041811459],[4721910.946100939,2657643.7523904834],[4721884.955641722,2657587.1757051004],[4720114.155354129,2657467.108936038],[4720073.927159577,2657412.850225641],[4720525.664208007,2650482.1010553986],[4717408.4472060045,2650221.316445425],[4717793.665091388,2644311.2666827566],[4716595.548902687,2644200.997107479],[4716552.157929609,2644121.16184052],[4716652.778319499,2642727.6071550804],[4717271.773097884,2642699.0461422876],[4717285.625758056,2642468.9018214373],[4717210.8340394795,2642468.5911771604],[4717198.057995164,2642372.8844973547],[4717242.123770613,2641464.675889047],[4717328.224102308,2641261.4084464936],[4717260.33516865,2641047.7363116723],[4717391.827905856,2640543.597242056],[4717301.359408469,2640190.5756574664],[4717437.868455809,2640134.959441107],[4717517.703289742,2639754.2127314243],[4729223.95587,2640529.538478107],[4729316.894164798,2640593.5527744517],[4729326.209934128,2640975.8975982126],[4729923.421987236,2641095.3692811453],[4730407.674720705,2641041.806944241],[4731347.828968763,2641166.6400335506],[4731526.062565781,2641114.585435],[4732108.929291317,2641243.50963901],[4744857.024303242,2642108.7765593757],[4745155.557572964,2638109.04896533]]]}},{"type":"Feature","properties":{"flugjahr":"2010","gebiet":"Steiermark"},"geometry":{"type":"Polygon","coordinates":[[[4683362.976055863,2681992.1042426364],[4683360.860817844,2681757.8209526828],[4683318.931233173,2681790.190965291],[4683382.586595195,2681690.955256542],[4683573.56153324,2678767.0420276667],[4683493.514130777,2678546.29341213],[4683388.093805068,2678592.5726516717],[4683325.237396967,2678531.8384439284],[4682476.983920692,2678479.7200254733],[4682200.0483746845,2678527.455538559],[4681512.334368339,2678409.784533349],[4681147.048131251,2678475.861939878],[4680213.645021453,2678322.1161587937],[4679044.811481819,2678243.357735456],[4679617.149339314,2678398.5509905624],[4680015.521451721,2678886.2676507924],[4680546.547853535,2679089.827074505],[4680712.603339939,2679506.8200867954],[4681093.465267683,2679799.567786293],[4680982.997353129,2680743.3343850984],[4681557.112149059,2682729.480790622],[4682109.222519294,2682748.857896925],[4683362.976055863,2681992.1042426364]]]}},{"type":"Feature","properties":{"flugjahr":"2010","gebiet":"Steiermark"},"geometry":{"type":"Polygon","coordinates":[[[4706265.803760931,2676684.1608441044],[4706827.695258339,2676764.066470459],[4706184.451734055,2684677.148595905],[4713242.680327865,2685290.202847194],[4713542.128222749,2680633.7274267566],[4713599.358236958,2680577.305739212],[4714168.617037214,2680613.136926191],[4714174.834905103,2679575.7742520673],[4714246.506029812,2679427.914565664],[4714315.047657048,2678399.601843361],[4714220.708371035,2678184.0754230446],[4714346.338544872,2677917.673827332],[4714385.015512762,2677124.67989357],[4706331.84130418,2676577.8000895786],[4706265.803760931,2676684.1608441044]]]}},{"type":"Feature","properties":{"flugjahr":"2009","gebiet":"Nieder\u00f6sterreich"},"geometry":{"type":"Polygon","coordinates":[[[4712739.693917518,2756563.2012270843],[4711975.351743303,2756265.3781508575],[4711735.5001984015,2756281.481421284],[4711659.355459696,2756188.1348232524],[4711601.164828288,2755658.7281705225],[4711202.077442726,2755485.094637478],[4711113.353547325,2755322.4061670816],[4711088.801140979,2754778.8023366616],[4711012.459716318,2754692.8981962027],[4711100.258740712,2754603.6727776937],[4711002.173251603,2754432.8489832897],[4711062.447507448,2754191.413214919],[4710664.954628663,2753868.3300274126],[4710805.503410742,2753371.5285030627],[4711066.782693294,2753322.714728645],[4711240.312617262,2753411.0679963697],[4711404.5459808465,2753236.6693577664],[4711245.417014258,2753029.212693036],[4711327.983386153,2752833.669885461],[4711457.463143105,2752752.4386479952],[4711470.203607774,2752596.0301949778],[4710730.41028906,2751468.3285735254],[4710131.872255553,2751732.8123987378],[4709543.760302581,2751664.5635588802],[4709491.342912157,2751744.085630605],[4708864.845315511,2751597.0332637713],[4708409.758020236,2751334.0628248127],[4708137.337709814,2751593.7406760408],[4707999.488609124,2751589.4090151545],[4707657.654407366,2751805.132504112],[4707622.570712904,2751731.101458384],[4707357.171218281,2751713.640458665],[4707255.393855975,2751779.758836082],[4707134.717482314,2751687.0424586083],[4706861.696059536,2751701.66754524],[4706607.316471353,2751610.8930915715],[4706251.208253072,2752031.783314119],[4706171.916100439,2752036.722397601],[4705855.724510266,2751631.575332286],[4705709.95636142,2751060.248196645],[4705539.146786747,2751052.004645151],[4705731.690396362,2750655.27941691],[4705587.307197456,2750407.9821294057],[4705281.744756614,2750270.0489935577],[4704999.9224269325,2750289.031707496],[4703879.367458546,2749903.4111360977],[4703206.511885466,2749804.996015753],[4702570.344850994,2749570.0772078056],[4701792.812325163,2749661.849974098],[4701447.849490967,2749556.7694726596],[4701204.286634065,2749569.555562533],[4701022.128951875,2749350.32934165],[4700622.248896086,2749461.209770225],[4700269.682836484,2749278.9883092633],[4700064.457997477,2749321.1819958384],[4698403.945833504,2750532.2128605177],[4698005.752381429,2750487.405009143],[4697747.6625903705,2750157.5593480715],[4697566.6432680385,2750088.060042824],[4697444.3462680485,2749928.267437499],[4696602.480295143,2749540.442559018],[4696106.166554652,2749417.562159664],[4695680.915964651,2749087.189479589],[4694881.781537892,2748887.520161136],[4694593.756957717,2748931.382800574],[4694242.043757878,2749135.700439499],[4693839.730681711,2749204.6591343633],[4693509.011660429,2748761.6720190523],[4693497.038462121,2748475.0572124235],[4692841.362010431,2748248.215793777],[4692357.3105373485,2747908.447231379],[4691972.478425743,2747305.907876976],[4691689.268623938,2747077.862161325],[4691743.334335387,2746903.4676117143],[4691545.23820577,2746635.252108334],[4691299.256773345,2746461.523990845],[4691232.536694312,2746254.0416950546],[4690925.306665122,2746080.641528868],[4690857.090034131,2745580.485868],[4690702.673713634,2745322.3562026005],[4689753.102819887,2745273.9569788575],[4689605.080125931,2745075.472195079],[4689372.572219543,2745218.3794424077],[4689086.170384632,2745162.240557553],[4689042.427273275,2745792.3173214016],[4686561.392739072,2748454.573792779],[4685429.174501923,2748851.849483357],[4684861.083321295,2748896.06519978],[4682738.868553754,2748800.985411323],[4681839.351693271,2748345.280493045],[4680032.975320202,2747660.9945934536],[4678363.59965906,2748091.8528137133],[4678268.114723433,2750250.1066941116],[4675770.287513869,2750134.9629777423],[4675306.9993076585,2760620.086918525],[4677804.588279303,2760735.014977665],[4677768.540759472,2761550.3801935585],[4695887.511660104,2763092.379003487],[4696136.175281366,2760103.5304123918],[4712329.845316202,2761483.4397043195],[4712739.693917518,2756563.2012270843]]]}},{"type":"Feature","properties":{"flugjahr":"2011","gebiet":"Steiermark"},"geometry":{"type":"Polygon","coordinates":[[[4683997.438756638,2748833.391526604],[4684861.083321295,2748896.06519978],[4685429.174501923,2748851.849483357],[4686561.392739072,2748454.573792779],[4689042.427273275,2745792.3173214016],[4689086.170384632,2745162.240557553],[4689372.572219543,2745218.3794424077],[4689605.080125931,2745075.472195079],[4689753.102819887,2745273.9569788575],[4690702.673713634,2745322.3562026005],[4690857.090034131,2745580.485868],[4690925.306665122,2746080.641528868],[4691232.536694312,2746254.0416950546],[4691299.256773345,2746461.523990845],[4691545.23820577,2746635.252108334],[4691743.334335387,2746903.4676117143],[4691689.268623938,2747077.862161325],[4691972.478425743,2747305.907876976],[4692357.3105373485,2747908.447231379],[4692841.362010431,2748248.215793777],[4693497.038462121,2748475.0572124235],[4693509.011660429,2748761.6720190523],[4693839.730681711,2749204.6591343633],[4694242.043757878,2749135.700439499],[4694593.756957717,2748931.382800574],[4694881.781537892,2748887.520161136],[4695680.915964651,2749087.189479589],[4696106.166554652,2749417.562159664],[4696602.480295143,2749540.442559018],[4697444.3462680485,2749928.267437499],[4697566.6432680385,2750088.060042824],[4697747.6625903705,2750157.5593480715],[4698005.752381429,2750487.405009143],[4698403.945833504,2750532.2128605177],[4700064.457997477,2749321.1819958384],[4700269.682836484,2749278.9883092633],[4700622.248896086,2749461.209770225],[4701022.128951875,2749350.32934165],[4701204.286634065,2749569.555562533],[4701447.849490967,2749556.7694726596],[4701792.812325163,2749661.849974098],[4702570.344850994,2749570.0772078056],[4703206.511885466,2749804.996015753],[4703879.367458546,2749903.4111360977],[4704999.9224269325,2750289.031707496],[4705281.744756614,2750270.0489935577],[4705587.307197456,2750407.9821294057],[4705731.690396362,2750655.27941691],[4705539.146786747,2751052.004645151],[4705709.95636142,2751060.248196645],[4705855.724510266,2751631.575332286],[4706171.916100439,2752036.722397601],[4706251.208253072,2752031.783314119],[4706607.316471353,2751610.8930915715],[4706861.696059536,2751701.66754524],[4707134.717482314,2751687.0424586083],[4707255.393855975,2751779.758836082],[4707357.171218281,2751713.640458665],[4707622.570712904,2751731.101458384],[4707657.654407366,2751805.132504112],[4707999.488609124,2751589.4090151545],[4708137.337709814,2751593.7406760408],[4708409.758020236,2751334.0628248127],[4708864.845315511,2751597.0332637713],[4709491.342912157,2751744.085630605],[4709543.760302581,2751664.5635588802],[4710131.872255553,2751732.8123987378],[4710730.41028906,2751468.3285735254],[4711470.203607774,2752596.0301949778],[4711457.463143105,2752752.4386479952],[4711327.983386153,2752833.669885461],[4711245.417014258,2753029.212693036],[4711404.5459808465,2753236.6693577664],[4711240.312617262,2753411.0679963697],[4711066.782693294,2753322.714728645],[4710805.503410742,2753371.5285030627],[4710664.954628663,2753868.3300274126],[4711062.447507448,2754191.413214919],[4711002.173251603,2754432.8489832897],[4711100.258740712,2754603.6727776937],[4711012.459716318,2754692.8981962027],[4711088.801140979,2754778.8023366616],[4711113.353547325,2755322.4061670816],[4711202.077442726,2755485.094637478],[4711601.164828288,2755658.7281705225],[4711659.355459696,2756188.1348232524],[4711735.5001984015,2756281.481421284],[4711975.351743303,2756265.3781508575],[4712984.04190564,2756678.9421238494],[4713925.346709468,2756435.315560256],[4714326.603510662,2756166.6368272826],[4714776.456893573,2756060.093805599],[4714814.014233048,2756166.588694291],[4715143.031100484,2756243.726802776],[4717010.514277611,2756013.2597302874],[4717247.979574312,2756371.9341867007],[4717158.729682896,2756637.4596194006],[4717240.567228338,2757024.712346262],[4717360.981610839,2757112.943092404],[4717449.484506188,2757075.9333078116],[4717514.926399174,2757183.6696184715],[4717487.48302256,2757743.2024320485],[4717386.893102443,2757825.733552597],[4717272.163933669,2758190.9676129348],[4717369.489018131,2758212.7064005034],[4717459.7831225805,2758509.2613107497],[4717394.203135927,2758562.148421722],[4717528.357793946,2758749.639877288],[4717467.0008794125,2759062.7965816567],[4717627.897810525,2759305.9559407067],[4717614.789271387,2759435.046563216],[4717931.549005123,2759532.262298165],[4718336.742950097,2759416.1827790523],[4718585.817242254,2759735.6954382253],[4718752.0802685255,2759695.103443832],[4718942.01002476,2759794.964868642],[4719233.146368549,2759607.5987505075],[4719491.952934708,2759609.510908294],[4720156.800782692,2760374.996938963],[4720449.139176329,2760450.2410844467],[4720708.702435326,2760466.8757673167],[4721034.908027674,2760245.680096575],[4721829.210635652,2760390.635648068],[4722149.948859321,2760322.0283382237],[4722239.363897901,2760136.0312462253],[4722512.039943054,2760278.884885],[4722847.123565853,2760254.6887801727],[4723288.594316607,2760373.24793706],[4723314.404692246,2760269.0730242515],[4723715.276326107,2760151.483151705],[4724311.652303338,2759580.891919465],[4724526.530396419,2759503.992654706],[4724598.867704196,2759092.9230107274],[4724776.079099367,2759194.2827156405],[4724895.091839283,2759140.2996115903],[4724981.882923517,2759258.4605080895],[4725226.918444879,2759218.3785505723],[4725328.538137019,2759340.466679448],[4725707.719503942,2759157.1320112566],[4725600.10889711,2758846.6032912326],[4725686.104813036,2758276.968873555],[4725594.5762257315,2757753.5232755886],[4726260.023221041,2756079.6313241483],[4726464.608955697,2756043.623508057],[4726637.61116185,2756129.30075558],[4727152.692221275,2756169.8270318643],[4727551.7085619485,2756658.828089695],[4727871.250256573,2756808.4374891734],[4727922.61427295,2756952.6769807492],[4728323.043227172,2756899.2632817207],[4728450.085948992,2756809.104360301],[4728547.759380522,2756338.529827525],[4728920.898844244,2755732.88839063],[4729071.009459458,2755329.36166481],[4729352.0447419835,2754951.452356916],[4729652.808858344,2755003.0333960056],[4730139.717175932,2754703.927437379],[4730762.695158024,2754900.79253224],[4731388.202356618,2754852.1474322747],[4731910.0371162295,2754918.746586711],[4732478.103435268,2754697.5915415045],[4732754.947895594,2754813.2100604633],[4733151.26610797,2754758.1852681953],[4733249.31075489,2754821.5687442455],[4733875.560414961,2754613.118949572],[4734124.51607068,2754351.6249672477],[4734341.562890794,2754253.2634388637],[4734387.684398843,2754117.254213751],[4734395.452206498,2753744.060047885],[4734263.212025468,2753637.915212697],[4734260.825710312,2753396.3426885772],[4733864.748424174,2753086.7304555615],[4734306.648215281,2752401.2496044254],[4734503.03931426,2752444.4851158233],[4734631.560755968,2752379.2884042463],[4734810.547476269,2752574.141697578],[4735438.684408931,2752423.9464425016],[4735906.720135188,2752581.9399415455],[4736080.473990742,2752721.204427432],[4736201.014485703,2752694.9788735765],[4737075.7015722655,2752947.166156825],[4737229.281383565,2752852.8927104482],[4737293.749912554,2752640.424388341],[4737872.045635314,2752568.6168706063],[4738143.955482577,2752873.0064560487],[4738643.906888384,2753087.203021319],[4739666.424518117,2753056.5041668173],[4740828.584068584,2753470.0783580313],[4741296.036122989,2753552.3449442373],[4741568.747728732,2753459.8012196715],[4741700.09649211,2753004.086491504],[4741896.69868222,2753009.23161818],[4742131.852769602,2752490.3697034377],[4742239.1794112725,2752426.8988549085],[4742313.261399748,2752109.0561798015],[4742243.05634675,2751989.366250412],[4742497.052423268,2751874.150406901],[4742662.84156461,2751467.5811715936],[4742956.920916708,2751194.6432346096],[4743074.612598992,2750939.8392573483],[4743097.831447401,2750589.4641534104],[4743472.342964389,2750130.5107605117],[4743685.226106595,2749646.754153807],[4744114.317043566,2749913.0406322205],[4744360.621362702,2749852.0095957853],[4744869.91946458,2749971.627810766],[4744979.985398235,2749832.039631961],[4745670.090446276,2749414.8060682258],[4746305.423964688,2749233.1408303906],[4747021.855079689,2748071.3026689915],[4747345.534197227,2748316.465393135],[4747665.32737737,2748722.777564645],[4747826.0717704315,2748731.7230799077],[4747922.964331047,2748837.939780998],[4747957.188863483,2749168.126046169],[4748274.879940709,2749733.0292439754],[4749655.030242771,2749796.7218516264],[4749827.738461714,2749680.045376803],[4749975.96946934,2749386.822150657],[4749954.499526437,2748949.3137663277],[4749766.090889411,2748737.625116895],[4749711.461256425,2748009.835836227],[4750105.142134683,2747453.066331746],[4750157.056573478,2747291.5723136514],[4750063.504753537,2746693.7836942114],[4750342.290539613,2746325.8281627204],[4750711.245275919,2745071.0729606203],[4750899.216695942,2744868.25730137],[4751057.961422254,2744414.2303533596],[4750764.338900255,2744252.7560458365],[4750709.393776327,2744344.2182046724],[4750614.691323064,2744298.230615898],[4750485.7129638055,2744362.9970161617],[4750348.526036949,2744219.239341703],[4750113.387622084,2744204.4534211974],[4749987.8681724565,2744274.504815442],[4749764.511216408,2744179.4845560645],[4748574.548011848,2744098.2313167327],[4748073.977063118,2744184.3231171006],[4747918.14807976,2744060.5428976994],[4747628.238656659,2744128.8120827815],[4747292.130869543,2744010.7369012358],[4746536.168327556,2744025.695002289],[4746319.813659386,2743944.4785554553],[4743790.399321375,2743772.1279725805],[4743694.258551039,2743817.6357281855],[4743426.095543011,2743747.787674921],[4726461.578572,2742592.920386032],[4726412.959989216,2742409.760390313],[4726132.974187628,2742227.9247655934],[4726125.071487811,2742070.35887592],[4725855.632948828,2742050.4981743703],[4725815.099879782,2741974.6821605456],[4726091.066803024,2737056.4460175876],[4725223.1955700815,2737003.3646315443],[4724883.6606974695,2737057.4336069548],[4724294.482490434,2736932.176282372],[4714298.440890323,2736254.9956611097],[4714166.953595203,2738020.450875042],[4714495.067416791,2738109.7429640563],[4714099.227661634,2738244.845688189],[4707933.509835603,2737812.28086811],[4708009.206408031,2736346.205920619],[4707926.521125142,2736237.2156902403],[4708681.60323843,2727140.7426690324],[4708739.681034372,2727088.5125379823],[4710675.808219498,2727238.2368456675],[4711669.353225975,2715268.6578616216],[4709695.8675000705,2715069.5867657326],[4709843.742110339,2713098.3277026406],[4703929.11820058,2712581.8073749864],[4703898.503578598,2712962.8373434115],[4703375.247540285,2712893.74327079],[4703224.156873986,2712946.161364209],[4702026.125166975,2712912.683156386],[4701578.480021286,2719732.264208341],[4701411.529111772,2719800.816333976],[4700373.385861206,2719772.893204027],[4700318.760862851,2719827.53250705],[4700055.904390581,2723759.608149778],[4699441.144425784,2723752.4310074747],[4699348.038114022,2724702.3796581444],[4698139.105976411,2724650.938410368],[4697990.665960782,2726623.837121777],[4696742.083787077,2726581.279441092],[4696484.312815601,2730500.7835519286],[4695854.680704685,2730543.715136292],[4695676.114893963,2733262.8337879675],[4695573.6603911035,2733341.6080677286],[4695589.3799849935,2733463.633966119],[4695662.0917949,2733476.0274268035],[4695497.172078921,2735970.570143306],[4684874.287777977,2735263.6522505134],[4683997.438756638,2748833.391526604]]]}},{"type":"Feature","properties":{"flugjahr":"2008","gebiet":"Tirol"},"geometry":{"type":"Polygon","coordinates":[[[4496332.660042983,2667126.5401072334],[4496391.987641666,2667130.447192527],[4496505.143776271,2667951.5710346447],[4496701.500231876,2668227.1137775304],[4497617.892843858,2668757.6211469644],[4499145.773480013,2669009.5376608744],[4500112.44097043,2669876.6506119315],[4499910.159492041,2670094.0226951707],[4499856.128631695,2670296.68865032],[4499927.262275025,2670984.539070167],[4499879.927095647,2671434.271764946],[4500334.773442214,2672170.570473419],[4500376.361396568,2672618.0775537584],[4503086.72335787,2673974.204681007],[4503659.9906750815,2673350.742998662],[4504136.380002094,2672966.386400829],[4504518.804277831,2672859.4902178636],[4504994.81233294,2673032.723681034],[4505241.726143064,2673393.623673818],[4505666.532869901,2672626.8443843955],[4505666.392859636,2672402.394078112],[4506511.313875541,2670365.589794092],[4506518.852262474,2670003.5283579696],[4506673.405177023,2669834.264919806],[4506855.538509541,2669232.8028166974],[4506959.491201048,2669213.8144609714],[4507069.3963538995,2668964.546836163],[4507435.060848347,2667789.854467745],[4507582.816148767,2667638.0842417064],[4508224.191743287,2666157.603795086],[4508523.661548729,2665151.002858062],[4508807.303352297,2664729.354499835],[4509415.509596704,2663335.9920383943],[4509380.777456686,2663124.2953492617],[4509477.529425196,2663011.622910248],[4509471.981810833,2662852.552646955],[4509711.354144712,2662585.1899762517],[4509874.165508104,2662025.341674172],[4510050.213468501,2661868.7375457077],[4510233.075858079,2661337.52056388],[4509557.454356413,2661014.4387644404],[4509337.978650711,2661007.6188962148],[4508691.082809345,2661260.468444929],[4508330.825364673,2661749.1448972253],[4507853.598112964,2661729.394490191],[4507375.144745164,2661572.8363949955],[4506754.050490267,2661844.1650429578],[4506522.142714905,2662083.4812858673],[4505762.92559558,2662119.3618647675],[4505428.848863536,2662423.3411158393],[4505159.892027678,2662484.679401956],[4505017.4924839325,2662429.196175536],[4504753.114654034,2662541.638899351],[4504357.867592604,2662958.869332765],[4503997.339195343,2663008.349058938],[4503890.417221125,2663191.220012712],[4503832.514783113,2663649.257770722],[4503236.933619224,2663899.628307254],[4502872.138914885,2664617.994594266],[4502697.119714528,2664715.227586413],[4502334.3834741255,2664809.083700397],[4501779.67295121,2664540.8343931027],[4498106.706439876,2665355.469868757],[4497897.562164088,2665492.150520698],[4497437.483402417,2665498.1608943855],[4497090.202050368,2665617.388794993],[4496932.908095757,2665936.0600254643],[4496644.381797194,2666226.3932604683],[4496571.112164325,2666384.1305089938],[4496615.361850453,2666629.431640056],[4496332.660042983,2667126.5401072334]]]}},{"type":"Feature","properties":{"flugjahr":"2013","gebiet":"Nieder\u00f6sterreich"},"geometry":{"type":"Polygon","coordinates":[[[4803324.63250964,2779315.9869909417],[4802869.3248514645,2778936.453205491],[4802372.512361983,2778798.0652948124],[4802186.703540611,2778305.6317544314],[4801611.337753364,2778051.3646908645],[4801246.520293322,2777356.440531449],[4800915.10702508,2777084.8865452986],[4800979.013988009,2776668.4494731775],[4800684.387334185,2776418.313241468],[4800414.157162927,2776341.0049497485],[4800547.594700904,2776123.115527086],[4800813.51055106,2776202.0996443853],[4800519.113208837,2775562.4869565614],[4800624.402502364,2775472.664241304],[4800744.117562312,2775493.4441752224],[4800791.9935232205,2775168.1556424065],[4800681.454463159,2774923.9333334025],[4800694.149185765,2774708.5722363014],[4800554.708414559,2774524.3727573035],[4800647.855394435,2774382.801964471],[4800626.981267551,2774264.3753515505],[4800487.951512634,2774214.825519683],[4800392.175024548,2774379.929615345],[4800271.442633387,2774378.875604959],[4799888.256699347,2774014.9039744986],[4800402.42112906,2773798.0853602393],[4799862.289079635,2773080.0871799826],[4800205.37559535,2772782.5408168244],[4799944.2729231585,2772700.576867768],[4799666.484898075,2772317.9625919824],[4799355.18993685,2772099.234814227],[4798452.532079898,2772649.0555319777],[4798182.048121655,2772268.943404949],[4798054.276044493,2772288.7773108454],[4798013.217232162,2771900.108672377],[4797111.479307292,2771268.044611151],[4796616.664658699,2771181.512070884],[4796375.98164358,2770971.9413582557],[4796332.215492027,2770816.948971131],[4796124.338515211,2770720.7891252697],[4795528.942487125,2770894.830649263],[4795630.434108812,2770722.988360267],[4796867.777839411,2769813.700695073],[4798373.846678594,2768849.427951485],[4798619.94484619,2768542.1511897324],[4798122.05442942,2767679.1054794295],[4798229.258465358,2767617.811579642],[4797009.952552259,2766010.8138682367],[4796775.133251966,2765946.6790269725],[4796071.2054855935,2765222.5437901206],[4796027.055957826,2765028.2441315823],[4796142.495201615,2764523.566767759],[4796210.872365479,2764484.1466647303],[4796161.51125549,2763999.061205916],[4795813.863197341,2763477.409021906],[4795558.583041729,2763634.6534680836],[4794940.603304043,2763309.892455315],[4794587.166977886,2762552.6831457876],[4794429.558310719,2761891.2642458435],[4793884.292060218,2761442.581426802],[4793222.218400603,2762066.6464568526],[4793419.724370431,2762761.0217769537],[4793133.004841243,2763464.8028629003],[4793315.275656932,2763479.1559962146],[4793635.082013753,2763660.057129285],[4793182.493232339,2763904.48873869],[4792204.634161877,2764014.17433278],[4791420.698499206,2764216.876673526],[4790936.930345257,2764080.2421649857],[4790737.2666634675,2763842.2298063734],[4790301.490802216,2762442.034729232],[4790327.70069476,2761849.5702158352],[4790729.092935167,2761800.6986713246],[4790802.242565444,2762100.7795124063],[4791073.046738077,2762086.2525656205],[4791480.601279769,2761826.8441986493],[4792702.096942769,2761565.754674927],[4792991.7615626445,2761376.000780974],[4792805.861101115,2760372.548631967],[4792408.903758462,2759489.4978401717],[4792549.666921295,2759384.535841033],[4792706.938011442,2758851.7462899038],[4792870.825434397,2758753.1943837735],[4792937.379896521,2758581.542102257],[4792878.223712454,2758118.2206851575],[4793005.221378621,2757357.7700981093],[4792922.049188024,2757123.511994396],[4792706.352902561,2756939.43896429],[4792577.47531262,2756541.371563141],[4792686.047419566,2756049.9262323612],[4792599.951499713,2755809.132592688],[4792570.6193341855,2755081.3240045467],[4792813.33725219,2754246.3610583534],[4792758.328515148,2753991.492587079],[4792987.465086588,2753622.4975623637],[4793009.039431604,2753188.8397817155],[4793536.848479129,2752884.680259582],[4793876.584602259,2751678.7546912907],[4794231.017225166,2751502.5991667965],[4794364.644122813,2751314.1028371416],[4794264.515859045,2750593.691415552],[4794512.802046586,2750620.1753484407],[4794937.204808255,2750495.991124008],[4796212.380997607,2749796.8065074375],[4796554.470368752,2749967.16401768],[4797019.241541093,2749901.7956370013],[4797079.171075089,2750053.95108187],[4797590.032272741,2750122.472948085],[4797715.516244224,2749387.466524619],[4797646.796881318,2749106.1139683393],[4797890.530798706,2748894.9337993395],[4798244.637187655,2748367.1376233613],[4798401.607734557,2747975.775913177],[4798360.338087734,2747776.0241942555],[4776354.759905196,2745886.721976607],[4773778.339440744,2776775.9879374728],[4803324.63250964,2779315.9869909417]]]}},{"type":"Feature","properties":{"flugjahr":"2010","gebiet":"Steiermark"},"geometry":{"type":"Polygon","coordinates":[[[4754987.8177447915,2682962.8094657618],[4755496.423681401,2684333.9701584284],[4755877.07935305,2684514.886668827],[4756442.087363793,2684238.888434642],[4756659.357851762,2683830.558223134],[4756706.816445796,2683275.162934107],[4756552.304109261,2682939.6051683957],[4756274.994572574,2681524.164799467],[4756488.127516336,2681118.6483524116],[4756152.772523263,2680499.3732630834],[4755403.2184420535,2680143.107746903],[4754564.09526716,2680662.616773694],[4754269.845988814,2681409.72584127],[4754575.507117216,2682431.0473575634],[4754987.8177447915,2682962.8094657618]]]}},{"type":"Feature","properties":{"flugjahr":"2007","gebiet":"Nieder\u00f6sterreich"},"geometry":{"type":"Polygon","coordinates":[[[4755594.86216311,2754142.9108285033],[4756626.540289079,2741810.318329988],[4756273.033273229,2741850.6580442237],[4755805.62178715,2742163.452416229],[4755449.790062645,2742021.2258355552],[4755237.931281891,2742043.844924382],[4755219.892065116,2742283.5205569174],[4755093.575939212,2742410.1862378954],[4754357.122450376,2742069.830536824],[4753863.697304406,2741466.311991439],[4752935.521754809,2741090.6129394155],[4752499.614376763,2741011.0602033986],[4752228.800284213,2741146.044827164],[4752496.317370484,2741769.443796337],[4752399.938098089,2742019.223994588],[4751641.13440263,2742471.8707545185],[4751110.629197635,2742420.312728176],[4750931.266189053,2742515.558337872],[4750897.290322643,2743055.008064784],[4751118.948505739,2743883.361369489],[4751051.578771884,2744500.9694800256],[4750899.216695942,2744868.25730137],[4750711.245275919,2745071.0729606203],[4750342.290539613,2746325.8281627204],[4750079.363884639,2746649.6507884446],[4750147.879617656,2747334.123500251],[4749998.011637795,2747639.3957029544],[4749771.536293623,2747862.7411061376],[4749687.360831482,2748167.3030781345],[4749766.090889411,2748737.625116895],[4749954.499526437,2748949.3137663277],[4749975.96946934,2749386.822150657],[4749956.049575755,2749511.9123452315],[4749686.220450018,2749775.999082804],[4749366.703395111,2753609.9459515237],[4755594.86216311,2754142.9108285033]]]}},{"type":"Feature","properties":{"flugjahr":"2012","gebiet":"Tirol"},"geometry":{"type":"Polygon","coordinates":[[[4434513.776419371,2662649.2470761565],[4435501.720453353,2662810.288838359],[4436537.945842479,2663248.046514806],[4437579.159597511,2663376.0876378696],[4438714.082640087,2663742.7088601002],[4441430.134913602,2665761.1535971407],[4441851.945318603,2665217.7599860034],[4441610.293653773,2664778.446027695],[4440811.649595252,2664590.218380117],[4439262.173988175,2663223.6834519673],[4438419.229321084,2662848.950059342],[4436876.292847014,2662438.6263571437],[4436316.3100484535,2662093.074323525],[4435402.696464059,2662635.231600832],[4434513.776419371,2662649.2470761565]]]}},{"type":"Feature","properties":{"flugjahr":"2009","gebiet":"Tirol"},"geometry":{"type":"Polygon","coordinates":[[[4528555.4087745845,2626178.358971494],[4526277.430844467,2626204.981045914],[4524166.0660012495,2625809.4357123896],[4521438.345217179,2626376.651978458],[4519048.911670842,2626207.340562195],[4516190.286162734,2626922.5416877037],[4513606.086303159,2627329.018055988],[4511748.933868868,2628331.315370135],[4511833.430924219,2628637.592986278],[4513970.66036807,2629394.361929793],[4517310.678558168,2630739.2349839285],[4521762.636055249,2632333.189626821],[4525676.278010032,2633269.947512709],[4529937.6312184995,2633429.218919861],[4531090.70854393,2634960.9735654085],[4531861.172930418,2635803.9351353906],[4532331.851591649,2636061.3465366256],[4533524.605400362,2636402.571457039],[4534967.350547237,2636325.3783590198],[4536085.101600412,2635592.927592087],[4538419.235511744,2635014.6341881026],[4539897.167759302,2634190.4922396443],[4542629.647850154,2633245.386026135],[4541667.945015449,2632429.19674333],[4541380.131112453,2632048.4015127183],[4541061.352879269,2631786.1444341745],[4540285.581508533,2631522.082979557],[4539527.337019095,2631442.990809707],[4538547.594898762,2630304.725403919],[4538117.4285783805,2630146.570052954],[4537620.136929598,2630091.5993730463],[4537505.986713426,2630005.586600756],[4537202.541510541,2630109.883229081],[4536974.537356585,2630374.084753162],[4536671.843935834,2630163.8026116514],[4536245.112506034,2630164.349245934],[4536023.141057325,2630029.4434484304],[4535851.605365028,2630789.652846487],[4535216.240825698,2630809.385797598],[4535006.496153404,2630609.5558893294],[4534789.626882807,2630652.5919757346],[4534653.000991786,2630552.859901898],[4534407.119951809,2630753.3872769615],[4534335.517968387,2630329.703431317],[4533564.432753893,2630290.4512773165],[4532768.47765172,2629975.1992860483],[4532052.176419264,2630032.5992832854],[4531726.332077105,2629687.607246483],[4531380.093884335,2629692.8235509614],[4530658.097601884,2628951.884638971],[4529619.461765966,2629182.713321015],[4529123.454275696,2628849.1922336896],[4528644.846639721,2628284.3029772877],[4528851.104265023,2627691.2292565163],[4528580.148994091,2626594.5767769483],[4528555.4087745845,2626178.358971494]]]}},{"type":"Feature","properties":{"flugjahr":"2008","gebiet":"Nieder\u00f6sterreich"},"geometry":{"type":"Polygon","coordinates":[[[4749686.220450018,2749775.999082804],[4748977.3077093605,2749810.9609645465],[4748274.879940709,2749733.0292439754],[4747957.188863483,2749168.126046169],[4747922.964331047,2748837.939780998],[4747826.0717704315,2748731.7230799077],[4747665.32737737,2748722.777564645],[4747345.534197227,2748316.465393135],[4747021.855079689,2748071.3026689915],[4746305.423964688,2749233.1408303906],[4745670.090446276,2749414.8060682258],[4744979.985398235,2749832.039631961],[4744869.91946458,2749971.627810766],[4744360.621362702,2749852.0095957853],[4744114.317043566,2749913.0406322205],[4743685.226106595,2749646.754153807],[4743472.342964389,2750130.5107605117],[4743097.831447401,2750589.4641534104],[4743074.612598992,2750939.8392573483],[4742956.920916708,2751194.6432346096],[4742662.84156461,2751467.5811715936],[4742497.052423268,2751874.150406901],[4742243.05634675,2751989.366250412],[4742313.261399748,2752109.0561798015],[4742239.1794112725,2752426.8988549085],[4742131.852769602,2752490.3697034377],[4741896.69868222,2753009.23161818],[4741700.09649211,2753004.086491504],[4741568.747728732,2753459.8012196715],[4741296.036122989,2753552.3449442373],[4740828.584068584,2753470.0783580313],[4739666.424518117,2753056.5041668173],[4738643.906888384,2753087.203021319],[4738143.955482577,2752873.0064560487],[4737872.045635314,2752568.6168706063],[4737293.749912554,2752640.424388341],[4737229.281383565,2752852.8927104482],[4737075.7015722655,2752947.166156825],[4736201.014485703,2752694.9788735765],[4736080.473990742,2752721.204427432],[4735906.720135188,2752581.9399415455],[4735438.684408931,2752423.9464425016],[4734810.547476269,2752574.141697578],[4734631.560755968,2752379.2884042463],[4734503.03931426,2752444.4851158233],[4734306.648215281,2752401.2496044254],[4733864.748424174,2753086.7304555615],[4734260.825710312,2753396.3426885772],[4734263.212025468,2753637.915212697],[4734395.452206498,2753744.060047885],[4734387.684398843,2754117.254213751],[4734341.562890794,2754253.2634388637],[4734124.51607068,2754351.6249672477],[4733875.560414961,2754613.118949572],[4733249.31075489,2754821.5687442455],[4733151.26610797,2754758.1852681953],[4732754.947895594,2754813.2100604633],[4732478.103435268,2754697.5915415045],[4731910.0371162295,2754918.746586711],[4731388.202356618,2754852.1474322747],[4730762.695158024,2754900.79253224],[4730139.717175932,2754703.927437379],[4729652.808858344,2755003.0333960056],[4729352.0447419835,2754951.452356916],[4729071.009459458,2755329.36166481],[4728920.898844244,2755732.88839063],[4728547.759380522,2756338.529827525],[4728450.085948992,2756809.104360301],[4728323.043227172,2756899.2632817207],[4727922.61427295,2756952.6769807492],[4727871.250256573,2756808.4374891734],[4727551.7085619485,2756658.828089695],[4727152.692221275,2756169.8270318643],[4726637.61116185,2756129.30075558],[4726464.608955697,2756043.623508057],[4726260.023221041,2756079.6313241483],[4725594.5762257315,2757753.5232755886],[4725686.104813036,2758276.968873555],[4725600.10889711,2758846.6032912326],[4725707.719503942,2759157.1320112566],[4725328.538137019,2759340.466679448],[4725226.918444879,2759218.3785505723],[4724981.882923517,2759258.4605080895],[4724895.091839283,2759140.2996115903],[4724776.079099367,2759194.2827156405],[4724598.867704196,2759092.9230107274],[4724526.530396419,2759503.992654706],[4724311.652303338,2759580.891919465],[4723715.276326107,2760151.483151705],[4723314.404692246,2760269.0730242515],[4723288.594316607,2760373.24793706],[4722847.123565853,2760254.6887801727],[4722512.039943054,2760278.884885],[4722239.363897901,2760136.0312462253],[4722149.948859321,2760322.0283382237],[4721829.210635652,2760390.635648068],[4721034.908027674,2760245.680096575],[4720708.702435326,2760466.8757673167],[4720449.139176329,2760450.2410844467],[4720156.800782692,2760374.996938963],[4719491.952934708,2759609.510908294],[4719233.146368549,2759607.5987505075],[4718942.01002476,2759794.964868642],[4718752.0802685255,2759695.103443832],[4718585.817242254,2759735.6954382253],[4718336.742950097,2759416.1827790523],[4717931.549005123,2759532.262298165],[4717614.789271387,2759435.046563216],[4717627.897810525,2759305.9559407067],[4717467.0008794125,2759062.7965816567],[4717528.357793946,2758749.639877288],[4717394.203135927,2758562.148421722],[4717459.7831225805,2758509.2613107497],[4717369.489018131,2758212.7064005034],[4717272.163933669,2758190.9676129348],[4717386.893102443,2757825.733552597],[4717487.48302256,2757743.2024320485],[4717514.926399174,2757183.6696184715],[4717449.484506188,2757075.9333078116],[4717360.981610839,2757112.943092404],[4717240.567228338,2757024.712346262],[4717158.729682896,2756637.4596194006],[4717247.979574312,2756371.9341867007],[4717010.514277611,2756013.2597302874],[4715143.031100484,2756243.726802776],[4714814.014233048,2756166.588694291],[4714776.456893573,2756060.093805599],[4714386.9084661035,2756141.3942511133],[4713925.346709468,2756435.315560256],[4713584.531429373,2756551.727293404],[4713325.322182007,2756552.3746676487],[4712984.04190564,2756678.9421238494],[4712739.693917518,2756563.2012270843],[4712329.845316202,2761483.4397043195],[4749698.789732028,2764676.192082551],[4750612.34153756,2753716.5126815904],[4749366.703395111,2753609.9459515237],[4749686.220450018,2749775.999082804]]]}},{"type":"Feature","properties":{"flugjahr":"2009","gebiet":"Steiermark"},"geometry":{"type":"Polygon","coordinates":[[[4782784.936024303,2664969.1201188955],[4782588.827637001,2664580.769901589],[4782513.985186343,2664004.2753581544],[4782620.380043978,2663546.334978324],[4782560.369219399,2663263.6367041115],[4782391.613976836,2663069.526641055],[4782088.1731866915,2662963.3126492887],[4781854.016343801,2662723.1748351054],[4781495.850771795,2662862.6154818004],[4781347.470991621,2662530.4635650055],[4780863.763825027,2662187.150758904],[4780773.065149879,2662001.2616596203],[4780799.035744441,2660869.25710902],[4780458.9322421495,2660832.178887879],[4779941.388815431,2660342.4994693617],[4779815.491704929,2660113.2179707764],[4779449.271667559,2659849.861426704],[4779210.921133819,2659819.0146345114],[4779148.611484661,2659711.4568077084],[4778952.890746972,2658978.0834208727],[4778913.688879186,2658343.1032064683],[4779038.711925028,2657884.407072392],[4779024.527033848,2656835.4107309706],[4778557.741535006,2655832.518070298],[4778600.577713609,2655659.7902751495],[4778960.910549057,2655415.1481348155],[4778692.9809642,2654851.053361589],[4773133.603297289,2654330.2758986475],[4772593.188859848,2661318.1111793723],[4776654.4964288045,2665562.3761408445],[4777518.77608821,2665501.2099858234],[4778843.496357186,2665249.5673620948],[4780525.942389499,2665357.469693671],[4781254.706160936,2665166.9851943767],[4782784.936024303,2664969.1201188955]]]}},{"type":"Feature","properties":{"flugjahr":"2009","gebiet":"Salzburg"},"geometry":{"type":"Polygon","coordinates":[[[4590222.9569713455,2706213.360794241],[4580091.474173052,2705749.7036439604],[4579763.8927745335,2713238.4119170774],[4584761.419932086,2713464.231541092],[4584717.709006798,2714462.743359967],[4587216.444909406,2714575.737956328],[4587260.163282407,2713577.2236292805],[4589758.892624828,2713690.270410411],[4589802.614249674,2712691.756486454],[4591826.520553365,2712783.2922193413],[4591856.024792912,2712663.7193797673],[4591744.5208040085,2712393.4123714035],[4591874.521261907,2712181.160899471],[4591954.231908563,2711790.0822952134],[4591747.745570803,2711454.516888115],[4591747.337902372,2711304.63034713],[4591578.521736801,2711219.853754141],[4591471.839315634,2711017.3610038054],[4591439.494240134,2710291.434683173],[4590999.056133611,2709643.3922906974],[4590995.851664232,2709433.874744888],[4590859.227612992,2709231.727756319],[4590716.163349266,2708000.50623324],[4590300.896783703,2707690.466224304],[4589952.795138016,2707234.266593693],[4590094.143766248,2706751.280196911],[4590058.950758074,2706434.189196089],[4590222.9569713455,2706213.360794241]]]}},{"type":"Feature","properties":{"flugjahr":"2012","gebiet":"Steiermark"},"geometry":{"type":"Polygon","coordinates":[[[4623100.271504381,2672049.7741035973],[4623497.3264540015,2672271.972345584],[4623804.4129077485,2672328.9637052566],[4624223.9716312,2672655.2643042463],[4624478.826805236,2672531.7514809505],[4624580.092733479,2672071.0122854183],[4624399.005674125,2671904.6627547904],[4624017.9141989695,2671270.885222667],[4623864.715541866,2670557.40505805],[4624032.311691026,2670137.712445559],[4624035.136799481,2669774.577059452],[4624193.983481382,2669440.55039458],[4624435.3681205325,2669258.3834161134],[4624834.7704911325,2668370.88609906],[4624962.633966006,2667897.3539632903],[4624687.063587889,2667829.7872562236],[4624224.060482678,2668338.121050012],[4624115.858245817,2668705.470697152],[4623779.813114444,2669059.4624279817],[4623433.574235228,2669210.8459463],[4623253.408035042,2670446.5582598965],[4623021.691385517,2670843.3229614072],[4623100.271504381,2672049.7741035973]]]}},{"type":"Feature","properties":{"flugjahr":"2011","gebiet":"Steiermark"},"geometry":{"type":"Polygon","coordinates":[[[4632523.250460931,2721679.9080492817],[4632838.473141355,2721830.691862367],[4633220.486924603,2721567.9997696667],[4633659.687737905,2721563.0073863366],[4633589.9669190645,2721435.8411720325],[4633656.537390237,2720878.352816697],[4633553.265031497,2720356.152943207],[4633750.5527020665,2719969.7877163794],[4634009.7548700925,2719747.4001881573],[4634101.943902943,2719450.326302283],[4633954.300449871,2719208.366624864],[4633580.621305066,2719186.305314809],[4632993.275776647,2719741.0414882195],[4632769.961930619,2720104.19882859],[4632530.495903352,2720834.96457432],[4632523.250460931,2721679.9080492817]]]}},{"type":"Feature","properties":{"flugjahr":"2010","gebiet":"Steiermark"},"geometry":{"type":"Polygon","coordinates":[[[4664452.957068919,2702804.305964131],[4664565.3391996045,2700818.8957266333],[4661537.8153475,2700614.850340986],[4661462.914853787,2700553.305783123],[4661784.734166945,2695621.542521066],[4655545.088135637,2695195.2344411556],[4655447.96394315,2696669.342373215],[4656047.858008232,2696750.2390573765],[4655993.02333358,2697235.523712119],[4652931.553666767,2697032.879203764],[4652887.584235934,2697478.352978382],[4652819.798821576,2697523.326227109],[4647892.515714003,2697203.6798933195],[4647541.885378183,2702680.245847221],[4648639.67323388,2702701.5681839944],[4649277.081331635,2702794.878261587],[4649207.487030833,2702715.5723739485],[4649463.94598462,2702683.5767145553],[4650060.966118898,2702849.5562845627],[4651152.449270964,2702824.330391163],[4651439.422053907,2702911.297951881],[4651568.316913619,2702840.8421181445],[4651694.827808767,2702957.1941555194],[4652483.241040074,2703010.427717616],[4652604.027442903,2702019.2560710553],[4664452.957068919,2702804.305964131]]]}},{"type":"Feature","properties":{"flugjahr":"2012","gebiet":"Steiermark"},"geometry":{"type":"Polygon","coordinates":[[[4678363.59965906,2748091.8528137133],[4680032.975320202,2747660.9945934536],[4681839.351693271,2748345.280493045],[4682738.868553754,2748800.985411323],[4683997.438756638,2748833.391526604],[4684874.287777977,2735263.6522505134],[4680572.11121648,2734972.188880937],[4680450.40884791,2735964.3183342167],[4678730.0232504625,2735854.7164157536],[4678754.676813447,2736086.8643250098],[4678976.929043776,2736208.4701805897],[4678746.101955674,2737328.6693219426],[4678622.090048495,2737522.537349067],[4678019.892044205,2737848.8391168783],[4677463.232874003,2738493.74621025],[4676503.772231932,2738940.6380849513],[4676459.856000272,2739334.2066758852],[4676182.660448217,2739592.304804436],[4676096.016235496,2739878.4938882],[4676143.884252116,2740035.380923233],[4676055.624702207,2740122.8807824757],[4675322.3659602925,2739731.2870316613],[4675004.600358621,2739701.4349433198],[4674944.433321757,2739833.2070470518],[4675017.50604835,2740154.1301062275],[4674556.6934823785,2740476.3733212673],[4674511.3411947545,2740885.040881171],[4674399.366016926,2741037.5961925536],[4674021.574864765,2741189.687027074],[4674120.053104756,2741394.410689637],[4673615.559587224,2741666.862509967],[4673263.652128864,2742022.725727709],[4673120.3251340585,2742366.34349897],[4672453.079232876,2742602.002118769],[4672324.805955703,2742714.702680512],[4672416.122438583,2742932.1144158714],[4672644.675687924,2743004.1867355853],[4672912.082800301,2743239.041143803],[4673012.984317659,2743445.3120841915],[4673010.1470767595,2743768.6478303764],[4672743.542996649,2743893.4747063583],[4672311.9097824,2744318.766154345],[4671829.150628333,2744434.173417362],[4671691.943867564,2744651.2679852135],[4671787.628893147,2744879.4902034104],[4672006.612526253,2744827.8892585654],[4672000.589452603,2744957.8164429762],[4673493.2289185515,2745026.547903946],[4673382.856459191,2747523.2054723743],[4678378.61434847,2747752.4146337267],[4678363.59965906,2748091.8528137133]]]}},{"type":"Feature","properties":{"flugjahr":"2017","gebiet":"Steiermark"},"geometry":{"type":"Polygon","coordinates":[[[4722010.322698369,2712191.7153609837],[4722181.264298641,2711867.1057298863],[4722249.4749018205,2711409.9762739744],[4721967.570729043,2710432.5545456773],[4722005.146294392,2710195.0056028455],[4722213.926620348,2710114.6707211314],[4723018.5379684325,2710063.2607294023],[4723981.68629989,2709717.408996381],[4724199.12147579,2709541.4286069353],[4724461.5482235635,2709153.0621590624],[4724924.170255944,2708834.333631255],[4725124.413440836,2707952.370887723],[4725339.778383816,2707420.4973529237],[4725475.666624516,2707121.7531028716],[4725677.0368997585,2707076.0802587452],[4725773.43549027,2706873.264399174],[4725806.066103319,2706377.833536648],[4726739.382694681,2705006.997306814],[4726788.079916374,2704776.27493428],[4727210.890839716,2704184.9128314485],[4727633.281838,2703777.95994023],[4727746.166241924,2703259.171975652],[4727695.194119703,2702891.815568226],[4727355.802803923,2702389.2094594985],[4727120.2568650665,2702223.8011105815],[4726119.612137539,2701778.53072128],[4725617.526777755,2701671.6894303984],[4724763.623825771,2701059.9317564317],[4724082.812382248,2700768.6892386526],[4723541.819180628,2700655.0893525383],[4723145.490156634,2700354.795796344],[4723407.5737296585,2700202.00012577],[4723860.962317623,2700247.9218857232],[4724172.045379299,2700135.2542332676],[4724492.040105677,2699855.7823649584],[4724688.543444521,2699371.6339031435],[4724413.906808321,2698099.9058186966],[4724069.907722358,2697922.6705908985],[4723713.244289007,2697508.2709675925],[4723666.538118349,2696873.251254857],[4723472.5099763945,2696411.5208466933],[4723456.331683319,2696154.569269359],[4723580.849684498,2696031.1953325532],[4723985.309846742,2695887.8068343163],[4724179.580698505,2695492.728661124],[4724668.321176214,2694955.653410904],[4725055.940374237,2694753.2757904977],[4725528.282225568,2694246.589318155],[4725716.189699634,2693734.1666501686],[4725797.269045575,2693003.0421638284],[4726276.894372451,2692762.544352146],[4726369.876947314,2692640.3993559917],[4726356.928591421,2692426.0097856186],[4726117.021464634,2692260.103500115],[4726158.332371036,2691773.568687092],[4726331.569957018,2691180.9305974604],[4726819.743285895,2690513.2039604643],[4726819.653261292,2690349.4337317776],[4726650.414608138,2690039.1979567967],[4726363.218455504,2689801.5374372085],[4725938.99559518,2689635.1374777877],[4725541.031950389,2689228.2160952883],[4725341.729321028,2688883.6190774334],[4725172.939847016,2688306.8273254014],[4724886.05115818,2688295.7706859736],[4724326.201880822,2688605.915025921],[4724385.786494544,2688811.294766141],[4724677.197757634,2689110.4643269554],[4725347.529516767,2690298.502066836],[4725379.715936116,2690699.749162773],[4725065.29607394,2691615.6349646086],[4724861.465866925,2693063.80017494],[4724938.5871487195,2693329.433283822],[4725174.850167108,2693655.4916244424],[4724873.263631585,2693715.38362442],[4724392.112078793,2693475.0919701373],[4723739.652824163,2694027.454639073],[4723231.1851155795,2694166.215418588],[4722888.351368158,2694667.6494529373],[4722667.717872602,2695934.9884368894],[4722668.453970301,2696395.348032696],[4722851.452451409,2696981.5781333908],[4722436.055884658,2697983.3246887894],[4722416.925237822,2698279.7081067916],[4722531.260934305,2698575.886804384],[4723248.232181057,2699329.4733401653],[4723152.13453597,2699448.3851970015],[4722543.316116219,2699515.510916598],[4722360.485993982,2699645.181125199],[4722187.944511894,2700228.700531241],[4722425.627351481,2700868.5427088686],[4722596.791282625,2701122.9859504765],[4722856.2655143,2701297.182697569],[4723375.519791515,2701511.821435935],[4723833.066593086,2701420.2271261187],[4724373.894386054,2701560.514062297],[4725456.026774078,2702252.4918762464],[4726290.27101346,2702643.9855398103],[4726762.628247394,2703348.2414671765],[4726861.40636159,2703757.1494475864],[4726823.743411344,2703877.0811458994],[4725275.551630841,2705639.004990398],[4725048.187469092,2706333.524411494],[4724655.679235109,2706829.919239994],[4724440.058883366,2707540.1035233596],[4724234.371847386,2707698.8678087587],[4723564.669515608,2708790.208404077],[4722975.176257947,2709202.6301378002],[4722133.414900697,2709408.4089737814],[4721564.122439048,2709782.266574762],[4721288.040086774,2710520.094599254],[4721597.847886369,2711472.1792762075],[4721568.01738474,2711739.4931949754],[4721413.130350751,2711822.4897358986],[4721058.133730645,2711631.6256365613],[4720201.15162338,2711502.6387215373],[4719713.249842107,2711829.8508495083],[4719519.507024819,2712727.559211802],[4719621.263753682,2713169.248305852],[4718975.288330651,2713038.040218286],[4718681.131514344,2713150.7074050135],[4718311.371332087,2713141.145373674],[4717931.687532101,2712955.8149401513],[4717805.382828283,2712797.0563696106],[4717551.417615586,2712742.6045773476],[4717406.4898867775,2712603.9578537415],[4717196.261792667,2712592.3787440294],[4716963.404063878,2712348.309459918],[4716656.238296944,2712300.5738210906],[4715994.782826115,2712016.331061568],[4714931.141182601,2712237.01302178],[4714503.304988671,2712810.079555137],[4713860.23855939,2713052.1962590087],[4713534.076549445,2713066.3492237492],[4712932.16374307,2712539.7536357627],[4712615.701137655,2712109.668433907],[4712274.584470216,2711954.117020122],[4711497.599849702,2711798.108287897],[4710595.942817451,2711259.225093148],[4710301.205069747,2711606.3730903976],[4710218.378617357,2711845.1446956154],[4710280.973772829,2711919.0821523727],[4710189.884940755,2711910.113917102],[4710145.203496914,2712249.971988194],[4710208.993064418,2712565.3682334265],[4710679.048976659,2712924.2946455358],[4711137.278497035,2712975.865165511],[4711782.481075244,2712917.9932404566],[4712252.64392838,2713033.346652249],[4712567.774811159,2713281.659250883],[4712807.6377138905,2713813.8521639425],[4713456.417616155,2714086.4733399698],[4713832.052528348,2714110.7742031026],[4714063.712628602,2714028.765446208],[4714872.538814058,2713494.9980440387],[4715576.604740463,2713266.943918935],[4716637.053446577,2713615.8207102427],[4717702.531636629,2714386.4657053114],[4718111.35669199,2714488.4417298133],[4718504.1171654295,2714443.4915668517],[4718787.467430089,2714545.3267882224],[4719304.927926708,2714545.3649276034],[4719372.853119302,2714350.368492609],[4719773.4269757485,2714143.0103602973],[4720221.5141772255,2713572.8224112047],[4720279.048158914,2713208.5500277556],[4720240.325700962,2712490.8587870747],[4720629.209606617,2712435.5368778594],[4721050.865280717,2712494.1794689293],[4721695.855155865,2712362.812237895],[4722010.322698369,2712191.7153609837]]]}},{"type":"Feature","properties":{"flugjahr":"2010","gebiet":"Steiermark"},"geometry":{"type":"Polygon","coordinates":[[[4633659.687737905,2721563.0073863366],[4633798.217268631,2721481.569183628],[4634236.45870519,2722177.487656893],[4634650.154801089,2722533.8664581887],[4634874.8521498125,2722904.6628024443],[4635549.816231418,2723008.042648104],[4635613.978066871,2721934.044850178],[4634997.169381383,2721836.4798795152],[4635209.06012217,2718387.507684172],[4633365.525729718,2718243.2788645593],[4633474.1503418,2716356.3825474335],[4633403.800680693,2716289.439414826],[4633065.286250725,2716326.7542630974],[4631297.666936761,2716120.583933829],[4631189.6144285975,2716263.5947740134],[4631107.12963864,2716659.1998731317],[4630796.471179018,2716753.128709904],[4630705.092149526,2717214.3895312576],[4630499.23605002,2717522.292438121],[4630437.395355685,2717812.742470616],[4630009.259106332,2718300.6833323576],[4629879.777457055,2718665.6175931576],[4630670.151516912,2719237.1809141277],[4630821.904375672,2719424.582113223],[4630641.53574292,2719935.850233027],[4630617.400857567,2720532.728376524],[4631443.571125929,2721039.960649286],[4631961.570827041,2721469.704374972],[4632523.250460931,2721679.9080492817],[4632530.495903352,2720834.96457432],[4632769.961930619,2720104.19882859],[4632993.275776647,2719741.0414882195],[4633580.621305066,2719186.305314809],[4633954.300449871,2719208.366624864],[4634101.943902943,2719450.326302283],[4634009.7548700925,2719747.4001881573],[4633750.5527020665,2719969.7877163794],[4633553.265031497,2720356.152943207],[4633656.537390237,2720878.352816697],[4633589.9669190645,2721435.8411720325],[4633659.687737905,2721563.0073863366]]]}},{"type":"Feature","properties":{"flugjahr":"2010","gebiet":"Steiermark"},"geometry":{"type":"Polygon","coordinates":[[[4711669.353225975,2715268.6578616216],[4710675.808219498,2727238.2368456675],[4708739.681034372,2727088.5125379823],[4708681.60323843,2727140.7426690324],[4707926.521125142,2736237.2156902403],[4708009.206408031,2736346.205920619],[4707933.509835603,2737812.28086811],[4714099.227661634,2738244.845688189],[4714495.067416791,2738109.7429640563],[4714166.953595203,2738020.450875042],[4714298.440890323,2736254.9956611097],[4724294.482490434,2736932.176282372],[4724883.6606974695,2737057.4336069548],[4725545.469461367,2737008.4163609813],[4726029.492358325,2729186.3374147466],[4726122.777666157,2729050.7389223385],[4726046.736671562,2728924.140164824],[4726235.710385323,2726050.75851779],[4726341.160808745,2725849.8898895094],[4726254.386394462,2725764.5756377196],[4726365.245793134,2724077.104013741],[4726984.026794585,2724057.410782919],[4727019.732518173,2723612.5761141335],[4720112.349917,2722999.386548628],[4720229.640964005,2721008.5010084384],[4718242.068344181,2720783.706799592],[4718395.395053078,2718841.572335527],[4715433.26177436,2718571.777319716],[4715658.293593937,2715610.483665833],[4711669.353225975,2715268.6578616216]]]}},{"type":"Feature","properties":{"flugjahr":"2012","gebiet":"Tirol"},"geometry":{"type":"Polygon","coordinates":[[[4430751.432228837,2680418.5361273],[4429266.4924094165,2678986.37710627],[4429266.36030574,2678986.489078437],[4429438.748255241,2679358.0992531483],[4429652.858944082,2679580.0543066794],[4430156.493901199,2679945.430738259],[4430349.320273998,2680225.2266442943],[4430751.432228837,2680418.5361273]]]}},{"type":"Feature","properties":{"flugjahr":"2012","gebiet":"Tirol"},"geometry":{"type":"Polygon","coordinates":[[[4436867.09894893,2673249.055911457],[4437863.390093726,2673119.711117386],[4438736.740532039,2672626.309827639],[4439735.377373597,2671721.5564270327],[4439083.587055766,2670551.802919872],[4438132.270942699,2669594.6029795925],[4437750.4588512005,2669451.555215912],[4437571.474291061,2670067.455198135],[4437372.090471023,2671619.0661767563],[4437373.201501061,2672237.524074286],[4437186.407324676,2672809.0291319895],[4436867.09894893,2673249.055911457]]]}},{"type":"Feature","properties":{"flugjahr":"2006","gebiet":"Tirol"},"geometry":{"type":"Polygon","coordinates":[[[4480361.233577883,2724468.9264929225],[4480666.926295984,2724504.893724377],[4481119.70811732,2724171.9639415517],[4481303.567073719,2724164.0144356466],[4481154.932424603,2723983.076425817],[4480361.233577883,2724468.9264929225]]]}},{"type":"Feature","properties":{"flugjahr":"2006","gebiet":"Tirol"},"geometry":{"type":"Polygon","coordinates":[[[4477589.520702385,2724545.035562851],[4477709.400340911,2724473.3875586055],[4478136.380914605,2724329.9453072166],[4477734.89906469,2724296.675301263],[4477589.520702385,2724545.035562851]]]}},{"type":"Feature","properties":{"flugjahr":"2006","gebiet":"Tirol"},"geometry":{"type":"Polygon","coordinates":[[[4455204.980439226,2721589.6438972014],[4457430.92160338,2721148.665546683],[4458606.818509327,2721248.500096851],[4458819.127067093,2721123.1208608504],[4459021.89447381,2720837.7059192276],[4459448.330482269,2720798.7344140783],[4459675.515334728,2720912.7815977503],[4460120.187596551,2722856.9121674863],[4460369.847128647,2723139.943054335],[4460597.3396431515,2723177.444286642],[4461194.283985347,2723057.4862801624],[4463431.373121055,2723984.2947826656],[4464002.486836864,2723958.3069740334],[4464800.735113256,2724545.059921874],[4465728.318737525,2724515.9027338573],[4468617.140679519,2724984.382146965],[4470258.842939497,2725378.6583492793],[4471973.400610619,2726011.298051588],[4472210.128919732,2725985.5654623536],[4472399.219211817,2725847.6300720903],[4473293.809724345,2724523.6964611565],[4473503.112806349,2724629.8454540935],[4474061.622269917,2725204.694294196],[4474331.436540493,2725225.9600515254],[4475204.745848169,2725006.7769625345],[4475919.193878015,2725416.0595658994],[4476202.957663775,2725373.7476136996],[4477307.357677313,2724713.67550187],[4476894.621296479,2724797.363646882],[4476568.155896094,2724977.5427329326],[4476364.990382823,2725228.1476741196],[4475967.344108524,2725258.346331129],[4475458.844775387,2724870.3373570764],[4475227.784437251,2724809.957439239],[4474974.221798079,2724940.541294385],[4474135.1629194245,2725060.1075134305],[4473792.018785335,2724888.189070555],[4473548.633832767,2724614.1852518423],[4473447.407414618,2724336.942146135],[4473150.363150722,2724352.9577112123],[4472606.79160451,2725529.676679476],[4472194.543644679,2725817.330032902],[4472005.13878544,2725853.866294847],[4471712.721402767,2725621.589541397],[4471268.961012936,2725423.6311143367],[4470598.774734762,2725321.3448207607],[4469948.2285541855,2725114.4373021913],[4469760.384410465,2724995.9502896084],[4469575.169601043,2724704.221347718],[4469012.781293959,2724892.4545894647],[4467838.87490252,2724707.1310087396],[4466397.966847678,2724325.702166375],[4464888.428637357,2724403.2966786623],[4464031.457148061,2723781.7062367946],[4463484.706851708,2723829.31280812],[4461092.896454799,2722892.401949666],[4460445.016924434,2722996.6790928314],[4460276.528175067,2722815.1530975895],[4459792.722167692,2720731.443609589],[4459693.390444313,2720675.4592274725],[4459484.374514135,2720748.4903229293],[4458933.808707224,2720725.952978948],[4458819.804470719,2720996.8542424846],[4458574.573463526,2721094.4931322434],[4457714.397927153,2720974.8202999886],[4455779.012992271,2721259.314538815],[4455204.980439226,2721589.6438972014]]]}},{"type":"Feature","properties":{"flugjahr":"2006","gebiet":"Tirol"},"geometry":{"type":"Polygon","coordinates":[[[4447030.746902745,2720789.0938652204],[4447466.415851939,2720811.6231513247],[4448919.261408968,2721412.244708647],[4452351.186898246,2721353.696740239],[4454630.090806525,2721703.541471925],[4454965.67209797,2721637.0555283427],[4454298.926388055,2721440.6323656794],[4453960.485021851,2721501.3874023454],[4453464.323003117,2721357.173672463],[4452890.863895978,2721364.1488594525],[4452304.0154090095,2721198.0734334285],[4450706.2880376885,2721309.545444844],[4448910.59030172,2721249.8812321783],[4448198.204485292,2721020.9999486874],[4447514.240470093,2720687.626869414],[4447345.794645588,2720784.0926395818],[4447030.746902745,2720789.0938652204]]]}},{"type":"Feature","properties":{"flugjahr":"2006","gebiet":"Tirol"},"geometry":{"type":"Polygon","coordinates":[[[4440379.552140697,2717469.0056103463],[4440491.425821258,2717733.767363565],[4441099.159071977,2718635.4884394547],[4441477.162152569,2720166.8811893575],[4441777.287001009,2720428.3265402536],[4442050.1892031655,2720449.440884098],[4442291.415718033,2720350.9575500153],[4442463.906130717,2720590.811864958],[4442670.3276321925,2720719.5700382185],[4443338.999489226,2720768.6464595543],[4443492.727069864,2721482.970906304],[4443909.872237015,2721873.821828426],[4444287.106335142,2721843.2312131547],[4446312.822706964,2720764.457478461],[4446590.806044759,2720769.7322055004],[4446234.05379297,2720609.3430420677],[4445927.82330354,2720650.1449926184],[4445266.899790187,2721280.1274205986],[4444904.923202363,2721261.1297000465],[4444647.724646509,2721615.0795996827],[4444162.339594318,2721763.5120925494],[4443934.841091794,2721710.1856812877],[4443578.738136561,2721281.092708646],[4443446.61924786,2720480.1502091205],[4443184.808490405,2720597.8427436394],[4442834.741910266,2720602.454391754],[4442578.803865494,2720476.9099861467],[4442358.2900776025,2720131.264700811],[4441977.611525699,2720299.3027564096],[4441680.831430705,2720175.7587657617],[4441385.623808933,2719406.254842025],[4441193.245218225,2718459.4895721497],[4440379.552140697,2717469.0056103463]]]}},{"type":"Feature","properties":{"flugjahr":"2006","gebiet":"Tirol"},"geometry":{"type":"Polygon","coordinates":[[[4425175.459468077,2707985.553973236],[4425157.345746009,2708098.362584447],[4425540.558813579,2708915.0006965618],[4426761.771965292,2709841.350553057],[4427116.774771537,2710378.8035339103],[4427238.845066653,2710704.754345747],[4427527.925750774,2711112.223690173],[4427806.137785248,2711327.4828665834],[4427911.639127703,2711573.820349852],[4429450.957070919,2713014.315401066],[4429741.637561144,2713063.6163974935],[4430022.027420818,2712891.9461669833],[4430551.130881923,2711959.84218472],[4433166.750208596,2712184.2511963528],[4434406.521752096,2711801.6698961006],[4435305.21815112,2712430.051842697],[4436187.877561949,2712343.6654102546],[4436551.5313056195,2712705.102748989],[4437122.593407687,2713092.215295193],[4437715.388702463,2713315.499902706],[4438929.574809218,2713438.3129580338],[4439208.020353054,2713864.05959879],[4439709.298174786,2714212.3031341317],[4439617.683181419,2715355.5642140014],[4439994.527768691,2716557.811300048],[4440340.2962772,2717376.1026113266],[4440206.747962559,2716937.726202443],[4440382.111709565,2716468.7922900263],[4440141.836712214,2715924.5859551774],[4440168.890808587,2715458.8656644616],[4440296.18287628,2715140.4539374616],[4440358.684234946,2713847.9904590347],[4439638.321163289,2713308.782769669],[4439323.964850084,2712718.890489533],[4438690.742157115,2712699.5740463855],[4438154.104648671,2712537.0078320396],[4437896.536561359,2712604.953652553],[4437313.97004852,2712395.3154290076],[4437036.661397334,2712189.8967759395],[4436584.313247918,2712089.795333307],[4436100.2959750295,2712115.527022088],[4435402.153783549,2712288.5674583167],[4434863.8251495175,2711755.2715384937],[4434531.360126779,2711651.8450580775],[4434340.1161056645,2711781.421571068],[4433979.745518026,2711863.667645489],[4433431.214167042,2711791.28327924],[4433326.377418368,2711951.7918488667],[4433147.756344573,2712024.5981742153],[4431475.626991036,2711944.1259876755],[4430960.666197747,2711991.0087597556],[4430429.3484107265,2711888.255734808],[4430039.142373608,2712410.3954378017],[4429922.732312852,2712835.17301365],[4429780.610560375,2712935.802558141],[4429587.643081639,2712934.787184638],[4428821.048124581,2712413.4846625444],[4428569.799791374,2712059.5018711295],[4427953.91388109,2711525.410378438],[4427846.985435618,2711265.069708607],[4427567.571691096,2711070.852088922],[4427271.513302764,2710640.079831224],[4427161.334617317,2710323.3238220043],[4426925.241278998,2710013.721759469],[4426905.739048593,2709812.392796096],[4426318.362313422,2709347.493959262],[4425976.6112439195,2708937.2612117087],[4425673.151700882,2708810.4371586684],[4425175.459468077,2707985.553973236]]]}},{"type":"Feature","properties":{"flugjahr":"2006","gebiet":"Tirol"},"geometry":{"type":"Polygon","coordinates":[[[4425680.444987752,2706665.4568625814],[4425311.202191982,2706874.800049626],[4425179.134426377,2707252.896264093],[4425552.733185442,2706790.238963383],[4425680.444987752,2706665.4568625814]]]}},{"type":"Feature","properties":{"flugjahr":"2006","gebiet":"Tirol"},"geometry":{"type":"Polygon","coordinates":[[[4418723.998328055,2703063.819054822],[4418938.464414282,2703196.193158268],[4419983.9921987755,2703271.8293826017],[4420429.680779549,2703922.2665778855],[4420969.955924181,2704086.7497175173],[4421090.236031568,2704612.513505885],[4421673.225117393,2705268.2793642124],[4421960.673015867,2705399.2118566623],[4422466.225781597,2705392.2353524687],[4422967.218304843,2705217.0761772506],[4423541.092896404,2705289.1094006933],[4423681.181205071,2705124.6893499913],[4423821.36199451,2705130.8282957906],[4424039.209694716,2704985.034180279],[4424863.836839344,2705375.6509359116],[4425836.517330736,2705099.0244015288],[4427226.609485039,2705159.9344059536],[4427272.286577031,2705261.99683431],[4427118.183323386,2705540.9662040984],[4426951.247047175,2706415.8652956095],[4425941.860790571,2706460.65411696],[4425744.316835452,2706632.7910513803],[4426180.337226373,2706528.0752513246],[4426578.233530274,2706648.435077722],[4426943.224837672,2706644.9127982073],[4427243.126092462,2705958.316846839],[4427277.41718268,2705560.2918786965],[4427632.745961255,2705003.8552159187],[4427167.046611845,2704983.2611832335],[4426831.044935255,2705130.5395307145],[4425905.628143932,2704991.3437647293],[4425579.507284275,2705160.868309917],[4424777.828613873,2705212.023443153],[4424599.8852602765,2705137.3414649763],[4424307.803792859,2704789.776485283],[4424100.291858321,2704747.895781793],[4423517.121483817,2705133.7343851677],[4422955.226265635,2705043.6878374075],[4422504.853176278,2705226.201653945],[4421955.461984506,2705241.1288492875],[4421653.292850197,2705057.0667536086],[4421212.993340567,2704503.340866194],[4421095.080684689,2704094.1914185425],[4421113.550137341,2703873.2139630676],[4420546.089976805,2703806.495274875],[4420246.50324195,2703213.460654012],[4420040.194705649,2703066.530692749],[4419644.674709088,2703009.0569540635],[4419379.480614389,2703083.420700639],[4418723.998328055,2703063.819054822]]]}},{"type":"Feature","properties":{"flugjahr":"2006","gebiet":"Tirol"},"geometry":{"type":"Polygon","coordinates":[[[4410129.894376894,2702427.10924846],[4411193.629131059,2702719.151261859],[4411669.4415749805,2703321.2288942393],[4411999.4123996105,2703452.1552701136],[4413211.158127036,2703105.8465422974],[4415411.996591261,2703332.0098438044],[4415736.562820838,2703131.8802786325],[4415281.943138935,2703202.191663662],[4414333.811816134,2703157.7212758735],[4413523.25758137,2702993.5653705476],[4413108.39887838,2703018.9174385974],[4412188.690353957,2703291.4110874776],[4411958.610606399,2703291.497976348],[4411772.56029445,2703190.9885441125],[4411340.960132822,2702584.9615102643],[4410129.894376894,2702427.10924846]]]}},{"type":"Feature","properties":{"flugjahr":"2006","gebiet":"Tirol"},"geometry":{"type":"Polygon","coordinates":[[[4405912.611905743,2700856.152481264],[4406977.354757468,2701150.681165023],[4408067.49761409,2701933.308114822],[4409920.865743925,2702377.0594990784],[4409615.623672313,2702134.2624706696],[4409202.3008823795,2701985.4588265526],[4408107.16832526,2701770.7988811787],[4406700.898059942,2700860.336691185],[4406076.777131467,2700771.6996718086],[4405912.611905743,2700856.152481264]]]}},{"type":"Feature","properties":{"flugjahr":"2017","gebiet":"Tirol"},"geometry":{"type":"Polygon","coordinates":[[[4431228.118660402,2680821.4106183345],[4430732.951090618,2680573.981437441],[4430758.678335433,2680421.243376699],[4430349.320273998,2680225.2266442943],[4430156.493901199,2679945.430738259],[4429438.748255241,2679358.0992531483],[4429266.4924094165,2678986.37710627],[4428973.588074196,2678680.186888399],[4428811.953199191,2678147.767343855],[4429497.98882277,2676732.5789422966],[4430012.766537196,2676424.571256998],[4430036.608727672,2676246.8457254814],[4430210.926079297,2676203.808891069],[4430276.671328828,2676268.1053768583],[4430595.769823102,2676077.962137062],[4431180.386146967,2674740.1940903245],[4431658.6393482415,2673250.9967056257],[4431929.611477836,2672651.9493385777],[4431861.678658671,2672412.7885236954],[4431905.525915637,2672237.1712776995],[4432070.629438348,2672239.0518931556],[4432485.195874747,2671104.2314327727],[4433875.761040983,2671400.427421255],[4435403.905947285,2672447.7405829774],[4436336.881353561,2673229.095138901],[4436817.829208152,2673308.6175044943],[4437186.407324676,2672809.0291319895],[4437373.201501061,2672237.524074286],[4437372.090471023,2671619.0661767563],[4437571.474291061,2670067.455198135],[4437752.514488243,2669442.971543295],[4437873.452934222,2667762.0810687244],[4438009.049645266,2667226.28030483],[4437803.362907963,2666915.4389544344],[4437026.819491969,2666704.427306201],[4435260.435621863,2666527.0589482132],[4434738.692653263,2666609.180587876],[4434157.341234494,2666812.8793892134],[4433553.701071557,2666860.5971345752],[4432992.86450702,2667171.3207099033],[4432629.486486247,2667198.3502100264],[4433008.436028698,2666407.065177376],[4433540.82420498,2665759.4828650877],[4433657.505866414,2665201.5945815193],[4433619.062194416,2665076.4971747873],[4433683.091264902,2665079.838034994],[4433785.447116496,2664589.815067315],[4433327.06069221,2664174.716299452],[4433453.411642035,2664118.4437843086],[4433839.629476489,2664344.320577441],[4434263.808297583,2662654.0828665155],[4435402.696464059,2662635.231600832],[4436799.544394966,2661806.5031700945],[4440130.745421897,2661190.1099858517],[4439930.592258184,2659484.549793789],[4437780.527635611,2659817.5816214727],[4436663.167278327,2660154.2346885414],[4435417.099291419,2661265.5198082635],[4434362.062202706,2661971.213083642],[4434481.496130436,2661038.6800017166],[4434435.20181554,2660237.1414627293],[4434218.160589496,2659569.566391929],[4434220.238392668,2659338.782937758],[4434775.443176832,2658522.5017854893],[4435365.141882316,2658248.9267911683],[4435556.811248071,2657706.4476873768],[4435995.512251506,2657195.2765437113],[4435999.612984217,2656531.896422363],[4436117.668543742,2656109.9155768678],[4436108.531169972,2655277.6194140194],[4434895.506727303,2655566.771793838],[4434958.878264865,2655868.542091131],[4435146.261852693,2655729.0582657107],[4435387.017284124,2655734.849932091],[4435595.7819789015,2656222.836710863],[4435580.990971119,2656509.6472320957],[4435095.1035758685,2657794.6177541036],[4435001.285546368,2657904.0592294317],[4434592.897570432,2658059.265659868],[4433792.115310475,2658643.551896059],[4433038.174891084,2658310.3375066756],[4432174.140894853,2657800.7808086076],[4431464.19616349,2657664.0580859617],[4430383.603312858,2657202.2026359113],[4430082.209980009,2656998.4196937885],[4429798.693681898,2656657.1177690206],[4429574.9897145955,2656542.10351066],[4428795.239034685,2656394.7971320827],[4427826.050839812,2655615.849073519],[4427506.773404381,2655718.3353103194],[4427256.296068784,2655900.5954300747],[4427244.368840551,2656023.1554958685],[4427647.572203558,2656263.8123147893],[4428322.879317646,2656956.439715599],[4429196.996643517,2657266.693539121],[4429724.878092446,2657567.082509706],[4429993.995441326,2657950.1065031374],[4432041.245115816,2659135.6482933904],[4432675.89346212,2659925.131863949],[4432616.088322124,2663437.7421205994],[4432397.859782369,2664094.1713937316],[4431729.283028147,2664496.8667281163],[4430535.895941969,2664332.3387975516],[4428660.389230931,2663289.837767748],[4427720.908859403,2662550.9410527665],[4426639.288173735,2661444.7817118233],[4425292.396761366,2660366.2045176323],[4425100.994651819,2660230.772581295],[4424431.097459671,2660014.050670583],[4423671.345710937,2659447.1780038318],[4422873.69916548,2658468.905523924],[4422631.151386351,2657934.199397814],[4422308.374285232,2657794.4569342975],[4422038.055282535,2657846.9545568153],[4421957.9352144515,2657933.9759575166],[4421945.639962816,2658126.400643859],[4422123.842447973,2658640.8212999655],[4423337.960999822,2660251.935980241],[4424164.375266615,2660859.0483121914],[4425971.101323667,2661953.7720003463],[4427500.984669054,2664054.2115098853],[4428235.41000394,2664556.4863344124],[4428629.127997828,2664721.9640919883],[4428252.0339659145,2665769.7771875244],[4428018.78969524,2666194.6189401858],[4428390.347257223,2666283.682973452],[4428522.07971903,2666429.735411308],[4428391.880312789,2667061.7150958143],[4428131.670550777,2667589.75820553],[4428022.5006479,2667723.1540720034],[4427402.0577306375,2668018.3963851007],[4427195.781829955,2668226.9531641025],[4426864.680973074,2668857.2837068154],[4426820.335611715,2669477.9370193826],[4426379.130609486,2669638.091305821],[4425788.181620032,2669987.0471402714],[4425175.251483359,2669998.3332229545],[4425129.5218686005,2669658.033192807],[4424989.456695116,2669659.843412255],[4424815.396777245,2669086.806995358],[4424713.521036183,2668205.6357316617],[4424496.556385214,2667521.137331277],[4424025.794779361,2667187.6521454426],[4423545.4858362805,2666559.9289262434],[4423441.009102667,2665775.537400772],[4423308.507221333,2665455.271324314],[4423049.165046025,2665272.3963676565],[4422096.822230943,2665149.734256342],[4421510.681442316,2665424.2693360746],[4421162.7648932375,2665450.3461071393],[4420877.7316349065,2665236.1763504334],[4420720.851122066,2664891.02518459],[4420221.067483579,2664492.7630783315],[4419645.229569365,2664381.821229269],[4419476.479338265,2664274.38591683],[4419226.523004972,2663874.3466935363],[4418950.10805021,2662982.3976217434],[4418331.977242125,2662524.975682281],[4418227.21502006,2662188.463666473],[4417923.600873028,2661741.617051327],[4416730.227621854,2660744.0498500615],[4416515.249015405,2660086.6791831907],[4414894.464731329,2657822.7677984103],[4414175.452755281,2657518.7329128482],[4413655.708777296,2657682.097121854],[4413372.11737009,2657384.8766636928],[4409694.075232734,2655060.7581730867],[4409541.694793065,2654292.298827815],[4409618.874605284,2653635.005795001],[4410079.633882307,2652291.9738093805],[4410277.227293815,2652075.6126084705],[4410548.266959948,2651969.654271369],[4410466.107640581,2651307.942587534],[4410880.837052535,2650308.6190892425],[4410774.741729679,2650107.3561878223],[4410753.189161971,2649495.841209477],[4410814.441645148,2649457.407818458],[4410710.641620805,2649075.062444615],[4410671.160612079,2648426.9459920367],[4410200.439595498,2647576.907192717],[4408216.92416048,2646103.533245312],[4407860.767585717,2645970.5094629773],[4407201.722452968,2645971.8239807817],[4406426.855833117,2645658.25063595],[4406143.750758095,2644953.0700925183],[4405641.298735424,2644369.997410735],[4405519.360111854,2643788.5739494413],[4405565.311062182,2643042.1674180115],[4405724.1698275115,2642492.93532328],[4405691.107405235,2642194.8318840656],[4405514.15115728,2641905.6734044123],[4405103.12977629,2641521.2333425665],[4404448.111716128,2640387.76783737],[4404059.610092217,2639990.6029028706],[4404036.438558734,2639452.249445076],[4403603.32372222,2638323.2612714884],[4403785.733983324,2636900.2479965053],[4404414.233033313,2635102.660938517],[4404392.224965785,2634667.3868039628],[4404127.891654344,2634337.009050403],[4403320.696638442,2633950.6118294774],[4402218.73769898,2632796.6450621393],[4401714.662957984,2632503.254291503],[4401464.77397559,2632259.410783386],[4399797.335864447,2628258.2673865575],[4399589.534653602,2627991.490548898],[4399119.079387002,2627843.371928636],[4398462.947327852,2628123.6943862378],[4398069.265496917,2628205.0535852825],[4396942.94913932,2627988.878685732],[4395608.534462744,2628327.2168289344],[4394756.333657128,2628655.939433396],[4393224.1340946965,2628836.0091878287],[4392074.566045758,2628577.5392307495],[4391362.262832871,2628527.9954601345],[4389519.893150082,2627589.1719328016],[4387434.197364131,2627600.927248825],[4387046.68397718,2627908.4976751385],[4386827.384080733,2627959.6473591006],[4386455.559464699,2628386.222236518],[4386097.315025673,2628629.133703805],[4385566.583079136,2628833.1028130623],[4384969.377058297,2628837.6709743384],[4384121.969096984,2628504.0363578927],[4383423.90318379,2628650.6257249834],[4383217.096400351,2628595.7236764077],[4382737.523557422,2628923.774345703],[4382062.690733827,2629654.8251983374],[4381689.462812595,2630250.1934017474],[4381349.671268276,2630390.650022379],[4380732.993791312,2630449.3756023087],[4378925.232276542,2629791.7092586183],[4376814.286306115,2630111.238661844],[4376633.049723512,2630262.1246200097],[4375956.463471657,2631216.639650784],[4375801.953982363,2631703.4078926537],[4375798.267250719,2632025.821816572],[4375960.234127001,2632339.3034958574],[4376644.797584037,2632584.8193762945],[4376699.2596485345,2633059.425239462],[4376977.171977561,2633307.298235296],[4376985.633608324,2633665.8849430396],[4377332.4333935585,2633729.117657545],[4377479.501134453,2634350.000848503],[4377676.455951009,2634709.148451191],[4377664.919602725,2634947.3656270895],[4376944.377414833,2635403.0576291103],[4375789.131837949,2635707.753444016],[4375070.679098968,2636434.3025904065],[4373543.33750777,2637335.4297081446],[4373335.956473643,2637613.7056699796],[4373120.527366816,2638641.9857276934],[4372700.782209541,2638905.8583313096],[4372263.954208649,2639069.9332539234],[4371896.183799491,2639097.472926168],[4371037.579697058,2638792.9538094387],[4370547.168030916,2638732.504558624],[4370534.896607778,2639796.5723909605],[4370443.959674311,2640079.267096203],[4370335.212917943,2640129.344711042],[4370452.14980751,2640258.2703580116],[4370512.683517383,2640625.3349348186],[4370390.065809565,2641716.5379219637],[4370525.202595963,2641866.102620911],[4370410.760259086,2642232.7408290463],[4370522.2517513735,2642303.4700107337],[4370522.365356895,2642485.3016443676],[4370421.435126186,2642649.2607034175],[4370356.105061933,2643315.7789428667],[4370518.595337562,2643421.270780786],[4370514.221298783,2644186.77053796],[4370351.978863856,2644333.784273394],[4370390.798641946,2644860.042142527],[4370509.681313545,2645128.272425298],[4370508.801818637,2645702.0426156526],[4370421.959997622,2645881.568164631],[4370505.560179653,2645953.473282223],[4370496.23047053,2649301.269043137],[4370665.487938626,2649415.791823547],[4370654.085970327,2650196.625845713],[4370525.583200562,2650538.848721507],[4370635.387714032,2651109.7510034456],[4370567.017926502,2652510.6528862948],[4370658.139595643,2653145.863271463],[4370520.068093837,2654537.8491146085],[4370469.486274623,2654642.5247244295],[4367147.04730462,2654628.4524324797],[4367143.055468796,2655298.9877408114],[4366680.5300192395,2656027.500684956],[4366802.373596882,2656177.8202363774],[4366960.518506534,2657045.56209557],[4366149.400756147,2658537.178893282],[4366115.282077188,2658904.148330507],[4367049.683174791,2659494.012962574],[4367155.593798693,2659896.9536691587],[4367039.058158143,2660616.4990902264],[4368128.030498039,2661232.7157258373],[4368716.06635651,2661168.837360938],[4369137.1468507685,2661364.410046817],[4369389.542923709,2661813.4023795985],[4369347.801102421,2662275.600624758],[4369758.374667992,2662868.4229984],[4370403.609896567,2663537.584076065],[4370858.490501395,2664578.344088818],[4372622.88553567,2664554.9835550906],[4372628.887854013,2664461.9384700786],[4375396.766801268,2664168.4619123726],[4376161.379401476,2663689.7548765466],[4376171.846512286,2664822.1129505658],[4375706.6203267,2665196.67226532],[4375018.892131694,2666219.3618645375],[4375101.134452724,2667017.0212453846],[4375885.6420925,2668114.129014093],[4376351.9432174,2668428.507631568],[4376246.613918929,2670387.716352504],[4375974.598939277,2670387.569191448],[4375381.175849856,2669699.689568133],[4374906.0430567935,2669389.9064405207],[4374581.196333617,2671138.989187957],[4375034.856355532,2671820.413172207],[4375477.672039262,2673768.9570845203],[4375541.8719462985,2674520.694560066],[4375356.9081458645,2675609.6012644554],[4375029.171560872,2676000.7271873667],[4374623.923249613,2676082.2596544344],[4374596.281328657,2678566.437835631],[4375231.101600576,2678882.247103779],[4375318.521104635,2679049.6538401004],[4375288.051267432,2679181.7142185494],[4375501.375680816,2679505.6412619906],[4375817.053811787,2680663.0382206785],[4375575.279311511,2681260.456619976],[4376287.089850787,2682980.029891334],[4376438.375220223,2683877.211585362],[4376681.776669033,2684271.0743816947],[4376965.986657199,2684488.608066809],[4378843.060184144,2685445.882252033],[4379852.633242368,2685752.6779860463],[4381669.485218115,2685522.108865433],[4382591.56480357,2685951.09288843],[4383750.176266677,2687035.932820968],[4384403.637257952,2688503.8348844023],[4384538.307362839,2688583.928098452],[4384830.677942486,2688540.9098213324],[4385096.764838274,2688809.4469943047],[4386763.721995972,2689187.154028801],[4387476.358785736,2689440.1424901597],[4388148.331409879,2689559.0861681565],[4389066.2985236375,2689410.070010727],[4390118.234734562,2688407.4510997892],[4390768.889385888,2688304.3723836695],[4391220.168350221,2688407.6457262714],[4391658.820878195,2688614.525577611],[4392388.196821215,2689263.7614321033],[4393088.824948338,2689658.940519673],[4395147.723947928,2689814.4692155495],[4396406.161112319,2690170.784195654],[4397930.253894628,2690446.5366276004],[4398180.510204037,2690422.54909073],[4398805.928075002,2690087.569622239],[4399690.889012961,2689795.60610478],[4401136.674735884,2690575.511992175],[4401368.21635078,2690587.1562302243],[4402449.654394743,2690509.061279632],[4402673.925550305,2690415.0556740775],[4404449.337906414,2690220.6348455385],[4405879.912417808,2689544.2151306067],[4406605.900644043,2688937.9780377285],[4407835.294025816,2688428.9443721734],[4410614.887219055,2687616.308897815],[4412352.909463425,2686688.0578311714],[4413254.696717883,2686496.812319262],[4414188.153884362,2686403.8619206906],[4414986.17331996,2685773.8198583503],[4415865.124550445,2685547.3783602566],[4417370.635933406,2684820.627456248],[4417957.243634066,2684773.443938497],[4418583.287199677,2684589.0528373867],[4418261.444670574,2683709.52301502],[4417779.453368754,2683076.5115803136],[4417828.027795339,2682873.3745015003],[4417329.6710335165,2682226.503067533],[4417346.823940518,2681655.7297782064],[4417157.298167736,2681220.0303155016],[4417049.311436201,2680414.446619668],[4417112.631284739,2679774.432186259],[4417916.393306728,2679578.6643098625],[4421365.364881486,2680592.3677124],[4423343.274198071,2680133.6275826707],[4424872.482479773,2679342.027560396],[4426562.200126542,2679745.109648583],[4426879.236469197,2679885.2165583833],[4426967.353787688,2680017.9272364643],[4427198.837004008,2679968.2588350726],[4427706.277506639,2680020.834044886],[4429265.459883653,2680472.5183677413],[4430844.374977296,2680698.7714943867],[4431228.118660402,2680821.4106183345]]]}},{"type":"Feature","properties":{"flugjahr":"2006","gebiet":"Tirol"},"geometry":{"type":"Polygon","coordinates":[[[4483082.036321283,2699210.7989858],[4483002.802778861,2701709.982891996],[4483726.104629774,2702249.075553477],[4484565.753570713,2702417.854341704],[4486007.540879454,2700867.368299741],[4486900.146414426,2698926.441171217],[4487633.827726912,2697675.4457263052],[4488136.322084355,2696593.149631585],[4488907.655824472,2694504.215280259],[4487810.788896207,2694719.4932805714],[4487841.774341727,2694493.1904471423],[4487671.332859457,2693128.2113980325],[4487339.745644278,2691571.826919508],[4487268.333412161,2689977.1605296135],[4487159.493822301,2689919.836610063],[4486827.799806448,2690191.568912174],[4486450.012246056,2690101.9728346555],[4486050.909287104,2690211.2074129856],[4485930.802688246,2690087.0347016016],[4485142.671934754,2690296.0240562614],[4484543.304156886,2690055.511159951],[4484620.62474199,2689783.81217527],[4484346.104982813,2689653.670700789],[4483976.680628741,2689611.344533869],[4484048.529008432,2689336.625270134],[4483939.499899026,2689175.739442147],[4483473.520864229,2688927.004964836],[4483973.177311004,2688949.0583049785],[4483611.02542117,2688782.0231804727],[4483283.946564665,2688415.0318123144],[4482777.842840244,2688713.1697270465],[4482754.106471864,2688895.1439236086],[4482960.655725711,2688904.350889165],[4482897.670714117,2689107.594433964],[4482416.425632265,2689360.1613935432],[4482046.01114449,2689903.01031791],[4481806.700893363,2690110.42858709],[4481460.424449663,2690222.0989831267],[4480997.924376246,2690654.7924157954],[4480293.157344423,2689954.5689747757],[4480198.398478515,2689686.149744672],[4480028.011057933,2689576.680600236],[4479951.562463819,2689076.672737052],[4479800.593048759,2689023.5665114964],[4479489.819512694,2688660.716744948],[4479344.024679009,2688140.1601186134],[4478757.498896686,2687906.383470159],[4478742.8143515205,2687799.6145378295],[4478399.908549472,2687581.4089875873],[4478387.374777126,2687383.7408556473],[4478158.0732445,2686853.752936072],[4478182.720743542,2686539.9387514726],[4477973.393201711,2686215.5458166515],[4478122.923839786,2685839.931811253],[4478327.546782293,2685807.983038638],[4478561.499952693,2685651.0923453975],[4471489.110307584,2685340.7807370215],[4471643.557690351,2681273.3029218493],[4474599.621391394,2681382.0639112093],[4472342.825077407,2679844.8219128],[4469245.152397413,2680333.166178766],[4466512.208662638,2681419.7260676413],[4466256.140772686,2681816.207131505],[4466539.767679126,2683252.115915592],[4466619.400781532,2684389.741016922],[4466250.123276297,2685966.112124078],[4465912.082360489,2686205.4107836355],[4465573.627166631,2686889.150070307],[4465639.197612799,2687299.02100846],[4465528.7914506225,2687403.819825981],[4465667.786805159,2687475.808521297],[4465732.261951217,2687874.505697444],[4465336.754640322,2689320.3026637286],[4464548.893674062,2690467.250543791],[4463940.438829797,2690632.1140087154],[4463530.760217693,2691093.61928888],[4463253.8530634865,2692302.9137440985],[4463543.766243822,2693941.3931229496],[4463536.086578006,2695557.6760872467],[4462657.783702901,2697592.1165622245],[4462642.595544439,2698608.144458696],[4463682.266028766,2699286.4321893873],[4467294.170620231,2699118.5563543136],[4467773.757208444,2698944.7901585326],[4468276.42437188,2698281.3569837003],[4468286.078037709,2697201.1228256817],[4468074.0616893815,2696236.194055015],[4468166.544826343,2696066.98347554],[4468390.811157439,2696088.2771641584],[4469020.568592018,2696918.116136197],[4469382.672349491,2697129.133140328],[4469901.730607612,2697098.191963848],[4470424.823450085,2696740.2639779565],[4470510.2184924865,2696819.3133957624],[4470572.033159085,2696762.824757336],[4470539.883842779,2696661.344549028],[4471288.480557188,2696000.0898256428],[4471438.636067785,2696303.7511687307],[4469376.83864206,2699546.6450101137],[4469392.730133448,2700115.671357025],[4469760.386961634,2700654.78889522],[4469592.108022221,2701092.565447258],[4466693.827251541,2701432.2020960483],[4466252.640420432,2700998.917585118],[4465799.423532718,2700859.8632519264],[4465125.612891444,2701215.665176321],[4464972.858374957,2701879.213281174],[4465005.021626801,2702068.3701547235],[4468242.814189784,2705532.6268070834],[4469404.025319963,2706262.57378533],[4470025.697327181,2706885.6868357537],[4473073.182676071,2707877.008009272],[4476861.157696883,2708637.869271829],[4478522.797075849,2709670.6887438307],[4478789.392291595,2709598.067343059],[4479414.657626768,2709047.044133409],[4480699.138119964,2707143.8472658396],[4480705.9515583,2706918.0707614208],[4476225.568836023,2707046.37031816],[4475322.564928023,2706449.896372821],[4475069.407041246,2705932.6420355737],[4474993.845171766,2705917.6952049946],[4474523.26027866,2705157.043506302],[4473920.598510062,2704828.4823444793],[4473773.071571034,2704978.7198089273],[4473200.870058421,2705202.736837568],[4472533.802573366,2705010.332475514],[4472440.234319714,2704845.5316214794],[4472412.644170928,2704031.198854578],[4472889.139331998,2703172.4241567217],[4473026.343075596,2703186.465946569],[4472936.791902623,2703086.5415633176],[4474301.3303986,2700711.8398085553],[4474563.901217991,2700125.0427074023],[4474638.778079429,2700113.123924911],[4474621.724753491,2700009.0975360344],[4475450.458232861,2698347.377501282],[4476801.62048976,2698666.245977798],[4476010.289965015,2701001.923376122],[4475550.675286312,2703646.121536262],[4475598.552677347,2704583.894927491],[4475751.92812308,2704934.036454736],[4476740.865548704,2705426.1890844507],[4477635.406647937,2705473.6860510125],[4478897.923403942,2705181.3307308033],[4479550.605449593,2705124.057412384],[4480115.8394586975,2705265.376087018],[4480386.617881635,2705607.7642530533],[4480643.113765243,2705623.290519383],[4480736.435105626,2705527.5318484497],[4480768.935471834,2704721.459353395],[4480555.16964162,2704263.9424133417],[4480232.466064701,2703893.948098179],[4479835.2301136395,2703833.7778594033],[4479191.479175243,2703874.776032401],[4478861.23865832,2703428.18435331],[4478630.682063673,2702658.089566377],[4478588.708482113,2702194.922491885],[4478686.74965761,2701858.411123913],[4478990.131402985,2701430.222614295],[4479668.5907576755,2701250.344798679],[4480533.8402912915,2701539.234015533],[4480850.929452467,2701461.825153915],[4480993.331752032,2701078.015325038],[4481108.408320297,2700188.3680359893],[4480956.089091678,2697856.304860188],[4480694.822899405,2696821.2057347074],[4481335.262832958,2696242.452679997],[4482215.283149333,2696326.0218960093],[4482651.660414772,2696941.848730555],[4483082.036321283,2699210.7989858]]]}},{"type":"Feature","properties":{"flugjahr":"2012","gebiet":"Tirol"},"geometry":{"type":"Polygon","coordinates":[[[4465598.940504067,2702721.5086038504],[4465005.021626801,2702068.3701547235],[4464972.858374957,2701879.213281174],[4465125.612891444,2701215.665176321],[4465799.423532718,2700859.8632519264],[4466252.640420432,2700998.917585118],[4466693.827251541,2701432.2020960483],[4469592.108022221,2701092.565447258],[4469760.386961634,2700654.78889522],[4469392.730133448,2700115.671357025],[4469376.83864206,2699546.6450101137],[4471438.636067785,2696303.7511687307],[4471288.480557188,2696000.0898256428],[4470539.883842779,2696661.344549028],[4470572.033159085,2696762.824757336],[4470510.2184924865,2696819.3133957624],[4470424.823450085,2696740.2639779565],[4469901.730607612,2697098.191963848],[4469382.672349491,2697129.133140328],[4469020.568592018,2696918.116136197],[4468390.811157439,2696088.2771641584],[4468166.544826343,2696066.98347554],[4468074.0616893815,2696236.194055015],[4468286.078037709,2697201.1228256817],[4468276.42437188,2698281.3569837003],[4467773.757208444,2698944.7901585326],[4467294.170620231,2699118.5563543136],[4463682.266028766,2699286.4321893873],[4462642.595544439,2698608.144458696],[4462657.783702901,2697592.1165622245],[4463536.086578006,2695557.6760872467],[4463543.766243822,2693941.3931229496],[4463253.8530634865,2692302.9137440985],[4463530.760217693,2691093.61928888],[4463940.438829797,2690632.1140087154],[4464548.893674062,2690467.250543791],[4465336.754640322,2689320.3026637286],[4465732.261951217,2687874.505697444],[4465667.786805159,2687475.808521297],[4465528.7914506225,2687403.819825981],[4465639.197612799,2687299.02100846],[4465573.627166631,2686889.150070307],[4465912.082360489,2686205.4107836355],[4466250.123276297,2685966.112124078],[4466619.400781532,2684389.741016922],[4466539.767679126,2683252.115915592],[4466256.140772686,2681816.207131505],[4466512.208662638,2681419.7260676413],[4469245.152397413,2680333.166178766],[4472342.825077407,2679844.8219128],[4474599.621391394,2681382.0639112093],[4471643.557690351,2681273.3029218493],[4471489.110307584,2685340.7807370215],[4478561.499952693,2685651.0923453975],[4479377.006902082,2684912.0170815475],[4479504.029293236,2681611.7617823295],[4476212.847283884,2681458.713206747],[4473015.634325925,2679418.2406696053],[4471696.849399549,2678891.036396105],[4469425.0088772075,2679193.4850038486],[4464531.953467432,2680046.932632938],[4464241.422636379,2679739.9412046825],[4464114.042075847,2679240.4924585833],[4464069.099061717,2677814.598019921],[4463670.37809858,2675284.708603982],[4463924.031140998,2674898.886549457],[4466240.002062517,2675236.0053153187],[4466704.243036507,2674876.6181425117],[4466632.617135628,2674335.958550259],[4464857.858171521,2673841.6339336555],[4463499.291528814,2673049.392563975],[4463400.080711042,2670665.8399375784],[4459377.366753536,2670278.530940203],[4458717.311674431,2669051.8228699816],[4458599.735578031,2668052.5744760716],[4458977.027169775,2666758.550754481],[4457351.380420214,2665586.272040072],[4455964.951447561,2665131.233002453],[4455444.036056828,2664763.7947769156],[4455191.146272852,2664784.968882924],[4455195.511764079,2664961.5647938494],[4455808.091880127,2665647.3548980993],[4456463.269374129,2665742.7801783863],[4456843.844221668,2666018.371448118],[4457007.029071515,2666460.936942665],[4456422.528866335,2667216.4669606406],[4454928.586975894,2668653.6086947625],[4455891.966453102,2669862.6183284293],[4458078.249878017,2670417.6652908474],[4458866.300902554,2671134.87143585],[4459038.355624533,2671620.048987818],[4457985.277225674,2671738.3104174146],[4456865.137959361,2671686.336093723],[4455770.8150505535,2672146.2642571214],[4455741.018624416,2672247.098440838],[4455630.187967126,2672239.039463711],[4454635.870186587,2672894.79890101],[4453481.169172573,2673228.955859227],[4452535.704428259,2672767.905893544],[4452030.198931626,2672202.5238600797],[4451605.374224728,2671068.9833359835],[4449543.647877196,2668618.000377919],[4448413.24538256,2667065.7442264357],[4447841.573247052,2667039.3550558994],[4447751.80306761,2667348.026131442],[4447805.253344861,2667773.5610320736],[4448944.2103999425,2668782.1812654026],[4449087.643562842,2668823.943635951],[4449297.821628439,2669088.9234982166],[4449595.866275119,2669884.6734916996],[4449422.816244244,2673065.4642613833],[4451691.455431544,2675742.7296498553],[4454209.307289549,2677462.615104701],[4455567.326098994,2678267.4389880034],[4458685.366146087,2678187.647904479],[4458736.615397217,2678099.1111253677],[4458858.476744861,2678193.372233513],[4459794.23942843,2678182.2086152188],[4460359.639135236,2678030.724098944],[4460466.9544363795,2678189.42361512],[4460510.9645296335,2678568.114371191],[4460724.781345043,2678900.078863672],[4460790.787162271,2678889.322099008],[4460787.121468345,2678996.866205443],[4461409.759179409,2679915.438008651],[4461574.206918739,2680535.392597268],[4461531.262720732,2680690.8577076923],[4461709.2660631705,2680731.5893282252],[4461658.863985473,2680809.026912086],[4461494.031226155,2680823.826532569],[4461417.074588544,2681098.671001851],[4462125.927234236,2682007.3915615845],[4463411.782193777,2683286.077091341],[4463545.188020141,2683807.076893745],[4463283.707323205,2684430.6710713124],[4463291.293972559,2684658.199994239],[4462951.070142114,2685221.6264392817],[4462909.219625479,2685375.599973917],[4463003.71248451,2685428.641086525],[4462884.979551298,2685512.8342678556],[4462240.617006053,2687264.676642512],[4461545.404599993,2688145.0917192344],[4460901.742394916,2688726.7921359376],[4460683.530163969,2689345.068164517],[4460791.245086379,2689418.8017635043],[4460725.6948736515,2689641.301791313],[4460793.344672104,2690120.0473237545],[4460458.847387097,2690970.645515901],[4459717.937698893,2691340.0250968696],[4459618.421147359,2691965.1931147934],[4459394.432997399,2692350.723250562],[4459436.637469263,2692463.329522192],[4459325.931297224,2692497.838770328],[4459224.453126212,2692735.4785251184],[4459294.395784313,2694913.354180535],[4459773.803085089,2696144.6698833182],[4459316.482933854,2697049.781828531],[4459076.197195128,2697858.5672303215],[4459125.749614834,2697946.222136186],[4459047.040998182,2697956.705286897],[4458764.323307425,2698744.8388003977],[4459528.546775022,2699276.4909317093],[4459556.378498663,2699397.847939623],[4459865.991981393,2699541.3272917853],[4459914.275074453,2699654.4057114795],[4460169.956671243,2699745.9355573277],[4460230.086719938,2699704.9137924],[4461390.5147054875,2700467.148118656],[4463612.694057895,2701462.1998242196],[4463693.661937146,2701566.4945132323],[4464297.711954519,2701773.3413033206],[4464429.497078721,2701923.1583952755],[4465006.167299863,2702079.5975708277],[4465598.940504067,2702721.5086038504]]]}},{"type":"Feature","properties":{"flugjahr":"2012","gebiet":"Tirol"},"geometry":{"type":"Polygon","coordinates":[[[4470154.441550002,2706951.354610687],[4469404.025319963,2706262.57378533],[4468242.814189784,2705532.6268070834],[4469878.373852868,2706803.9874156965],[4470154.441550002,2706951.354610687]]]}},{"type":"Feature","properties":{"flugjahr":"2012","gebiet":"Tirol"},"geometry":{"type":"Polygon","coordinates":[[[4474647.215315295,2708176.5458291103],[4474545.813628446,2708146.614256342],[4473073.182676071,2707877.008009272],[4471515.118358575,2707358.3475066717],[4473093.67092238,2707899.5807374325],[4474647.215315295,2708176.5458291103]]]}},{"type":"Feature","properties":{"flugjahr":"2012","gebiet":"Tirol"},"geometry":{"type":"Polygon","coordinates":[[[4478522.797075849,2709670.6887438307],[4477450.758855914,2709004.1311482843],[4477438.096200804,2709000.3930264227],[4478387.028407979,2709705.618112753],[4478522.797075849,2709670.6887438307]]]}},{"type":"Feature","properties":{"flugjahr":"2012","gebiet":"Tirol"},"geometry":{"type":"Polygon","coordinates":[[[4480738.263803985,2705523.7845238633],[4480643.113765243,2705623.290519383],[4480386.617881635,2705607.7642530533],[4480115.8394586975,2705265.376087018],[4479550.605449593,2705124.057412384],[4478897.923403942,2705181.3307308033],[4477635.406647937,2705473.6860510125],[4477136.824033363,2705490.6836191555],[4476740.865548704,2705426.1890844507],[4475751.92812308,2704934.036454736],[4475598.552677347,2704583.894927491],[4475550.675286312,2703646.121536262],[4476010.289965015,2701001.923376122],[4476801.62048976,2698666.245977798],[4475450.458232861,2698347.377501282],[4474621.724753491,2700009.0975360344],[4474638.778079429,2700113.123924911],[4474563.901217991,2700125.0427074023],[4474301.3303986,2700711.8398085553],[4472936.791902623,2703086.5415633176],[4473026.343075596,2703186.465946569],[4472889.139331998,2703172.4241567217],[4472412.644170928,2704031.198854578],[4472440.234319714,2704845.5316214794],[4472533.802573366,2705010.332475514],[4473200.870058421,2705202.736837568],[4473773.071571034,2704978.7198089273],[4473920.598510062,2704828.4823444793],[4474523.26027866,2705157.043506302],[4474993.845171766,2705917.6952049946],[4475069.407041246,2705932.6420355737],[4475322.564928023,2706449.896372821],[4476225.568836023,2707046.37031816],[4480705.9515583,2706918.0707614208],[4480738.263803985,2705523.7845238633]]]}},{"type":"Feature","properties":{"flugjahr":"2012","gebiet":"Tirol"},"geometry":{"type":"Polygon","coordinates":[[[4431311.537969978,2680843.1765437666],[4431009.066467078,2680666.9236750207],[4430758.05800041,2680424.9261197415],[4430732.951090618,2680573.981437441],[4431311.537969978,2680843.1765437666]]]}},{"type":"Feature","properties":{"flugjahr":"2012","gebiet":"Tirol"},"geometry":{"type":"Polygon","coordinates":[[[4439416.595736833,2683394.81248945],[4439168.478763084,2683344.3973320993],[4438648.912767439,2683240.4257339556],[4439416.595736833,2683394.81248945]]]}},{"type":"Feature","properties":{"flugjahr":"2012","gebiet":"Tirol"},"geometry":{"type":"Polygon","coordinates":[[[4439809.243957338,2683554.8494658666],[4439804.873312968,2683470.759424373],[4439731.267234243,2683456.9870116627],[4439809.243957338,2683554.8494658666]]]}},{"type":"Feature","properties":{"flugjahr":"2012","gebiet":"Tirol"},"geometry":{"type":"Polygon","coordinates":[[[4440149.926971414,2683540.0359739456],[4439942.853310939,2683517.503678981],[4439809.283319084,2683554.854496088],[4439922.376082922,2683569.2008947833],[4440149.926971414,2683540.0359739456]]]}},{"type":"Feature","properties":{"flugjahr":"2012","gebiet":"Tirol"},"geometry":{"type":"Polygon","coordinates":[[[4440611.5793911405,2683648.0824874467],[4440293.674214224,2683567.7764255577],[4440149.982518742,2683540.0467177643],[4440611.5793911405,2683648.0824874467]]]}},{"type":"Feature","properties":{"flugjahr":"2012","gebiet":"Tirol"},"geometry":{"type":"Polygon","coordinates":[[[4444027.378759894,2684505.757663576],[4443288.343699362,2684317.5540622994],[4443492.940282215,2684370.184087893],[4444027.378759894,2684505.757663576]]]}},{"type":"Feature","properties":{"flugjahr":"2012","gebiet":"Tirol"},"geometry":{"type":"Polygon","coordinates":[[[4448391.906288635,2686603.9771516896],[4448375.034744724,2686545.9977041828],[4448174.974704257,2686373.727448405],[4448061.021762437,2686327.8319494035],[4447895.305647823,2686100.4975061463],[4447804.671665862,2686120.2261552694],[4447586.45803701,2685825.1923167207],[4446869.077172606,2685834.494955223],[4447516.723329812,2686221.8239015886],[4447867.005285474,2686300.39124147],[4448391.906288635,2686603.9771516896]]]}},{"type":"Feature","properties":{"flugjahr":"2012","gebiet":"Tirol"},"geometry":{"type":"Polygon","coordinates":[[[4453934.562695566,2693842.02075173],[4453873.038538062,2693447.393326012],[4453750.745682081,2693401.1330244066],[4453912.999604828,2693704.353018019],[4453934.562695566,2693842.02075173]]]}},{"type":"Feature","properties":{"flugjahr":"2006","gebiet":"Tirol"},"geometry":{"type":"Polygon","coordinates":[[[4490157.18348914,2735551.179320899],[4489800.449039508,2733919.8460576436],[4490225.466675216,2733199.159038008],[4490086.355996449,2733090.096715131],[4489921.171735567,2733216.860233432],[4489630.186045593,2733789.0830644052],[4489949.972487809,2735388.6035466134],[4490157.18348914,2735551.179320899]]]}},{"type":"Feature","properties":{"flugjahr":"2006","gebiet":"Tirol"},"geometry":{"type":"Polygon","coordinates":[[[4486578.770559526,2735763.4436080456],[4487816.991203896,2736673.892310079],[4489493.872477414,2739358.7076738086],[4490264.539145837,2739641.864509135],[4490485.976863583,2739624.146391588],[4490697.354035104,2739473.3711378863],[4491375.862226588,2738254.1228043744],[4491414.935521567,2738015.6865945086],[4491283.58982673,2737679.252216477],[4490263.834436758,2735752.6668119607],[4490535.838297421,2736392.4989013844],[4490733.308232883,2736665.2044815887],[4491270.213320673,2738038.021813652],[4491070.2208987605,2738686.841141469],[4490563.632332676,2739385.353349281],[4490337.534763412,2739486.177677233],[4489567.968181713,2739201.457691083],[4488834.637359933,2738125.91680438],[4487919.616290662,2736555.7276282567],[4486900.675852756,2735801.2331349747],[4486578.770559526,2735763.4436080456]]]}},{"type":"Feature","properties":{"flugjahr":"2006","gebiet":"Tirol"},"geometry":{"type":"Polygon","coordinates":[[[4482964.730026991,2734462.915706454],[4483131.927766856,2734689.91913239],[4483327.4755396275,2734770.901806279],[4484760.58349096,2734754.976267089],[4485712.650943198,2735608.9607168264],[4486362.665241964,2735622.8629677612],[4486266.51621801,2735441.597234294],[4485978.977425846,2735544.327505525],[4485671.483111117,2735414.733692127],[4484957.920133803,2734864.329636304],[4484837.5045812875,2734596.4948448436],[4483354.342497373,2734622.5970299817],[4482964.730026991,2734462.915706454]]]}},{"type":"Feature","properties":{"flugjahr":"2013","gebiet":"Salzburg"},"geometry":{"type":"Polygon","coordinates":[[[4593458.993648314,2686345.318284224],[4593240.740056505,2691337.484244385],[4593240.944933192,2691337.4935125555],[4593458.993648314,2686345.318284224]]]}},{"type":"Feature","properties":{"flugjahr":"2013","gebiet":"Salzburg"},"geometry":{"type":"Polygon","coordinates":[[[4561944.063397766,2663642.190318022],[4561898.265366151,2663593.307296222],[4561893.0180554325,2663713.9664754467],[4561944.063397766,2663642.190318022]]]}},{"type":"Feature","properties":{"flugjahr":"2013","gebiet":"Salzburg"},"geometry":{"type":"Polygon","coordinates":[[[4598068.469598382,2665403.321238495],[4597971.060796922,2665416.3302386235],[4597414.906128221,2666890.427021677],[4595960.316022005,2667186.117802318],[4596283.945636178,2667201.8639064212],[4597460.249136482,2666975.895877117],[4598068.469598382,2665403.321238495]]]}},{"type":"Feature","properties":{"flugjahr":"2013","gebiet":"Salzburg"},"geometry":{"type":"Polygon","coordinates":[[[4601603.510450235,2663265.2808429757],[4601296.13788875,2664318.1694993204],[4601860.537004039,2664846.6326204864],[4601865.696296747,2665032.1457627956],[4601753.187435925,2665079.986645562],[4601639.317284741,2665361.571062652],[4600760.744869502,2665352.6609781682],[4599911.123830734,2665186.25844971],[4599803.014971075,2665335.76294748],[4599512.657776725,2665207.9206730546],[4599113.031551511,2665357.4626269974],[4598898.573095684,2665211.0010210965],[4598438.014692227,2665137.2172134058],[4598302.71108861,2665236.568984272],[4598903.411527565,2665284.174189337],[4599139.277671302,2665497.224579933],[4599275.786584238,2665350.995075902],[4599564.928426514,2665297.2940174476],[4599785.265436864,2665428.8708141437],[4599951.680232755,2665280.541707484],[4600296.836138081,2665369.158905663],[4600421.035333953,2665528.3094725115],[4600516.348784302,2665381.6910816967],[4600788.540205063,2665431.4563895115],[4600917.354248722,2665547.365634757],[4600981.705697875,2665395.714447962],[4601754.8793512685,2665479.517204248],[4601781.892176615,2665169.544685381],[4601939.617262499,2665076.5428121807],[4601950.763305982,2664775.4997533928],[4601378.750540639,2664266.4844602384],[4601607.649852049,2663575.283406069],[4601603.510450235,2663265.2808429757]]]}},{"type":"Feature","properties":{"flugjahr":"2013","gebiet":"Salzburg"},"geometry":{"type":"Polygon","coordinates":[[[4605660.900042008,2660192.7155511016],[4605459.183001747,2660019.673234842],[4604866.761253135,2659931.06507429],[4604689.910813096,2660070.0958464704],[4604190.4351964425,2660112.1624409165],[4603530.073226202,2660399.859829049],[4602969.529962639,2660534.009602416],[4602872.15118362,2660741.343308115],[4602593.074923635,2660962.503578938],[4602508.145913582,2661289.5086590834],[4601949.616413143,2661639.1763590695],[4601766.547151706,2662089.667187358],[4601828.063130556,2662198.326312169],[4601681.240731985,2662324.0177482916],[4601735.276662713,2662502.920107934],[4601590.1982448455,2662601.067867753],[4601831.300284168,2662504.459396404],[4601767.801988054,2662357.482195967],[4601959.31048949,2662198.4229121082],[4601834.882963955,2662057.7819442125],[4601978.54383961,2661712.8334127325],[4602319.136042708,2661578.050372837],[4602602.449771775,2661305.9530136837],[4602639.72684016,2661025.8431067183],[4602948.888359757,2660762.167775351],[4603051.734611984,2660575.5499379854],[4603605.951869533,2660451.6345699257],[4604254.005754756,2660162.766353842],[4604738.035922234,2660130.217651148],[4604934.787030891,2660002.417399935],[4605144.80818458,2659984.64514946],[4605564.006316011,2660211.251110813],[4605660.900042008,2660192.7155511016]]]}},{"type":"Feature","properties":{"flugjahr":"2013","gebiet":"Salzburg"},"geometry":{"type":"Polygon","coordinates":[[[4606075.311431755,2660468.230792323],[4606026.442771603,2660477.188751936],[4606029.800238913,2660567.2144406205],[4606075.311431755,2660468.230792323]]]}},{"type":"Feature","properties":{"flugjahr":"2013","gebiet":"Salzburg"},"geometry":{"type":"Polygon","coordinates":[[[4608236.930671421,2657572.364939837],[4608242.84889563,2657869.6181056853],[4607973.304505676,2658783.777595196],[4607670.966120828,2659099.448889824],[4607312.677987954,2659212.602846283],[4607107.217583483,2659197.405386625],[4606960.651175709,2659317.2191845537],[4606936.3877648115,2659974.8822290413],[4606537.459454511,2660287.115941081],[4606663.147021801,2660279.171870948],[4606985.534569321,2660058.2522535534],[4607041.518389831,2659315.7517269487],[4607695.294963342,2659164.8126931023],[4608065.249616289,2658796.242323181],[4608309.401787572,2657873.7009340874],[4608236.930671421,2657572.364939837]]]}},{"type":"Feature","properties":{"flugjahr":"2012","gebiet":"Ober\u00f6sterreich"},"geometry":{"type":"Polygon","coordinates":[[[4584891.939255037,2767530.764669516],[4584299.590679555,2780982.7972552003],[4609281.462454889,2782117.081524176],[4609874.695981335,2768664.744646678],[4584891.939255037,2767530.764669516]]]}},{"type":"Feature","properties":{"flugjahr":"2013","gebiet":"Ober\u00f6sterreich"},"geometry":{"type":"Polygon","coordinates":[[[4566241.907559377,2763685.6086590933],[4566129.695461652,2764325.191186401],[4565949.486364883,2764431.7854701756],[4565900.565631382,2764718.006277722],[4565910.681574529,2765010.860414276],[4566032.680379313,2765094.194697764],[4566194.9922298435,2765434.055212815],[4566048.530963239,2765563.5654921615],[4566461.64017292,2765824.952690123],[4566606.128523983,2766126.7296884777],[4566738.430981755,2766216.712162094],[4567102.241735768,2766226.2692861063],[4567344.279594579,2766502.428941572],[4567882.553446067,2766699.646284202],[4567921.780682987,2766636.846482348],[4568039.273116388,2766681.679371907],[4568480.926244812,2766023.441117442],[4569774.695219323,2765872.3520450643],[4570040.23543931,2765671.634940957],[4570284.931820984,2765688.0356751624],[4570517.394131412,2765528.489894254],[4570591.408949988,2765443.1694286214],[4570384.963484027,2764979.6085699406],[4570582.037935173,2764515.6853991374],[4570759.45598442,2764509.301524437],[4571001.918804516,2764661.3872202747],[4571287.926570606,2764347.96330651],[4571676.083100021,2764332.260534466],[4571949.603006601,2764159.026912017],[4571975.2601970555,2764496.1314274264],[4572279.816121742,2764657.2243049867],[4572174.356536605,2764748.664092882],[4572255.880726643,2764921.346395958],[4572108.2857869845,2765354.253523878],[4572135.608759948,2765626.075097481],[4572064.123252971,2765684.1292879386],[4572058.349349863,2765931.053978302],[4572268.77457818,2766160.566365833],[4572511.8365083225,2766212.646435023],[4572361.723670674,2766489.6329350714],[4572940.806645665,2767100.848541043],[4572649.414889273,2767710.5049309395],[4572839.451079175,2767884.237588357],[4572695.5885137515,2768359.9235612955],[4572456.173895525,2768268.553238583],[4571962.8351586955,2768430.514682303],[4571782.287035628,2768377.7419721726],[4571396.70094932,2768423.083045643],[4570808.53954729,2768971.285990329],[4570557.655360264,2768939.6773894094],[4570289.499729668,2769039.4266679334],[4570014.047656532,2769370.4016958335],[4569646.599664962,2769358.053821867],[4569600.179640276,2769577.4954457963],[4569270.376870592,2769840.5030685645],[4569132.998815285,2769880.3419845407],[4568964.4423422385,2769654.0124760102],[4568909.087486849,2769883.197051743],[4567989.705541643,2769904.999854567],[4567959.125657728,2770114.9107076195],[4567869.759231952,2770084.3074428295],[4567840.32644105,2770174.775988918],[4567417.707056976,2770158.856190393],[4567299.426365716,2770530.240299908],[4567310.179677853,2770778.570431007],[4567163.92415969,2770930.9804309485],[4567607.924857872,2771072.7685922254],[4567478.564887094,2771442.2017083974],[4567548.071107762,2771455.117059802],[4567569.742037504,2771600.333891569],[4567287.323283853,2771806.809257053],[4566886.018494226,2771785.498200369],[4566916.0339298155,2771453.560263586],[4566792.874898331,2771606.7531113643],[4566637.072011527,2771565.273305781],[4566549.789908736,2771695.7276604497],[4566350.8882347215,2771676.2905425844],[4566305.5945403855,2771550.730428474],[4565861.021378338,2771150.6416700515],[4565976.9150008,2770914.2086977535],[4565819.3974212315,2770688.230183358],[4565971.215827488,2770486.0495123346],[4565996.435250411,2770261.7718560346],[4565677.558019091,2770171.946110745],[4565479.9592551645,2770320.5710379533],[4565376.804737452,2770313.5700023044],[4565062.113488466,2770092.6380582023],[4564864.545770545,2770101.610668923],[4564896.95142466,2769950.1586705227],[4564752.374153915,2769839.301649047],[4564313.075194955,2780078.823358681],[4584299.590679555,2780982.7972552003],[4584993.770453904,2764533.4570178906],[4566241.907559377,2763685.6086590933]]]}},{"type":"Feature","properties":{"flugjahr":"2015","gebiet":"K\u00e4rnten"},"geometry":{"type":"Polygon","coordinates":[[[4678428.109128848,2632702.2051293924],[4678864.720960338,2622719.4297269657],[4661374.952757121,2621915.61323865],[4661583.432388046,2616927.974123497],[4654093.684137613,2616580.773409224],[4654419.916003492,2609094.143552223],[4646922.445828412,2608751.1642913455],[4646596.4165095,2616237.800370192],[4611606.381008604,2614645.101344009],[4611172.670315831,2624627.8310828567],[4631166.693783808,2625536.420047016],[4630731.782068611,2635519.1692997953],[4640727.925873266,2635975.034557494],[4640945.606425195,2630983.611414515],[4650941.538258281,2631440.4950837092],[4650505.731656557,2641423.4203219176],[4655503.3706146,2641652.23802515],[4655285.234916381,2646643.8184972727],[4660282.680992388,2646872.880986714],[4660500.901747195,2641881.3070529],[4665498.321244943,2642110.6272885473],[4665934.298725614,2632135.665740123],[4678428.109128848,2632702.2051293924]]]}},{"type":"Feature","properties":{"flugjahr":"2019","gebiet":"Tirol"},"geometry":{"type":"Polygon","coordinates":[[[4392054.182679814,2706159.3039478175],[4391289.636848154,2705431.357858058],[4391339.5264241705,2704238.6425346946],[4391143.613549938,2704002.891144649],[4391447.581915597,2702830.471472961],[4392320.575099981,2702289.0729313223],[4392574.541211939,2702039.8316612565],[4392521.570448885,2701460.5448194183],[4392161.2809335925,2700340.3748243246],[4392173.182562953,2699467.935111307],[4391898.100881163,2698824.0998970815],[4392657.414719833,2697394.7922269437],[4392594.648109406,2696909.64771049],[4392098.707806757,2696745.7631857395],[4392021.830630306,2696264.222079647],[4391062.267238676,2696487.3749578046],[4390253.7510736,2696118.5255718385],[4389951.054006546,2695422.4316785675],[4389424.543945459,2694729.5988679347],[4387150.618831966,2693787.205742212],[4386277.754973629,2693592.5674957447],[4385385.608084354,2693190.5739189032],[4384649.977946582,2692634.173567968],[4384183.359845542,2691945.0775265032],[4384102.126766946,2691358.3738571713],[4384557.867374086,2690740.788871853],[4385449.698585572,2690511.034679211],[4385825.064161178,2688976.822532378],[4385096.764838274,2688809.4469943047],[4384830.677942486,2688540.9098213324],[4384538.307362839,2688583.928098452],[4384403.637257952,2688503.8348844023],[4383750.176266677,2687035.932820968],[4382591.56480357,2685951.09288843],[4381669.485218115,2685522.108865433],[4379852.633242368,2685752.6779860463],[4378843.060184144,2685445.882252033],[4376965.986657199,2684488.608066809],[4376688.938330089,2684276.9504959537],[4376438.375220223,2683877.211585362],[4376287.089850787,2682980.029891334],[4375575.279311511,2681260.456619976],[4375815.6256563915,2680649.089897389],[4375501.375680816,2679505.6412619906],[4375288.051267432,2679181.7142185494],[4375318.521104635,2679049.6538401004],[4375231.101600576,2678882.247103779],[4372573.352948219,2677549.153694914],[4371605.262654577,2676909.00082761],[4369937.275234358,2676101.5971171847],[4369380.462123218,2675613.6070591807],[4369079.763821224,2675003.038417625],[4367828.794809621,2674486.1596487574],[4366404.130187437,2673729.401345608],[4365418.814469467,2673422.8073786837],[4365198.812701546,2672931.263355188],[4364444.834081131,2671735.397040221],[4362095.805779134,2670575.930770524],[4361416.102247026,2670461.7719018734],[4360366.540284392,2670473.4885686724],[4359578.646124832,2670117.361394675],[4358922.650791534,2669933.421129197],[4358728.63476506,2669283.1899795746],[4358342.382823945,2668489.33713621],[4358149.3546038605,2668394.909472405],[4357564.719049805,2668393.6406105575],[4357105.728020393,2668724.4822720974],[4355311.918191522,2669267.9955920056],[4354628.326375301,2668958.0963970767],[4353956.321917683,2669047.272415348],[4353566.744892219,2669376.928060616],[4353281.156173331,2669996.582040133],[4352171.086684404,2671005.729324217],[4351617.056039361,2671049.6461582882],[4351438.05757181,2670970.8221951677],[4349824.514191154,2671282.0278927623],[4347786.338060536,2671077.5778528703],[4347499.7998652,2670988.7514476273],[4346484.004507346,2671005.686761762],[4345085.06106888,2670454.510691392],[4344118.644732018,2670289.483841392],[4343383.014471988,2670256.6148926937],[4342117.08849235,2669801.115318817],[4340509.444516664,2668570.436991201],[4339405.392014286,2668004.021117434],[4338482.7698815325,2668047.918508264],[4337716.14072472,2668189.92321175],[4337404.101885885,2668381.9494328997],[4336538.138177906,2669455.235566958],[4336167.164491249,2669555.9398943493],[4336143.149438303,2669937.252392008],[4336227.765423703,2670110.4632591056],[4336797.553501517,2670395.813856079],[4337170.481641611,2670407.5781083717],[4337446.5172853535,2670681.3707666323],[4337516.775309266,2670880.210513324],[4337234.135510893,2671007.321909998],[4336978.812440267,2671326.7765520825],[4336630.842112878,2671483.779827101],[4336496.174254136,2671638.7734251358],[4336433.291991539,2672273.5463952892],[4336572.509335139,2672613.002177702],[4336587.630521527,2673057.6038587824],[4336195.24003551,2673530.0761485104],[4336173.791433486,2673840.871852479],[4335887.062927299,2674134.938298289],[4335686.534443365,2674941.9543868043],[4335615.5308087235,2675373.0882469234],[4335667.899895264,2675812.4216448218],[4335835.648839403,2675971.149483072],[4336082.053260324,2676058.9614803884],[4336809.676005533,2676866.4161060024],[4336875.017604035,2677109.0042268764],[4336790.614771498,2677459.0915952064],[4336846.798051821,2678134.1010568514],[4336710.164127758,2678525.962390868],[4336760.186773733,2678848.7451119814],[4336489.007197281,2679166.65835483],[4336594.922174578,2679437.68944271],[4336520.859126412,2679586.8416829305],[4335974.612222651,2679779.5830358416],[4335700.51062322,2680106.3899182375],[4335667.610850595,2680361.342857822],[4335837.044441048,2680761.2190174446],[4336025.475347992,2680875.2289135777],[4336090.505246914,2681096.3975318233],[4336416.483114061,2681374.0270333807],[4336696.190310933,2681783.5058095567],[4336934.220958914,2681927.908302369],[4337419.721969605,2681873.9896509764],[4337586.070119519,2681959.0109616546],[4337502.833126596,2682095.03915791],[4337093.903657194,2682137.441743759],[4336496.394784196,2682369.7329936465],[4335790.784383806,2682416.924893803],[4335414.680170053,2682749.5781197012],[4335098.837449825,2682862.0923019033],[4334780.62415297,2682802.2447081245],[4334532.3598868055,2682983.2176888515],[4334029.542010378,2683131.4267203268],[4333918.380622312,2683265.4685458927],[4333900.541664463,2683438.5898373686],[4334203.0092865545,2684197.9273527623],[4334499.147934207,2684442.871114413],[4335123.876973749,2684645.424092294],[4335535.750710555,2684654.455756722],[4335651.600151458,2684804.9611629457],[4336216.903436572,2685132.442641013],[4336770.547939557,2684958.885203221],[4337920.17298876,2685009.702650162],[4338610.18184031,2684501.4763384084],[4338809.62363888,2684587.9783128556],[4339095.351871206,2685147.082563035],[4339411.095257221,2685467.3087883447],[4339620.206277552,2685534.3162197242],[4339825.029409856,2685455.4748544423],[4340456.714540652,2685633.4273193665],[4340582.188712666,2685872.9278477286],[4340830.783512651,2686027.329264387],[4340853.4826561585,2686225.4652132653],[4340989.36202273,2686362.347747514],[4342178.018551297,2686382.98840858],[4342432.5312430095,2686727.1350227655],[4342837.17316732,2686961.4875903674],[4342962.028042045,2687375.314676833],[4343243.660741584,2687681.2685026336],[4343456.513987814,2687709.049946566],[4343715.669930114,2687619.818607091],[4344656.295048886,2688387.65935548],[4344899.104918252,2688475.1628341274],[4345383.394586605,2688433.5192624046],[4345841.250854299,2688239.7728157416],[4346413.552119994,2688787.8063958082],[4346566.342960575,2689235.395682705],[4346962.113460506,2689382.387517154],[4346831.438532871,2689614.628524687],[4346878.584897694,2689980.523485419],[4347663.760184941,2691218.780293496],[4347752.7891966775,2691738.434674437],[4348377.502880259,2692266.1601313273],[4348638.626227495,2692636.1002271464],[4348851.553918394,2692738.942160184],[4349330.8507598415,2693496.5323559316],[4349589.788577954,2693581.818265111],[4349925.399030825,2693929.491468262],[4349858.096055305,2694357.0334356474],[4350101.535486289,2694976.085485101],[4350094.994338925,2695273.296336813],[4350489.122888142,2695925.249262175],[4350787.638059911,2696200.3160850103],[4351095.474904998,2696340.98874217],[4351610.994164734,2696339.5855931723],[4352109.949696963,2696476.5515151373],[4352329.712914509,2696693.2239165176],[4352451.8973574685,2697017.7103773323],[4352598.799657713,2697148.3359528417],[4353333.020119537,2697102.4624304995],[4353128.894030082,2697597.579157442],[4353234.2535330225,2698274.167228249],[4353391.838207664,2698534.690716537],[4353268.161446802,2698862.8367595333],[4353355.669210722,2699088.375301798],[4353672.251271624,2699341.386756355],[4353601.654307392,2699703.8459742228],[4353773.622853243,2700142.859795192],[4353968.384199148,2700349.938844039],[4354589.579318873,2700502.618151912],[4355121.482245095,2700888.8017212665],[4355156.124819022,2701301.0441953624],[4355443.051271792,2701918.9381734096],[4356494.114922109,2702435.6457086974],[4356331.767321444,2703082.734780811],[4356359.164327877,2703286.6086471835],[4356216.311471049,2703458.0407161242],[4356174.383477282,2703850.9213530994],[4355981.861658337,2704085.117521443],[4355858.783063796,2704448.4528050064],[4355994.311022975,2705098.0448396085],[4355819.285285108,2705724.7243230776],[4356078.424275137,2706274.957474096],[4355906.156682857,2706706.2352233483],[4355933.10859512,2707088.0271869996],[4355674.715762816,2707467.6571655],[4355322.142018506,2707520.9796754033],[4355021.639194769,2707763.7746268],[4354521.673168523,2707618.291605502],[4354147.351047315,2707799.5247507123],[4353926.842202167,2708085.3115211525],[4353913.013349137,2708351.393157709],[4353709.611759926,2708596.2816575514],[4353222.027566172,2710051.6347972266],[4353255.556272211,2710260.175059324],[4353529.853580083,2710575.101691784],[4353603.397064207,2710887.069807946],[4353928.965436349,2711344.2478860747],[4354009.563727633,2711743.9239455387],[4353768.22640892,2712367.2336992924],[4354795.889172423,2715540.097289058],[4354623.653476778,2715756.8330320097],[4354282.651064345,2716885.216743861],[4353698.651083441,2716949.5956357485],[4353401.067872024,2717210.728293411],[4353234.323535938,2717605.617729046],[4353198.611881167,2717959.0105001284],[4353013.552369183,2718216.485380786],[4353036.748856587,2718462.8629099024],[4353306.043685226,2718643.6118319584],[4353321.187764969,2718888.7210105704],[4353571.993234141,2719234.5151407393],[4353879.722871455,2719350.464508391],[4354809.745637242,2719341.6130626914],[4355283.595977531,2719190.593702809],[4355659.053750516,2719498.2577047395],[4356350.229167832,2719691.1787953405],[4356687.85369373,2719640.1977061266],[4356849.262662171,2719435.4945530533],[4357463.977985018,2719342.194158396],[4357576.972464447,2719046.3780597644],[4357311.765066028,2718509.663648092],[4356755.8096972555,2718253.6080410583],[4356937.314444472,2717652.1856660806],[4356886.830403317,2717351.262770597],[4356399.507392954,2717009.0122325285],[4355643.17839288,2715961.3202592675],[4355808.792230413,2715835.1161898444],[4356742.8454940235,2715640.6534645166],[4357977.139700012,2714485.4182981127],[4360523.777278964,2713951.2766622286],[4361402.104362121,2714111.4493304044],[4363125.476461262,2714204.44557925],[4363568.754583063,2714044.7346145106],[4363700.742539724,2713833.534620291],[4364001.311196534,2713824.844984439],[4364530.233628339,2715166.794531139],[4364333.328067423,2715664.6172622466],[4364436.589516892,2716084.8220663616],[4364711.896116039,2716355.783724818],[4365200.777091096,2716630.723501008],[4365556.726389207,2717143.003300729],[4365771.463887375,2717694.357960311],[4366020.468628344,2717828.7720006765],[4366550.089821286,2717630.08167532],[4366872.224705407,2717401.6233724104],[4367505.093137886,2717526.9006977193],[4367727.399324922,2717500.639075311],[4368218.665547843,2717154.4488545973],[4368446.269929001,2716812.73346832],[4368887.17960788,2716656.7549584247],[4371969.711234903,2716685.9852177906],[4372167.090775193,2716610.6498537394],[4372278.222284251,2716429.8661531718],[4372405.6569012385,2716428.979286353],[4372926.187370388,2716656.6207489804],[4373151.742517631,2716649.2814564575],[4373286.958950952,2716539.5071438723],[4373402.271559256,2716276.468648586],[4373445.081278697,2716027.544597361],[4373334.053732713,2715830.732479769],[4373579.143841059,2715068.729440417],[4373731.504588739,2714992.1010875716],[4374103.749241907,2715046.5134895914],[4374521.457551519,2714988.8646695353],[4375090.722696413,2714603.9002389545],[4375254.537792196,2714401.013900119],[4375557.774686364,2714351.2224711254],[4375978.651465385,2714490.082378233],[4376602.1249193465,2714482.295911659],[4377712.736690061,2714298.2954634456],[4378361.763579582,2713936.7649340453],[4378834.190093187,2713174.114490556],[4378919.224915447,2712642.9718066175],[4378771.537440244,2712314.4781586593],[4379321.528090179,2711953.9347299235],[4379688.799427976,2711894.556647504],[4379885.974024333,2712096.1446368797],[4380109.960730547,2712190.525000066],[4380311.3144164905,2712164.8004353708],[4380866.087130934,2712564.4956300673],[4381597.569690998,2712458.5336724813],[4381834.440687757,2712523.963890204],[4381915.781769295,2712940.2022439223],[4382177.081471457,2713154.80441204],[4382623.922639107,2713148.1229700875],[4383376.169625152,2713408.9680941417],[4383932.151585039,2713370.9574485524],[4384110.09268997,2713276.005839766],[4384446.006825609,2713386.0252395053],[4384781.694486127,2713601.603470023],[4385231.2163761165,2714109.9733180045],[4385993.362457288,2714076.8689876455],[4386274.599016989,2714249.4512122977],[4388168.902766132,2714432.2700521885],[4388366.371206526,2714233.0989498654],[4388562.030678061,2713458.8507118057],[4388779.954234762,2713252.699410128],[4389129.75174309,2712563.431791179],[4389388.944920047,2712306.371314939],[4389779.02340548,2712452.6670494173],[4390060.223443799,2712474.166339879],[4390231.294580874,2712396.893751821],[4390520.7035318175,2712032.168006595],[4390450.130021966,2711712.957627837],[4390486.185895047,2711483.390432933],[4390390.450466193,2711316.0085660648],[4390132.47320147,2711174.9628080186],[4389418.779881465,2710965.494903848],[4388770.101812064,2710629.6909145876],[4388286.724576192,2710545.3601596733],[4387927.1810949,2710310.1593899634],[4387238.3419649135,2710044.740050329],[4386951.186975031,2709735.3623129153],[4387037.215743027,2709187.6509487247],[4386881.775487286,2708638.6505665593],[4386914.692824508,2708239.8469879944],[4387352.475098551,2708022.0680572987],[4387648.966164884,2708031.165998393],[4388463.2862259885,2708440.051288301],[4388900.142441585,2708492.0995892007],[4389621.226243315,2708714.9946561833],[4390846.94790183,2708390.8087855806],[4391581.837630771,2708401.751442491],[4391908.20172183,2708149.6387783987],[4392082.332989376,2707823.5427772114],[4391579.208327945,2707008.156422262],[4391583.969346296,2706892.8009859035],[4392929.902670185,2705461.589599762],[4392054.182679814,2706159.3039478175]],[[4384435.33857643,2688619.4342436087],[4384436.726624598,2688624.495858192],[4384436.726620285,2688624.4959580568],[4384435.33857643,2688619.4342436087]]]}},{"type":"Feature","properties":{"flugjahr":"2021","gebiet":"Ober\u00f6sterreich"},"geometry":{"type":"Polygon","coordinates":[[[4585402.1944143465,2746370.254488929],[4586011.848702701,2746616.0978757762],[4586109.024446005,2747167.2722051903],[4586227.516749777,2747317.2516864804],[4585633.387767086,2748337.020207949],[4585449.759381622,2748517.18695005],[4585286.269815261,2748483.70073228],[4585455.692594597,2748863.92250408],[4585372.932319509,2748944.1237721858],[4584831.551921648,2748948.8516478613],[4584447.788154009,2748752.819448273],[4584076.421471464,2748840.683578983],[4583940.913248565,2748636.664215311],[4583952.14834189,2748334.8145770873],[4583815.08834365,2748115.266494259],[4583545.309337477,2747978.3940013507],[4583208.157099558,2747937.9138703453],[4582908.076761666,2748231.706138506],[4582728.998466257,2748148.9497198835],[4582561.082944758,2747901.16181751],[4582232.771956487,2748066.163522876],[4582118.99017013,2748258.2514043124],[4582027.5525598535,2749005.0152581213],[4581896.3570797825,2749119.086393113],[4581921.841569131,2749261.9006365547],[4581848.123681293,2749285.657533644],[4581645.415987804,2749121.0468262183],[4580757.739324858,2749465.532952759],[4580600.067543244,2749317.35960866],[4580424.482499494,2749425.0498650405],[4579879.382049293,2749297.6206964427],[4579574.348770272,2749434.017167351],[4579238.054857015,2749198.7042175373],[4578899.422146757,2749204.4744373388],[4578216.123562589,2748899.8010320906],[4578116.6961393235,2748915.9780134694],[4578102.150671729,2749001.3905564738],[4577628.703954114,2748997.9478160045],[4577428.656995121,2748792.6608873345],[4576298.2787026735,2748633.5869403984],[4576159.074372535,2748736.4689688175],[4575901.011968664,2748762.7686026553],[4575652.263105261,2748615.9294211436],[4575475.273197704,2748342.278524355],[4575378.846449056,2748334.119168785],[4575385.388699769,2748221.589916008],[4574980.3015636755,2748117.3871023227],[4574819.111980288,2748273.528177876],[4574819.757304476,2748394.556922418],[4573868.503044381,2748680.7806715346],[4573780.96311357,2748796.8451339244],[4573398.309055903,2748946.7258983725],[4573155.608514939,2749290.5469635623],[4572033.21865459,2749725.673397797],[4571793.490704226,2750157.1314193597],[4571593.191261857,2750038.282981839],[4571440.812940587,2750076.96816382],[4571245.240336138,2750002.139093141],[4571041.256091647,2750071.2532305317],[4570410.996264132,2749947.3818105576],[4569118.230329269,2749915.4376822375],[4568887.885202239,2750850.3508673343],[4568764.728061581,2750885.446656325],[4568554.6054770425,2750792.393110156],[4568436.996474407,2750965.436939125],[4567917.594640687,2751122.668617161],[4567688.183662643,2751177.322688981],[4567378.826305701,2751122.008621371],[4567346.144800931,2751612.508313902],[4567098.634040756,2751787.0821467126],[4567108.998956093,2752315.3873849716],[4567230.0102213295,2752387.916704622],[4567175.096062836,2753120.3512361133],[4566880.348363598,2753077.178041607],[4566856.407662005,2753308.6516107],[4566887.472110573,2753515.9721538075],[4567056.093487588,2753532.2385581657],[4567403.479862074,2753802.9111903314],[4567382.025927809,2754166.665079746],[4567120.984818116,2754304.210679935],[4567056.853352659,2754577.323460157],[4567396.508839875,2754689.2135313763],[4567648.816378954,2754649.8815706633],[4567665.000180022,2754754.785682332],[4567394.920923155,2755300.594681441],[4567452.157642693,2755514.22608323],[4567112.0149959475,2755866.0235157586],[4567084.574137619,2756092.3080108664],[4566779.915429093,2756330.3154174634],[4566795.058054787,2756490.587248184],[4566476.074167207,2756641.8334483127],[4566335.142099183,2756848.1378558883],[4566093.181507922,2756924.2098179488],[4566115.29267187,2757619.6746940953],[4565721.4928068435,2757942.453932663],[4565591.741770395,2758502.4916956066],[4565926.545722644,2758820.498798354],[4566207.04673456,2758815.837443005],[4566349.323537028,2758959.679756065],[4566386.062174921,2759136.031169201],[4566291.202594629,2759555.861152475],[4566351.620128989,2760005.533281692],[4566205.561191961,2760253.052236216],[4566384.284630269,2760598.4446234307],[4566331.274081421,2760868.0491039017],[4566399.782680663,2761083.117895481],[4566008.662957751,2761764.922881566],[4566394.541155582,2762031.6759340954],[4566286.962177474,2762384.438151299],[4566549.690506445,2762637.8560689655],[4566465.345050112,2763024.7773909024],[4566178.413038358,2763579.9715630286],[4566265.956288303,2763622.956825657],[4566241.587355763,2763685.5942066326],[4584993.770453904,2764533.4570178906],[4584891.939055104,2767530.7646604567],[4609899.500691958,2768653.494277231],[4610862.23570696,2746640.8868435],[4579238.699400616,2745202.666373716],[4579361.4496602155,2745842.045399149],[4580189.605341972,2746541.594695956],[4580710.542329439,2747479.2308708145],[4581213.640510888,2747444.101320875],[4581710.501702432,2747093.9433287093],[4582185.828507764,2747041.5628237813],[4582324.156099805,2747111.5359035237],[4583273.728851788,2746686.027368373],[4583405.310794886,2746491.294211026],[4583776.013819175,2746316.416778608],[4583985.764887483,2746260.09016297],[4584242.294821746,2746310.75680677],[4584523.694454153,2746086.248493449],[4585174.359162847,2746374.638622654],[4585402.1944143465,2746370.254488929]]]}},{"type":"Feature","properties":{"flugjahr":"2020","gebiet":"Tirol"},"geometry":{"type":"Polygon","coordinates":[[[4519780.1744022,2709446.5382485637],[4519483.568565874,2709183.8297029906],[4519533.161453813,2709111.5406862115],[4519470.469069908,2708528.191408875],[4519692.743097854,2708083.19158135],[4519639.565834674,2707756.219378669],[4520021.540792314,2707516.188392541],[4519972.060079091,2706963.655817349],[4520096.312862726,2706647.943210535],[4520052.098004333,2706097.24772899],[4519803.681548253,2705962.8823612696],[4519674.646830988,2705585.7325191735],[4519286.010692452,2705316.7109376723],[4519248.271437979,2704893.1695943815],[4519098.023806026,2704760.8761150665],[4519128.7910280395,2704501.2438496687],[4519007.6208423795,2704316.440600533],[4518974.887638626,2704035.470309341],[4518778.337277688,2703838.5625234284],[4518392.974103204,2703883.89421326],[4517748.426099992,2703479.019022046],[4517537.40864763,2703511.292201719],[4517394.531273584,2703401.7484312197],[4517119.16454118,2702806.266635765],[4516773.569202023,2702638.410611658],[4516681.496672559,2702356.149187834],[4516566.152286061,2702251.1660898943],[4516619.165295892,2701961.2489504167],[4516481.809150846,2701755.894175315],[4515773.258605518,2701046.003603439],[4515254.26859231,2701064.39606437],[4515196.636440631,2701158.8170671463],[4514702.552414199,2701262.8773595896],[4514596.350273404,2701385.4933296135],[4514599.512834222,2701766.379375994],[4514544.6030524075,2701786.2893225383],[4514242.963596071,2701635.6769328453],[4513969.0020253565,2701772.124914494],[4513346.590433199,2701549.8963608854],[4513237.720866587,2701574.5650657304],[4513267.773448071,2701448.9959909106],[4513047.506678618,2701214.886883042],[4512297.967908603,2700962.72600933],[4512183.968593393,2700847.956507867],[4511629.962138565,2700704.6193244066],[4510975.575788528,2700977.337658887],[4510292.035289768,2701039.210500918],[4510145.565490964,2700632.3244482195],[4509767.477692829,2700085.4620511117],[4509728.3240505075,2699607.3542709975],[4509571.092144292,2699472.879749939],[4509334.009012758,2699476.961564835],[4509279.839084364,2699380.4042289928],[4508537.950694276,2699120.984500683],[4508506.891736629,2698745.438839181],[4508354.415739386,2698400.030790228],[4508337.839548746,2698094.2195844934],[4508391.405317208,2698155.8692650767],[4508462.703531659,2698109.858245176],[4508348.750872732,2697731.8560030675],[4508536.081306691,2697459.1646144446],[4509044.012984965,2697141.4530993626],[4508930.297436335,2696870.820824006],[4508940.297549429,2696358.93727022],[4509388.877305533,2696194.167723003],[4509631.632183091,2695936.7076525963],[4509888.937321146,2696027.5595600815],[4509827.215214674,2695794.8405038742],[4509890.204351007,2695532.2319716285],[4509801.51664499,2695307.645877581],[4509625.573844526,2695149.1463136068],[4509676.320019111,2694712.9173269803],[4509379.666097173,2694830.4522937755],[4509060.945547019,2694707.0826354343],[4508711.719957866,2693797.7915388625],[4508628.589547501,2693800.345096653],[4508439.129119638,2693446.7877646685],[4508002.125582384,2693304.208221745],[4507804.5199342035,2693134.3282291396],[4507437.015575999,2693295.1992463553],[4507133.769714053,2693279.142944686],[4506433.62994897,2693442.2693936015],[4506199.356033541,2693398.2345335847],[4505675.985011963,2693601.6328852815],[4503920.931185274,2692756.9846725482],[4503641.537488472,2692322.9071823317],[4503608.440223422,2692083.069215634],[4503345.517315619,2691858.1458739634],[4502941.878055328,2691809.505328994],[4502266.908660995,2691973.596250025],[4501699.659644931,2691927.6148553086],[4500649.188368529,2691514.5678237802],[4500236.237764846,2691807.352561816],[4499998.348233742,2691791.4286621036],[4499485.344043523,2692205.0115825427],[4499317.480700623,2692275.626887389],[4498831.044779857,2692250.9616044187],[4498621.850113388,2692501.3741905405],[4498166.684024928,2692598.4466544962],[4497977.252677647,2692835.894132969],[4497745.467017465,2692913.516287991],[4497616.189591168,2693331.0340051176],[4497516.09990036,2693218.1572444933],[4496386.980715392,2692979.048266026],[4496222.013839716,2693413.9964571167],[4495478.980747578,2693537.4641372766],[4495270.746479141,2693470.4132548575],[4494681.190002487,2693693.7748208516],[4494688.139324223,2693191.9838205245],[4494621.394900888,2692993.440950528],[4494394.068883356,2692774.673238482],[4494352.019952454,2692559.802643798],[4494029.042111119,2692326.1120129963],[4493907.1957065035,2692010.052917194],[4493492.351670306,2691706.5276423865],[4493453.777140307,2691492.333012905],[4493257.891653749,2691327.4354057196],[4493021.204286142,2690926.9517234755],[4492645.292812802,2690611.9962489563],[4492496.604851642,2690321.217972975],[4492324.492885161,2690242.6546490537],[4491592.942133262,2690859.809331232],[4491399.427898057,2690809.1544200685],[4491086.580611317,2690306.1934691384],[4490587.690421346,2690242.4484437173],[4490298.247226396,2690096.48794527],[4489863.71304181,2690532.9133730102],[4489923.38943009,2690785.735733341],[4489817.026349101,2691109.916992317],[4489711.1625647405,2691255.065841956],[4489382.541392009,2691352.06822947],[4488881.441198201,2691129.770865468],[4488670.66797135,2691158.8016880825],[4488090.472818359,2690105.2406080985],[4487614.670530535,2689969.4587822636],[4487520.145268288,2689792.1713793157],[4487315.83819155,2689775.5834168554],[4487260.435218609,2689672.341911708],[4487339.745644278,2691571.826919508],[4487671.332859457,2693128.2113980325],[4487841.774341727,2694493.1904471423],[4487810.788896207,2694719.4932805714],[4488907.655824472,2694504.215280259],[4488136.013463093,2696593.8901257156],[4487633.827726912,2697675.4457263052],[4486900.146414426,2698926.441171217],[4486007.540879454,2700867.368299741],[4484558.107035061,2702421.037451925],[4483727.33542464,2702249.8592651095],[4483000.598335118,2701705.338683886],[4483082.036321283,2699210.7989858],[4482651.660414772,2696941.848730555],[4482215.283149333,2696326.0218960093],[4481335.262832958,2696242.452679997],[4480694.822899405,2696821.2057347074],[4480956.089091678,2697856.304860188],[4481108.408320297,2700188.3680359893],[4480993.331752032,2701078.015325038],[4480850.929452467,2701461.825153915],[4480533.8402912915,2701539.234015533],[4479668.5907576755,2701250.344798679],[4478990.131402985,2701430.222614295],[4478686.74965761,2701858.411123913],[4478588.708482113,2702194.922491885],[4478630.682063673,2702658.089566377],[4478861.23865832,2703428.18435331],[4479191.479175243,2703874.776032401],[4479835.2301136395,2703833.7778594033],[4480233.788315825,2703894.4487391217],[4480555.16964162,2704263.9424133417],[4480768.065888747,2704718.423178434],[4480700.708139668,2707139.912951178],[4479414.657626768,2709047.044133409],[4478789.392291595,2709598.067343059],[4478387.028407979,2709705.618112753],[4476861.157696883,2708637.869271829],[4473093.67092238,2707899.5807374325],[4470019.277144146,2706907.268098217],[4468273.30479141,2705572.024614432],[4466512.376952134,2703614.4999071187],[4465006.167299863,2702079.5975708277],[4464429.497078721,2701923.1583952755],[4464297.711954519,2701773.3413033206],[4463693.661937146,2701566.4945132323],[4463612.694057895,2701462.1998242196],[4461390.5147054875,2700467.148118656],[4460230.086719938,2699704.9137924],[4460169.956671243,2699745.9355573277],[4459914.275074453,2699654.4057114795],[4459865.991981393,2699541.3272917853],[4459556.378498663,2699397.847939623],[4459528.546775022,2699276.4909317093],[4458789.533436512,2698759.7364741485],[4457443.126352984,2697871.763165788],[4457077.829634125,2697710.1049183914],[4456351.492920633,2697043.1202065777],[4454572.297164776,2695058.454542699],[4453798.217519391,2693453.328279088],[4453229.677537394,2692506.245820187],[4452873.043686731,2691463.087202855],[4451974.66886629,2689549.4756657756],[4450287.76255731,2688104.0675285514],[4450161.468374352,2688136.1787278266],[4450143.009592208,2688010.1113252793],[4448372.581639163,2686576.7375416867],[4445590.308831507,2685265.372057297],[4445056.434885046,2685232.5506517948],[4444029.090718088,2684506.1919983686],[4440149.937781283,2683540.036248548],[4439809.243957338,2683554.8494658666],[4439731.265520541,2683456.98493533],[4437143.1599904355,2683028.392557593],[4435943.318866551,2682725.044430432],[4433811.2124588825,2681928.5614719815],[4431553.094124274,2680912.2272963347],[4430844.374977296,2680698.7714943867],[4429265.459883653,2680472.5183677413],[4427706.277506639,2680020.834044886],[4427198.837004008,2679968.2588350726],[4426967.353787688,2680017.9272364643],[4426879.236469197,2679885.2165583833],[4426562.200126542,2679745.109648583],[4425483.280480145,2679468.458628751],[4425092.855168726,2679440.6825816724],[4424942.681813932,2679348.240603124],[4423343.274198071,2680133.6275826707],[4421365.364881486,2680592.3677124],[4417916.393306728,2679578.6643098625],[4417112.631284739,2679774.432186259],[4417049.311436201,2680414.446619668],[4417157.298167736,2681220.0303155016],[4417346.823940518,2681655.7297782064],[4417329.6710335165,2682226.503067533],[4417828.027795339,2682873.3745015003],[4417779.453368754,2683076.5115803136],[4418261.444670574,2683709.52301502],[4418583.287199677,2684589.0528373867],[4417957.243634066,2684773.443938497],[4417370.635933406,2684820.627456248],[4415865.124550445,2685547.3783602566],[4414986.17331996,2685773.8198583503],[4414188.153884362,2686403.8619206906],[4413254.696717883,2686496.812319262],[4412352.909463425,2686688.0578311714],[4410614.887219055,2687616.308897815],[4407835.294025816,2688428.9443721734],[4406605.900644043,2688937.9780377285],[4405879.912417808,2689544.2151306067],[4404449.337906414,2690220.6348455385],[4402673.925550305,2690415.0556740775],[4402449.654394743,2690509.061279632],[4401136.674735884,2690575.511992175],[4399690.889012961,2689795.60610478],[4398805.928075002,2690087.569622239],[4398180.510204037,2690422.54909073],[4397834.995947322,2690442.560526408],[4396406.161112319,2690170.784195654],[4395147.723947928,2689814.4692155495],[4393088.824948338,2689658.940519673],[4392388.196821215,2689263.7614321033],[4391658.820878195,2688614.525577611],[4391220.168350221,2688407.6457262714],[4390695.297310839,2688304.008724713],[4390118.234734562,2688407.4510997892],[4389850.28185989,2688594.4361182703],[4389152.662692349,2689374.0511194523],[4388148.331409879,2689559.0861681565],[4385825.064161178,2688976.822532378],[4385449.698585572,2690511.034679211],[4384557.867374086,2690740.788871853],[4384102.126766946,2691358.3738571713],[4384183.359845542,2691945.0775265032],[4384649.977946582,2692634.173567968],[4385385.608084354,2693190.5739189032],[4386277.754973629,2693592.5674957447],[4387150.618831966,2693787.205742212],[4389424.543945459,2694729.5988679347],[4389951.054006546,2695422.4316785675],[4390253.7510736,2696118.5255718385],[4391062.267238676,2696487.3749578046],[4392021.830630306,2696264.222079647],[4392098.707806757,2696745.7631857395],[4392594.648109406,2696909.64771049],[4392657.414719833,2697394.7922269437],[4391898.100881163,2698824.0998970815],[4392173.182562953,2699467.935111307],[4392161.2809335925,2700340.3748243246],[4392521.570448885,2701460.5448194183],[4392574.541211939,2702039.8316612565],[4392320.575099981,2702289.0729313223],[4391447.581915597,2702830.471472961],[4391143.613549938,2704002.891144649],[4391339.5264241705,2704238.6425346946],[4391289.636848154,2705431.357858058],[4392054.182679814,2706159.3039478175],[4393098.050696558,2705305.979686959],[4395919.336467754,2705575.2948881183],[4397983.457256363,2705401.309193537],[4399561.950167184,2705040.6550166425],[4401144.876924607,2703708.42654272],[4401921.328029047,2702656.952441673],[4402576.715308567,2702171.5093421796],[4404087.856705041,2702098.305903841],[4404745.05445543,2701448.30272355],[4406076.777131467,2700771.6996718086],[4406957.5654961215,2700968.2326568333],[4407698.426261947,2701552.1333806915],[4408182.543712894,2701802.0409421274],[4409202.3008823795,2701985.4588265526],[4409615.623672313,2702134.2624706696],[4410010.458663835,2702418.282146985],[4411340.960132822,2702584.9615102643],[4411772.56029445,2703190.9885441125],[4411958.610606399,2703291.497976348],[4412188.690353957,2703291.4110874776],[4413108.39887838,2703018.9174385974],[4413523.25758137,2702993.5653705476],[4414314.27173871,2703155.697999283],[4415281.943138935,2703202.191663662],[4415509.395416552,2703137.0588954473],[4419945.328219126,2703042.369177439],[4420246.50324195,2703213.460654012],[4420562.004027195,2703818.004395817],[4421113.550137341,2703873.2139630676],[4421095.080684689,2704094.1914185425],[4421212.993340567,2704503.340866194],[4421653.292850197,2705057.0667536086],[4421936.352818748,2705236.574858111],[4422504.853176278,2705226.201653945],[4422955.226265635,2705043.6878374075],[4423497.971202812,2705138.089110501],[4424100.291858321,2704747.895781793],[4424307.803792859,2704789.776485283],[4424599.8852602765,2705137.3414649763],[4424777.828613873,2705212.023443153],[4425579.507284275,2705160.868309917],[4425905.628143932,2704991.3437647293],[4426831.044935255,2705130.5395307145],[4427167.046611845,2704983.2611832335],[4427632.745961255,2705003.8552159187],[4427277.41718268,2705560.2918786965],[4427243.126092462,2705958.316846839],[4426943.224837672,2706644.9127982073],[4426578.233530274,2706648.435077722],[4426178.940311713,2706528.067877731],[4425663.4499456575,2706677.450360373],[4425103.329604878,2707371.1186088836],[4425172.510077904,2707974.0469840793],[4425673.151700882,2708810.4371586684],[4425976.6112439195,2708937.2612117087],[4426318.362313422,2709347.493959262],[4426905.739048593,2709812.392796096],[4426925.241278998,2710013.721759469],[4427161.334617317,2710323.3238220043],[4427271.513302764,2710640.079831224],[4427567.571691096,2711070.852088922],[4427846.985435618,2711265.069708607],[4427953.91388109,2711525.410378438],[4428569.799791374,2712059.5018711295],[4428821.048124581,2712413.4846625444],[4429551.438549107,2712919.590284411],[4429742.638234804,2712945.751918182],[4429910.201055096,2712850.271460404],[4430039.142373608,2712410.3954378017],[4430429.3484107265,2711888.255734808],[4430960.666197747,2711991.0087597556],[4431475.626991036,2711944.1259876755],[4433147.756344573,2712024.5981742153],[4433326.377418368,2711951.7918488667],[4433431.214167042,2711791.28327924],[4433979.745518026,2711863.667645489],[4434340.1161056645,2711781.421571068],[4434531.360126779,2711651.8450580775],[4434863.8251495175,2711755.2715384937],[4435402.153783549,2712288.5674583167],[4436100.2959750295,2712115.527022088],[4436584.313247918,2712089.795333307],[4437036.661397334,2712189.8967759395],[4437313.97004852,2712395.3154290076],[4437896.536561359,2712604.953652553],[4438154.104648671,2712537.0078320396],[4438690.742157115,2712699.5740463855],[4439323.964850084,2712718.890489533],[4439638.321163289,2713308.782769669],[4440358.684234946,2713847.9904590347],[4440296.18287628,2715140.4539374616],[4440168.890808587,2715458.8656644616],[4440141.836712214,2715924.5859551774],[4440392.146276817,2716554.3534384216],[4440211.507319342,2717015.8430989278],[4440501.936233351,2717690.519286845],[4441193.245218225,2718459.4895721497],[4441595.627948688,2720046.5389005207],[4441723.587609321,2720216.1612362103],[4441918.813411036,2720297.065042856],[4442358.2900776025,2720131.264700811],[4442578.803865494,2720476.9099861467],[4442828.66749076,2720601.2401424246],[4443184.808490405,2720597.8427436394],[4443446.61924786,2720480.1502091205],[4443618.3076539,2721376.7632512404],[4444026.748640206,2721749.438656649],[4444630.359708724,2721624.233828207],[4444904.923202363,2721261.1297000465],[4445249.534836456,2721289.2814561827],[4445927.82330354,2720650.1449926184],[4446234.05379297,2720609.3430420677],[4446882.789701761,2720816.1594869336],[4447345.794645588,2720784.0926395818],[4447514.240470093,2720687.626869414],[4448198.204485292,2721020.9999486874],[4448910.59030172,2721249.8812321783],[4450706.2880376885,2721309.545444844],[4452304.0154090095,2721198.0734334285],[4452890.863895978,2721364.1488594525],[4453464.323003117,2721357.173672463],[4453960.485021851,2721501.3874023454],[4454298.926388055,2721440.6323656794],[4455029.250397257,2721643.6389925303],[4455779.012992271,2721259.314538815],[4457714.397927153,2720974.8202999886],[4458574.573463526,2721094.4931322434],[4458819.804470719,2720996.8542424846],[4458933.808707224,2720725.952978948],[4459484.374514135,2720748.4903229293],[4459693.390444313,2720675.4592274725],[4459792.722167692,2720731.443609589],[4460276.528175067,2722815.1530975895],[4460445.016924434,2722996.6790928314],[4461092.896454799,2722892.401949666],[4463484.706851708,2723829.31280812],[4464031.457148061,2723781.7062367946],[4464888.428637357,2724403.2966786623],[4466397.966847678,2724325.702166375],[4467838.87490252,2724707.1310087396],[4469012.781293959,2724892.4545894647],[4469575.169601043,2724704.221347718],[4469760.384410465,2724995.9502896084],[4469948.2285541855,2725114.4373021913],[4470598.774734762,2725321.3448207607],[4471268.961012936,2725423.6311143367],[4472024.673630537,2725855.8983906093],[4472606.79160451,2725529.676679476],[4473150.363150722,2724352.9577112123],[4473447.407414618,2724336.942146135],[4473548.633832767,2724614.1852518423],[4473792.018785335,2724888.189070555],[4474153.9284594655,2725065.9073016946],[4474974.221798079,2724940.541294385],[4475227.784437251,2724809.957439239],[4475458.844775387,2724870.3373570764],[4475872.233063492,2725235.6335287],[4476261.75294348,2725250.155562817],[4476433.023918317,2725189.403616749],[4476568.155896094,2724977.5427329326],[4476894.621296479,2724797.363646882],[4477482.4553443035,2724655.9633406936],[4477734.89906469,2724296.675301263],[4478440.074606137,2724398.3987298775],[4478729.025837454,2724365.0124820108],[4479641.492542622,2724572.435781808],[4480126.69823981,2724554.6151057826],[4480573.049496522,2724371.3353473376],[4481154.932424603,2723983.076425817],[4481691.102912688,2724660.960910014],[4482021.490401772,2724941.831863854],[4483200.597945109,2725575.9886445943],[4483776.906651395,2726376.347787549],[4483654.365840414,2728056.0390724717],[4482552.43484056,2728836.5256983982],[4482301.349868475,2734166.8151047365],[4483334.809107196,2734620.56349122],[4484837.5045812875,2734596.4948448436],[4484957.920133803,2734864.329636304],[4485751.749279771,2735467.676781296],[4486018.2300441945,2735544.5511308284],[4486266.51621801,2735441.597234294],[4486462.712400057,2735718.1599711548],[4486900.675852756,2735801.2331349747],[4487919.616290662,2736555.7276282567],[4488834.637359933,2738125.91680438],[4489567.968181713,2739201.457691083],[4490298.379645481,2739483.3889430696],[4490550.140310881,2739399.593444483],[4491070.2208987605,2738686.841141469],[4491269.665339714,2738018.4128113603],[4490722.7509494815,2736642.2047544536],[4490535.838297421,2736392.4989013844],[4490213.7120072115,2735633.072652796],[4489949.972487809,2735388.6035466134],[4489630.186045593,2733789.0830644052],[4489921.171735567,2733216.860233432],[4490086.355996449,2733090.096715131],[4490325.946043001,2733244.793858367],[4490996.632012927,2733375.2231608573],[4491555.025453917,2733852.935143673],[4492298.813955991,2734225.377360745],[4493098.41345366,2734305.488703626],[4495715.843559876,2734971.730273239],[4496868.727058508,2735069.8481717054],[4497498.521308931,2734707.2343358607],[4498414.557958705,2734385.993577794],[4498840.943452273,2734113.1204032577],[4499224.44074481,2734040.3324936326],[4500137.7411778215,2734319.111654231],[4501074.631909599,2734747.52856409],[4503231.024498237,2735292.489834988],[4504522.203514906,2735164.5691948724],[4504928.4016837,2734887.8010243205],[4505327.764947547,2734212.197954368],[4505368.101903296,2733917.226354828],[4505279.624624199,2732878.1697835904],[4505366.216050665,2732519.66650894],[4505559.795058563,2732237.4417824876],[4506049.6871308675,2731785.3255393314],[4506430.191704524,2730868.587396037],[4506848.557502928,2730146.1070263907],[4507357.234690902,2729709.344003295],[4508867.658185912,2728659.442582416],[4509319.493750008,2728141.194176829],[4509721.236292772,2727973.5654656426],[4510154.930908514,2728014.0517146555],[4511205.494484541,2728791.6867971807],[4511619.158317632,2728926.538736678],[4514973.452422471,2728488.7903146236],[4514841.596577333,2728196.8054604614],[4514820.479794204,2727887.893772787],[4514644.78549708,2727756.563609003],[4514571.159374778,2727562.403780694],[4514286.668414011,2725874.2372389743],[4514315.575259348,2725367.635278048],[4514507.584627111,2725118.026832415],[4514668.558511135,2724632.6952684787],[4514955.284500005,2724503.888165662],[4515092.338267358,2724557.3427524497],[4516488.454138668,2724367.5351196784],[4516743.096246993,2724307.9761581756],[4517199.982764462,2724038.121795707],[4518141.1978757875,2723950.6405950743],[4519379.053497878,2723485.812232745],[4519692.741661709,2723510.8884662706],[4519893.638793052,2723328.0181344408],[4520067.721872392,2723336.174405988],[4520598.316371184,2723079.2384335906],[4521003.925959243,2722681.3980842517],[4521693.848547051,2721950.3480847487],[4520629.725915712,2720915.9297393756],[4520627.919771563,2720495.4414627687],[4520494.04499193,2720454.008395269],[4519908.264262287,2719203.927121179],[4519425.750546865,2718850.167284128],[4519255.30517766,2718853.160638529],[4518913.930155006,2718617.4473235956],[4519406.120557421,2718223.809763243],[4519572.007290838,2717932.0064864797],[4520078.359757046,2717706.2148114825],[4520209.312043516,2717427.0875041024],[4520657.023992073,2717225.7091679424],[4520917.754656774,2717268.4346179343],[4520859.5274362005,2716936.8529208293],[4520931.202442499,2716546.769232209],[4521532.038338996,2714391.1558351433],[4521864.899540292,2713888.863952137],[4522170.941881022,2714140.1381227905],[4522408.557290101,2713201.7074647928],[4522661.982949547,2713144.691621532],[4523571.700022125,2712300.546906814],[4524116.440847273,2712208.319547193],[4524348.042048499,2711983.6713598142],[4524408.211806863,2711683.250007886],[4524320.5122493785,2711335.3781917896],[4524571.604852993,2710853.3885467374],[4524025.428556621,2710652.506625714],[4523617.045601513,2710377.313908917],[4523419.13940414,2710416.261498727],[4522636.904456319,2709583.4370209645],[4522179.054666396,2709475.952656921],[4522032.964137517,2709306.7733153487],[4521083.217617105,2709573.9719420024],[4520463.9522289345,2709625.2475054315],[4520150.479338774,2709576.438993684],[4519956.430050848,2709392.3097201595],[4519780.1744022,2709446.5382485637]]]}},{"type":"Feature","properties":{"flugjahr":"2021","gebiet":"Salzburg"},"geometry":{"type":"Polygon","coordinates":[[[4593458.993648314,2686345.318284224],[4593131.6405646885,2693833.6158242407],[4593372.218363744,2693845.069549457],[4593416.655566452,2693552.534114781],[4593239.501854003,2693274.5261388635],[4593486.8137237765,2693054.87323757],[4593535.289894646,2692857.0402697264],[4594026.071712247,2692220.7023581937],[4595114.537621022,2692231.855712621],[4595261.501351981,2691806.478942154],[4595872.283987629,2691258.908338019],[4596256.611283339,2691259.373541626],[4596401.170899614,2691354.5012105964],[4596631.971382,2691312.261394759],[4597360.5922208745,2691629.6317137224],[4597539.387778815,2691620.9795945804],[4597701.859630915,2691464.622137336],[4598142.065507455,2691288.09701388],[4598714.729783008,2691172.5734417704],[4599140.826601697,2691484.9685876206],[4599760.230210162,2690891.422907079],[4600322.342121423,2690788.3427116675],[4600784.263128442,2690496.8446641914],[4600841.582341,2689958.74836255],[4601272.376081447,2690052.297241906],[4601693.2676952835,2689936.9038897296],[4601989.946166044,2689951.645832029],[4601980.572320739,2690471.761125181],[4602087.61680525,2691128.053895919],[4602200.329102317,2691338.675694544],[4602479.623763954,2691552.4082668386],[4602504.5094125,2691778.88451115],[4602921.112100431,2692079.125206133],[4603259.2709680805,2691958.712435828],[4603951.444982375,2692140.40210222],[4604641.949493817,2692118.3945339527],[4604939.134744089,2691924.794866439],[4605677.1580945505,2690900.9795150836],[4606249.852499899,2691346.8910039784],[4606708.473969586,2691551.2132390793],[4606916.998885045,2691812.130434956],[4607360.866216284,2691964.4482265343],[4607858.528225496,2692660.528196605],[4607663.855913942,2692928.512367322],[4607698.413218319,2693516.687205083],[4608338.417143104,2693373.0874727364],[4608706.834266233,2693670.5210877834],[4608683.527282676,2693836.2283115326],[4608824.535404641,2693982.995896094],[4609795.188867722,2694424.5491119726],[4610445.836021115,2694100.5929974476],[4610285.621398199,2693752.4120743764],[4610347.317465308,2693409.4257327016],[4610638.241529412,2692973.8674595756],[4610382.487634437,2692434.182329818],[4610695.002065504,2692002.6287967693],[4610395.210056653,2691857.9786614226],[4610280.115433736,2691527.3976635956],[4610456.91212675,2691206.9045792073],[4611192.840071452,2690892.3902348024],[4611595.272058639,2690824.350643257],[4611746.333610198,2690677.6066842405],[4612071.821706304,2690634.0060330825],[4612625.575682261,2690197.3395261],[4613450.657673439,2689925.107360687],[4613605.866315639,2689714.342038187],[4613929.503779699,2688949.6578968423],[4613969.042512207,2688463.9853518186],[4613771.372823151,2688144.419816747],[4613386.96872723,2687877.950498253],[4613269.3129755035,2687625.431191337],[4612802.802679385,2687453.4110805723],[4612673.089282038,2687149.9849310466],[4612939.234020774,2686766.7847395595],[4613200.84672439,2686752.5253889984],[4613544.407104917,2686457.0764369946],[4613829.870291138,2686139.039212763],[4613970.043064378,2685650.6252896027],[4614572.613770126,2685340.8175693885],[4614736.144281305,2685026.9355739434],[4615255.330501021,2684478.257973578],[4616882.909483714,2683495.172259489],[4616757.403375983,2683075.6004147343],[4616468.898505945,2683007.0048207804],[4616419.852731313,2682544.1934421975],[4616279.957639742,2682422.6258818284],[4616604.297051126,2682149.180216087],[4616666.777919793,2682274.489614799],[4616838.915653126,2682354.345880486],[4617275.560915109,2682328.1859641974],[4617358.124586709,2682518.4755239733],[4617682.930983461,2682029.0452389005],[4617903.446032865,2681872.8411241816],[4617967.182456053,2681440.414514223],[4618075.905300562,2681289.0416178717],[4618062.43453331,2680848.7859032187],[4618220.56136613,2681019.53476826],[4618495.873953808,2681039.053650519],[4619099.978033835,2680816.109140724],[4619488.571093064,2680832.0074683283],[4620019.589217943,2680528.511405669],[4620132.652704091,2680577.4211275056],[4620493.435919467,2680468.941985403],[4621419.932552184,2679817.2744161207],[4622028.034734116,2678862.2053106595],[4622767.053135763,2678433.844228369],[4623474.846845228,2678258.720935478],[4624035.083369327,2678008.9663554537],[4624084.283414891,2677704.5620248117],[4623939.030879831,2677578.082036201],[4623921.712908657,2677404.7497708234],[4624282.521592853,2676978.840429076],[4624051.930798614,2676557.6123284753],[4623713.605163098,2676356.6170091233],[4623631.748858506,2676138.0060743485],[4623325.460434343,2676031.3675156655],[4622503.992133904,2676206.307104366],[4622012.047821026,2676069.1381530017],[4621566.079507972,2675798.993137136],[4621348.433348366,2675818.99027307],[4621077.840333028,2675954.7512779697],[4620904.945700718,2676231.518504951],[4620656.8846829925,2676399.154727867],[4620531.850515782,2676738.325737641],[4620247.071511413,2677154.8515357077],[4619946.675500351,2677123.68365044],[4619340.610028033,2676680.2129094964],[4619089.353521445,2676335.804590595],[4618722.343987787,2676214.482536079],[4618647.278038099,2676254.7819317183],[4618262.147577625,2675929.0689647105],[4618089.785564027,2675622.650493946],[4617739.903951919,2675619.9564426914],[4617258.519144136,2674811.113058543],[4616945.050231826,2674446.64626263],[4616815.411409368,2674530.156773908],[4616515.4375586,2674479.9835665557],[4616153.747449461,2673970.1035826863],[4615836.422811022,2673921.4703730885],[4615713.805238358,2673760.161478646],[4615871.604366858,2673426.8636759333],[4615551.4933890775,2672899.633833465],[4615487.796418233,2672571.6467143325],[4615537.907870409,2672295.6257271743],[4616171.561889275,2671961.0442843027],[4616465.969370764,2671267.870417852],[4616795.41967601,2670975.6785287526],[4617528.0794392275,2669975.3211286822],[4617857.449808085,2669683.7032146286],[4617668.739343449,2669136.972302514],[4617676.143514312,2668878.501190331],[4617479.810974601,2668678.9373516757],[4617444.042509452,2668460.889157726],[4617147.959170229,2668074.061188263],[4616783.443290667,2667892.158719841],[4616550.20695317,2667041.997677222],[4616310.789229502,2666727.5978955487],[4616189.359297539,2666128.510987024],[4615803.376547257,2665369.5218023323],[4615447.488204185,2665065.0224186424],[4614882.160277198,2663883.6096389256],[4614984.049474623,2663458.5400555814],[4614887.315391929,2662816.4119867557],[4615002.986705144,2662302.2183245164],[4614933.45768895,2661917.422351283],[4614975.932563044,2661669.9667020463],[4615067.0348202605,2661592.1820408236],[4615075.914401777,2661277.0758854104],[4614708.118091077,2661113.4849464544],[4614522.824297856,2660814.829403814],[4613617.421416955,2660403.4295671037],[4613464.806661624,2660130.965186979],[4613604.711990243,2659894.770886599],[4613499.086338324,2659825.6198336966],[4613445.548640676,2659390.3610168323],[4612753.052516747,2658669.606011439],[4612750.830633779,2657737.2673045616],[4612438.602823069,2657299.5162757323],[4612066.187583143,2657020.236024684],[4611670.207433693,2656855.9441409856],[4611386.0146037545,2656143.134343369],[4611058.901176332,2655976.8346410887],[4610517.005785483,2656021.1524844915],[4610283.956048436,2655914.152993191],[4609893.107517207,2655542.3585738563],[4609727.537354238,2655270.5724765654],[4609264.996226465,2655144.4097182234],[4608798.773017378,2655230.3897251403],[4608514.077252079,2655614.618244065],[4608561.694125431,2655712.417705193],[4608400.238778678,2656105.3282848536],[4608579.405228525,2656327.844625466],[4608522.364611012,2656679.123009185],[4608158.194807988,2657082.37783716],[4608309.401787572,2657873.7009340874],[4608065.249616289,2658796.242323181],[4607695.294963342,2659164.8126931023],[4607041.518389831,2659315.7517269487],[4606985.534569321,2660058.2522535534],[4606663.147021801,2660279.171870948],[4606113.804624829,2660384.510675817],[4606029.800238913,2660567.2144406205],[4606022.940623106,2660383.2848409107],[4605815.575154536,2660247.948473536],[4605564.006316011,2660211.251110813],[4605134.663349136,2659983.175461082],[4604873.718924941,2660023.20426639],[4604694.068339933,2660142.9562350353],[4604254.005754756,2660162.766353842],[4603605.951869533,2660451.6345699257],[4602972.123800447,2660628.213003703],[4602948.888359757,2660762.167775351],[4602639.72684016,2661025.8431067183],[4602602.449771775,2661305.9530136837],[4602319.136042708,2661578.050372837],[4601974.0498717185,2661719.2497279556],[4601834.882963955,2662057.7819442125],[4601959.31048949,2662198.4229121082],[4601767.801988054,2662357.482195967],[4601831.300284168,2662504.459396404],[4601436.708703339,2662662.57075036],[4601647.025687228,2663326.7181582656],[4601378.750540639,2664266.4844602384],[4601950.763305982,2664775.4997533928],[4601939.617262499,2665076.5428121807],[4601781.892176615,2665169.544685381],[4601754.8793512685,2665479.517204248],[4600981.705697875,2665395.714447962],[4600917.354248722,2665547.365634757],[4600788.540205063,2665431.4563895115],[4600516.348784302,2665381.6910816967],[4600421.035333953,2665528.3094725115],[4600296.836138081,2665369.158905663],[4599951.680232755,2665280.541707484],[4599785.265436864,2665428.8708141437],[4599564.928426514,2665297.2940174476],[4599275.786584238,2665350.995075902],[4599139.277671302,2665497.224579933],[4598903.411527565,2665284.174189337],[4598343.939563141,2665221.224355798],[4597986.350166062,2665513.27115441],[4597460.249136482,2666975.895877117],[4596283.945636178,2667201.8639064212],[4596002.793878776,2667204.1140984893],[4595524.092818294,2666909.1051201313],[4594674.200942322,2666628.9982651044],[4594053.628221365,2666599.986841193],[4593197.590844349,2666220.006671335],[4592863.304227587,2666270.275101585],[4591402.188305283,2666642.9139843164],[4591040.287461569,2666922.2198108938],[4590626.686994959,2666958.6688032215],[4589632.661069045,2667458.8806669945],[4589367.292238353,2667415.148129604],[4588677.496694401,2667703.312212214],[4588563.323509054,2667825.1657536356],[4587882.897489096,2667869.7677731547],[4587717.55260988,2668004.630553517],[4587164.927613751,2667945.4311360475],[4587036.6574370945,2668006.939700418],[4587004.014467895,2668149.267241867],[4586804.505837489,2668214.852510201],[4586013.354689983,2668302.39830483],[4584717.966532747,2668690.4165528663],[4583954.451931115,2668788.721643609],[4583665.129880361,2668951.752496936],[4582361.468369729,2668607.4317193823],[4581397.495396514,2668890.5340992995],[4580776.979968041,2668545.076784159],[4580275.559956384,2667791.3395684804],[4580021.930705343,2667614.0674476563],[4579854.2640713,2667518.542912124],[4579355.517845435,2667565.2791559496],[4578299.822111206,2668216.0158567363],[4577786.907037094,2668743.835850615],[4577682.041441782,2669122.6341226427],[4577634.020172255,2670002.2193391323],[4577503.727988988,2670116.8389270026],[4576752.548067948,2670342.8271347294],[4576378.0617414415,2670616.9881689968],[4575176.349883454,2670222.828808745],[4574975.975197817,2670269.734829052],[4574130.613943161,2670185.5129275853],[4573700.848775132,2669923.8277534526],[4573580.6748732105,2669671.0968288993],[4572696.614546175,2669341.108756771],[4572536.480805864,2669059.0351692475],[4571869.260590707,2669112.477180288],[4571589.6904111765,2669238.429576588],[4571270.9640661655,2669652.5487949695],[4570841.492958778,2669916.4732416784],[4569958.366195877,2669947.218824449],[4568780.7498549875,2669268.353007918],[4568017.797813109,2669018.233940362],[4567926.669870915,2668962.311147837],[4567741.669845237,2668111.0421477957],[4567442.580571601,2667680.780820641],[4567380.470395814,2667446.784997756],[4567812.656340206,2667050.9235673565],[4568131.57413444,2665140.6340496885],[4568053.012452755,2664933.0797078777],[4566438.951689739,2664444.979920896],[4565380.14014271,2664014.7863151967],[4564632.127823872,2664021.8668374093],[4564090.968767158,2663846.0454550423],[4563374.965527385,2663822.461459405],[4563121.154430047,2663918.51988653],[4562564.955565059,2663579.835361259],[4562135.398398617,2663664.5575974723],[4561980.214810455,2663591.357017959],[4561892.625731134,2663714.518191458],[4561297.171771456,2677392.9542994285],[4573792.787505107,2677955.1874369034],[4573683.986858174,2680450.997661191],[4576182.862420297,2680563.6028439165],[4575965.148458471,2685555.3111507995],[4593458.993648314,2686345.318284224]]]}}]}