{"type":"FeatureCollection","crs_epsg":3035,"source":"BEV Metadatenuebersicht_SHP 20250915 (www.bev.gv.at, ALS-Hoehenraster page)","features":[{"type":"Feature","properties":{"flugjahr":"2011","gebiet":"Steiermark"},"geometry":{"type":"MultiPolygon","coordinates":[[[[4661817.1070839055,2666306.8984364867],[4661895.648753172,2664358.1237456105],[4661067.474098976,2664330.3072702093],[4660679.9568811,2662553.7842181996],[4655894.4413975505,2661814.0372922467],[4656187.922587616,2662409.621217465],[4656411.340898697,2662596.2668191497],[4656792.20757211,2662683.9819686045],[4657096.043423141,2662934.5737996157],[4657493.107947034,2663032.850254966],[4657912.560430085,2663395.3599176668],[4658230.162575473,2663541.2483289707],[4658887.026365567,2663424.512372367],[4659165.983634907,2663497.0472135837],[4659410.289131897,2663298.7848849613],[4660210.787466117,2663546.8484858847],[4660464.791868414,2663989.2252933704],[4660543.975714184,2664434.6845085435],[4660527.962303712,2665062.3505363744],[4660754.616539152,2665157.8986193947],[4660887.924545188,2664926.278948464],[4661070.621880195,2664860.664275435],[4661330.418085422,2664958.657437927],[4661568.910190716,2665374.1073399],[4661661.343692619,2665716.136908213],[4661637.389570115,2666065.17055029],[4661741.445547943,2666262.4092246224],[4661817.1070839055,2666306.8984364867]]],[[[4653343.138039645,2663103.1666833437],[4652627.557334565,2665947.186277184],[4651225.660167669,2666105.42738166],[4651429.799924892,2666324.3649829314],[4652411.072653929,2666225.1399734747],[4652730.189786701,2666316.5394074493],[4653043.420774558,2666108.31556716],[4653271.674699609,2665709.01413537],[4653978.336401107,2665411.8769135447],[4653612.648894342,2664814.5339760827],[4653793.8580484595,2664207.4557466125],[4653657.313147977,2663675.861455685],[4653665.2373873275,2663404.21998437],[4653772.869652943,2662881.8893317953],[4654090.578886944,2662687.3111229464],[4654136.70833585,2662319.7522101086],[4653343.138039645,2663103.1666833437]]],[[[4647301.190705263,2666080.158594529],[4648632.538393858,2666520.784773752],[4649371.148940009,2666426.47753602],[4650046.1038010605,2666637.1991573987],[4650594.254311377,2666176.707309788],[4649935.554660535,2666251.080713088],[4647301.190705263,2666080.158594529]]],[[[4644290.04371772,2665888.9445147077],[4644241.93613082,2666628.281697455],[4644482.659889283,2666373.999437688],[4645073.186262086,2666025.4301307565],[4645315.336741156,2666068.176257911],[4645700.889665857,2666327.601640196],[4645905.367091381,2666131.4329955387],[4646325.613768447,2666082.7569427686],[4646734.085939526,2666311.72708291],[4646906.812912788,2666110.2861561766],[4647073.974418286,2666065.4157688348],[4644290.04371772,2665888.9445147077]]]]}},{"type":"Feature","properties":{"flugjahr":"2011","gebiet":"Steiermark"},"geometry":{"type":"Polygon","coordinates":[[[4680804.962760052,2666868.9121350986],[4675125.090173212,2665290.830661586],[4675040.603245477,2665496.5501241535],[4674969.164538364,2666516.3216128773],[4675252.062555212,2666778.518809751],[4675798.423001866,2666952.7185432124],[4676864.728507995,2666942.6318025384],[4677606.619428525,2667112.8036206444],[4678315.697150442,2666888.1582942745],[4678816.269485349,2667239.4145432003],[4679137.095052068,2667348.2251182953],[4679275.913460864,2667243.5112849325],[4679618.288375307,2667180.1724303775],[4680033.622959508,2667418.4296085862],[4680401.869074651,2667061.031726221],[4680707.973864029,2667025.048957056],[4680887.929379368,2667239.489390211],[4680754.444408142,2667863.885073322],[4680903.000382153,2668154.9476022515],[4681536.019522332,2668630.870293848],[4680804.962760052,2666868.9121350986]]]}},{"type":"Feature","properties":{"flugjahr":"2011","gebiet":"Steiermark"},"geometry":{"type":"Polygon","coordinates":[[[4683008.855892441,2669349.3179021366],[4683491.277200276,2669718.0581158996],[4683765.883284632,2669806.7411953127],[4684484.5290920455,2669637.6002754373],[4684933.689431591,2669789.351897367],[4685352.2680612635,2669589.284716294],[4683379.690476745,2669516.8613721156],[4683008.855892441,2669349.3179021366]]]}},{"type":"Feature","properties":{"flugjahr":"2011","gebiet":"Steiermark"},"geometry":{"type":"Polygon","coordinates":[[[4688641.806760147,2671087.9194704588],[4688571.798053226,2670756.330527169],[4688622.266182618,2670198.193546057],[4689440.551977253,2669339.8573039672],[4686949.192453499,2669647.97124188],[4685391.8157870425,2669590.737180383],[4685633.245291122,2669644.3631564905],[4685812.025524578,2669839.7376222834],[4686492.573172214,2669946.099854406],[4687098.309557137,2670251.20033502],[4687390.373701651,2670581.898493866],[4687757.398963979,2670801.947994453],[4687867.037460068,2671089.2215812053],[4688130.897451834,2671194.4324451815],[4688641.806760147,2671087.9194704588]]]}},{"type":"Feature","properties":{"flugjahr":"2011","gebiet":"Steiermark"},"geometry":{"type":"Polygon","coordinates":[[[4705515.310827804,2638204.4938351833],[4705993.387720483,2637604.140502199],[4705728.258381491,2637106.6908727153],[4705515.310827804,2638204.4938351833]]]}},{"type":"Feature","properties":{"flugjahr":"2011","gebiet":"Steiermark"},"geometry":{"type":"Polygon","coordinates":[[[4705764.494197822,2636685.3585397075],[4706034.576899791,2636361.244123517],[4706238.352056013,2636259.549405901],[4706249.489988609,2635957.8546259296],[4706407.056151738,2635534.6531877876],[4705908.847070159,2635006.909104665],[4705764.494197822,2636685.3585397075]]]}},{"type":"Feature","properties":{"flugjahr":"2011","gebiet":"Steiermark"},"geometry":{"type":"Polygon","coordinates":[[[4704692.055867187,2632375.7233182304],[4705435.364723433,2632414.756403839],[4705716.993920455,2632654.0159401647],[4705614.636712157,2631521.4157175575],[4705301.8579472825,2631303.578836362],[4705086.062695011,2630933.0634404807],[4704483.124766596,2631347.044596409],[4704347.019410716,2632085.8412104896],[4704692.055867187,2632375.7233182304]]]}},{"type":"Feature","properties":{"flugjahr":"2011","gebiet":"Steiermark"},"geometry":{"type":"Polygon","coordinates":[[[4707806.41886438,2628527.3128698748],[4708056.869628037,2628720.91077635],[4708188.347666585,2629032.2027000277],[4707439.903653972,2629378.982531586],[4705891.7624340905,2629673.446986089],[4705467.793458409,2630089.1618023934],[4705778.264818514,2630017.013507534],[4706307.892453394,2629717.1595394146],[4707193.251116823,2629966.9120636242],[4707699.132406037,2629306.9360484416],[4708356.427177049,2629177.1833990123],[4708470.069456504,2628583.2321648323],[4707806.41886438,2628527.3128698748]]]}},{"type":"Feature","properties":{"flugjahr":"2018","gebiet":"Salzburg"},"geometry":{"type":"Polygon","coordinates":[[[4578323.911804749,2664223.1947679566],[4577801.020571755,2665003.114474537],[4577462.507493995,2665805.3441975806],[4576800.125769609,2666659.028948445],[4576234.300510766,2667181.8693089047],[4576198.075946213,2667760.6030629743],[4575346.740445176,2668695.882759373],[4574588.547025048,2670172.5214761673],[4574998.613160913,2670241.4717734894],[4575170.297964476,2670197.689513172],[4576398.802153389,2670600.166188799],[4576504.816945263,2670431.3838547235],[4577208.310480796,2670193.5012048124],[4577119.583159861,2670080.4636191586],[4577548.354882644,2670044.27624242],[4577616.59600389,2669949.3190016663],[4577647.870621585,2669127.9430614305],[4577754.8235367155,2668707.6191343507],[4577983.314747234,2668555.3651319332],[4578309.582008349,2668158.9367208695],[4578871.068941502,2667892.6549863284],[4578939.982782607,2667759.217308395],[4579257.432030102,2667573.5808273735],[4579432.122968038,2663528.236244479],[4578323.911804749,2664223.1947679566]]]}},{"type":"Feature","properties":{"flugjahr":"2021","gebiet":"Nieder\u00f6sterreich"},"geometry":{"type":"Polygon","coordinates":[[[4749655.298067572,2749796.9182660133],[4748250.469729338,2749716.4276830847],[4747957.414416177,2749168.2820007657],[4747923.185387971,2748838.0894023958],[4747826.289725909,2748731.8700388228],[4747665.542858675,2748722.924376794],[4747345.7454493465,2748316.6101405565],[4747022.066642027,2748071.4496651674],[4746305.619786717,2749233.281727626],[4745670.279871094,2749414.9356123335],[4744989.859945808,2749823.769425358],[4744870.085321773,2749971.7426537476],[4744360.775790051,2749852.117961104],[4744114.461312656,2749913.1471608104],[4743685.363948584,2749646.8587931185],[4743418.515886647,2750216.8684003726],[4743088.982976297,2750591.6514386777],[4743074.737144641,2750939.908980891],[4742957.043249664,2751194.7070528725],[4742662.971883582,2751467.6444227514],[4742492.223740775,2751881.3014680035],[4742236.46921058,2751984.102828542],[4742313.412525225,2752109.1318493844],[4742239.338479506,2752426.9803322777],[4742131.363688159,2752490.838616426],[4741896.877949052,2753009.324916565],[4741701.729003556,2752998.713422231],[4741578.901248178,2753462.464423778],[4741296.241417223,2753552.4561596583],[4740770.847717353,2753453.300832289],[4739659.278899169,2753048.127085952],[4738644.189018508,2753087.357941662],[4738144.24496669,2752873.1668408643],[4737856.136703624,2752555.408192503],[4737301.222134873,2752633.2726195017],[4737229.587776047,2752853.05861455],[4737076.004166147,2752947.343334567],[4736210.037149199,2752696.899401675],[4736080.786648062,2752721.3893507263],[4735900.895781919,2752578.3769797566],[4735409.758121573,2752415.102302772],[4734810.870144879,2752574.332738023],[4734631.726186237,2752377.746973427],[4734503.364010092,2752444.6741168243],[4734311.5314276125,2752399.037516601],[4733847.623825654,2753097.1532859746],[4734261.144320012,2753396.5473825983],[4734265.496446976,2753651.9750408945],[4734395.770894274,2753744.2723497995],[4734388.002885253,2754117.473002428],[4734341.8816732,2754253.484745826],[4734101.738392554,2754365.0388224986],[4733875.8817626275,2754613.3444408653],[4733249.632912365,2754821.7988117207],[4733151.723126658,2754750.9157826905],[4732754.842029844,2754813.2895843526],[4732460.726353723,2754690.389901066],[4731910.3575293105,2754918.9770133607],[4731402.075536478,2754852.547911741],[4730763.004791835,2754901.0237455117],[4730387.6381404335,2754830.5317996475],[4730155.929279658,2754685.5270697074],[4729653.136442498,2755003.2441734583],[4729311.44231103,2754955.71887187],[4728545.594034829,2756340.4659746815],[4728450.432196436,2756809.308759082],[4728323.387420282,2756899.4606404756],[4727922.951431011,2756952.8622511877],[4727871.585455248,2756808.6199298385],[4727552.041620905,2756659.0126983654],[4727153.027028902,2756170.0170128266],[4726637.9486033395,2756129.490357451],[4726464.947347721,2756043.8119461923],[4726263.041630377,2756077.392337353],[4725589.625157282,2757763.7646349748],[4725686.4583697785,2758277.171717345],[4725597.460678894,2758853.843570876],[4725708.077074307,2759157.3488914147],[4725328.900139662,2759340.683463116],[4725227.094728621,2759212.450280493],[4724980.911312885,2759261.5299037555],[4724897.545930186,2759229.7989200344],[4724933.585238218,2759150.503911417],[4724776.456259042,2759194.4941321905],[4724601.8883690275,2759082.210110802],[4724526.9169293055,2759504.2081146715],[4724311.166223709,2759577.2635090393],[4723643.090846792,2760196.295706931],[4723319.0674241,2760252.7198497257],[4723288.97997557,2760373.4943393264],[4722843.7322236085,2760253.4793360545],[4722512.775323536,2760279.1575721605],[4722238.567642677,2760125.618327274],[4722232.542259424,2760246.768701204],[4722084.136264999,2760344.2976655047],[4721740.066989962,2760403.697744585],[4721035.311959285,2760245.8824984487],[4720709.107284543,2760467.0805411544],[4720498.947345052,2760459.779385233],[4720157.205324047,2760375.2051173598],[4719691.507252094,2759759.6768078613],[4719487.706345121,2759605.6356324684],[4719233.5465868935,2759607.8112313617],[4718929.670435928,2759792.474453871],[4718746.8352925135,2759688.0581028652],[4718586.206297143,2759735.910607437],[4718337.129336558,2759416.3835170744],[4717927.182359978,2759534.8714652285],[4717615.167996531,2759435.233822493],[4717629.747139811,2759306.575826292],[4717467.383199455,2759062.981983811],[4717541.924071558,2758957.8082091985],[4717521.385545919,2758722.225411857],[4717394.606699433,2758562.332552983],[4717461.449579294,2758508.6732107294],[4717378.642042444,2758216.486648188],[4717272.571352521,2758191.136589374],[4717387.309685145,2757825.88976915],[4717486.873276532,2757766.9405293395],[4717521.603783101,2757188.946609009],[4717467.599422484,2757084.661675185],[4717323.2152329525,2757103.1847793227],[4717237.165363057,2757019.8677349174],[4717268.359516344,2756893.965039496],[4717169.536112827,2756813.484732962],[4717159.163471025,2756637.583050556],[4717249.172574295,2756370.6327175503],[4717003.442565683,2756005.4303452303],[4716844.2402499495,2755992.5983122922],[4716583.950294857,2756110.1894711396],[4715143.222561337,2756243.8537456887],[4714814.443294618,2756166.7235865095],[4714786.717429058,2756058.248749991],[4714330.924823898,2756158.341221039],[4713925.776047561,2756435.4482571883],[4712984.462025084,2756679.074387377],[4711975.765533637,2756265.546428232],[4711735.906657917,2756281.6487414525],[4711659.756807811,2756188.2983383113],[4711609.314981522,2755663.3180558607],[4711202.450728602,2755485.2299190843],[4711113.723643301,2755322.535837575],[4711092.200700813,2754788.350851509],[4711012.849761149,2754693.0182756763],[4711100.653196535,2754603.790313089],[4711002.574597941,2754432.9659834956],[4711069.340330687,2754197.086165103],[4710665.366369325,2753868.438387551],[4710805.927050056,2753371.627363667],[4711067.21831366,2753322.814882042],[4711240.756196414,2753411.1718985466],[4711404.9909679,2753236.7676666337],[4711245.857087781,2753029.3058398296],[4711328.423314392,2752833.758383532],[4711464.766629343,2752742.380286662],[4711470.643629953,2752596.1129641146],[4711303.324287532,2752272.3017266947],[4710823.21954455,2751685.597023817],[4710811.642159926,2751508.818193327],[4710719.142296288,2751462.5368029247],[4710132.270453845,2751732.871426321],[4709544.141932945,2751664.618944822],[4709491.72294785,2751744.141365429],[4708865.206801864,2751597.0763898888],[4708410.107676369,2751334.091261639],[4708137.691507005,2751593.7750195274],[4707999.842828335,2751589.443915479],[4707658.012973783,2751805.173142304],[4707622.929784206,2751731.140722215],[4707357.5339680435,2751713.680193476],[4707255.757808984,2751779.8000929],[4707135.083284473,2751687.082168605],[4706862.065440237,2751701.708726302],[4706607.689254686,2751610.932257439],[4706251.578098445,2752031.8279394535],[4706172.285652591,2752036.7665327555],[4705856.107859455,2751631.617947554],[4705710.364329915,2751060.293237299],[4705539.557013867,2751052.0495627346],[4705732.105821842,2750655.3210055074],[4705587.718934139,2750408.0138371596],[4705282.149792924,2750270.070914635],[4705000.320296579,2750289.0474857087],[4703874.255913366,2749900.841790919],[4703206.880002099,2749804.971747458],[4702568.314804204,2749562.1230679015],[4701793.178625659,2749661.8053686935],[4701442.257193823,2749552.516509824],[4701204.6487222,2749569.5056617428],[4701031.17305953,2749350.769694255],[4700622.611911337,2749461.1592907324],[4700270.031353068,2749278.938888629],[4700065.528612306,2749309.2339077834],[4698404.264513393,2750532.2138413447],[4698006.052495044,2750487.399715816],[4697747.954370866,2750157.545123233],[4697566.928177707,2750088.0435691704],[4697444.6279353835,2749928.248498795],[4696602.737451419,2749540.4236272792],[4696106.408987288,2749417.5455270624],[4695681.148504561,2749087.1748207393],[4694881.983123127,2748887.5085242875],[4694603.252048026,2748925.9644716294],[4694242.207950874,2749135.6913680774],[4693839.873427695,2749204.652849159],[4693509.160722337,2748761.672724399],[4693497.193285787,2748475.0582551886],[4692841.50871045,2748248.2280358854],[4692357.448343148,2747908.467807323],[4691972.612857883,2747305.935983995],[4691689.398743744,2747077.8943562936],[4691743.471252525,2746903.5001304233],[4691545.378717424,2746635.2865583487],[4691299.398752952,2746461.5599442217],[4691232.684824069,2746254.0790027375],[4690925.455604736,2746080.67878181],[4690857.252041766,2745580.5250651794],[4690702.8389594965,2745322.395412932],[4689753.241665146,2745273.9918902484],[4689597.528521692,2745065.197865464],[4689372.6987499455,2745218.412703603],[4689170.61778787,2745149.186143851],[4688460.218480643,2745202.2680293894],[4688140.971635791,2745426.1451723743],[4687365.089054948,2745414.595008166],[4686836.001678875,2745666.6255439874],[4686875.464679787,2745889.4227833548],[4686748.517488029,2746806.807911409],[4686328.180160165,2747498.1001224853],[4686240.223229686,2747511.721153741],[4685451.74232762,2748397.178091709],[4683963.229526626,2747474.072031846],[4683781.17020724,2747758.488916534],[4683527.744228808,2747736.4474598747],[4683248.720441092,2747981.998036887],[4683219.108101776,2748167.061561801],[4683362.6831896575,2748521.609110753],[4682269.405195936,2748504.8672134164],[4681648.162019956,2747677.2627288196],[4681224.686332936,2747814.6003506123],[4680870.355671037,2747734.7910319776],[4680756.089040827,2747507.6529237004],[4680350.575348822,2747389.5325898626],[4679996.812534906,2747029.5851397053],[4679207.05506888,2746548.1437178194],[4678556.1873201355,2746270.392428609],[4678071.816939476,2746995.926218406],[4677812.392399916,2747193.0978575856],[4677231.585965881,2747294.372185153],[4676444.925285153,2747819.90406953],[4676107.039363774,2748188.2796837064],[4676093.051161183,2748379.719380927],[4676284.997156821,2748599.017547731],[4676494.545374058,2749067.8364599557],[4676448.752040956,2749124.510297529],[4676802.017126922,2749456.115451741],[4676595.816724751,2749655.8880231483],[4675999.874404625,2749737.2388446317],[4675773.337656933,2750066.925860132],[4675304.644211837,2750486.9444350824],[4675105.291559899,2750456.0384416375],[4674871.0252094995,2750835.0333063705],[4674915.751709739,2751097.1840694817],[4674817.032888034,2751303.4223932223],[4674571.862075615,2751520.9393625404],[4674462.59830072,2752212.889377951],[4673985.748968181,2753080.4679602487],[4674404.281628145,2753483.2228685822],[4674914.513297637,2753756.9423588337],[4675151.001683385,2754080.1577844447],[4675388.038311679,2754174.7983586383],[4675305.902446198,2754354.993090385],[4675381.607618647,2754730.0306780976],[4674884.512776447,2754916.1985160913],[4674597.535348482,2755289.1011365578],[4673884.5190185495,2755702.371678222],[4673772.226483301,2755886.2173140063],[4673597.846948485,2756383.9880995112],[4673615.572597985,2756738.6157386545],[4674061.800628355,2757370.3326742183],[4674236.287488594,2757463.3834014367],[4674511.911096062,2757803.8493737704],[4674375.7512892345,2758135.0357869365],[4674358.408134874,2758557.0546616665],[4674475.49670475,2758577.4629092338],[4674612.217604866,2758804.0338623016],[4674327.411624916,2759103.2336410647],[4673546.478258708,2759296.401085484],[4673428.287327086,2759789.5962795606],[4673789.790528154,2760229.0947840144],[4674190.484614268,2760487.839779393],[4674349.424329839,2760786.893411152],[4674883.380937577,2760940.4251251565],[4675225.73258597,2761362.392935775],[4676154.496236484,2761651.495670836],[4676519.061754414,2761688.308985746],[4676897.61756612,2761945.133317304],[4677097.249249889,2762363.0351086413],[4677396.866921153,2762646.1924124174],[4677439.363588973,2762892.896943787],[4677602.386671014,2763009.3876420604],[4677600.267746119,2763201.641793425],[4677830.951184218,2763678.831365435],[4677395.849437098,2764495.1427252963],[4676748.712571951,2765142.644437043],[4676791.055164984,2765557.822678608],[4676430.398726624,2765896.4281667694],[4676296.688168837,2766217.4827527134],[4675853.988638927,2766495.270353538],[4675422.280065515,2767370.2577343155],[4684178.743338938,2768115.126005253],[4683348.624214273,2778076.497158868],[4738154.7556760125,2782754.850056019],[4738570.756669818,2777773.059963526],[4763481.628774715,2779907.048523468],[4765560.486432145,2754996.8729548794],[4755595.627628649,2754143.1348019666],[4756626.752057465,2741810.385359702],[4756284.979782966,2741843.7777591106],[4755805.796243243,2742163.532411849],[4755455.036559407,2742022.059282818],[4755267.553063341,2742031.9601024133],[4755179.091216,2742383.533833432],[4755093.732685497,2742410.281490423],[4754357.30940592,2742069.8965230985],[4753874.846024871,2741469.9152259305],[4752566.508171486,2741006.43381581],[4752229.000756402,2741146.1264010845],[4752496.523677511,2741769.5179898185],[4752400.147083718,2742019.297761472],[4751641.358927603,2742471.940785736],[4751113.366932828,2742420.199414335],[4750931.508322907,2742515.622496749],[4750896.13310056,2743052.8597051282],[4751119.17921623,2743883.436772278],[4751051.807709983,2744501.0568242418],[4750899.446951186,2744868.349815924],[4750711.477996747,2745071.168172417],[4750342.528216378,2746325.9461384667],[4750064.7253514165,2746684.2590636266],[4750148.124270119,2747334.264636039],[4749998.259433092,2747639.539848217],[4749771.78125791,2747862.8885729993],[4749687.606308095,2748167.4556576842],[4749761.703999996,2748731.464099065],[4749954.758213467,2748949.493097343],[4749956.320033286,2749512.109626619],[4749655.298067572,2749796.9182660133]]]}},{"type":"Feature","properties":{"flugjahr":"2011","gebiet":"Steiermark"},"geometry":{"type":"Polygon","coordinates":[[[4669308.784990695,2714541.1170630543],[4669274.211599057,2715333.3137332518],[4672862.7178078955,2715500.693078245],[4672678.307710706,2715270.451159044],[4672764.435238834,2714645.4629286374],[4672648.458635756,2714272.7554441034],[4672665.175942197,2713844.68586121],[4672068.630989412,2713537.8273086627],[4671877.893413768,2713753.6729167085],[4671381.268652108,2714025.132201354],[4670936.470744057,2714412.5744057167],[4670219.935074301,2714593.21686053],[4669760.9746958725,2714488.172151887],[4669308.784990695,2714541.1170630543]]]}},{"type":"Feature","properties":{"flugjahr":"2014","gebiet":"Ober\u00f6sterreich"},"geometry":{"type":"Polygon","coordinates":[[[4683460.523945009,2800572.1591672753],[4682420.254578617,2798646.0877583567],[4681122.303898379,2797942.164342788],[4674111.441251314,2795232.931888908],[4671419.283496197,2795075.2162680114],[4671247.354924611,2794959.948033018],[4671229.802463068,2795081.7743404396],[4671717.958261447,2795926.276174659],[4672211.677417824,2795926.0406412277],[4673249.597702995,2795330.2221267894],[4673459.972505534,2795305.8980028923],[4673781.379469064,2795622.087651174],[4674899.611771262,2795945.055303011],[4676253.88441305,2796521.2388217817],[4677344.93096532,2796824.953651174],[4678355.181338719,2797368.2391788857],[4679006.360093022,2797519.485324561],[4679987.336154755,2797618.9118484915],[4680327.338430754,2797786.816666792],[4681327.458800435,2798556.9522568686],[4681550.874991477,2799363.2610407495],[4682020.043028555,2800182.940620202],[4682186.146825957,2800702.261672587],[4682031.01969924,2801531.108661896],[4682036.505600072,2801946.8629779317],[4682919.431757862,2802154.907090782],[4683618.892955382,2802704.887729641],[4683866.011753625,2802732.3445819304],[4684137.357363474,2802351.432598319],[4684489.000116336,2802235.5529189417],[4684850.486250252,2802325.3783460036],[4685214.101824556,2802636.5693736533],[4686018.8403959535,2802891.087364804],[4687638.331967605,2802794.8903613],[4688021.243509456,2802472.217854526],[4688407.904103646,2801722.313596476],[4687900.7547685085,2801753.0799852572],[4685649.612290546,2802205.3361131554],[4683460.523945009,2800572.1591672753]]]}},{"type":"Feature","properties":{"flugjahr":"2014","gebiet":"Ober\u00f6sterreich"},"geometry":{"type":"Polygon","coordinates":[[[4692006.154288079,2805922.134709539],[4690124.186099369,2801618.2577499156],[4689218.322328411,2801833.8327670335],[4689361.95398652,2802340.113400769],[4689823.492827369,2802970.2623237795],[4690282.900476944,2803109.7018655683],[4690683.632150097,2803598.856123874],[4690653.7774256095,2803863.8020091187],[4690326.141802074,2804182.0285695936],[4690290.449145459,2804847.1863295776],[4690714.007849407,2805072.0689971815],[4690845.746741699,2805373.5371161615],[4691237.263338947,2805732.1046615336],[4691697.005310482,2805907.8730053026],[4692006.154288079,2805922.134709539]]]}},{"type":"Feature","properties":{"flugjahr":"2014","gebiet":"Ober\u00f6sterreich"},"geometry":{"type":"MultiPolygon","coordinates":[[[[4608393.69427863,2802210.6156601347],[4608404.307458558,2801970.59895012],[4608398.962490118,2802091.478573311],[4608393.69427863,2802210.6156601347]]],[[[4608175.351426584,2807146.2120280666],[4608180.73676347,2807024.4683866207],[4608178.04310962,2807085.3612217456],[4608175.351426584,2807146.2120280666]]],[[[4607951.61612523,2812203.273384795],[4607962.477391833,2811957.629699934],[4607957.102322055,2812079.192402317],[4607951.61612523,2812203.273384795]]],[[[4607732.116708579,2817163.0929786097],[4607740.148537979,2816981.7704508454],[4607736.103889762,2817073.0976552805],[4607732.116708579,2817163.0929786097]]],[[[4654810.41392763,2786698.4500974226],[4655675.033201036,2787298.888898183],[4655922.899810253,2787760.815662904],[4655806.787630918,2788142.9157636953],[4655323.030161136,2788550.157782921],[4654347.786086703,2788951.810347193],[4653850.981479522,2788930.9465586455],[4653909.750227407,2789185.947857346],[4654434.552471234,2789838.8203529506],[4654514.619380248,2790177.8796421387],[4654485.106364084,2790684.093599586],[4654379.745825836,2791026.645828657],[4653654.155233117,2791782.16542517],[4653831.097776453,2792329.9275557916],[4654327.126430524,2793021.517064117],[4654708.079288388,2794657.8969161836],[4654642.614522224,2795049.337704403],[4654292.455341384,2795604.8764495677],[4654516.084946413,2796318.967737856],[4654462.409061253,2796647.8739076387],[4654277.706400304,2797040.834316035],[4654321.993231225,2797801.733782032],[4654572.191464982,2798571.1029907945],[4654802.603275386,2799852.148958883],[4655077.245611301,2800184.154646366],[4656541.835928436,2801185.652684903],[4656925.445290087,2801566.7065112563],[4657609.21499629,2801616.185397754],[4658532.6987537285,2801386.4010848235],[4658741.802421611,2801232.8401079946],[4659607.142667789,2801027.403911575],[4661312.817110507,2800324.091048693],[4661853.383983744,2799833.4032119443],[4662334.28368603,2798973.5158131835],[4663506.773938971,2797424.665094132],[4663883.441911377,2797128.66832872],[4664325.204384519,2796967.8408685583],[4664604.504502962,2796767.479605905],[4665364.534959909,2795755.290226771],[4666312.907917205,2795079.1801420096],[4667341.357194181,2794854.313949891],[4667310.9415611755,2794637.6656229342],[4667403.537924844,2794469.741969555],[4668398.786601803,2793843.8507862203],[4669324.248444577,2793481.1064553037],[4669854.807109055,2793395.454620919],[4670320.29719453,2793534.0614998583],[4671025.689432184,2794055.3945145113],[4670640.7893761145,2792957.934049206],[4667477.712248415,2793056.6725915447],[4666350.021748803,2794743.9583150977],[4665179.172976425,2794995.2959396807],[4663741.953111571,2797126.0765711535],[4661827.675108686,2797968.85122572],[4661151.285720243,2799503.9322670987],[4660683.399192494,2799685.9978643665],[4656541.1840129765,2799496.0161787877],[4656013.561467713,2799349.7699644323],[4655765.07859235,2798758.6595486794],[4655656.556400114,2791217.4102924187],[4656411.815601903,2787773.779924079],[4656144.529999579,2784847.7060681996],[4654215.440042261,2784190.5902110254],[4654397.974956909,2779138.4760268275],[4655567.354564002,2778231.0466627614],[4657013.560314597,2776756.6688139616],[4658654.688834312,2775535.277580702],[4659683.27801855,2774362.070966477],[4663018.408270416,2773828.6765804975],[4664773.113763382,2772109.207247793],[4667776.790099818,2771133.5608783597],[4669908.592026554,2769858.6221422683],[4674341.478198439,2769345.469784302],[4674985.79129264,2767610.2809597054],[4637531.402254821,2765892.7927136025],[4637861.724365027,2758403.6567182816],[4610411.898120461,2757151.647971952],[4609347.593204989,2780618.6426974805],[4653291.471755275,2782625.6190784005],[4653472.961700214,2782983.762663748],[4653516.127567054,2783283.239872231],[4653427.538883209,2783555.689382768],[4653109.733339337,2783986.1898030727],[4653905.673069022,2784161.6096571973],[4654144.564958927,2784444.190662166],[4654188.341787375,2784633.68254227],[4654126.450687463,2785030.167926669],[4653954.7801785255,2785181.3252466],[4653697.638099914,2785189.417318394],[4653349.69393798,2785044.7977053025],[4653327.1660326095,2785154.658850104],[4653923.507755391,2786122.828802902],[4654738.73828674,2786694.9561357093],[4649627.737385642,2786460.7787050586],[4654810.41392763,2786698.4500974226]]]]}},{"type":"Feature","properties":{"flugjahr":"2012","gebiet":"Steiermark"},"geometry":{"type":"MultiPolygon","coordinates":[[[[4624502.614052547,2692117.1614385187],[4623727.231540616,2692232.7483535814],[4622919.081337033,2692164.3713391353],[4622374.312366893,2692364.1259704684],[4621890.310772611,2692246.0253237193],[4621667.2234937735,2692433.8250540383],[4621349.606022494,2692498.5145702856],[4620993.906576852,2692187.2010776773],[4620615.839043463,2692155.005009145],[4620222.57856912,2691830.823374836],[4611352.666706963,2691237.9314669194],[4611299.229398131,2691045.4197316486],[4610591.878966495,2691338.435148919],[4610482.560645194,2691536.5635734503],[4610531.22885305,2691728.8643526896],[4610941.57069686,2691895.076141292],[4610601.381772116,2692448.3950522644],[4610822.481510142,2692991.1948530194],[4610549.622733393,2693378.9967383305],[4610460.724123727,2693739.6369193373],[4610692.742034126,2694170.372058694],[4609968.106924279,2694492.1226920146],[4609811.232100364,2694655.574535792],[4609359.765406472,2694364.9405173576],[4608728.652464438,2694128.6803115183],[4608479.487308487,2693872.251476508],[4608509.246643552,2693730.03591371],[4608299.694452044,2693552.4427648555],[4607570.820238289,2693753.4587947004],[4607461.083051308,2693228.738561933],[4607504.920153153,2692810.5368151814],[4607644.950500486,2692677.3293379415],[4607239.376373835,2692104.1715326514],[4606813.669861786,2691956.798640299],[4606600.541785308,2691689.0165975387],[4606169.232709679,2691497.88127021],[4605702.513367834,2691143.0746703977],[4605067.690997561,2692044.689117779],[4604695.511014625,2692287.9265170847],[4603938.862352297,2692311.1393882236],[4603228.5385288345,2692133.8632329307],[4602923.128765955,2692281.577635397],[4602313.355374655,2691831.733524002],[4602333.340476714,2691649.5611794544],[4602071.153658361,2691461.5956140496],[4601918.523240237,2691173.0542343217],[4601816.566352705,2690126.4848865224],[4601282.789658461,2690228.842539428],[4600977.0936839655,2690165.465107377],[4600964.363982698,2690594.0711963237],[4600426.8086057585,2690943.3656628197],[4599830.201835926,2691051.383249471],[4599357.851507129,2691581.71441335],[4599111.58013428,2691682.6023676195],[4598673.742165389,2691354.12810013],[4597890.286666623,2691566.240886828],[4597609.565040143,2691790.6279061832],[4597303.614868039,2691801.7823504545],[4596691.24848994,2691536.9535926674],[4595882.373634414,2691471.3314556805],[4595390.456090386,2691921.7707757517],[4595277.870418865,2692435.387304698],[4594570.504261891,2692396.3542160722],[4594344.640769237,2692454.1561208703],[4594128.947538103,2692382.365752839],[4593454.338261302,2693312.2568608113],[4593632.063247491,2693668.4462531637],[4593543.892020489,2693875.5498824655],[4593714.926067941,2694109.883467954],[4593645.916891667,2694921.1193683655],[4593727.263957451,2695293.9625785733],[4593490.295356284,2695479.830373096],[4593152.104334839,2695495.545773358],[4593199.22897531,2695746.286820895],[4593137.336460607,2695902.0566115044],[4593367.338050888,2696734.3299193573],[4593551.569986224,2696952.762787984],[4593663.636871596,2697286.9849122646],[4593461.406655724,2697674.5159668527],[4593386.9469569875,2698220.4009562563],[4593221.260735852,2698333.460302706],[4593357.941768704,2698494.2149036797],[4593048.239660941,2699014.9389897296],[4592864.882301727,2699522.510252573],[4595812.369615598,2699719.673716521],[4596074.882944034,2699800.0943457587],[4596350.930129616,2699754.899522625],[4606740.086360427,2700448.3496291847],[4606881.01456825,2700107.4662058754],[4607069.223728582,2700187.186272138],[4607650.82220567,2700221.803985146],[4608508.555102321,2700065.508956278],[4608877.870654876,2700203.418772768],[4609182.151442959,2700110.511319916],[4610319.533335357,2700189.533557621],[4609946.808983948,2706177.6326278844],[4617774.322233758,2706696.874232249],[4617725.157913076,2708697.652424531],[4622663.290910219,2709033.186643261],[4622547.538977921,2710988.280431835],[4626907.050856266,2711330.4701544293],[4626736.13363137,2714298.9916265015],[4627908.319462407,2714390.101239977],[4628026.135476359,2713896.9272904755],[4629864.696968228,2714031.872867073],[4629738.891144179,2715962.4716564706],[4630151.37870378,2716173.346846351],[4630340.311441776,2716156.9307270357],[4630415.387342851,2716061.3070682567],[4630905.809790582,2716094.1981456955],[4631581.160096852,2715239.366927538],[4631825.592522136,2714622.9349628403],[4632207.149454408,2714168.9018637026],[4632502.891204788,2713547.8073412795],[4632808.699069688,2713199.423682225],[4632981.543012583,2712730.8708223845],[4633181.065195609,2712726.9605940543],[4633010.083284846,2713426.8112267572],[4632769.699308903,2713654.0644844705],[4632610.04929119,2713959.069936633],[4632536.411822714,2714404.127377051],[4632011.909784248,2714919.7034062906],[4631884.083969669,2715344.2749081114],[4631297.637163391,2716120.4790762654],[4633065.238687275,2716326.6891114404],[4633403.758990047,2716289.3833330125],[4633474.1082137255,2716356.329479617],[4633365.399656482,2718243.199638694],[4635208.964372912,2718387.3964366745],[4634997.005294049,2721836.3841829174],[4635613.812570959,2721933.958407904],[4635549.681170882,2723007.9462594665],[4636249.303491651,2722986.137617244],[4636615.134692798,2723240.9511269666],[4637604.435887327,2723432.090940378],[4638187.879642573,2723074.0576289976],[4641145.652135365,2722216.2740110625],[4641244.000460509,2722531.070361615],[4640840.346042189,2722757.8536177026],[4639385.099324074,2723138.7698457018],[4638444.625391231,2723615.0457749846],[4640510.16017054,2723756.8360719997],[4640499.592970144,2723979.4352042605],[4642369.716349577,2724064.22164093],[4642710.634102773,2718911.8860642076],[4642821.04176009,2718943.0018213615],[4642720.914269263,2718743.385075436],[4642911.242968037,2715908.5777089605],[4651629.4901728565,2716466.0517348344],[4651661.736910475,2716226.207241147],[4651775.366058744,2716130.439536683],[4651684.742225076,2715875.3493342735],[4651924.297831279,2712212.8324489626],[4651806.525687901,2711949.8676685262],[4651797.252241738,2711568.082250545],[4651598.34817639,2711261.6943012937],[4651195.061824789,2711070.0652098507],[4651019.894799321,2710747.749701485],[4650368.651756107,2710590.806593273],[4650113.124461142,2710341.8865747564],[4649716.440588502,2710250.660057753],[4648847.871416566,2709545.3001440796],[4647506.57820034,2708814.3108096686],[4647135.47392668,2708413.9776430093],[4646944.003601404,2708508.313122397],[4646634.950059918,2708497.1773789213],[4646413.051556646,2708371.9202942755],[4646244.307555795,2708154.0075619947],[4645689.194912806,2707997.494915314],[4645343.59276791,2707518.2621521843],[4645291.169814106,2707183.560581911],[4644633.936726293,2706820.2003981504],[4644514.781939879,2706385.3626131876],[4643842.922232585,2706195.505723919],[4643633.307987089,2706223.9592600223],[4643313.457992246,2706139.2782884366],[4642671.292848343,2705820.670972432],[4642168.575768265,2705725.6316866195],[4641799.738516343,2705752.81613284],[4641249.127330857,2705402.3588075945],[4640908.661821846,2704988.4403100447],[4640836.350765495,2704695.8738814457],[4640644.22707134,2704553.9794809716],[4640466.114515115,2704252.5824793936],[4640426.1146801505,2703794.3478373145],[4640312.197039406,2703513.900409323],[4639924.90927349,2702979.7552294754],[4639950.133865851,2702450.436433449],[4640052.312897979,2702244.9164177165],[4640014.608972993,2701916.9058749564],[4640262.858547878,2701144.5519270906],[4640038.185815931,2700968.1439297646],[4639932.163986771,2700713.0809729104],[4640300.591919641,2699685.390208953],[4640191.857025998,2699335.246450603],[4639822.115890808,2698980.5362065923],[4639193.503314953,2698663.5484502],[4638943.24259927,2698294.0117402994],[4638427.610150848,2697776.7353323433],[4638343.752064124,2697393.1900430014],[4637977.715948058,2697145.955217114],[4637658.198151418,2697283.272542203],[4637024.875091228,2697183.7157154437],[4636619.314513261,2697451.392664004],[4636339.295335923,2697454.457715462],[4636064.782516039,2697219.876318441],[4635692.142064488,2696548.3784764903],[4635672.1254764395,2696362.25847981],[4635331.235144314,2696070.313631488],[4635064.934947479,2695981.242965211],[4634617.429328243,2696109.6259839837],[4633926.987704836,2696036.977315772],[4633619.418952587,2695730.7605609046],[4633135.080181649,2694600.9688719977],[4633073.69422897,2694274.354404192],[4632909.912143682,2694054.0620642127],[4632585.41403108,2693956.8014554335],[4632316.135438265,2693599.2535316143],[4631969.897125356,2692637.2091220836],[4631547.518247341,2692624.6351156086],[4631204.515487979,2692220.8728178726],[4630180.493268603,2692979.1546929916],[4629262.878756479,2693114.8123323023],[4628873.080818703,2693013.90044538],[4628527.9906578865,2693172.608630707],[4628271.791732748,2693600.784452016],[4627947.355929094,2693692.771786713],[4628032.824953387,2693922.2937749345],[4627991.732490181,2694093.1483974755],[4627805.061177728,2694267.476337877],[4627669.239747725,2694548.910979129],[4627224.396503868,2694817.7576547367],[4626693.55566263,2694638.163967831],[4626532.7311662305,2694473.296419165],[4626356.043578775,2693934.627870812],[4626198.364987181,2693756.325912493],[4626194.7337892745,2693347.536732963],[4625762.21176511,2692960.698880823],[4625547.301106734,2692925.9231534],[4625069.978867564,2693022.91891177],[4624839.812597001,2692916.0827209316],[4624502.614052547,2692117.1614385187]]],[[[4644246.738695599,2666554.4761596615],[4644290.04371772,2665888.9445147077],[4642059.979112253,2665740.2072291835],[4641293.17959007,2668607.1573579153],[4634172.371262831,2666991.0689217253],[4634652.1170753,2667306.6778557156],[4634883.706962277,2667718.5319253625],[4634876.547049075,2667937.784748435],[4634711.664414489,2668248.5416394877],[4634788.088751305,2668654.6054229834],[4634693.289738459,2668947.394233367],[4634931.809924326,2669306.5035065124],[4635043.2881420925,2669368.6265735007],[4635347.738210291,2669101.404305554],[4635720.9202833865,2669178.014151223],[4636041.257841301,2669120.5735795936],[4636484.745775522,2668748.536180325],[4637198.007772035,2668465.6987010995],[4637460.572184965,2668478.4409307907],[4638250.666338799,2669212.321778071],[4638459.911119895,2669666.506735403],[4638678.206809846,2669909.2157791597],[4639072.468750014,2670052.688966368],[4639437.82455683,2670423.0738521814],[4639639.092847618,2670756.634157661],[4640102.530455544,2671004.6618165774],[4640504.906237036,2670375.53421114],[4641018.5513481675,2669917.871726805],[4641138.372563773,2669389.271845093],[4641373.118271676,2669160.5372595536],[4641606.225510121,2668681.798736652],[4641666.603425379,2667868.844257137],[4641889.558645202,2667004.213419961],[4642075.812084947,2666774.269678286],[4642404.348273926,2666559.0424266583],[4642822.149974868,2665891.1054331125],[4643038.38544337,2665822.5024730004],[4643229.287439344,2665896.2041277513],[4644072.865892536,2666830.846858775],[4644246.738695599,2666554.4761596615]]],[[[4633322.804942862,2666798.2741393438],[4633594.293714636,2666973.314497006],[4634031.851723104,2666959.180816789],[4633322.804942862,2666798.2741393438]]],[[[4633130.820306688,2666668.9777668733],[4633140.622013361,2666672.0290787653],[4633131.047644405,2666652.071406586],[4633130.820306688,2666668.9777668733]]],[[[4629536.502380823,2662882.04782816],[4629904.690559603,2663110.3782045543],[4630309.831262757,2663240.8281859364],[4630928.980152741,2663735.194336879],[4631184.245555496,2664578.176685736],[4631584.3613076825,2665105.032698682],[4631973.053316507,2665565.8463316816],[4632431.174803996,2665735.1513846535],[4632608.391054082,2666186.1869211458],[4632962.2170961965,2666300.14809327],[4631448.654009854,2663145.38870426],[4629536.502380823,2662882.04782816]]],[[[4626590.04203967,2658194.3415750335],[4622629.6088330755,2657298.049830036],[4622203.327380818,2655394.354723165],[4622010.129670935,2655375.212003868],[4622248.437273944,2655623.434290946],[4622112.34166219,2656174.8689788952],[4622180.910627138,2656632.1597010735],[4622116.515248639,2656914.5439862995],[4622372.515331632,2657027.688237901],[4622616.7909666505,2657301.868594541],[4622765.264237229,2657390.496776457],[4622991.841698423,2657756.2045218814],[4623449.214740086,2657789.1512785954],[4623906.809006892,2658102.507440498],[4624228.886651577,2658191.9335977496],[4625026.466469281,2658185.507459178],[4625341.852175461,2658478.5513510373],[4626185.230732172,2658833.3319031782],[4626476.751885595,2659377.9330967655],[4626445.796281474,2659628.805701327],[4626220.044848007,2659884.1000898164],[4626307.098799778,2660149.2564545376],[4626929.951303048,2660933.172573869],[4626918.666655052,2661210.3918411103],[4626806.839744091,2661409.984842662],[4626859.842334872,2661737.873812779],[4626718.8534719115,2662479.4968465166],[4627512.541679933,2662851.794643129],[4627965.892543201,2662665.764290695],[4627154.265948908,2662554.007854618],[4626590.04203967,2658194.3415750335]]],[[[4620010.115881683,2655177.0625810735],[4620618.490984336,2655581.4073849376],[4621038.164885093,2655278.910744695],[4620010.115881683,2655177.0625810735]]],[[[4619283.439436249,2654412.3197186347],[4619366.677206072,2654633.88013639],[4619518.671139236,2654790.657275947],[4619283.439436249,2654412.3197186347]]],[[[4614538.494153582,2651183.2986178715],[4611845.801129323,2651061.0584083935],[4608343.195513183,2654369.1822927864],[4608295.331115481,2655605.7773511885],[4608699.529727043,2655081.815028956],[4608953.917702899,2655008.9492090004],[4608894.951878402,2654650.8025121572],[4609008.7564348,2654344.2450233013],[4609174.416812336,2654204.3989858124],[4609798.138538037,2654062.6564872195],[4609891.039609139,2653872.9228286333],[4610318.11404645,2653447.0022142585],[4610676.138452673,2653355.7843362875],[4611077.614558682,2653028.828191893],[4611202.494998337,2652683.1816984667],[4611636.5017164815,2652175.3897633995],[4611826.9742605835,2652111.9169328236],[4611990.34152665,2652154.912716517],[4612703.562359294,2651658.6140077007],[4613027.614276547,2651689.4954563016],[4613243.4312958615,2651810.851437581],[4613449.906882377,2651713.9824089226],[4613646.324793884,2651721.7894786587],[4613914.782785555,2651429.6239743135],[4614277.461705882,2651286.22908218],[4614628.555622881,2651432.136717681],[4615064.990603949,2652245.8780384],[4615647.164712983,2652462.6126759974],[4615881.597037792,2652314.6863652156],[4616489.177278072,2652384.091633751],[4616708.185728693,2652273.8414858966],[4616896.116402342,2652324.470421522],[4617075.527616778,2652548.51564777],[4617187.307334593,2652968.751163884],[4617364.703829515,2653074.9606808517],[4617476.063738463,2653268.2717127665],[4618110.785600297,2653573.962478921],[4618290.536597379,2654159.783317392],[4618948.501489644,2654168.476486397],[4619208.99971062,2654292.5932770222],[4617873.702563691,2652144.9848724846],[4614538.494153582,2651183.2986178715]]]]}},{"type":"Feature","properties":{"flugjahr":"2011","gebiet":"Steiermark"},"geometry":{"type":"Polygon","coordinates":[[[4689727.589134692,2669099.132335748],[4690044.46388914,2668692.302879501],[4690852.806672431,2668628.216271439],[4691356.303724296,2668472.4220005376],[4691525.240580819,2668240.502694978],[4691112.321286008,2668413.2668088363],[4689756.160973749,2668688.879009537],[4689727.589134692,2669099.132335748]]]}},{"type":"Feature","properties":{"flugjahr":"2011","gebiet":"Steiermark"},"geometry":{"type":"Polygon","coordinates":[[[4694073.533922535,2666100.026876449],[4696439.135293799,2665519.695242894],[4696950.138817564,2665471.173728504],[4697444.069259076,2665532.9616656494],[4697660.407390934,2665332.750245847],[4698144.081161301,2665142.32421917],[4698254.871228696,2664860.5966712427],[4696720.8473316915,2665389.814036088],[4694073.533922535,2666100.026876449]]]}},{"type":"Feature","properties":{"flugjahr":"2011","gebiet":"Steiermark"},"geometry":{"type":"Polygon","coordinates":[[[4698547.571601179,2664597.445965227],[4698662.211825525,2664476.555238814],[4698651.651714786,2664447.990335283],[4698547.571601179,2664597.445965227]]]}},{"type":"Feature","properties":{"flugjahr":"2009","gebiet":"Steiermark"},"geometry":{"type":"Polygon","coordinates":[[[4753134.637647884,2658601.5419595623],[4756194.402725524,2658862.137444586],[4756406.964982506,2658236.432667405],[4756752.995034265,2656645.9470694372],[4756696.12809591,2655358.109416213],[4756812.998246387,2654517.759039206],[4756667.762961289,2653830.3636119165],[4756901.13291206,2653257.65654285],[4757025.751095346,2652606.824635322],[4757174.140570879,2652374.497614845],[4757135.663291584,2651880.2353202505],[4756443.640561576,2650870.153507295],[4756342.409127445,2649451.114333698],[4755969.352222466,2646595.1579905767],[4756391.184901452,2645491.745911574],[4756865.156886494,2645212.5413355865],[4758077.601643361,2644881.575440308],[4757703.654864361,2646608.760638039],[4757971.884246844,2647415.941102133],[4757950.614950852,2647948.4278170406],[4758189.206655441,2648470.9929981274],[4758111.6273769075,2649352.20760955],[4758200.045552904,2650078.9946303624],[4758691.489535884,2650865.593451543],[4758633.276332172,2651166.1699532964],[4758793.146527857,2651702.0992166917],[4758822.160355942,2652962.6475044694],[4758544.532301274,2653653.3943940853],[4758600.129933857,2654054.371932122],[4758542.656877497,2654819.4449361637],[4759025.351081427,2655050.1036211336],[4759066.738750872,2655340.302701894],[4758643.409322202,2655996.2246149797],[4758612.659668662,2656447.212523607],[4758347.207041126,2656631.0350249037],[4758204.502108745,2657259.995678708],[4758204.241402184,2657609.3208227996],[4758065.6120370235,2657779.044342636],[4758152.811926536,2658052.3644901216],[4758086.953213121,2658641.880694387],[4757836.244622488,2659001.9457885684],[4771401.048309041,2660164.491349672],[4770959.598829432,2665527.3710776013],[4772662.095301598,2665190.578442059],[4773562.749405949,2665336.5627280455],[4773741.105947922,2665574.215240621],[4774026.490947036,2665653.184938228],[4774107.103170626,2665621.67620183],[4774107.9204229815,2665405.228517808],[4774206.8413461475,2665213.9284266382],[4774396.73159383,2665151.566422921],[4775516.6868023975,2665602.2316751927],[4776015.010216733,2665501.415446368],[4776657.594460233,2665565.4204985783],[4772593.074832293,2661317.9061584147],[4773133.423368186,2654330.100386924],[4777638.022351487,2654752.5550842485],[4777749.0790017815,2653411.6618766547],[4777630.154828339,2653281.7931367843],[4777741.519190471,2653044.4395435643],[4777808.069847451,2652571.3014434404],[4778107.536335323,2652340.860129577],[4778643.770925063,2651644.6042752927],[4778717.721273347,2651402.4073229847],[4778684.420929462,2651221.0971107543],[4778333.235054914,2650656.75291405],[4778543.99201448,2649608.5766826975],[4778525.816388236,2648996.3386501893],[4778316.258185893,2648150.567276161],[4778368.429383935,2647939.5326920403],[4778286.322871268,2647677.666295459],[4778439.563205874,2647265.3522609924],[4778347.302988764,2646907.9426634554],[4778431.723487395,2646289.1212000935],[4778377.628269292,2646023.0460369657],[4778526.916331026,2645626.567082141],[4778441.662429966,2645350.5529493354],[4778193.776675086,2644983.0664707297],[4778340.571107159,2644807.59070237],[4778422.486406321,2644380.469750382],[4778563.226259564,2644139.11814833],[4778547.779691503,2643750.4541474227],[4778847.23334698,2643405.741706172],[4779036.884386895,2642699.849652745],[4779236.831586269,2642612.342058224],[4779567.999702787,2642143.087667411],[4779880.737634057,2641878.613169303],[4779773.340089804,2641441.622392812],[4779919.520801234,2641243.52797883],[4780235.336801193,2641168.5835156157],[4780499.553100249,2641352.3217575],[4780729.659258196,2641290.4474249184],[4780937.553613087,2641183.6090311967],[4781304.160687016,2640671.671388308],[4781794.759120347,2640869.9362171935],[4781952.356064403,2640811.97652263],[4781839.575705844,2640079.616692345],[4782015.2339326795,2639933.5356600434],[4781992.48320815,2639579.6954178093],[4782425.47033451,2639258.9705038853],[4782817.705127241,2638676.334542513],[4780392.780594019,2639186.9595884876],[4779352.667302598,2639541.7842070074],[4777000.440042151,2641111.6272962065],[4775248.108354725,2641766.5700604357],[4773997.347690695,2642082.5828843503],[4773152.988512986,2642403.556368907],[4772712.4732973,2642468.1106150257],[4772181.260026186,2642201.1436702525],[4770789.020619922,2642201.3414482498],[4767601.6619927995,2641862.666178465],[4766363.3814475965,2641387.5944700935],[4764262.516578046,2640915.447954784],[4764043.863225806,2640624.0235663727],[4763856.456238685,2639708.5076011177],[4763126.647495439,2639080.046729517],[4762274.092955739,2638900.2435507695],[4760763.5378792,2639063.2033158652],[4759729.540893659,2639302.9035675866],[4759349.212921088,2639659.983090317],[4758334.997812289,2640338.462530059],[4757608.318683259,2641726.9356704173],[4756738.5424695015,2642627.2302785316],[4756256.748196112,2643267.022016677],[4755866.784512912,2643968.936954465],[4755629.447248282,2645113.6481829183],[4755496.3028055625,2646693.286416486],[4755324.2719878685,2647216.164686553],[4755306.364979691,2647808.4833207084],[4755055.248754846,2648392.515038885],[4754957.95070477,2649180.563820306],[4754750.133221263,2649432.564477481],[4754697.399844547,2649650.244618983],[4754896.436969668,2649969.433835971],[4754773.2470497,2650817.4429869596],[4754972.136479173,2651285.1681532236],[4754957.956049768,2651747.7691840627],[4755155.105556799,2651842.194699644],[4755243.113343368,2652028.4606605796],[4755179.200258989,2652368.0090966546],[4755240.51644034,2652798.0799529906],[4755130.952593551,2652995.913969372],[4755278.49365591,2653487.5137958108],[4755209.671729742,2653799.983475448],[4755337.998808861,2654096.866423263],[4755201.20578876,2654479.1122064376],[4755225.142767977,2655417.8484350424],[4755117.396634379,2655637.0431720275],[4754928.973143149,2655731.374584015],[4754322.088105166,2655725.375870024],[4753976.10994733,2655625.3522232417],[4753749.769085027,2656104.091590615],[4753756.408780543,2656601.3368357075],[4754157.411210303,2656951.6718098666],[4754325.237588205,2657213.7172135133],[4754438.89382599,2657752.5282846857],[4754083.010435954,2658149.500038842],[4754084.409329609,2658345.6480070762],[4753970.237513497,2658505.501329355],[4753718.957318951,2658616.940602677],[4753417.2904878445,2658620.933585171],[4753130.6648816215,2658441.447911576],[4753134.637647884,2658601.5419595623]]]}},{"type":"Feature","properties":{"flugjahr":"2017","gebiet":"Steiermark"},"geometry":{"type":"Polygon","coordinates":[[[4634415.810739863,2722342.255229227],[4633798.056670391,2721481.471347896],[4633659.528192393,2721562.907489051],[4633687.184297517,2721613.348959388],[4632971.816779149,2721981.0730725178],[4632529.543429846,2721855.798844695],[4632523.080945875,2721679.823808854],[4631961.386653853,2721469.6303870017],[4631443.375544999,2721039.8823948246],[4630643.448176649,2720572.1651842007],[4630605.074815686,2720133.7654976025],[4630821.737373981,2719424.5103856334],[4630669.9912396455,2719237.1096392595],[4630218.339013792,2718970.6747588944],[4630053.811746178,2718749.9362601675],[4629879.64274612,2718665.5433312315],[4629821.790320807,2718802.536375321],[4629147.703314679,2718481.529179905],[4629194.745329556,2718408.565981315],[4627964.2027822705,2718239.938339387],[4626619.125761475,2717772.9948572633],[4625255.801591238,2716838.4814140014],[4624136.594070126,2715918.260692336],[4624054.881600763,2714874.747156406],[4623253.482732231,2714322.9532038486],[4622320.185677247,2713107.9035628247],[4621512.989554003,2712643.2872484163],[4621173.322440948,2712584.022832514],[4620012.257822369,2711698.767769129],[4619203.7769425195,2710729.023483988],[4618825.133046446,2710577.444813586],[4618662.00554411,2710425.2784887776],[4618626.481442678,2709885.097378208],[4618491.499245579,2709770.8088592277],[4618166.605116707,2709750.176341896],[4617892.4513027035,2709924.8008427173],[4617699.446826033,2709924.855448539],[4617194.985486784,2709652.9461411997],[4616993.360562638,2709310.731616443],[4616763.181819616,2709164.8374912106],[4616211.295630904,2709100.642571727],[4615661.055983116,2708851.7087103482],[4614290.842768097,2708680.00076583],[4613864.146824345,2708452.338022541],[4611433.78834529,2707910.9491529777],[4611191.9540090095,2707712.550438221],[4609911.361909134,2707574.0935968077],[4609723.306784296,2707850.1896518893],[4609469.024675766,2708007.0965469675],[4608186.533286383,2707484.0934041827],[4607864.560897767,2707223.024270427],[4607443.986310165,2707048.004828166],[4605348.800295782,2706976.350987601],[4604599.2412895225,2706533.071246742],[4603329.519451124,2706232.8213478527],[4602707.623887274,2705937.442655181],[4601457.137363605,2705545.9744077763],[4600074.06854772,2704805.268599067],[4599984.233325589,2704542.297778791],[4599576.398137985,2704207.239098577],[4599069.707776198,2704284.1705255816],[4598129.254060922,2704238.7375828736],[4597710.595024573,2704125.494012212],[4597516.4497034075,2703993.5422828523],[4596799.535233765,2703842.8701965148],[4596225.285160948,2703870.727040355],[4595583.647537582,2703735.286281864],[4595228.679608465,2703849.2991032964],[4594653.844034288,2703544.0978169525],[4594080.014363962,2703403.8453111704],[4593812.611177316,2703572.0359037],[4593157.924155652,2703721.1312502176],[4592857.884086564,2703718.0398229053],[4592593.44813853,2703578.7356939088],[4592270.41000104,2703666.31240668],[4592178.949310366,2703788.5263875816],[4592184.171875334,2704029.8090344565],[4591918.736622152,2704477.405730902],[4591335.156194476,2704951.5433151526],[4591036.88558784,2704998.524539894],[4591062.457470829,2705524.1555248047],[4591241.2238355465,2705437.2011257913],[4591388.028337576,2705196.4815957122],[4591727.908016312,2705143.907143985],[4592010.552693031,2704985.943102594],[4592132.914048314,2704857.2661277847],[4592290.800709487,2704396.0755352415],[4592593.035724577,2704259.898301865],[4592914.499351188,2703884.6713992194],[4593654.573391906,2703911.7804345395],[4593870.1555340765,2703998.764599359],[4594478.348397538,2703951.5800793706],[4594704.871968624,2704010.125210005],[4595014.143477171,2703943.1491109347],[4595452.349386897,2704082.437143408],[4595739.253504168,2704011.934579202],[4595932.498341787,2704172.5874830736],[4596099.845167035,2704195.554393743],[4596605.927651932,2704021.724329492],[4596960.539632139,2704274.1060179668],[4597452.08260023,2704451.6771007325],[4597783.957046293,2704387.724866339],[4598117.730247406,2704470.6299520195],[4598556.245810128,2704917.5671945997],[4599045.645466627,2705045.3587353146],[4599977.196544534,2705537.4641578672],[4600352.246650317,2705644.8649148224],[4600713.817834676,2705863.3315942036],[4600917.197873723,2706146.924792634],[4601243.418338314,2706300.920162971],[4602859.4779165555,2706680.7462080824],[4603650.162009922,2707087.7606845642],[4604177.052148578,2707166.021716432],[4604598.149604371,2707329.3141387324],[4605696.03575755,2707916.3777221725],[4606852.904584112,2708228.4936147532],[4607439.112939986,2708194.123310417],[4607878.409862492,2708583.123493329],[4608020.338709026,2708540.8051441214],[4608805.607177693,2708695.2915310264],[4609362.621167105,2708614.1030136407],[4609517.822938448,2708341.470142174],[4609889.5188239245,2708150.801791827],[4610386.63723775,2708057.4716408066],[4610604.182715237,2708123.2549520936],[4610778.172616594,2708494.1472595762],[4611228.419861879,2708857.9074183796],[4611732.679427161,2708461.5368389324],[4612468.876727243,2708371.75620661],[4612897.578441541,2708793.0915765786],[4613045.616214649,2709195.023722055],[4613167.237514813,2709320.61325298],[4613344.826025752,2709362.5587392473],[4613593.445079425,2709224.9107018826],[4613987.591105547,2709654.358603991],[4615230.600990233,2710225.01936285],[4615794.896167149,2710464.3393921433],[4616378.497619564,2710404.9297546754],[4617222.106124422,2710780.6975186747],[4617589.037007009,2711200.5009139036],[4618535.191171238,2711811.6042614193],[4619014.353848035,2712523.2091597845],[4619724.792239156,2712834.83797852],[4619974.381623321,2713052.0886160526],[4620300.238286474,2713057.817993767],[4620870.249703041,2713518.2698058975],[4620906.108403181,2713740.0453685117],[4621390.876579842,2713875.7052104613],[4621771.044642179,2714183.7592369653],[4622030.891903099,2714891.3384971227],[4622261.551052085,2715196.646338572],[4622381.269431493,2715658.7887229873],[4622345.497589133,2716181.174173816],[4622441.164464709,2716388.0284516485],[4623149.764806988,2716848.0614827806],[4623391.359361274,2717202.453035615],[4623981.921647267,2717414.129134659],[4624647.057026419,2717806.8186785197],[4625321.102303957,2718346.029050817],[4625557.881689821,2718695.566300413],[4625949.927304589,2719026.77192881],[4626273.364175682,2719136.020529659],[4626756.017276268,2719462.0385477273],[4627473.876962772,2719658.9892905867],[4627718.811684399,2719813.120228525],[4627625.455199759,2719928.5847927937],[4627005.769416876,2719903.795810919],[4626842.159784002,2720056.6510315984],[4626805.613019726,2720277.826395172],[4626567.239120252,2720350.717119536],[4626459.946555623,2720494.8129594065],[4626136.961618151,2720674.6268997593],[4626130.590394313,2720853.66521898],[4626359.160611933,2721229.6852996256],[4626833.586056955,2721159.7711108713],[4627487.92348132,2721379.0213621655],[4627830.660288952,2721331.7761178846],[4628073.206073632,2721470.6683168397],[4629097.6985953925,2721592.2560777226],[4629623.403056033,2721888.0142539386],[4629944.831470306,2722545.9278873713],[4630357.27926483,2722878.962964602],[4631513.221437523,2723354.201276116],[4631817.508611941,2723685.464529365],[4632346.968854121,2723995.1538323318],[4632463.844075314,2722211.1300470345],[4634415.810739863,2722342.255229227]]]}},{"type":"Feature","properties":{"flugjahr":"2017","gebiet":"Steiermark"},"geometry":{"type":"Polygon","coordinates":[[[4637589.729550956,2723441.1156190936],[4636615.134692798,2723240.9511269666],[4636249.303491651,2722986.137617244],[4635482.345328932,2723022.0146006146],[4634899.01387023,2722919.2071474344],[4634460.6823098045,2722372.020772345],[4634372.815097152,2723712.9032658054],[4634884.073299529,2723735.7048075465],[4634829.40908894,2725045.132280564],[4636287.817015765,2725709.8132781307],[4636420.211834657,2726017.473129551],[4636843.879912146,2726077.297628637],[4636963.149860356,2726231.306822612],[4637025.759554894,2726554.6773399734],[4637138.281190429,2726646.1193331545],[4637900.492564065,2726564.6242970293],[4638453.561505588,2726658.7203798527],[4638953.207745798,2726869.1304398086],[4639289.090919561,2726815.1877329983],[4640296.907854121,2726954.558961771],[4640629.527835891,2726848.156906512],[4640781.901551563,2726519.0127899647],[4642275.669436522,2726381.046936716],[4643130.400775237,2726161.9917856464],[4644252.189539213,2726200.32136018],[4644757.641466474,2726343.5019350583],[4645632.466035284,2727669.2777202497],[4646320.949613558,2728343.2057900536],[4646837.799649905,2728659.95699077],[4647484.31334659,2728856.46335412],[4647730.281293135,2729030.9335088697],[4647936.903792051,2729351.9406034397],[4648926.43726915,2729684.998943054],[4649850.887791114,2729608.3973604008],[4650405.148426034,2729288.949812725],[4651655.743255338,2728879.702944251],[4652044.653438649,2728866.874454811],[4652215.3514384655,2728732.453420834],[4652529.4522306705,2729124.184071218],[4653443.9376889495,2729118.492366781],[4653601.681007082,2728976.259819192],[4653828.430737663,2728935.4410000816],[4654029.406091837,2729052.353452265],[4655160.070156294,2729104.8924797415],[4655801.133388607,2729319.3897865373],[4655939.014055588,2729495.8142092302],[4656021.436991344,2729887.0000995332],[4656274.218034754,2730220.083145315],[4657104.861805443,2730401.1513325535],[4657491.821483787,2730113.1804652754],[4657947.458577782,2730015.492052176],[4658728.571837713,2730365.513818943],[4659478.921481377,2730524.6982856975],[4659746.296104126,2730742.292208338],[4660639.438478801,2730719.7200671355],[4660904.340258736,2730853.009048765],[4661112.832987675,2730778.695309056],[4661159.45461873,2730535.718532276],[4661521.68940533,2730334.4914103164],[4661678.044247303,2730117.4001084617],[4662204.963055905,2730041.405057867],[4662330.036533375,2729902.2729248595],[4662739.118916776,2729768.8771255785],[4662796.17777541,2729624.858451478],[4663082.928066871,2729434.253239038],[4663167.141198313,2729287.8554360257],[4663415.840302634,2729269.3846180555],[4663699.812976843,2729087.1885429975],[4664307.652608246,2729448.5037388997],[4664622.8734817635,2729460.933913149],[4664898.890853832,2729569.563077111],[4665312.5950422855,2729398.5797092747],[4665842.923504406,2729615.2066262052],[4667048.746909734,2729458.6315959427],[4667289.488152075,2729660.51548455],[4667518.348087999,2729667.4439621978],[4667688.831083978,2729986.5374068925],[4667830.977628704,2730080.0031677424],[4668175.877410305,2730079.26678658],[4668597.225467538,2730557.070162047],[4669454.124713214,2730721.357284955],[4669551.045855337,2730811.2364269546],[4669794.084677978,2730777.612134685],[4669998.573306941,2730625.0927122803],[4670334.392232452,2730783.7567954613],[4670827.382762234,2730829.330536134],[4671787.691596898,2730511.338878444],[4672212.289857604,2730508.6006068764],[4672731.866724671,2730725.9592754515],[4673220.123050059,2730802.7749413634],[4673953.8841074,2731209.624730843],[4674819.831434851,2731127.667031168],[4675294.97725644,2731436.500222217],[4675738.591385797,2731547.0835854537],[4675921.700845959,2731744.4543277114],[4676236.079885205,2731869.19726521],[4676346.515690151,2732658.2345979637],[4676695.097374554,2732967.242324111],[4677437.582220786,2733325.6890326925],[4677507.522630564,2733598.2784534],[4678163.974837744,2734844.9857937046],[4678259.361236486,2735241.3068061844],[4678587.67217617,2735517.3031626698],[4678603.051032445,2736145.8574359785],[4678445.865448926,2736528.6124382867],[4678489.507527849,2737187.63390822],[4678181.639531099,2737446.737679577],[4677974.536478565,2737516.800638431],[4677830.870153775,2737448.536779905],[4677634.153382844,2737626.626016914],[4677706.053241389,2737921.2691982277],[4677458.714483305,2738071.5563865686],[4677119.877957295,2738437.284125505],[4676336.738454265,2738827.676585786],[4676231.092534156,2739181.101090088],[4676008.011283885,2739343.148089613],[4675894.057347987,2739744.5540028606],[4675587.349566559,2739601.7706602113],[4675268.678515805,2739326.9372632476],[4674818.128899605,2739247.5951932613],[4674755.1733338535,2740002.385528917],[4674307.382674968,2740374.25171198],[4674305.157114847,2740738.5642894483],[4673758.96896776,2741058.7593260696],[4673205.53986484,2741806.270012867],[4673042.526014053,2741783.1045866543],[4672903.997164307,2741641.479342873],[4672833.966537545,2741671.589684946],[4672836.059672232,2741898.069577835],[4673060.26027264,2742010.193005003],[4672939.85165694,2742222.6035469864],[4672467.295856426,2742417.8830606793],[4672200.374410042,2742412.3599093705],[4672128.766308004,2742619.8446248127],[4672183.773057222,2743028.2147722575],[4672489.476181472,2743248.843010064],[4672122.259406317,2743628.94258908],[4672101.120013153,2743995.4297109437],[4671707.152397906,2744167.3907590574],[4671577.172312099,2744315.9982052934],[4671461.261733543,2744845.917392016],[4671311.95552854,2744853.8859324465],[4671133.884342505,2744577.7720322376],[4670943.252104859,2744494.833534206],[4670465.094243352,2744535.641622605],[4670233.62518419,2744140.1905702064],[4669984.020405001,2743980.6990676047],[4669491.090734862,2744075.7062014076],[4668893.767254484,2744046.9839393646],[4668705.8009761935,2744321.467981671],[4668699.177238709,2744805.918784934],[4668885.808178839,2744814.5034504873],[4668900.897581684,2744496.736555416],[4669085.133369868,2744246.508854191],[4669558.539033275,2744290.098851937],[4669923.629968245,2744184.9601682397],[4670056.382602569,2744252.1707901843],[4670230.785139703,2744607.532393591],[4670602.973846377,2744893.555941752],[4672000.664718564,2744957.907556567],[4672006.688693189,2744827.982338752],[4671764.898719682,2744852.8146043215],[4671720.0045023,2744529.9407574134],[4671935.956803249,2744385.755246798],[4672311.982610686,2744318.8689306825],[4672743.616931572,2743893.5648213383],[4673010.220666692,2743768.72834038],[4673013.063795563,2743445.393101145],[4672912.166058628,2743239.1247759513],[4672644.758410185,2743004.275052448],[4672416.200411162,2742932.2062788145],[4672346.26952479,2742674.5188355027],[4673120.419273522,2742366.4185944744],[4673263.738846579,2742022.7972560707],[4673615.635404404,2741666.9245299934],[4674120.129784383,2741394.457992117],[4674021.647299167,2741189.732591777],[4674399.439563668,2741037.634633656],[4674511.412033657,2740885.077696082],[4674556.752600351,2740476.4117982327],[4675017.546107883,2740154.179513731],[4674944.464098403,2739833.2601744337],[4675004.630745863,2739701.4898536587],[4675322.410822316,2739731.3403363787],[4676055.68134771,2740122.923762385],[4676143.94062571,2740035.4236780605],[4676096.073609432,2739878.5369531712],[4676182.718899481,2739592.3478216548],[4676459.9119588025,2739334.2519873893],[4676503.828799709,2738940.68483037],[4677463.295205757,2738493.7932510083],[4677997.34271903,2737868.366575713],[4678622.153718993,2737522.5637782305],[4678734.880873205,2737364.2629965725],[4678970.076511688,2736178.005685857],[4678754.717101922,2736086.8752415935],[4678731.446072559,2735371.0318432446],[4678469.126610778,2735115.2418127144],[4678391.23172532,2734762.74788793],[4677861.4687020695,2733809.0786660085],[4677759.266830469,2733472.097943325],[4677772.4464706145,2733124.983287087],[4677625.061627479,2732996.436891099],[4676976.577716564,2732807.38051611],[4676554.658152418,2732550.666564606],[4676502.414803354,2732017.072086889],[4676380.37936617,2731793.415890314],[4675868.989976335,2731462.847034334],[4675366.626634836,2731348.3444953132],[4674950.71326202,2731039.791989913],[4673861.6261796765,2731099.0115266275],[4673272.746262358,2730718.284710016],[4672785.044773794,2730641.1741192727],[4672135.68181819,2730230.5504428567],[4671701.630500031,2730148.0506078824],[4671425.284198951,2730250.7764910115],[4671207.320395,2730467.716806695],[4670875.130058647,2730632.8495750027],[4670581.750654595,2730577.1828748775],[4670397.415780826,2730646.3540180055],[4670000.964168875,2730469.6631367784],[4669606.032014128,2730553.0797930127],[4669126.9763567485,2730493.1635709284],[4668712.423592713,2730311.4344380195],[4668443.8531515645,2729960.890499601],[4666938.561197704,2729084.0705849747],[4666377.366674815,2729156.615292225],[4665991.322134495,2729440.243656221],[4665422.504382987,2729101.4793226444],[4663903.815584431,2728824.354457705],[4663683.516664504,2728851.2745663836],[4663426.604300194,2729144.1932700137],[4662978.93344328,2729020.1717927977],[4662173.66186769,2729385.888326389],[4661202.029843168,2729263.60658536],[4660050.701808289,2729017.72000201],[4658712.730836411,2728558.256661709],[4657336.662559244,2727722.607177018],[4656845.992291495,2727628.0299430634],[4656469.131572141,2727728.673025443],[4654887.277617335,2727675.0747182523],[4654437.552993611,2727304.1279732864],[4653504.294511944,2726904.811608227],[4653224.689880608,2726663.350749581],[4651565.073254497,2726897.137304452],[4650894.471514265,2727443.4099859814],[4650163.83754797,2727807.071140295],[4649193.9369894955,2727826.222452453],[4648788.433406783,2727643.87424787],[4648587.485498074,2727457.728076602],[4648094.275518182,2727438.1589508355],[4647319.1010928545,2727111.892750621],[4647164.083366705,2726880.8619276998],[4646978.677408297,2726088.6163858706],[4646822.938548836,2725757.2572109844],[4646785.789359665,2725367.2965954435],[4646568.354647309,2725021.785004852],[4645839.333234344,2724400.2512860103],[4645150.766252019,2724124.0580622973],[4644955.255350174,2724094.2029232834],[4644080.977391662,2724312.3527069692],[4642596.187022001,2724086.4077904862],[4642221.682268406,2724262.268085941],[4641768.901424602,2724286.9212346855],[4641457.928976037,2724407.793681894],[4640053.584114094,2724294.9309943863],[4639043.299796708,2724505.6673432193],[4638528.722466205,2724451.505936192],[4638218.093723736,2724500.638101305],[4638054.336816113,2724401.8927204423],[4637881.956106723,2724098.231064195],[4637866.028641214,2723841.766852572],[4637589.729550956,2723441.1156190936]]]}},{"type":"Feature","properties":{"flugjahr":"2011","gebiet":"Steiermark"},"geometry":{"type":"Polygon","coordinates":[[[4703369.410607824,2649222.5893726586],[4703245.913705339,2648647.9864005395],[4702828.907047169,2648538.1534536006],[4702547.759581329,2648359.462750608],[4703369.410607824,2649222.5893726586]]]}},{"type":"Feature","properties":{"flugjahr":"2011","gebiet":"Steiermark"},"geometry":{"type":"Polygon","coordinates":[[[4701523.003315661,2646649.1524880123],[4701392.456672059,2645845.21245276],[4701360.280295833,2645823.1924929926],[4701523.003315661,2646649.1524880123]]]}},{"type":"Feature","properties":{"flugjahr":"2011","gebiet":"Steiermark"},"geometry":{"type":"Polygon","coordinates":[[[4705226.712999765,2639480.8874871475],[4705314.956092919,2639282.3987745577],[4705283.577870732,2639229.4063988426],[4705226.712999765,2639480.8874871475]]]}},{"type":"Feature","properties":{"flugjahr":"2011","gebiet":"Steiermark"},"geometry":{"type":"Polygon","coordinates":[[[4699364.558710626,2662906.963777637],[4699538.622854376,2662839.530129253],[4699684.621657633,2662409.665961025],[4699364.558710626,2662906.963777637]]]}},{"type":"Feature","properties":{"flugjahr":"2011","gebiet":"Steiermark"},"geometry":{"type":"Polygon","coordinates":[[[4701479.727863887,2659140.8767964235],[4702030.429951604,2658948.7698511533],[4702432.859539484,2658455.647538095],[4702945.492456652,2658144.393866593],[4703105.465739812,2657917.1314955056],[4703172.847844037,2657498.88607317],[4703678.637114872,2656969.953147253],[4703744.414537021,2656742.9366043946],[4703497.97125562,2656293.8761433763],[4703515.576097776,2655993.171879086],[4703141.086932212,2654570.625310856],[4703094.8717436,2657627.618735294],[4701479.727863887,2659140.8767964235]]]}},{"type":"Feature","properties":{"flugjahr":"2011","gebiet":"Steiermark"},"geometry":{"type":"Polygon","coordinates":[[[4703053.600198071,2650323.3801620323],[4703250.422784084,2650078.154148328],[4703607.599957494,2649806.5878226086],[4703384.922898525,2649347.252592789],[4703053.600198071,2650323.3801620323]]]}},{"type":"Feature","properties":{"flugjahr":"2021","gebiet":"Tirol"},"geometry":{"type":"Polygon","coordinates":[[[4540333.711163241,2631233.0696368357],[4540738.924701864,2631393.487843965],[4540748.725787269,2631397.13725329],[4540756.680600924,2631399.7267926577],[4541064.866335413,2631479.949628087],[4540947.951718821,2631802.3677188065],[4540250.800512576,2632667.6169710676],[4538283.072225934,2631274.9257819145],[4537542.631074143,2631159.212537848],[4537724.713914102,2631928.103545124],[4538423.03808519,2632682.35769397],[4538123.735135133,2633106.041793026],[4537276.629855584,2633219.3954295274],[4535019.988344017,2633166.7759361104],[4534626.695186726,2632699.611736715],[4534482.779711364,2632197.0394114773],[4534198.840020777,2632250.542799648],[4533913.464401941,2632776.6166515113],[4533567.604016817,2632793.427342046],[4533186.403990796,2632233.149311439],[4533263.728211695,2631272.8070694846],[4532430.878866351,2630918.1711655855],[4532142.256902541,2631156.700187869],[4532301.649283528,2631454.8755001985],[4532536.003517679,2632434.4630818847],[4532357.231123383,2632973.2606329964],[4531676.970787981,2633336.940627543],[4530478.372116721,2633480.5139677627],[4529834.64852993,2632765.6388523034],[4528374.280406933,2632795.034092504],[4528117.56550432,2632520.842631043],[4528415.043617494,2632030.6062729773],[4529287.814712002,2631339.127830047],[4529125.2043034835,2631054.049575296],[4528693.3648436675,2630923.761068502],[4527868.383032844,2631131.164845428],[4527793.988950753,2630591.276283572],[4528187.674697289,2630298.7798845097],[4528933.974745329,2630261.2040498764],[4530088.595356947,2629894.0270259236],[4530258.277952387,2629670.0765888775],[4529674.462967964,2628873.893525606],[4529264.580190402,2628701.0915154656],[4529040.849374536,2628361.1012081574],[4529115.183109032,2627857.861769845],[4528847.375959812,2626625.3388809143],[4528866.765201726,2626373.6817586496],[4529728.766443805,2625133.9413208007],[4529772.36029175,2624785.860010238],[4529662.557310836,2624556.4548186753],[4529146.008359624,2624327.448246125],[4528190.756684522,2624548.96446215],[4527693.666333151,2624379.833754988],[4527679.853229542,2623679.166515598],[4527568.786294421,2623073.1809119647],[4527244.651096535,2622668.7342164237],[4527226.8546994,2622558.9344622553],[4527267.021089954,2622429.211191929],[4527274.379055845,2622398.0350819826],[4527280.517294251,2622360.3051822144],[4527281.769906317,2622343.7424128996],[4526452.367224638,2620653.0376182473],[4525876.565413523,2620574.6786937146],[4525239.974751733,2621016.483862632],[4524589.4666384775,2620057.2620026474],[4523586.561573966,2619826.89617587],[4522790.724564663,2620757.7547545456],[4522078.208646822,2620441.676032227],[4521544.040257563,2620593.0988151776],[4521107.937116489,2621837.0686038295],[4520785.648579835,2621495.990484402],[4520656.2061756095,2620051.9698061263],[4518015.190911442,2619373.073860701],[4517683.225196696,2619710.8575160555],[4518720.872842843,2621928.472268888],[4518855.146727723,2623195.4191253064],[4518213.393472585,2623325.6947119106],[4517671.011556787,2622279.43445012],[4516510.06224145,2621595.616064929],[4515474.590211419,2622345.9115083315],[4515585.697830731,2624499.255991464],[4514782.6161495885,2624377.7506629704],[4514297.313797684,2623315.9446872566],[4513682.907328721,2623072.1608673716],[4512892.753232511,2623976.5299840737],[4511980.332616905,2623416.190202546],[4511036.019605085,2624096.7562334733],[4509973.785553478,2623894.3602597867],[4509488.371782947,2624629.379553127],[4508859.175936123,2624159.414891859],[4508327.83561234,2624163.0936292903],[4507946.665841394,2624552.157822316],[4507789.825284488,2625544.107984815],[4506435.009237082,2625280.7128147036],[4504752.832662363,2625931.205052999],[4503448.281510399,2625861.1777032395],[4503130.040917002,2625738.3391875373],[4502860.211545382,2626103.9668558906],[4502855.4806996295,2626588.732607081],[4502702.93867155,2627148.3843571646],[4502593.806883186,2627151.303359279],[4502499.845641385,2627265.3750492246],[4502314.85773577,2628061.1645710478],[4502148.561730615,2628098.809812801],[4502083.84263983,2628632.1364208646],[4501956.668665683,2628798.5747052254],[4501883.841565209,2629532.955604437],[4501433.208860164,2630494.964779526],[4502337.492786226,2630713.905719339],[4502925.8227977855,2631276.9883019235],[4504240.8822553875,2631145.037198458],[4504779.360271194,2632584.9119114466],[4503142.074099321,2633237.229608683],[4500765.4823438,2633894.149439884],[4499669.27349228,2634544.8568681083],[4498951.877793335,2634395.5163747063],[4498203.807706751,2633475.731733946],[4497051.056409133,2633745.105875319],[4497114.312569789,2635832.39901873],[4498583.331798405,2636546.4367885124],[4498307.646574069,2637183.0201427443],[4498351.443961814,2638986.4836191293],[4497423.813345169,2641007.9552395614],[4497728.3019431,2641651.2938979636],[4498377.993172946,2642005.8768818146],[4499297.618411294,2641655.0450574285],[4499325.49436583,2640980.758211613],[4500344.75861617,2639519.9134155693],[4500765.205003683,2637358.34341144],[4501974.544192545,2637067.840821036],[4503108.564825909,2637540.121604079],[4503744.111054628,2636681.8961962345],[4506525.040627031,2635457.725306578],[4508333.612068095,2638583.478600323],[4508721.16091917,2639949.253492685],[4508627.390143192,2640943.296453463],[4509091.299338909,2641292.1045286795],[4509659.16217943,2641172.086168081],[4510408.517542479,2640167.4222036023],[4510606.877133168,2638965.5051554907],[4510069.084654033,2637422.8225871697],[4510335.286217281,2636589.646031015],[4509758.231228268,2635951.2570002754],[4509639.573640835,2634905.2171514616],[4508966.143305389,2632237.152854028],[4510514.164346725,2633096.8536839145],[4511256.099320333,2633777.2138217087],[4513183.797407804,2634422.609980669],[4513886.060941707,2634937.1514095683],[4515693.571262919,2634576.292541874],[4516093.954205931,2635043.4067167467],[4515247.778652163,2636862.702577376],[4514080.534160498,2637904.3990181955],[4514258.476525264,2638796.837348897],[4514658.971676419,2639165.2263600556],[4516515.635030876,2638408.755963169],[4517900.864883837,2636435.493983947],[4519828.3185546575,2635916.35386205],[4520229.599439824,2636352.7807898764],[4520098.342266253,2637131.065082728],[4520396.300847103,2637857.6225795248],[4519608.137875998,2638330.328279213],[4519401.602948064,2638844.862935765],[4519943.673248561,2639628.4844045127],[4521733.62571271,2639148.7705595223],[4524023.939690131,2637869.6285409145],[4524986.247730909,2638361.2320269025],[4523581.5920987185,2640033.6355731674],[4523364.601114176,2640702.324014173],[4522393.053848476,2640930.014276738],[4520167.807462197,2642486.6154227573],[4519930.792363427,2643793.3322464866],[4519186.931146282,2643253.026847108],[4518401.333091924,2642017.2861863654],[4517482.864519165,2642131.4455793398],[4517280.968719635,2644672.53331615],[4517719.471344567,2646594.5004041647],[4516582.360264497,2646549.5617484497],[4516066.403008184,2645444.32949875],[4514884.303060896,2644653.9973623385],[4514249.392046257,2644922.617640053],[4514016.044425562,2646041.061101208],[4513734.28783269,2646150.3882263466],[4512988.662259022,2645531.8894635458],[4512062.709954533,2643976.9573310823],[4511528.172233667,2643749.9193037157],[4510785.148517255,2644074.2320023854],[4510525.473884404,2644542.225591929],[4511234.5685300855,2646257.711956437],[4510194.512038218,2646177.879961664],[4508727.6561002135,2647040.1785916463],[4507149.565698636,2647020.5661361637],[4505336.736376278,2646342.2434079694],[4502769.896739174,2645584.292758918],[4501037.707323768,2645653.1953315064],[4500611.962648424,2644646.920062725],[4500076.555919479,2644363.6300000018],[4499308.100151487,2644740.4922171673],[4498999.171323211,2646120.6248609154],[4496977.51840576,2645738.100788031],[4496091.175964274,2644953.5196290426],[4495438.373772377,2645292.1708350787],[4493551.7721566195,2645458.368798594],[4492320.471002975,2646216.41055936],[4489502.183974558,2644227.984702628],[4489117.6043175245,2643627.9073870364],[4488983.581740575,2643941.4537148154],[4488721.526208015,2644005.982345318],[4488695.173386594,2644179.164175529],[4488808.964332531,2644313.222646517],[4488503.085854866,2644669.5232857163],[4488979.995380903,2644886.473257523],[4491074.061723655,2646699.9492691895],[4489706.928039934,2648344.06371501],[4489817.8075601235,2649898.4549259413],[4488914.713902861,2650818.5022077085],[4487352.201206518,2652019.5469301874],[4486365.904500875,2653378.3533162735],[4486997.333464227,2653485.591490148],[4487492.872226075,2653057.6397351534],[4488333.423977386,2652618.5081187543],[4489840.734552857,2651467.9459549263],[4491068.545473126,2650040.4367079968],[4491325.757533791,2648433.096927016],[4492651.090954804,2648069.81256263],[4497913.394051544,2648723.4545948156],[4498221.427218968,2649062.8824856933],[4498013.491369405,2649814.179443542],[4497469.420039907,2650460.944511132],[4496328.288897717,2651109.0181381023],[4496854.20822219,2651449.805592148],[4497670.3003289765,2651454.1598638752],[4499189.437797839,2650598.5879716193],[4499790.750270166,2649371.343537734],[4500502.801201519,2649335.265268893],[4501126.201598399,2648871.9429857517],[4502137.4257406825,2648824.2058860837],[4503186.965248014,2649196.5300865807],[4503778.927559966,2649896.199145288],[4504568.406610448,2649790.394705131],[4506197.935948081,2650354.753419364],[4509369.059462927,2650585.8407081887],[4511949.062945294,2650204.12916433],[4514203.4362015985,2650597.1607319894],[4513418.013654528,2653722.6758556752],[4512722.689243425,2653526.632730925],[4512287.210278813,2653551.7949625286],[4511458.235299229,2653287.5214843242],[4510596.242573171,2653868.094292959],[4508619.203608369,2653630.4131549476],[4507983.513599893,2654253.664727512],[4506194.099854149,2653418.1439972236],[4505685.952344013,2653727.0169715267],[4505429.56580034,2654571.777963862],[4504108.362699249,2653328.125153324],[4502604.603601967,2652323.608164957],[4502351.690443586,2652656.394690199],[4502952.967729534,2654247.9383577406],[4503764.448376051,2655923.009908788],[4502869.575896812,2657058.056283952],[4501924.541101452,2657229.344333085],[4501029.042890174,2656849.4227747545],[4500350.198988515,2657372.572578886],[4499518.821257925,2657454.352751554],[4498821.688896202,2657049.316351535],[4497535.263143078,2657269.337452084],[4496661.502682153,2656812.6611635806],[4495839.073183885,2656918.2142340112],[4495381.775661194,2657449.64169263],[4495622.688596282,2658130.153268602],[4496550.222179225,2658414.219125761],[4496281.243091125,2660172.9663174814],[4496871.981994476,2660772.6537523805],[4497700.111963128,2660040.559269189],[4498456.429226649,2660201.0811524554],[4499191.1758729415,2660255.5075265123],[4500267.260993519,2660183.683559991],[4502336.602885606,2660485.4093594654],[4506860.879970031,2659607.6475384035],[4509917.838259503,2660005.9993029106],[4511204.626803974,2659814.93809035],[4511353.978656472,2660593.955745121],[4509157.933930024,2663543.503411145],[4509583.548177779,2664252.0420315964],[4510182.925243318,2664474.0974475555],[4510716.684961013,2664353.587404564],[4511194.141556914,2663741.85071229],[4511561.282512805,2663975.114627015],[4511951.387956226,2665480.203743468],[4511872.38534161,2666694.6810967596],[4510755.140930194,2667875.4500256367],[4510474.957885285,2669050.007548669],[4509798.892799996,2669593.418400496],[4509309.351218197,2670561.8349744407],[4508367.796258889,2670842.849820326],[4507295.170674106,2670158.3883048934],[4506204.683924578,2669995.753946563],[4504782.890312534,2670190.300593677],[4504701.725297803,2670919.9783792086],[4505010.658634114,2671377.33517953],[4508382.138767964,2672086.9193832087],[4509741.0917990515,2672615.0020315927],[4511635.261814113,2671611.4798999904],[4512094.9171845,2670755.701573143],[4512053.887910125,2669724.0101897963],[4514886.651399545,2667571.228132147],[4515077.712184188,2666921.500612788],[4514882.645702062,2666224.783745367],[4514996.694653846,2665488.9000988966],[4515342.654705396,2664538.404426297],[4515328.752319096,2664064.1085889065],[4515180.20294565,2663700.2624836457],[4515121.330051617,2663223.9709609225],[4515434.509199109,2660216.618150425],[4517028.942158076,2660514.218530562],[4518153.457553982,2659709.304926958],[4518491.475377919,2657475.44196673],[4519087.251557133,2657641.0578455194],[4519349.724913697,2658537.6492273235],[4520108.903727491,2659494.3174022594],[4519714.973310049,2660452.560273446],[4519610.270855613,2663024.91556818],[4519818.809110078,2665236.4930901313],[4520115.719428194,2666334.7156737116],[4520647.057502469,2666418.6705322214],[4521195.499349399,2666076.871891008],[4521292.035615798,2665331.838809467],[4520970.614102072,2662924.888132331],[4521037.148277751,2661703.622594552],[4521904.1727915695,2661505.0022867722],[4522326.670447734,2660668.57746579],[4523204.436781629,2660400.2306082384],[4523447.392127319,2659668.139558793],[4524264.519975977,2659605.518645938],[4525773.361589434,2660156.049182885],[4526352.21117068,2659380.003684501],[4526294.94092941,2658772.510576943],[4525630.328831404,2657973.7057125354],[4523914.330922884,2657069.342467485],[4525120.727902673,2656020.992580373],[4525522.839740717,2655313.023097816],[4525456.387243991,2654784.9654894522],[4524782.909133121,2654432.2345715854],[4523291.620701272,2654976.690882327],[4522317.423815879,2654065.923832099],[4522405.132211923,2653204.921929354],[4523361.342183027,2652441.633731464],[4524910.161888796,2650949.298770166],[4526709.56619075,2649408.5998143572],[4528972.47486848,2647187.2933952324],[4529751.709544073,2646636.519250005],[4530145.079312659,2646121.4805714563],[4531220.933124547,2645094.6567885843],[4531388.797716575,2645118.1485958756],[4532449.226108601,2644873.356623834],[4533771.9989592545,2643963.435971066],[4534387.171698768,2644174.2840225818],[4533608.36255317,2644910.740865577],[4532740.262396739,2647347.4327799883],[4531056.9592561275,2648639.6917840564],[4530760.592325496,2649941.142669225],[4531337.984113963,2650528.1762714153],[4531915.875281132,2650428.131550343],[4532651.4293186795,2649560.600442239],[4534937.108761127,2648275.2844539103],[4537614.5687381625,2645635.673074879],[4537909.279867433,2645566.554282527],[4538201.171625637,2645686.558364082],[4538419.741263069,2644180.487549592],[4538394.979607693,2643129.3055917406],[4540406.206420081,2641919.6323758843],[4540744.073264452,2641544.369721484],[4541664.814530413,2641205.4353239783],[4541944.720923869,2640594.3374762638],[4542384.120356474,2639989.8656524103],[4542392.676064099,2639480.1540863244],[4542460.503539606,2639359.6622950328],[4543736.097320854,2639027.0936690914],[4544194.020203056,2638711.99538707],[4544201.127512993,2638617.2964174966],[4544286.111613795,2638621.094156318],[4544577.613265936,2638309.0653138477],[4545356.291755951,2637931.796730767],[4546013.197541126,2637394.062385675],[4546859.693880134,2636862.285375527],[4547489.366242943,2636733.89772582],[4547792.893582558,2636491.424053568],[4547981.111876948,2636054.767532787],[4548101.499603989,2635299.032684634],[4548076.063569397,2634845.325585242],[4547828.903473794,2634399.206967246],[4547427.5612302255,2634078.213064284],[4546975.251764593,2633846.953801253],[4546718.777303905,2633523.4360379083],[4546616.172062414,2632896.7502209228],[4546357.595365065,2632506.1242279634],[4546021.22547476,2632350.558063405],[4545318.323284024,2631834.0814067177],[4545031.411852629,2631774.2717187162],[4544256.980125654,2631867.6991365706],[4543918.473149823,2631992.60099661],[4543494.452095851,2632265.2295227535],[4543117.496438282,2632734.9961403785],[4542675.250950028,2632919.2802069928],[4541886.314804138,2632248.957651696],[4541366.440702546,2631657.6742423847],[4541124.286489592,2631500.8509630044],[4541064.1166748125,2631479.164234393],[4540748.602966368,2631397.0814952645],[4540347.277614841,2631237.6642840337],[4540333.711163241,2631233.0696368357]],[[4522337.463516675,2629502.5773947965],[4523231.514139143,2628889.02905547],[4524833.235864952,2628134.6579924943],[4526190.4559504185,2628131.5023613176],[4527115.731872352,2628812.676789676],[4526593.505382354,2631070.711641274],[4526649.836543115,2631729.430207258],[4526174.191055842,2631941.12249867],[4525778.334896901,2631288.468164851],[4525751.817943091,2629479.8675246057],[4524087.724568438,2629710.5207794243],[4523253.62100868,2630456.784235283],[4522662.435787475,2630282.021849387],[4522337.463516675,2629502.5773947965]],[[4521580.576390337,2628328.815550893],[4520092.224718503,2629058.16264924],[4518043.168899205,2627261.5134687754],[4521718.145888539,2627107.183567998],[4522149.074508211,2627930.7110436675],[4521580.576390337,2628328.815550893]]]}},{"type":"Feature","properties":{"flugjahr":"2011","gebiet":"K\u00e4rnten"},"geometry":{"type":"Polygon","coordinates":[[[4590364.390377016,2614361.6650038036],[4591325.726493978,2615345.326699065],[4591533.133137575,2615576.6394820823],[4591606.956839757,2613740.9384985385],[4590217.384964364,2613679.1490798034],[4590364.390377016,2614361.6650038036]]]}},{"type":"Feature","properties":{"flugjahr":"2011","gebiet":"K\u00e4rnten"},"geometry":{"type":"Polygon","coordinates":[[[4591929.209895728,2616255.86781788],[4591680.1838452425,2616899.911293679],[4590922.546116507,2617410.9759830814],[4591344.9526667865,2617791.1692364914],[4591645.605872682,2617720.68900855],[4591844.462225247,2617825.6941759316],[4592927.9227605425,2619875.38357597],[4593752.822747937,2620834.558840531],[4593997.59652633,2616349.2678304138],[4591929.209895728,2616255.86781788]]]}},{"type":"Feature","properties":{"flugjahr":"2011","gebiet":"K\u00e4rnten"},"geometry":{"type":"Polygon","coordinates":[[[4605522.920012111,2639375.4368057614],[4606161.878764355,2624402.5528977076],[4595266.405252717,2623908.975749178],[4596531.575147208,2624712.928732908],[4596753.531201458,2625232.178278005],[4596595.689228113,2625683.2516372497],[4597793.833139955,2627002.936813448],[4598594.038735865,2627242.1586295255],[4599884.475688382,2627913.728354343],[4600030.123103057,2628159.4204962337],[4600509.364623831,2633759.8324332004],[4600306.4503695965,2634464.019177328],[4599923.776494421,2635177.08753352],[4599068.209127379,2636073.8859981885],[4597974.144019691,2637802.3364826175],[4596927.826808249,2638454.4410873866],[4596624.370282713,2638972.638793931],[4605522.920012111,2639375.4368057614]]]}},{"type":"Feature","properties":{"flugjahr":"2011","gebiet":"K\u00e4rnten"},"geometry":{"type":"Polygon","coordinates":[[[4595196.489228492,2639883.062319563],[4594506.446619154,2639984.8460076516],[4593540.178451037,2640577.650570388],[4591832.042065634,2641426.0017057974],[4591272.361018629,2641462.7775555644],[4590579.984957817,2642016.821636725],[4590085.111422506,2642199.5988334324],[4587822.241268909,2641974.224507777],[4588235.618402639,2642819.5158151505],[4588501.711819879,2644697.510659137],[4589057.167585877,2647061.859467861],[4589526.464763494,2647928.474722027],[4590065.558490735,2648679.094103081],[4595091.502434288,2648905.9375241282],[4595492.112079401,2639699.7157001887],[4595196.489228492,2639883.062319563]]]}},{"type":"Feature","properties":{"flugjahr":"2012","gebiet":"Steiermark"},"geometry":{"type":"Polygon","coordinates":[[[4661895.648753172,2664358.1237456105],[4661817.1070839055,2666306.8984364867],[4662263.230735369,2666606.670001124],[4662515.799552054,2666677.6118925135],[4662721.363814176,2666877.6260453803],[4663107.9048198145,2667009.201132783],[4663195.310452161,2666363.1732904483],[4663812.495523333,2665889.234805482],[4664120.737118065,2665787.0918343444],[4664148.05102324,2665388.6668365602],[4664319.721525604,2665202.1765288343],[4665410.52626382,2665307.111611716],[4665783.634776604,2665579.8788616443],[4666769.868213913,2665797.523842351],[4667108.717626968,2665663.3663709424],[4667484.815877947,2665735.1719541578],[4667679.330553418,2665859.5470480607],[4667929.016212336,2665784.3192001064],[4668763.325725748,2665813.067348973],[4669137.030716725,2665904.7212366485],[4669560.774561355,2665849.62474403],[4669873.199421028,2665112.6516341045],[4670201.8402333995,2664790.4570358894],[4671075.418337064,2664698.409718345],[4671415.262355122,2664571.3819491235],[4661895.648753172,2664358.1237456105]]]}},{"type":"Feature","properties":{"flugjahr":"2012","gebiet":"Steiermark"},"geometry":{"type":"Polygon","coordinates":[[[4672316.825223224,2664580.0797182517],[4672501.677973347,2665209.1635506237],[4673081.605141909,2666242.5632932475],[4673779.67355417,2666429.723566264],[4674098.918522475,2666368.3146118657],[4674677.608078333,2666421.8915366875],[4675043.499331136,2666639.0253728144],[4674969.164538364,2666516.3216128773],[4675040.603245477,2665496.5501241535],[4675125.090173212,2665290.830661586],[4672575.494933695,2664582.5762218446],[4672316.825223224,2664580.0797182517]]]}},{"type":"Feature","properties":{"flugjahr":"2009","gebiet":"Steiermark"},"geometry":{"type":"Polygon","coordinates":[[[4714913.135248109,2715534.741529],[4715658.5699764285,2715610.7128388467],[4715433.554337866,2718572.039122637],[4718395.64598312,2718841.7345721247],[4718242.333238157,2720783.8834475144],[4720229.911444593,2721008.668741675],[4720112.639838714,2722999.5469977586],[4727019.953030161,2723612.758816699],[4726984.240020333,2724057.5907221087],[4726365.466544716,2724077.2915498577],[4726254.609771381,2725764.7731420607],[4726341.385237229,2725850.086976166],[4726235.9407509975,2726050.9558104696],[4726047.037634818,2728924.3111689305],[4726123.080519374,2729050.911442327],[4726029.792523756,2729186.5059318985],[4725528.528031199,2736810.131103063],[4725545.773785702,2737008.595521881],[4726091.357135015,2737056.62082952],[4726131.948310963,2737160.780257872],[4725818.526647298,2742015.26967031],[4726125.352928804,2742070.4493946997],[4726133.253033211,2742228.010499688],[4726413.229621935,2742409.836400526],[4726461.844919987,2742592.9903278504],[4743426.372700878,2743747.9400029713],[4743694.536337129,2743817.7868379024],[4743790.676544888,2743772.279929123],[4746320.068057226,2743944.597781238],[4746536.418133632,2744025.811975407],[4747292.36651966,2744010.8422002643],[4747628.471619408,2744128.9121405985],[4747918.3829503665,2744060.640437303],[4748074.212522173,2744184.419465813],[4748574.79063001,2744098.3251237734],[4749764.7622876195,2744179.569391028],[4749988.116776162,2744274.5903201834],[4750113.63459808,2744204.538031787],[4750348.76954968,2744219.3239803487],[4750485.953732398,2744363.083405694],[4750614.930124901,2744298.316195165],[4750709.6306710355,2744344.304376106],[4750764.5751909185,2744252.84102454],[4751008.6893099975,2744418.548821086],[4751119.17921623,2743883.436772278],[4750896.13310056,2743052.8597051282],[4750931.508322907,2742515.622496749],[4751113.366932828,2742420.199414335],[4751641.358927603,2742471.940785736],[4752400.147083718,2742019.297761472],[4752496.523677511,2741769.5179898185],[4752229.000756402,2741146.1264010845],[4752499.814842035,2741011.137999023],[4752935.731872673,2741090.6772581693],[4753874.846024871,2741469.9152259305],[4754357.30940592,2742069.8965230985],[4755093.732685497,2742410.281490423],[4755179.091216,2742383.533833432],[4755267.553063341,2742031.9601024133],[4755455.036559407,2742022.059282818],[4755805.796243243,2742163.532411849],[4756284.979782966,2741843.7777591106],[4756841.424690744,2741808.374404311],[4757023.38907144,2741725.449183398],[4757187.90610747,2741751.9250322822],[4757460.739105373,2741952.753702568],[4757792.323844372,2741970.28708926],[4758246.655057481,2742140.2054081326],[4758892.910098344,2741587.725649022],[4759228.952231229,2740475.603248817],[4759395.218412294,2740344.1852885615],[4759803.1366243865,2740049.2671420258],[4760135.370410195,2739967.4634828265],[4761012.632132701,2740448.1124691516],[4761283.11156244,2740174.713622003],[4761492.593944238,2739694.5927008474],[4761398.5246216245,2739560.966721585],[4761378.912554061,2739214.714503047],[4761127.789225811,2738801.1443961277],[4761089.638055193,2738346.2810786627],[4760802.787342965,2737904.115045366],[4760561.93272139,2737730.418974003],[4760685.8321884805,2737056.6861298345],[4760393.677266852,2736561.817988473],[4760565.087794858,2735916.919018753],[4760521.25234007,2735408.149531068],[4760730.312790997,2734941.172836829],[4760735.529160741,2734513.191121693],[4760873.359097613,2734458.468664162],[4760881.126830568,2734370.2737067],[4761092.168218998,2734348.3597741644],[4761553.876804741,2734487.8597109024],[4761846.259386402,2734494.780803723],[4762047.054475892,2734406.666574182],[4762351.203084619,2735057.7019433714],[4762729.965084227,2735289.893766146],[4763773.930174231,2735137.066367023],[4765074.612659015,2734299.7094753184],[4765177.268654925,2734119.657625671],[4765204.466470013,2733773.7645412455],[4765042.279964283,2733412.6016381076],[4765070.516302496,2732465.89289575],[4765231.483015068,2732045.274658648],[4765897.569829828,2731354.770356879],[4765924.488360855,2730941.7728102216],[4766080.825239289,2730770.667766106],[4766675.0909147775,2730773.4854505174],[4767790.348286239,2730453.9126801854],[4768287.6623282395,2730180.441957836],[4768974.608422465,2729654.467259902],[4769368.355427859,2729549.834693749],[4770678.662678869,2730005.2040194385],[4770853.243963002,2730003.2051647813],[4771393.293017419,2729747.185027381],[4772356.41064908,2729737.155005005],[4772775.803299917,2729636.50069301],[4773217.923930312,2729904.4339219667],[4773864.269418192,2729904.9738851534],[4774760.604428717,2729401.176395635],[4774929.738295698,2728956.671195957],[4775154.283625585,2728796.6850819965],[4775229.2119393675,2728601.8352517327],[4775565.595137389,2728532.865074919],[4775631.060586638,2728410.520500989],[4775890.744595576,2728261.3348414563],[4776048.402509507,2727802.8838447975],[4776379.678327687,2727251.4830880654],[4777281.662410389,2726576.4258833816],[4777582.2578488365,2726642.803424535],[4777811.941041033,2726817.2592080995],[4777657.062966986,2727110.984018839],[4777766.474182874,2727750.0669298996],[4777681.529742753,2728525.18071798],[4777866.782542634,2728679.3604538846],[4778387.088036862,2728711.108586981],[4778444.711236369,2728497.9811754962],[4778739.235055201,2728334.444603454],[4778863.606519796,2729085.0410758285],[4779106.2680233065,2729225.0798611203],[4779469.939635707,2729288.649447616],[4779780.005662192,2729756.9186318885],[4779702.832877221,2730450.8502905043],[4779841.286238677,2730521.5723173087],[4779934.669775774,2731191.8717264496],[4780186.544611754,2731068.7004858158],[4780182.125185738,2731124.194853636],[4780799.824252391,2731354.70559131],[4780970.229131203,2731077.6310121994],[4781053.911609487,2730430.6285274443],[4781381.439043007,2730334.7333129672],[4781043.200399457,2729776.5336421384],[4781171.677906085,2729467.565515304],[4781310.890201539,2729378.815803129],[4781440.428958519,2729645.6800603573],[4781707.870280913,2729924.0775993606],[4781820.933724096,2729903.7128720637],[4781638.42861756,2729521.7121046293],[4781659.857346154,2728866.568754756],[4781435.118025444,2728762.3882342265],[4781391.1014239285,2728445.318917265],[4781296.52616604,2728379.922954237],[4781545.6551221525,2728027.7894386034],[4781499.114588103,2727756.426340133],[4781604.854879558,2727471.2400593334],[4782013.243247792,2727314.19591925],[4781862.566031371,2726741.6929129804],[4782031.075918366,2726204.0842069085],[4781769.537050028,2726012.0707730977],[4781689.392358117,2725786.151214416],[4782304.400270964,2725804.169420302],[4782377.026801002,2725740.6278934665],[4782251.1036965,2725578.240001824],[4782259.23057217,2725462.9435848333],[4782607.155119872,2725195.92072114],[4783062.55788891,2725351.63448068],[4783508.037090271,2724498.0024354225],[4783162.296049406,2724229.5314872297],[4783149.939276018,2723510.279424049],[4783320.074750289,2723359.6370017976],[4783579.942350775,2723276.8711214378],[4783831.673304836,2722933.849926373],[4783810.795884238,2722554.0544929174],[4784149.054307128,2721967.9468534794],[4784653.658006812,2721592.2026859927],[4784852.074091321,2721528.995562184],[4784656.6114872545,2721511.9000815656],[4784738.81721036,2720515.454462602],[4779756.590167139,2720088.366297037],[4779838.780485511,2719091.9578392217],[4777347.603888538,2718878.9638657095],[4777596.112926202,2715889.8859144566],[4775103.88274395,2715676.9426986524],[4775825.403855274,2715798.485201809],[4775370.872646295,2721363.804285367],[4768204.194147294,2720876.706781558],[4767241.9021732,2721319.410255506],[4764998.681047656,2721882.287351313],[4763535.941444663,2722031.1214319845],[4759435.9319382785,2721961.5528064882],[4759531.1443751305,2720284.6635331195],[4755509.503819849,2720010.447241059],[4755459.860760517,2719505.826554047],[4737435.415045262,2718278.5560578387],[4737053.552204483,2723250.459610334],[4727120.870021523,2722589.3647454884],[4727750.05742646,2714564.4783141837],[4727523.851328669,2714406.8273727614],[4727317.493159747,2714374.9570392943],[4727182.97321814,2714595.0458378303],[4726770.275040641,2714674.142842391],[4726152.619106286,2714459.09632812],[4725674.331002334,2714034.305213527],[4725514.359208863,2714430.585414962],[4724961.352283319,2714878.774411475],[4724552.977417066,2715329.627830283],[4724307.262095374,2715430.91315423],[4723025.792095622,2716343.8689049],[4722482.851860117,2716610.947530627],[4720558.3757140245,2716591.0917536104],[4720375.391822228,2716403.0242906148],[4720394.859976507,2716104.7057553264],[4720182.698201911,2715817.397518267],[4719500.801700121,2715182.058399825],[4719428.2421651,2714734.183380448],[4719157.163850262,2714674.8688417054],[4719010.803289874,2714545.9686785704],[4718875.449415114,2714546.1137475497],[4718754.457404328,2714716.2114709965],[4718586.42697903,2714788.737188516],[4718037.770634826,2714864.0889591603],[4717420.760514139,2714804.6574530713],[4717013.024928303,2714888.331024319],[4716287.111136642,2715302.2591932304],[4715623.134290155,2715313.287512299],[4715033.166389798,2715179.2820516624],[4714913.135248109,2715534.741529]]]}},{"type":"Feature","properties":{"flugjahr":"2016","gebiet":"Ober\u00f6sterreich"},"geometry":{"type":"Polygon","coordinates":[[[4607492.817200979,2822566.4329683855],[4607072.317165496,2832055.112272881],[4681608.332123677,2835467.659328709],[4682015.490093443,2835284.0476116836],[4682154.553290588,2835354.3435640875],[4682507.122891473,2835316.080529849],[4682928.829438147,2835102.1416380974],[4682933.299405355,2835029.3416321143],[4683324.390238528,2834800.9825600316],[4683391.153034767,2834665.814416948],[4683517.955845839,2834636.353693767],[4683772.447589799,2834365.7934648586],[4683790.745336841,2834177.9776944546],[4683669.058778709,2834046.713308683],[4683800.315465793,2833638.095473517],[4683975.232712117,2833535.8696840904],[4684459.773766878,2833494.2980739055],[4684519.441693968,2833324.9160023867],[4684316.24864624,2832695.8252372644],[4684018.060961215,2832867.2084560045],[4683062.3939532805,2832981.1059549213],[4682393.256304797,2832603.199614512],[4682304.321531231,2832453.8715382414],[4682359.269973323,2832034.0414623325],[4682075.548346928,2831852.593592454],[4682300.582742213,2831392.107604578],[4682295.977669127,2831219.1621072595],[4681796.08883399,2830963.8708851365],[4681575.313891261,2830613.4277723217],[4680625.246731492,2830373.4737443393],[4680808.820656615,2830203.5042587384],[4680978.333316637,2829763.1348805586],[4681229.653628965,2829630.968634296],[4681236.02038114,2829495.638090182],[4681415.898600411,2829336.7442198046],[4681500.303009779,2829130.132330524],[4681465.174155588,2828972.2104993085],[4681545.5361261945,2828729.734799438],[4681309.633608744,2828104.8194721946],[4681447.289191836,2827742.7331889756],[4682001.317015765,2827453.6951095923],[4682425.596615004,2827480.7214943697],[4682740.3840080025,2827240.951247232],[4683198.832503468,2827262.3580086203],[4683351.513210567,2827094.8648888683],[4683390.132023801,2826805.1662739073],[4684013.4069356285,2826070.7575320546],[4632470.5195889855,2823705.952550296],[4632492.665400191,2823206.4375191405],[4632470.509263655,2823705.8447991707],[4607492.817200979,2822566.4329683855]]]}},{"type":"Feature","properties":{"flugjahr":"2016","gebiet":"Ober\u00f6sterreich"},"geometry":{"type":"Polygon","coordinates":[[[4691791.6433704905,2806457.6794917053],[4691565.8683446795,2806871.7298697834],[4691638.569793037,2807440.797338664],[4691506.417475049,2807821.145523078],[4691500.166043381,2808869.885349532],[4691639.29051421,2808881.7580702687],[4692006.154288079,2805922.134709539],[4691697.005310482,2805907.8730053026],[4691831.225544545,2806087.055014996],[4691791.6433704905,2806457.6794917053]]]}},{"type":"Feature","properties":{"flugjahr":"2017","gebiet":"Nieder\u00f6sterreich"},"geometry":{"type":"Polygon","coordinates":[[[4741045.3249906935,2823144.8853484937],[4742715.363872034,2803215.41700312],[4741469.902226328,2803108.6805497794],[4741720.168350604,2800119.46525013],[4740474.662656668,2800012.745882531],[4741308.135827889,2790048.7576312227],[4737571.577441651,2789728.879722172],[4738154.3652081555,2782754.816637097],[4713243.007152121,2780625.4078662456],[4709910.640477105,2820477.043787467],[4741045.3249906935,2823144.8853484937]]]}},{"type":"Feature","properties":{"flugjahr":"2018","gebiet":"Nieder\u00f6sterreich"},"geometry":{"type":"Polygon","coordinates":[[[4707402.541568915,2850368.20589912],[4737288.2098298,2852931.8408634653],[4739381.2390749315,2828025.28238151],[4740627.649044965,2828126.8539303145],[4741045.3249906935,2823144.8853484937],[4709910.640477105,2820477.043787467],[4707402.541568915,2850368.20589912]]]}},{"type":"Feature","properties":{"flugjahr":"2019","gebiet":"Nieder\u00f6sterreich"},"geometry":{"type":"Polygon","coordinates":[[[4710744.278221147,2810514.293250233],[4691500.166043381,2808869.885349532],[4691362.813469222,2809242.2659627255],[4691189.100205799,2810574.854480354],[4690991.291656631,2811035.254163849],[4691076.551057051,2811704.0304025016],[4690936.714607131,2812502.557252813],[4691020.484290672,2812958.0146246315],[4690851.652985946,2813374.716148569],[4690610.524873464,2813549.7650887948],[4690499.401979643,2813750.8633759413],[4690232.518786023,2813852.616587472],[4689927.672060949,2813862.5187743125],[4689671.003589755,2813735.480040334],[4688657.403079115,2813986.838218292],[4688173.915263688,2813849.284816405],[4687905.794942266,2813642.618271506],[4687790.497996291,2813668.311732864],[4687992.358942277,2814371.519690553],[4687980.028782924,2814647.287696501],[4688113.908487797,2815056.9906910486],[4688255.195420573,2815166.667714734],[4688336.281371761,2815368.6715739546],[4688174.244667243,2815879.8000507373],[4688268.487858025,2816190.5474870806],[4688186.551763119,2816500.135874762],[4688306.217608075,2816734.9670830998],[4688209.17102922,2817001.8034608793],[4688285.106319666,2817184.5456078583],[4688239.581801662,2817665.0327854147],[4688341.0391469505,2818284.4995000297],[4688502.812004877,2818652.4492123886],[4688514.947180849,2818918.3432329865],[4688855.995998655,2819419.76072587],[4688900.850679543,2819715.20712805],[4688825.344233781,2820685.930081334],[4688667.854373063,2820915.9237648733],[4688014.057610811,2821251.0358645795],[4687594.266009309,2821144.4570020107],[4687215.879387148,2821455.316419041],[4686464.95587031,2821610.7367261266],[4686749.488170118,2821853.2115915874],[4687040.380622917,2822356.30492085],[4687397.406835377,2822612.1548286383],[4687530.8706498705,2823321.2073832056],[4687481.220302893,2823580.225723392],[4687331.652888093,2823700.4479561453],[4687014.054256547,2823704.746143946],[4686913.876845393,2823795.217085043],[4687004.832431974,2823977.652564465],[4686985.337198616,2824166.9811977306],[4686541.777376959,2824681.0656903535],[4686126.021285013,2824797.9491692367],[4685697.11110613,2824739.008623244],[4685123.067024587,2825238.0272548366],[4684750.233945592,2825223.746618535],[4684646.070419554,2825582.361943521],[4684366.158662188,2826087.021028069],[4684013.4069356285,2826070.7575320546],[4683390.132023801,2826805.1662739073],[4683351.513210567,2827094.8648888683],[4683198.832503468,2827262.3580086203],[4682740.3840080025,2827240.951247232],[4682425.596615004,2827480.7214943697],[4682001.317015765,2827453.6951095923],[4681447.289191836,2827742.7331889756],[4681309.633608744,2828104.8194721946],[4681545.5361261945,2828729.734799438],[4681465.174155588,2828972.2104993085],[4681500.303009779,2829130.132330524],[4681415.898600411,2829336.7442198046],[4681236.02038114,2829495.638090182],[4681229.653628965,2829630.968634296],[4680978.333316637,2829763.1348805586],[4680808.820656615,2830203.5042587384],[4680628.141957676,2830358.5251652882],[4681575.313891261,2830613.4277723217],[4681796.08883399,2830963.8708851365],[4682295.977669127,2831219.1621072595],[4682300.582742213,2831392.107604578],[4682075.548346928,2831852.593592454],[4682359.269973323,2832034.0414623325],[4682304.321531231,2832453.8715382414],[4682393.256304797,2832603.199614512],[4683062.3939532805,2832981.1059549213],[4684018.060961215,2832867.2084560045],[4684316.24864624,2832695.8252372644],[4684519.441693968,2833324.9160023867],[4684459.773766878,2833494.2980739055],[4683975.232712117,2833535.8696840904],[4683800.315465793,2833638.095473517],[4683669.058778709,2834046.713308683],[4683811.323415847,2834246.34115205],[4683721.523555706,2834441.8575060884],[4683391.153034767,2834665.814416948],[4683324.390238528,2834800.9825600316],[4682933.299405355,2835029.3416321143],[4682928.829438147,2835102.1416380974],[4682507.122891473,2835316.080529849],[4682154.553290588,2835354.3435640875],[4682015.490093443,2835284.0476116836],[4681621.330556929,2835457.44504433],[4681411.465820722,2835662.235083616],[4681054.863236088,2835720.1613227446],[4680303.595770179,2835599.6892300434],[4679819.427222356,2835750.1965801413],[4679472.721592534,2835709.239609001],[4679009.082235538,2835866.684819284],[4678669.707786037,2835823.786010465],[4678640.793349883,2835948.567111252],[4678814.585310257,2836052.346205253],[4678814.933998479,2836177.497217919],[4678976.371242039,2836353.826802836],[4678959.565352556,2836457.5350201502],[4678200.332759623,2837104.173351668],[4678118.430736675,2837314.004336163],[4677565.71507588,2837641.9624286112],[4677182.932772999,2837719.3961352785],[4676660.231475203,2837667.9610771406],[4676262.3762118295,2837789.340991157],[4676143.428572665,2837914.5522995857],[4676119.698356021,2838224.7473120764],[4675766.992837931,2838520.4444802925],[4675515.590475483,2838558.865335674],[4675200.198008834,2838452.9078376205],[4674821.100449811,2838561.058934883],[4674580.943243379,2838811.1246654065],[4674249.637253017,2838666.623875833],[4673890.517328676,2838877.2941709543],[4673547.116071012,2838717.7660526116],[4673346.909038089,2838329.7958614454],[4673221.677203149,2838290.470184555],[4672872.23861123,2838416.2912050514],[4672714.515735158,2838568.615801904],[4672605.992436952,2838898.443041775],[4672405.478900901,2839163.2952779434],[4672034.917738525,2839159.7831420996],[4671770.555759444,2839096.075914768],[4671721.92112401,2839001.343363348],[4671428.472516585,2838988.75561194],[4671298.607913442,2838657.1645061756],[4671124.11633604,2838493.0110822152],[4670992.3724625185,2838483.923082864],[4670974.946325931,2838265.615801039],[4671100.046014436,2837967.8263884913],[4671029.225776087,2837788.3646231373],[4670754.394628699,2837699.9199781455],[4670514.815774689,2837823.8020492974],[4670611.700637194,2838257.1903394223],[4670120.415656433,2838587.274240159],[4670035.626933352,2838803.269849921],[4669579.592371186,2838806.6365981326],[4669329.408866834,2839175.8396242564],[4669292.812528262,2839641.88199935],[4668969.687699331,2839900.347183359],[4668533.4736974705,2840584.0773654534],[4668124.726004558,2840716.827887499],[4667892.830696402,2840604.905807626],[4667034.846087144,2840697.465404195],[4666920.581095869,2840807.4981021406],[4666972.492112575,2841206.1586803147],[4666713.507847201,2841180.841666602],[4666371.084124721,2840894.0401356947],[4665959.644526862,2840905.018043963],[4666366.47030485,2840946.067464221],[4666695.1881524995,2841227.3315649577],[4667021.651445979,2841218.687492813],[4667159.865320249,2841291.745678513],[4667694.752719415,2841023.923861548],[4667720.52943316,2841134.170780435],[4668026.223211652,2841286.3892405196],[4668121.872699242,2841510.0999595895],[4667968.8001961885,2841908.5330139054],[4668115.968407099,2842249.0779549135],[4668368.291975412,2842337.2247684337],[4668361.741161225,2842637.853007223],[4668962.609629009,2843159.877543796],[4668999.442116778,2843255.3584891255],[4668380.222032363,2844890.200532048],[4668791.299009281,2847066.2784620402],[4707402.541568915,2850368.20589912],[4710744.278221147,2810514.293250233]]]}},{"type":"Feature","properties":{"flugjahr":"2017","gebiet":"Steiermark"},"geometry":{"type":"Polygon","coordinates":[[[4634458.115464019,2722370.3186908583],[4632463.844075314,2722211.1300470345],[4632346.968854121,2723995.1538323318],[4632884.015746622,2724236.4026886136],[4633213.187297464,2724641.000311373],[4634022.015565778,2724691.0224186815],[4634264.432512803,2724799.267896682],[4634380.178183761,2724943.2993332264],[4634829.40908894,2725045.132280564],[4634884.073299529,2723735.7048075465],[4634372.815097152,2723712.9032658054],[4634458.115464019,2722370.3186908583]]]}},{"type":"Feature","properties":{"flugjahr":"2009","gebiet":"K\u00e4rnten"},"geometry":{"type":"Polygon","coordinates":[[[4690921.149572582,2633278.692884174],[4691665.733812762,2615947.354205215],[4691217.681416159,2615893.324337048],[4691193.006973902,2615634.942309607],[4691001.816754853,2615640.5374350734],[4691018.3156247325,2615343.931498821],[4691386.1806018455,2615258.531162816],[4691722.665589426,2614952.6129765175],[4691302.564872804,2614575.7757956902],[4691088.983633458,2614563.5443952037],[4691065.589121538,2614138.857373391],[4691277.416457409,2613874.233863816],[4691092.12197337,2613569.9565829625],[4691074.886448387,2613280.493509951],[4681802.819557842,2612852.6873840354],[4680929.346801777,2632817.5186860785],[4690921.149572582,2633278.692884174]]]}},{"type":"Feature","properties":{"flugjahr":"2013","gebiet":"K\u00e4rnten"},"geometry":{"type":"Polygon","coordinates":[[[4701578.594850827,2642296.49334276],[4702396.625312345,2642272.1372782723],[4702587.650904807,2642060.720578726],[4704139.095633578,2641583.7346981526],[4704724.8355324585,2641506.174041981],[4705006.44216744,2641298.2443308206],[4704794.666662619,2640299.270498144],[4704933.778518645,2639830.0390505767],[4705226.712999765,2639480.8874871475],[4705283.577870732,2639229.4063988426],[4705225.08140571,2638777.7020784374],[4705515.310827804,2638204.4938351833],[4705706.6164846225,2637358.3264006684],[4705677.304267815,2636905.1833759723],[4705764.494197822,2636685.3585397075],[4705908.847070159,2635006.909104665],[4705737.020158398,2634453.238315306],[4705818.258763909,2633759.5889395373],[4705716.993920455,2632654.0159401647],[4705435.364723433,2632414.756403839],[4704692.055867187,2632375.7233182304],[4704347.019410716,2632085.8412104896],[4704483.124766596,2631347.044596409],[4705086.062695011,2630933.0634404807],[4705057.933183198,2630633.291460136],[4705187.468892028,2630327.0369641553],[4705891.7624340905,2629673.446986089],[4707439.903653972,2629378.982531586],[4708188.347666585,2629032.2027000277],[4708056.869628037,2628720.91077635],[4707771.007974058,2628524.128537897],[4706927.293124978,2628485.440660535],[4706824.806230452,2628325.1919164094],[4706411.4848691765,2628134.418693711],[4706105.4792516865,2627668.6163017256],[4705105.488169081,2627143.1015721248],[4704810.128356641,2626442.5402334346],[4704524.582461779,2626279.0678259195],[4704288.247668275,2625754.253276528],[4704005.1280754,2625486.2641278924],[4703883.434563106,2625183.0263267336],[4703601.974899871,2624862.099004521],[4703607.87596299,2624475.1721810587],[4703757.694384626,2624273.1635733885],[4703680.4597871555,2624045.6794167976],[4703087.22073669,2623404.453611179],[4703120.955522348,2623168.1671043206],[4702958.5710394345,2622857.6222210876],[4702576.0396116255,2622583.146789505],[4702170.660404438,2623353.1027275147],[4702038.544010073,2624312.1871044207],[4701754.087706872,2625075.833465857],[4701448.313576939,2625446.4100578926],[4700539.158048938,2625934.7236574665],[4700358.109623675,2625617.9446627134],[4700178.758426281,2625502.766908485],[4700229.896034796,2625460.770644721],[4699987.715219431,2625120.566891429],[4699665.169431302,2624813.9838967295],[4699562.4677130645,2624535.677694177],[4699429.152437887,2624396.804953267],[4699199.2870204095,2624447.301872186],[4698965.479722471,2624003.71240812],[4698795.442799013,2623881.022544396],[4698541.34554905,2624293.7336489772],[4698111.181035078,2624455.3032198222],[4697960.920932793,2623927.913850519],[4698167.020437734,2623357.3069676002],[4698131.28896684,2622868.2005456435],[4698287.146853112,2622667.6840777006],[4698253.958555563,2622501.0666440288],[4697994.808917017,2622352.467619301],[4697945.187975101,2622330.5201538876],[4697698.941009625,2622722.493714838],[4697513.189342918,2622800.5671366444],[4697517.2191373035,2622563.7989855623],[4697356.972857131,2622527.9812154276],[4697132.052833991,2622634.456304711],[4696822.192941248,2622586.3053694605],[4696779.022694249,2622837.0952101615],[4696461.734077894,2623080.40176408],[4696499.25712997,2623360.8516995646],[4696174.482443955,2623131.115837773],[4695645.8170112595,2623375.6612767936],[4695400.112120845,2623368.330194112],[4695236.075162134,2623247.424789935],[4694878.644773843,2623167.727216658],[4694936.857370196,2623009.2636948973],[4694823.250418539,2622835.7577394806],[4694475.918017659,2622824.2317847954],[4694393.636196128,2622721.2514218655],[4694202.674090249,2622679.3101661745],[4693931.5883957045,2622221.76089512],[4693950.808072596,2621908.0605623364],[4694037.168494416,2621794.5565695185],[4693866.681677874,2621104.697907761],[4693609.000291026,2621153.584215203],[4693243.818002056,2620934.9298366057],[4693253.374887503,2620332.900323802],[4692974.468380119,2619846.67597589],[4692979.453396875,2619635.376313803],[4692688.954318655,2619526.1372277276],[4692427.717671908,2619264.1033083056],[4692378.651557689,2619043.011063242],[4692132.371064944,2618703.8191545275],[4691986.335211639,2618163.267465096],[4692172.9434266845,2617941.940501487],[4691994.032103032,2617980.9284848836],[4691878.61650317,2617904.4806878953],[4691759.235347943,2617616.541662651],[4692004.627090225,2617364.732167131],[4692062.899575091,2617063.536118338],[4691812.673546117,2616552.430324031],[4691841.229940753,2616401.8893922977],[4691651.908697296,2616269.7509469357],[4690921.149572582,2633278.692884174],[4695917.680214903,2633511.4919641595],[4695042.483105003,2653474.989493915],[4690127.390763423,2653247.944383572],[4689012.150290307,2655803.21317887],[4683435.645087185,2658860.6013837396],[4681642.871238489,2657266.0403646845],[4686129.4795253975,2653065.537636009],[4680052.752629617,2652783.3491403516],[4679451.71797725,2666492.9111278527],[4680804.962760052,2666868.9121350986],[4681572.728189889,2668669.1192380884],[4682544.103397136,2669043.0156307663],[4683379.690476745,2669516.8613721156],[4686949.192453499,2669647.97124188],[4689440.551977253,2669339.8573039672],[4689727.589134692,2669099.132335748],[4689756.160973749,2668688.879009537],[4691112.321286008,2668413.2668088363],[4691525.240580819,2668240.502694978],[4691884.859868908,2667970.486909822],[4692496.762499128,2667088.695352232],[4692914.316184161,2666951.801726057],[4693827.262437877,2666168.1033868473],[4696720.8473316915,2665389.814036088],[4698254.871228696,2664860.5966712427],[4698547.571601179,2664597.445965227],[4698651.651714786,2664447.990335283],[4698663.169149476,2664163.9027017215],[4699015.196984621,2663698.6026739553],[4699164.999709641,2663111.1072917003],[4699684.621657633,2662409.665961025],[4699800.571659753,2661909.3533335514],[4700250.975179507,2661469.7795632193],[4700441.9575177645,2661131.120676583],[4700600.865587003,2660537.0196810807],[4700881.1193140885,2660221.6587120006],[4700876.749171986,2659886.1683402397],[4701540.0449160775,2659027.800540424],[4703094.8717436,2657627.618735294],[4703142.096423287,2654265.097369343],[4703033.107641608,2654017.786994552],[4702528.243564895,2653727.1307147625],[4702464.676039217,2653324.871184155],[4702537.599362701,2652870.855047939],[4702696.000886555,2652649.4260888193],[4702618.387426202,2651571.537795376],[4702673.130126391,2651120.7257558713],[4702798.323613275,2650708.195780382],[4703053.600198071,2650323.3801620323],[4703369.410607824,2649222.5893726586],[4702547.759581329,2648359.462750608],[4701963.458338708,2647940.6205236358],[4701737.070985122,2647440.3213723334],[4701547.683239775,2647252.9302000958],[4701523.003315661,2646649.1524880123],[4701360.280295833,2645823.1924929926],[4701031.929088272,2645412.744667718],[4700949.848765105,2645135.7501925672],[4700829.497103823,2644197.4753612564],[4700916.219107229,2643651.641706694],[4700722.113816201,2642916.303570901],[4700795.874286927,2642699.040498335],[4701088.900549065,2642499.122296836],[4701578.594850827,2642296.49334276]]]}},{"type":"Feature","properties":{"flugjahr":"2016","gebiet":"Nieder\u00f6sterreich"},"geometry":{"type":"Polygon","coordinates":[[[4710744.278221147,2810514.293250233],[4713243.007152121,2780625.4078662456],[4683348.624214273,2778076.497158868],[4684178.743338938,2768115.126005253],[4676256.732645059,2767441.2476533065],[4676246.687747425,2767668.32976914],[4674985.79129264,2767610.2809597054],[4674341.478198439,2769345.469784302],[4669908.592026554,2769858.6221422683],[4667776.790099818,2771133.5608783597],[4664773.113763382,2772109.207247793],[4663018.408270416,2773828.6765804975],[4659683.27801855,2774362.070966477],[4658654.688834312,2775535.277580702],[4657013.560314597,2776756.6688139616],[4655567.354564002,2778231.0466627614],[4654397.974956909,2779138.4760268275],[4654215.440042261,2784190.5902110254],[4656144.529999579,2784847.7060681996],[4656411.815601903,2787773.779924079],[4655656.556400114,2791217.4102924187],[4655765.07859235,2798758.6595486794],[4656013.561467713,2799349.7699644323],[4656541.1840129765,2799496.0161787877],[4660683.399192494,2799685.9978643665],[4661151.285720243,2799503.9322670987],[4661827.675108686,2797968.85122572],[4663741.953111571,2797126.0765711535],[4665179.172976425,2794995.2959396807],[4666350.021748803,2794743.9583150977],[4667477.712248415,2793056.6725915447],[4670640.7893761145,2792957.934049206],[4671025.689432184,2794055.3945145113],[4671163.7809443455,2794202.707771371],[4671293.5671803085,2794639.195913127],[4671247.354924611,2794959.948033018],[4671305.424554654,2795042.864324029],[4674111.441251314,2795232.931888908],[4681122.303898379,2797942.164342788],[4682420.254578617,2798646.0877583567],[4683460.523945009,2800572.1591672753],[4685649.612290546,2802205.3361131554],[4687900.7547685085,2801753.0799852572],[4688407.904103646,2801722.313596476],[4689260.007786302,2800069.593812145],[4689609.868963306,2799769.4217910706],[4690540.666317688,2799421.0865317257],[4690735.526319481,2799430.1221579676],[4690907.858877002,2799607.3212310784],[4690939.844483,2800057.35227778],[4690795.004946356,2800228.854358831],[4690275.004832069,2800415.005647602],[4690447.784788389,2800627.2673326745],[4690464.121625349,2800822.2645580983],[4690351.56568292,2801033.313539352],[4690165.892734591,2801154.866425384],[4689986.020300858,2801626.631739598],[4690124.186099369,2801618.2577499156],[4692014.478077065,2805854.978184469],[4691639.29051421,2808881.7580702687],[4710744.278221147,2810514.293250233]]]}},{"type":"Feature","properties":{"flugjahr":"2019","gebiet":"Burgenland"},"geometry":{"type":"Polygon","coordinates":[[[4802869.41043444,2778935.9263230762],[4803699.732542516,2779608.497486524],[4803993.020661648,2779338.371560253],[4804445.9699757,2779507.468876766],[4804686.581119809,2779429.58021417],[4805023.272966408,2779681.402298745],[4805096.2261459,2779993.8410547683],[4805368.2458720235,2780103.0570722623],[4805571.843658748,2779963.9604962263],[4805960.422075536,2779941.5313368314],[4806143.645413119,2780006.494074858],[4806155.6989854835,2779875.6226896695],[4806376.065274715,2779840.3843575814],[4806405.040186164,2779930.4205962364],[4806465.691448279,2779730.2440495114],[4806582.203626054,2779713.1758257775],[4806480.761961649,2779835.5784041877],[4806600.022206712,2779928.1022707317],[4806808.782080176,2779980.3270464805],[4806912.2918999875,2779896.216852928],[4806995.487080859,2779965.007936427],[4806889.509614829,2780029.05300705],[4807045.5350463325,2780037.5993572185],[4806968.706664891,2780099.3063480225],[4807152.033621652,2780102.2774617984],[4807097.805074632,2780335.1781803817],[4807347.823149622,2780255.964453134],[4807532.725575417,2780360.5757638616],[4807737.124174703,2780071.5007164385],[4807974.268063495,2779409.1740065287],[4808607.464699171,2778832.5543292286],[4808802.814741188,2778473.6512818933],[4809325.205069899,2778055.021358394],[4809667.7654114235,2777564.5909788795],[4809836.615043854,2777457.5845533255],[4809869.411213176,2777324.660252364],[4810263.619768345,2777028.33544769],[4810380.285589223,2777054.73563583],[4810394.6680574175,2776846.167816876],[4810723.957710737,2776045.8046193467],[4811096.023676893,2775798.2322425763],[4811438.169464954,2775787.745125533],[4811586.199214761,2775662.5072641717],[4812033.945482153,2775177.1542106755],[4812132.1128314845,2774960.1095383656],[4812093.901624206,2774621.9319355185],[4812200.6589768985,2774383.019690882],[4812408.20830256,2774470.3578060837],[4812696.445918752,2774744.8810948646],[4812846.561723557,2775033.26918538],[4813264.9265394015,2776180.0416245963],[4814031.029520115,2776697.075499896],[4814660.295663196,2777796.2719859057],[4815594.440981899,2779163.6459919],[4816124.176752733,2779549.9054355007],[4816139.350814532,2779765.070390981],[4815896.356333332,2780640.744812662],[4816045.832588901,2781355.019716414],[4816524.071502319,2781429.5412052493],[4816878.579595342,2781667.4273821963],[4817418.268800298,2781874.7755890572],[4817307.654320447,2782592.253957914],[4817413.595520273,2782838.227405805],[4817822.997443838,2783245.313504995],[4818268.1079715,2782805.584312944],[4818530.673230799,2783094.004938278],[4818847.077110591,2783251.463694529],[4819493.3816403,2783246.9199055433],[4819916.499006855,2783478.0323451823],[4820011.427019797,2783737.373086552],[4820431.173758101,2783828.409338165],[4820730.244370725,2784072.5988291525],[4820701.76871536,2784575.1097310837],[4820917.100065277,2784788.5572554762],[4820634.907963757,2785443.967714261],[4820347.706793266,2785746.690143324],[4820276.529947216,2786275.460482464],[4820304.21781383,2786478.361343024],[4820685.651393358,2786472.7428962323],[4820483.974019873,2788357.8887493056],[4820461.418387801,2788945.618315244],[4820552.454293388,2788970.7047419804],[4820555.609686329,2789057.3913681866],[4820499.519827776,2789051.5096563622],[4820550.49999268,2789206.867615803],[4820650.818652998,2789180.5639941394],[4820762.738868554,2788929.3375813123],[4820878.1910513,2789074.070217777],[4821027.930602977,2789075.757952196],[4820921.175234365,2789109.9265895393],[4820992.526370113,2789239.0723092295],[4821194.613271336,2789297.896448834],[4821245.294355434,2789247.84859022],[4821270.526107464,2789317.4122956796],[4821356.130347521,2789202.0128649985],[4821347.037955258,2789313.80172597],[4821630.402479794,2789267.3570319097],[4822288.608628738,2789085.4720693566],[4822319.212827396,2789017.865292888],[4822680.898210565,2789284.2742172377],[4822979.50673121,2789125.831741116],[4823110.939854943,2789233.8095516227],[4823050.037341007,2789286.709124786],[4823284.159426125,2789298.715805224],[4823166.597344436,2789342.3503770367],[4823143.362810619,2789448.813659888],[4823301.102021484,2789598.1710572247],[4823156.278299152,2789556.6210785424],[4823111.763393354,2789648.2096072887],[4823475.122169332,2789563.8533874787],[4823634.161436853,2789735.8139625327],[4823758.590659274,2789635.945110399],[4823717.978135567,2789795.787091285],[4823876.161135553,2789762.4744869517],[4823839.679240095,2789613.652849376],[4823933.921222833,2789602.555481154],[4823922.116824785,2789704.0776202567],[4824116.350515812,2789726.470782407],[4824091.321531432,2789598.4965598723],[4824175.00548534,2789544.2511756043],[4824336.542474068,2789627.1220916505],[4824344.022182705,2789508.107841432],[4824428.91401943,2789635.0897836415],[4824364.792731105,2789670.948451079],[4824389.977300934,2789780.0713584474],[4824541.961297334,2789687.5944232773],[4824674.799210348,2789733.7811789466],[4824681.240088201,2789809.8179316954],[4824778.439818649,2789746.4082674016],[4824867.14247423,2789849.0273636756],[4824854.353025195,2789981.1831622827],[4824984.675043308,2789850.1841054913],[4825007.359039294,2789976.176123692],[4825143.448372864,2789977.5695253666],[4825119.379743306,2790039.566479717],[4825336.045215197,2790226.8902713694],[4825603.953920688,2790287.688742583],[4825759.038834402,2790547.3357146154],[4825936.390202886,2790528.24390446],[4826297.7904968755,2790767.6866070037],[4826338.888624728,2790940.6437829486],[4826535.529890167,2790880.696351854],[4826681.7966956245,2790700.4612966743],[4826756.501997644,2790800.9723540186],[4827252.179629848,2791005.644625551],[4827490.646800172,2791286.376198647],[4827482.446802703,2791617.9692864707],[4827589.5351219755,2791706.5219006334],[4827757.67913846,2791530.509744374],[4827730.300323494,2791677.34640841],[4827807.412145843,2791721.412101643],[4827964.112137214,2791696.4508879157],[4827955.5914127715,2791596.9350573705],[4828199.900771154,2791773.6387452846],[4828350.155497429,2791680.2437029555],[4828280.205829702,2791851.9570999104],[4828581.903668564,2791710.946432683],[4828782.816701563,2791994.898565462],[4829016.521570067,2791895.71482353],[4829034.955747718,2791977.029134017],[4829148.369887478,2791896.0989945782],[4829208.98088329,2791970.2573912176],[4829202.29839814,2791823.577241452],[4829471.170497312,2791804.326364463],[4829411.482657381,2791930.001984994],[4829688.864709252,2791834.840678638],[4829724.99836453,2791971.005228107],[4829828.483045272,2791933.097653806],[4830384.979671013,2792379.41080798],[4830220.1544483565,2792614.9814117043],[4830274.829642331,2792925.867001695],[4830018.98509595,2793040.1687111356],[4829957.3185901055,2792926.906095084],[4829915.078529354,2793084.198006266],[4829834.418259468,2792956.488270474],[4829739.148339645,2793030.8852600474],[4829655.356684965,2792951.526309252],[4829651.454146641,2793015.3088182705],[4829769.476801079,2793085.682784045],[4829695.475624711,2793187.175495051],[4829835.908377584,2793270.0934992866],[4829797.821440975,2793388.6531796805],[4829948.821601159,2793379.6299958937],[4829981.464403034,2793589.037838718],[4830108.311471997,2793656.0349021256],[4830094.197466254,2793715.5504376222],[4830449.949903104,2793855.8378334744],[4830460.409463491,2793686.767827745],[4830615.798917537,2793919.236105513],[4830503.928387165,2794023.7892988343],[4830658.994908916,2794112.5650447053],[4830527.268235512,2794190.274942962],[4830699.7657423,2794162.293054173],[4830780.46766012,2794245.2455561366],[4830586.253247653,2794311.732692975],[4830734.409930305,2794392.2341673714],[4830635.107086826,2794482.482836718],[4830839.712731497,2794840.5691413046],[4830691.6473720055,2794828.8967333906],[4830689.241338812,2794896.6383071207],[4830873.276177719,2795110.255001364],[4831079.737849447,2795191.474511924],[4831209.694294487,2795062.381402941],[4831349.256597329,2795112.09465732],[4831441.6748989895,2794951.3888193676],[4831531.459817405,2794952.0077708997],[4831464.025933022,2795141.990009743],[4831661.487309726,2795168.216242202],[4831715.824849987,2795337.214163747],[4831691.100444759,2795456.6807945883],[4831571.990179683,2795460.7085921112],[4831577.389439275,2795639.211588897],[4831730.306147283,2795708.125431107],[4831735.372885723,2795809.7858210756],[4831846.289411277,2795794.403228513],[4831739.848260246,2795929.298798296],[4831874.886665021,2795944.9835372684],[4831845.193206949,2796053.111181826],[4832021.567944848,2795992.769064721],[4832070.037802901,2796227.9826493384],[4832234.407357293,2796252.0860497486],[4832399.761233838,2796559.6209789785],[4832399.892310079,2796845.367444025],[4832522.471995953,2796859.3974427935],[4832493.419961677,2796700.0552582415],[4832552.882112591,2796686.2067692317],[4832668.829100887,2797022.825233821],[4832860.881204232,2796840.766662179],[4833054.63995633,2796862.041794105],[4833044.523075468,2796733.7243240033],[4833167.934498502,2796751.0328595834],[4833145.538607361,2796646.1202394874],[4833326.074884789,2796627.267260971],[4833487.297970696,2796860.740952803],[4833568.7184668705,2796888.8569713556],[4833622.471407049,2796813.6702149063],[4833737.562915855,2797048.2044210117],[4833729.004792434,2797257.9716416243],[4833836.1586241005,2797390.8060890925],[4834147.044042133,2797330.339712808],[4834310.349689433,2797208.7573558036],[4834322.780950755,2797402.733571283],[4834419.631660323,2797380.96436863],[4834524.040703875,2797248.556030873],[4834500.707957249,2797148.9273591232],[4834584.103384972,2797107.338978156],[4835060.131886634,2797067.7248015786],[4835963.974456764,2796735.317024147],[4836060.425961104,2796602.5992024015],[4836029.870116624,2796514.974452573],[4836168.533658291,2796446.0912289703],[4836178.326256526,2796298.6588056027],[4835886.45749864,2795586.2943274765],[4836283.954906352,2794976.240277608],[4836896.59818064,2794991.4026577147],[4837090.03204654,2794824.4366961834],[4837355.2597787045,2794782.2573784147],[4837567.455531362,2794833.425237488],[4838219.837736311,2794708.6994063873],[4838507.373917833,2794781.567268364],[4839447.087808115,2794414.775562181],[4839466.1943224035,2794323.4029247127],[4839632.83428418,2794247.117175426],[4840021.1689054975,2794228.263152369],[4840236.54959824,2794100.6617139084],[4840546.577247976,2793625.0302675175],[4840471.4535437,2793515.7257659575],[4840363.202623605,2793589.1503041647],[4840353.062119874,2793715.195351156],[4840301.255777894,2793688.683403254],[4840137.930296798,2793132.006049854],[4840133.460435565,2792878.645173438],[4840273.955080088,2792679.055267438],[4840200.463133417,2792587.96886857],[4840429.000575846,2792665.720783481],[4840549.458113135,2792321.2582318764],[4840641.783874848,2792337.101937075],[4840616.894448721,2792452.0044312403],[4840986.688257289,2792355.210995241],[4841463.909527956,2793015.633291594],[4841989.719014162,2795670.9796113353],[4842208.505841704,2796201.9178394345],[4842798.59862458,2797116.519600184],[4843258.06911774,2798219.5848857863],[4842640.350540601,2798747.3757452294],[4840932.474135412,2799686.091377357],[4840141.174221751,2800267.280575085],[4839695.8203580445,2800240.298711712],[4839450.843246553,2800329.6762789893],[4839586.4687638255,2800829.0649619764],[4839863.869962207,2801416.287945817],[4839904.800449584,2801459.289489385],[4840109.75612856,2801230.8943402213],[4840359.143043271,2801352.5561357215],[4840584.915676395,2801668.0785761448],[4840543.999897025,2802200.263771237],[4841183.425902921,2801940.2807721165],[4841467.880738351,2801969.727350373],[4841749.386628069,2801339.9778963025],[4842075.992114842,2800860.764714226],[4842589.728988949,2801498.15512052],[4843172.890885031,2801734.2258717045],[4843517.826498534,2801351.122673464],[4843867.966804782,2801180.9882286545],[4843833.233779755,2801122.384503919],[4842921.273869627,2800592.3090294157],[4842393.335044737,2800430.6202196046],[4841999.962860493,2800178.106206574],[4844567.543411339,2799501.939690327],[4844614.300355436,2800111.507220878],[4844747.0163036585,2800573.112411611],[4844788.755444154,2801446.8368362556],[4844946.875503786,2801681.345734],[4846363.86414487,2802505.44486646],[4846196.652641184,2802874.927918695],[4846490.359011906,2803510.7992149508],[4846167.801999102,2803793.3869690658],[4846110.779987704,2803974.361307504],[4846530.718448724,2804057.1430428973],[4846589.007484609,2804128.8686179817],[4846636.743773202,2804094.2428762764],[4846552.816917019,2804012.383641921],[4846160.67568836,2803952.464149818],[4846205.6971688755,2803827.766684455],[4846619.707376028,2803500.7266168245],[4846683.416267859,2803285.473845965],[4846999.818545344,2803142.7837748183],[4847328.602525583,2803222.9042324442],[4847097.561862583,2802650.6878671614],[4847550.3468927685,2802441.3100561923],[4847475.679010359,2802194.4585806634],[4847865.578300742,2801915.8988063987],[4848648.402312754,2801622.598939653],[4848343.277451751,2801210.757239916],[4848779.173308392,2800686.6703024013],[4848607.047421735,2800523.595811021],[4848454.433014118,2800675.4517234582],[4847449.697132044,2799899.9112711158],[4847387.791743765,2799674.7701492105],[4847513.175152813,2799567.346724329],[4847317.300129957,2799386.7034694534],[4847860.032949176,2799129.9485298493],[4847462.581255953,2798236.9552917792],[4848578.620359155,2797744.4707515906],[4847534.310006881,2796592.9113624515],[4847397.586531242,2796639.015487567],[4847324.720034033,2796527.883617351],[4847723.064383022,2796323.1019953624],[4848523.690082656,2796116.6895744456],[4848857.078203801,2795574.329592474],[4847968.920710319,2794454.030693949],[4848003.266033365,2794357.5215234705],[4847521.052163932,2793875.7072261325],[4848840.106856862,2793181.632186082],[4849248.274715109,2792817.4867425403],[4850627.9245731095,2794184.1812986024],[4851189.003815649,2793920.136958336],[4851952.0876183985,2793182.0795191154],[4852224.211001599,2793421.2265811684],[4852405.091934406,2793377.169916255],[4852650.451090912,2793456.2309494372],[4853125.8952144515,2793135.161278238],[4853258.907911385,2793202.6025633942],[4853691.592626433,2792615.7772069336],[4854641.448061102,2791786.2495146636],[4854404.564660619,2791424.6769353934],[4853746.82028956,2790961.655421358],[4852864.848314497,2790186.0878910064],[4852906.378454827,2790102.9687665123],[4852647.795361274,2789780.991308126],[4851776.195232472,2789022.2735364297],[4851323.0795408385,2788387.443531347],[4850161.257631181,2787336.5696888757],[4850295.408092578,2787150.9266799735],[4850522.65483255,2787018.5257263244],[4850899.45909959,2786907.4373952835],[4851187.446817527,2786681.439785824],[4851339.062855506,2786748.092476465],[4851473.646830833,2786704.5670474237],[4851906.525427396,2786399.2635357343],[4851447.296049747,2785605.7599754576],[4851337.340855291,2785052.530976251],[4851008.562372688,2784536.1618810557],[4850879.70635368,2784173.992777974],[4850259.508618351,2783309.7642069603],[4851094.344748205,2783040.545101933],[4851935.952800047,2782655.0776776182],[4851367.53068875,2780693.810643506],[4850954.86173021,2780190.2248486644],[4851020.534152907,2780097.1975048603],[4850936.280057981,2779993.9451121897],[4851590.625689786,2779464.962709047],[4850434.680022456,2776581.0624875776],[4850021.8205382675,2776519.3934307266],[4849790.297258325,2776826.608581192],[4848735.568756553,2776310.778637615],[4847766.7174151465,2776026.4046305707],[4847821.0197659265,2775827.853501177],[4847115.42069029,2775384.019805494],[4846905.81562496,2775488.6951509546],[4845453.147254813,2775397.547842528],[4845012.05822156,2774292.080661721],[4848297.013253805,2772347.6421330017],[4848009.120473006,2771740.326739191],[4848242.591647387,2771566.974737455],[4848081.7993437,2771245.4147196617],[4849143.4882067945,2770737.4840768753],[4849104.966056102,2770414.670625727],[4850315.604822311,2769222.173157545],[4850295.076249761,2769151.125318422],[4850100.030660737,2769123.5216094023],[4848868.78428907,2767833.755466316],[4848725.499274264,2767457.092798239],[4849329.50882641,2766661.136118602],[4849608.664703013,2765764.785507434],[4849836.800318885,2765771.281153378],[4850184.80732335,2764643.9684017906],[4850124.276320256,2764455.2478979933],[4850383.724738772,2763551.9938276736],[4850494.166427393,2763526.3691811305],[4850648.561000416,2762721.4548098403],[4850836.421387006,2760318.71897688],[4851167.8831175035,2759808.8888984527],[4852730.8388033565,2758292.0128822],[4852720.416022291,2758212.5966256815],[4848815.5842214,2757400.8152229046],[4844138.610547609,2755853.3208550606],[4839434.667011931,2754651.4334562933],[4836617.849974287,2754459.6429392267],[4836284.722632597,2754671.6928833215],[4835767.024457126,2758076.476141475],[4835694.922276644,2758085.0029909015],[4834960.959644045,2756860.630589539],[4833800.72054523,2756031.726950691],[4833465.034133223,2754565.0222625555],[4833445.277995683,2754171.068779202],[4833201.279678646,2753523.3136788146],[4827245.523205114,2752822.5425721407],[4824749.591466886,2757220.051204391],[4824581.178972881,2758602.786110068],[4820884.567980288,2758829.5173617518],[4819892.548360652,2759046.1669483674],[4819842.923862157,2758877.9233346945],[4819712.330708573,2758860.608803825],[4818393.135073596,2759502.7657319847],[4818284.36726042,2759661.8515933477],[4818225.181896886,2760199.905486672],[4817917.805598089,2760514.5601733625],[4817887.481378685,2760637.596111871],[4817493.911635937,2760385.1738317045],[4817283.628632328,2760346.5612809993],[4816870.010369895,2760393.3874211726],[4816494.0131254895,2760581.1151096444],[4816050.496158113,2760619.816006315],[4815308.708402146,2760079.2898306325],[4814817.500805374,2760357.33496611],[4814529.798291922,2759939.095969757],[4812948.158889466,2759363.378037896],[4811579.294759089,2759235.149549591],[4811592.610652838,2759018.1363065275],[4811490.862468097,2758978.1243447517],[4811672.463339543,2758679.499207916],[4811580.951185484,2758566.686350288],[4811737.858892188,2758349.43495735],[4811439.605077238,2758086.7213925673],[4811272.896009037,2758186.9226416196],[4810946.876261775,2757917.560542649],[4811042.812260541,2757754.3994215634],[4810897.832020483,2757558.8247034247],[4811890.192764627,2756493.6786806844],[4812188.532278473,2756072.315447544],[4811749.511653667,2755543.7526671304],[4811474.450670877,2755043.6015276606],[4811533.395544259,2754951.812796861],[4811398.816298438,2754796.736532249],[4811023.102975413,2754710.7839770503],[4810925.050238621,2754606.52087576],[4810422.868921761,2754534.916797402],[4809900.906561514,2754666.305166899],[4809680.74766903,2754091.4913551565],[4809459.258639301,2754139.0557082463],[4809368.478697364,2754037.7709280346],[4809257.1020050645,2754044.130666565],[4809152.739263907,2753886.2496955656],[4808756.337299227,2753626.168051457],[4808428.261875505,2753726.632575794],[4808023.712020541,2753029.6633757665],[4807536.027826561,2752901.585447002],[4807388.640578089,2752640.93478597],[4807530.2863833895,2752363.5046685594],[4807421.640991,2752173.62294416],[4807125.9810818685,2752001.9224544107],[4806800.632078648,2751983.3990100306],[4806831.24406252,2751204.531447045],[4806762.407466469,2750968.048049977],[4806593.724884139,2750961.6219271445],[4806447.305671955,2751060.590584685],[4806394.818494074,2750932.4899158156],[4806111.127780642,2750861.3671653806],[4806007.428175236,2750994.63575236],[4805745.000875244,2751045.656943944],[4805569.763756908,2751205.0518855117],[4805009.181988328,2752547.8310775924],[4804613.302791773,2752479.2649009405],[4804664.231243417,2751985.802225115],[4804561.554495596,2751744.6753551555],[4804597.309055214,2751338.3674222245],[4804418.03357053,2750368.3028528085],[4804506.563971287,2749999.601506813],[4803914.8515068535,2749502.8512343494],[4803093.087973559,2749049.4761335626],[4802973.371076777,2748889.211280971],[4803206.766623478,2748637.6910715536],[4803455.166237107,2748485.841684643],[4803847.633842011,2748419.6470920006],[4804371.962423556,2748113.5474815792],[4805248.823454648,2748080.8451908077],[4805541.324298701,2747872.3884026534],[4805927.266307389,2747849.7820835817],[4806121.956821986,2747666.5872882186],[4806789.162256465,2747740.9230461963],[4807056.516297363,2747626.67609106],[4807448.646909299,2747619.281513448],[4807687.826430756,2747402.7188644884],[4807752.822805818,2747153.153843577],[4808086.469439089,2746766.156556923],[4808239.93973776,2746748.212830864],[4808467.366302865,2746857.0135279307],[4808809.7683503255,2746565.9186588693],[4809210.082590091,2746680.9246895746],[4809500.622842591,2746540.9445335064],[4809545.355989036,2746697.9982094546],[4809955.41915171,2747193.3523891903],[4809919.226858235,2747395.4113798784],[4810063.4228525665,2747431.073185424],[4810749.968725152,2747009.740027319],[4811188.069224257,2747007.3869318436],[4811725.11455222,2746689.887176838],[4811929.88705016,2746667.7301172614],[4812029.9002649365,2746547.7055054596],[4812768.445613586,2746261.3880539564],[4812990.3000924075,2746129.27333992],[4813167.767303842,2745883.930483202],[4813677.453566421,2745609.2635166747],[4813854.70184959,2745389.3730811006],[4814272.449080373,2745265.5473720892],[4814661.79418307,2744906.790780412],[4815842.146680509,2744754.255279139],[4816204.403097743,2744823.778984811],[4816986.966429722,2745252.1511108894],[4817650.578838942,2745477.352897504],[4818029.035718323,2745867.9060430056],[4818848.811608962,2746207.2080820953],[4819279.989182501,2746205.6068850644],[4820590.320068471,2745778.003197703],[4821019.132688832,2744923.4239622527],[4821333.644450035,2743959.9933121386],[4821752.219870916,2743938.5407477827],[4822190.980455724,2744067.2215324836],[4822372.059579278,2743896.8244884186],[4822210.241345237,2743588.5346551207],[4822213.545752542,2743380.8105678344],[4821965.713704296,2743089.395674925],[4821952.18192533,2742893.41144765],[4822220.8323085,2742529.124621419],[4822735.558295581,2741428.528839618],[4822776.10984492,2741004.0386542743],[4822694.935522491,2740731.6109743863],[4822520.617097056,2740544.6754137566],[4822538.881444005,2740124.081646779],[4822279.062181098,2739893.9414051627],[4821977.340477025,2739778.985695751],[4822096.577004922,2739571.328070997],[4822378.842740198,2739414.944393863],[4822444.59555596,2739192.488037815],[4822700.53809334,2738921.4972098996],[4823085.637935329,2739102.1355541334],[4823563.720977454,2739175.68755501],[4823970.205830528,2739000.6571037695],[4824166.841702286,2738806.78297309],[4824124.721843716,2738539.9992252868],[4824794.282074235,2737548.535123599],[4824972.672312381,2737629.0328145176],[4825243.425072115,2737583.863231815],[4825406.622891566,2737234.7531080837],[4825792.867201901,2737341.248566494],[4826058.326579649,2736964.514147531],[4825948.38776693,2736700.9753471497],[4825770.431698774,2736623.8909685826],[4825326.789077265,2736127.3240484153],[4825548.692702713,2735400.1788265496],[4825589.526999922,2734993.094848288],[4824889.036542982,2734395.088813037],[4824861.318144694,2734087.650443767],[4824530.667091815,2733497.40560834],[4823815.250817266,2733058.4907082138],[4823527.425676896,2732965.8241539914],[4822998.211361701,2732576.0412839493],[4822459.6862585945,2733127.341145582],[4822179.236129334,2732845.522636848],[4821953.747453146,2732261.173309545],[4821838.201792031,2732138.3005800713],[4822735.156853507,2730362.538082049],[4822840.373625574,2730219.358267947],[4823023.968524607,2730202.5440879217],[4823211.376291087,2729963.3918247595],[4823441.044324875,2729407.126738863],[4822916.62651485,2728443.408802362],[4822839.63916654,2728171.5234905253],[4822898.162461909,2728045.4968663505],[4822769.76663275,2727932.8029618403],[4822980.380769007,2727254.7281993506],[4822638.386459071,2726973.524713474],[4822086.461377912,2726694.5956979883],[4822265.2484000735,2726440.214098819],[4821861.1012032265,2726121.801156964],[4821440.110410655,2725963.9374640374],[4821117.865743501,2725965.1578857214],[4820512.889663936,2725505.1008901605],[4820332.038745491,2724988.906363239],[4820200.871899409,2724846.7918842477],[4820083.0178500945,2724199.2030693153],[4819840.7761817025,2724180.4274304966],[4819740.266383786,2724328.52787194],[4819563.73989814,2724066.267995824],[4819433.805957286,2724068.1744705844],[4819361.432762993,2724189.1547596455],[4819246.821323028,2723982.44847979],[4819038.600332737,2723892.6444194666],[4819070.037116618,2723694.8113004845],[4818876.446968613,2723500.6385636413],[4818630.450487617,2723438.1100233793],[4818576.669911576,2723327.3002546346],[4818407.782603563,2723254.3487492325],[4818387.684552477,2723142.5802275655],[4818134.188373973,2723052.007661393],[4817911.2167364955,2723119.2414323813],[4817723.896291886,2723079.4303130815],[4817727.209683172,2723020.2513463516],[4818005.349393144,2723018.0357453655],[4817994.218197691,2722895.9025641163],[4817812.6419850765,2722872.063343929],[4817814.390113318,2722720.013560068],[4817663.279534676,2722651.3634507894],[4817417.282147706,2722744.978714788],[4817234.2812661305,2722663.2632864453],[4817142.110646984,2722551.665076706],[4817385.132378299,2722474.673583079],[4817396.555038174,2722296.3613753505],[4817251.832048508,2722095.0919700926],[4816870.710736155,2721865.397316158],[4817073.076768611,2721602.822261967],[4816965.256388353,2721200.79993987],[4816804.639699296,2721113.486085013],[4816231.686087113,2721075.9771725815],[4815713.701701678,2721145.891431817],[4815303.780077997,2721053.662533545],[4815093.123342241,2720922.622107958],[4814715.954884036,2720904.300802726],[4814190.395188866,2721351.2365978854],[4813887.41609947,2721221.1998077426],[4813511.431070901,2721314.0975457076],[4813241.553542265,2721110.5760522196],[4813063.325633074,2721290.757561045],[4812505.36252623,2721227.0696605076],[4812307.611741174,2720659.637722177],[4811974.560795019,2720698.155475566],[4811887.459673914,2720626.59395447],[4811924.975941784,2720413.4623900107],[4812125.736740769,2720139.586174741],[4812117.162400804,2719679.7757304977],[4811584.238559445,2719246.338560415],[4811452.54387176,2719016.791049134],[4811146.896271871,2718739.620956977],[4811089.204590309,2718782.5559159154],[4811020.098989835,2719549.88995974],[4810931.1362723755,2719503.71301799],[4810853.79508318,2719288.5861994196],[4810640.219432685,2719344.9403782464],[4810497.806123027,2719291.7006001207],[4810398.679512348,2719331.6047366457],[4810342.054477446,2719710.733950861],[4810149.277086775,2719565.32204773],[4810054.647983222,2719664.4559122883],[4810106.342713153,2719776.9661769546],[4810023.868366575,2719836.313644331],[4810025.86802493,2719969.3052768153],[4810100.243025832,2720191.189989843],[4810441.883702668,2720578.4992996436],[4810239.957412137,2720581.1492680823],[4810232.645823379,2720732.3783743377],[4810041.994662766,2720869.0059852493],[4809286.756501311,2720804.9146934585],[4808615.229525199,2721015.927159074],[4808466.573275954,2721138.5831865952],[4808238.064833447,2721089.6399117503],[4808026.948554904,2721144.2689396637],[4807727.539149995,2720884.5617288137],[4807430.760174,2720770.5119452085],[4807175.328028479,2720419.066623397],[4807278.280076705,2719816.376383227],[4807692.264932154,2718943.317595145],[4808090.617351694,2718510.6610069224],[4808095.817913629,2718333.493633697],[4808281.928891871,2718128.1594305285],[4808566.937360797,2718028.8898137184],[4808594.284253711,2717938.9403373217],[4808481.598497413,2717854.5940996255],[4808103.686628115,2717881.0617399635],[4807884.073419717,2717448.5925981803],[4807896.950504179,2717227.8530213274],[4808346.110632603,2716679.765357951],[4808415.931631846,2716112.8739104904],[4808282.925018164,2715694.6686146804],[4808036.491977741,2715371.8657463393],[4808154.519820677,2714936.0873175114],[4807689.42467251,2714921.1639285395],[4807467.601801177,2714750.917119285],[4807020.517600728,2714622.783373885],[4806811.4963794565,2714391.8334636576],[4807658.738621081,2713763.5650167507],[4808001.214396176,2713029.5540251685],[4808144.760641795,2712958.963800258],[4808593.530091193,2713063.251193472],[4808744.394398151,2713026.4984369334],[4809137.234116544,2712726.217571258],[4809292.2310484,2712486.2363997363],[4809318.195503222,2712367.1198900933],[4809218.649822622,2712169.342335871],[4809673.555444095,2711555.4939841977],[4809790.139839869,2710831.3491476374],[4810265.602565132,2710155.496618953],[4810674.618669702,2708997.6075200215],[4810931.01263157,2708597.7327122777],[4811052.20088584,2708043.6108178827],[4811012.891736274,2707889.423576163],[4811193.965486897,2707459.5042371526],[4811483.617955025,2707105.689355914],[4811625.733381383,2706696.2428509374],[4811507.728947349,2706520.126972655],[4811240.448303944,2706346.725825686],[4810938.65868571,2706339.5976891615],[4810839.382408526,2705733.9241114566],[4810999.82207721,2704748.1410110495],[4811124.523508907,2704653.9344542692],[4810352.338439352,2703728.170563603],[4810233.864478733,2703476.206406177],[4809713.61231046,2703758.720164835],[4809275.172816322,2703472.0719086197],[4808729.617841008,2703393.1660770127],[4808881.751818538,2703136.824292944],[4808848.896091374,2703077.337687038],[4808343.02549388,2703076.6046669334],[4807572.661821182,2703229.5027269237],[4807523.582312371,2703034.2536161714],[4808371.067983308,2702900.305357799],[4808591.246612823,2701222.57983333],[4808483.695048976,2701174.0514560444],[4808499.4811952915,2700826.667283522],[4808284.10666411,2700752.447677711],[4808316.3209741125,2700075.568285329],[4808240.513157592,2699964.0638737204],[4808480.932384072,2699449.3943510563],[4808180.822955739,2699169.4846663824],[4808346.75800598,2698539.243330365],[4807703.386891378,2698477.7541552363],[4807323.739148228,2698174.445648088],[4807175.200121268,2698195.889261354],[4807101.40808647,2698462.745410089],[4807009.094203964,2698500.7175935307],[4806909.269484763,2697946.017942484],[4807308.698301993,2697061.429819876],[4807206.454302903,2696797.976613496],[4807991.26954783,2695761.9403272243],[4808865.899444192,2695889.916586005],[4809563.754931861,2696301.384776922],[4809628.397927867,2696235.808493115],[4809847.495891504,2696291.869499328],[4809936.08353531,2696205.384897608],[4809846.0182261625,2696044.2910614563],[4809906.615669248,2695780.964175411],[4810212.129828971,2695082.903662054],[4810373.367810152,2695027.996532438],[4810834.763630764,2694125.2177474145],[4810567.898696454,2693938.790825153],[4810605.400225827,2693617.6411228324],[4810749.168228192,2693361.4808942215],[4810592.624559268,2693259.648585289],[4810636.375535596,2693064.714188268],[4810462.869061115,2692947.7944756127],[4810441.551640857,2692815.3677677354],[4810076.991380949,2692828.693840636],[4810032.484165731,2692380.011264862],[4809839.1627954105,2692192.009082905],[4809965.354299576,2691532.7713204054],[4810149.146078001,2691531.504792706],[4810297.383775567,2691238.822979479],[4810609.844814755,2691344.9095225283],[4810680.697650358,2691230.4430595245],[4811374.430564604,2691385.529479081],[4812927.073662762,2692195.726435963],[4814941.707575963,2692421.85600479],[4815216.030615467,2692032.7931228317],[4815500.258254719,2691407.826940405],[4815794.555470206,2691119.499673112],[4815991.234676044,2691145.5833673244],[4816132.347831743,2690017.9062816957],[4815074.08308286,2689589.948268866],[4813946.445962449,2689358.9582360643],[4814115.764270136,2687900.4150260095],[4812808.0260864785,2687618.6451459504],[4812985.209243033,2686958.5760010774],[4812405.752062674,2686760.4408390587],[4812174.8804855235,2687130.934063374],[4812020.444233889,2686840.5051384894],[4812087.006107318,2686651.3564209137],[4811522.77540487,2686421.6827402366],[4811666.031028935,2686096.5182072073],[4811474.646484284,2685982.461235328],[4811710.18488276,2685617.905512721],[4811711.612022605,2685452.93343944],[4811851.361824281,2685495.0404786062],[4811934.403340018,2685274.326152315],[4812058.250916214,2685204.274227992],[4812204.08010302,2685237.371778027],[4812393.320961814,2685027.173874918],[4812370.281725712,2684590.530612046],[4812231.322275294,2684479.336995121],[4812170.736156269,2684189.9647672414],[4812348.97455958,2683767.104753674],[4813043.483908602,2683965.5484338407],[4813151.501018999,2683856.828265994],[4813133.035423051,2683673.613397518],[4813235.566075254,2683611.2139795492],[4813268.708144437,2683442.0614342736],[4813386.549107738,2683469.7607336678],[4813457.767008025,2683335.264673252],[4813710.804123742,2683523.8277340056],[4814090.704575618,2683555.848842155],[4815216.773296253,2683179.5365649923],[4816070.239743336,2682711.7030400266],[4816138.909215505,2682070.152982071],[4815127.573598388,2681215.265003578],[4814678.153093827,2681300.03568156],[4814446.389962336,2681030.4563686014],[4814214.6121465815,2681084.154958669],[4813570.809619069,2680797.309369106],[4813423.452025933,2680776.165689298],[4813375.893991376,2680860.921149393],[4812813.127468457,2680705.550229792],[4812301.928347452,2680260.705018205],[4811564.920115947,2680144.5235908674],[4811389.272274223,2679847.979831949],[4810938.399638574,2679773.825733606],[4810537.434474969,2679591.989518957],[4810258.484887813,2679327.8378315824],[4810552.214726975,2679172.4003893193],[4810214.783281746,2678624.9258730146],[4810894.77401318,2677968.1858987412],[4811654.36050739,2678878.089730761],[4812029.254396754,2679098.7861396708],[4812137.608035935,2678954.4250807753],[4812235.02659235,2678994.868736436],[4812579.71071656,2678699.404623459],[4812698.871802955,2678725.584431362],[4812950.0140030375,2678621.1031765263],[4813197.929607078,2678011.280013916],[4813538.494033959,2678149.5755005702],[4813696.066693312,2677837.571104127],[4813697.978037178,2677641.8240561266],[4813916.732160536,2677501.246445409],[4813955.6707450515,2677350.0593150747],[4814089.758352219,2677301.9188747206],[4814185.379409915,2677104.322568992],[4814316.484471677,2677069.770706575],[4814431.5745984465,2676851.4487072374],[4814726.004580239,2676866.281143509],[4815343.0844497625,2676570.9955290225],[4815702.223148309,2676233.9627541946],[4815991.308414016,2676238.5079226135],[4816012.8442613,2675942.4019761127],[4815823.084088931,2675787.779583739],[4815670.395006018,2675846.0870425664],[4815481.467511635,2675749.513265513],[4815278.744483738,2675821.73047709],[4815217.161314977,2675623.783794567],[4814867.48874769,2675458.702448457],[4814586.893678011,2675519.116622028],[4814545.3435942605,2675625.873816796],[4814346.030900568,2675614.703310516],[4814253.742971608,2675501.3873408046],[4814288.22442013,2675347.099423497],[4814166.97479696,2675309.251246205],[4814093.40628673,2675083.245613639],[4813781.18906326,2674906.8527595485],[4813677.244036417,2674990.0963145853],[4813556.866758505,2674854.213859982],[4812894.246977296,2675226.0594531526],[4812814.096791095,2675166.879462024],[4812557.0265444005,2675254.7645883216],[4812533.341100006,2675144.2408950026],[4812424.686925591,2675185.0733480854],[4812312.7590943575,2675118.08232297],[4812125.918859553,2675289.9185542483],[4812109.370492004,2675432.5266658254],[4811864.998712809,2675542.8487227173],[4811723.485329861,2675512.3882350745],[4811516.179208986,2675721.7431674916],[4811249.892809946,2675766.653656789],[4811003.341614965,2675640.126732493],[4811101.295297117,2675298.183489681],[4811027.153943366,2674574.5574801182],[4810213.4442241695,2674514.5391302495],[4810001.851986754,2674415.298276162],[4809567.545924688,2674443.586115816],[4808986.836057349,2674746.5505689606],[4808725.365003735,2675295.111308275],[4808396.350632591,2675614.8211039472],[4808279.463469976,2675529.600020336],[4807775.611273068,2675509.562035231],[4807459.355133915,2675383.7671897523],[4807403.395556721,2675431.816546043],[4806971.254664451,2675341.6974852914],[4806235.7144980775,2674774.750337405],[4806094.549677,2674813.099194819],[4805957.313082757,2674745.0756434826],[4805707.1741004875,2674874.2089777933],[4805432.91445549,2674659.971210482],[4804957.05328484,2675295.7809568117],[4804915.76475013,2675498.8022674043],[4804705.371160451,2675590.9906136664],[4804360.711286053,2675367.031823376],[4803872.780735295,2675606.643659356],[4803602.906808409,2675834.5303992787],[4803246.27990712,2675128.405228829],[4803372.748540603,2674943.0491586505],[4803224.059023395,2674589.995183197],[4803313.737397376,2674497.164430846],[4803265.566463155,2674306.287750038],[4803094.9582403265,2674209.4504359644],[4801593.808284484,2674792.0266717095],[4800730.546441949,2674344.2184988353],[4800073.732874096,2674206.8044549786],[4799732.912249923,2674545.7829626156],[4799732.304197948,2675328.132017343],[4799371.78558394,2675716.8634855337],[4799235.207911666,2675741.3490464576],[4799173.9598258855,2675859.1320139915],[4799047.814333907,2675848.4336992824],[4798848.99414138,2675508.011871279],[4798601.39541056,2674756.7554985518],[4798585.228666082,2674228.3043107027],[4798719.888600408,2674016.711022244],[4798532.39908743,2673158.6930328216],[4798323.0495022,2672880.097292147],[4798262.401543612,2672493.3038917542],[4798531.672952805,2670818.974685736],[4798496.035620651,2670093.8297902048],[4797929.959445789,2669867.2980413665],[4797426.104785493,2670096.2931126393],[4796850.083052845,2670103.4174870783],[4796447.702595991,2669755.188940413],[4796018.859865472,2669166.0552571276],[4796398.14198928,2668442.769989508],[4796242.792131614,2668401.9419316724],[4796302.09573366,2668130.8991543166],[4796156.139435971,2668036.931109633],[4795741.983139452,2668120.962223185],[4795638.882076407,2667954.122529896],[4795432.534197413,2667866.075347604],[4795351.087370576,2667507.9970578398],[4795036.989262379,2667598.3880950585],[4795090.528941654,2667423.315807447],[4794959.80327614,2667414.3870923263],[4794892.263406379,2667278.9963092506],[4794713.413318126,2667251.7108755996],[4794668.421898286,2667174.2054791646],[4794588.938991064,2666731.8223134773],[4794183.883230038,2666772.3648809628],[4794187.63977428,2667148.240972782],[4794086.388895582,2667077.264528212],[4793697.944779106,2667211.8446905175],[4793436.676970829,2667001.644797333],[4793292.258240189,2667144.2777143274],[4793253.549456016,2667385.568062824],[4792871.523033271,2667282.44633166],[4792715.857488422,2666973.167434489],[4792590.478277826,2666958.380055761],[4792461.103208984,2666612.1410832554],[4792423.648800761,2666125.659625736],[4792264.758022832,2665872.7297133915],[4792131.932493019,2665075.6942128013],[4791879.880430038,2664623.3900779486],[4791673.429965829,2663942.1887160363],[4791614.362385538,2663262.7280874187],[4791331.778519354,2663094.8619580576],[4791233.6740557235,2663147.3714034716],[4791063.611558087,2662909.136830882],[4790823.118639137,2662894.2660567174],[4790717.822234282,2662797.6857733717],[4790389.975920113,2662926.2292193933],[4790364.126678877,2662689.419785257],[4790151.932251192,2662469.3020914933],[4790132.808427612,2662108.4169130865],[4789772.797674771,2661959.2632699427],[4789814.643734471,2661666.8666898417],[4789434.145515366,2661558.7461689035],[4789436.328297406,2661260.9112444026],[4789218.576739974,2660777.3673349167],[4788977.737864559,2660624.791248878],[4788742.384121664,2660641.590599196],[4788623.478711464,2660059.402608085],[4788450.720519708,2659822.1229588636],[4788364.464905329,2659523.478719452],[4787787.761481598,2659213.3195939506],[4787710.331455341,2659050.5735159395],[4787477.7115065055,2659091.145295752],[4786975.233695368,2658681.8658023523],[4786713.191348145,2658637.0215072883],[4786481.6825500205,2658222.933551054],[4786079.450200129,2657918.172026804],[4785929.967749053,2657625.2814814677],[4785783.2051916765,2657652.1843712265],[4785599.537823067,2658024.5332136857],[4785338.3139086375,2658035.9657955114],[4785230.41446355,2657945.678657803],[4785099.243311598,2657466.199204206],[4784820.522382464,2657075.6974174343],[4784672.096188993,2657028.1217629],[4784496.699711169,2656661.4709153883],[4783889.082325893,2656640.963656594],[4783784.129635496,2656408.294082853],[4783513.8786687115,2656263.933466089],[4783556.4100447465,2655859.6913447618],[4783235.14447371,2655435.67326566],[4783021.122481797,2654964.836859279],[4782709.545955959,2655124.611341401],[4782456.750314615,2654758.606751578],[4782201.0154433865,2654936.384546888],[4781961.297477912,2654932.6728671263],[4781826.687992087,2655096.56947071],[4781713.403350062,2655007.994984238],[4781653.395643031,2654580.11019218],[4781314.213752849,2654400.499373868],[4781324.16329648,2654327.9690007432],[4781075.543743291,2654137.5875767483],[4780991.816545552,2654420.706061776],[4781085.3131772885,2654501.384531731],[4780673.364434023,2655008.6513672415],[4780428.049320133,2654891.470304412],[4780368.385934809,2654759.363993379],[4780165.709453861,2654673.1378001543],[4779997.015652164,2654460.439219906],[4779646.510762109,2654389.2441701507],[4779463.011921025,2654209.1513351565],[4779231.895801055,2653761.2686802987],[4778705.840611708,2653823.410531521],[4778360.799288875,2654165.3609615043],[4778206.312712483,2654142.107953227],[4777979.489470699,2653925.8235626225],[4777853.802760151,2653667.6248848317],[4777895.41349053,2653552.6116956854],[4777749.0790017815,2653411.6618766547],[4777638.022351487,2654752.5550842485],[4778692.7702573305,2654850.8695759363],[4778960.7061520135,2655414.9549139785],[4778742.578780377,2655516.828299759],[4778554.454324782,2655795.4788767137],[4779024.322860871,2656835.1753445496],[4779038.523533507,2657884.14063997],[4778913.525028746,2658342.8202878614],[4778952.734703054,2658977.8430153816],[4779148.46485031,2659711.257179841],[4779210.779478925,2659818.8161413213],[4779449.143103463,2659849.6634870567],[4779815.372842391,2660113.021643359],[4779941.270777332,2660342.301979511],[4780458.809851152,2660831.9638295076],[4780798.904196876,2660869.0281456043],[4780772.928540445,2662001.012946204],[4780863.623009637,2662186.90293735],[4781347.313460041,2662530.219086769],[4781495.690602607,2662862.374338717],[4781853.844397338,2662722.9316725964],[4782087.999028854,2662963.0710685086],[4782391.437206424,2663069.283154658],[4782560.192911591,2663263.3908014186],[4782620.208539021,2663546.088257128],[4782513.825514252,2664004.031362685],[4782588.68225416,2664580.5278561166],[4782955.388528301,2665340.238944995],[4782915.747225268,2665588.927840757],[4783048.294292196,2665813.1306510083],[4783261.194794276,2665853.046631721],[4783605.101790117,2665690.7918850677],[4783972.958153667,2665815.8067221045],[4784662.638246054,2665900.5143449917],[4784952.136831096,2665852.3758550338],[4784798.262743993,2666444.919694575],[4784940.753557564,2666555.8288656413],[4784971.648845635,2666708.610015466],[4784829.206793401,2667109.64059111],[4784870.224868979,2667492.159966005],[4784765.958966273,2667757.7426545448],[4784782.448550808,2667975.5350728906],[4784852.283204597,2668244.3631050414],[4785079.796720607,2668377.416778262],[4785133.614482324,2668822.8182711396],[4785389.454296698,2668872.1967124827],[4785418.428363064,2669168.4689603588],[4785745.120598036,2669439.24038682],[4785742.254200917,2669779.450214558],[4785513.458862471,2670082.3109166464],[4785728.739260735,2670210.9276188267],[4785690.291011809,2670400.7620137525],[4785828.636960748,2670584.2264422765],[4785931.609885963,2671000.4328534636],[4786043.071129792,2670906.1712417663],[4786328.137705468,2671052.3841114393],[4786491.067309547,2671799.739889053],[4786427.135983592,2672063.9019268844],[4786469.136086627,2672243.764694708],[4786932.775984701,2672418.9649596578],[4787001.992187431,2672570.8693807013],[4787434.132005901,2672789.700654218],[4787717.163401318,2672711.12007684],[4787817.895864518,2672607.935414002],[4787898.921259789,2672700.203823194],[4788006.639300812,2672668.918488604],[4788140.418021741,2672516.1532188784],[4788374.897839995,2672609.7050409354],[4788863.378303367,2672468.5460795234],[4788956.06597929,2672466.7062580236],[4789020.804579076,2672693.1206624103],[4788902.496234682,2672764.208300908],[4788801.884880184,2672541.1855145986],[4788741.881343068,2672544.337430015],[4788819.911191196,2672607.9588110507],[4788802.453343603,2672768.2173950993],[4788548.694645724,2672637.2786780633],[4788584.528127313,2672777.979945739],[4788479.277677375,2672762.181132028],[4788414.767172735,2672847.4141768087],[4788622.6202131575,2672947.316436525],[4788527.163702649,2673058.182755989],[4788426.209822733,2672967.7291319794],[4788403.327457374,2673042.128090154],[4788539.818207921,2673214.3275397574],[4788277.787651733,2673304.840854375],[4788431.316304034,2673335.635812804],[4788430.960758052,2673516.9341143947],[4788278.5305614015,2673516.229787813],[4788161.921355521,2673360.0678864084],[4788158.24730492,2673163.1068459298],[4788039.809698514,2673162.594883796],[4788097.941900495,2673222.877317724],[4788051.7421901915,2673355.577233217],[4787892.555821157,2673327.0707598026],[4787995.46397163,2673416.1446407894],[4787898.429608002,2673729.19929862],[4787609.518330329,2673659.344325898],[4787705.640776256,2673750.5488489415],[4787681.306295891,2673884.3203243376],[4787346.35924663,2674141.051840378],[4787492.428419814,2674146.0974253793],[4787700.499163355,2674399.31890055],[4787594.711014092,2674490.8369838013],[4787500.522840688,2674437.8388483264],[4787422.23853756,2674581.4657089724],[4787113.24646024,2674564.523202817],[4786974.456381224,2674649.9331587898],[4786914.720659109,2674760.3736842903],[4787072.790801859,2675063.68338629],[4786974.0822303705,2675027.9806375112],[4786863.736025758,2675192.911559978],[4786719.790282922,2675175.2407237496],[4786468.575581005,2675370.974857438],[4786543.661976353,2675507.0904562697],[4786447.901039135,2675505.157282926],[4786467.2976311445,2675759.1061963914],[4786366.635602894,2675698.714701287],[4786308.146159233,2675819.9395484384],[4786167.369220043,2675786.4047404407],[4786042.82234668,2675964.882476645],[4786111.286191321,2676039.4429404656],[4786345.95610384,2675934.6464040065],[4786216.57670068,2676036.973994866],[4786342.54266346,2676122.3844127404],[4786338.956090414,2676293.8860144187],[4786159.437666959,2676191.4929423304],[4786032.328709921,2676463.639525239],[4785881.166722435,2676380.9089170247],[4785562.714824306,2676511.3557323553],[4785639.904566589,2676655.367212407],[4785681.940017221,2676575.9434379367],[4785858.807042136,2676611.613376817],[4785983.938876748,2676504.977492355],[4786086.325740744,2676692.301441125],[4785889.100110316,2676873.551313366],[4785583.937071312,2676784.1538132536],[4785560.28744971,2676871.8627124797],[4785643.925676234,2676901.793233926],[4785517.920888624,2677140.0147535587],[4785823.933169631,2677310.0191081525],[4785635.419083845,2677498.2993336455],[4785663.878553278,2677549.836081962],[4786032.384065699,2677695.4499553833],[4785760.639358475,2677734.7887357445],[4785742.221298819,2677818.7143979548],[4785886.479948122,2677859.8252313533],[4785829.855900895,2677974.202495384],[4785967.864555723,2677910.4644734785],[4785941.783618754,2678228.388180245],[4785779.832095899,2678291.3019973296],[4785730.678584311,2678468.222998945],[4785607.983046563,2678491.4541812926],[4785605.886321156,2678657.4926692727],[4785529.182319993,2678529.9700854956],[4785416.056626242,2678595.2568287994],[4785319.681775364,2678516.687744039],[4785273.131239764,2678634.0845000604],[4785436.326385648,2678650.527917881],[4785377.761695344,2678766.695755696],[4785160.641709473,2678618.418300257],[4784557.627355357,2679901.499768532],[4784091.185341449,2679581.30416781],[4783990.761258436,2679645.327786469],[4783999.013086722,2679794.9978698576],[4784129.344124907,2679840.962167571],[4783942.774161548,2679933.8121958394],[4783920.883497665,2680035.0337025314],[4783810.515369555,2680020.635293207],[4783805.717773421,2680262.741991062],[4783608.640270223,2680521.1472854447],[4783653.373175995,2680611.5154596907],[4783548.650793473,2680695.138584308],[4783590.973567112,2680761.6437291875],[4783362.433120382,2680805.9919973416],[4783471.7605916085,2680864.133445034],[4783416.922455061,2681029.6175135802],[4783249.158438655,2681046.0374667076],[4783062.9217170775,2681278.250334611],[4783134.83271969,2681400.9027989767],[4783274.78429911,2681438.455862792],[4783270.335948157,2681547.011808021],[4783175.026106268,2681459.7819516803],[4783096.562803077,2681562.2794840992],[4783198.07549051,2681870.190158862],[4783089.244063552,2681956.7277755104],[4783209.204047904,2681987.833815869],[4783281.7357565,2682167.707212623],[4783212.615139639,2682352.5315211057],[4782976.417510566,2682581.0765674836],[4782941.715392213,2682763.5016813446],[4783326.943611862,2683120.9730162276],[4783344.083676243,2683316.3939451547],[4783472.983481081,2683479.6523458017],[4783372.437497372,2683569.6326382873],[4783448.553827273,2683686.4484086293],[4783293.908242811,2683760.7847157563],[4783170.054388525,2683973.3724763542],[4783279.270483692,2683967.6633328805],[4783310.081247571,2684045.547962131],[4783195.739586211,2684254.432253884],[4783289.169675964,2684420.507767454],[4783222.33795576,2684564.9678174574],[4783314.30463405,2684640.8106349586],[4783211.926072344,2684667.4693853683],[4783198.9510999145,2684819.125133868],[4783334.023895026,2684856.3365284503],[4783221.996696383,2685171.0274420916],[4783273.349873822,2685225.2070395807],[4783387.745959629,2685161.651398947],[4783461.832762928,2685243.852837038],[4783335.659851821,2685312.6618429003],[4783427.071275894,2685378.005160339],[4783347.468574969,2685499.11990737],[4783369.74809672,2685635.7156619607],[4783912.219524828,2685587.971009532],[4783919.040454274,2685800.363108819],[4784019.353196327,2685872.7505366583],[4784062.578910893,2685769.732250804],[4784126.2669299515,2685826.7044462347],[4784013.533908023,2685889.821351981],[4784086.419192905,2685950.3900719658],[4784066.624674136,2686101.9791860906],[4784180.2414903045,2686107.7284769057],[4784187.928430198,2686221.3644831134],[4784269.374701772,2686141.6438683453],[4784208.672125781,2686317.1942854407],[4784344.337882907,2686335.4560945826],[4784171.491247588,2686539.1247546175],[4784248.5812864015,2686563.681910459],[4784307.1732913535,2687255.2024569847],[4784404.196836748,2687526.430510738],[4784653.166255426,2687804.7713520275],[4784702.780457682,2688007.274462248],[4784565.58544857,2688192.0173318516],[4784557.885684617,2688467.6134563587],[4784665.634543673,2688621.789034914],[4784531.87144617,2688732.1664684108],[4784616.617684637,2688807.288128756],[4784436.160680206,2688844.6961635],[4784475.60310892,2688978.6592895305],[4784578.877441298,2688964.355664591],[4784515.760627961,2689060.7215982564],[4784745.268585361,2689192.4170763907],[4784574.250931033,2689233.13377319],[4784624.601408966,2689398.019830704],[4784505.574987414,2689490.965744241],[4784574.088524216,2689594.6931999004],[4784396.0948485425,2689754.727467156],[4784516.552272873,2689773.0290199597],[4784495.79477789,2689999.804216067],[4784280.911890714,2690162.2635235386],[4784395.015329021,2690315.5506133283],[4784344.599790134,2690414.0800514687],[4784259.265406242,2690378.18045711],[4784254.964234872,2690466.599079467],[4784358.331870061,2690505.7078091376],[4784192.208786224,2690558.371957726],[4784256.553825313,2690600.240622541],[4784196.384380632,2690671.564761226],[4784349.552683675,2691106.4028700013],[4784231.862164906,2691124.045814529],[4784237.996410129,2691284.763414474],[4784106.65123598,2691296.3980062213],[4784163.745080599,2691442.9945648564],[4784049.4074827805,2691499.21359169],[4784147.349115099,2691608.1752089127],[4783961.712982456,2691630.8587419163],[4784010.390814225,2691714.4173825546],[4783933.284774829,2691809.4038040116],[4784043.543513694,2691855.3487846456],[4783755.434930074,2691999.351872377],[4783914.820932182,2692004.1798761464],[4783918.663117284,2692067.696377191],[4783704.459067996,2692127.2357776286],[4783808.8603162,2692170.1094946614],[4783604.92010885,2692690.9354663794],[4783731.19878922,2692666.993120986],[4783823.150241453,2692740.1644191965],[4783795.289884114,2692807.1998583344],[4783647.577223329,2692769.5514464383],[4783698.193603206,2692967.549278392],[4783514.294024557,2693113.6105927136],[4783540.028012676,2693350.895006763],[4783359.094433131,2693352.495403422],[4783288.733707519,2693440.507407315],[4783263.950722194,2693622.9598318236],[4783357.369117413,2693793.392546323],[4783107.412657997,2694014.1156367534],[4782989.096196897,2693947.300504062],[4782983.701261123,2694098.9464577488],[4783032.118909462,2694027.0267844102],[4783146.123690939,2694101.058259033],[4783018.474595401,2694138.344931583],[4782984.172530793,2694290.627242933],[4782823.384558701,2694337.26347889],[4782820.125900021,2694415.345990481],[4782910.5893548075,2694393.140933266],[4782888.65394257,2694529.473904905],[4782726.485744352,2694569.4003286273],[4782681.138338224,2694694.078172313],[4782805.817043779,2694789.2722996166],[4782733.207048362,2694860.566122946],[4782493.911267754,2694823.2266457574],[4782473.927551382,2694909.972539447],[4782643.033843009,2694864.3569218544],[4782718.027540268,2694927.494734148],[4782592.508839994,2694952.310823621],[4782549.250031564,2695146.8809902905],[4782344.031924993,2695075.2925137766],[4782296.809344266,2695169.266543597],[4782276.966770621,2695238.052089963],[4782424.355818749,2695221.1726554506],[4782428.916721802,2695298.0365940575],[4782315.659884321,2695336.8812752403],[4782368.2433923315,2695405.8056906494],[4782220.085876795,2695574.961661081],[4782450.78805644,2695671.851536455],[4782331.808393784,2695805.3887733],[4782292.764833772,2695746.7761823563],[4782236.047694167,2695825.444883548],[4782183.638922978,2695787.8506390965],[4782118.240430868,2695932.133126258],[4782154.48093931,2696010.630978341],[4782262.3047183845,2695975.3345728144],[4782171.627107505,2696152.8571454897],[4782210.9165152265,2696259.9569857917],[4782102.056727414,2696241.762090409],[4782031.866638712,2696397.221495921],[4781991.319827866,2696241.123995618],[4781789.914312411,2696435.0779359443],[4781891.777805314,2696744.580422089],[4781737.32043238,2697006.171391688],[4781948.710440214,2697222.323878275],[4781696.460009693,2697179.9115365474],[4781742.076350765,2697302.7190016164],[4781589.612173773,2697473.8130692597],[4781660.853513592,2697436.30473995],[4781727.777930955,2697526.070392415],[4781553.403367485,2697546.7668643985],[4781685.827987761,2697676.281233476],[4781521.070908257,2697673.098495727],[4781481.977276802,2697802.7747698524],[4781545.4220038075,2697767.4186315173],[4781627.053090865,2697916.0146655664],[4781505.144404298,2697913.4384095315],[4781514.837761619,2698003.805513129],[4781369.379865299,2697992.5316732535],[4781408.135555797,2698153.5624755844],[4781288.929645462,2698170.0800758745],[4781269.128813658,2698039.266426884],[4781180.251255956,2698041.7841270138],[4781244.157402698,2698220.047511881],[4781380.046773351,2698293.1207092134],[4781284.363293566,2698477.412510774],[4781396.281430642,2698496.2607271634],[4781443.120035365,2698413.1293682316],[4781470.684577251,2698520.3869424257],[4781604.51102074,2698480.779803756],[4781594.018271687,2698693.4618961425],[4781505.37991971,2698716.1068346156],[4781592.3875032365,2698780.7027891115],[4781531.260634322,2698890.5339809693],[4781658.534395687,2698930.5830664174],[4781537.346579533,2699060.979360954],[4781534.80209074,2698981.3678564588],[4781402.65064606,2699014.3256678944],[4781473.745566515,2699105.4823444462],[4781564.537516548,2699081.0753433937],[4781428.511103453,2699173.249251293],[4781532.771053065,2699249.605597627],[4781459.953632043,2699295.5874191616],[4781454.936680335,2699462.654553745],[4781568.803309051,2699449.884188953],[4781507.344091754,2699717.962815573],[4781622.718255908,2699718.9668497597],[4781519.460061425,2699777.0325597236],[4781605.491615113,2699770.458653823],[4781606.641995896,2699895.9338399153],[4781641.303230121,2699838.268507622],[4781711.529326646,2699923.0604884345],[4781660.970142494,2699998.0272963447],[4781552.671903969,2699965.0704255304],[4781631.4684887035,2700123.358293444],[4781495.018030034,2700151.9959662617],[4781518.999001514,2700307.6410782957],[4781426.076913846,2700278.5594564416],[4781495.671830922,2700424.823613702],[4781410.253471667,2700433.678900771],[4781511.08751525,2700500.0099606374],[4781500.050088403,2700589.177321014],[4781257.39816197,2700501.07959285],[4781242.025781729,2700583.5753051755],[4781326.760571404,2700596.645066365],[4781269.328619133,2700658.846178335],[4781445.432032546,2700818.9810054544],[4781254.939639857,2700795.6889021173],[4781317.295021865,2700907.84345768],[4781270.027301179,2700879.4271663507],[4781232.738282064,2700966.5809092643],[4781219.943805018,2700884.844602441],[4781088.600004641,2700901.019036111],[4781219.982891193,2700996.6945662326],[4781104.953638686,2701075.0301428232],[4781260.308985519,2701131.086147225],[4781217.501870029,2701207.1926905205],[4781167.033848913,2701135.186591886],[4781078.701471896,2701188.494343402],[4781172.432187695,2701224.4077204554],[4781124.118645428,2701327.5762453475],[4781003.038306199,2701331.093925855],[4780956.244200926,2701425.9841647977],[4781018.697287687,2701423.671518229],[4781015.844381655,2701501.6411776203],[4780861.653467078,2701670.458831134],[4780942.990938489,2701763.9488113746],[4780779.457517694,2701797.1916226014],[4780890.29793419,2701867.399606316],[4781025.242263772,2701805.5118774334],[4780943.669375805,2701852.351518264],[4781031.675924065,2701941.7964395517],[4780971.927871389,2702045.7173470887],[4781105.1079094345,2702022.2897340325],[4780857.15889135,2702250.058480415],[4780901.153001841,2702312.500547929],[4780938.647038243,2702210.2879690337],[4781025.746976077,2702268.183709185],[4780985.312975027,2702374.379755951],[4780850.509911855,2702407.33695206],[4780830.834250632,2702519.695058866],[4780639.708824119,2702559.870466462],[4780737.405299011,2702707.252065369],[4780620.627442227,2702668.352069935],[4780643.630792481,2702804.5671836585],[4780738.958376549,2702797.1108681383],[4780666.866226669,2702845.246978981],[4780719.876109528,2702883.086031879],[4780653.4571160665,2702906.983839271],[4780644.574411397,2703148.3766650464],[4780569.046133522,2703161.091276262],[4780524.963442544,2703065.3379455945],[4780389.356239479,2703164.8270613486],[4780547.114020933,2703217.643419846],[4780373.95028749,2703284.5511299525],[4780437.493534558,2703325.594363327],[4780415.019519242,2703563.9616619176],[4780176.261440969,2703742.9879280194],[4780078.263038779,2704028.161365945],[4779935.772882523,2704008.943089011],[4779734.367674084,2704348.7454787777],[4779643.041442198,2704292.27073245],[4779742.114667246,2704378.4244988263],[4779622.401098746,2704448.5688193124],[4779703.813509242,2704617.200223786],[4779561.362298749,2704652.148643091],[4779543.883157086,2704562.9926815536],[4779441.1835414525,2704652.8529926124],[4779573.981363875,2704716.999774744],[4779478.2282249415,2704973.6162713324],[4779617.3675338905,2705026.40630111],[4779552.766008045,2705131.5575625217],[4779648.706029133,2705158.418016751],[4779548.872424919,2705338.826254796],[4779412.810006508,2705313.1985645127],[4779518.470934551,2705411.6369363684],[4779447.380843314,2705474.595348873],[4779475.932254218,2705566.4971658387],[4779381.051616338,2705546.4696779265],[4779383.461748566,2705445.668223147],[4779209.2772323955,2705512.8292287216],[4779327.291816975,2705591.576362186],[4779220.260186742,2705662.7174062217],[4779026.584035125,2705649.7574230987],[4779085.946626218,2705800.154145142],[4779270.773925435,2705891.2113007493],[4779192.1786984755,2705983.890407564],[4779286.815711344,2706063.5882927976],[4779094.274219826,2706015.9191153664],[4779149.925932422,2706216.5903377365],[4779060.819465855,2706310.748988288],[4779168.237275482,2706291.805248879],[4779083.734302251,2706387.9434813485],[4779263.738665881,2706442.847970461],[4779086.690435254,2706547.0826487495],[4779228.787512403,2706645.230513658],[4779123.645485849,2706632.763079593],[4779174.626299525,2706689.8528296975],[4778862.6334531605,2706867.3078623633],[4778944.198071779,2706995.627364366],[4778867.202124469,2707157.0979226325],[4778975.681287299,2707208.057730942],[4778866.205170233,2707241.557484567],[4778828.2920201905,2707545.535353403],[4778977.514523835,2707576.2414496485],[4778897.7572034495,2707831.2072203327],[4778712.608416922,2707907.729550615],[4778629.754490076,2708037.9751674864],[4778549.842027033,2707982.210074613],[4778616.672697019,2707868.463711227],[4778486.692344892,2707843.3488008827],[4778398.841516407,2708082.547648626],[4778220.724714894,2707940.2633705554],[4778267.989579686,2708104.9552626223],[4778129.114202363,2708148.709948918],[4778436.965689619,2708227.376017975],[4778309.734273397,2708242.919293355],[4778295.227131715,2708334.639915094],[4778280.974313546,2708258.4573618015],[4778192.141408829,2708267.9887538073],[4778167.857331603,2708450.913763577],[4778356.564074024,2708539.7287415434],[4778317.379756386,2708663.9461790835],[4778191.764465369,2708681.5466185557],[4778207.794621977,2708776.587488874],[4778101.396108409,2708876.8293448733],[4778004.090411533,2708777.8991170092],[4778072.256976954,2708892.0949783623],[4777989.626701482,2708910.808132332],[4778019.694121044,2709036.130151563],[4777881.037012811,2709082.066163114],[4778027.917101274,2709477.711057983],[4777855.622954658,2709515.58338091],[4777978.728676118,2709528.1225546254],[4777952.902111933,2709699.917036513],[4778012.853169803,2709759.195094848],[4778115.629857792,2709622.7565488014],[4778101.990008177,2709782.0812120466],[4778004.097351655,2709919.9028478945],[4777894.5102651,2709905.781641084],[4777853.456053852,2710031.516305498],[4777710.461491337,2709975.835675219],[4777630.782378946,2710161.832069701],[4777380.764139495,2710380.997580103],[4777501.430898648,2710616.54968069],[4777433.712792445,2710835.3094840087],[4777362.890902632,2710879.84661999],[4777299.67220089,2710769.0787373073],[4777247.997725336,2710840.7610575203],[4776948.426988906,2710744.7238509767],[4776812.929487058,2710873.8188927346],[4776920.587373884,2710878.7313540326],[4776953.725330759,2710965.8732565325],[4776721.359098233,2711188.6720397626],[4776963.995509871,2711353.579317906],[4776828.86305242,2711345.312473788],[4776773.976179838,2711422.8015775206],[4776706.758509092,2711343.2390552727],[4776629.683922856,2711371.8307795282],[4776633.518312673,2711516.9672532915],[4776797.807579875,2711499.202485415],[4776853.187372689,2711639.560415933],[4776784.109074349,2711727.5532279266],[4776662.460771985,2711585.7078492045],[4776574.324675954,2711740.338280185],[4776631.156480238,2712222.3571620365],[4776503.070705723,2712180.475666254],[4776398.311393058,2711995.173371302],[4776397.748697588,2712108.124131756],[4776238.305295679,2712290.722200836],[4776177.819751225,2712184.372686543],[4776064.741759833,2712346.0919054905],[4776086.391105324,2712451.8857125514],[4776191.261663981,2712413.472953027],[4776189.580560896,2712578.095465852],[4776065.90858753,2712498.405560411],[4776015.271395404,2712541.712085572],[4776071.301743384,2712658.325561319],[4775830.241257763,2712921.599960917],[4775691.276368002,2712729.055549776],[4775579.746505743,2712741.9844952924],[4775579.120549907,2712975.108715647],[4775104.715067386,2713291.1713273833],[4775158.856779593,2713415.5396615304],[4776482.322265737,2713968.661788156],[4776403.990630833,2714268.7023147824],[4776124.27159738,2714730.715878291],[4777018.381487106,2715150.146787068],[4777680.767947232,2715239.874885763],[4777883.763403577,2715396.5776193086],[4778178.90695142,2715470.572770998],[4778240.726406345,2715407.667099954],[4778617.800804688,2715566.9708319604],[4778747.130821376,2715844.019536554],[4778685.438661164,2716147.6002187273],[4778607.6101787295,2716128.9436575146],[4778551.777717194,2716242.0457277545],[4778605.638831185,2716589.808934387],[4778699.882293462,2716693.403708727],[4778701.630137116,2716993.912480251],[4778858.516914575,2717089.8534575473],[4778980.987933629,2717300.021185354],[4779037.986225729,2717739.9326279773],[4779534.304561645,2717903.4156084163],[4779931.304614981,2718379.1995688123],[4780050.615347957,2718229.117711256],[4780239.531474371,2718162.8788901065],[4780460.571575996,2718336.4539672215],[4780771.498118727,2718396.1241503023],[4780897.034701413,2718157.763900594],[4780564.858327944,2718119.9061096497],[4780243.242666252,2717958.121639559],[4780234.088369694,2717768.062875107],[4780395.064414064,2717467.4166998146],[4780300.127669927,2717268.4809080423],[4779919.428610309,2717111.4968586476],[4779884.008509371,2717052.7677722257],[4780004.1040257225,2716907.5095233],[4780388.449075195,2716708.7533513224],[4780760.519634149,2716321.0451873224],[4781173.360269245,2716623.151538451],[4781449.463210164,2716969.1719406727],[4781638.816473256,2716859.0577253196],[4781752.0264411,2716926.085988769],[4781783.803361325,2717137.424067717],[4781596.593047231,2717386.4023771794],[4781757.544771704,2717710.6482630563],[4781552.006313614,2717657.167457128],[4781147.551059411,2718245.4022385837],[4781076.1493878,2718736.9382225308],[4781163.674920804,2719101.873995327],[4781449.812501029,2719049.5003357166],[4781772.857094086,2719135.9404026987],[4782056.240610132,2719043.143423532],[4782234.871179668,2719187.653016846],[4782441.402599339,2719051.4918918847],[4783076.069835407,2719040.9247442237],[4783336.1031533275,2719109.1335538314],[4783581.568986496,2719396.782667058],[4783867.485277573,2719414.9293028717],[4784196.748173475,2719668.3072538036],[4784331.193583221,2719571.7830178635],[4784782.154900162,2719939.9309492917],[4786015.061786751,2720144.6066064816],[4786864.182751955,2720591.7258364484],[4787441.654152594,2720594.7460033],[4787842.927528777,2720501.740020125],[4788500.552926479,2720560.063838447],[4789013.080932438,2720854.8866804694],[4789536.34614543,2720962.827817219],[4789952.261598565,2721197.2508015423],[4790288.812990219,2721275.460725592],[4790606.199895543,2721584.828335257],[4790797.2795027895,2721940.96713831],[4791042.1116898935,2722040.026687959],[4791150.712037264,2722205.4213406607],[4791533.330018879,2722463.066437917],[4791594.146048901,2723045.6847341345],[4792078.726837654,2723335.7849469557],[4792517.893934141,2724133.153298857],[4793102.822072151,2724328.7086576885],[4793474.532928607,2724747.557225582],[4793665.233375404,2724839.900327714],[4793869.626991237,2724671.583816787],[4794020.802912808,2724758.870176738],[4794312.820416237,2724711.12449143],[4794351.431492714,2724888.244676135],[4795014.926302413,2725834.560920917],[4795191.683938318,2725945.549949258],[4795619.109881394,2726023.6398451347],[4795825.509319804,2726168.486438469],[4795939.475429393,2726390.296418137],[4795891.959667665,2726635.054667636],[4795968.674460931,2727007.429854559],[4795562.564089786,2727277.884084188],[4795307.834770705,2727340.98467026],[4795467.039548145,2727448.3999331733],[4795630.3598313145,2727411.232524201],[4795961.361301661,2727660.7472645184],[4796236.763680223,2727646.22611124],[4796564.04514252,2727998.7914353726],[4796642.477778411,2728352.15701974],[4796334.582258559,2728653.3045100663],[4796943.582114794,2729241.5090660583],[4796866.725503366,2729340.110956499],[4796920.574708038,2729397.4158426174],[4797428.386086118,2729738.839580839],[4797281.778597221,2730029.1396141187],[4797836.396910563,2730679.0800344953],[4797791.131609318,2730932.1078546746],[4798156.437895654,2731844.8960385197],[4798085.472425238,2731986.8302687528],[4798142.060695711,2732156.4445124585],[4798040.098816979,2732703.372744601],[4797873.916662575,2732968.5414510514],[4797364.309751047,2733129.006154194],[4797233.24278322,2733272.202965794],[4797126.969844459,2733443.1823194884],[4797139.186268624,2733596.9595777392],[4796678.259477395,2734237.39608693],[4796530.725470713,2734222.9318224336],[4796545.46815533,2734301.4614165407],[4796395.774632698,2734459.3783554947],[4795805.933197759,2734688.690960224],[4795775.8806901155,2734845.773053285],[4795619.674168871,2734933.5731573845],[4795716.038812731,2735862.4971638857],[4795965.573647599,2736543.24611238],[4795717.22824098,2737099.3747306187],[4796152.745781326,2737614.795919646],[4796210.041704267,2738036.61314204],[4796432.757140816,2738446.8739790893],[4796632.764461107,2738607.769728061],[4796657.638938197,2738845.7406702912],[4796766.650284573,2738989.0813211566],[4796585.479368677,2740629.6273011295],[4796695.509054263,2740996.4946862333],[4796964.593511245,2741266.5638979706],[4797370.410552739,2741477.328365556],[4797493.550162522,2741470.15553041],[4798087.697566548,2742123.6920801564],[4798318.113345037,2742228.4262812887],[4798316.494868927,2742466.3031610996],[4798203.839089306,2742503.490142398],[4798080.389055969,2742764.9061263795],[4797861.17366273,2742978.3241857206],[4798296.432602507,2743439.715909574],[4798401.521475943,2743533.241901402],[4798913.695687197,2743647.0383459833],[4799352.336475129,2743651.359653759],[4799552.311776859,2743930.267749692],[4799573.492934412,2744394.894665947],[4799409.808967265,2744605.4805473913],[4799155.122534231,2745281.6163767916],[4799409.61501707,2745561.246282256],[4799455.2983850045,2746056.711044029],[4799197.883629932,2746589.8392789634],[4798612.832812036,2747209.0485880934],[4798359.884108914,2747722.9662486473],[4798401.456181801,2747975.125728207],[4798244.485542964,2748366.485340109],[4797890.377951801,2748894.2788891057],[4797646.643026757,2749105.4595915447],[4797715.363577107,2749386.8075153315],[4797589.883811343,2750121.8071322287],[4797079.019042715,2750053.295485979],[4797019.087611469,2749901.1426905626],[4796554.3113376945,2749966.5177367264],[4796212.215445155,2749796.1669874964],[4794937.027336713,2750495.369166289],[4794512.62846139,2750619.5537650003],[4794264.343698443,2750593.068827366],[4794364.48417989,2751313.474877541],[4794230.861624147,2751501.9709075047],[4793876.433690648,2751678.127292168],[4793536.737693137,2752884.0600162805],[4793008.946524063,2753188.227205191],[4792987.393242144,2753621.890471969],[4792758.266681072,2753990.8895283737],[4792813.278212323,2754245.7571844365],[4792570.534019562,2755080.7119114446],[4792599.852994425,2755808.5172739024],[4792685.946654525,2756049.309499294],[4792577.372186614,2756540.769975776],[4792706.253337268,2756938.84687144],[4792921.955048349,2757122.921816595],[4793005.131340284,2757357.18696336],[4792878.13968865,2758117.667024707],[4792937.301051535,2758580.997824545],[4792870.745895204,2758752.65480478],[4792706.854810053,2758851.21296499],[4792549.580701945,2759384.0123105138],[4792408.814047708,2759488.979582566],[4792805.7838442605,2760372.01920528],[4792991.690505349,2761375.4623759934],[4792702.015027641,2761565.2297590883],[4791480.522340043,2761826.359510717],[4791072.979903585,2762085.778595153],[4790802.181096348,2762100.309175589],[4790729.024424078,2761800.2264366313],[4790327.639093046,2761849.095580044],[4790301.437203366,2762441.5679667797],[4790737.221399632,2763841.771796877],[4790936.883418463,2764079.7802386824],[4791420.647170038,2764216.394263155],[4792204.57072297,2764013.6494434616],[4793182.428004565,2763903.9303945964],[4793635.01935482,2763659.491661052],[4793315.205537223,2763478.5986021627],[4793132.929448951,2763464.2507245997],[4793419.656504286,2762760.464116181],[4793222.156218763,2762066.1005608244],[4793884.244979609,2761441.99248131],[4794429.511702854,2761890.6491769077],[4794587.101342641,2762552.0725211888],[4794940.53048892,2763309.2855779836],[4795558.529573655,2763634.0188167356],[4795813.815761373,2763476.754141642],[4796161.458923233,2763998.4259112184],[4796210.817232446,2764483.5179908327],[4796142.440112526,2764522.9411841123],[4796026.997021844,2765027.625655875],[4796071.145867759,2765221.923646366],[4796775.077247061,2765946.0445862687],[4797009.898432446,2766010.1763127064],[4798229.205435341,2767617.1973779844],[4798121.998327941,2767678.493128735],[4798619.905490447,2768541.55422481],[4798373.799680345,2768848.8451885725],[4796867.718273355,2769813.157767334],[4795630.376128832,2770722.500852177],[4795528.883935834,2770894.346515587],[4796124.2798659215,2770720.301366889],[4796332.155221465,2770816.460447107],[4796375.921196769,2770971.4540439965],[4796616.601431371,2771181.0239612646],[4797111.405461879,2771267.549698086],[4798013.150574523,2771899.607841613],[4798054.222558222,2772288.284618897],[4798181.99697648,2772268.4509331547],[4798452.503564978,2772648.5670139957],[4799355.144195578,2772098.7001761785],[4799666.455068633,2772317.4301158125],[4799944.263245271,2772700.0442032246],[4800205.3815071015,2772782.0024638223],[4799862.281713389,2773079.5615775203],[4800402.449460524,2773797.5508706165],[4799888.272903792,2774014.3766914364],[4800271.471215377,2774378.3387323385],[4800392.205624565,2774379.3903688653],[4800487.98333345,2774214.28607425],[4800627.014909355,2774263.8325346652],[4800647.889033107,2774382.257016632],[4800554.741153644,2774523.828289023],[4800694.182751526,2774708.0215266235],[4800681.488223987,2774923.3807023168],[4800792.02784254,2775167.59618192],[4800744.152337623,2775492.8853672394],[4800624.437238898,2775472.1111839986],[4800519.148012312,2775561.9387035896],[4800813.5430887835,2776201.5408429415],[4800547.629338151,2776122.5686895903],[4800414.191739108,2776340.464422891],[4800684.420045659,2776417.764141069],[4800979.042613168,2776667.896295171],[4800915.133224675,2777084.360795454],[4801246.551345203,2777355.91494285],[4801611.392401641,2778050.846067764],[4802186.779357925,2778305.1004286027],[4802372.601027399,2778797.538902983],[4802869.41043444,2778935.9263230762]],[[4793609.446936432,2667387.401283495],[4793605.514820585,2667403.801374805],[4793603.929838523,2667402.6460031145],[4793609.446936432,2667387.401283495]]]}},{"type":"Feature","properties":{"flugjahr":"2010","gebiet":"Steiermark"},"geometry":{"type":"MultiPolygon","coordinates":[[[[4611305.875209641,2691046.1305744825],[4611352.666706963,2691237.9314669194],[4620222.57856912,2691830.823374836],[4620033.29334818,2691578.219007514],[4620025.088804005,2691405.3094618586],[4620338.599129858,2690935.484456891],[4620126.734407326,2690690.8786389944],[4619824.597745015,2690593.7722631553],[4619374.596302402,2690597.6423662542],[4619000.630062917,2690430.903757807],[4618528.9743508445,2689910.7535632895],[4618074.505650064,2690129.5372777693],[4617855.317978034,2690124.144029873],[4617662.9727024855,2689998.96416339],[4617454.280769649,2690447.5649361806],[4617383.583117145,2690964.847279276],[4617160.233316033,2691158.395806631],[4616945.489460362,2691161.043648794],[4616711.024194752,2690963.7427176996],[4616260.388029728,2690943.1979335705],[4616052.44242684,2690730.205348891],[4615614.183530992,2690720.197180615],[4614897.438122026,2690275.2746371534],[4614587.600158281,2690481.3279285943],[4614403.190867219,2690501.643023042],[4614064.3242117725,2690348.5090907533],[4613786.607643835,2690078.9848302943],[4613575.56427581,2690045.5350648738],[4612736.671904843,2690340.3880001777],[4612150.193803212,2690811.9606741136],[4611844.991283261,2690829.1061643185],[4611680.862913934,2690975.2191496887],[4611305.875209641,2691046.1305744825]]],[[[4624299.806104543,2692103.58924625],[4624553.323843191,2692120.554987538],[4624472.90840826,2691947.4807811826],[4624299.806104543,2692103.58924625]]]]}},{"type":"Feature","properties":{"flugjahr":"2007","gebiet":"K\u00e4rnten"},"geometry":{"type":"Polygon","coordinates":[[[4685923.862501768,2633048.692204978],[4685057.461883022,2653013.9950882834],[4686129.4795253975,2653065.537636009],[4688305.211172693,2651016.8095415113],[4689471.365972562,2649311.6188522605],[4690609.350215932,2649278.8102788213],[4691312.318690263,2650138.0533887884],[4691346.97531454,2650343.1741387676],[4690127.390763423,2653247.944383572],[4695042.483105003,2653474.989493915],[4695917.680214903,2633511.4919641595],[4685923.862501768,2633048.692204978]]]}},{"type":"Feature","properties":{"flugjahr":"2020","gebiet":"Nieder\u00f6sterreich"},"geometry":{"type":"Polygon","coordinates":[[[4707400.5244195815,2850368.7757624043],[4704446.584206788,2885440.540614931],[4704940.603247484,2885509.1382832793],[4705084.642305203,2885382.008043635],[4706026.154982973,2884983.3649242925],[4706088.640091971,2885361.3153638123],[4706168.246857339,2885432.7386520193],[4706527.11067615,2885382.2104967805],[4706383.104635287,2886035.857449058],[4706272.781590896,2886048.4562610094],[4706316.039313345,2886262.45071505],[4706380.369085612,2886457.5630263877],[4706717.056688524,2886455.7716458347],[4707036.442635079,2887091.7417640476],[4707301.789721467,2887875.0829942105],[4707307.979497211,2888014.0798440133],[4706993.527109064,2888319.8137671757],[4706868.170437201,2888568.805774706],[4706839.858195237,2888997.391631528],[4706931.862230717,2889592.8994971826],[4707904.034498396,2889397.853414602],[4708170.549625969,2889038.622789367],[4708075.477812531,2888494.6055675],[4708481.719050013,2888139.6443361556],[4709129.180552,2887912.3920689775],[4709568.964154102,2888218.319664018],[4710293.966983401,2887795.6698047193],[4710627.646209558,2888127.595147388],[4710996.828623756,2888769.7336893957],[4711304.975722481,2888646.9234246197],[4712163.307868682,2888861.696928198],[4712554.040809712,2888828.7083691284],[4712879.145052402,2888644.5127472845],[4713632.318262348,2888602.24713406],[4714033.715720713,2888387.8432317837],[4714253.873304358,2888160.3669952326],[4715283.4406979885,2887701.056866964],[4715488.106983413,2887115.0256009866],[4715615.390803628,2886984.7832379555],[4716386.30835854,2886773.6882678536],[4717143.365202977,2886064.3876197254],[4717958.463738923,2885640.52036044],[4718779.144475063,2885481.2147559617],[4719461.85555228,2885625.6829005186],[4719828.768459925,2885564.8007744364],[4719991.182785903,2885519.418860844],[4720258.344568836,2885150.6805402455],[4720380.0571830515,2885098.1579999635],[4721059.459190516,2885776.305409829],[4721225.444066706,2885836.413243537],[4721672.200676455,2885286.9564114674],[4721964.946447052,2885188.629489094],[4721958.198488593,2885101.5629970613],[4722577.395926861,2884938.1496612243],[4722900.621754405,2884721.2714244043],[4723403.903574813,2884574.6120962994],[4723801.443524887,2884312.0274012317],[4724000.22863476,2883316.5413175547],[4724174.54718288,2883121.8557779416],[4724274.529570117,2882470.0693939077],[4724831.094513327,2881930.763194243],[4725890.893038938,2881751.2249245807],[4726904.319346932,2881405.367097818],[4728243.131405445,2881112.447555561],[4729686.297007304,2880266.899102621],[4731553.382774868,2880539.410305924],[4732016.319014205,2880517.8927733083],[4732173.837683749,2880681.216319153],[4732413.688082432,2880626.07218426],[4733208.293900061,2879957.148430322],[4733247.541102116,2879727.8447657973],[4733620.283496104,2879352.443782993],[4734042.112888695,2879347.4906188883],[4734041.896898882,2879474.5561687197],[4733936.149984881,2879519.4870710387],[4734003.2485871045,2879620.571017211],[4734212.051370356,2879623.965172248],[4735069.648165155,2879278.017526398],[4737288.2098298,2852931.8408634653],[4707400.5244195815,2850368.7757624043]]]}},{"type":"Feature","properties":{"flugjahr":"2013","gebiet":"K\u00e4rnten"},"geometry":{"type":"Polygon","coordinates":[[[4691652.316599255,2616260.2426394653],[4691692.793810742,2615992.680535061],[4691665.733812762,2615947.354205215],[4691652.316599255,2616260.2426394653]]]}},{"type":"Feature","properties":{"flugjahr":"2013","gebiet":"Nieder\u00f6sterreich"},"geometry":{"type":"Polygon","coordinates":[[[4740627.649044965,2828126.8539303145],[4749345.336630181,2828874.547531463],[4751433.948550538,2803963.508660531],[4781905.426616141,2806580.6713890703],[4781811.739035508,2806354.488359188],[4781793.210731177,2805747.0608630837],[4781597.24486576,2805196.62759616],[4780788.686300652,2804117.675257005],[4780800.520169219,2803757.4680007463],[4780401.1225033,2803417.286298237],[4780624.210434716,2803193.007197331],[4781316.984173347,2802966.433995021],[4781531.20905536,2802712.2722555767],[4781651.3598158965,2802383.6982758073],[4781635.4572592145,2801895.8244781997],[4781770.698702665,2801637.3893375285],[4782137.787038978,2801816.277193527],[4783621.389002955,2801686.081821895],[4783656.250555546,2801573.3390400987],[4783352.087672433,2801681.7352891257],[4783280.222297303,2801483.0930194375],[4782963.866221229,2801417.7509664707],[4782721.891833564,2801174.9189827964],[4782692.301562838,2800987.9835896683],[4782859.949821378,2800922.1359214857],[4783013.787276727,2800657.8765979446],[4740724.857794713,2797023.590027755],[4740474.662656668,2800012.745882531],[4741720.168350604,2800119.46525013],[4741469.902226328,2803108.6805497794],[4742715.363872034,2803215.41700312],[4740627.649044965,2828126.8539303145]]]}},{"type":"Feature","properties":{"flugjahr":"2011-12","gebiet":"Nieder\u00f6sterreich"},"geometry":{"type":"Polygon","coordinates":[[[4803642.822603492,2779587.5650624144],[4803324.7232810585,2779315.47024143],[4778760.169839636,2777203.3800009335],[4777677.001902382,2790157.476193279],[4783904.074496175,2790692.7849302497],[4783243.985582389,2798609.0382307703],[4783581.039990435,2798400.409558921],[4784038.97628243,2798614.077423651],[4784825.177350577,2799209.6307164356],[4785597.918517061,2799422.2165677575],[4786091.708591833,2799289.31103356],[4786380.879792053,2799293.7609374514],[4786693.411740483,2799453.622273955],[4787063.943327465,2799785.3767657257],[4787428.984302964,2799841.2324103564],[4788097.331442072,2799696.195164797],[4788341.576192648,2799518.0984131824],[4788615.158093706,2799618.9046500823],[4789381.144912991,2799532.855817495],[4789497.017827855,2799238.5753258606],[4789474.267642544,2799075.544732158],[4790168.475482313,2798599.092959602],[4790511.352364024,2798508.5299282316],[4790567.970231524,2798534.1267010937],[4790622.473294544,2799200.1521378644],[4790960.790216712,2799117.9647294],[4791329.296899341,2800423.5088369744],[4791301.651025583,2800621.533369606],[4793276.426460194,2800216.6171601834],[4793846.298782852,2799907.2042796267],[4794870.27219583,2799759.577733568],[4795839.5928922,2799720.508640711],[4797380.40261417,2799390.0064282417],[4797398.899277109,2799269.454851184],[4797581.806315417,2799192.4121764656],[4797682.779973981,2798955.6991384393],[4798015.607872554,2799022.6286995094],[4797928.791042916,2799251.100788823],[4798562.189253067,2799337.0833836007],[4798730.904908578,2799611.782636432],[4799794.573370999,2799366.3570292355],[4799546.457079219,2799878.719254222],[4799460.196515067,2800570.47813618],[4799364.407388265,2800690.226024367],[4799336.470304931,2801327.6646875674],[4800852.868649726,2801585.536508578],[4801423.459123183,2802073.109379435],[4801735.658937095,2802463.2854000637],[4803642.822603492,2779587.5650624144]]]}},{"type":"Feature","properties":{"flugjahr":"2012","gebiet":"K\u00e4rnten"},"geometry":{"type":"Polygon","coordinates":[[[4691074.886448387,2613280.493509951],[4690749.0599055765,2612957.078185825],[4690770.184654412,2612807.349923458],[4690897.928147341,2612693.0728634577],[4690822.08330834,2612446.2883857545],[4690928.151116776,2612016.8412816557],[4690915.251719693,2611569.4635275854],[4690617.626351335,2611413.606240688],[4689962.440798014,2611306.1885777717],[4689434.434927018,2610889.0729670925],[4689110.933611719,2610801.06190162],[4688444.226984723,2610306.8133882033],[4688082.039046534,2610500.642913424],[4688001.953578332,2610380.62488724],[4687745.676297517,2610830.721527577],[4687455.516700646,2610733.0176215433],[4687137.752870715,2610790.0571755865],[4686694.888441056,2610688.417183854],[4686458.420609703,2610740.2304773596],[4685609.756609291,2609915.073310955],[4685504.246184161,2610094.2941760984],[4685507.447679793,2610261.8203256223],[4685416.476110645,2610288.926834709],[4685325.157380662,2610523.951426913],[4685017.11133317,2610722.2134943875],[4684755.022377817,2610473.155640593],[4684599.345559195,2609840.3222627547],[4684131.591942155,2609010.2611177475],[4684061.468596995,2609278.805097517],[4683840.230668929,2609451.0099619515],[4683575.414808527,2609854.3201384246],[4683019.623217701,2610010.963961006],[4682939.633046769,2609446.4021590035],[4682749.026336604,2609181.326938454],[4682839.781256066,2609077.3715249356],[4682857.6963798655,2608823.555966639],[4682724.206203133,2607867.001482466],[4682182.263690282,2607783.738532514],[4682140.455666092,2607527.7091963375],[4681873.356417778,2607102.7684868774],[4682167.282184237,2606803.5386161166],[4682178.330723245,2606535.7780456482],[4682290.344461736,2606332.2115268186],[4682085.812554296,2605915.7290929076],[4681941.755334968,2605995.9196598153],[4681687.791588631,2605905.7408481664],[4681309.871528428,2605947.9862233866],[4680815.784970696,2606304.228680893],[4680499.259102283,2605706.3336622836],[4680279.746628586,2605596.8048832677],[4680584.131201659,2605167.8433723245],[4680366.369751901,2604755.6276779044],[4680286.5190451015,2604354.9029271305],[4679993.973655701,2604378.9356978214],[4679663.497428795,2604234.697927625],[4679424.891038223,2603801.622720843],[4679233.598437621,2603633.145545177],[4678834.82760873,2603543.678886876],[4678604.22938633,2603615.3360668323],[4677971.789553941,2603335.0217148187],[4677732.863328308,2603340.4489210453],[4677036.038260482,2602904.364135935],[4676327.458964455,2602772.4368197815],[4675623.277168345,2602849.9431868223],[4675194.767253322,2602744.9640027136],[4674997.3683742955,2602494.6164220036],[4674328.900978926,2602439.7624069694],[4674374.51355399,2602141.811679921],[4674309.525421302,2602038.180937581],[4674047.490598922,2601808.447171325],[4673642.633793956,2601610.124715923],[4673673.601149149,2601413.9367547375],[4673525.719502762,2600970.559597344],[4673511.740601443,2600410.6601431314],[4673420.779277908,2600304.211091589],[4673491.611685373,2600055.415326207],[4673914.586987378,2599917.4266690644],[4673916.956347824,2599581.240819483],[4674002.856191033,2599389.617952425],[4673946.660871962,2598947.4127349826],[4673821.709914155,2598778.6094548865],[4673872.227511343,2598075.5802562614],[4673954.6972555155,2597869.8059108835],[4673826.011319959,2597516.5870232387],[4673867.500853114,2597451.579232255],[4673726.277975342,2597013.325083996],[4673346.196600344,2596511.4629905648],[4673349.831480532,2596404.5183594194],[4673593.78124406,2596251.105951343],[4673353.756575339,2595726.5374544747],[4672961.152953442,2595528.506336847],[4672656.043245643,2595546.6410746346],[4672440.7970079165,2595446.684826866],[4672387.062435219,2595157.2463252023],[4672303.772770614,2595135.4974434315],[4671721.497401781,2595566.0041672094],[4671749.872822851,2595689.8373518162],[4671633.396504539,2595801.604132335],[4671661.236534813,2596526.306969925],[4671474.120608367,2596808.685227193],[4671379.185156258,2597222.399627495],[4671118.213490629,2597706.645863721],[4670858.236868275,2597915.760376296],[4670886.412810286,2598013.80278615],[4670413.129820442,2598504.4985961793],[4670268.161376789,2598798.2561790133],[4670186.946074769,2599377.1966361078],[4669883.597019289,2599654.3384367693],[4669567.144476886,2599675.351645153],[4668744.1399660185,2600649.3760949317],[4668694.0054955585,2601029.573846166],[4668301.565678246,2600885.7608559728],[4667805.434437837,2600829.7018947783],[4667469.279503319,2600616.4335405733],[4667295.714592237,2600462.3997272262],[4667268.874776457,2600168.294375289],[4667078.750608785,2600133.593862645],[4666888.550056733,2599985.3186019394],[4666517.543837738,2599302.3219499923],[4665904.7627621,2599544.3370023826],[4665694.92573747,2599355.1766264345],[4665485.50448359,2599302.9924977426],[4665414.665832779,2599765.51350261],[4665260.991719221,2599992.3994669504],[4665032.495997942,2599962.6330592576],[4664503.735565096,2600187.4573063143],[4663825.935122023,2600046.010293062],[4663329.1847616015,2600171.91295976],[4662971.101158357,2600053.251201321],[4662644.609532507,2600196.936060804],[4662538.398346128,2600465.833363276],[4662575.832992741,2600749.8772785226],[4662218.594254799,2601033.9049333427],[4662016.796613782,2601064.5406670067],[4661602.181442998,2601584.963564485],[4661733.878960525,2601956.8342739767],[4662229.778177818,2602141.867597162],[4662190.23308441,2602380.0363440285],[4661913.056799566,2602345.834900711],[4661490.891137076,2602796.914972809],[4661035.327768127,2602581.9973608293],[4660174.994168029,2602541.323747795],[4660081.397433451,2602640.6106380275],[4659966.008378425,2602631.9369238135],[4659909.076009711,2602515.3104876755],[4658959.414202912,2602303.87137009],[4657895.263728717,2601701.8951753657],[4656836.273676025,2601718.579094752],[4656788.522313086,2601593.8293433106],[4656573.483317115,2601524.333811328],[4655928.431200372,2601543.0765584097],[4655596.728957281,2601363.5590667417],[4654985.503498213,2601334.739291716],[4654763.992757093,2601084.098447358],[4654526.965075081,2601046.1269858796],[4654108.221848204,2600677.111202476],[4653650.564171753,2600549.5885928744],[4652916.768687137,2600565.7785865525],[4652493.766052417,2600414.7965912386],[4652269.057998131,2600427.1734872223],[4651849.002242658,2600932.880842974],[4651817.9958335245,2601160.711193998],[4651721.713817426,2601246.9370670114],[4651149.032234361,2601338.61551222],[4650274.206161407,2601743.75806717],[4650137.215863586,2601647.5414897753],[4649916.8894347325,2601664.2111079353],[4649412.961412358,2601502.178746824],[4648869.410857415,2601080.805059791],[4648649.749367567,2601179.3151658652],[4648247.288292549,2601128.376411873],[4648116.805121483,2600920.9489470473],[4647664.712181745,2600589.1082382114],[4646915.703278218,2600389.5705160354],[4646809.35998617,2600289.906214996],[4646588.225195309,2600412.267919017],[4646313.800625399,2600443.940270367],[4646004.078708977,2600651.2539858175],[4645724.822346283,2601155.8905660757],[4645362.213337042,2601438.964338076],[4645212.363584535,2601347.38029326],[4645022.095725641,2601392.670346014],[4644867.372294169,2601035.9426766797],[4644499.852397215,2600947.481784902],[4643575.301360483,2601089.756119431],[4643497.101097881,2601216.8860729733],[4643294.058263421,2601235.36075876],[4643194.47288159,2601393.9637900325],[4643224.477383184,2601192.928807506],[4643082.6640955005,2601015.7472108435],[4642617.294342158,2600719.867678946],[4642428.2261866955,2600723.1934068464],[4642136.948280904,2600218.62895997],[4641850.780078414,2600203.888387503],[4641607.820611329,2600096.424300709],[4641137.072782975,2600119.9175916994],[4640449.491836444,2600314.84407587],[4640277.672296304,2600487.157906845],[4640148.525369631,2601114.0766246226],[4639914.168739841,2601111.5872120224],[4639600.602713642,2601388.663009229],[4639402.114771055,2601429.119939251],[4639276.0711541725,2601649.131071867],[4639120.424088849,2601663.464603674],[4638924.713635606,2601840.102977209],[4638842.137803656,2601948.889303537],[4638905.843587802,2602269.626126494],[4638820.005188815,2602770.9231410343],[4638255.008139485,2603460.8741039084],[4638334.074524341,2603617.234913538],[4637911.290884442,2604214.742753485],[4637589.578167805,2604437.58685193],[4637663.494702725,2604712.456417226],[4637058.806895562,2604857.9248846425],[4636590.123601754,2615781.471485536],[4646596.279909179,2616238.212826536],[4646922.192274981,2608751.593396098],[4654419.694974059,2609094.4937900426],[4654093.4858757425,2616581.1572275856],[4661583.318973565,2616928.296445772],[4661810.806854845,2611949.620027745],[4691074.886448387,2613280.493509951]]]}},{"type":"Feature","properties":{"flugjahr":"2019","gebiet":"Ober\u00f6sterreich"},"geometry":{"type":"Polygon","coordinates":[[[4637861.724365027,2758403.6567182816],[4638192.843084332,2750913.8560612765],[4635692.771676895,2750799.64563859],[4636388.215639075,2735019.402378944],[4636003.408456582,2734588.355714643],[4635597.867667195,2734530.3704764117],[4635287.296773298,2733943.9491749075],[4634804.66948408,2733753.8533642357],[4634265.450638437,2733972.0133605506],[4633902.528835543,2733821.4213720593],[4633630.086675253,2733567.9023413816],[4633415.186695799,2733515.9550873167],[4633114.533487088,2733602.4579650722],[4632977.919432081,2733503.2184481174],[4632544.773062071,2733553.9996788185],[4632111.037912547,2733216.1823731503],[4631851.819083131,2733146.1595383547],[4631618.540033967,2732701.693351856],[4630879.648142753,2732407.7149427915],[4629974.12666761,2732323.7773999595],[4629358.1172139775,2731984.440845052],[4629319.580873744,2731841.2927112654],[4628867.28463178,2731804.524285982],[4628709.232005943,2731392.8941047927],[4627734.033341822,2731315.091423563],[4627040.676433289,2730982.3015399044],[4626595.120693953,2730871.698909344],[4626235.319615498,2731086.7243672693],[4625543.619854543,2730953.316050551],[4625518.387828709,2731332.0239077783],[4625617.720834429,2731411.5164755816],[4625767.814234815,2731846.052674811],[4625632.24905948,2731970.4915039116],[4625153.875441735,2731965.7100510043],[4625592.978123616,2736602.5200671908],[4624973.743357736,2737298.0229619555],[4624138.605115411,2737783.377316734],[4622788.37455372,2739000.9775477946],[4622036.641890163,2740081.8952926467],[4621358.049438203,2740285.153639994],[4620928.913901893,2740117.7643895918],[4620895.884761879,2739901.642622156],[4620234.00567957,2739733.0589967524],[4620016.232119192,2739568.601054001],[4619322.966806305,2739908.547489791],[4619280.708099561,2739863.9782276754],[4618909.190745476,2740217.654571217],[4617570.107988537,2740816.469776549],[4617143.142138826,2740732.7230149694],[4616336.129787581,2740750.994520854],[4615217.95528124,2740184.9697125326],[4614201.277516523,2740797.862573142],[4613894.020839962,2741333.6263754433],[4613903.592656774,2741511.6535746846],[4613343.46825784,2741462.9738741787],[4612638.293644202,2741922.950835709],[4612307.485647031,2741971.655854272],[4612010.769140551,2741841.322808752],[4611947.670969213,2742269.5626152204],[4611831.08038424,2742347.3631107016],[4611677.084090948,2742283.432009859],[4611646.194463158,2742094.9072994217],[4611237.627003592,2742017.6759642437],[4611041.432969788,2742140.182209234],[4610411.898120461,2757151.647971952],[4637861.724365027,2758403.6567182816]]]}},{"type":"Feature","properties":{"flugjahr":"2016-17","gebiet":"Nieder\u00f6sterreich"},"geometry":{"type":"Polygon","coordinates":[[[4668791.299009281,2847066.2784620402],[4668821.351393348,2847219.502100469],[4668684.830361354,2847264.42798707],[4668600.638884547,2847424.6450256472],[4668645.487055624,2847683.1170986746],[4668507.1857617395,2847828.08683545],[4668477.97329537,2848403.709554065],[4668144.889529434,2848389.263957312],[4668025.2188927755,2848519.0625453214],[4668349.006492821,2850325.707945698],[4668665.1533793975,2851418.2320546247],[4668903.471747526,2851771.742958627],[4668789.671828127,2852488.2664657743],[4668900.170252185,2852849.604564364],[4669119.83717018,2853132.710509619],[4669398.7380992435,2853980.5192119535],[4669785.193482284,2854372.633806076],[4670140.852858206,2854543.6706654257],[4670374.649056937,2854633.5925714495],[4670521.46328044,2854590.300873646],[4670833.166352383,2854654.8360673618],[4670924.157103016,2855339.622481231],[4672147.973677498,2855672.965865245],[4672236.012390444,2855833.031100137],[4672587.279410157,2856062.527053802],[4672933.216948867,2856454.5682969396],[4673031.759363484,2856716.2836082894],[4673010.977805828,2856890.593008331],[4673272.117847844,2857071.590668794],[4673509.32960476,2857783.876711967],[4673718.977097536,2857857.93901189],[4673989.965367455,2858170.068299155],[4674089.563378856,2858069.6825147895],[4674445.59110666,2858308.392962326],[4673817.860892446,2859719.3857007073],[4673973.754449567,2860350.3284652247],[4674091.269093195,2860425.389879218],[4674247.030951261,2860923.398130887],[4674345.475887559,2860962.4875368513],[4674525.3408530895,2861348.763702097],[4674556.243954985,2861661.6087276284],[4674439.684285799,2861956.8061969904],[4674070.006066825,2862449.702130039],[4674297.247957063,2862695.943571992],[4674178.2881018855,2863088.044070022],[4674215.389373393,2863291.6564020375],[4674305.006066387,2863363.321218146],[4674372.038066545,2863326.5131200883],[4674499.600806323,2863466.110806103],[4675041.327095874,2863620.6940328926],[4675199.59883596,2863827.0299940454],[4675439.514678855,2863941.6281584124],[4675737.885630072,2863591.859708688],[4676045.954974407,2863674.7092369674],[4676130.948742503,2863787.5806674403],[4676531.6013953965,2863862.4502481055],[4676587.119555113,2863992.8786408287],[4676710.0669971295,2864033.4621945964],[4676858.383069244,2863902.5890400386],[4676960.475120751,2863611.9742791844],[4677013.8979257345,2863693.3691820377],[4677204.9578614775,2863666.544353628],[4677407.264359483,2863344.413821064],[4677656.793050354,2863324.89883937],[4677829.5726625845,2863204.8106873846],[4677817.418640947,2863346.329103495],[4678220.917941256,2863387.664650978],[4678584.417983542,2863835.4606947326],[4678802.6421532165,2863768.6316298814],[4678885.364501168,2863829.713167879],[4679565.758084104,2863796.2615401745],[4679986.314910715,2863387.7620123415],[4679917.091738632,2862895.9316306775],[4680063.149184011,2862871.8170156498],[4680131.336623916,2862735.2216160744],[4680452.930538176,2862992.7241383498],[4680735.8163144905,2862999.8891962823],[4680966.760454241,2862912.479197961],[4681490.169571557,2862468.03380144],[4681872.619545987,2862492.6817402397],[4682321.161123247,2862833.1800359553],[4682433.229790722,2862691.746615234],[4683190.906911072,2862513.9321555006],[4683395.570393056,2862533.6467419094],[4683626.1982051525,2862223.338578386],[4684018.452083922,2861998.907675735],[4684253.998843449,2862006.1152989212],[4684592.08664058,2862215.0694376724],[4684775.972393729,2862014.0310338987],[4684916.7814888,2862104.104188149],[4685192.01097882,2861734.9140524534],[4685415.314542934,2861979.9448430836],[4685478.373716587,2862190.8130637333],[4685989.240127862,2862462.221566408],[4685969.313842751,2862546.335775283],[4686137.508492955,2862782.9097778937],[4686512.674173848,2862996.0188704897],[4686758.138812365,2863359.1106462153],[4686839.830575939,2863683.5307589155],[4686632.895635127,2863817.664733577],[4686758.158074739,2864119.8906462705],[4686294.710448359,2864501.0433241236],[4685263.18140693,2864810.0096103176],[4684747.53095058,2865109.526887527],[4684861.3477809,2865504.2125370577],[4684705.834762929,2865614.3775468287],[4684673.937340007,2865762.598706378],[4684805.068718702,2866180.298036187],[4684912.17918887,2866294.614499882],[4684786.521214923,2866486.2470246856],[4685117.582948704,2866841.4310769415],[4684869.472391847,2867502.229078182],[4684904.039016191,2867883.793424022],[4685083.660000574,2868311.210847485],[4685654.997287029,2869031.1999561666],[4685457.421426292,2869804.721005805],[4685486.223292314,2870512.278648377],[4685723.590851357,2870781.129018746],[4685729.593796818,2871129.1361705996],[4686618.73252065,2871210.900905798],[4686592.348647826,2871530.3882892546],[4686113.210776215,2872018.508380894],[4686043.508851961,2872268.193592072],[4685730.050337763,2872276.6820981842],[4685771.240406803,2872504.0622738623],[4685591.410352141,2873116.1230709655],[4685641.9734631935,2873509.7440347313],[4685537.102884667,2874683.5770755424],[4686329.109150066,2874797.819492961],[4686188.537630703,2876560.965818121],[4686581.367879048,2876628.3229420837],[4686550.982289587,2876972.0824759197],[4686429.890472032,2877093.312440365],[4686606.409058314,2877316.9085848136],[4686730.367613442,2877339.10629708],[4686782.917969642,2878042.254581145],[4686548.650388172,2878664.337498766],[4686483.760163597,2879333.923009584],[4686162.706218809,2879705.84377501],[4685979.392097291,2880111.0005978174],[4686033.232450927,2880262.9097819636],[4685590.722263346,2880629.9246638357],[4685597.655717634,2881022.5304698166],[4685906.775493744,2881188.666809349],[4686074.822942157,2881559.710999104],[4685963.038067864,2881910.2770099756],[4685815.788857173,2882020.938618781],[4685882.929125223,2882155.4968390157],[4685591.731363535,2882391.308892564],[4685202.295303334,2883697.0763885495],[4685261.851501562,2884238.2736246074],[4685066.425867693,2885399.919578359],[4685208.517907307,2885794.8636235613],[4685167.050277486,2886481.064628584],[4685314.1185770705,2886482.14206233],[4685637.914504546,2887273.477488475],[4685821.787123355,2887395.5301456596],[4686018.452007463,2887409.070230801],[4686062.281258681,2887540.05982873],[4686310.752774715,2887635.0307751507],[4686389.307367888,2887831.1846353984],[4686281.8435843615,2887970.7854419798],[4686387.113195126,2888511.95896645],[4686625.820258832,2889098.4803620437],[4686510.61867508,2889202.1699476866],[4686420.189867889,2889153.338800174],[4686204.368858511,2889261.670988954],[4685821.404122041,2889752.8129523965],[4686029.891237227,2889988.5632024296],[4686140.457697441,2890374.244857305],[4686254.079069538,2890429.806113981],[4686590.294359381,2890188.6062735245],[4686733.8762896005,2890210.230924859],[4686777.517486878,2890093.2878416227],[4687362.82317854,2890450.7210322423],[4687433.076393783,2890691.0715903416],[4687601.127935591,2890896.8195810355],[4687705.985781775,2890882.2035119412],[4687954.5618159715,2891149.2753154896],[4688088.33730237,2891159.215014351],[4688427.5651993435,2890955.2142925244],[4688623.22800014,2890647.604788802],[4688861.464636207,2890623.2615834577],[4689525.069495542,2890264.570925637],[4690496.690593718,2890782.237628226],[4691330.858429888,2890681.625183502],[4691296.80884539,2890407.552242419],[4691502.798321668,2890056.1951509933],[4691549.853249135,2889761.329490645],[4691438.16840965,2889521.8719598725],[4691359.230729628,2889513.3955087424],[4691389.9136960395,2889058.94552253],[4692132.378045693,2888949.868933629],[4692922.686593758,2888977.3186847195],[4693434.680380703,2888894.0320080626],[4694147.545609446,2888636.4251019554],[4694528.497376166,2889226.051576543],[4694985.509038273,2889280.4139059028],[4695545.263036389,2889096.191991798],[4695659.446373285,2889263.0314890402],[4695811.50878048,2889298.208621187],[4696090.227373376,2889164.2536974372],[4696326.221155374,2889522.2335841972],[4696664.2387941005,2889211.978851882],[4697081.727215271,2889177.5938474736],[4698117.534674319,2888821.588449486],[4698345.324617579,2888424.282718785],[4698304.111409716,2887837.7212425224],[4698189.275259343,2887716.7969688186],[4697957.923253624,2887739.429821484],[4697874.03532327,2887396.6063743504],[4698002.708159609,2887211.9864410185],[4698681.320683806,2887102.0047961236],[4698784.208870734,2886828.0547120622],[4698567.695051728,2886469.038979071],[4698993.881258696,2886262.698631181],[4699233.523341346,2885938.659587897],[4699371.356608166,2885410.1849937113],[4699334.695552726,2885185.176895728],[4699177.785934231,2884948.9996567653],[4698872.188353429,2884790.978348517],[4698852.889341099,2884330.189835898],[4698572.1707871575,2883926.968887639],[4698456.002214644,2883571.1111601577],[4698709.055958451,2883475.5687450864],[4698846.337516138,2883163.5689504067],[4699156.86578541,2883401.5977065703],[4699361.19990803,2883310.5560948267],[4699518.898279443,2883356.6892915405],[4699524.789179521,2883513.470387688],[4699700.067179942,2883572.7509517865],[4699892.32108538,2883842.863968398],[4700936.509504687,2883443.7533601257],[4701086.132136059,2883583.901490008],[4701049.878010477,2883709.3300902992],[4701400.555966469,2884018.511234467],[4701572.6229590755,2884477.776934683],[4701953.124913382,2884654.971567263],[4702218.456943346,2884931.824490441],[4702245.210025493,2885128.1037639924],[4702483.148222125,2885084.347615527],[4702794.934069099,2885301.831475037],[4703117.64949895,2885303.872129068],[4703324.018305485,2885498.7032667794],[4703654.545733312,2885395.152698099],[4703982.702103698,2885418.246265473],[4704327.475140146,2885290.786501293],[4704446.584206788,2885440.540614931],[4707399.499570208,2850369.0652918154],[4668791.299009281,2847066.2784620402]]]}},{"type":"Feature","properties":{"flugjahr":"2011","gebiet":"K\u00e4rnten"},"geometry":{"type":"Polygon","coordinates":[[[4611172.825386974,2624627.760985838],[4611606.733058752,2614645.5022802493],[4636590.123601754,2615781.471485536],[4637058.806893189,2604857.924885578],[4636426.537576,2605013.197443236],[4636140.66266171,2604887.605173482],[4635935.483067136,2605001.1416291217],[4635948.767249178,2605208.7837017532],[4635551.404382243,2605521.562078465],[4635308.443899653,2605593.530707186],[4635059.698184936,2605540.7953462615],[4634879.925726157,2605674.084395594],[4634706.457192182,2605609.526523931],[4633683.37800667,2605672.0230457443],[4633274.485620441,2605908.460413161],[4632740.388282111,2605927.348094349],[4632135.031709578,2606252.7861152077],[4631703.139497955,2606144.2213801467],[4631354.272305243,2606191.61561445],[4631010.330427497,2606025.5655268207],[4630720.674221032,2605751.7608384965],[4630659.964275358,2605467.8107808977],[4630415.029872976,2605447.285221941],[4630279.660209168,2605348.5700020487],[4630169.590602673,2605055.031767074],[4629913.853176377,2604847.1429434475],[4629329.005484459,2604871.4395146733],[4628808.143880681,2604756.281080678],[4628117.21177476,2605342.087361094],[4627696.296287298,2605361.922264104],[4627466.253507259,2605459.238037759],[4627380.479504125,2605962.4253681367],[4627157.361403181,2605999.716452797],[4626343.256606436,2606504.0908197025],[4626169.90039881,2606362.5690302434],[4625892.215262571,2606318.6234930875],[4625216.906720753,2606716.320445096],[4625102.3885948565,2606954.935144859],[4624524.35073035,2607300.3135144264],[4624517.63749933,2607417.865600072],[4624211.781595073,2607478.317203221],[4623760.500996339,2607835.552055034],[4623386.713504766,2607823.6042677625],[4623340.612522421,2607896.2373706624],[4622845.376688196,2608038.104578898],[4622602.503648582,2608032.008438775],[4622200.945473589,2608549.5028004246],[4621335.869812349,2608780.6628602333],[4621092.020225362,2608712.191785211],[4620936.775109664,2608559.034420043],[4620518.083442694,2608479.4955802187],[4620089.194409848,2608514.4856426176],[4619826.367518938,2608709.6661284356],[4619452.964920242,2608664.0913315597],[4619020.641131917,2608841.9764713654],[4618797.139164706,2608425.307941673],[4618668.742715143,2608459.3712596437],[4618491.942759311,2608362.944896855],[4618231.904153145,2608404.0595558514],[4617901.158355537,2608254.1410549018],[4617559.401263632,2607909.658927246],[4617424.032208828,2607933.5988740795],[4617276.955524004,2607803.6760756653],[4617022.692954621,2607747.079460539],[4616770.419637094,2607802.9971065125],[4616447.308869293,2607760.126529791],[4615989.116552983,2607925.6578622847],[4615678.671106687,2607918.130512014],[4615485.070863465,2608013.5580425058],[4615390.189647949,2608169.4910008963],[4615155.86311942,2608184.586869117],[4614960.101172556,2607981.080946014],[4615013.202557075,2607797.08719649],[4614861.342203289,2607604.9078203426],[4614480.841727269,2607485.5432425635],[4614399.345893522,2607238.486533287],[4614131.377039066,2607179.6298499377],[4613992.669621956,2606894.013593794],[4613758.8912608605,2606725.9163730307],[4613171.632196919,2606785.5148507357],[4612691.78924272,2606701.254705334],[4612424.47179471,2606559.686077561],[4612199.312320345,2606837.130955123],[4612029.412847915,2606807.0022993893],[4611650.854873461,2607118.224947784],[4611269.068078907,2607256.1009902544],[4611079.602188056,2607833.3732154504],[4610948.233814056,2607850.1739523737],[4610802.863014037,2607665.450352309],[4610564.280249989,2607692.806951911],[4610296.1928963605,2607594.332539903],[4610196.701808737,2607467.40201221],[4609238.951970967,2607812.1580218845],[4608755.215788341,2607696.6740862373],[4607962.592268806,2607640.6554036657],[4607079.395721559,2608143.571756844],[4607042.676532612,2608268.9655010044],[4606886.625690879,2608253.891594868],[4606161.878764355,2624402.5528977076],[4611172.825386974,2624627.760985838]]]}},{"type":"Feature","properties":{"flugjahr":"2012","gebiet":"K\u00e4rnten"},"geometry":{"type":"Polygon","coordinates":[[[4608292.955344715,2655608.551795703],[4608343.195513183,2654369.1822927864],[4611845.801129323,2651061.0584083935],[4614538.494153582,2651183.2986178715],[4617873.702563691,2652144.9848724846],[4619680.636289261,2655016.7481091195],[4620010.115881683,2655177.0625810735],[4621038.164885093,2655278.910744695],[4621598.521782808,2655160.6959720985],[4621971.339614252,2655362.710501602],[4622203.327380818,2655394.354723165],[4622629.6088330755,2657298.049830036],[4626590.04203967,2658194.3415750335],[4627154.265948908,2662554.007854618],[4627965.892543201,2662665.764290695],[4628569.053942184,2662581.8672976894],[4629029.503362073,2662608.6954433937],[4629536.502380823,2662882.04782816],[4631448.654009854,2663145.38870426],[4632962.2170961965,2666300.14809327],[4633106.762532073,2666453.700918249],[4633140.622013361,2666672.0290787653],[4633322.804942862,2666798.2741393438],[4641293.17959007,2668607.1573579153],[4642059.979112253,2665740.2072291835],[4649935.554660535,2666251.080713088],[4651001.07239483,2666064.043300961],[4651225.660167669,2666105.42738166],[4652627.557334565,2665947.186277184],[4653343.138039645,2663103.1666833437],[4654136.70833585,2662319.7522101086],[4654273.28822292,2661885.612199264],[4654457.141908353,2661750.4641344585],[4654550.3484790325,2661494.1597780036],[4654716.099556316,2661408.403624692],[4655079.963398497,2661506.8160492573],[4655238.670763542,2661453.1390761724],[4655573.037982853,2661498.2658378053],[4655894.4413975505,2661814.0372922467],[4660679.9568811,2662553.7842181996],[4661067.474098976,2664330.3072702093],[4669810.137995212,2664555.9076942196],[4671415.262355122,2664571.3819491235],[4672116.772481809,2664457.9371377365],[4672316.825223224,2664580.0797182517],[4672575.494933695,2664582.5762218446],[4679451.71797725,2666492.9111278527],[4680052.752629617,2652783.3491403516],[4685057.461883022,2653013.9950882834],[4685923.862501768,2633048.692204978],[4665934.301719289,2632135.636020826],[4665498.400836483,2642110.626418955],[4660500.977878905,2641881.3142711474],[4660282.7223601425,2646872.910619106],[4655285.28984998,2646643.8189672143],[4655503.424566405,2641652.239841005],[4650505.746614778,2641423.4318635724],[4650941.519993564,2631440.483614035],[4640945.669168704,2630983.5835866584],[4640728.001547116,2635975.014576383],[4630731.835559009,2635519.219236651],[4630949.37013648,2630527.750913915],[4610955.821041346,2629619.0955039104],[4611172.825386974,2624627.760985838],[4606161.878764355,2624402.5528977076],[4605522.920012111,2639375.4368057614],[4596624.370282713,2638972.638793931],[4595492.112079401,2639699.7157001887],[4595091.502434288,2648905.9375241282],[4590065.558490735,2648679.094103081],[4590505.40783341,2649309.3982206853],[4590628.394091945,2650535.668723792],[4590209.162037848,2652432.8705483237],[4589145.83069908,2654534.166693003],[4588554.89418412,2654897.7380511477],[4587316.554003689,2656024.535471661],[4586343.0253513055,2656568.950431335],[4585455.564060051,2657852.7093125777],[4584957.448682655,2658316.5387881324],[4582744.877632294,2661451.6731681046],[4582241.036918034,2661771.1567329867],[4581433.879795493,2662106.9944599355],[4581260.707116457,2662126.2057318827],[4581050.18654289,2662036.666882309],[4580813.407693777,2662113.0421089623],[4580586.412833685,2662471.030867145],[4579432.122968038,2663528.236244479],[4579257.432030102,2667573.5808273735],[4579715.285094996,2667436.068081571],[4579735.168455906,2667496.984239374],[4580036.236095229,2667552.582605093],[4580387.520541598,2667858.0271420307],[4580790.820539895,2668509.9328920674],[4581411.705185779,2668869.0558747966],[4581916.167053332,2668658.7314786967],[4582504.52988266,2668557.2232972626],[4583662.626872721,2668885.577905599],[4583949.89932424,2668740.4716474307],[4584261.632492827,2668723.520560004],[4584359.600596148,2668624.403287242],[4584722.938840048,2668664.317563339],[4585550.230194561,2668377.568539661],[4585587.8198255,2668468.796934393],[4586038.255559549,2668222.5471687154],[4586801.569098786,2668185.993957474],[4587153.393965595,2667927.278043672],[4587691.4159226585,2667969.564495193],[4587750.2930480465,2667859.6800040593],[4587889.680246088,2667821.454601824],[4588554.070410394,2667802.433196726],[4589335.894937419,2667387.094005933],[4589713.254478949,2667392.6468879976],[4590514.0136237955,2666945.183156288],[4590986.781023886,2666899.0373853953],[4591296.435733378,2666665.4530339483],[4591332.168048035,2666535.0233030403],[4591807.004183065,2666509.9775826046],[4592870.040460163,2666237.44138083],[4593350.2574541485,2666238.6490234574],[4593806.863736527,2666505.8750517326],[4594165.414779608,2666598.610273277],[4594232.290862561,2666535.1120276228],[4594699.560802252,2666592.253995399],[4595608.687271306,2666910.4497844847],[4595856.454757512,2667108.7164316988],[4597335.052317263,2666827.0186342695],[4597878.328195523,2665358.6455046656],[4598034.496239689,2665188.1567726107],[4598417.923017107,2665031.455712873],[4598975.2652362585,2665124.2095728437],[4599125.32827007,2665254.5448454362],[4599368.479771183,2665168.019481414],[4599373.074073148,2665039.6840232033],[4599776.666440792,2665213.0076768254],[4599862.837396513,2665085.864983756],[4600392.009052264,2665227.3616490434],[4600425.477736777,2665171.857995475],[4600850.165454107,2665263.1094135735],[4601043.158145847,2665166.8114482816],[4601098.542033758,2665240.342677771],[4601554.950791168,2665282.0025270833],[4601537.661405447,2665173.1851125997],[4601768.750042156,2664892.5508382083],[4601496.354823538,2664581.624378857],[4601189.2512878915,2664377.660732867],[4601535.508184659,2663166.9391185376],[4601454.534454129,2662933.697795626],[4601517.884457551,2662859.041336474],[4601373.695137857,2662651.446121794],[4601619.090741142,2662455.991902811],[4601546.999924521,2662306.179050136],[4601702.5558987055,2662184.1819489524],[4601622.811306943,2662106.5457752477],[4601846.989691144,2661594.021963239],[4602403.2658656,2661241.0758284973],[4602484.859443994,2660920.6573158028],[4602789.211691671,2660682.8510560393],[4602909.628671388,2660436.717094644],[4603552.562146216,2660289.7788204844],[4604176.554784634,2660002.950790544],[4604674.402891118,2659967.4939072197],[4604888.396980319,2659837.64809478],[4605167.400902995,2659813.282917177],[4605552.023421746,2659962.2619364625],[4606001.946409299,2660370.789479276],[4606459.945238819,2660226.9963712925],[4606835.123201471,2659915.393371924],[4606807.318780889,2659484.990157012],[4606910.325539723,2659190.060519267],[4607116.214557039,2659085.356185139],[4607342.174124159,2659106.1041651415],[4607618.83997593,2659009.1122022164],[4607909.494044242,2658706.1854023747],[4608139.6980857225,2657848.828530932],[4608114.182403754,2657101.9211938595],[4608403.492572192,2656741.699994835],[4608197.919789192,2656145.9129130514],[4608292.955344715,2655608.551795703]]]}},{"type":"Feature","properties":{"flugjahr":"DTM:2019, DSM:2009","gebiet":"Steiermark"},"geometry":{"type":"Polygon","coordinates":[[[4759531.356882163,2720280.918483301],[4759435.9319382785,2721961.5528064882],[4763535.941444663,2722031.1214319845],[4764998.681047656,2721882.287351313],[4767241.9021732,2721319.410255506],[4768204.194147294,2720876.706781558],[4759531.356882163,2720280.918483301]]]}},{"type":"Feature","properties":{"flugjahr":"2015","gebiet":"Nieder\u00f6sterreich"},"geometry":{"type":"Polygon","coordinates":[[[4783103.967110204,2800476.8949106745],[4783904.074496175,2790692.7849302497],[4777677.001902382,2790157.476193279],[4778760.169839636,2777203.3800009335],[4773778.21072263,2776775.648449041],[4773861.461267501,2775779.2026018417],[4768879.408234176,2775351.6700373883],[4768463.149592595,2780333.8635467472],[4738570.756669818,2777773.059963526],[4737571.577441651,2789728.879722172],[4741308.135827889,2790048.7576312227],[4740724.857794713,2797023.590027755],[4783013.787276727,2800657.8765979446],[4783103.967110204,2800476.8949106745]]]}},{"type":"Feature","properties":{"flugjahr":"2011-12","gebiet":"Nieder\u00f6sterreich"},"geometry":{"type":"Polygon","coordinates":[[[4783243.985582389,2798609.0382307703],[4783103.967110204,2800476.8949106745],[4783238.306576208,2800291.9877764666],[4783495.398631016,2800166.745529264],[4783669.012877698,2799790.3978004954],[4783612.664438504,2799719.2085084645],[4784906.785201166,2800007.36010033],[4784760.037112658,2799735.592132356],[4784955.341577836,2799655.883621725],[4784966.980286768,2799442.241371025],[4783481.358888298,2798872.436064995],[4783460.812090539,2798773.151026536],[4783243.985582389,2798609.0382307703]]]}},{"type":"Feature","properties":{"flugjahr":"2010","gebiet":"Steiermark"},"geometry":{"type":"Polygon","coordinates":[[[4765813.964837378,2719822.7977471673],[4768706.329118529,2718531.3448944045],[4771499.307841485,2716227.0548094823],[4772927.159256091,2711496.792765072],[4772178.296172246,2711423.517721598],[4772207.680255421,2710431.7295687515],[4771262.113180372,2710335.2767687133],[4771660.708621949,2705394.2292741495],[4769681.239920189,2705197.4276189874],[4769835.681030378,2703241.8294597166],[4768859.606098832,2703118.1435625628],[4768927.896120215,2702161.663955152],[4768876.50297218,2702120.1072293133],[4767937.159496783,2702033.7316415817],[4768180.842487502,2699048.83131761],[4766191.6648867065,2698877.4110115524],[4766312.468736413,2696885.517232447],[4764361.240902608,2696711.622819199],[4764404.07103018,2695718.4868897456],[4759460.652766608,2695287.7725547724],[4759701.866067284,2692362.0762475897],[4759666.483977357,2692304.160171622],[4756718.408993444,2692040.3637414835],[4756914.831113661,2689059.503252827],[4737678.760260143,2687420.1265937747],[4737209.447059069,2687877.753545708],[4736893.000926231,2687887.5978791276],[4736761.190484818,2687991.251854246],[4736275.192460127,2688766.7665662053],[4735806.286395351,2689031.06560962],[4735497.514864683,2689462.1658730726],[4735354.509023652,2689914.4096214953],[4735475.600809517,2690914.943047089],[4735184.418520739,2691910.5003747544],[4734690.870576054,2692488.8188888407],[4734466.397160544,2692916.337617127],[4734002.975767932,2693224.8536882163],[4733514.386410092,2693871.6501597324],[4732986.372420139,2694249.467936633],[4733132.636594175,2694641.4038931825],[4733117.98692513,2694904.8833300625],[4733327.458210336,2695154.4003189635],[4733361.993581531,2695502.983947287],[4733276.453190121,2695973.252206268],[4732672.222961399,2696480.6709302883],[4732147.690298437,2696684.853950399],[4731635.080410656,2697575.356548927],[4731072.776662642,2697652.4783364516],[4730977.011051925,2697963.340724018],[4731135.969268169,2698150.8953781594],[4731145.985600971,2698327.3351188116],[4730929.868722508,2698699.7370770057],[4731106.298656384,2699113.2153505674],[4730906.602581908,2700158.4015995413],[4730914.33656864,2700522.651966693],[4730666.550153533,2700796.886555758],[4730365.740673388,2701737.219644084],[4730696.215898613,2702166.2158203917],[4730883.252833282,2702211.6139406795],[4731048.223614236,2702402.050914077],[4731075.461631265,2702916.0264535304],[4731588.264180226,2702922.34720861],[4732042.090265704,2702813.314411116],[4732215.206337109,2702892.9145107055],[4732491.362153191,2703456.547438211],[4732486.936505914,2703715.1438463684],[4732667.549065537,2704135.1423928663],[4733577.591270402,2705142.664726307],[4733851.635237451,2705680.4194103386],[4734150.865236058,2705959.6314956555],[4734531.07880149,2706023.034100635],[4734693.412009691,2706163.6505048363],[4734813.967458958,2706931.3275157856],[4735469.778036221,2707032.2067104396],[4735782.475099694,2707186.5849491265],[4736394.8522979915,2707226.3236268447],[4737273.070003286,2707987.2019648436],[4737948.758623403,2708064.8172809165],[4738213.066846992,2708066.4061927074],[4738705.54844122,2707885.7367755496],[4739035.5281205475,2707643.7567736814],[4739142.704352554,2707341.093829507],[4739287.9316761475,2707231.292466542],[4739847.552652578,2707201.821481454],[4740277.348583602,2707273.1053458946],[4740499.101187911,2707461.5366751896],[4740530.713103856,2707671.4562623356],[4740702.206220919,2707832.2045185147],[4740774.697975131,2708469.0912859854],[4740933.2568127895,2708802.368715043],[4740949.865248542,2709027.672735609],[4740782.939351464,2709231.4981291792],[4740425.2662215,2709315.752919886],[4740115.079034695,2709654.0868151225],[4739684.577900556,2709748.446578008],[4739401.2293908,2709663.4781357315],[4739081.097948026,2709987.23057007],[4739114.029732888,2710376.9221278247],[4739357.882648302,2711014.7190073845],[4739187.805645965,2711594.458637688],[4739289.1487060925,2711951.043483414],[4738983.069053497,2712296.6209883317],[4738749.2249225415,2713115.2988765403],[4739119.555675218,2714055.3855155567],[4739145.795550359,2714391.863397009],[4739017.467812233,2714592.457176809],[4738471.3742464725,2714967.1543077887],[4738183.872898911,2715043.0705276085],[4737739.348317341,2715008.8525046315],[4737073.354204545,2714842.038424035],[4736900.597920227,2714643.889495482],[4736516.784748661,2714569.184155431],[4736256.485731003,2714806.47492086],[4736085.242494697,2715157.4150534254],[4735582.7757826885,2715735.1762187625],[4734915.900525486,2716269.2505638027],[4734717.240349166,2716297.3229778907],[4734112.192734998,2716148.093974892],[4733842.930766219,2715880.558801871],[4732757.190067768,2715820.255540136],[4732383.045043106,2715901.3723395867],[4731708.264668075,2716817.628922518],[4731478.8643233385,2716958.1324793817],[4730997.944947831,2717086.31066265],[4730510.95855277,2716909.9589635623],[4730101.48995464,2716556.683980025],[4729836.534628283,2716562.1347892573],[4729351.254570586,2716311.1288047535],[4729232.898081134,2716143.235094838],[4729168.338831273,2715730.1720703323],[4728623.014978306,2715350.2180846427],[4728347.318249193,2714921.379078532],[4727750.05742646,2714564.4783141837],[4727091.553941882,2722580.5799719347],[4737053.552204483,2723250.459610334],[4737435.415045262,2718278.5560578387],[4755459.860760517,2719505.826554047],[4755509.503819849,2720010.447241059],[4759531.1443751305,2720284.6635331195],[4763052.166669223,2720471.573217422],[4765813.964837378,2719822.7977471673]]]}},{"type":"Feature","properties":{"flugjahr":"DTM:2019, DSM:2009","gebiet":"Steiermark"},"geometry":{"type":"Polygon","coordinates":[[[4757835.759226515,2659010.142131379],[4758086.953213121,2658641.880694387],[4758152.811926536,2658052.3644901216],[4758065.6120370235,2657779.044342636],[4758204.241402184,2657609.3208227996],[4758204.502108745,2657259.995678708],[4758347.207041126,2656631.0350249037],[4758612.659668662,2656447.212523607],[4758643.409322202,2655996.2246149797],[4759066.738750872,2655340.302701894],[4759025.351081427,2655050.1036211336],[4758542.656877497,2654819.4449361637],[4758600.129933857,2654054.371932122],[4758544.532301274,2653653.3943940853],[4758822.160355942,2652962.6475044694],[4758793.146527857,2651702.0992166917],[4758633.276332172,2651166.1699532964],[4758691.489535884,2650865.593451543],[4758200.045552904,2650078.9946303624],[4758111.6273769075,2649352.20760955],[4758189.206655441,2648470.9929981274],[4757950.614950852,2647948.4278170406],[4757971.884246844,2647415.941102133],[4757703.654864361,2646608.760638039],[4758077.601643361,2644881.575440308],[4756865.156886494,2645212.5413355865],[4756391.184901452,2645491.745911574],[4755969.352222466,2646595.1579905767],[4756342.409127445,2649451.114333698],[4756443.640561576,2650870.153507295],[4757135.663291584,2651880.2353202505],[4757174.140570879,2652374.497614845],[4757025.751095346,2652606.824635322],[4756901.13291206,2653257.65654285],[4756667.762961289,2653830.3636119165],[4756812.998246387,2654517.759039206],[4756696.12809591,2655358.109416213],[4756752.995034265,2656645.9470694372],[4756406.964982506,2658236.432667405],[4756194.278087201,2658862.5043189395],[4757835.759226515,2659010.142131379]]]}},{"type":"Feature","properties":{"flugjahr":"DTM:2019, DSM:2010","gebiet":"Steiermark"},"geometry":{"type":"Polygon","coordinates":[[[4756194.278087201,2658862.5043189395],[4755812.159043821,2660635.1578098806],[4756269.473762319,2660713.490960063],[4757308.302724565,2659771.8337535574],[4757835.759226515,2659010.142131379],[4756194.278087201,2658862.5043189395]]]}},{"type":"Feature","properties":{"flugjahr":"DTM:2019, DSM:2012","gebiet":"Steiermark"},"geometry":{"type":"Polygon","coordinates":[[[4630905.809790582,2716094.1981456955],[4631297.637163391,2716120.4790762654],[4631884.083969669,2715344.2749081114],[4632011.909784248,2714919.7034062906],[4632536.411822714,2714404.127377051],[4632610.04929119,2713959.069936633],[4632769.699308903,2713654.0644844705],[4633010.083284846,2713426.8112267572],[4633181.065195609,2712726.9605940543],[4632981.543012583,2712730.8708223845],[4632808.699069688,2713199.423682225],[4632502.891204788,2713547.8073412795],[4632207.149454408,2714168.9018637026],[4631825.592522136,2714622.9349628403],[4631581.160096852,2715239.366927538],[4630905.809790582,2716094.1981456955]]]}},{"type":"Feature","properties":{"flugjahr":"DTM:2019, DSM:2011","gebiet":"Steiermark"},"geometry":{"type":"Polygon","coordinates":[[[4631251.639469682,2716117.390718254],[4630905.809790582,2716094.1981456955],[4630814.643310766,2716429.5671132267],[4630515.46582751,2716695.1793836546],[4630354.492390574,2717303.414374192],[4630131.068402817,2717691.597393345],[4630028.868531837,2717806.047695931],[4629788.731294227,2717754.059183458],[4629587.776950208,2717859.0027653063],[4629194.745329556,2718408.565981315],[4629879.64274612,2718665.5433312315],[4630009.134268009,2718300.6090198657],[4630437.287194382,2717812.666305215],[4630499.141489953,2717522.213548429],[4630705.013198262,2717214.310273909],[4630796.417515624,2716753.042674648],[4631107.080344447,2716659.117452379],[4631251.639469682,2716117.390718254]]]}},{"type":"Feature","properties":{"flugjahr":"DTM:2019, DSM:2012","gebiet":"Steiermark"},"geometry":{"type":"Polygon","coordinates":[[[4605077.080133915,2728370.05614787],[4605794.71784101,2728402.696668553],[4605762.9238248,2728109.899963591],[4606227.2575477455,2727892.787527407],[4606872.629988704,2726997.2704535173],[4607310.103306361,2726068.278869443],[4607739.7283515325,2725660.4049973525],[4608257.815487578,2725701.9584379196],[4608646.266964511,2725661.55627226],[4609239.218755741,2725458.2977830106],[4609733.105478369,2725480.7562422166],[4610358.009277,2725028.7378288736],[4610469.433017081,2724658.4575968864],[4610207.557235517,2724257.1971342443],[4609474.09537084,2724512.0964070424],[4608466.126295996,2725109.8686920363],[4607700.998350929,2725082.120311384],[4607175.457034577,2725552.6996254297],[4606912.029782012,2725917.075859266],[4606858.904113587,2726282.996860196],[4606627.679001545,2726552.747451621],[4606491.8883056445,2726884.8852605466],[4605905.202720748,2727538.8444089023],[4605585.993597199,2727690.491008568],[4605295.270667178,2727809.4023428503],[4603659.53588928,2727943.3268219884],[4603111.799589536,2727915.4611250944],[4602633.905055072,2727574.4959752965],[4602540.974264867,2727797.486549007],[4603130.631524642,2728125.5120380213],[4604055.507133502,2728142.479768809],[4604257.7844627155,2728212.7216310464],[4604966.743967739,2728127.7872496736],[4605077.080133915,2728370.05614787]]]}},{"type":"Feature","properties":{"flugjahr":"DTM:2019, DSM:2011","gebiet":"Steiermark"},"geometry":{"type":"Polygon","coordinates":[[[4605755.820606052,2728400.926292236],[4605077.080133915,2728370.05614787],[4605097.808805909,2728565.130276535],[4604461.303620631,2729806.410898844],[4603975.871017196,2730640.1597636673],[4603640.861224278,2731060.3433487476],[4603879.5191874,2731738.7788946372],[4604186.206926141,2732031.9534680657],[4604499.131594043,2731932.0651015528],[4604665.436037076,2731521.2405288704],[4604676.793144093,2731285.5426173266],[4604514.608532342,2730781.727819852],[4605225.19996515,2729496.779124466],[4605375.75687816,2729421.536180955],[4605583.360572537,2729415.9527880987],[4606230.313474613,2729989.8656044053],[4606839.36187674,2730240.740998783],[4607279.50435113,2730277.754336246],[4607552.172707724,2730205.068761877],[4607612.680483179,2730104.7247466557],[4607813.029365313,2730104.8219044525],[4607940.814715867,2730137.6541564134],[4608188.311473207,2730387.1217187396],[4608408.846420363,2730452.1968226037],[4608599.888422871,2730664.0685071307],[4608891.734285709,2730656.3166497764],[4608948.708917107,2730476.7386814337],[4608275.727819193,2730175.897264516],[4608005.887898237,2729819.316973185],[4607522.3097687885,2729790.3346663057],[4607208.17617605,2729963.2306428845],[4606982.149842715,2729840.8593016244],[4606507.0293435715,2729779.2349235187],[4606394.575118554,2729579.9469588706],[4606219.255312331,2729511.9239863036],[4605758.830040241,2729001.526348105],[4605755.820606052,2728400.926292236]]]}},{"type":"Feature","properties":{"flugjahr":"DTM:2019, DSM:2012","gebiet":"Steiermark"},"geometry":{"type":"Polygon","coordinates":[[[4637904.384084638,2723578.7871237937],[4638444.625391231,2723615.0457749846],[4639385.099324074,2723138.7698457018],[4640840.346042189,2722757.8536177026],[4641244.000460509,2722531.070361615],[4641145.652135365,2722216.2740110625],[4638187.879642573,2723074.0576289976],[4637604.435887327,2723432.090940378],[4637904.384084638,2723578.7871237937]]]}},{"type":"Feature","properties":{"flugjahr":"DTM:2019, DSM:2011","gebiet":"Steiermark"},"geometry":{"type":"Polygon","coordinates":[[[4638436.140017929,2723614.4755728994],[4637866.201017742,2723582.0085325036],[4637866.028641214,2723841.766852572],[4638110.568017809,2723784.2196060405],[4638436.140017929,2723614.4755728994]]]}},{"type":"Feature","properties":{"flugjahr":"2010","gebiet":"K\u00e4rnten"},"geometry":{"type":"Polygon","coordinates":[[[4680929.346801777,2632817.5186860785],[4681802.819557842,2612852.6873840354],[4661810.806854845,2611949.620027745],[4661374.8222926445,2621915.883158569],[4678864.608263977,2622719.705663995],[4678428.269900177,2632702.1702218615],[4680929.346801777,2632817.5186860785]]]}},{"type":"Feature","properties":{"flugjahr":"2012","gebiet":"Salzburg"},"geometry":{"type":"MultiPolygon","coordinates":[[[[4608370.290998361,2655730.095187419],[4608295.093657835,2655611.9124392383],[4608282.3040492,2655942.3498566025],[4608370.290998361,2655730.095187419]]],[[[4608403.492572192,2656741.699994835],[4608486.732865517,2656494.1137586716],[4608283.359187325,2656244.793464877],[4608403.492572192,2656741.699994835]]]]}},{"type":"Feature","properties":{"flugjahr":"2012","gebiet":"Steiermark"},"geometry":{"type":"Polygon","coordinates":[[[4670602.973846377,2744893.555941752],[4670230.785139703,2744607.532393591],[4669961.338589325,2744189.5995619507],[4669558.539033275,2744290.098851937],[4669121.441506482,2744231.8680184847],[4668900.897581684,2744496.736555416],[4668885.808178839,2744814.5034504873],[4670602.973846377,2744893.555941752]]]}},{"type":"Feature","properties":{"flugjahr":"2020","gebiet":"Ober\u00f6sterreich"},"geometry":{"type":"Polygon","coordinates":[[[4673493.2917109085,2745026.611771687],[4665999.466451297,2744681.7347465362],[4666109.746255378,2742185.1144905705],[4661114.777441376,2741956.532607617],[4661223.976396593,2739459.910451523],[4658726.01172881,2739344.175810372],[4658836.08943298,2736848.6402348722],[4656338.034444823,2736733.9816607684],[4656448.118643609,2734237.4447447313],[4651451.862451569,2734008.3119546776],[4651561.850420622,2731511.812182078],[4646565.542471109,2731282.946670328],[4646675.442204038,2728786.5129656717],[4641679.043795986,2728557.853300114],[4641568.121229106,2731055.2733605313],[4636572.717835735,2730826.9323839713],[4635692.771676895,2750799.64563859],[4674222.03608591,2752565.6302543576],[4674462.59830072,2752212.889377951],[4674571.862075615,2751520.9393625404],[4674817.032888034,2751303.4223932223],[4674915.751709739,2751097.1840694817],[4674871.0252094995,2750835.0333063705],[4675011.441089745,2750562.302255421],[4675170.301514965,2750420.4725011997],[4675304.644211837,2750486.9444350824],[4675773.337656933,2750066.925860132],[4675999.874404625,2749737.2388446317],[4676595.816724751,2749655.8880231483],[4676802.017126922,2749456.115451741],[4676448.752040956,2749124.510297529],[4676494.545374058,2749067.8364599557],[4676284.997156821,2748599.017547731],[4676093.051161183,2748379.719380927],[4676107.039363774,2748188.2796837064],[4676663.723732696,2747673.7353443108],[4673382.894472187,2747523.2654518033],[4673493.2917109085,2745026.611771687]]]}},{"type":"Feature","properties":{"flugjahr":"2017","gebiet":"Ober\u00f6sterreich"},"geometry":{"type":"Polygon","coordinates":[[[4611041.432969788,2742140.182209234],[4610619.50082255,2742390.766240066],[4610776.64698546,2742272.4080947544],[4610309.116575073,2741273.3588819206],[4609983.803064827,2740943.170164214],[4609160.897078181,2741383.5523918066],[4607914.871462422,2740997.2886053403],[4606164.556987782,2740701.667874215],[4605657.601436822,2740502.0760479285],[4604953.837509616,2740858.1391975083],[4604800.111159071,2741026.482678355],[4604473.643665042,2741096.50675142],[4604606.016611988,2740970.784211301],[4604476.779470965,2740674.148038475],[4604020.481513854,2740253.862408531],[4603751.30848342,2739687.302621821],[4603279.314910851,2739182.1212766264],[4603007.208123108,2739070.2812791243],[4602846.494232714,2738881.3670246312],[4602775.527586011,2738486.131891973],[4602695.461646806,2738449.801823573],[4602541.665804716,2737553.2176111606],[4601933.131612761,2737385.120878948],[4601742.037082221,2737239.514415472],[4601622.347495103,2737276.6916644806],[4601726.022037918,2736558.872660933],[4601604.0447581485,2736445.2056491403],[4601665.723248947,2736032.998767064],[4601523.730367744,2735943.7503193496],[4600877.931589657,2735827.940173632],[4600667.799245148,2735626.7312223404],[4600150.93865348,2735458.098966214],[4599834.603020397,2735189.9411541666],[4599869.038129265,2735118.003997573],[4599447.486585685,2734880.3424563133],[4599606.166922712,2734288.5143946996],[4599384.741094976,2734225.5295104817],[4599357.964922234,2733885.6704835147],[4599205.346715106,2733643.7846511304],[4599116.308855895,2733029.306983678],[4599162.747274147,2732710.7355570183],[4598897.700845205,2732271.2280815984],[4598890.73753501,2731719.2330427314],[4598412.933500848,2731206.6548738377],[4598348.741389715,2730133.4973700973],[4598538.870329471,2729095.523883406],[4585857.761930207,2728521.0459481003],[4586142.807158338,2729047.2124863793],[4585864.376535467,2729630.4322107607],[4585857.382206322,2729824.2188029485],[4585653.928455823,2729953.588730732],[4585726.016824338,2730227.9941403465],[4585279.954072159,2730626.0398936598],[4585262.652987302,2730974.94538204],[4584356.085772743,2730353.125119949],[4584213.3747949125,2730501.7527643917],[4583931.872600739,2730572.5640109098],[4583726.187600705,2730478.7148001688],[4583447.147254794,2730527.62589827],[4583227.01791902,2730751.7941536386],[4583085.206395216,2731336.6968332115],[4583220.624203586,2731365.835201683],[4583557.346945602,2731725.7550244154],[4583465.966344482,2732039.795025968],[4583755.994072114,2732471.145823098],[4584188.555289391,2733420.2276975047],[4584213.1654294515,2734160.752243995],[4584089.16715775,2734487.828872856],[4584497.03592331,2734869.4809246184],[4584721.21884781,2735317.866848882],[4585224.400447832,2735113.000603432],[4585444.065025687,2735481.6385800685],[4585675.823968374,2735677.227798797],[4586121.635597558,2735809.9632186773],[4586500.672686817,2736209.3339822963],[4586572.936163851,2736456.743002572],[4586519.386376436,2737118.1929845735],[4586648.468097763,2737599.8039878635],[4587392.917503172,2738434.960708079],[4587586.249968326,2739357.726198362],[4587738.93233839,2739552.246077645],[4587674.650139226,2739590.8568798513],[4587728.133797841,2740094.5576652787],[4587325.904372567,2739950.264310729],[4585972.216138474,2740287.7122029085],[4585633.789041219,2740195.357196864],[4585320.937749261,2740375.8118388606],[4584952.355522387,2740400.1612477074],[4584568.321155975,2740377.2862895867],[4584352.280111067,2740234.43832937],[4584302.987316039,2740501.8553593885],[4584125.750521707,2740638.4107774477],[4583480.715183067,2740766.8051205883],[4582588.087230281,2740649.8869415116],[4581943.375388952,2740827.838382535],[4578994.127867745,2742210.7559207166],[4579133.998702756,2742651.826038575],[4579078.249773225,2742929.467798399],[4579288.567388087,2743237.1499081957],[4579268.522701901,2743499.898295507],[4579535.778011193,2744380.9925359013],[4579393.21047126,2744708.7421646854],[4579441.904493139,2745211.3895651647],[4610843.995994939,2746634.14596512],[4611041.432969788,2742140.182209234]]]}},{"type":"Feature","properties":{"flugjahr":"2015","gebiet":"Ober\u00f6sterreich"},"geometry":{"type":"Polygon","coordinates":[[[4597771.766377364,2831638.325830901],[4607072.317165496,2832055.112272881],[4609171.035154766,2784613.9615082815],[4584189.2851803135,2783479.354271494],[4583749.550290974,2793466.198694092],[4533962.044465991,2791216.695443063],[4534258.311395563,2791637.2487759953],[4534697.964320812,2791879.881551486],[4536795.684123611,2792154.8303114953],[4537844.285106872,2792433.543542267],[4539975.700541301,2792552.773830614],[4540764.847823453,2792885.3631580537],[4541387.541288764,2793393.6676857527],[4542075.508719928,2794265.963527832],[4543760.631583488,2796102.5181530644],[4544114.044865187,2796623.5966821113],[4544586.368539475,2797650.6356711634],[4545013.030823523,2798176.871471019],[4545606.331025044,2798566.0510167573],[4547878.769604009,2799428.4093402326],[4548355.23795414,2799750.1642689453],[4549159.2588455,2800488.1639833027],[4549618.530999536,2800755.760691],[4550360.308138319,2800941.3948101355],[4552272.7837939095,2800905.4243320255],[4553137.059527553,2801055.810394664],[4553777.540706779,2801332.338625391],[4556232.886410727,2802789.3737357343],[4557255.212858206,2803123.6743636266],[4557925.458199645,2803181.2490183613],[4562056.361673996,2803065.588992661],[4562573.973945183,2803145.001178009],[4562990.210990792,2803342.14466824],[4567309.722909274,2806213.485603945],[4567873.994301945,2806684.7249461263],[4569307.944744248,2808358.7074663653],[4570129.493436662,2809620.933143573],[4570521.409539042,2810093.6547240373],[4573533.261573921,2812474.698897074],[4573828.97868787,2812923.489083946],[4574083.063946724,2813651.789100979],[4574172.8415861325,2815228.075811444],[4574300.923493367,2815968.1409408655],[4575424.382402308,2818848.3662765585],[4575500.216554662,2819226.4602765944],[4575461.1033498775,2819612.6364421495],[4575306.179041755,2820051.283350908],[4574524.498088401,2821240.438275823],[4574436.855295773,2821886.0903532044],[4574764.740717141,2823051.321749592],[4575088.743624464,2823688.2180306767],[4575708.365132836,2825716.8446853184],[4575782.79561297,2826321.0766318846],[4576126.170076071,2827330.2940583923],[4576448.194953783,2828003.768584134],[4576391.056222838,2828193.4061373067],[4575510.079819377,2829325.0742684654],[4575389.513404593,2829912.945323889],[4575451.377214117,2830130.6234540534],[4575744.428716281,2830453.7610641858],[4575724.511910403,2830869.9902355648],[4575155.951712216,2831497.6281994963],[4574844.988768425,2831978.8852604744],[4574660.970558097,2832639.4800885306],[4574706.665224666,2833013.841520211],[4574830.355106518,2833219.1397612463],[4575277.90806741,2833500.5325764064],[4575632.193239939,2833843.0912726843],[4576104.707159469,2833484.7972460883],[4576149.701675717,2833190.787479322],[4576704.693326247,2832795.941466694],[4577020.454290155,2832792.5242215004],[4577500.544340386,2833043.6138286986],[4577444.368230415,2833164.8149268134],[4577544.980990446,2833341.704983639],[4577413.289743308,2833742.2655149773],[4577754.093284795,2834023.764437075],[4578209.388571951,2833725.7958226],[4578290.40388465,2833865.7370241913],[4578478.0249753455,2833848.687428483],[4578655.374479127,2833998.9281860963],[4578754.099299207,2834301.595891679],[4578605.967010776,2834492.250526372],[4578653.871657012,2834613.0301087485],[4578974.368783101,2834619.6751071913],[4579505.925294497,2834945.54659223],[4579706.354534269,2835472.6210901486],[4579594.671684654,2835473.4245743193],[4579558.014412482,2835635.040101176],[4579302.408584754,2835866.9498728286],[4579534.641282014,2836669.797716237],[4579816.630381373,2837003.654308089],[4580039.51836634,2837077.301575758],[4580446.250378739,2837038.703435776],[4581244.0203965185,2836698.1908160127],[4581617.793050649,2836385.269595567],[4582494.7829988515,2835367.6103278883],[4583597.871409787,2834608.5571240494],[4584119.938432495,2834140.197835646],[4584476.286413512,2833966.292782822],[4585151.293162338,2833802.6382454154],[4585325.880458804,2833826.07955342],[4585462.912877316,2833953.007260252],[4585704.347895171,2834602.896446067],[4585893.471449876,2834848.5321325734],[4586263.011193109,2835019.1014731466],[4586666.951606537,2834971.7616950083],[4587163.759525692,2834680.2390280874],[4587689.465851097,2834042.5447211787],[4588587.726094433,2833400.4809073373],[4588981.0585889155,2833277.0411912063],[4589852.659384869,2833237.4527541986],[4590704.332776946,2832928.700033121],[4590919.026648234,2832698.6430127574],[4591327.582538468,2831620.1126538105],[4591558.383123514,2831325.7952449783],[4592180.017350315,2831037.191157248],[4593181.552827704,2830767.733744437],[4594177.603594912,2830186.03740653],[4594657.936664739,2829682.3904845477],[4594862.633495088,2829569.410862406],[4596316.799051685,2829198.483677421],[4596645.917049287,2829543.373577511],[4596535.886574357,2829665.345298448],[4596516.535419289,2830025.0486293184],[4596711.004427963,2830195.8578129504],[4596687.198536484,2830540.2681562766],[4596822.706580443,2830658.074815388],[4597238.754809584,2830743.9862802173],[4597423.7917860225,2830932.7682693847],[4597592.975758173,2830948.1812519818],[4597730.999483319,2831100.526611051],[4597802.648127189,2831356.4844467132],[4597771.766377364,2831638.325830901]]]}},{"type":"Feature","properties":{"flugjahr":"DTM:2019, DSM:2017","gebiet":"Steiermark"},"geometry":{"type":"Polygon","coordinates":[[[4758357.917042271,2673285.968674531],[4758385.966760447,2673484.3376301196],[4759070.66759972,2673747.040681671],[4759326.078569213,2673743.9691971624],[4759014.0316247195,2673368.9455136824],[4758357.917042271,2673285.968674531]]]}},{"type":"Feature","properties":{"flugjahr":"DTM:2019, DSM:2010","gebiet":"Steiermark"},"geometry":{"type":"Polygon","coordinates":[[[4759299.370088677,2673745.2994929776],[4759070.66759972,2673747.040681671],[4758385.966760447,2673484.3376301196],[4758357.917042271,2673285.968674531],[4757106.579980195,2673195.0192642007],[4756326.010009354,2673384.903806784],[4756186.41352381,2673507.5382003332],[4755936.718131374,2673559.97973697],[4755670.127989087,2673472.4898108062],[4754899.831168234,2673633.835457719],[4753561.706426284,2673724.712530162],[4752626.63234137,2674193.780366482],[4751476.161642345,2674436.539576619],[4750899.745461614,2674699.00600842],[4751171.837917453,2675277.247464834],[4751588.784498423,2675065.41571964],[4752430.138263751,2674814.2831690796],[4753593.501425593,2674575.1012318456],[4754259.669374714,2674527.021376961],[4754930.0994905345,2674587.2521912213],[4755931.822241344,2674995.259466225],[4756310.5992989475,2675036.918737253],[4757353.654027695,2674891.299562215],[4757758.076738421,2675033.253821626],[4758199.274131344,2676208.022960251],[4758933.61378089,2676933.9739263197],[4759643.315364163,2676738.7902984726],[4759769.941731758,2676364.282596809],[4759802.167555817,2675881.2676265584],[4759532.319349435,2675685.5021863086],[4759411.38692336,2673899.984268029],[4759299.370088677,2673745.2994929776]]]}},{"type":"Feature","properties":{"flugjahr":"DTM:2019, DSM:2017","gebiet":"Steiermark"},"geometry":{"type":"Polygon","coordinates":[[[4758613.705667222,2670850.6961757597],[4758380.132019595,2671088.525324419],[4758303.633228933,2671333.8382188063],[4758311.451419527,2672152.4329206105],[4758461.379302462,2671697.488201826],[4758613.705667222,2670850.6961757597]]]}},{"type":"Feature","properties":{"flugjahr":"DTM:2019, DSM:2010","gebiet":"Steiermark"},"geometry":{"type":"Polygon","coordinates":[[[4758311.451419527,2672152.4329206105],[4758303.633228933,2671333.8382188063],[4758380.132019595,2671088.525324419],[4758613.705667222,2670850.6961757597],[4758196.802249244,2670947.4050017893],[4756993.838621514,2670925.4229636514],[4756357.716658084,2671133.0356607987],[4755403.126433441,2671111.599575505],[4754245.346477133,2671200.835164824],[4753981.9848771235,2671541.9402979678],[4753724.799047013,2671628.070045721],[4752805.300197202,2671628.334897547],[4752338.922902364,2671756.809104153],[4751745.352949217,2672090.593950467],[4750626.035445689,2673084.647501262],[4750004.473026839,2673326.0135295694],[4749735.111059,2673552.727236064],[4749872.642466864,2673865.4462718857],[4750891.7589667775,2673557.4895217475],[4751164.22572772,2673373.9551231954],[4751265.191736309,2673104.3621653905],[4751688.268477603,2672752.6449347106],[4752545.535157546,2672823.530593382],[4753200.854780802,2672680.7967668306],[4753449.797310095,2672440.1182709057],[4753947.140615267,2672359.169775243],[4754573.940832787,2671952.902535845],[4756422.854141224,2671976.9508294584],[4757213.363331562,2672176.936482627],[4758311.451419527,2672152.4329206105]]]}},{"type":"Feature","properties":{"flugjahr":"2019-20","gebiet":"Nieder\u00f6sterreich"},"geometry":{"type":"Polygon","coordinates":[[[4807020.474948161,2858936.5505829235],[4737288.2098298,2852931.8408634653],[4735066.985776316,2879309.5852684774],[4735536.711101615,2879070.6676258254],[4735870.047162166,2878651.3852838506],[4736277.9932965925,2878335.9531155815],[4736800.688464546,2877657.9702747045],[4737474.972457545,2877267.366429],[4737840.626908149,2876853.208491003],[4737973.982307911,2876554.3956349688],[4738196.3000412695,2876434.695962094],[4738501.996183376,2876465.6055477927],[4738733.390134715,2876780.614368487],[4739556.982735061,2877101.663302072],[4740007.257058482,2877011.0902761556],[4739964.127770585,2876827.723238234],[4741734.015346173,2876652.9407723816],[4742759.95366771,2876396.018097057],[4742860.608378445,2876409.4953611963],[4743294.745140902,2876834.792536],[4743998.644417526,2877811.9938291013],[4744568.686371528,2879074.214328261],[4746561.655412406,2878939.5781532987],[4747306.494715876,2879101.2051330223],[4747750.164380407,2879079.003989091],[4748128.569447993,2878932.208637842],[4748466.890361865,2879124.9042467573],[4748739.56047576,2879616.4290918787],[4748947.728678334,2879721.829659299],[4749116.579998109,2879684.829799823],[4749415.15645123,2879519.895332568],[4749280.018242863,2879359.4181984495],[4749338.106064071,2879214.8230159995],[4749890.341173034,2878841.9596391874],[4750017.433599223,2878601.045667995],[4749885.060297345,2878309.0380650563],[4749276.216475564,2877935.9362175567],[4749254.553234167,2877850.1704473076],[4749372.321061598,2877742.7533675553],[4750005.838496352,2877583.910269133],[4750451.624678057,2877622.9700578586],[4750984.424990499,2877073.57249504],[4751583.199681221,2877281.020901694],[4751693.776568706,2877399.0551202907],[4751643.664794825,2877686.9935731026],[4751368.319099246,2877794.3263738663],[4751396.456334139,2877976.2961252746],[4751577.652531436,2878049.3497651187],[4751862.578175588,2877936.5393571244],[4752203.226782634,2877487.4412544784],[4752200.416256604,2876634.787179428],[4752570.416111388,2876042.7884848653],[4752757.558851476,2876053.668818631],[4752911.913055515,2876170.6051040674],[4753120.834072431,2876866.5167616215],[4753376.308919564,2876883.6322260923],[4753494.470370868,2876807.767145637],[4754068.295108329,2876030.169173327],[4754140.396286828,2875761.063149718],[4753953.957228172,2875546.2381310784],[4753590.247337692,2875569.076069643],[4753308.855593203,2875827.078342044],[4753174.594359925,2876140.9782226733],[4753098.232967257,2875656.4659070102],[4753276.902544394,2875272.022822668],[4753931.3912391,2875484.315583052],[4754239.149796769,2875457.1885270765],[4754471.99554631,2875637.648010908],[4754780.893236092,2875665.0358770187],[4754946.227582718,2875868.3962196787],[4755169.245591203,2875891.059041271],[4755271.628025014,2875791.3370355954],[4755359.2807997735,2875484.0707961586],[4755872.9053727025,2875460.521924052],[4756059.869986516,2875359.2478863155],[4756043.77710207,2875226.3049315815],[4755800.502847185,2874965.1717241853],[4755818.406365582,2874539.7843327574],[4755656.22219827,2874296.333748032],[4756437.795075026,2873793.3270811043],[4756793.663321581,2873847.886408956],[4756825.549802468,2874190.5320668216],[4756710.057062244,2874676.074032231],[4756852.482907646,2874794.047404372],[4757197.460394955,2874823.4986894755],[4757359.269698429,2874702.9406083426],[4757396.694948968,2874538.5788739184],[4757251.657820299,2874384.0818153266],[4757283.351912309,2874247.6918029343],[4757825.533089047,2874424.975723755],[4758150.862470061,2874368.61539882],[4758309.744041514,2873963.729437725],[4758014.136263923,2873669.9719167054],[4757781.631611508,2873259.364311309],[4757690.94643282,2872316.1849789415],[4758441.252815569,2871656.855302865],[4758831.843033425,2871679.1654015733],[4759116.77279565,2871535.1020760145],[4759458.808263582,2871173.3761323555],[4760544.564133432,2870426.3705604337],[4761177.891614182,2869731.743812265],[4762116.231998392,2869453.063148245],[4762517.6695198715,2869240.248342936],[4762668.042831426,2869263.3066050583],[4763178.51771153,2869093.9994552457],[4764727.258768839,2868335.2426705584],[4765606.730229058,2868061.059933114],[4766559.616797532,2867421.533813935],[4767720.653808731,2866984.5306966966],[4768655.610685659,2866737.3148069987],[4769392.067687412,2866636.379246512],[4770007.959066601,2866734.9997514687],[4770000.910881296,2866890.41911748],[4770421.711816707,2867039.3708236087],[4770523.33546337,2866864.007695057],[4772015.437936793,2866572.4434994794],[4772061.325945537,2866859.243520178],[4772822.121747081,2866685.7069710675],[4772879.450305852,2866861.9421571475],[4773034.595842561,2866924.809595826],[4773005.571344494,2867130.7423045784],[4773102.2216158565,2867323.791821354],[4773818.773088909,2867178.3770885854],[4774515.497077063,2867163.415331239],[4775728.836242762,2866927.2754455474],[4776862.26436182,2866986.346754687],[4778325.800666631,2866789.3190345494],[4780136.513765937,2866894.334762801],[4781177.023450175,2866698.933847237],[4781527.323903015,2867197.981491184],[4782255.974290107,2867285.9546246966],[4782809.083842986,2867149.7912652595],[4783042.430483518,2867202.2830286776],[4783669.260933142,2866987.152938643],[4783793.631816382,2867212.244576659],[4784070.444902702,2867219.8514381694],[4784322.01584804,2867129.650957745],[4784767.57887049,2866616.651540836],[4785765.335235364,2866511.919210419],[4786135.007144407,2866615.920603194],[4786203.7065193085,2866487.349757145],[4786576.887235538,2866633.0695033832],[4786821.97068925,2868069.91692401],[4786971.705893735,2868149.579606006],[4787134.067241333,2868008.2602847484],[4787246.763500008,2867642.9243844775],[4787532.084464058,2867806.08405824],[4787844.887499893,2867667.5218472555],[4788095.480731804,2867427.20919746],[4788150.383227203,2867309.3750446485],[4787795.583103077,2866847.262646995],[4788248.382607014,2866543.1306841513],[4788386.926425915,2866618.5743080843],[4788446.250416597,2866317.774500989],[4788861.536764399,2866355.5298542124],[4789633.396416036,2866745.113590133],[4789760.1502526635,2866531.1855505356],[4790074.352052137,2866732.2685184977],[4790112.869215274,2866861.479759313],[4790001.3759325035,2866900.843015258],[4789998.724548035,2867012.2215174674],[4790178.0740316585,2867229.1582816085],[4790378.393030009,2867299.9233726715],[4790366.438666865,2867701.0596460197],[4790669.795941083,2867742.8800131013],[4790879.801005549,2867452.8505523037],[4791122.536732313,2867673.6696236744],[4791212.426191282,2867999.2258318],[4791341.977316118,2868006.5427939957],[4791439.292231218,2868151.620062767],[4791610.199133121,2868054.2403115025],[4791867.7484829025,2868283.0723791425],[4791820.687147073,2868391.249871678],[4791976.573397895,2869217.511938282],[4792112.461719044,2869391.535054959],[4792027.10985144,2869482.43530869],[4792179.024091077,2869631.9262231537],[4792400.382883883,2870114.7494743904],[4792642.37345606,2870463.742772396],[4793002.743522222,2870513.5673023555],[4793071.713690506,2870640.691740272],[4793494.731073307,2870935.2862499785],[4793650.074846424,2871254.004796055],[4793712.462491389,2871870.176113072],[4793404.351421295,2872095.8367803227],[4793422.046855545,2872307.013628902],[4793554.97289307,2872374.731320876],[4793510.327611976,2872494.2452860586],[4793680.170872046,2872973.8974410314],[4794192.608963372,2873786.314330387],[4794056.24026895,2874303.9817847265],[4794126.759971383,2874645.724071393],[4794386.379118364,2874972.9428900653],[4795064.097254857,2875417.3718842804],[4795006.627056074,2875532.247240995],[4795078.329531499,2875597.0920524313],[4794843.185823049,2875779.750775396],[4794951.73233466,2875916.8500993787],[4795264.0523828305,2876048.293110545],[4795574.287487677,2875767.1592338965],[4796059.228987488,2875540.539554458],[4796404.475800633,2875268.974871429],[4797951.1490199715,2875318.3396086404],[4799124.094711168,2875580.499329542],[4799365.607339214,2875130.276626202],[4799648.710985453,2875297.6226782557],[4799990.515116376,2875771.036953898],[4799920.427987027,2875945.1669221856],[4800245.270521816,2876222.859169012],[4800309.409654438,2876592.250807286],[4800819.181127627,2877028.412645912],[4801566.526389491,2876221.570582889],[4802031.160066636,2875928.6018439652],[4802439.447062838,2875477.4264018517],[4802838.849657943,2874872.8004883206],[4803493.985112136,2874943.172415686],[4804089.186989227,2874834.888060618],[4804979.720570335,2874318.8263092153],[4804999.679896429,2873870.6203024955],[4805769.440912915,2873770.653852783],[4807020.474948161,2858936.5505829235]]]}},{"type":"Feature","properties":{"flugjahr":"2020","gebiet":"Nieder\u00f6sterreich"},"geometry":{"type":"Polygon","coordinates":[[[4807021.564782342,2858934.599297632],[4808783.815577488,2838006.1244979063],[4788860.144400336,2836287.97767679],[4788776.2642894145,2837285.5482620248],[4768851.59483278,2835570.239076104],[4767174.9906114,2855501.8616032694],[4807021.564782342,2858934.599297632]]]}},{"type":"Feature","properties":{"flugjahr":"DTM:2019, DSM:2017","gebiet":"Steiermark"},"geometry":{"type":"Polygon","coordinates":[[[4637829.174591716,2723850.439716095],[4637819.522328768,2723520.053607982],[4637589.729550956,2723441.1156190936],[4637829.174591716,2723850.439716095]]]}},{"type":"Feature","properties":{"flugjahr":"DTM:2019, DSM:2017","gebiet":"Steiermark"},"geometry":{"type":"Polygon","coordinates":[[[4629869.250702019,2718660.567545086],[4629260.522868645,2718414.813072031],[4629147.703314679,2718481.529179905],[4629821.790320807,2718802.536375321],[4629869.250702019,2718660.567545086]]]}},{"type":"Feature","properties":{"flugjahr":"2009-10","gebiet":"Steiermark"},"geometry":{"type":"Polygon","coordinates":[[[4758357.917042271,2673285.968674531],[4758457.953278116,2672720.9087573346],[4758311.451419527,2672152.4329206105],[4757213.363331562,2672176.936482627],[4756422.854141224,2671976.9508294584],[4754971.437208126,2671933.3741906723],[4754573.940832787,2671952.902535845],[4753947.140615267,2672359.169775243],[4753449.797310095,2672440.1182709057],[4753200.854780802,2672680.7967668306],[4752545.535157546,2672823.530593382],[4751688.268477603,2672752.6449347106],[4751265.191736309,2673104.3621653905],[4751164.22572772,2673373.9551231954],[4750891.7589667775,2673557.4895217475],[4749872.642466864,2673865.4462718857],[4749735.111059,2673552.727236064],[4750004.473026839,2673326.0135295694],[4750626.035445689,2673084.647501262],[4751745.352949217,2672090.593950467],[4752338.922902364,2671756.809104153],[4752805.300197202,2671628.334897547],[4753724.799047013,2671628.070045721],[4753981.9848771235,2671541.9402979678],[4754245.346477133,2671200.835164824],[4755403.126433441,2671111.599575505],[4756357.716658084,2671133.0356607987],[4756993.838621514,2670925.4229636514],[4758196.802249244,2670947.4050017893],[4759036.089007885,2670734.0234537576],[4759096.37548749,2670640.347839372],[4759078.299003256,2670285.3674103483],[4759208.933320007,2670222.0350927073],[4759627.564353159,2669485.2264923705],[4760233.294556641,2669063.635228736],[4760419.8651748,2668846.6125886645],[4761544.1698442465,2668166.624512794],[4762044.379134022,2667562.4176063305],[4762507.863516218,2667471.1532001463],[4763017.0202057725,2667212.5271282922],[4763585.344505792,2666607.2292121025],[4763789.700792955,2666519.817825377],[4765494.531445591,2666413.016306441],[4765839.703777297,2665807.726629325],[4766183.828602915,2665678.4287569923],[4766881.026920175,2665784.0736367675],[4767411.622163214,2666221.2093398287],[4768152.546152946,2666428.158303196],[4769026.320712108,2666055.431661351],[4770959.598829432,2665527.3710776013],[4771401.048309041,2660164.491349672],[4757836.244622488,2659001.9457885684],[4757308.302724565,2659771.8337535574],[4756269.473762319,2660713.490960063],[4755812.159043821,2660635.1578098806],[4756194.402725524,2658862.137444586],[4753134.637647884,2658601.5419595623],[4752996.0131922,2658840.574604051],[4752790.496858517,2658982.1621172205],[4752122.696000186,2659067.2201142944],[4751795.5959147625,2658972.2322072927],[4751379.838168183,2659264.884960818],[4750686.677369578,2659170.8984972574],[4750397.353609561,2659216.242048631],[4750176.217182743,2659048.8303605514],[4749973.46939983,2659028.584287311],[4749707.406275677,2659120.508447379],[4749501.184678957,2659415.8092952436],[4749087.4161015805,2659438.8355720737],[4748653.195547422,2659658.6702830005],[4748773.910839909,2660449.4039188023],[4748610.415088125,2660754.3265789826],[4748583.932152745,2661172.9109077463],[4748251.228933191,2661863.135245356],[4747999.772416835,2662160.370504362],[4747965.959649564,2662704.7028526124],[4747817.328946988,2662827.920623305],[4747533.056624678,2662873.9936383897],[4747383.894969384,2663395.4106126395],[4747345.753121058,2664104.2534622345],[4746725.092305678,2665132.7738527907],[4746699.839917274,2665678.8099420536],[4746541.619633599,2665953.1202604147],[4746501.183291418,2666374.77761246],[4746878.721301318,2666899.3300775215],[4746865.066773291,2667467.3233361244],[4747049.020453193,2667767.107851567],[4747142.841216007,2668711.408710097],[4747404.6506659,2668839.6737205],[4748204.579492322,2670189.452628079],[4748605.075234505,2670016.578031108],[4749056.786546298,2670131.407101574],[4749265.945758344,2669998.2381971944],[4749559.546822767,2669973.485579397],[4749657.897934729,2669671.1059993715],[4749852.422161049,2669552.0152737843],[4750353.442852308,2669661.397198988],[4750487.96143028,2669768.7559948275],[4750650.105880773,2670571.115806666],[4750515.4849711,2670900.205140705],[4750244.407187534,2671143.3048185552],[4750423.617910585,2671647.723383836],[4750429.481177919,2672039.4098971286],[4750328.11646673,2672331.644603851],[4750169.162183389,2672516.8186917007],[4749259.559527179,2672905.370576374],[4748841.318965578,2673469.0942842816],[4748549.537742639,2673544.6111796177],[4748333.173917409,2673501.5191126093],[4747890.133527734,2674589.784893667],[4747941.580649887,2674868.7425244087],[4747819.491886421,2675099.8727366524],[4747747.699968201,2675794.702257985],[4747574.521782801,2676203.0822225227],[4747030.37904866,2676574.190566392],[4746543.516197367,2676733.6890970124],[4746253.971398336,2677102.6565867774],[4745756.3025574805,2677332.473493186],[4745674.00129184,2677608.225720321],[4745957.644587102,2677874.69668001],[4746017.63429421,2678036.655430576],[4745843.424678325,2678559.1139871217],[4745632.173453167,2678716.465107416],[4745334.898071241,2678700.0452655065],[4745057.077653149,2678819.842247114],[4744876.473100059,2679125.215439226],[4744939.967810005,2679333.959054115],[4744893.263003268,2679507.978074664],[4744488.512350906,2679874.654444166],[4744040.314832889,2680456.3747528493],[4743813.886648431,2680571.9746796093],[4743146.072167501,2680606.0256730733],[4743094.925644414,2681001.031221369],[4742933.432287229,2681188.7311108867],[4742594.439337071,2681267.0765739745],[4742429.598098416,2681229.70699793],[4742096.613993688,2681403.9588380335],[4741994.992496134,2681721.4857471893],[4742250.433457556,2682006.891983789],[4742311.098181179,2682427.1576550878],[4742055.432768753,2682774.6707924535],[4741267.867100574,2683191.8776548286],[4741029.150223234,2683704.304398615],[4741162.476995043,2683971.520044825],[4741176.384071471,2684270.476781871],[4740811.169911893,2684717.9868368977],[4740450.096221318,2684777.093012158],[4740407.280546565,2685278.961506067],[4740295.044581837,2685269.2325500273],[4740244.511617223,2685404.50111879],[4740312.835798006,2685660.7383702947],[4740216.231047063,2685879.5906853946],[4739681.417219203,2686357.292126069],[4738557.0681784265,2687000.1250093016],[4738390.360800787,2687177.2377134473],[4737860.463686538,2687293.7907376615],[4737678.760260143,2687420.1265937747],[4756914.831113661,2689059.503252827],[4756718.408993444,2692040.3637414835],[4759666.483977357,2692304.160171622],[4759701.866067284,2692362.0762475897],[4759460.652766608,2695287.7725547724],[4764404.07103018,2695718.4868897456],[4764361.240902608,2696711.622819199],[4766349.173891921,2696937.203786173],[4766191.6648867065,2698877.4110115524],[4768180.842487502,2699048.83131761],[4770760.018393806,2667755.867716702],[4770335.350754947,2667763.6753788292],[4769857.729244884,2667982.737179661],[4768940.7767391065,2668015.62473362],[4768351.881727475,2667848.461556075],[4767906.280163037,2667546.518586714],[4767035.768126112,2667705.0884546423],[4765627.206287194,2668174.760026605],[4764584.851113361,2668343.2679191963],[4764105.442704638,2668593.349164595],[4763363.692244418,2669183.5448305034],[4761859.171455853,2669884.118579358],[4760594.8137315875,2670674.5052432194],[4760246.590778888,2671284.115114989],[4760123.767665958,2671669.9312747987],[4760091.361697768,2672486.369354704],[4759673.6624513315,2673075.2822433147],[4759405.573414597,2673733.71251001],[4759326.078569213,2673743.9691971624],[4759411.38692336,2673899.984268029],[4759532.319349435,2675685.5021863086],[4759802.167555817,2675881.2676265584],[4759769.941731758,2676364.282596809],[4759643.315364163,2676738.7902984726],[4758933.61378089,2676933.9739263197],[4758199.274131344,2676208.022960251],[4757758.076738421,2675033.253821626],[4757353.654027695,2674891.299562215],[4756310.5992989475,2675036.918737253],[4755931.822241344,2674995.259466225],[4754930.0994905345,2674587.2521912213],[4754259.669374714,2674527.021376961],[4753593.501425593,2674575.1012318456],[4752430.138263751,2674814.2831690796],[4751588.784498423,2675065.41571964],[4751171.837917453,2675277.247464834],[4750899.745461614,2674699.00600842],[4751476.161642345,2674436.539576619],[4752626.63234137,2674193.780366482],[4753561.706426284,2673724.712530162],[4754899.831168234,2673633.835457719],[4755670.127989087,2673472.4898108062],[4755936.718131374,2673559.97973697],[4756186.41352381,2673507.5382003332],[4756326.010009354,2673384.903806784],[4757106.579980195,2673195.0192642007],[4758357.917042271,2673285.968674531]],[[4754269.811422677,2681409.813084066],[4754564.069940719,2680662.6739620618],[4755403.191151482,2680143.1605616417],[4756152.768566211,2680499.4066188186],[4756488.137481367,2681118.691874735],[4756274.992662232,2681524.216851856],[4756552.289230238,2682939.6768617393],[4756706.807397769,2683275.2371633393],[4756659.35650886,2683830.6402967735],[4756442.087854075,2684238.9773201505],[4755877.070979989,2684514.985671773],[4755496.411787328,2684334.077631151],[4754987.8005529065,2682962.9093975327],[4754575.485372334,2682431.1385331186],[4754269.811422677,2681409.813084066]]]}},{"type":"Feature","properties":{"flugjahr":"2008-12","gebiet":"Steiermark"},"geometry":{"type":"Polygon","coordinates":[[[4609182.963086818,2717644.601695551],[4609810.419111425,2708186.0911788237],[4609489.624551135,2708361.2292285035],[4609394.001412159,2708603.9901410746],[4608763.9103564955,2708693.6071019247],[4608020.338709026,2708540.8051441214],[4607878.409862492,2708583.123493329],[4607439.112939986,2708194.123310417],[4606852.904584112,2708228.4936147532],[4605696.03575755,2707916.3777221725],[4604598.149604371,2707329.3141387324],[4604177.052148578,2707166.021716432],[4603650.162009922,2707087.7606845642],[4602859.4779165555,2706680.7462080824],[4601243.418338314,2706300.920162971],[4600917.197873723,2706146.924792634],[4600713.817834676,2705863.3315942036],[4600352.246650317,2705644.8649148224],[4599977.196544534,2705537.4641578672],[4599045.645466627,2705045.3587353146],[4598556.245810128,2704917.5671945997],[4598117.730247406,2704470.6299520195],[4597783.957046293,2704387.724866339],[4597452.08260023,2704451.6771007325],[4596960.539632139,2704274.1060179668],[4596640.926057052,2704029.7102658115],[4596062.325102455,2704194.1133049144],[4595739.253504168,2704011.934579202],[4595452.349386897,2704082.437143408],[4595014.143477171,2703943.1491109347],[4594704.871968624,2704010.125210005],[4594478.348397538,2703951.5800793706],[4593870.1555340765,2703998.764599359],[4593654.573391906,2703911.7804345395],[4592914.499351188,2703884.6713992194],[4592593.035724577,2704259.898301865],[4592290.800709487,2704396.0755352415],[4592111.531906571,2704893.2863571104],[4591853.341775855,2705095.4853649056],[4591355.888195669,2705217.172229663],[4591241.2238355465,2705437.2011257913],[4591062.457470829,2705524.1555248047],[4590988.210079817,2705761.8656734005],[4590729.044239904,2705912.7864557886],[4590503.974846651,2706403.3731619483],[4590258.768871328,2706456.8059228733],[4590299.550358858,2706772.2902725884],[4590202.82726713,2707197.6052424605],[4590481.744703801,2707552.37956801],[4590878.934693561,2707870.4920798186],[4591054.953193528,2708756.8779367483],[4591046.81482411,2709137.196616089],[4591196.852897484,2709530.1852682377],[4591651.824969733,2710232.1328021316],[4591685.839154808,2710964.535358131],[4591938.594553136,2711218.5996989477],[4592157.481367568,2711742.7640269],[4591992.0064423885,2712376.5889585363],[4592030.5815604,2712792.291981159],[4593550.832850477,2712861.1353700347],[4593594.602444864,2711862.6170721985],[4599841.359799074,2712145.6724468614],[4599863.260459345,2711645.9740160545],[4602361.889721014,2711759.3053078493],[4602208.687024992,2715254.571454599],[4603458.011650313,2715311.241726111],[4603414.222898771,2716309.7738679675],[4604663.537535604,2716366.468733292],[4604598.925158162,2717839.784707867],[4605973.554412658,2717926.0108211604],[4606172.818011967,2717826.3960349923],[4606194.14092372,2717501.913450173],[4606269.037716266,2717450.456676859],[4609182.963086818,2717644.601695551]]]}},{"type":"Feature","properties":{"flugjahr":"2008-12","gebiet":"Steiermark"},"geometry":{"type":"Polygon","coordinates":[[[4609854.450518938,2707528.9933089144],[4610319.533335357,2700189.533557621],[4609182.151442959,2700110.511319916],[4608877.870654876,2700203.418772768],[4608508.555102321,2700065.508956278],[4607650.82220567,2700221.803985146],[4607069.223728582,2700187.186272138],[4606881.01456825,2700107.4662058754],[4606740.086360427,2700448.3496291847],[4596350.930129616,2699754.899522625],[4596074.882944034,2699800.0943457587],[4595812.369615598,2699719.673716521],[4592864.882301727,2699522.510252573],[4592784.7778186025,2699783.86473751],[4592499.813601668,2700082.6141449283],[4592456.936908441,2700570.9096485563],[4592132.887112139,2700824.369395419],[4592098.081732424,2701219.4690112956],[4591872.300713652,2701595.9215911645],[4591980.347077139,2701953.465687716],[4591677.871793314,2702709.1170236575],[4591731.809614401,2703135.7450159667],[4591629.492208849,2703356.711529907],[4591265.672214811,2703694.398717357],[4590957.674606261,2704293.1960642487],[4591036.88558784,2704998.524539894],[4591273.63375659,2704975.565082517],[4591940.969389262,2704448.429338569],[4592184.171875334,2704029.8090344565],[4592178.949310366,2703788.5263875816],[4592270.41000104,2703666.31240668],[4592593.44813853,2703578.7356939088],[4592857.884086564,2703718.0398229053],[4593157.924155652,2703721.1312502176],[4593812.611177316,2703572.0359037],[4594080.014363962,2703403.8453111704],[4594653.844034288,2703544.0978169525],[4595228.679608465,2703849.2991032964],[4595583.647537582,2703735.286281864],[4596225.285160948,2703870.727040355],[4596799.535233765,2703842.8701965148],[4597516.4497034075,2703993.5422828523],[4597710.595024573,2704125.494012212],[4598129.254060922,2704238.7375828736],[4599069.707776198,2704284.1705255816],[4599576.398137985,2704207.239098577],[4599984.233325589,2704542.297778791],[4600074.06854772,2704805.268599067],[4601457.137363605,2705545.9744077763],[4602707.623887274,2705937.442655181],[4603329.519451124,2706232.8213478527],[4604599.2412895225,2706533.071246742],[4605348.800295782,2706976.350987601],[4607443.986310165,2707048.004828166],[4607864.560897767,2707223.024270427],[4608186.533286383,2707484.0934041827],[4609469.024675766,2708007.0965469675],[4609748.957431525,2707824.0302755274],[4609854.450518938,2707528.9933089144]]]}},{"type":"Feature","properties":{"flugjahr":"2010-11","gebiet":"Steiermark"},"geometry":{"type":"Polygon","coordinates":[[[4609940.643629286,2706209.0526084034],[4609855.581696752,2707602.03176922],[4611191.9540090095,2707712.550438221],[4611433.78834529,2707910.9491529777],[4613864.146824345,2708452.338022541],[4614290.842768097,2708680.00076583],[4615661.055983116,2708851.7087103482],[4616211.295630904,2709100.642571727],[4616763.181819616,2709164.8374912106],[4616993.360562638,2709310.731616443],[4617194.985486784,2709652.9461411997],[4617739.991144917,2709935.6097036465],[4617892.4513027035,2709924.8008427173],[4618166.605116707,2709750.176341896],[4618521.902994433,2709790.046474141],[4618626.481442678,2709885.097378208],[4618662.00554411,2710425.2784887776],[4618825.133046446,2710577.444813586],[4619203.7769425195,2710729.023483988],[4620012.257822369,2711698.767769129],[4621173.322440948,2712584.022832514],[4621512.989554003,2712643.2872484163],[4622320.185677247,2713107.9035628247],[4623253.482732231,2714322.9532038486],[4624054.881600763,2714874.747156406],[4624136.594070126,2715918.260692336],[4625255.801591238,2716838.4814140014],[4626619.125761475,2717772.9948572633],[4627964.2027822705,2718239.938339387],[4629194.745329556,2718408.565981315],[4629587.776950208,2717859.0027653063],[4629788.731294227,2717754.059183458],[4630028.868531837,2717806.047695931],[4630131.068402817,2717691.597393345],[4630354.492390574,2717303.414374192],[4630515.46582751,2716695.1793836546],[4630814.643310766,2716429.5671132267],[4630905.809790582,2716094.1981456955],[4630415.387342851,2716061.3070682567],[4630340.311441776,2716156.9307270357],[4630151.37870378,2716173.346846351],[4629738.891144179,2715962.4716564706],[4629864.696968228,2714031.872867073],[4628026.135476359,2713896.9272904755],[4627908.319462407,2714390.101239977],[4626736.13363137,2714298.9916265015],[4626907.050856266,2711330.4701544293],[4622547.538977921,2710988.280431835],[4622663.290910219,2709033.186643261],[4617725.157913076,2708697.652424531],[4617774.322233758,2706696.874232249],[4609940.643629286,2706209.0526084034]]]}},{"type":"Feature","properties":{"flugjahr":"DTM:2019, DSM:2010","gebiet":"Steiermark"},"geometry":{"type":"Polygon","coordinates":[[[4772927.159256091,2711496.792765072],[4771499.307841485,2716227.0548094823],[4768706.329118529,2718531.3448944045],[4765813.964837378,2719822.7977471673],[4763052.166669223,2720471.573217422],[4759535.828574745,2720284.9829971627],[4768204.194147294,2720876.706781558],[4769227.21810702,2720406.0588453007],[4770990.390533691,2718967.6750051584],[4773622.602713266,2717037.3685862473],[4775084.37339819,2715694.8594257124],[4773839.9732098775,2715586.478521824],[4773906.1609445065,2714614.826150843],[4772930.88802059,2714502.95458169],[4773161.721735116,2711553.4653934357],[4772927.159256091,2711496.792765072]]]}},{"type":"Feature","properties":{"flugjahr":"2009","gebiet":"Steiermark"},"geometry":{"type":"Polygon","coordinates":[[[4777158.937327533,2667552.5514409794],[4776189.242562074,2667434.5346294865],[4773883.008017866,2667520.233180036],[4772820.01095401,2667731.7639197623],[4771872.849859441,2667760.8842248744],[4771155.240553821,2667947.9724399536],[4770752.732746928,2667787.3500290965],[4767937.159496783,2702033.7316415817],[4768876.50297218,2702120.1072293133],[4768927.896120215,2702161.663955152],[4768859.606098832,2703118.1435625628],[4769835.681030378,2703241.8294597166],[4769681.239920189,2705197.4276189874],[4771660.708621949,2705394.2292741495],[4771262.113180372,2710335.2767687133],[4772252.085272505,2710482.7436375334],[4772210.920616737,2711435.576814073],[4772927.159256091,2711496.792765072],[4774586.256096528,2705999.682888739],[4775890.826481577,2703694.8377218824],[4776362.979027214,2691379.1114580333],[4779039.139199341,2686354.2289625336],[4779502.177251144,2680475.0220044227],[4776495.439590678,2676057.639522084],[4777158.937327533,2667552.5514409794]]]}},{"type":"Feature","properties":{"flugjahr":"2009","gebiet":"Steiermark"},"geometry":{"type":"Polygon","coordinates":[[[4669768.043382058,2717328.661212749],[4669875.398391898,2715690.030908376],[4669785.207537821,2715635.169952585],[4669796.679608398,2715359.679269621],[4669274.211599057,2715333.3137332518],[4669311.007552265,2714491.0429531364],[4668879.178917962,2714293.922032692],[4668415.033278988,2713808.0531411828],[4667936.391914156,2712857.0980545366],[4668039.043213876,2712467.409135217],[4667970.70291636,2712248.6186931576],[4668062.239844801,2711931.7614136445],[4668021.804201335,2711593.7628979688],[4668185.528487155,2711176.678498414],[4668238.469949714,2710552.289746568],[4668023.658790954,2709899.9014274143],[4668004.835837248,2709373.7703521345],[4668159.616950052,2709112.2367667146],[4668116.722537832,2708733.686873925],[4668338.880632828,2708413.767721411],[4668786.334252907,2708307.853745466],[4669216.359296176,2707323.157414745],[4668337.936756367,2707047.5128522003],[4668031.71672008,2707154.5630854475],[4667661.614175445,2707028.4591775583],[4667260.526556722,2706581.6311604977],[4666935.843202373,2706356.523511828],[4666731.00922845,2705387.2105788765],[4666593.469089672,2705211.736825656],[4666201.619394985,2705215.771863626],[4665867.709663385,2705633.8579919455],[4665585.165092924,2705772.034638459],[4664807.212247398,2705467.074371372],[4664526.222100918,2705524.2464071335],[4664316.80199364,2705411.539467781],[4664096.018741334,2705648.6448374675],[4664080.383593121,2706027.288886263],[4663894.741349106,2706422.156890566],[4664409.664006229,2707082.391996085],[4664455.910474838,2707283.7050640527],[4664247.269738651,2707586.4350416046],[4664112.51379326,2708099.754653828],[4663956.75201521,2708247.759441738],[4663524.872471272,2708342.054680118],[4662652.704305895,2708174.908527908],[4662044.86599647,2708284.153416903],[4661804.737249335,2708232.098672104],[4661661.707828749,2708090.407483286],[4661483.84660702,2708581.7326041395],[4660344.043429028,2709444.3403583122],[4660206.9424091745,2709760.362135335],[4659721.772090696,2710246.595798866],[4659447.790402458,2710372.160752364],[4659141.22122816,2710373.114419091],[4658883.854225495,2710280.23504335],[4658366.117660053,2710299.538646507],[4658108.188595299,2710196.629751388],[4657344.686981804,2710451.9032472493],[4657067.489417388,2710286.0529941763],[4656568.055907937,2710709.5824888777],[4656055.398692248,2711570.9288970307],[4655763.768594641,2711710.7140605277],[4655446.953028906,2712104.588628933],[4655157.593714314,2712215.454776673],[4654277.534640754,2712228.189201972],[4653841.907749523,2712476.489509954],[4653452.967007608,2712505.7202413464],[4653326.483307303,2712717.1343773864],[4653034.468245635,2712957.0025304244],[4652809.6540212175,2712966.7263593227],[4652391.92873627,2712784.4415975637],[4651924.297831279,2712212.8324489626],[4651684.742225076,2715875.3493342735],[4651823.522009916,2716524.58134494],[4651669.3068095865,2716684.259287674],[4651654.238378963,2716986.7018332053],[4657809.365541327,2717400.8396172356],[4657940.230245906,2716908.524792931],[4669615.9986954145,2717694.245028223],[4669768.043382058,2717328.661212749]]]}},{"type":"Feature","properties":{"flugjahr":"2010-11","gebiet":"Steiermark"},"geometry":{"type":"MultiPolygon","coordinates":[[[[4669796.679608398,2715359.679269621],[4669785.207537821,2715635.169952585],[4669875.398391898,2715690.030908376],[4669513.10217453,2721219.1965398695],[4669366.2011704305,2721227.0667007193],[4669360.161221337,2721308.1360162836],[4669504.41746521,2721344.027499328],[4669416.809385665,2722687.0034057363],[4668834.534321084,2722643.152338811],[4668824.308407038,2722278.1653892496],[4656014.142090997,2721689.0614672536],[4655870.729167374,2723669.3073699432],[4652906.816346607,2723549.396485824],[4652851.15660344,2724494.114004],[4652794.274552442,2724543.297378066],[4645318.822908972,2724215.7520703725],[4646036.476333593,2724525.427189847],[4646568.354647309,2725021.785004852],[4646785.789359665,2725367.2965954435],[4646822.938548836,2725757.2572109844],[4646978.677408297,2726088.6163858706],[4647164.083366705,2726880.8619276998],[4647319.1010928545,2727111.892750621],[4648094.275518182,2727438.1589508355],[4648587.485498074,2727457.728076602],[4648788.433406783,2727643.87424787],[4649193.9369894955,2727826.222452453],[4650163.83754797,2727807.071140295],[4650894.471514265,2727443.4099859814],[4651565.073254497,2726897.137304452],[4653224.689880608,2726663.350749581],[4653504.294511944,2726904.811608227],[4654437.552993611,2727304.1279732864],[4654887.277617335,2727675.0747182523],[4656469.131572141,2727728.673025443],[4656845.992291495,2727628.0299430634],[4657336.662559244,2727722.607177018],[4658712.730836411,2728558.256661709],[4660050.701808289,2729017.72000201],[4661202.029843168,2729263.60658536],[4662173.66186769,2729385.888326389],[4662978.93344328,2729020.1717927977],[4663426.604300194,2729144.1932700137],[4663683.516664504,2728851.2745663836],[4663903.815584431,2728824.354457705],[4665422.504382987,2729101.4793226444],[4665991.322134495,2729440.243656221],[4666377.366674815,2729156.615292225],[4666938.561197704,2729084.0705849747],[4668443.8531515645,2729960.890499601],[4668712.423592713,2730311.4344380195],[4669126.9763567485,2730493.1635709284],[4669606.032014128,2730553.0797930127],[4670000.964168875,2730469.6631367784],[4670397.415780826,2730646.3540180055],[4670581.750654595,2730577.1828748775],[4670875.130058647,2730632.8495750027],[4671207.320395,2730467.716806695],[4671425.284198951,2730250.7764910115],[4671701.630500031,2730148.0506078824],[4672135.68181819,2730230.5504428567],[4672785.044773794,2730641.1741192727],[4673272.746262358,2730718.284710016],[4673861.6261796765,2731099.0115266275],[4674950.71326202,2731039.791989913],[4675366.626634836,2731348.3444953132],[4675868.989976335,2731462.847034334],[4676380.37936617,2731793.415890314],[4676502.414803354,2732017.072086889],[4676554.658152418,2732550.666564606],[4676976.577716564,2732807.38051611],[4677625.061627479,2732996.436891099],[4677772.4464706145,2733124.983287087],[4677759.266830469,2733472.097943325],[4677861.4687020695,2733809.0786660085],[4678391.23172532,2734762.74788793],[4678469.126610778,2735115.2418127144],[4678731.446072559,2735371.0318432446],[4678730.058848958,2735854.728834238],[4680450.486062016,2735964.348786419],[4680572.182191207,2734972.2366157337],[4695497.426481555,2735970.6009800737],[4695662.291685812,2733476.0744289584],[4695589.579117815,2733463.6813026145],[4695573.85798541,2733341.6549755577],[4695676.3128166795,2733262.8794748923],[4695854.867885222,2730543.7255226434],[4696484.50967292,2730500.7894762917],[4696790.737563637,2726549.5672350787],[4696337.238277886,2726521.404726239],[4695844.5739834905,2726972.364529172],[4695508.7119670855,2727014.757559608],[4694755.707379964,2726592.5870230277],[4694346.13301888,2726078.5062492383],[4694047.423013094,2725996.0899401437],[4693820.694810259,2725553.7457069093],[4693263.676068141,2724917.9636127376],[4692881.138966557,2724264.5645439904],[4692606.38133213,2724080.3686576127],[4692502.397454599,2723851.6107403603],[4692287.443837244,2723676.6191104017],[4692137.308261762,2723301.030536941],[4692064.28758077,2722811.997389055],[4692290.158912879,2722226.2394973566],[4692105.631391963,2722112.363512542],[4691945.6270421725,2721858.883761258],[4691647.1112604365,2721790.8346816353],[4691488.583353657,2721652.7438344033],[4691044.094528474,2721581.9960292624],[4690919.266488419,2721430.9902805127],[4690440.45284204,2721396.5989437727],[4689942.432899213,2720979.4073915533],[4689448.03180892,2720795.3448906746],[4688768.008981668,2721131.60123073],[4688523.480706643,2721169.2833375265],[4687805.757873207,2720821.98830395],[4687337.44537563,2720894.2090742853],[4686863.2801617645,2720806.425218728],[4686579.993004169,2720583.660818417],[4686447.935989806,2720123.819823138],[4686315.945540726,2720083.1796541787],[4686114.323141167,2720247.361206579],[4685794.97162397,2720278.87846986],[4685013.047018004,2720614.8314333237],[4684544.94412068,2720614.397016786],[4684135.729179656,2720396.5934988996],[4683959.854044789,2720220.512502401],[4683888.603729561,2719981.0493332907],[4683430.085648867,2719669.655894351],[4682441.695511038,2719513.682983314],[4682109.316908094,2719591.6785424375],[4681574.026916384,2719878.7410001587],[4680667.549774774,2720053.7995150895],[4680192.1205183165,2720346.7750496045],[4678610.845018664,2720174.5615299228],[4678336.733294175,2720270.195471808],[4677641.7476603305,2720173.5826622685],[4677431.299895491,2720292.458010127],[4677052.019375716,2720318.6649187915],[4676722.336784845,2720219.6069836468],[4676431.3883974245,2720016.846806774],[4675673.5754246665,2720032.329043178],[4675358.565445055,2719785.4872498624],[4675300.068810256,2719453.533819474],[4675149.09220789,2719324.7960693333],[4674305.681532804,2719493.5988679347],[4674104.84425771,2719437.4783230354],[4673952.273826853,2719264.198463851],[4673795.5491656605,2718896.6032013004],[4673821.617839036,2718607.423772022],[4673693.627239678,2718204.4737524535],[4673257.107954491,2717665.869513401],[4673171.880689399,2717281.33590385],[4672967.478884446,2716946.083540137],[4672944.677333766,2716772.5043767137],[4673092.8505501235,2716444.0368591654],[4673116.979731848,2716086.9690823853],[4672994.284046858,2715586.58453732],[4672862.7178078955,2715500.693078245],[4669796.679608398,2715359.679269621]]],[[[4696953.719172552,2726557.7354261177],[4697990.869571572,2726623.840200224],[4698011.517551271,2726336.453655014],[4697560.093338428,2726338.3067562557],[4696953.719172552,2726557.7354261177]]]]}},{"type":"Feature","properties":{"flugjahr":"DTM:2019, DSM:2017","gebiet":"Steiermark"},"geometry":{"type":"Polygon","coordinates":[[[4632529.543429846,2721855.798844695],[4632971.816779149,2721981.0730725178],[4633687.184297517,2721613.348959388],[4633580.513503332,2721531.3671670477],[4633269.435881238,2721554.6905303076],[4632838.309514577,2721830.59655162],[4632523.080945875,2721679.823808854],[4632529.543429846,2721855.798844695]]]}},{"type":"Feature","properties":{"flugjahr":"DTM:2019, DSM:2017","gebiet":"Steiermark"},"geometry":{"type":"Polygon","coordinates":[[[4777265.668474534,2666200.925268049],[4777160.238330748,2667550.601717851],[4777871.70806247,2667515.617358506],[4778414.569182613,2667584.968494753],[4779137.936413851,2668018.8505251016],[4779666.381009381,2668056.5359395347],[4780519.68879325,2667988.011114053],[4781773.859031606,2667588.852541295],[4782122.9518002905,2667216.074504002],[4782402.4988663895,2667086.889766068],[4783470.984981857,2667017.1943039717],[4784960.298460583,2666638.2678986713],[4784798.262743993,2666444.919694575],[4784952.136831096,2665852.3758550338],[4784662.638246054,2665900.5143449917],[4783972.958153667,2665815.8067221045],[4783605.101790117,2665690.7918850677],[4783261.194794276,2665853.046631721],[4783048.294292196,2665813.1306510083],[4782915.747225268,2665588.927840757],[4782955.388528301,2665340.238944995],[4782784.802295786,2664968.8814432803],[4781254.56801502,2665166.7359052743],[4780525.811931705,2665357.214256303],[4778843.418720969,2665249.335730107],[4777518.721410425,2665500.969930537],[4776654.449525614,2665562.1336680828],[4777265.668474534,2666200.925268049]]]}},{"type":"Feature","properties":{"flugjahr":"2017","gebiet":"Steiermark"},"geometry":{"type":"Polygon","coordinates":[[[4777160.238330748,2667550.601717851],[4777265.668474534,2666200.925268049],[4776657.594460233,2665565.4204985783],[4776015.010216733,2665501.415446368],[4775516.6868023975,2665602.2316751927],[4774434.085901058,2665152.7214548048],[4774206.8413461475,2665213.9284266382],[4774107.9204229815,2665405.228517808],[4774107.103170626,2665621.67620183],[4774026.490947036,2665653.184938228],[4773773.485230531,2665596.3035821747],[4773516.044099688,2665322.095383779],[4772662.095301598,2665190.578442059],[4772315.800559858,2665211.5786473597],[4771864.165558497,2665366.2294894997],[4770138.143340245,2665703.8475451935],[4769026.320712108,2666055.431661351],[4768152.546152946,2666428.158303196],[4767411.622163214,2666221.2093398287],[4766881.026920175,2665784.0736367675],[4766183.828602915,2665678.4287569923],[4765839.703777297,2665807.726629325],[4765494.531445591,2666413.016306441],[4763826.161594439,2666508.2880237694],[4763617.337988403,2666587.523117467],[4763051.272348042,2667189.0897683688],[4762507.863516218,2667471.1532001463],[4762044.379134022,2667562.4176063305],[4761544.1698442465,2668166.624512794],[4760419.8651748,2668846.6125886645],[4760233.294556641,2669063.635228736],[4759627.564353159,2669485.2264923705],[4759208.933320007,2670222.0350927073],[4759078.299003256,2670285.3674103483],[4759067.070126258,2670711.178077731],[4758609.90276242,2670851.5783014116],[4758311.451419527,2672152.4329206105],[4758457.953278116,2672720.9087573346],[4758357.917042271,2673285.968674531],[4759014.0316247195,2673368.9455136824],[4759326.078569213,2673743.9691971624],[4759405.573414597,2673733.71251001],[4759673.6624513315,2673075.2822433147],[4760091.361697768,2672486.369354704],[4760123.767665958,2671669.9312747987],[4760564.858005061,2670700.302259138],[4761859.171455853,2669884.118579358],[4763363.692244418,2669183.5448305034],[4764105.442704638,2668593.349164595],[4764584.851113361,2668343.2679191963],[4765627.206287194,2668174.760026605],[4767035.768126112,2667705.0884546423],[4767906.280163037,2667546.518586714],[4768351.881727475,2667848.461556075],[4768984.194044637,2668016.1756797386],[4769857.729244884,2667982.737179661],[4770335.350754947,2667763.6753788292],[4770598.962289811,2667728.4534594934],[4771194.752804897,2667945.648430912],[4771872.849859441,2667760.8842248744],[4772820.01095401,2667731.7639197623],[4773931.670864361,2667517.1322498275],[4776189.242562074,2667434.5346294865],[4777160.238330748,2667550.601717851]]]}},{"type":"Feature","properties":{"flugjahr":"DTM:2019, DSM:2009","gebiet":"Steiermark"},"geometry":{"type":"Polygon","coordinates":[[[4777160.082489023,2667552.5970165385],[4776495.439590678,2676057.639522084],[4779502.177251144,2680475.0220044227],[4779039.139199341,2686354.2289625336],[4776362.979027214,2691379.1114580333],[4775890.826481577,2703694.8377218824],[4774586.256096528,2705999.682888739],[4772927.191055914,2711496.687320945],[4773161.721735116,2711553.4653934357],[4772930.88802059,2714502.95458169],[4773906.1609445065,2714614.826150843],[4773839.9732098775,2715586.478521824],[4777596.112926202,2715889.8859144566],[4777347.603888538,2718878.9638657095],[4779838.780485511,2719091.9578392217],[4779756.590167139,2720088.366297037],[4784738.81721036,2720515.454462602],[4784656.6114872545,2721511.9000815656],[4784854.580258807,2721529.214755761],[4785007.593167703,2721295.780665504],[4785421.008909611,2721073.1577455695],[4785508.803332139,2720780.3790983194],[4786011.003271288,2720774.997033093],[4786401.134519129,2720387.854106366],[4786015.061786751,2720144.6066064816],[4784782.154900162,2719939.9309492917],[4784331.193583221,2719571.7830178635],[4784196.748173475,2719668.3072538036],[4783867.485277573,2719414.9293028717],[4783581.568986496,2719396.782667058],[4783336.1031533275,2719109.1335538314],[4783076.069835407,2719040.9247442237],[4782441.402599339,2719051.4918918847],[4782234.871179668,2719187.653016846],[4782056.240610132,2719043.143423532],[4781772.857094086,2719135.9404026987],[4781449.812501029,2719049.5003357166],[4781163.674920804,2719101.873995327],[4781076.1493878,2718736.9382225308],[4781147.551059411,2718245.4022385837],[4781552.006313614,2717657.167457128],[4781757.544771704,2717710.6482630563],[4781596.593047231,2717386.4023771794],[4781783.803361325,2717137.424067717],[4781752.0264411,2716926.085988769],[4781638.816473256,2716859.0577253196],[4781449.463210164,2716969.1719406727],[4781173.360269245,2716623.151538451],[4780760.519634149,2716321.0451873224],[4780388.449075195,2716708.7533513224],[4780004.1040257225,2716907.5095233],[4779884.008509371,2717052.7677722257],[4780300.127669927,2717268.4809080423],[4780395.064414064,2717467.4166998146],[4780234.088369694,2717768.062875107],[4780243.242666252,2717958.121639559],[4780564.858327944,2718119.9061096497],[4780897.034701413,2718157.763900594],[4780771.498118727,2718396.1241503023],[4780460.571575996,2718336.4539672215],[4780239.531474371,2718162.8788901065],[4780050.615347957,2718229.117711256],[4779931.304614981,2718379.1995688123],[4779534.304561645,2717903.4156084163],[4779037.986225729,2717739.9326279773],[4778980.987933629,2717300.021185354],[4778858.516914575,2717089.8534575473],[4778701.630137116,2716993.912480251],[4778699.882293462,2716693.403708727],[4778605.638831185,2716589.808934387],[4778551.777717194,2716242.0457277545],[4778607.6101787295,2716128.9436575146],[4778685.438661164,2716147.6002187273],[4778747.130821376,2715844.019536554],[4778617.800804688,2715566.9708319604],[4778240.726406345,2715407.667099954],[4778178.90695142,2715470.572770998],[4777883.763403577,2715396.5776193086],[4777680.767947232,2715239.874885763],[4777018.381487106,2715150.146787068],[4776124.27159738,2714730.715878291],[4776403.990630833,2714268.7023147824],[4776482.322265737,2713968.661788156],[4775158.856779593,2713415.5396615304],[4775104.715067386,2713291.1713273833],[4775579.120549907,2712975.108715647],[4775579.746505743,2712741.9844952924],[4775691.276368002,2712729.055549776],[4775830.241257763,2712921.599960917],[4776071.301743384,2712658.325561319],[4776015.271395404,2712541.712085572],[4776065.90858753,2712498.405560411],[4776189.580560896,2712578.095465852],[4776191.261663981,2712413.472953027],[4776086.391105324,2712451.8857125514],[4776064.741759833,2712346.0919054905],[4776177.819751225,2712184.372686543],[4776238.305295679,2712290.722200836],[4776397.748697588,2712108.124131756],[4776398.311393058,2711995.173371302],[4776503.070705723,2712180.475666254],[4776631.156480238,2712222.3571620365],[4776574.324675954,2711740.338280185],[4776662.460771985,2711585.7078492045],[4776784.109074349,2711727.5532279266],[4776853.187372689,2711639.560415933],[4776797.807579875,2711499.202485415],[4776633.518312673,2711516.9672532915],[4776629.683922856,2711371.8307795282],[4776706.758509092,2711343.2390552727],[4776773.976179838,2711422.8015775206],[4776828.86305242,2711345.312473788],[4776963.995509871,2711353.579317906],[4776721.359098233,2711188.6720397626],[4776953.725330759,2710965.8732565325],[4776920.587373884,2710878.7313540326],[4776812.929487058,2710873.8188927346],[4776948.426988906,2710744.7238509767],[4777247.997725336,2710840.7610575203],[4777299.67220089,2710769.0787373073],[4777362.890902632,2710879.84661999],[4777433.712792445,2710835.3094840087],[4777501.430898648,2710616.54968069],[4777380.764139495,2710380.997580103],[4777630.782378946,2710161.832069701],[4777710.461491337,2709975.835675219],[4777853.456053852,2710031.516305498],[4777894.5102651,2709905.781641084],[4778004.097351655,2709919.9028478945],[4778101.990008177,2709782.0812120466],[4778115.629857792,2709622.7565488014],[4778012.853169803,2709759.195094848],[4777952.902111933,2709699.917036513],[4777978.728676118,2709528.1225546254],[4777855.622954658,2709515.58338091],[4778027.917101274,2709477.711057983],[4777881.037012811,2709082.066163114],[4778019.694121044,2709036.130151563],[4777989.626701482,2708910.808132332],[4778072.256976954,2708892.0949783623],[4778004.090411533,2708777.8991170092],[4778101.396108409,2708876.8293448733],[4778207.794621977,2708776.587488874],[4778191.764465369,2708681.5466185557],[4778317.379756386,2708663.9461790835],[4778356.564074024,2708539.7287415434],[4778167.857331603,2708450.913763577],[4778192.141408829,2708267.9887538073],[4778280.974313546,2708258.4573618015],[4778295.227131715,2708334.639915094],[4778309.734273397,2708242.919293355],[4778436.965689619,2708227.376017975],[4778129.114202363,2708148.709948918],[4778267.989579686,2708104.9552626223],[4778220.724714894,2707940.2633705554],[4778398.841516407,2708082.547648626],[4778486.692344892,2707843.3488008827],[4778616.672697019,2707868.463711227],[4778549.842027033,2707982.210074613],[4778629.754490076,2708037.9751674864],[4778712.608416922,2707907.729550615],[4778897.7572034495,2707831.2072203327],[4778977.514523835,2707576.2414496485],[4778828.2920201905,2707545.535353403],[4778866.205170233,2707241.557484567],[4778975.681287299,2707208.057730942],[4778867.202124469,2707157.0979226325],[4778944.198071779,2706995.627364366],[4778862.6334531605,2706867.3078623633],[4779174.626299525,2706689.8528296975],[4779123.645485849,2706632.763079593],[4779228.787512403,2706645.230513658],[4779086.690435254,2706547.0826487495],[4779263.738665881,2706442.847970461],[4779083.734302251,2706387.9434813485],[4779168.237275482,2706291.805248879],[4779060.819465855,2706310.748988288],[4779149.925932422,2706216.5903377365],[4779094.274219826,2706015.9191153664],[4779286.815711344,2706063.5882927976],[4779192.1786984755,2705983.890407564],[4779270.773925435,2705891.2113007493],[4779085.946626218,2705800.154145142],[4779026.584035125,2705649.7574230987],[4779220.260186742,2705662.7174062217],[4779327.291816975,2705591.576362186],[4779209.2772323955,2705512.8292287216],[4779383.461748566,2705445.668223147],[4779381.051616338,2705546.4696779265],[4779475.932254218,2705566.4971658387],[4779447.380843314,2705474.595348873],[4779518.470934551,2705411.6369363684],[4779412.810006508,2705313.1985645127],[4779548.872424919,2705338.826254796],[4779648.706029133,2705158.418016751],[4779552.766008045,2705131.5575625217],[4779617.3675338905,2705026.40630111],[4779478.2282249415,2704973.6162713324],[4779573.981363875,2704716.999774744],[4779441.1835414525,2704652.8529926124],[4779543.883157086,2704562.9926815536],[4779561.362298749,2704652.148643091],[4779703.813509242,2704617.200223786],[4779622.401098746,2704448.5688193124],[4779742.114667246,2704378.4244988263],[4779643.041442198,2704292.27073245],[4779734.367674084,2704348.7454787777],[4779935.772882523,2704008.943089011],[4780078.263038779,2704028.161365945],[4780176.261440969,2703742.9879280194],[4780415.019519242,2703563.9616619176],[4780437.493534558,2703325.594363327],[4780373.95028749,2703284.5511299525],[4780547.114020933,2703217.643419846],[4780389.356239479,2703164.8270613486],[4780524.963442544,2703065.3379455945],[4780569.046133522,2703161.091276262],[4780644.574411397,2703148.3766650464],[4780653.4571160665,2702906.983839271],[4780719.876109528,2702883.086031879],[4780666.866226669,2702845.246978981],[4780738.958376549,2702797.1108681383],[4780643.630792481,2702804.5671836585],[4780620.627442227,2702668.352069935],[4780737.405299011,2702707.252065369],[4780639.708824119,2702559.870466462],[4780830.834250632,2702519.695058866],[4780850.509911855,2702407.33695206],[4780985.312975027,2702374.379755951],[4781025.746976077,2702268.183709185],[4780938.647038243,2702210.2879690337],[4780901.153001841,2702312.500547929],[4780857.15889135,2702250.058480415],[4781105.1079094345,2702022.2897340325],[4780971.927871389,2702045.7173470887],[4781031.675924065,2701941.7964395517],[4780943.669375805,2701852.351518264],[4781025.242263772,2701805.5118774334],[4780890.29793419,2701867.399606316],[4780779.457517694,2701797.1916226014],[4780942.990938489,2701763.9488113746],[4780861.653467078,2701670.458831134],[4781015.844381655,2701501.6411776203],[4781018.697287687,2701423.671518229],[4780956.244200926,2701425.9841647977],[4781003.038306199,2701331.093925855],[4781124.118645428,2701327.5762453475],[4781172.432187695,2701224.4077204554],[4781078.701471896,2701188.494343402],[4781167.033848913,2701135.186591886],[4781217.501870029,2701207.1926905205],[4781260.308985519,2701131.086147225],[4781104.953638686,2701075.0301428232],[4781219.982891193,2700996.6945662326],[4781088.600004641,2700901.019036111],[4781219.943805018,2700884.844602441],[4781232.738282064,2700966.5809092643],[4781270.027301179,2700879.4271663507],[4781317.295021865,2700907.84345768],[4781254.939639857,2700795.6889021173],[4781445.432032546,2700818.9810054544],[4781269.328619133,2700658.846178335],[4781326.760571404,2700596.645066365],[4781242.025781729,2700583.5753051755],[4781257.39816197,2700501.07959285],[4781500.050088403,2700589.177321014],[4781511.08751525,2700500.0099606374],[4781410.253471667,2700433.678900771],[4781495.671830922,2700424.823613702],[4781426.076913846,2700278.5594564416],[4781518.999001514,2700307.6410782957],[4781495.018030034,2700151.9959662617],[4781631.4684887035,2700123.358293444],[4781552.671903969,2699965.0704255304],[4781660.970142494,2699998.0272963447],[4781711.529326646,2699923.0604884345],[4781641.303230121,2699838.268507622],[4781606.641995896,2699895.9338399153],[4781605.491615113,2699770.458653823],[4781519.460061425,2699777.0325597236],[4781622.718255908,2699718.9668497597],[4781507.344091754,2699717.962815573],[4781568.803309051,2699449.884188953],[4781454.936680335,2699462.654553745],[4781459.953632043,2699295.5874191616],[4781532.771053065,2699249.605597627],[4781428.511103453,2699173.249251293],[4781564.537516548,2699081.0753433937],[4781473.745566515,2699105.4823444462],[4781402.65064606,2699014.3256678944],[4781534.80209074,2698981.3678564588],[4781537.346579533,2699060.979360954],[4781658.534395687,2698930.5830664174],[4781531.260634322,2698890.5339809693],[4781592.3875032365,2698780.7027891115],[4781505.37991971,2698716.1068346156],[4781594.018271687,2698693.4618961425],[4781604.51102074,2698480.779803756],[4781470.684577251,2698520.3869424257],[4781443.120035365,2698413.1293682316],[4781396.281430642,2698496.2607271634],[4781284.363293566,2698477.412510774],[4781380.046773351,2698293.1207092134],[4781244.157402698,2698220.047511881],[4781180.251255956,2698041.7841270138],[4781269.128813658,2698039.266426884],[4781288.929645462,2698170.0800758745],[4781408.135555797,2698153.5624755844],[4781369.379865299,2697992.5316732535],[4781514.837761619,2698003.805513129],[4781505.144404298,2697913.4384095315],[4781627.053090865,2697916.0146655664],[4781545.4220038075,2697767.4186315173],[4781481.977276802,2697802.7747698524],[4781521.070908257,2697673.098495727],[4781685.827987761,2697676.281233476],[4781553.403367485,2697546.7668643985],[4781727.777930955,2697526.070392415],[4781660.853513592,2697436.30473995],[4781589.612173773,2697473.8130692597],[4781742.076350765,2697302.7190016164],[4781696.460009693,2697179.9115365474],[4781948.710440214,2697222.323878275],[4781737.32043238,2697006.171391688],[4781891.777805314,2696744.580422089],[4781789.914312411,2696435.0779359443],[4781991.319827866,2696241.123995618],[4782031.866638712,2696397.221495921],[4782102.056727414,2696241.762090409],[4782210.9165152265,2696259.9569857917],[4782171.627107505,2696152.8571454897],[4782262.3047183845,2695975.3345728144],[4782154.48093931,2696010.630978341],[4782118.240430868,2695932.133126258],[4782183.638922978,2695787.8506390965],[4782236.047694167,2695825.444883548],[4782292.764833772,2695746.7761823563],[4782331.808393784,2695805.3887733],[4782450.78805644,2695671.851536455],[4782220.085876795,2695574.961661081],[4782368.2433923315,2695405.8056906494],[4782315.659884321,2695336.8812752403],[4782428.916721802,2695298.0365940575],[4782424.355818749,2695221.1726554506],[4782276.966770621,2695238.052089963],[4782296.809344266,2695169.266543597],[4782344.031924993,2695075.2925137766],[4782549.250031564,2695146.8809902905],[4782592.508839994,2694952.310823621],[4782718.027540268,2694927.494734148],[4782643.033843009,2694864.3569218544],[4782473.927551382,2694909.972539447],[4782493.911267754,2694823.2266457574],[4782733.207048362,2694860.566122946],[4782805.817043779,2694789.2722996166],[4782681.138338224,2694694.078172313],[4782726.485744352,2694569.4003286273],[4782888.65394257,2694529.473904905],[4782910.5893548075,2694393.140933266],[4782820.125900021,2694415.345990481],[4782823.384558701,2694337.26347889],[4782984.172530793,2694290.627242933],[4783018.474595401,2694138.344931583],[4783146.123690939,2694101.058259033],[4783032.118909462,2694027.0267844102],[4782983.701261123,2694098.9464577488],[4782989.096196897,2693947.300504062],[4783107.412657997,2694014.1156367534],[4783357.369117413,2693793.392546323],[4783263.950722194,2693622.9598318236],[4783288.733707519,2693440.507407315],[4783359.094433131,2693352.495403422],[4783540.028012676,2693350.895006763],[4783514.294024557,2693113.6105927136],[4783698.193603206,2692967.549278392],[4783647.577223329,2692769.5514464383],[4783795.289884114,2692807.1998583344],[4783823.150241453,2692740.1644191965],[4783731.19878922,2692666.993120986],[4783604.92010885,2692690.9354663794],[4783808.8603162,2692170.1094946614],[4783704.459067996,2692127.2357776286],[4783918.663117284,2692067.696377191],[4783914.820932182,2692004.1798761464],[4783755.434930074,2691999.351872377],[4784043.543513694,2691855.3487846456],[4783933.284774829,2691809.4038040116],[4784010.390814225,2691714.4173825546],[4783961.712982456,2691630.8587419163],[4784147.349115099,2691608.1752089127],[4784049.4074827805,2691499.21359169],[4784163.745080599,2691442.9945648564],[4784106.65123598,2691296.3980062213],[4784237.996410129,2691284.763414474],[4784231.862164906,2691124.045814529],[4784349.552683675,2691106.4028700013],[4784196.384380632,2690671.564761226],[4784256.553825313,2690600.240622541],[4784192.208786224,2690558.371957726],[4784358.331870061,2690505.7078091376],[4784254.964234872,2690466.599079467],[4784259.265406242,2690378.18045711],[4784344.599790134,2690414.0800514687],[4784395.015329021,2690315.5506133283],[4784280.911890714,2690162.2635235386],[4784495.79477789,2689999.804216067],[4784516.552272873,2689773.0290199597],[4784396.0948485425,2689754.727467156],[4784574.088524216,2689594.6931999004],[4784505.574987414,2689490.965744241],[4784624.601408966,2689398.019830704],[4784574.250931033,2689233.13377319],[4784745.268585361,2689192.4170763907],[4784515.760627961,2689060.7215982564],[4784578.877441298,2688964.355664591],[4784475.60310892,2688978.6592895305],[4784436.160680206,2688844.6961635],[4784616.617684637,2688807.288128756],[4784531.87144617,2688732.1664684108],[4784665.634543673,2688621.789034914],[4784557.885684617,2688467.6134563587],[4784565.58544857,2688192.0173318516],[4784702.780457682,2688007.274462248],[4784653.166255426,2687804.7713520275],[4784404.196836748,2687526.430510738],[4784307.1732913535,2687255.2024569847],[4784248.5812864015,2686563.681910459],[4784171.491247588,2686539.1247546175],[4784344.337882907,2686335.4560945826],[4784208.672125781,2686317.1942854407],[4784269.374701772,2686141.6438683453],[4784187.928430198,2686221.3644831134],[4784180.2414903045,2686107.7284769057],[4784066.624674136,2686101.9791860906],[4784086.419192905,2685950.3900719658],[4784013.533908023,2685889.821351981],[4784126.2669299515,2685826.7044462347],[4784062.578910893,2685769.732250804],[4784019.353196327,2685872.7505366583],[4783919.040454274,2685800.363108819],[4783912.219524828,2685587.971009532],[4783369.74809672,2685635.7156619607],[4783347.468574969,2685499.11990737],[4783427.071275894,2685378.005160339],[4783335.659851821,2685312.6618429003],[4783461.832762928,2685243.852837038],[4783387.745959629,2685161.651398947],[4783273.349873822,2685225.2070395807],[4783221.996696383,2685171.0274420916],[4783334.023895026,2684856.3365284503],[4783198.9510999145,2684819.125133868],[4783211.926072344,2684667.4693853683],[4783314.30463405,2684640.8106349586],[4783222.33795576,2684564.9678174574],[4783289.169675964,2684420.507767454],[4783195.739586211,2684254.432253884],[4783310.081247571,2684045.547962131],[4783279.270483692,2683967.6633328805],[4783170.054388525,2683973.3724763542],[4783293.908242811,2683760.7847157563],[4783448.553827273,2683686.4484086293],[4783372.437497372,2683569.6326382873],[4783472.983481081,2683479.6523458017],[4783344.083676243,2683316.3939451547],[4783326.943611862,2683120.9730162276],[4782941.715392213,2682763.5016813446],[4782976.417510566,2682581.0765674836],[4783212.615139639,2682352.5315211057],[4783281.7357565,2682167.707212623],[4783209.204047904,2681987.833815869],[4783089.244063552,2681956.7277755104],[4783198.07549051,2681870.190158862],[4783096.562803077,2681562.2794840992],[4783175.026106268,2681459.7819516803],[4783270.335948157,2681547.011808021],[4783274.78429911,2681438.455862792],[4783134.83271969,2681400.9027989767],[4783062.9217170775,2681278.250334611],[4783249.158438655,2681046.0374667076],[4783416.922455061,2681029.6175135802],[4783471.7605916085,2680864.133445034],[4783362.433120382,2680805.9919973416],[4783590.973567112,2680761.6437291875],[4783548.650793473,2680695.138584308],[4783653.373175995,2680611.5154596907],[4783608.640270223,2680521.1472854447],[4783805.717773421,2680262.741991062],[4783810.515369555,2680020.635293207],[4783920.883497665,2680035.0337025314],[4783942.774161548,2679933.8121958394],[4784129.344124907,2679840.962167571],[4783999.013086722,2679794.9978698576],[4783990.761258436,2679645.327786469],[4784091.185341449,2679581.30416781],[4784557.627355357,2679901.499768532],[4785160.641709473,2678618.418300257],[4785377.761695344,2678766.695755696],[4785436.326385648,2678650.527917881],[4785273.131239764,2678634.0845000604],[4785319.681775364,2678516.687744039],[4785416.056626242,2678595.2568287994],[4785529.182319993,2678529.9700854956],[4785605.886321156,2678657.4926692727],[4785607.983046563,2678491.4541812926],[4785730.678584311,2678468.222998945],[4785779.832095899,2678291.3019973296],[4785941.783618754,2678228.388180245],[4785967.864555723,2677910.4644734785],[4785829.855900895,2677974.202495384],[4785886.479948122,2677859.8252313533],[4785742.221298819,2677818.7143979548],[4785760.639358475,2677734.7887357445],[4786032.384065699,2677695.4499553833],[4785663.878553278,2677549.836081962],[4785635.419083845,2677498.2993336455],[4785823.933169631,2677310.0191081525],[4785517.920888624,2677140.0147535587],[4785643.925676234,2676901.793233926],[4785560.28744971,2676871.8627124797],[4785583.937071312,2676784.1538132536],[4785889.100110316,2676873.551313366],[4786086.325740744,2676692.301441125],[4785983.938876748,2676504.977492355],[4785858.807042136,2676611.613376817],[4785681.940017221,2676575.9434379367],[4785639.904566589,2676655.367212407],[4785562.714824306,2676511.3557323553],[4785881.166722435,2676380.9089170247],[4786032.328709921,2676463.639525239],[4786159.437666959,2676191.4929423304],[4786338.956090414,2676293.8860144187],[4786342.54266346,2676122.3844127404],[4786216.57670068,2676036.973994866],[4786345.95610384,2675934.6464040065],[4786111.286191321,2676039.4429404656],[4786042.82234668,2675964.882476645],[4786167.369220043,2675786.4047404407],[4786308.146159233,2675819.9395484384],[4786366.635602894,2675698.714701287],[4786467.2976311445,2675759.1061963914],[4786447.901039135,2675505.157282926],[4786543.661976353,2675507.0904562697],[4786468.575581005,2675370.974857438],[4786719.790282922,2675175.2407237496],[4786863.736025758,2675192.911559978],[4786974.0822303705,2675027.9806375112],[4787072.790801859,2675063.68338629],[4786914.720659109,2674760.3736842903],[4786974.456381224,2674649.9331587898],[4787113.24646024,2674564.523202817],[4787422.23853756,2674581.4657089724],[4787500.522840688,2674437.8388483264],[4787594.711014092,2674490.8369838013],[4787700.499163355,2674399.31890055],[4787492.428419814,2674146.0974253793],[4787346.35924663,2674141.051840378],[4787681.306295891,2673884.3203243376],[4787705.640776256,2673750.5488489415],[4787609.518330329,2673659.344325898],[4787898.429608002,2673729.19929862],[4787995.46397163,2673416.1446407894],[4787892.555821157,2673327.0707598026],[4788051.7421901915,2673355.577233217],[4788097.941900495,2673222.877317724],[4788039.809698514,2673162.594883796],[4788158.24730492,2673163.1068459298],[4788161.921355521,2673360.0678864084],[4788278.5305614015,2673516.229787813],[4788430.960758052,2673516.9341143947],[4788431.316304034,2673335.635812804],[4788277.787651733,2673304.840854375],[4788539.818207921,2673214.3275397574],[4788403.327457374,2673042.128090154],[4788426.209822733,2672967.7291319794],[4788527.163702649,2673058.182755989],[4788622.6202131575,2672947.316436525],[4788414.767172735,2672847.4141768087],[4788479.277677375,2672762.181132028],[4788584.528127313,2672777.979945739],[4788548.694645724,2672637.2786780633],[4788740.511036288,2672781.105344192],[4788841.68687938,2672709.865552978],[4788741.881343068,2672544.337430015],[4788876.470741175,2672606.518766525],[4788902.496234682,2672764.208300908],[4789019.469268581,2672640.3260659887],[4788956.06597929,2672466.7062580236],[4788618.737189509,2672496.197553004],[4788374.897839995,2672609.7050409354],[4788140.418021741,2672516.1532188784],[4788006.639300812,2672668.918488604],[4787898.921259789,2672700.203823194],[4787817.895864518,2672607.935414002],[4787717.163401318,2672711.12007684],[4787434.132005901,2672789.700654218],[4787001.992187431,2672570.8693807013],[4786932.775984701,2672418.9649596578],[4786469.136086627,2672243.764694708],[4786427.135983592,2672063.9019268844],[4786491.067309547,2671799.739889053],[4786328.137705468,2671052.3841114393],[4786043.071129792,2670906.1712417663],[4785931.609885963,2671000.4328534636],[4785828.636960748,2670584.2264422765],[4785690.291011809,2670400.7620137525],[4785728.739260735,2670210.9276188267],[4785513.458862471,2670082.3109166464],[4785742.254200917,2669779.450214558],[4785745.120598036,2669439.24038682],[4785418.428363064,2669168.4689603588],[4785389.454296698,2668872.1967124827],[4785133.614482324,2668822.8182711396],[4785079.796720607,2668377.416778262],[4784852.283204597,2668244.3631050414],[4784765.958966273,2667757.7426545448],[4784862.689952614,2667605.560472402],[4784829.206793401,2667109.64059111],[4784946.324916527,2666679.353901912],[4784305.4436519025,2666770.318453486],[4783470.984981857,2667017.1943039717],[4782402.4988663895,2667086.889766068],[4782122.9518002905,2667216.074504002],[4781816.951841571,2667572.4827982364],[4780697.145185227,2667944.039084755],[4780057.698512456,2668054.339178934],[4779137.936413851,2668018.8505251016],[4778414.569182613,2667584.968494753],[4777871.70806247,2667515.617358506],[4777160.082489023,2667552.5970165385]]]}},{"type":"Feature","properties":{"flugjahr":"2010-11","gebiet":"Steiermark"},"geometry":{"type":"Polygon","coordinates":[[[4600346.279103327,2729177.5119146365],[4598538.870329471,2729095.523883406],[4598371.197586707,2729989.024007925],[4598412.933500848,2731206.6548738377],[4598890.73753501,2731719.2330427314],[4598897.700845205,2732271.2280815984],[4599162.747274147,2732710.7355570183],[4599116.308855895,2733029.306983678],[4599205.346715106,2733643.7846511304],[4599357.964922234,2733885.6704835147],[4599384.741094976,2734225.5295104817],[4599606.166922712,2734288.5143946996],[4599447.486585685,2734880.3424563133],[4599869.038129265,2735118.003997573],[4599834.603020397,2735189.9411541666],[4600150.93865348,2735458.098966214],[4600667.799245148,2735626.7312223404],[4600877.931589657,2735827.940173632],[4601523.730367744,2735943.7503193496],[4601665.723248947,2736032.998767064],[4601604.0447581485,2736445.2056491403],[4601726.022037918,2736558.872660933],[4601622.347495103,2737276.6916644806],[4601742.037082221,2737239.514415472],[4601933.131612761,2737385.120878948],[4602541.665804716,2737553.2176111606],[4602695.461646806,2738449.801823573],[4602775.527586011,2738486.131891973],[4602846.494232714,2738881.3670246312],[4603007.208123108,2739070.2812791243],[4603279.314910851,2739182.1212766264],[4603751.30848342,2739687.302621821],[4604020.481513854,2740253.862408531],[4604476.779470965,2740674.148038475],[4604606.016611988,2740970.784211301],[4604473.643665042,2741096.50675142],[4604800.111159071,2741026.482678355],[4604953.837509616,2740858.1391975083],[4605657.601436822,2740502.0760479285],[4606164.556987782,2740701.667874215],[4607914.871462422,2740997.2886053403],[4609160.897078181,2741383.5523918066],[4609983.803064827,2740943.170164214],[4610309.116575073,2741273.3588819206],[4610776.64698546,2742272.4080947544],[4610619.50082255,2742390.766240066],[4611237.627003592,2742017.6759642437],[4611646.194463158,2742094.9072994217],[4611677.084090948,2742283.432009859],[4611831.08038424,2742347.3631107016],[4611947.670969213,2742269.5626152204],[4612010.769140551,2741841.322808752],[4612307.485647031,2741971.655854272],[4612638.293644202,2741922.950835709],[4613343.46825784,2741462.9738741787],[4613903.592656774,2741511.6535746846],[4613894.020839962,2741333.6263754433],[4614201.277516523,2740797.862573142],[4615217.95528124,2740184.9697125326],[4616336.129787581,2740750.994520854],[4617143.142138826,2740732.7230149694],[4617570.107988537,2740816.469776549],[4618909.190745476,2740217.654571217],[4619280.708099561,2739863.9782276754],[4619322.966806305,2739908.547489791],[4620016.232119192,2739568.601054001],[4620234.00567957,2739733.0589967524],[4620895.884761879,2739901.642622156],[4620928.913901893,2740117.7643895918],[4621358.049438203,2740285.153639994],[4622036.641890163,2740081.8952926467],[4622788.37455372,2739000.9775477946],[4624138.605115411,2737783.377316734],[4624973.743357736,2737298.0229619555],[4625592.978123616,2736602.5200671908],[4625153.875441735,2731965.7100510043],[4625632.24905948,2731970.4915039116],[4625767.814234815,2731846.052674811],[4625617.720834429,2731411.5164755816],[4625518.387828709,2731332.0239077783],[4625543.619854543,2730953.316050551],[4626235.319615498,2731086.7243672693],[4626595.120693953,2730871.698909344],[4627040.676433289,2730982.3015399044],[4627734.033341822,2731315.091423563],[4628709.232005943,2731392.8941047927],[4628867.28463178,2731804.524285982],[4629319.580873744,2731841.2927112654],[4629358.1172139775,2731984.440845052],[4629974.12666761,2732323.7773999595],[4630879.648142753,2732407.7149427915],[4631618.540033967,2732701.693351856],[4631851.819083131,2733146.1595383547],[4632111.037912547,2733216.1823731503],[4632544.773062071,2733553.9996788185],[4632977.919432081,2733503.2184481174],[4633114.533487088,2733602.4579650722],[4633415.186695799,2733515.9550873167],[4633630.086675253,2733567.9023413816],[4633902.528835543,2733821.4213720593],[4634265.450638437,2733972.0133605506],[4634804.66948408,2733753.8533642357],[4635287.296773298,2733943.9491749075],[4635597.867667195,2734530.3704764117],[4636003.408456582,2734588.355714643],[4636388.215639075,2735019.402378944],[4636572.717835735,2730826.9323839713],[4641568.121229106,2731055.2733605313],[4641679.043795986,2728557.853300114],[4646675.442204038,2728786.5129656717],[4646565.542471109,2731282.946670328],[4651561.850420622,2731511.812182078],[4651451.862451569,2734008.3119546776],[4656448.118643609,2734237.4447447313],[4656338.034444823,2736733.9816607684],[4665337.30104875,2737161.4068714436],[4665486.519829897,2735172.8910771087],[4667954.01464137,2735288.746348172],[4667952.017311607,2735622.7382944087],[4674753.395673014,2736082.6658524503],[4674894.950884349,2735591.0421772962],[4678578.999042568,2735819.4511590735],[4678587.67217617,2735517.3031626698],[4678259.361236486,2735241.3068061844],[4678163.974837744,2734844.9857937046],[4677507.522630564,2733598.2784534],[4677437.582220786,2733325.6890326925],[4676695.097374554,2732967.242324111],[4676346.515690151,2732658.2345979637],[4676236.079885205,2731869.19726521],[4675921.700845959,2731744.4543277114],[4675738.591385797,2731547.0835854537],[4675294.97725644,2731436.500222217],[4674819.831434851,2731127.667031168],[4673953.8841074,2731209.624730843],[4673220.123050059,2730802.7749413634],[4672731.866724671,2730725.9592754515],[4672212.289857604,2730508.6006068764],[4671787.691596898,2730511.338878444],[4670827.382762234,2730829.330536134],[4670334.392232452,2730783.7567954613],[4669998.573306941,2730625.0927122803],[4669794.084677978,2730777.612134685],[4669551.045855337,2730811.2364269546],[4669454.124713214,2730721.357284955],[4668597.225467538,2730557.070162047],[4668175.877410305,2730079.26678658],[4667830.977628704,2730080.0031677424],[4667688.831083978,2729986.5374068925],[4667518.348087999,2729667.4439621978],[4667289.488152075,2729660.51548455],[4667048.746909734,2729458.6315959427],[4665842.923504406,2729615.2066262052],[4665312.5950422855,2729398.5797092747],[4664898.890853832,2729569.563077111],[4664622.8734817635,2729460.933913149],[4664307.652608246,2729448.5037388997],[4663699.812976843,2729087.1885429975],[4663415.840302634,2729269.3846180555],[4663167.141198313,2729287.8554360257],[4663082.928066871,2729434.253239038],[4662796.17777541,2729624.858451478],[4662739.118916776,2729768.8771255785],[4662330.036533375,2729902.2729248595],[4662204.963055905,2730041.405057867],[4661678.044247303,2730117.4001084617],[4661521.68940533,2730334.4914103164],[4661159.45461873,2730535.718532276],[4661112.832987675,2730778.695309056],[4660904.340258736,2730853.009048765],[4660639.438478801,2730719.7200671355],[4659746.296104126,2730742.292208338],[4659478.921481377,2730524.6982856975],[4658728.571837713,2730365.513818943],[4657947.458577782,2730015.492052176],[4657491.821483787,2730113.1804652754],[4657104.861805443,2730401.1513325535],[4656274.218034754,2730220.083145315],[4656021.436991344,2729887.0000995332],[4655939.014055588,2729495.8142092302],[4655801.133388607,2729319.3897865373],[4655160.070156294,2729104.8924797415],[4654029.406091837,2729052.353452265],[4653828.430737663,2728935.4410000816],[4653601.681007082,2728976.259819192],[4653443.9376889495,2729118.492366781],[4652529.4522306705,2729124.184071218],[4652215.3514384655,2728732.453420834],[4652044.653438649,2728866.874454811],[4651655.743255338,2728879.702944251],[4650405.148426034,2729288.949812725],[4649850.887791114,2729608.3973604008],[4648957.672442064,2729688.893588326],[4647936.903792051,2729351.9406034397],[4647730.281293135,2729030.9335088697],[4647484.31334659,2728856.46335412],[4646837.799649905,2728659.95699077],[4646320.949613558,2728343.2057900536],[4645632.466035284,2727669.2777202497],[4644757.641466474,2726343.5019350583],[4644252.189539213,2726200.32136018],[4643130.400775237,2726161.9917856464],[4642275.669436522,2726381.046936716],[4640781.901551563,2726519.0127899647],[4640629.527835891,2726848.156906512],[4640185.073174574,2726955.24314891],[4639289.090919561,2726815.1877329983],[4638953.207745798,2726869.1304398086],[4638453.561505588,2726658.7203798527],[4637938.536211973,2726568.4407804315],[4637138.281190429,2726646.1193331545],[4637025.759554894,2726554.6773399734],[4636963.149860356,2726231.306822612],[4636843.879912146,2726077.297628637],[4636420.211834657,2726017.473129551],[4636287.817015765,2725709.8132781307],[4634829.40908894,2725045.132280564],[4634799.956169394,2725750.5445510754],[4632787.870527019,2725658.0809688685],[4632850.546505405,2724242.830874589],[4632333.020135092,2724208.070461958],[4632346.968854121,2723995.1538323318],[4631817.508611941,2723685.464529365],[4631513.221437523,2723354.201276116],[4630357.27926483,2722878.962964602],[4629944.831470306,2722545.9278873713],[4629591.931822074,2721858.0163138798],[4629062.132547736,2721577.6382206916],[4628656.939784287,2721490.087502106],[4628073.206073632,2721470.6683168397],[4627788.872510075,2721327.1437247647],[4627487.92348132,2721379.0213621655],[4626833.586056955,2721159.7711108713],[4626359.160611933,2721229.6852996256],[4626130.590394313,2720853.66521898],[4626136.961618151,2720674.6268997593],[4626459.946555623,2720494.8129594065],[4626567.239120252,2720350.717119536],[4626805.613019726,2720277.826395172],[4626842.159784002,2720056.6510315984],[4627005.769416876,2719903.795810919],[4627625.455199759,2719928.5847927937],[4627718.811684399,2719813.120228525],[4627473.876962772,2719658.9892905867],[4626756.017276268,2719462.0385477273],[4626273.364175682,2719136.020529659],[4625949.927304589,2719026.77192881],[4625557.881689821,2718695.566300413],[4625321.102303957,2718346.029050817],[4624647.057026419,2717806.8186785197],[4623981.921647267,2717414.129134659],[4623391.359361274,2717202.453035615],[4623149.764806988,2716848.0614827806],[4622441.164464709,2716388.0284516485],[4622345.497589133,2716181.174173816],[4622381.269431493,2715658.7887229873],[4622261.551052085,2715196.646338572],[4622030.891903099,2714891.3384971227],[4621829.576570464,2714249.0588935926],[4621568.584339827,2714011.232055902],[4621353.96108704,2713858.012505035],[4620906.108403181,2713740.0453685117],[4620870.249703041,2713518.2698058975],[4620300.238286474,2713057.817993767],[4619974.381623321,2713052.0886160526],[4619724.792239156,2712834.83797852],[4619014.353848035,2712523.2091597845],[4618535.191171238,2711811.6042614193],[4617589.037007009,2711200.5009139036],[4617430.219556578,2710957.1881781085],[4617065.676409368,2710689.30192958],[4616378.497619564,2710404.9297546754],[4615758.8322858745,2710450.5415520296],[4614396.0493817115,2709797.121179237],[4614189.398383519,2709769.3814675487],[4613957.49624476,2709630.5250470894],[4613593.445079425,2709224.9107018826],[4613344.826025752,2709362.5587392473],[4613167.237514813,2709320.61325298],[4613045.616214649,2709195.023722055],[4612897.578441541,2708793.0915765786],[4612468.876727243,2708371.75620661],[4611732.679427161,2708461.5368389324],[4611454.814482767,2708622.3731938503],[4611338.192863995,2708828.06467756],[4611184.877254546,2708852.064777225],[4611063.023715127,2708673.193174047],[4610778.172616594,2708494.1472595762],[4610626.822498867,2708144.902017511],[4610386.63723775,2708057.4716408066],[4609810.419111425,2708186.0911788237],[4609624.060587236,2711160.094832921],[4613563.27938559,2711426.670719084],[4613607.10646981,2711588.659521462],[4613721.422154561,2711640.206659665],[4613625.658132031,2713416.7523360066],[4614446.397679685,2713488.3936835313],[4614522.831993621,2713562.8288390543],[4614605.24435078,2713500.6082128896],[4614730.612416098,2713737.3079761597],[4614811.029082942,2713650.4051612616],[4614808.40507167,2714497.5182671347],[4617908.250631666,2714732.376222966],[4617782.595249549,2716668.733797627],[4617838.273441195,2716721.382329665],[4622766.477895623,2717057.9720476083],[4622587.832988938,2719801.0663136663],[4622374.157180123,2719688.2302934052],[4622338.430848076,2719802.9516471187],[4622363.595317051,2719868.7209137836],[4622585.955153103,2719901.8452800494],[4622537.23092569,2720645.668582375],[4622341.597956458,2720769.9153924184],[4622522.203961388,2720876.005446491],[4621976.417528651,2729127.653125395],[4605794.71784101,2728402.696668553],[4605758.830040241,2729001.526348105],[4606219.255312331,2729511.9239863036],[4606394.575118554,2729579.9469588706],[4606507.0293435715,2729779.2349235187],[4606982.149842715,2729840.8593016244],[4607208.17617605,2729963.2306428845],[4607522.3097687885,2729790.3346663057],[4608005.887898237,2729819.316973185],[4608275.727819193,2730175.897264516],[4608948.708917107,2730476.7386814337],[4608891.734285709,2730656.3166497764],[4608599.888422871,2730664.0685071307],[4608408.846420363,2730452.1968226037],[4608188.311473207,2730387.1217187396],[4607940.814715867,2730137.6541564134],[4607813.029365313,2730104.8219044525],[4607612.680483179,2730104.7247466557],[4607552.172707724,2730205.068761877],[4607279.50435113,2730277.754336246],[4606839.36187674,2730240.740998783],[4606230.313474613,2729989.8656044053],[4605583.360572537,2729415.9527880987],[4605375.75687816,2729421.536180955],[4605225.19996515,2729496.779124466],[4604514.608532342,2730781.727819852],[4604676.793144093,2731285.5426173266],[4604665.436037076,2731521.2405288704],[4604499.131594043,2731932.0651015528],[4604186.206926141,2732031.9534680657],[4603879.5191874,2731738.7788946372],[4603640.861224278,2731060.3433487476],[4603975.871017196,2730640.1597636673],[4604461.303620631,2729806.410898844],[4605097.808805909,2728565.130276535],[4605077.080133915,2728370.05614787],[4600391.039985357,2728157.502023047],[4600346.279103327,2729177.5119146365]]]}},{"type":"Feature","properties":{"flugjahr":"2018","gebiet":"Ober\u00f6sterreich"},"geometry":{"type":"Polygon","coordinates":[[[4600346.279103327,2729177.5119146365],[4600477.734549681,2726181.832308209],[4602976.2731642,2726295.2047564243],[4603063.895160802,2724298.104665752],[4604313.155110722,2724354.816533534],[4604663.537535604,2716366.468733292],[4603414.222898771,2716309.7738679675],[4603458.011650313,2715311.241726111],[4602208.687024992,2715254.571454599],[4602361.889721014,2711759.3053078493],[4599863.260459345,2711645.9740160545],[4599841.359799074,2712145.6724468614],[4593594.602444864,2711862.6170721985],[4593550.832850477,2712861.1353700347],[4592030.5815604,2712792.291981159],[4591906.622985732,2713296.683972158],[4591747.389862564,2713193.926016879],[4591573.771403189,2713316.6298546568],[4591547.556102511,2713503.5372256143],[4591090.806317817,2713619.92446893],[4590686.259774954,2713836.225703555],[4590525.122462507,2714074.0544082066],[4590069.850051606,2714328.0845677266],[4589605.171108239,2714419.611410082],[4589350.532106506,2714677.223015967],[4589067.155606605,2714687.9067206965],[4588480.751854241,2715100.587080354],[4587921.731749393,2715173.8407939295],[4587603.070735363,2715372.529108745],[4587530.455118565,2715589.8527955185],[4586403.004974849,2715470.3247601986],[4586198.426455047,2715613.649517439],[4585935.408835366,2716336.6052346798],[4584959.005229051,2717330.9526232826],[4584380.151023907,2717479.861102394],[4584091.495622965,2717473.8115471876],[4583853.2430107985,2718100.348109115],[4583448.775966095,2718383.2063881964],[4583442.099111482,2718558.4900781154],[4583282.594936052,2718701.8508444554],[4583030.620450804,2719390.296997756],[4583162.320944481,2719698.9010172435],[4583063.911109594,2719876.540395093],[4583011.298807572,2720323.3829662874],[4583123.073254358,2720789.666065349],[4583243.660387192,2720883.1630134587],[4583211.252405292,2721004.6548803733],[4583444.786317864,2721103.939560091],[4583521.587876015,2721341.898083633],[4583558.99693084,2721682.6440749546],[4583398.067060544,2722061.9525327687],[4583516.432572667,2722292.2861516858],[4583275.773289296,2722572.9276235453],[4583028.37971704,2723296.8903397564],[4583810.263571689,2724185.7017027875],[4584381.987482215,2724656.2885404727],[4584922.8027996365,2724792.305147499],[4585060.288914306,2725585.428087993],[4584894.33592841,2726230.262524782],[4584972.330395905,2726598.48478797],[4584932.663489687,2726989.4012134606],[4585466.46862638,2727925.0401449315],[4585485.06375342,2728071.9590931837],[4585669.534370008,2728192.8621526053],[4585857.761930207,2728521.0459481003],[4600346.279103327,2729177.5119146365]]]}},{"type":"Feature","properties":{"flugjahr":"2011","gebiet":"Steiermark"},"geometry":{"type":"Polygon","coordinates":[[[4642415.453844535,2724068.1157167912],[4644080.977391662,2724312.3527069692],[4644996.254851749,2724095.096294251],[4645318.822908972,2724215.7520703725],[4652794.274552442,2724543.297378066],[4652851.15660344,2724494.114004],[4652906.816346607,2723549.396485824],[4655870.729167374,2723669.3073699432],[4656014.142090997,2721689.0614672536],[4668824.308407038,2722278.1653892496],[4668834.534321084,2722643.152338811],[4669416.809385665,2722687.0034057363],[4669504.41746521,2721344.027499328],[4669360.161221337,2721308.1360162836],[4669366.2011704305,2721227.0667007193],[4669513.10217453,2721219.1965398695],[4669758.41408836,2717449.7906437786],[4669671.394742087,2717647.890319045],[4669574.3236817205,2717692.3449916774],[4657940.230245906,2716908.524792931],[4657809.365541327,2717400.8396172356],[4651654.238378963,2716986.7018332053],[4651669.3068095865,2716684.259287674],[4651823.522009916,2716524.58134494],[4651706.534418802,2716185.924342699],[4651593.293495095,2716481.534309169],[4642911.242968037,2715908.5777089605],[4642720.914269263,2718743.385075436],[4642821.04176009,2718943.0018213615],[4642710.634102773,2718911.8860642076],[4642415.453844535,2724068.1157167912]]]}},{"type":"Feature","properties":{"flugjahr":"2010-11","gebiet":"Steiermark"},"geometry":{"type":"Polygon","coordinates":[[[4638444.625391231,2723615.0457749846],[4637866.028641214,2723841.766852572],[4637861.263045134,2724009.70678508],[4638054.336816113,2724401.8927204423],[4638218.093723736,2724500.638101305],[4638528.722466205,2724451.505936192],[4639043.299796708,2724505.6673432193],[4640053.584114094,2724294.9309943863],[4641457.928976037,2724407.793681894],[4641768.901424602,2724286.9212346855],[4642221.682268406,2724262.268085941],[4642596.187022001,2724086.4077904862],[4640499.592970144,2723979.4352042605],[4640473.658027015,2723751.3347645435],[4638444.625391231,2723615.0457749846]]]}},{"type":"Feature","properties":{"flugjahr":"2011","gebiet":"K\u00e4rnten"},"geometry":{"type":"Polygon","coordinates":[[[4610955.821041346,2629619.0955039104],[4630949.37013648,2630527.750913915],[4631166.6897770725,2625536.4225925156],[4611172.825386974,2624627.760985838],[4610955.821041346,2629619.0955039104]]]}},{"type":"Feature","properties":{"flugjahr":"2012","gebiet":"Steiermark"},"geometry":{"type":"Polygon","coordinates":[[[4658726.01172881,2739344.175810372],[4661223.976396593,2739459.910451523],[4661114.777441376,2741956.532607617],[4666109.746255378,2742185.1144905705],[4665999.466451297,2744681.7347465362],[4668699.177238709,2744805.918784934],[4668705.8009761935,2744321.467981671],[4668893.767254484,2744046.9839393646],[4669491.090734862,2744075.7062014076],[4669984.020405001,2743980.6990676047],[4670233.62518419,2744140.1905702064],[4670465.094243352,2744535.641622605],[4670943.252104859,2744494.833534206],[4671133.884342505,2744577.7720322376],[4671311.95552854,2744853.8859324465],[4671427.24104251,2744852.4123581364],[4671493.201244378,2744813.528293544],[4671577.172312099,2744315.9982052934],[4671707.152397906,2744167.3907590574],[4672101.120013153,2743995.4297109437],[4672122.259406317,2743628.94258908],[4672489.476181472,2743248.843010064],[4672183.773057222,2743028.2147722575],[4672128.766308004,2742619.8446248127],[4672200.374410042,2742412.3599093705],[4672467.295856426,2742417.8830606793],[4672939.85165694,2742222.6035469864],[4673060.26027264,2742010.193005003],[4672836.059672232,2741898.069577835],[4672833.966537545,2741671.589684946],[4672903.997164307,2741641.479342873],[4673042.526014053,2741783.1045866543],[4673205.53986484,2741806.270012867],[4673758.96896776,2741058.7593260696],[4674305.157114847,2740738.5642894483],[4674307.382674968,2740374.25171198],[4674755.1733338535,2740002.385528917],[4674818.128899605,2739247.5951932613],[4675268.678515805,2739326.9372632476],[4675587.349566559,2739601.7706602113],[4675894.057347987,2739744.5540028606],[4676008.011283885,2739343.148089613],[4676231.092534156,2739181.101090088],[4676336.738454265,2738827.676585786],[4677119.877957295,2738437.284125505],[4677458.714483305,2738071.5563865686],[4677706.053241389,2737921.2691982277],[4677634.153382844,2737626.626016914],[4677830.870153775,2737448.536779905],[4677974.536478565,2737516.800638431],[4678380.627815064,2737311.6000737427],[4678507.138927223,2737150.1993751302],[4678445.865448926,2736528.6124382867],[4678603.051032445,2736145.8574359785],[4678577.982197557,2735881.3624833557],[4674894.950884349,2735591.0421772962],[4674753.395673014,2736082.6658524503],[4667952.017311607,2735622.7382944087],[4667954.01464137,2735288.746348172],[4665486.519829897,2735172.8910771087],[4665337.30104875,2737161.4068714436],[4658835.197511392,2736868.856809171],[4658726.01172881,2739344.175810372]]]}},{"type":"Feature","properties":{"flugjahr":"2017","gebiet":"Nieder\u00f6sterreich"},"geometry":{"type":"Polygon","coordinates":[[[4755595.627628649,2754143.1348019666],[4765560.486432145,2754996.8729548794],[4763481.671304204,2779906.539546963],[4768463.149592595,2780333.8635467472],[4768879.408234176,2775351.6700373883],[4773861.461267501,2775779.2026018417],[4776355.120414417,2745886.7192432606],[4798360.185012536,2747775.3743577134],[4798612.832812036,2747209.0485880934],[4799197.883629932,2746589.8392789634],[4799397.086837217,2746253.4679284594],[4799454.306211142,2745737.809053456],[4799394.57279828,2745528.8376688203],[4799155.122534231,2745281.6163767916],[4799409.808967265,2744605.4805473913],[4799573.492934412,2744394.894665947],[4799552.311776859,2743930.267749692],[4799352.336475129,2743651.359653759],[4798913.695687197,2743647.0383459833],[4798401.521475943,2743533.241901402],[4798296.432602507,2743439.715909574],[4797861.17366273,2742978.3241857206],[4798080.389055969,2742764.9061263795],[4798203.839089306,2742503.490142398],[4798316.494868927,2742466.3031610996],[4798318.113345037,2742228.4262812887],[4798087.697566548,2742123.6920801564],[4797493.550162522,2741470.15553041],[4797370.410552739,2741477.328365556],[4796964.593511245,2741266.5638979706],[4796695.509054263,2740996.4946862333],[4796585.479368677,2740629.6273011295],[4796766.650284573,2738989.0813211566],[4796657.638938197,2738845.7406702912],[4796632.764461107,2738607.769728061],[4796432.757140816,2738446.8739790893],[4796210.041704267,2738036.61314204],[4796152.745781326,2737614.795919646],[4795721.0191564355,2737122.912371774],[4795752.287971724,2736911.7616825327],[4795916.931729369,2736744.5204059198],[4795965.573647599,2736543.24611238],[4795716.038812731,2735862.4971638857],[4795619.674168871,2734933.5731573845],[4795775.8806901155,2734845.773053285],[4795805.933197759,2734688.690960224],[4796395.774632698,2734459.3783554947],[4796545.46815533,2734301.4614165407],[4796530.725470713,2734222.9318224336],[4796678.259477395,2734237.39608693],[4796677.054883149,2734153.710848495],[4796978.522654213,2733874.513832492],[4797139.186268624,2733596.9595777392],[4797126.969844459,2733443.1823194884],[4797364.309751047,2733129.006154194],[4797642.061191767,2733083.272803926],[4797927.568107672,2732918.652052336],[4798067.55725325,2732584.5912632262],[4798142.060695711,2732156.4445124585],[4798085.472425238,2731986.8302687528],[4798156.437895654,2731844.8960385197],[4797791.131609318,2730932.1078546746],[4797836.396910563,2730679.0800344953],[4797281.778597221,2730029.1396141187],[4797428.386086118,2729738.839580839],[4796920.574708038,2729397.4158426174],[4796866.725503366,2729340.110956499],[4796943.582114794,2729241.5090660583],[4796334.582258559,2728653.3045100663],[4796642.477778411,2728352.15701974],[4796564.04514252,2727998.7914353726],[4796236.763680223,2727646.22611124],[4795961.361301661,2727660.7472645184],[4795630.3598313145,2727411.232524201],[4795467.039548145,2727448.3999331733],[4795307.834770705,2727340.98467026],[4795562.564089786,2727277.884084188],[4795968.674460931,2727007.429854559],[4795891.959667665,2726635.054667636],[4795939.475429393,2726390.296418137],[4795825.509319804,2726168.486438469],[4795619.109881394,2726023.6398451347],[4795191.683938318,2725945.549949258],[4795014.926302413,2725834.560920917],[4794351.431492714,2724888.244676135],[4794312.820416237,2724711.12449143],[4794020.802912808,2724758.870176738],[4793869.626991237,2724671.583816787],[4793665.233375404,2724839.900327714],[4793474.532928607,2724747.557225582],[4793102.822072151,2724328.7086576885],[4792517.893934141,2724133.153298857],[4792078.726837654,2723335.7849469557],[4791594.146048901,2723045.6847341345],[4791533.330018879,2722463.066437917],[4791150.712037264,2722205.4213406607],[4791042.1116898935,2722040.026687959],[4790797.2795027895,2721940.96713831],[4790606.199895543,2721584.828335257],[4790288.812990219,2721275.460725592],[4789952.261598565,2721197.2508015423],[4789536.34614543,2720962.827817219],[4789013.080932438,2720854.8866804694],[4788500.552926479,2720560.063838447],[4787842.927528777,2720501.740020125],[4787441.654152594,2720594.7460033],[4786864.182751955,2720591.7258364484],[4786429.846787273,2720368.7838713606],[4786011.003271288,2720774.997033093],[4785508.803332139,2720780.3790983194],[4785421.008909611,2721073.1577455695],[4785007.593167703,2721295.780665504],[4784858.591953481,2721526.5107791047],[4784183.596354229,2721934.001556825],[4783973.485729502,2722222.6329758773],[4783801.773842558,2722596.4417462386],[4783831.673304836,2722933.849926373],[4783579.942350775,2723276.8711214378],[4783320.074750289,2723359.6370017976],[4783124.977349376,2723582.4843301307],[4783162.296049406,2724229.5314872297],[4783508.037090271,2724498.0024354225],[4783062.55788891,2725351.63448068],[4782607.155119872,2725195.92072114],[4782259.23057217,2725462.9435848333],[4782251.1036965,2725578.240001824],[4782377.026801002,2725740.6278934665],[4782304.400270964,2725804.169420302],[4781689.392358117,2725786.151214416],[4781769.537050028,2726012.0707730977],[4782031.075918366,2726204.0842069085],[4781862.566031371,2726741.6929129804],[4782013.243247792,2727314.19591925],[4781604.854879558,2727471.2400593334],[4781499.114588103,2727756.426340133],[4781545.6551221525,2728027.7894386034],[4781296.52616604,2728379.922954237],[4781391.1014239285,2728445.318917265],[4781435.118025444,2728762.3882342265],[4781659.857346154,2728866.568754756],[4781638.42861756,2729521.7121046293],[4781820.933724096,2729903.7128720637],[4781707.870280913,2729924.0775993606],[4781440.428958519,2729645.6800603573],[4781310.890201539,2729378.815803129],[4781171.677906085,2729467.565515304],[4781043.200399457,2729776.5336421384],[4781381.439043007,2730334.7333129672],[4781053.911609487,2730430.6285274443],[4780970.229131203,2731077.6310121994],[4780799.824252391,2731354.70559131],[4780182.125185738,2731124.194853636],[4780186.544611754,2731068.7004858158],[4779934.669775774,2731191.8717264496],[4779841.286238677,2730521.5723173087],[4779702.832877221,2730450.8502905043],[4779780.005662192,2729756.9186318885],[4779469.939635707,2729288.649447616],[4779106.2680233065,2729225.0798611203],[4778863.606519796,2729085.0410758285],[4778739.235055201,2728334.444603454],[4778444.711236369,2728497.9811754962],[4778387.088036862,2728711.108586981],[4777866.782542634,2728679.3604538846],[4777681.529742753,2728525.18071798],[4777766.474182874,2727750.0669298996],[4777657.062966986,2727110.984018839],[4777811.941041033,2726817.2592080995],[4777582.2578488365,2726642.803424535],[4777281.662410389,2726576.4258833816],[4776379.678327687,2727251.4830880654],[4776048.402509507,2727802.8838447975],[4775890.744595576,2728261.3348414563],[4775631.060586638,2728410.520500989],[4775565.595137389,2728532.865074919],[4775229.2119393675,2728601.8352517327],[4775154.283625585,2728796.6850819965],[4774929.738295698,2728956.671195957],[4774760.604428717,2729401.176395635],[4773864.269418192,2729904.9738851534],[4773217.923930312,2729904.4339219667],[4772775.803299917,2729636.50069301],[4772356.41064908,2729737.155005005],[4771393.293017419,2729747.185027381],[4770853.243963002,2730003.2051647813],[4770678.662678869,2730005.2040194385],[4769368.355427859,2729549.834693749],[4768974.608422465,2729654.467259902],[4768287.6623282395,2730180.441957836],[4767790.348286239,2730453.9126801854],[4766675.0909147775,2730773.4854505174],[4766080.825239289,2730770.667766106],[4765924.488360855,2730941.7728102216],[4765897.569829828,2731354.770356879],[4765231.483015068,2732045.274658648],[4765070.516302496,2732465.89289575],[4765042.279964283,2733412.6016381076],[4765204.466470013,2733773.7645412455],[4765150.381534506,2734173.579812427],[4765074.612659015,2734299.7094753184],[4763834.005080121,2735110.1286070254],[4762729.965084227,2735289.893766146],[4762351.203084619,2735057.7019433714],[4762047.054475892,2734406.666574182],[4761629.304884744,2734491.319860893],[4761092.168218998,2734348.3597741644],[4760881.126830568,2734370.2737067],[4760873.359097613,2734458.468664162],[4760735.529160741,2734513.191121693],[4760730.312790997,2734941.172836829],[4760521.25234007,2735408.149531068],[4760565.087794858,2735916.919018753],[4760393.677266852,2736561.817988473],[4760685.8321884805,2737056.6861298345],[4760561.93272139,2737730.418974003],[4760802.787342965,2737904.115045366],[4761089.638055193,2738346.2810786627],[4761127.789225811,2738801.1443961277],[4761393.194771522,2739251.3379919124],[4761398.5246216245,2739560.966721585],[4761492.593944238,2739694.5927008474],[4761283.11156244,2740174.713622003],[4761012.632132701,2740448.1124691516],[4760306.837801865,2740015.2695482727],[4760135.370410195,2739967.4634828265],[4759803.1366243865,2740049.2671420258],[4759228.952231229,2740475.603248817],[4758892.910098344,2741587.725649022],[4758246.655057481,2742140.2054081326],[4757792.323844372,2741970.28708926],[4757460.739105373,2741952.753702568],[4757142.023253189,2741737.2719081105],[4756626.752057465,2741810.385359702],[4755595.627628649,2754143.1348019666]]]}},{"type":"Feature","properties":{"flugjahr":"2018","gebiet":"Ober\u00f6sterreich"},"geometry":{"type":"Polygon","coordinates":[[[4638192.843084332,2750913.8560612765],[4637531.402254821,2765892.7927136025],[4676246.687747425,2767668.32976914],[4676256.732645059,2767441.2476533065],[4675422.280065515,2767370.2577343155],[4675853.988638927,2766495.270353538],[4676296.688168837,2766217.4827527134],[4676430.398726624,2765896.4281667694],[4676791.055164984,2765557.822678608],[4676748.712571951,2765142.644437043],[4677395.849437098,2764495.1427252963],[4677830.951184218,2763678.831365435],[4677600.267746119,2763201.641793425],[4677602.386671014,2763009.3876420604],[4677439.363588973,2762892.896943787],[4677396.866921153,2762646.1924124174],[4677097.249249889,2762363.0351086413],[4676897.61756612,2761945.133317304],[4676519.061754414,2761688.308985746],[4676154.496236484,2761651.495670836],[4675225.73258597,2761362.392935775],[4674883.380937577,2760940.4251251565],[4674349.424329839,2760786.893411152],[4674190.484614268,2760487.839779393],[4673789.790528154,2760229.0947840144],[4673428.287327086,2759789.5962795606],[4673546.478258708,2759296.401085484],[4674327.411624916,2759103.2336410647],[4674612.217604866,2758804.0338623016],[4674475.49670475,2758577.4629092338],[4674358.408134874,2758557.0546616665],[4674375.7512892345,2758135.0357869365],[4674511.911096062,2757803.8493737704],[4674236.287488594,2757463.3834014367],[4674061.800628355,2757370.3326742183],[4673615.572597985,2756738.6157386545],[4673597.846948485,2756383.9880995112],[4673772.226483301,2755886.2173140063],[4673884.5190185495,2755702.371678222],[4674597.535348482,2755289.1011365578],[4674884.512776447,2754916.1985160913],[4675381.607618647,2754730.0306780976],[4675305.902446198,2754354.993090385],[4675388.038311679,2754174.7983586383],[4675151.001683385,2754080.1577844447],[4674914.513297637,2753756.9423588337],[4674404.281628145,2753483.2228685822],[4673985.748968181,2753080.4679602487],[4674222.03608591,2752565.6302543576],[4638192.843084332,2750913.8560612765]]]}},{"type":"Feature","properties":{"flugjahr":"2012","gebiet":"Steiermark"},"geometry":{"type":"Polygon","coordinates":[[[4604598.925158162,2717839.784707867],[4604313.155110722,2724354.816533534],[4603063.895160802,2724298.104665752],[4602976.2731642,2726295.2047564243],[4600477.734549681,2726181.832308209],[4600391.039985357,2728157.502023047],[4605077.080133915,2728370.05614787],[4604966.743967739,2728127.7872496736],[4604257.7844627155,2728212.7216310464],[4604055.507133502,2728142.479768809],[4603130.631524642,2728125.5120380213],[4602540.974264867,2727797.486549007],[4602633.905055072,2727574.4959752965],[4603111.799589536,2727915.4611250944],[4603659.53588928,2727943.3268219884],[4605295.270667178,2727809.4023428503],[4605585.993597199,2727690.491008568],[4605905.202720748,2727538.8444089023],[4606491.8883056445,2726884.8852605466],[4606627.679001545,2726552.747451621],[4606858.904113587,2726282.996860196],[4606912.029782012,2725917.075859266],[4607175.457034577,2725552.6996254297],[4607700.998350929,2725082.120311384],[4608466.126295996,2725109.8686920363],[4609474.09537084,2724512.0964070424],[4610207.557235517,2724257.1971342443],[4610469.433017081,2724658.4575968864],[4610358.009277,2725028.7378288736],[4609733.105478369,2725480.7562422166],[4609239.218755741,2725458.2977830106],[4608646.266964511,2725661.55627226],[4608257.815487578,2725701.9584379196],[4607739.7283515325,2725660.4049973525],[4607310.103306361,2726068.278869443],[4606872.629988704,2726997.2704535173],[4606227.2575477455,2727892.787527407],[4605762.9238248,2728109.899963591],[4605794.71784101,2728402.696668553],[4621976.417528651,2729127.653125395],[4622522.203961388,2720876.005446491],[4622341.597956458,2720769.9153924184],[4622537.23092569,2720645.668582375],[4622585.955153103,2719901.8452800494],[4622363.595317051,2719868.7209137836],[4622338.430848076,2719802.9516471187],[4622374.157180123,2719688.2302934052],[4622587.832988938,2719801.0663136663],[4622766.477895623,2717057.9720476083],[4617838.273441195,2716721.382329665],[4617782.595249549,2716668.733797627],[4617908.250631666,2714732.376222966],[4614808.40507167,2714497.5182671347],[4614842.6903251065,2713691.6380639095],[4614811.029082942,2713650.4051612616],[4614730.612416098,2713737.3079761597],[4614605.24435078,2713500.6082128896],[4614522.831993621,2713562.8288390543],[4614446.397679685,2713488.3936835313],[4613625.658132031,2713416.7523360066],[4613721.422154561,2711640.206659665],[4613607.10646981,2711588.659521462],[4613563.27938559,2711426.670719084],[4609624.060587236,2711160.094832921],[4609182.963086818,2717644.601695551],[4606232.617259342,2717453.2820974765],[4606172.818011967,2717826.3960349923],[4605973.554412658,2717926.0108211604],[4604598.925158162,2717839.784707867]]]}},{"type":"Feature","properties":{"flugjahr":"2017","gebiet":"Ober\u00f6sterreich"},"geometry":{"type":"Polygon","coordinates":[[[4681608.332123677,2835467.659328709],[4597771.766377364,2831638.325830901],[4597723.267790203,2832116.247484453],[4597470.703324745,2832220.372308903],[4597344.061005954,2832649.0837476975],[4597507.8120081285,2832940.3418415086],[4597828.0719772335,2833128.198783084],[4598086.055601755,2833479.894632187],[4597917.475357567,2833576.9288837304],[4597572.2145902,2833527.416860425],[4597515.90047231,2833629.934965253],[4597588.94899777,2833812.2824470974],[4597676.928187947,2833828.1091947397],[4597579.797653509,2833966.247247619],[4597601.71508442,2834086.0360568413],[4597769.17464006,2834190.1400245987],[4598116.088924525,2835036.380525237],[4598532.9576324625,2835117.847818328],[4599035.174318859,2834325.307381272],[4599186.217874204,2833835.927671494],[4599266.082699515,2833842.9959711684],[4599430.91450193,2833971.214169745],[4599367.046870949,2834070.9435883416],[4599460.853249903,2834314.1201648004],[4599604.111853479,2834349.9204747058],[4599643.537408278,2834565.471867955],[4599953.969059162,2834825.847691607],[4600002.054101302,2835182.851825765],[4600266.939956769,2835437.892952415],[4600521.428614617,2835554.4686338315],[4600639.320790788,2835931.8555603265],[4601368.002937353,2836134.381541264],[4601503.160003946,2836305.9281000122],[4601595.085953933,2836719.723982011],[4601736.896537929,2836863.6608894914],[4601644.181153209,2837043.7036072244],[4601808.389284878,2837368.644552087],[4601628.803706357,2837843.5378307863],[4601704.75931684,2837996.819009167],[4601535.146631187,2838045.298509843],[4601341.53780827,2838233.4240367287],[4601295.474319507,2838795.2299644155],[4601428.136948058,2838964.757999326],[4601784.812688337,2839109.2380422843],[4601819.776351459,2839368.782332328],[4601701.110002867,2839652.9426091732],[4601896.800462794,2839775.9392213128],[4601912.4541663,2840093.7302198904],[4602188.9983808445,2840155.782721036],[4602155.897282988,2840486.558604986],[4602289.072747315,2840770.0567039717],[4602448.195534485,2840811.74096236],[4602532.406677957,2840684.0525244744],[4602653.514338884,2840689.4417165164],[4602766.035558658,2840765.1615504073],[4602785.803780974,2841120.930697179],[4602948.556742821,2841192.7923048832],[4602929.911329028,2841546.885043569],[4602769.899150511,2841969.7036621072],[4603002.970131105,2842289.9368570233],[4602885.541185366,2842569.012480934],[4602930.0282229055,2843014.9303709664],[4602841.864173948,2843182.7775299638],[4602621.525813788,2843284.8141595623],[4602563.062174406,2843435.0994184655],[4602704.655855103,2843822.5103722583],[4602335.26453623,2844072.7920673587],[4602271.474198364,2844265.443628417],[4601944.648569984,2844624.046971239],[4602059.629980797,2845544.3041491737],[4602155.432388178,2845733.4220223324],[4602102.752988177,2846525.1832260615],[4602243.25114852,2846966.083370942],[4602169.245076779,2847455.0040871142],[4601957.846201726,2847886.382951614],[4601933.385733398,2848152.5663577993],[4601683.572828307,2848387.9731031973],[4601760.302546217,2848607.115779605],[4601663.217297195,2849318.8638251508],[4601825.110174694,2849634.978137341],[4601951.851661548,2849712.122102974],[4602445.541947716,2849660.221959686],[4602738.000059508,2849450.9911894565],[4602944.327749519,2849498.7994412766],[4603140.018038853,2849437.6405334896],[4603217.858528889,2849961.5125774266],[4603358.81478737,2850317.1356504406],[4603281.130428361,2850262.2763054837],[4603039.151941251,2850332.4984965725],[4602879.19141756,2850206.905487598],[4602576.304683484,2850272.403501737],[4602191.871911299,2850095.857062919],[4601888.590325621,2850355.4452601173],[4601676.455164681,2850282.8112869654],[4601441.3691115,2850465.433551039],[4601415.8413090445,2850708.84623467],[4601535.060568228,2850902.4590696804],[4601418.868129594,2851142.9406494694],[4601107.23516529,2851134.610928665],[4601000.361415786,2851022.161467577],[4600841.10384327,2851033.112748423],[4600535.017427351,2851459.515310512],[4600243.616087378,2851651.1924020015],[4600165.626215654,2851837.2832279936],[4600238.7555906605,2851939.9868833823],[4600628.018695582,2852063.9672089256],[4600665.385439681,2852432.2308496395],[4600957.859373392,2852885.4569780203],[4601093.078159796,2852954.665146357],[4601078.468509908,2853112.4999446846],[4601243.74525063,2853461.8709900803],[4601504.923547921,2853518.1769252713],[4601843.30823651,2853787.816155308],[4601734.221557165,2854219.8974954137],[4601771.050308765,2854433.246030002],[4601907.428868324,2854623.109220564],[4601948.061667821,2855232.076280497],[4601873.090172407,2855527.5924838143],[4601963.382325683,2855741.3326968406],[4601861.648732007,2856300.519314654],[4601999.127924213,2856579.3991566515],[4602173.3069761805,2856626.8957102057],[4602237.393802693,2856751.262934085],[4602936.365133669,2857306.595672102],[4603155.53377524,2857706.536583569],[4603132.988638091,2858297.8374159434],[4603439.843261963,2858443.840741153],[4603852.930920553,2858155.5669940216],[4604311.730337773,2858356.6796727693],[4604482.844022157,2858355.4127384145],[4604835.442717734,2858179.9153500935],[4605315.508118503,2858213.3442167514],[4605914.003308103,2857902.536451228],[4606920.936531113,2857051.201866554],[4607398.152865594,2856913.9641203997],[4607814.104257364,2856555.317418925],[4608107.262958306,2856144.2141542016],[4608531.052186281,2855909.3815153055],[4609286.386802939,2855183.3985174494],[4609394.922930286,2854782.2919131266],[4609794.2404939225,2854592.845427377],[4609880.160208039,2854219.4543535337],[4610354.176554981,2853905.072241759],[4610972.94150274,2853195.147774134],[4611153.634278374,2853269.5688962652],[4611884.539141625,2853106.741964018],[4612077.703275208,2852704.5619641296],[4612094.0305508105,2852430.6409131507],[4612230.075448624,2852379.258257742],[4612907.139463464,2852294.0633036373],[4613148.182824265,2852340.840579611],[4613386.109046744,2852183.3505403427],[4613592.385894427,2852155.9312603683],[4613734.712460623,2852001.162830695],[4613936.77309265,2852016.175727926],[4614149.428620895,2852141.9328424074],[4615594.027117909,2851959.1640929496],[4615781.710547894,2851716.5738232415],[4615894.394315975,2851746.7690886883],[4616117.090477062,2851547.370296339],[4616016.316870628,2851384.626768946],[4616055.100203433,2851258.4094391502],[4616172.782584501,2851042.5961373323],[4616247.301427268,2851066.334038687],[4616417.273035372,2850844.5472294874],[4616373.361532987,2850648.3581701256],[4616207.233284296,2850501.3820243236],[4616306.181556461,2850472.299902924],[4616490.320465331,2850807.1323987683],[4616569.691149109,2850801.4830049626],[4616622.676316893,2850665.812188578],[4616774.001575595,2850638.655425866],[4616818.270995654,2850357.125244752],[4616665.128942302,2850134.942849879],[4617348.443022764,2849869.8319340223],[4617378.235714721,2849655.094628791],[4617621.691253843,2849452.880333168],[4617609.282399872,2849349.232688593],[4617421.349474444,2849321.394984945],[4617401.042492204,2849219.88871487],[4617998.00033094,2848864.890708932],[4618097.846864599,2848628.2634609197],[4618250.669794984,2848643.3234084556],[4618422.099772458,2848541.1963148336],[4618710.391496933,2848674.1310605393],[4619200.314262957,2848445.647891521],[4619641.2973893685,2848508.5086856266],[4619938.848149577,2848321.4182271142],[4620004.375077377,2848236.502733807],[4619934.702625632,2848021.3042348945],[4620010.018889226,2847812.267392099],[4619945.962059248,2847591.1419464154],[4620060.972001679,2847381.2043779497],[4620058.7397568775,2847185.9728050884],[4619939.975396811,2847016.201974028],[4619931.75836753,2846477.0207633544],[4619772.676210913,2846295.0830727057],[4619631.182952451,2845904.403898584],[4619427.604594489,2845838.77388733],[4618941.035544447,2846027.021062186],[4618636.936105508,2846033.3616481144],[4618061.16898353,2845953.695435303],[4617796.577502468,2845771.475385817],[4617518.6617787015,2845705.7253028015],[4617520.156376362,2845230.4429045874],[4617424.7929841615,2844971.7164573977],[4616994.194445327,2844677.291094343],[4616836.57869035,2844390.100433136],[4616645.8479064815,2844252.6666232897],[4617121.468056089,2844058.956974306],[4617312.033060621,2843728.46238287],[4617538.484021393,2843560.9479708285],[4617530.150029599,2843386.1140042963],[4618030.690649589,2843219.213668621],[4618075.174867577,2843020.1388162845],[4618370.878235333,2843143.007139924],[4618609.073202891,2843119.247753858],[4618926.321832935,2843286.69237001],[4619170.335929296,2843254.28050001],[4619392.595672842,2843106.258989045],[4619411.548935546,2842999.558319344],[4619226.143189998,2842633.7510000705],[4619303.09933925,2842519.9385578134],[4619264.522964966,2842126.0542638437],[4618934.4772547325,2841926.5024844254],[4619059.652593103,2841845.838727366],[4619148.633174778,2841594.446203373],[4619072.263834858,2841473.1892584674],[4619747.469121624,2841139.9188623577],[4619723.17969888,2840936.1408067266],[4619880.016341972,2840811.025885721],[4619964.996353268,2840602.7984050787],[4620466.89927081,2840875.794587096],[4620867.246566965,2840839.3444997314],[4621046.865765444,2840931.8490094426],[4621104.4449180355,2840622.458649992],[4620901.651019117,2840241.5030273288],[4620942.554027041,2839628.6707368866],[4621065.55157591,2839687.1662266026],[4621165.214939531,2840091.011719992],[4621276.406675305,2840172.6081124544],[4621986.111987011,2840157.954229211],[4622321.182893998,2840255.841347425],[4622913.73662513,2840163.53661409],[4623122.896063112,2840271.7474090457],[4623269.094744772,2839991.860973396],[4623113.1523509035,2839406.671914579],[4623827.500247713,2839166.6617326383],[4624555.75428105,2839174.473244527],[4624731.897208731,2839319.731825215],[4624822.086837784,2839591.4054342876],[4625139.780661343,2839668.1234611603],[4625374.122448149,2839871.653834127],[4625424.159112285,2840086.972093316],[4625575.042622421,2840177.13978871],[4625790.689077388,2840156.27115888],[4626476.83415499,2839786.360315563],[4626545.380727717,2839897.8312055357],[4626890.493497913,2839880.4170720503],[4627162.808350509,2840060.057026776],[4627389.767622463,2840065.0410404056],[4627523.938449464,2839916.26937711],[4627515.263545467,2839821.813610436],[4627648.978842281,2839799.027799555],[4627681.403349001,2839697.196961795],[4628040.560711263,2839730.71608832],[4628097.781954459,2839376.136580923],[4628453.456979853,2839530.2752983887],[4628621.191141887,2839506.033374124],[4628820.602924965,2839636.3958059493],[4629034.788376846,2839632.334706348],[4629034.93570017,2839797.6381958784],[4629129.72116259,2839859.9294419065],[4629265.142456198,2839814.883083328],[4629377.087565395,2839961.3376797964],[4629849.908942969,2839835.932844623],[4630343.740982839,2839884.3650170593],[4630628.134087778,2839684.8124255743],[4630945.290213885,2839612.0365496823],[4631121.828805372,2839669.232595317],[4631375.383639109,2839446.852400587],[4631683.50436841,2839467.147778338],[4631956.114259137,2839305.4283468863],[4632463.823033348,2839306.6331513356],[4632883.518314779,2839191.933350156],[4633592.279995614,2838793.456624649],[4633810.649879779,2838410.351570863],[4634130.942506225,2838526.1668537688],[4634353.843626257,2838495.936135186],[4634430.979246458,2838708.293693572],[4634834.5020792885,2838811.889253623],[4634921.427007584,2838909.6775806667],[4636087.408414502,2838952.2571174838],[4636335.555707047,2838547.395513324],[4636711.934898741,2838181.997292864],[4637216.514147092,2838024.316966408],[4638071.859375159,2837535.206659114],[4638320.33067126,2837460.4839263423],[4638614.985816117,2837517.6824412853],[4638976.690083846,2837225.8713492574],[4639425.4673420815,2837142.1519365017],[4639878.590040817,2837122.1086637685],[4640115.067034577,2837265.9991804115],[4640291.566410372,2836573.8322385894],[4640378.22604184,2836511.8244918436],[4640410.669344525,2836131.6625297074],[4640804.122910533,2835947.3986110147],[4641032.533953722,2836203.529186457],[4641443.477425124,2836286.860946661],[4641594.04141258,2836543.481455115],[4641577.014704412,2836874.277631322],[4641823.520228347,2837110.0791083532],[4642163.959211371,2837196.3823513216],[4642029.320666735,2837427.806763905],[4642136.797453875,2837579.839004209],[4642074.151329935,2837879.9074748177],[4642423.255466126,2838416.3180666],[4642441.770363498,2838566.2532386975],[4643090.158336402,2838740.086977994],[4643318.212413667,2838347.9011786617],[4643341.77964283,2838087.501295202],[4643510.981631398,2838070.8174937526],[4644122.282551146,2838077.365814433],[4644688.270930736,2838383.4849008406],[4645042.308705254,2839108.143322134],[4644871.40370612,2839127.855899217],[4644856.128200644,2839454.5884109996],[4644705.69377682,2839473.120396297],[4644587.657945963,2839590.029616033],[4644484.727146815,2840018.7207104173],[4644523.539704137,2840286.56724409],[4644381.829890802,2840551.3717684434],[4644434.54017567,2840695.278406184],[4644762.85874018,2840770.885611349],[4644866.555129693,2840908.6475476366],[4644980.488531196,2840792.5920410724],[4645161.973322522,2840799.643110619],[4645196.093311315,2840679.7882335675],[4645754.138095693,2840855.4838571246],[4646021.114576433,2840728.558875793],[4646373.021996906,2840829.9749901164],[4646969.153939744,2840696.3810466942],[4647325.81862917,2840416.2348115216],[4647769.31944117,2840487.9135160493],[4648007.300165381,2841488.987437892],[4648439.010413344,2841769.7188923983],[4648416.174368234,2841863.657987678],[4648556.70238376,2842139.717575066],[4648615.308238025,2842670.225621888],[4648862.487226528,2843325.8202041974],[4648733.3757212395,2843952.115285731],[4649056.720664731,2844540.0613726135],[4649338.264165123,2844564.778030288],[4649041.2704405915,2845276.125707575],[4648491.214786071,2845900.5523937233],[4648316.195649588,2846552.639236017],[4649010.23351184,2846676.11629902],[4649055.343927524,2846776.566485595],[4649447.93455087,2846657.2007049983],[4649480.471968835,2846743.2176699187],[4650131.046029094,2846995.0672616474],[4650125.217341753,2847124.169149912],[4650258.507154115,2847269.1209646515],[4650527.388015688,2846767.8065388026],[4650659.246748349,2846781.227825394],[4650908.691823016,2846619.3976876643],[4650916.505926082,2846485.830821143],[4650768.061559336,2846454.856390336],[4650859.125716104,2846285.1087839194],[4651061.442591426,2846202.2786933663],[4651148.80485409,2846040.9195382106],[4651534.507362777,2845778.3532607662],[4652099.25077322,2845620.7244741507],[4652353.606943928,2845047.414778713],[4652323.551989248,2844469.354735076],[4652703.211693323,2844225.369666317],[4652912.210738347,2843972.760494226],[4653116.416528632,2843978.2509598443],[4653506.477809107,2844225.9064757237],[4653805.685277045,2844295.70960698],[4654193.998595174,2844191.7082780204],[4654426.540298858,2843925.134489287],[4654741.327498853,2843773.40977457],[4655947.276492973,2843848.0933679566],[4656055.808977346,2843755.24503981],[4656142.160236742,2843848.134255112],[4656531.493370464,2843478.893836119],[4656578.791712779,2843075.9406406037],[4656723.482330281,2842902.434363956],[4656972.157004312,2842936.399653206],[4657135.694545912,2842753.8423162494],[4657312.534389692,2842694.5643780674],[4657398.53351674,2842843.0010093404],[4657407.478383984,2843225.5378156872],[4657681.162936044,2843287.001463449],[4657746.279360577,2843515.4033077206],[4657845.74906135,2843472.294419745],[4657999.932089958,2843636.8581267274],[4658200.880327061,2843639.734950963],[4658603.064413151,2844255.888192967],[4658796.36631504,2844220.06309605],[4658980.489636661,2844404.5089978073],[4659281.866644969,2844392.653416385],[4659473.890614107,2844653.946571537],[4659655.9718841985,2844721.1085093445],[4659611.362624734,2844840.534120936],[4659873.315098333,2845268.946116917],[4660095.496173466,2845299.358940028],[4660158.75817301,2845596.2362691686],[4660415.423494054,2845678.113513778],[4660760.061023871,2845636.65842457],[4661055.673717236,2845396.959653899],[4661097.9610010795,2845215.6227218583],[4661356.631223846,2844959.832024897],[4661497.633047084,2844533.765669723],[4661682.63351076,2844275.2455734815],[4661705.910254048,2843917.473943538],[4661842.5862471005,2843695.768260588],[4661820.6633837065,2843530.0381532656],[4662093.063667008,2843096.193195255],[4662380.145049417,2842976.9853210514],[4662487.014682752,2843170.6950501306],[4662641.29887183,2843161.7020437294],[4662747.354235822,2843310.4870313066],[4662955.366531681,2843373.5331649296],[4663275.118950323,2843714.7391977496],[4663439.476640079,2843803.6646475103],[4663587.454888582,2843761.3937091692],[4664122.21755388,2843187.9623772604],[4664453.948565675,2842508.0624640775],[4664979.297760246,2840786.1434550323],[4665422.2272086665,2840736.405765705],[4665921.691203997,2840958.0185812525],[4666371.084124721,2840894.0401356947],[4666713.507847201,2841180.841666602],[4666972.492112575,2841206.1586803147],[4666920.581095869,2840807.4981021406],[4667034.846087144,2840697.465404195],[4667892.830696402,2840604.905807626],[4668124.726004558,2840716.827887499],[4668533.4736974705,2840584.0773654534],[4668969.687699331,2839900.347183359],[4669292.812528262,2839641.88199935],[4669329.408866834,2839175.8396242564],[4669579.592371186,2838806.6365981326],[4670035.626933352,2838803.269849921],[4670120.415656433,2838587.274240159],[4670611.700637194,2838257.1903394223],[4670545.732543115,2837763.9302004767],[4670884.159333083,2837698.3887496134],[4671029.225776087,2837788.3646231373],[4671100.046014436,2837967.8263884913],[4670974.946325931,2838265.615801039],[4670992.3724625185,2838483.923082864],[4671124.11633604,2838493.0110822152],[4671298.607913442,2838657.1645061756],[4671428.472516585,2838988.75561194],[4671721.92112401,2839001.343363348],[4671826.78067675,2839121.992443929],[4672405.478900901,2839163.2952779434],[4672605.992436952,2838898.443041775],[4672714.515735158,2838568.615801904],[4672872.23861123,2838416.2912050514],[4673221.677203149,2838290.470184555],[4673346.909038089,2838329.7958614454],[4673547.116071012,2838717.7660526116],[4673773.597013289,2838835.507810094],[4674020.549449039,2838852.510597075],[4674249.637253017,2838666.623875833],[4674580.943243379,2838811.1246654065],[4674821.100449811,2838561.058934883],[4675200.198008834,2838452.9078376205],[4675515.590475483,2838558.865335674],[4675766.992837931,2838520.4444802925],[4676119.698356021,2838224.7473120764],[4676143.428572665,2837914.5522995857],[4676262.3762118295,2837789.340991157],[4676660.231475203,2837667.9610771406],[4677182.932772999,2837719.3961352785],[4677565.71507588,2837641.9624286112],[4678118.430736675,2837314.004336163],[4678200.332759623,2837104.173351668],[4678959.565352556,2836457.5350201502],[4678976.371242039,2836353.826802836],[4678814.933998479,2836177.497217919],[4678814.585310257,2836052.346205253],[4678640.793349883,2835948.567111252],[4678669.707786037,2835823.786010465],[4679009.082235538,2835866.684819284],[4679472.721592534,2835709.239609001],[4679819.427222356,2835750.1965801413],[4680303.595770179,2835599.6892300434],[4681054.863236088,2835720.1613227446],[4681411.465820722,2835662.235083616],[4681608.332123677,2835467.659328709]]]}},{"type":"Feature","properties":{"flugjahr":"2015","gebiet":"Nieder\u00f6sterreich"},"geometry":{"type":"Polygon","coordinates":[[[4846639.163777891,2804126.7827919857],[4846530.718448724,2804057.1430428973],[4846110.779987704,2803974.361307504],[4846167.801999102,2803793.3869690658],[4846490.359011906,2803510.7992149508],[4846196.652641184,2802874.927918695],[4846363.86414487,2802505.44486646],[4844946.875503786,2801681.345734],[4844788.755444154,2801446.8368362556],[4844747.0163036585,2800573.112411611],[4844614.300355436,2800111.507220878],[4844567.543411339,2799501.939690327],[4841999.962860493,2800178.106206574],[4842393.335044737,2800430.6202196046],[4842921.273869627,2800592.3090294157],[4843833.233779755,2801122.384503919],[4843867.966804782,2801180.9882286545],[4843517.826498534,2801351.122673464],[4843172.890885031,2801734.2258717045],[4842589.728988949,2801498.15512052],[4842075.992114842,2800860.764714226],[4841749.386628069,2801339.9778963025],[4841467.880738351,2801969.727350373],[4841183.425902921,2801940.2807721165],[4840543.999897025,2802200.263771237],[4840584.915676395,2801668.0785761448],[4840359.143043271,2801352.5561357215],[4840109.75612856,2801230.8943402213],[4839904.800449584,2801459.289489385],[4839863.869962207,2801416.287945817],[4839586.4687638255,2800829.0649619764],[4839450.843246553,2800329.6762789893],[4839695.8203580445,2800240.298711712],[4840141.174221751,2800267.280575085],[4840932.474135412,2799686.091377357],[4842640.350540601,2798747.3757452294],[4843258.06911774,2798219.5848857863],[4842798.59862458,2797116.519600184],[4842208.505841704,2796201.9178394345],[4841989.719014162,2795670.9796113353],[4841463.909527956,2793015.633291594],[4840986.688257289,2792355.210995241],[4840616.894448721,2792452.0044312403],[4840641.783874848,2792337.101937075],[4840549.458113135,2792321.2582318764],[4840429.000575846,2792665.720783481],[4840200.463133417,2792587.96886857],[4840273.955080088,2792679.055267438],[4840133.460435565,2792878.645173438],[4840137.930296798,2793132.006049854],[4840301.255777894,2793688.683403254],[4840353.062119874,2793715.195351156],[4840363.202623605,2793589.1503041647],[4840471.4535437,2793515.7257659575],[4840546.577247976,2793625.0302675175],[4840236.54959824,2794100.6617139084],[4840021.1689054975,2794228.263152369],[4839632.83428418,2794247.117175426],[4839466.1943224035,2794323.4029247127],[4839447.087808115,2794414.775562181],[4838507.373917833,2794781.567268364],[4838219.837736311,2794708.6994063873],[4837567.455531362,2794833.425237488],[4837355.2597787045,2794782.2573784147],[4837090.03204654,2794824.4366961834],[4836896.59818064,2794991.4026577147],[4836283.954906352,2794976.240277608],[4835886.45749864,2795586.2943274765],[4836178.326256526,2796298.6588056027],[4836168.533658291,2796446.0912289703],[4836029.870116624,2796514.974452573],[4836060.425961104,2796602.5992024015],[4835963.974456764,2796735.317024147],[4835060.131886634,2797067.7248015786],[4834584.103384972,2797107.338978156],[4834500.707957249,2797148.9273591232],[4834524.040703875,2797248.556030873],[4834419.631660323,2797380.96436863],[4834322.780950755,2797402.733571283],[4834310.349689433,2797208.7573558036],[4834147.044042133,2797330.339712808],[4833836.1586241005,2797390.8060890925],[4833729.004792434,2797257.9716416243],[4833737.562915855,2797048.2044210117],[4833622.471407049,2796813.6702149063],[4833568.7184668705,2796888.8569713556],[4833487.297970696,2796860.740952803],[4833326.074884789,2796627.267260971],[4833145.538607361,2796646.1202394874],[4833167.934498502,2796751.0328595834],[4833044.523075468,2796733.7243240033],[4833054.63995633,2796862.041794105],[4832860.881204232,2796840.766662179],[4832668.829100887,2797022.825233821],[4832552.882112591,2796686.2067692317],[4832493.419961677,2796700.0552582415],[4832522.471995953,2796859.3974427935],[4832399.892310079,2796845.367444025],[4832399.761233838,2796559.6209789785],[4832234.407357293,2796252.0860497486],[4832070.037802901,2796227.9826493384],[4832021.567944848,2795992.769064721],[4831845.193206949,2796053.111181826],[4831874.886665021,2795944.9835372684],[4831739.848260246,2795929.298798296],[4831846.289411277,2795794.403228513],[4831735.372885723,2795809.7858210756],[4831730.306147283,2795708.125431107],[4831577.389439275,2795639.211588897],[4831571.990179683,2795460.7085921112],[4831691.100444759,2795456.6807945883],[4831715.824849987,2795337.214163747],[4831661.487309726,2795168.216242202],[4831464.025933022,2795141.990009743],[4831531.459817405,2794952.0077708997],[4831441.6748989895,2794951.3888193676],[4831349.256597329,2795112.09465732],[4831209.694294487,2795062.381402941],[4831079.737849447,2795191.474511924],[4830873.276177719,2795110.255001364],[4830689.241338812,2794896.6383071207],[4830691.6473720055,2794828.8967333906],[4830839.712731497,2794840.5691413046],[4830635.107086826,2794482.482836718],[4830734.409930305,2794392.2341673714],[4830586.253247653,2794311.732692975],[4830780.46766012,2794245.2455561366],[4830699.7657423,2794162.293054173],[4830527.268235512,2794190.274942962],[4830658.994908916,2794112.5650447053],[4830503.928387165,2794023.7892988343],[4830615.798917537,2793919.236105513],[4830460.409463491,2793686.767827745],[4830449.949903104,2793855.8378334744],[4830094.197466254,2793715.5504376222],[4830108.311471997,2793656.0349021256],[4829981.464403034,2793589.037838718],[4829948.821601159,2793379.6299958937],[4829797.821440975,2793388.6531796805],[4829835.908377584,2793270.0934992866],[4829695.475624711,2793187.175495051],[4829769.476801079,2793085.682784045],[4829651.454146641,2793015.3088182705],[4829655.356684965,2792951.526309252],[4829739.148339645,2793030.8852600474],[4829834.418259468,2792956.488270474],[4829915.078529354,2793084.198006266],[4829957.3185901055,2792926.906095084],[4830018.98509595,2793040.1687111356],[4830274.829642331,2792925.867001695],[4830220.1544483565,2792614.9814117043],[4830384.979671013,2792379.41080798],[4829828.483045272,2791933.097653806],[4829724.99836453,2791971.005228107],[4829688.864709252,2791834.840678638],[4829411.482657381,2791930.001984994],[4829471.170497312,2791804.326364463],[4829202.29839814,2791823.577241452],[4829208.98088329,2791970.2573912176],[4829148.369887478,2791896.0989945782],[4829034.955747718,2791977.029134017],[4829016.521570067,2791895.71482353],[4828782.816701563,2791994.898565462],[4828581.903668564,2791710.946432683],[4828280.205829702,2791851.9570999104],[4828350.155497429,2791680.2437029555],[4828199.900771154,2791773.6387452846],[4827955.5914127715,2791596.9350573705],[4827964.112137214,2791696.4508879157],[4827807.412145843,2791721.412101643],[4827730.300323494,2791677.34640841],[4827757.67913846,2791530.509744374],[4827589.5351219755,2791706.5219006334],[4827482.446802703,2791617.9692864707],[4827490.646800172,2791286.376198647],[4827252.179629848,2791005.644625551],[4826756.501997644,2790800.9723540186],[4826681.7966956245,2790700.4612966743],[4826535.529890167,2790880.696351854],[4826338.888624728,2790940.6437829486],[4826297.7904968755,2790767.6866070037],[4825936.390202886,2790528.24390446],[4825759.038834402,2790547.3357146154],[4825603.953920688,2790287.688742583],[4825336.045215197,2790226.8902713694],[4825119.379743306,2790039.566479717],[4825143.448372864,2789977.5695253666],[4825007.359039294,2789976.176123692],[4824984.675043308,2789850.1841054913],[4824854.353025195,2789981.1831622827],[4824867.14247423,2789849.0273636756],[4824778.439818649,2789746.4082674016],[4824681.240088201,2789809.8179316954],[4824674.799210348,2789733.7811789466],[4824541.961297334,2789687.5944232773],[4824389.977300934,2789780.0713584474],[4824364.792731105,2789670.948451079],[4824428.91401943,2789635.0897836415],[4824344.022182705,2789508.107841432],[4824336.542474068,2789627.1220916505],[4824175.00548534,2789544.2511756043],[4824091.321531432,2789598.4965598723],[4824116.350515812,2789726.470782407],[4823922.116824785,2789704.0776202567],[4823933.921222833,2789602.555481154],[4823839.679240095,2789613.652849376],[4823876.161135553,2789762.4744869517],[4823717.978135567,2789795.787091285],[4823758.590659274,2789635.945110399],[4823634.161436853,2789735.8139625327],[4823475.122169332,2789563.8533874787],[4823266.980174697,2789647.8253956484],[4823111.763393354,2789648.2096072887],[4823156.278299152,2789556.6210785424],[4823301.102021484,2789598.1710572247],[4823143.362810619,2789448.813659888],[4823166.597344436,2789342.3503770367],[4823284.159426125,2789298.715805224],[4823050.037341007,2789286.709124786],[4823110.939854943,2789233.8095516227],[4822979.50673121,2789125.831741116],[4822680.898210565,2789284.2742172377],[4822319.212827396,2789017.865292888],[4822288.608628738,2789085.4720693566],[4821630.402479794,2789267.3570319097],[4821347.037955258,2789313.80172597],[4821356.130347521,2789202.0128649985],[4821270.526107464,2789317.4122956796],[4821245.294355434,2789247.84859022],[4821194.613271336,2789297.896448834],[4820992.526370113,2789239.0723092295],[4820921.175234365,2789109.9265895393],[4821027.930602977,2789075.757952196],[4820878.1910513,2789074.070217777],[4820762.738868554,2788929.3375813123],[4820650.818652998,2789180.5639941394],[4820550.49999268,2789206.867615803],[4820499.519827776,2789051.5096563622],[4820555.609686329,2789057.3913681866],[4820552.454293388,2788970.7047419804],[4820461.418387801,2788945.618315244],[4820483.974019873,2788357.8887493056],[4820685.651393358,2786472.7428962323],[4820304.21781383,2786478.361343024],[4820276.529947216,2786275.460482464],[4820347.706793266,2785746.690143324],[4820634.907963757,2785443.967714261],[4820917.100065277,2784788.5572554762],[4820701.76871536,2784575.1097310837],[4820730.244370725,2784072.5988291525],[4820431.173758101,2783828.409338165],[4820011.427019797,2783737.373086552],[4819916.499006855,2783478.0323451823],[4819493.3816403,2783246.9199055433],[4818847.077110591,2783251.463694529],[4818530.673230799,2783094.004938278],[4818268.1079715,2782805.584312944],[4817822.997443838,2783245.313504995],[4817413.595520273,2782838.227405805],[4817307.654320447,2782592.253957914],[4817418.268800298,2781874.7755890572],[4816878.579595342,2781667.4273821963],[4816524.071502319,2781429.5412052493],[4816045.832588901,2781355.019716414],[4815896.356333332,2780640.744812662],[4816139.350814532,2779765.070390981],[4816124.176752733,2779549.9054355007],[4815594.440981899,2779163.6459919],[4814660.295663196,2777796.2719859057],[4814031.029520115,2776697.075499896],[4813264.9265394015,2776180.0416245963],[4812846.561723557,2775033.26918538],[4812696.445918752,2774744.8810948646],[4812408.20830256,2774470.3578060837],[4812200.6589768985,2774383.019690882],[4812093.901624206,2774621.9319355185],[4812132.1128314845,2774960.1095383656],[4812033.945482153,2775177.1542106755],[4811586.199214761,2775662.5072641717],[4811438.169464954,2775787.745125533],[4811096.023676893,2775798.2322425763],[4810723.957710737,2776045.8046193467],[4810394.6680574175,2776846.167816876],[4810380.285589223,2777054.73563583],[4810263.619768345,2777028.33544769],[4809869.411213176,2777324.660252364],[4809836.615043854,2777457.5845533255],[4809667.7654114235,2777564.5909788795],[4809325.205069899,2778055.021358394],[4808802.814741188,2778473.6512818933],[4808607.464699171,2778832.5543292286],[4807974.268063495,2779409.1740065287],[4807737.124174703,2780071.5007164385],[4807532.725575417,2780360.5757638616],[4807347.823149622,2780255.964453134],[4807097.805074632,2780335.1781803817],[4807152.033621652,2780102.2774617984],[4806968.706664891,2780099.3063480225],[4807045.5350463325,2780037.5993572185],[4806889.509614829,2780029.05300705],[4806995.487080859,2779965.007936427],[4806912.2918999875,2779896.216852928],[4806808.782080176,2779980.3270464805],[4806600.022206712,2779928.1022707317],[4806480.761961649,2779835.5784041877],[4806582.203626054,2779713.1758257775],[4806465.691448279,2779730.2440495114],[4806405.040186164,2779930.4205962364],[4806376.065274715,2779840.3843575814],[4806155.6989854835,2779875.6226896695],[4806143.645413119,2780006.494074858],[4805960.422075536,2779941.5313368314],[4805571.843658748,2779963.9604962263],[4805377.380742997,2780103.4965302018],[4805096.2261459,2779993.8410547683],[4805023.272966408,2779681.402298745],[4804646.95550457,2779417.5152073666],[4804445.9699757,2779507.468876766],[4803993.020661648,2779338.371560253],[4803770.930602233,2779577.90335473],[4803642.822603492,2779587.5650624144],[4801731.6197061045,2802546.185174424],[4802442.983568178,2803417.49855893],[4802482.284858986,2803714.2580453292],[4803250.568338231,2803604.2736408454],[4803608.528747023,2804041.8591055595],[4804003.276572016,2803785.608927159],[4805115.486755411,2804187.5910828034],[4805325.993021388,2804152.406268246],[4806045.789398689,2803765.5576317376],[4807442.124017752,2802646.194210269],[4809955.976566832,2801971.0958845587],[4809906.273588727,2803764.2409423194],[4809567.330047488,2804160.5181547115],[4809752.889793391,2804598.812398592],[4809634.947229631,2804912.520475418],[4809314.973441852,2805096.3447044943],[4809098.022136319,2805064.4390575364],[4808782.330301454,2804855.7193946457],[4808645.767086236,2804661.73286215],[4808331.54541496,2805050.921248259],[4808221.219936603,2805079.5259452015],[4808049.527928429,2804977.081733609],[4808237.994584453,2804775.3692096616],[4807966.126877749,2804822.865989547],[4807732.590343179,2805047.940106231],[4807746.893640346,2805215.3898314037],[4807597.64751998,2805316.8498156182],[4807450.3262036415,2805722.6625530124],[4807433.762814232,2805798.350845864],[4807698.677734993,2805822.1381200226],[4807734.315838193,2805947.5562883196],[4807610.899856722,2806399.0266246935],[4807458.791830416,2806504.4429991785],[4806964.480573165,2806321.701310006],[4807021.380231434,2806200.3072228003],[4807192.570766238,2806158.5924986256],[4807271.697077827,2805942.8089583893],[4807015.789633106,2805986.77741635],[4806896.757016257,2805887.837090129],[4806672.942090901,2805947.6096283174],[4806641.934826232,2806073.0290016355],[4806975.956581928,2806009.00102698],[4806608.523139602,2806345.9014321086],[4806660.581591189,2806958.53081196],[4806934.105479389,2806790.6943281707],[4806971.669671193,2806936.687377492],[4806673.921464796,2807055.978229003],[4806693.607673983,2807436.71813647],[4806877.105724432,2807973.471430898],[4806538.182535433,2808703.2154856436],[4818582.780237042,2809739.63668694],[4818690.669335495,2809649.255005466],[4838723.532846348,2811379.477068416],[4839135.359891172,2810665.51422605],[4839273.649627313,2809909.3642531754],[4839185.058033471,2809306.7390389205],[4839278.895159813,2808825.17575054],[4839871.481674148,2808453.1203758516],[4840834.3795854645,2807684.213052096],[4842174.7428152785,2806984.337296649],[4843054.912928724,2805912.1789796026],[4843290.830482799,2805746.2188708237],[4843784.190095565,2805667.0659339502],[4844178.752468702,2805701.238342717],[4845549.48305917,2806259.296397709],[4845599.901499882,2806044.832532933],[4845758.541745032,2805982.751507014],[4845927.999339547,2805654.5471317093],[4845982.481505203,2805392.186521745],[4845894.883972906,2805324.5759719647],[4845974.358080704,2805160.37725336],[4846340.392650894,2804696.8846259336],[4846252.555978985,2804580.2533536507],[4846373.220056977,2804609.3281859],[4846499.284239464,2804522.9513611463],[4846495.477553393,2804380.351165107],[4846639.163777891,2804126.7827919857]]]}},{"type":"Feature","properties":{"flugjahr":"2018","gebiet":"Nieder\u00f6sterreich"},"geometry":{"type":"Polygon","coordinates":[[[4805783.5440685125,2873725.6434717397],[4806332.681760705,2873765.345302784],[4806773.184801377,2873899.2305918196],[4807593.595165127,2873829.8655732544],[4807829.542364881,2874402.320400814],[4808066.9727604,2874512.400889423],[4809181.099072728,2874529.3335440797],[4809407.805766699,2874456.234366278],[4809414.329710949,2874335.9647450163],[4809511.47896479,2874262.140430277],[4809574.775621603,2874321.804365902],[4810157.581865038,2874143.1618477316],[4810188.907998678,2873871.4816643987],[4810359.550357114,2873795.0162159414],[4810249.641888598,2873518.543165415],[4810419.1663201125,2873359.963038022],[4811048.396274861,2873165.83279205],[4811337.038615296,2872601.3016328397],[4811735.37563792,2870786.1071211183],[4811551.921384922,2870297.5051766243],[4811297.700563632,2869922.2806498543],[4811293.534150314,2869699.426626888],[4811460.454507555,2869373.6003355123],[4811836.0439907145,2869001.072355368],[4812066.720608854,2868398.6345198876],[4812436.486709262,2868583.748138802],[4812761.519269662,2868996.956023845],[4813287.103936756,2869470.757908796],[4813557.804354745,2869335.6344110356],[4813684.105158975,2869633.2572667142],[4813784.236905848,2869557.885430331],[4814298.394468844,2869740.325329503],[4815025.337220861,2869796.8319613766],[4815331.524197703,2869662.644547318],[4815437.963502052,2869528.7754208613],[4815346.852741466,2869371.7671579444],[4815400.233095422,2869289.2126552565],[4815667.038430877,2869379.6867751796],[4815944.096155114,2869178.854595909],[4815883.61144713,2868987.0446206736],[4815948.232616956,2868927.4434852465],[4816005.1037920555,2869058.1372258514],[4816756.023040318,2869284.701825954],[4817196.469318624,2868481.6199600142],[4817330.2808477525,2868041.5030115373],[4817742.094350729,2867872.2779985373],[4817678.733542931,2867659.3543884973],[4817779.802701531,2867646.645305122],[4818082.252137019,2867918.488374166],[4818559.183211748,2867461.8343503075],[4818985.535462676,2867258.21322407],[4819160.886070957,2867508.7634521383],[4819270.722567996,2867381.0985646844],[4819484.882224339,2867379.104225251],[4820050.554742007,2867552.3438900122],[4820479.026244517,2867214.206947661],[4820717.427578486,2867259.0874902643],[4820840.308211467,2867090.7516824296],[4820882.307414745,2866799.170734296],[4821201.74267643,2867112.459239548],[4821161.448254238,2867473.650878432],[4822008.933353576,2867342.1993078957],[4822424.343965169,2867384.9933563434],[4822764.657677291,2867497.2552510286],[4823241.065724721,2868154.110716728],[4823844.955791148,2867649.0635365774],[4825841.927070115,2867949.1338992016],[4826071.12726973,2868285.609899293],[4825975.726043607,2868412.8525003875],[4826164.6143063465,2868603.28376305],[4826264.325126161,2868999.537732468],[4826510.638823109,2869211.7909621242],[4826719.469326343,2869056.319616316],[4826637.929856356,2868908.326992663],[4826803.314017781,2868864.904252141],[4826796.741329526,2868772.8523198497],[4827046.734483384,2868467.9103418645],[4827164.213051007,2868528.181336873],[4827540.903725872,2868467.5195760014],[4827749.364185605,2868567.8189169513],[4827887.495001139,2868521.553534762],[4828077.9034730345,2868752.4795297845],[4828232.905476844,2868770.3491683668],[4828588.965258326,2868411.311945475],[4828545.87389224,2868275.7116231793],[4828335.926604727,2868156.267800199],[4828472.240683248,2867878.664817128],[4828990.037763436,2867626.4484370872],[4829215.804556855,2867167.360012943],[4829471.845648918,2867093.8086699117],[4829481.961585421,2866930.6253034975],[4829615.941536285,2866789.637452902],[4829504.392039878,2866649.8202504516],[4829509.19683419,2866411.9759831442],[4829714.246923707,2866128.8023691573],[4829580.587294237,2865684.6743266806],[4829756.593077745,2865513.6873034216],[4829534.774595803,2865323.403023488],[4829670.528706061,2865118.588873793],[4829403.366645553,2865041.859455968],[4829449.951379177,2864847.9542463585],[4829290.968490464,2864563.924079795],[4829293.643143417,2864146.847618743],[4829515.37803025,2863939.1468971055],[4829846.880189818,2863944.641624439],[4829958.974262212,2863867.1434780215],[4830168.311639396,2863953.99417995],[4830389.971232621,2863830.2740527433],[4830373.925147803,2863603.3029339556],[4830282.849621719,2863538.3595033665],[4830261.6590837855,2863311.222778329],[4830347.852825289,2863221.7818820667],[4830265.83357647,2863140.5814118744],[4830311.648809867,2862982.143386604],[4830256.7151758615,2862806.862991619],[4830422.578556523,2862250.3019183394],[4830195.944311575,2861482.3163048746],[4830237.092216694,2861310.9084534487],[4830346.606995676,2861232.529852213],[4830353.768828423,2860822.821749796],[4830632.646876997,2860628.8300750977],[4830854.859834617,2860689.94978481],[4830950.0793731995,2860596.741262568],[4830902.031289065,2860358.7624507924],[4830990.04446566,2860131.983095099],[4830805.016625987,2859742.5140257287],[4830882.764639817,2859395.0411108993],[4830668.851618573,2859239.715944642],[4830760.701953685,2858982.9855800015],[4830536.967604568,2858890.726783523],[4830425.692998678,2858704.721622732],[4830543.65283911,2858441.9292865335],[4830443.6722522,2858302.550257784],[4831088.007674984,2858008.238731922],[4831616.109832848,2858066.9075571178],[4831948.381381417,2857970.683081684],[4832068.97781682,2857849.691711712],[4832039.744386674,2857549.9477712563],[4832287.105501739,2857079.9970767614],[4832320.917172989,2856591.524219271],[4832173.1555518275,2856307.92038418],[4831762.69553085,2855997.63653609],[4832350.207155752,2854074.1129469452],[4832349.332928799,2853712.081038845],[4832186.308994133,2853134.819121291],[4832202.426822243,2852769.5022411128],[4832481.840017731,2852099.275008598],[4832989.030108884,2851548.176165209],[4833018.128281886,2851227.481860435],[4832927.922226173,2850679.4153589965],[4833302.531445392,2850257.140355353],[4833720.708215169,2850057.8320600693],[4833843.709683396,2849725.5362229664],[4833569.224112681,2848624.1622810084],[4833130.873735222,2848152.4975400325],[4833012.384951222,2847838.5925820065],[4833040.550979002,2847692.274984377],[4833308.742413182,2847433.414428759],[4833266.996411046,2847240.355004859],[4833057.793127004,2847099.1613966413],[4832668.498253032,2847142.2311463077],[4832247.076871524,2846981.894501066],[4831665.364853265,2846912.548707538],[4831578.086632732,2846721.98101745],[4831815.270961475,2846371.180918011],[4831809.83404983,2846200.000477802],[4831629.476539002,2846054.0633319626],[4831289.581574958,2846063.6704851086],[4831208.199981162,2845954.2808142696],[4831194.734508173,2845501.045811929],[4831342.70349745,2845056.829154327],[4831329.014583926,2844777.5124952514],[4831627.55779588,2844399.3850256857],[4831609.28647605,2844157.5987755256],[4831442.331220894,2844018.418908897],[4831198.606553589,2843991.8210410406],[4830958.494496712,2844098.3812366566],[4830796.621417732,2844349.121010964],[4830616.646947889,2844382.290243093],[4830264.825258956,2844294.590077296],[4830030.222810397,2844095.8869271246],[4829666.145652318,2843575.85825518],[4829738.904108666,2843428.88293674],[4830112.282883616,2843187.532466192],[4830188.647618781,2843005.1999088144],[4830096.373478698,2842676.901463914],[4829813.781282958,2842413.258488996],[4829828.519422424,2841871.44048874],[4829586.355531572,2841733.469870505],[4829212.91246622,2841937.352520388],[4829118.941433398,2841907.2578788945],[4828859.513326985,2841316.347404203],[4828722.402878521,2840759.972640775],[4828554.067452485,2840614.912325849],[4828065.105963719,2840467.3573996197],[4827965.627376348,2840117.225133611],[4827748.3066669535,2839774.208793112],[4827790.26858571,2839646.516550849],[4828110.551698556,2839431.3222308727],[4828146.755572394,2839293.539394338],[4828071.829568347,2839074.689774139],[4827768.431363836,2838831.635390026],[4827303.309759962,2838792.9718860593],[4827163.084211,2838607.4241154823],[4827129.337683979,2838407.5934401415],[4827258.133984629,2838167.166561479],[4827416.824323313,2837042.9756894642],[4827978.097382147,2835993.0979806553],[4828388.871214424,2835591.4413910443],[4828459.340847668,2835382.274332327],[4828368.53045505,2835162.515432479],[4827741.1609525075,2834595.705774372],[4827586.25546391,2834260.5503180553],[4827653.833926771,2833808.4971324764],[4828031.0051334845,2833120.4547455055],[4828120.846393599,2832800.665044615],[4828077.345704562,2832526.9751505866],[4827780.448113942,2832099.5545402234],[4827849.769432334,2831279.082397631],[4827708.530314798,2831129.154896594],[4827418.380680296,2831048.0713187456],[4827011.652351812,2831224.2708707205],[4826801.35605225,2831226.270843151],[4826646.896177084,2831102.22903294],[4826610.779224004,2830852.0266237557],[4827278.888810078,2829971.9136106945],[4827204.495420892,2829185.1537598856],[4827561.640408687,2828535.624958882],[4827542.713580042,2828002.848918196],[4827716.539381178,2827643.0927281263],[4828042.911365272,2827473.790841842],[4828276.717121391,2827443.692271807],[4828812.966483356,2827652.36586109],[4829332.144846969,2827545.252885756],[4829675.747540244,2827693.8415651033],[4829850.042051827,2827680.839929531],[4830000.481561901,2827531.3557694587],[4830059.39010828,2827330.223551229],[4829993.230321671,2827141.52518367],[4829676.688221508,2826783.3757238016],[4829700.070981734,2826635.675811002],[4829845.19406821,2826474.678556467],[4830045.452034411,2826367.123226609],[4830644.705623912,2826301.0402581547],[4831191.357101959,2825930.95508941],[4831551.975238525,2825922.365996316],[4831999.540002719,2825610.8359491155],[4832603.968464459,2825474.6132003283],[4832740.125893859,2825369.062161242],[4832744.800917081,2824975.3952604295],[4832444.039009582,2824438.6105344673],[4831940.858311598,2824030.8022448835],[4831841.65127389,2823748.5235622134],[4831856.016923923,2823520.339866989],[4832207.027212885,2822931.6627607527],[4832400.340688478,2822244.8960418953],[4832825.04638635,2821833.147438165],[4832944.326591573,2821352.451309422],[4833088.226255325,2821111.8961073733],[4833596.80171971,2820446.202200998],[4833980.811707648,2820160.453269364],[4834096.626335573,2819655.9991926407],[4834583.730220465,2819462.613295743],[4835991.496864781,2819516.7440505284],[4836230.627659099,2819385.7605035817],[4836530.089412415,2819031.01066695],[4836930.4049515575,2818823.8779524085],[4836917.577266556,2818578.213767375],[4836580.188698036,2817935.0070651956],[4836546.375024072,2817062.1638565026],[4836391.948171629,2816270.8619065452],[4836406.326818846,2815650.8378225607],[4836592.378077391,2815312.2979870257],[4837235.95866319,2814817.5659781136],[4837634.996859491,2814278.7660877053],[4837754.198037478,2813969.881709903],[4837834.56634826,2813314.321022139],[4838513.889557708,2812016.414726552],[4838723.532846348,2811379.477068416],[4818690.669335495,2809649.255005466],[4818591.982135614,2809705.850941322],[4816162.494558524,2838543.4331067083],[4808791.304859541,2837907.15542258],[4808684.458613995,2837989.3302220223],[4808783.815577488,2838006.1244979063],[4805783.5440685125,2873725.6434717397]]]}},{"type":"Feature","properties":{"flugjahr":"2014","gebiet":"Nieder\u00f6sterreich"},"geometry":{"type":"Polygon","coordinates":[[[4749345.336630181,2828874.547531463],[4739381.2390749315,2828025.28238151],[4737288.2098298,2852931.8408634653],[4767174.9906114,2855501.8616032694],[4768851.59483278,2835570.239076104],[4748926.8629754,2833857.8449791926],[4749345.336630181,2828874.547531463]]]}},{"type":"Feature","properties":{"flugjahr":"DTM:2019, DSM:2009","gebiet":"Steiermark"},"geometry":{"type":"Polygon","coordinates":[[[4761189.070097627,2637549.7260459987],[4760895.366064952,2638085.501446289],[4759729.540893659,2639302.9035675866],[4760763.5378792,2639063.2033158652],[4762274.092955739,2638900.2435507695],[4763126.647495439,2639080.046729517],[4763856.456238685,2639708.5076011177],[4764043.863225806,2640624.0235663727],[4764262.516578046,2640915.447954784],[4766363.3814475965,2641387.5944700935],[4767601.6619927995,2641862.666178465],[4770789.020619922,2642201.3414482498],[4772181.260026186,2642201.1436702525],[4772712.4732973,2642468.1106150257],[4773152.988512986,2642403.556368907],[4773997.347690695,2642082.5828843503],[4775248.108354725,2641766.5700604357],[4777000.440042151,2641111.6272962065],[4779352.667302598,2639541.7842070074],[4780392.780594019,2639186.9595884876],[4782817.705127241,2638676.334542513],[4783171.054894782,2637997.688559175],[4783025.017226875,2636467.7098732237],[4783188.857269681,2636087.8449368835],[4783198.6249953,2635217.3445358197],[4783047.605018968,2634615.1164232157],[4781784.500342262,2635199.3958611963],[4781069.809147998,2635299.508767239],[4780626.898012862,2635651.4804700534],[4780190.075724521,2636683.9909515544],[4779711.909026842,2637113.734530072],[4778634.375761157,2637431.633078689],[4776427.812656439,2637568.0963059547],[4775862.692189086,2637678.033935529],[4775342.375741734,2637938.042805065],[4773631.061173898,2639401.5886675217],[4773091.009779579,2639735.1377562666],[4772397.231156995,2639977.7995898137],[4771449.24133296,2640130.228655512],[4770258.805036097,2640653.538508782],[4769312.621963964,2640823.540392884],[4767068.755130233,2640705.6235005255],[4765490.70737972,2640175.900718949],[4764276.324270748,2639597.0596430935],[4762286.834408783,2637796.5734153143],[4762029.093257998,2637714.6388884536],[4761547.076035724,2637708.519000195],[4761189.070097627,2637549.7260459987]]]}},{"type":"Feature","properties":{"flugjahr":"DTM:2019, DSM:2011","gebiet":"Steiermark"},"geometry":{"type":"Polygon","coordinates":[[[4632558.085666719,2721701.5796965314],[4632838.309514577,2721830.59655162],[4633220.326597344,2721567.8990540416],[4633659.528192393,2721562.907489051],[4633589.806465793,2721435.741956688],[4633656.3762927335,2720878.2549846936],[4633553.104596185,2720356.0572296856],[4633750.392745754,2719969.6928240894],[4634009.597772941,2719747.302839575],[4634101.7906872025,2719450.2299831514],[4633954.149201983,2719208.271845396],[4633580.466793526,2719186.2109651044],[4632993.109861071,2719740.9500998436],[4632769.78934621,2720104.107813453],[4632530.3181447135,2720834.8814813434],[4632558.085666719,2721701.5796965314]]]}},{"type":"Feature","properties":{"flugjahr":"DTM:2019, DSM:2009","gebiet":"Steiermark"},"geometry":{"type":"Polygon","coordinates":[[[4782776.660685439,2664951.2122142585],[4782588.68225416,2664580.5278561166],[4782513.825514252,2664004.031362685],[4782620.208539021,2663546.088257128],[4782560.192911591,2663263.3908014186],[4782391.437206424,2663069.283154658],[4782087.999028854,2662963.0710685086],[4781853.844397338,2662722.9316725964],[4781495.690602607,2662862.374338717],[4781347.313460041,2662530.219086769],[4780863.623009637,2662186.90293735],[4780772.928540445,2662001.012946204],[4780798.904196876,2660869.0281456043],[4780458.809851152,2660831.9638295076],[4779941.270777332,2660342.301979511],[4779815.372842391,2660113.021643359],[4779449.143103463,2659849.6634870567],[4779210.779478925,2659818.8161413213],[4779148.46485031,2659711.257179841],[4778952.734703054,2658977.8430153816],[4778913.525028746,2658342.8202878614],[4779038.523533507,2657884.14063997],[4779024.322860871,2656835.1753445496],[4778557.528586476,2655832.305507651],[4778600.362965179,2655659.5837175073],[4778960.7061520135,2655414.9549139785],[4778692.7702573305,2654850.8695759363],[4773133.423368186,2654330.100386924],[4772593.074832293,2661317.9061584147],[4776654.449525614,2665562.1336680828],[4777518.721410425,2665500.969930537],[4778843.418720969,2665249.335730107],[4780525.811931705,2665357.214256303],[4781254.56801502,2665166.7359052743],[4782776.660685439,2664951.2122142585]]]}},{"type":"Feature","properties":{"flugjahr":"2010-11","gebiet":"Steiermark"},"geometry":{"type":"Polygon","coordinates":[[[4711515.095792773,2717185.956913055],[4710676.14563898,2727238.3118883846],[4708740.005061036,2727088.5678383815],[4708681.928032806,2727140.796264597],[4707926.917657508,2736237.2515541404],[4708009.604289258,2736346.238666436],[4707933.918314429,2737812.275420619],[4714099.640593586,2738244.907807587],[4714495.479763492,2738109.808395879],[4714167.36270647,2738020.5170394653],[4714298.822205167,2736255.0849965666],[4724294.803515844,2736932.352443828],[4724883.983914876,2737057.6173274415],[4725545.773785702,2737008.595521881],[4726029.792523756,2729186.5059318985],[4726123.080519374,2729050.911442327],[4726047.037634818,2728924.3111689305],[4726235.9407509975,2726050.9558104696],[4726341.385237229,2725850.086976166],[4726254.609771381,2725764.7731420607],[4726365.466544716,2724077.2915498577],[4726984.240020333,2724057.5907221087],[4727019.953030161,2723612.758816699],[4720112.639838714,2722999.5469977586],[4720229.911444593,2721008.668741675],[4718242.333238157,2720783.8834475144],[4718395.64598312,2718841.7345721247],[4715433.554337866,2718572.039122637],[4715629.894323479,2715595.7075732923],[4714913.135248109,2715534.741529],[4713906.796015123,2716708.518434692],[4713276.477965964,2717080.9404084072],[4713001.8366425745,2717128.8016494955],[4712653.612415263,2717024.9261530475],[4712359.523558806,2717113.927918721],[4711904.572680471,2716998.247222832],[4711515.095792773,2717185.956913055]]]}},{"type":"Feature","properties":{"flugjahr":"2010-11","gebiet":"Steiermark"},"geometry":{"type":"Polygon","coordinates":[[[4633659.528192393,2721562.907489051],[4633798.056670391,2721481.471347896],[4634236.31596887,2722177.3785748594],[4634650.02824983,2722533.7541805343],[4634874.7262964,2722904.553622822],[4635549.681170882,2723007.9462594665],[4635613.812570959,2721933.958407904],[4634997.005294049,2721836.3841829174],[4635208.964372912,2718387.3964366745],[4633365.399656482,2718243.199638694],[4633474.1082137255,2716356.329479617],[4633403.758990047,2716289.3833330125],[4633065.238687275,2716326.6891114404],[4631297.637163391,2716120.4790762654],[4631189.580482436,2716263.4967038566],[4631107.080344447,2716659.117452379],[4630796.417515624,2716753.042674648],[4630705.013198262,2717214.310273909],[4630499.141489953,2717522.213548429],[4630437.287194382,2717812.666305215],[4630009.134268009,2718300.6090198657],[4629879.64274612,2718665.5433312315],[4630669.9912396455,2719237.1096392595],[4630821.737373981,2719424.5103856334],[4630641.369872355,2719935.7800252703],[4630617.235689162,2720532.6630075774],[4631443.375544999,2721039.8823948246],[4631961.386653853,2721469.6303870017],[4632523.080945875,2721679.823808854],[4632530.3181447135,2720834.8814813434],[4632769.78934621,2720104.107813453],[4632993.109861071,2719740.9500998436],[4633580.466793526,2719186.2109651044],[4633954.149201983,2719208.271845396],[4634101.7906872025,2719450.2299831514],[4634009.597772941,2719747.302839575],[4633750.392745754,2719969.6928240894],[4633553.104596185,2720356.0572296856],[4633656.3762927335,2720878.2549846936],[4633589.806465793,2721435.741956688],[4633659.528192393,2721562.907489051]]]}},{"type":"Feature","properties":{"flugjahr":"2017","gebiet":"Steiermark"},"geometry":{"type":"Polygon","coordinates":[[[4718875.449415114,2714546.1137475497],[4719010.803289874,2714545.9686785704],[4718910.145549146,2714430.97085445],[4718875.449415114,2714546.1137475497]]]}},{"type":"Feature","properties":{"flugjahr":"2012","gebiet":"Steiermark"},"geometry":{"type":"Polygon","coordinates":[[[4684082.037414395,2747548.021051837],[4684887.36070508,2735292.597404748],[4680572.182191207,2734972.2366157337],[4680450.486062016,2735964.348786419],[4678730.058848958,2735854.728834238],[4678754.717101922,2736086.8752415935],[4678976.973298212,2736208.4834772497],[4678734.880873205,2737364.2629965725],[4678622.153718993,2737522.5637782305],[4677997.34271903,2737868.366575713],[4677463.295205757,2738493.7932510083],[4676503.828799709,2738940.68483037],[4676459.9119588025,2739334.2519873893],[4676182.718899481,2739592.3478216548],[4676096.073609432,2739878.5369531712],[4676143.94062571,2740035.4236780605],[4676055.68134771,2740122.923762385],[4675322.410822316,2739731.3403363787],[4675004.630745863,2739701.4898536587],[4674944.464098403,2739833.2601744337],[4675017.546107883,2740154.179513731],[4674556.752600351,2740476.4117982327],[4674511.412033657,2740885.077696082],[4674399.439563668,2741037.634633656],[4674021.647299167,2741189.732591777],[4674120.129784383,2741394.457992117],[4673615.635404404,2741666.9245299934],[4673263.738846579,2742022.7972560707],[4673120.419273522,2742366.4185944744],[4672453.157276282,2742602.089401232],[4672324.880528361,2742714.792646076],[4672416.200411162,2742932.2062788145],[4672644.758410185,2743004.275052448],[4672912.166058628,2743239.1247759513],[4673013.063795563,2743445.393101145],[4673010.220666692,2743768.72834038],[4672743.616931572,2743893.5648213383],[4672311.982610686,2744318.8689306825],[4671829.230294414,2744434.267276773],[4671692.030762471,2744651.3568902756],[4671787.711463409,2744879.5794202434],[4672006.688693189,2744827.982338752],[4672000.664718564,2744957.907556567],[4673493.2917109085,2745026.611771687],[4673382.894472187,2747523.2654518033],[4676663.723732696,2747673.7353443108],[4677231.585965881,2747294.372185153],[4677812.392399916,2747193.0978575856],[4678071.816939476,2746995.926218406],[4678556.1873201355,2746270.392428609],[4679207.05506888,2746548.1437178194],[4679996.812534906,2747029.5851397053],[4680350.575348822,2747389.5325898626],[4680756.089040827,2747507.6529237004],[4680870.355671037,2747734.7910319776],[4681224.686332936,2747814.6003506123],[4681648.162019956,2747677.2627288196],[4682269.405195936,2748504.8672134164],[4683362.6831896575,2748521.609110753],[4683219.108101776,2748167.061561801],[4683248.720441092,2747981.998036887],[4683527.744228808,2747736.4474598747],[4683781.17020724,2747758.488916534],[4683963.229526626,2747474.072031846],[4684082.037414395,2747548.021051837]]]}},{"type":"Feature","properties":{"flugjahr":"2007","gebiet":"K\u00e4rnten"},"geometry":{"type":"Polygon","coordinates":[[[4606161.878764355,2624402.5528977076],[4606886.625690879,2608253.891594868],[4606705.770202802,2608287.222045251],[4606242.159350136,2608157.6730148257],[4606112.639457239,2608205.7793529727],[4605729.334864417,2607962.6756198024],[4605477.593985485,2607956.6682842243],[4605263.85269432,2608100.0010136827],[4604927.666764045,2608176.277916024],[4604632.392855126,2608087.033885471],[4604392.964124594,2607898.4648751575],[4604123.447014673,2607977.872722665],[4603568.3166488875,2607933.542780836],[4603440.215135744,2608050.523351703],[4602996.430097519,2608066.4547789874],[4602841.484313306,2608253.775693262],[4602712.25207138,2608267.488792915],[4602489.7342153415,2608447.014768904],[4601894.387673793,2608515.899882615],[4601842.627654502,2608692.881450028],[4601519.993776509,2608839.565122336],[4600905.270890831,2609065.8083258006],[4600637.228483387,2609007.3419012185],[4600450.955646379,2609235.9239813136],[4599752.882463827,2609599.2057416695],[4599440.331412226,2609914.655417158],[4598822.453130384,2610011.443872867],[4598351.504601986,2609987.8260802156],[4598098.602079765,2610103.9800247373],[4597368.746017241,2610014.5198810953],[4597074.185037669,2610283.931140708],[4596659.3379301345,2610316.7579263085],[4596555.77820642,2610189.4870863603],[4596296.429463179,2610123.018250696],[4596044.519945569,2609797.8044522973],[4595997.437203774,2609564.995636774],[4595616.186837142,2609378.543607956],[4595080.24836194,2609427.1453329897],[4594951.096658833,2609513.6498291558],[4594993.087031155,2609662.1007214235],[4594854.808116506,2610265.9607420107],[4594701.894638216,2610431.0098062633],[4594520.904868775,2610487.363411445],[4594462.441200967,2610756.7949322048],[4594276.09639383,2610833.2028217535],[4593988.010750495,2610753.97191452],[4593097.955428425,2610973.9060448566],[4592838.206123015,2610960.499456184],[4592579.465474223,2610867.2085074927],[4592516.922845252,2610700.8073235024],[4592259.300353602,2610493.3025843436],[4591860.515587277,2610440.5577920647],[4591126.919721064,2610133.544933065],[4590736.837089352,2610307.077159343],[4590488.910539043,2610691.462273404],[4590441.036232444,2611047.271713927],[4589968.995580592,2611082.171960272],[4590080.970983061,2611549.5217781756],[4589881.2360778665,2612118.5612707157],[4590217.384964364,2613679.1490798034],[4591606.956839757,2613740.9384985385],[4591533.133137575,2615576.6394820823],[4591897.0979679115,2615987.3283427926],[4591929.209895728,2616255.86781788],[4593997.59652633,2616349.2678304138],[4593752.822747937,2620834.558840531],[4594108.67929126,2621297.1673599514],[4594053.202792873,2622368.104749934],[4594262.178249177,2623140.8547266005],[4594776.912762645,2623748.3405440133],[4595266.405252717,2623908.975749178],[4606161.878764355,2624402.5528977076]]]}},{"type":"Feature","properties":{"flugjahr":"2006","gebiet":"K\u00e4rnten"},"geometry":{"type":"Polygon","coordinates":[[[4688305.211172693,2651016.8095415113],[4681642.871238489,2657266.0403646845],[4683435.645087185,2658860.6013837396],[4689012.150290307,2655803.21317887],[4690840.813361817,2651599.0608149604],[4691346.97531454,2650343.1741387676],[4691312.318690263,2650138.0533887884],[4690609.350215932,2649278.8102788213],[4689471.365972562,2649311.6188522605],[4688305.211172693,2651016.8095415113]]]}},{"type":"Feature","properties":{"flugjahr":"2011-12","gebiet":"Nieder\u00f6sterreich"},"geometry":{"type":"Polygon","coordinates":[[[4788860.144400336,2836287.97767679],[4808683.41119337,2837997.4146687393],[4808791.304859541,2837907.15542258],[4816162.494558524,2838543.4331067083],[4818582.780237042,2809739.63668694],[4806538.182535433,2808703.2154856436],[4806383.867832623,2808934.65939111],[4806479.344940556,2809433.1119760377],[4806817.586902083,2810221.584749053],[4806951.752643741,2810746.852013319],[4806950.450663444,2811545.335389292],[4807232.719004122,2813314.960195449],[4806858.180297955,2813424.73132677],[4806861.3057191055,2813694.4335005595],[4806209.806250213,2813652.4610249274],[4806338.578552736,2814957.5760166314],[4806575.844974335,2815935.9047159613],[4805944.337184142,2816018.4571747454],[4805545.910427496,2815832.9963663877],[4805523.256468218,2815742.2054652036],[4805342.574005209,2815761.9855665574],[4804626.140591741,2815940.4462679084],[4804481.257323081,2816194.9722468634],[4804006.875020212,2816248.0187553624],[4804069.2349770665,2816609.630540872],[4803494.829418609,2816846.211441487],[4803726.848817574,2817529.029354673],[4803875.186085755,2817737.0257719117],[4803988.027459051,2818222.0277693626],[4803840.713102728,2818295.571706562],[4803847.998803886,2818393.070020159],[4802549.574249549,2818801.731837182],[4802558.648389726,2818872.1486210595],[4801421.595088229,2818888.3543670936],[4801446.882944942,2818445.449490865],[4801719.981995434,2817384.154815338],[4801614.695052652,2816662.879151673],[4800916.552803043,2816937.031782161],[4798421.686802577,2818444.587462623],[4798302.406016674,2819722.407165043],[4798088.301467442,2820362.1329070167],[4797990.455237198,2821185.884109452],[4796922.003916295,2821672.788734836],[4796521.0059009325,2821711.175444205],[4796105.772414055,2821564.2694641235],[4795488.87008188,2821248.1373179494],[4795414.571401462,2820969.1210172],[4794745.231324264,2821183.976039502],[4794820.674298092,2821296.3359870156],[4794790.070469915,2821548.897245433],[4794484.521532436,2821499.4322208846],[4794513.399149941,2821342.268344934],[4794334.933346332,2821338.4271777067],[4794341.388550371,2821264.399800184],[4794435.740856646,2821265.522093245],[4794395.522243518,2821126.5329847457],[4794081.153724959,2821140.5739841117],[4793845.060894539,2820857.7024395764],[4793770.782392735,2820622.5842958684],[4793803.111998757,2820381.050344659],[4793874.7453207625,2820248.9842352374],[4793966.684484372,2820239.066812783],[4794093.793161716,2819781.76883505],[4794057.606564417,2819559.0704438156],[4794193.268670831,2819408.9326664913],[4794143.330197544,2819277.480359191],[4794319.175770659,2819185.968235048],[4794202.5897578625,2819123.831953688],[4793848.302467675,2819172.607335384],[4793590.554846456,2818471.338663397],[4793870.1337139495,2818065.2983185877],[4793842.203501274,2817658.538465071],[4793248.986815216,2817527.7740831943],[4793052.57165711,2817409.9688697713],[4793138.49964295,2817012.651202347],[4793356.512792285,2816862.7396667977],[4793093.421872301,2816769.0728533277],[4792803.124883763,2816882.485777956],[4792069.337262125,2816982.4511121945],[4791613.362004927,2817692.273674455],[4791115.694810835,2817480.896811006],[4791412.865838397,2817166.1581373475],[4791395.822354723,2817084.463141105],[4790847.438091274,2816660.402635945],[4790520.35593067,2816523.1298757377],[4788860.144400336,2836287.97767679]]]}},{"type":"Feature","properties":{"flugjahr":"DTM:2019, DSM:2010","gebiet":"Steiermark"},"geometry":{"type":"Polygon","coordinates":[[[4754987.8005529065,2682962.9093975327],[4755496.411787328,2684334.077631151],[4755877.070979989,2684514.985671773],[4756442.087854075,2684238.9773201505],[4756659.35650886,2683830.6402967735],[4756706.807397769,2683275.2371633393],[4756552.289230238,2682939.6768617393],[4756274.992662232,2681524.216851856],[4756488.137481367,2681118.691874735],[4756152.768566211,2680499.4066188186],[4755403.191151482,2680143.1605616417],[4754564.069940719,2680662.6739620618],[4754269.811422677,2681409.813084066],[4754575.485372334,2682431.1385331186],[4754987.8005529065,2682962.9093975327]]]}},{"type":"Feature","properties":{"flugjahr":"2013-14","gebiet":"Nieder\u00f6sterreich"},"geometry":{"type":"Polygon","coordinates":[[[4803324.7232810585,2779315.47024143],[4802869.41043444,2778935.9263230762],[4802372.601027399,2778797.538902983],[4802186.779357925,2778305.1004286027],[4801611.392401641,2778050.846067764],[4801246.551345203,2777355.91494285],[4800915.133224675,2777084.360795454],[4800979.042613168,2776667.896295171],[4800684.420045659,2776417.764141069],[4800414.191739108,2776340.464422891],[4800547.629338151,2776122.5686895903],[4800813.5430887835,2776201.5408429415],[4800519.148012312,2775561.9387035896],[4800624.437238898,2775472.1111839986],[4800744.152337623,2775492.8853672394],[4800792.02784254,2775167.59618192],[4800681.488223987,2774923.3807023168],[4800694.182751526,2774708.0215266235],[4800554.741153644,2774523.828289023],[4800647.889033107,2774382.257016632],[4800627.014909355,2774263.8325346652],[4800487.98333345,2774214.28607425],[4800392.205624565,2774379.3903688653],[4800271.471215377,2774378.3387323385],[4799888.272903792,2774014.3766914364],[4800402.449460524,2773797.5508706165],[4799862.281713389,2773079.5615775203],[4800205.3815071015,2772782.0024638223],[4799944.263245271,2772700.0442032246],[4799666.455068633,2772317.4301158125],[4799355.144195578,2772098.7001761785],[4798452.503564978,2772648.5670139957],[4798181.99697648,2772268.4509331547],[4798054.222558222,2772288.284618897],[4798013.150574523,2771899.607841613],[4797111.405461879,2771267.549698086],[4796616.601431371,2771181.0239612646],[4796375.921196769,2770971.4540439965],[4796332.155221465,2770816.460447107],[4796124.2798659215,2770720.301366889],[4795528.883935834,2770894.346515587],[4795630.376128832,2770722.500852177],[4796867.718273355,2769813.157767334],[4798373.799680345,2768848.8451885725],[4798619.905490447,2768541.55422481],[4798121.998327941,2767678.493128735],[4798229.205435341,2767617.1973779844],[4797009.898432446,2766010.1763127064],[4796775.077247061,2765946.0445862687],[4796071.145867759,2765221.923646366],[4796026.997021844,2765027.625655875],[4796142.440112526,2764522.9411841123],[4796210.817232446,2764483.5179908327],[4796161.458923233,2763998.4259112184],[4795813.815761373,2763476.754141642],[4795558.529573655,2763634.0188167356],[4794940.53048892,2763309.2855779836],[4794587.101342641,2762552.0725211888],[4794429.511702854,2761890.6491769077],[4793884.244979609,2761441.99248131],[4793222.156218763,2762066.1005608244],[4793419.656504286,2762760.464116181],[4793132.929448951,2763464.2507245997],[4793315.205537223,2763478.5986021627],[4793635.01935482,2763659.491661052],[4793182.428004565,2763903.9303945964],[4792204.57072297,2764013.6494434616],[4791420.647170038,2764216.394263155],[4790936.883418463,2764079.7802386824],[4790737.221399632,2763841.771796877],[4790301.437203366,2762441.5679667797],[4790327.639093046,2761849.095580044],[4790729.024424078,2761800.2264366313],[4790802.181096348,2762100.309175589],[4791072.979903585,2762085.778595153],[4791480.522340043,2761826.359510717],[4792702.015027641,2761565.2297590883],[4792991.690505349,2761375.4623759934],[4792805.7838442605,2760372.01920528],[4792408.814047708,2759488.979582566],[4792549.580701945,2759384.0123105138],[4792706.854810053,2758851.21296499],[4792870.745895204,2758752.65480478],[4792937.301051535,2758580.997824545],[4792878.13968865,2758117.667024707],[4793005.131340284,2757357.18696336],[4792921.955048349,2757122.921816595],[4792706.253337268,2756938.84687144],[4792577.372186614,2756540.769975776],[4792685.946654525,2756049.309499294],[4792599.852994425,2755808.5172739024],[4792570.534019562,2755080.7119114446],[4792813.278212323,2754245.7571844365],[4792758.266681072,2753990.8895283737],[4792987.393242144,2753621.890471969],[4793008.946524063,2753188.227205191],[4793536.737693137,2752884.0600162805],[4793876.433690648,2751678.127292168],[4794230.861624147,2751501.9709075047],[4794364.48417989,2751313.474877541],[4794264.343698443,2750593.068827366],[4794512.62846139,2750619.5537650003],[4794937.027336713,2750495.369166289],[4796212.215445155,2749796.1669874964],[4796554.3113376945,2749966.5177367264],[4797019.087611469,2749901.1426905626],[4797079.019042715,2750053.295485979],[4797589.883811343,2750121.8071322287],[4797715.363577107,2749386.8075153315],[4797646.643026757,2749105.4595915447],[4797890.377951801,2748894.2788891057],[4798244.485542964,2748366.485340109],[4798401.456181801,2747975.125728207],[4798360.185012536,2747775.3743577134],[4776355.120414417,2745886.7192432606],[4773778.21072263,2776775.648449041],[4803324.7232810585,2779315.47024143]]]}},{"type":"Feature","properties":{"flugjahr":"2011","gebiet":"Steiermark"},"geometry":{"type":"Polygon","coordinates":[[[4724898.832142642,2759202.9075786383],[4725123.180370783,2759279.1106727975],[4725192.472710852,2759200.8260014583],[4725244.363496697,2759310.7183465576],[4725378.701572683,2759339.5079206675],[4725708.077074307,2759157.3488914147],[4725597.460678894,2758853.843570876],[4725686.4583697785,2758277.171717345],[4725589.625157282,2757763.7646349748],[4726263.041630377,2756077.392337353],[4726464.947347721,2756043.8119461923],[4726637.9486033395,2756129.490357451],[4727153.027028902,2756170.0170128266],[4727552.041620905,2756659.0126983654],[4727871.585455248,2756808.6199298366],[4727922.951431011,2756952.8622511877],[4728323.387420282,2756899.4606404756],[4728450.432196436,2756809.308759082],[4728545.594034829,2756340.4659746815],[4729311.44231103,2754955.71887187],[4729653.136442498,2755003.2441734583],[4730155.929279658,2754685.5270697074],[4730387.6381404335,2754830.5317996475],[4730763.004791835,2754901.0237455117],[4731402.075536478,2754852.547911741],[4731910.3575293105,2754918.9770133607],[4732460.726353723,2754690.389901066],[4732754.842029844,2754813.2895843526],[4733151.723126658,2754750.9157826905],[4733249.632912365,2754821.7988117207],[4733875.8817626275,2754613.3444408653],[4734101.738392554,2754365.0388224986],[4734341.8816732,2754253.484745826],[4734388.00285774,2754117.473034527],[4734395.770894274,2753744.2723497995],[4734265.496446976,2753651.9750408945],[4734261.144637698,2753396.5485001486],[4733847.623825654,2753097.1532859746],[4734311.5314276125,2752399.037516601],[4734503.364010092,2752444.6741168243],[4734631.726186237,2752377.746973427],[4734810.870144879,2752574.332738023],[4735409.758121573,2752415.102302772],[4735900.895781919,2752578.3769797566],[4736080.786648062,2752721.3893507263],[4736210.037149199,2752696.899401675],[4737076.004166147,2752947.343334567],[4737229.587776043,2752853.05861455],[4737301.222134873,2752633.2726195017],[4737856.136703624,2752555.408192503],[4738144.24496669,2752873.1668408643],[4738644.189018508,2753087.357941662],[4739659.278899169,2753048.127085952],[4740770.847717353,2753453.300832289],[4741296.241417223,2753552.4561596583],[4741578.901248178,2753462.464423778],[4741701.729003556,2752998.713422231],[4741896.877949052,2753009.324916565],[4742131.363688159,2752490.838616426],[4742239.338479506,2752426.9803322777],[4742313.412525225,2752109.1318493844],[4742236.46921058,2751984.102828542],[4742492.223740775,2751881.3014680035],[4742662.971883582,2751467.6444227514],[4742957.043249664,2751194.7070528725],[4743074.737144641,2750939.908980891],[4743088.982976297,2750591.6514386777],[4743418.515886647,2750216.8684003726],[4743685.363948584,2749646.8587931185],[4744114.461312656,2749913.1471608104],[4744360.775790051,2749852.117961104],[4744870.085321773,2749971.7426537476],[4744989.859945808,2749823.769425358],[4745670.279871094,2749414.9356123335],[4746305.619786717,2749233.281727626],[4747022.066642027,2748071.4496651674],[4747345.7454493465,2748316.6101405565],[4747665.542858675,2748722.924376794],[4747826.289725909,2748731.8700388228],[4747923.185387971,2748838.0894023958],[4747957.414416177,2749168.2820007657],[4748275.121448576,2749733.2005717396],[4749655.298067572,2749796.9182660133],[4749828.009022775,2749680.243912443],[4749976.237258044,2749387.015549983],[4749954.758213467,2748949.493097343],[4749757.042988235,2748714.4906062465],[4749711.706187034,2748009.9854056425],[4750105.387531617,2747453.2098550885],[4750157.300923189,2747291.712493506],[4750064.7253514165,2746684.2590636266],[4750342.528216378,2746325.9461384667],[4750711.477996747,2745071.168172417],[4750899.446951186,2744868.349815924],[4751058.190556133,2744414.3173530484],[4750764.5751909185,2744252.84102454],[4750709.6306710355,2744344.304376106],[4750614.930124901,2744298.316195165],[4750485.953732398,2744363.083405694],[4750348.76954968,2744219.3239803487],[4750113.63459808,2744204.538031787],[4749988.116776162,2744274.5903201834],[4749764.7622876195,2744179.569391028],[4748574.79063001,2744098.3251237734],[4748074.212522173,2744184.419465813],[4747918.3829503665,2744060.640437303],[4747628.471619408,2744128.9121405985],[4747292.36651966,2744010.8422002643],[4746536.418133632,2744025.811975407],[4746320.068057226,2743944.597781238],[4743790.676544888,2743772.279929123],[4743694.536337129,2743817.7868379024],[4743426.372700878,2743747.9400029713],[4726461.844919987,2742592.9903278504],[4726413.229621935,2742409.836400526],[4726133.253033211,2742228.010499688],[4726125.352928804,2742070.4493946997],[4725855.920588691,2742050.590116218],[4725815.389233412,2741974.775472863],[4726091.357135015,2737056.62082952],[4725223.509551375,2737003.546710047],[4724883.983914876,2737057.6173274415],[4724294.803515844,2736932.352443828],[4714298.822205167,2736255.0849965666],[4714167.36270647,2738020.5170394653],[4714495.479763492,2738109.808395879],[4714099.640593586,2738244.907807587],[4707933.918314429,2737812.275420619],[4708009.604289258,2736346.238666436],[4707926.917657508,2736237.2515541404],[4708681.928032806,2727140.796264597],[4708740.005061036,2727088.5678383815],[4710676.14563898,2727238.3118883846],[4711518.296811621,2717148.121817671],[4711087.581226004,2717134.06755101],[4710733.367936054,2716956.1364778047],[4709647.833660192,2717339.0443956917],[4709359.336100656,2717335.849010477],[4708588.61143339,2717592.473640326],[4708069.895750493,2717399.7863719263],[4707757.112618679,2717410.9254223616],[4707307.981785819,2717063.581044392],[4706714.831066849,2716789.62611021],[4706320.194751672,2716429.2692107228],[4705841.496867698,2716497.2439649533],[4705469.302133123,2716716.163782896],[4705255.175586135,2716716.7270408277],[4704924.4326379355,2717091.840261296],[4704796.168816714,2717418.023380376],[4704506.222766219,2717569.1753769456],[4704002.474106979,2718186.7688831445],[4704051.046087995,2718462.6191816507],[4703965.946262945,2718644.955708122],[4703346.936622401,2718942.5591785465],[4703144.782506824,2719249.162815483],[4702659.035007508,2719378.2071623867],[4702331.153896153,2719682.7863861835],[4702215.806668735,2720068.173706924],[4702235.036194737,2720437.5317673394],[4701792.581555362,2721128.445182159],[4701564.089252655,2721988.0226539816],[4701622.386507242,2722305.7963586105],[4701428.444660949,2722687.9757230226],[4701352.340047413,2723509.7334798235],[4701157.39735501,2723840.7431294248],[4700727.382656226,2724177.8465029676],[4700828.917382002,2724596.0859356457],[4700528.654563694,2726272.0543837813],[4700162.573887767,2726454.7697037878],[4699641.2977038715,2726477.6377809104],[4699135.430366851,2726290.3605310824],[4698846.154142137,2726005.7402564697],[4698705.709320359,2726010.2006087247],[4698437.218123668,2726216.557974389],[4698011.517551271,2726336.453655014],[4697990.869571572,2726623.840200224],[4696742.264994162,2726581.2682873285],[4696484.50967292,2730500.7894762917],[4695854.867885222,2730543.7255226434],[4695676.3128166795,2733262.8794748923],[4695573.85798541,2733341.6549755577],[4695589.579117815,2733463.6813026145],[4695662.291685812,2733476.0744289584],[4695497.426481555,2735970.6009800737],[4684874.420339128,2735263.6895868517],[4684082.037414395,2747548.021051837],[4685451.74232762,2748397.178091709],[4686240.223229686,2747511.721153741],[4686328.180160165,2747498.1001224853],[4686748.517488029,2746806.807911409],[4686875.464679787,2745889.4227833548],[4686836.001678875,2745666.6255439874],[4687365.089054948,2745414.595008166],[4688140.971635791,2745426.1451723743],[4688460.218480643,2745202.2680293894],[4689170.61778787,2745149.186143851],[4689372.6987499455,2745218.412703603],[4689597.528521692,2745065.197865464],[4689753.241665146,2745273.9918902484],[4690702.8389594965,2745322.395412932],[4690857.252041766,2745580.5250651794],[4690925.455604736,2746080.67878181],[4691232.684824069,2746254.0790027366],[4691299.398752952,2746461.5599442217],[4691545.378717424,2746635.2865583487],[4691743.471252525,2746903.5001304233],[4691689.398743744,2747077.8943562936],[4691972.612857883,2747305.935983995],[4692357.448343148,2747908.467807323],[4692841.50871045,2748248.2280358854],[4693497.193285787,2748475.0582551886],[4693509.160722337,2748761.672724399],[4693839.873427695,2749204.652849159],[4694242.207950874,2749135.6913680774],[4694603.252048026,2748925.9644716294],[4694881.983123127,2748887.5085242875],[4695681.148504561,2749087.1748207393],[4696106.408987288,2749417.5455270624],[4696602.737451419,2749540.4236272792],[4697444.6279353835,2749928.248498795],[4697566.928177707,2750088.0435691704],[4697747.954370866,2750157.545123233],[4698006.052495044,2750487.399715816],[4698404.264513393,2750532.2138413447],[4700065.528612306,2749309.2339077834],[4700270.031353068,2749278.938888629],[4700622.611911337,2749461.1592907324],[4701031.17305953,2749350.769694255],[4701204.6487222,2749569.5056617428],[4701442.257193823,2749552.516509824],[4701793.178625659,2749661.8053686935],[4702568.314804204,2749562.1230679015],[4703206.880002099,2749804.971747458],[4703874.255913366,2749900.841790919],[4705000.320296579,2750289.0474857087],[4705282.149792924,2750270.070914635],[4705587.718934139,2750408.0138371596],[4705732.105821842,2750655.3210055074],[4705539.557013867,2751052.0495627346],[4705710.364329915,2751060.293237299],[4705856.107859455,2751631.617947554],[4706172.285652591,2752036.7665327555],[4706251.578098445,2752031.8279394535],[4706607.689254686,2751610.932257439],[4706862.065440237,2751701.708726302],[4707135.083284473,2751687.082168605],[4707255.757808984,2751779.8000929],[4707357.5339680435,2751713.680193476],[4707622.929784206,2751731.140722215],[4707658.012973783,2751805.173142304],[4707999.842828335,2751589.443915479],[4708137.691507005,2751593.7750195274],[4708410.107676369,2751334.091261639],[4708865.206801864,2751597.0763898888],[4709491.72294785,2751744.141365429],[4709544.141932945,2751664.618944822],[4710132.270453845,2751732.871426321],[4710719.142296288,2751462.5368029247],[4710811.642159926,2751508.818193327],[4710823.21954455,2751685.597023817],[4711303.324287532,2752272.3017266947],[4711470.643629953,2752596.1129641146],[4711464.766629343,2752742.380286662],[4711328.423314392,2752833.758383532],[4711245.857087781,2753029.3058398296],[4711404.9909679,2753236.7676666337],[4711240.756196414,2753411.1718985466],[4711067.21831366,2753322.814882042],[4710805.927050056,2753371.627363667],[4710665.366369325,2753868.438387551],[4711069.340330687,2754197.086165103],[4711002.574597941,2754432.9659834956],[4711100.653196535,2754603.790313089],[4711012.849761149,2754693.0182756763],[4711092.200700813,2754788.350851509],[4711113.723643301,2755322.535837575],[4711202.450728602,2755485.2299190843],[4711609.314981522,2755663.3180558607],[4711659.756807811,2756188.2983383113],[4711735.906657917,2756281.6487414525],[4711975.765533637,2756265.546428232],[4712984.462025084,2756679.074387377],[4713925.776047561,2756435.4482571883],[4714330.924823898,2756158.341221039],[4714786.717429058,2756058.248749991],[4714814.443294618,2756166.7235865095],[4715143.222561337,2756243.8537456887],[4716583.950294857,2756110.1894711396],[4716844.2402499495,2755992.5983122922],[4717003.442565683,2756005.4303452303],[4717249.172574295,2756370.6327175503],[4717159.163471025,2756637.583050556],[4717169.536112827,2756813.484732962],[4717268.359516344,2756893.965039496],[4717237.165363057,2757019.8677349174],[4717323.2152329525,2757103.1847793227],[4717467.599422484,2757084.661675185],[4717521.603783101,2757188.946609009],[4717486.873276532,2757766.9405293395],[4717387.309685145,2757825.88976915],[4717272.571352521,2758191.136589374],[4717378.642042444,2758216.486648188],[4717461.449579294,2758508.6732107294],[4717394.606699433,2758562.332552983],[4717543.901225872,2758812.902966835],[4717467.383199455,2759062.981983811],[4717676.678754857,2759475.586512466],[4717927.182359978,2759534.8714652285],[4718337.129336558,2759416.3835170744],[4718586.206297143,2759735.910607437],[4718746.8352925135,2759688.0581028652],[4718946.852093531,2759793.8511651456],[4719233.5465868935,2759607.8112313617],[4719487.706345121,2759605.6356324684],[4719691.507252094,2759759.6768078613],[4720157.205324047,2760375.2051173598],[4720498.947345052,2760459.779385233],[4720709.107284543,2760467.0805411544],[4721035.311959285,2760245.8824984487],[4721740.066989962,2760403.697744585],[4722084.136264999,2760344.2976655043],[4722232.542259424,2760246.768701204],[4722238.567642677,2760125.618327274],[4722512.775323536,2760279.1575721605],[4722843.7322236085,2760253.4793360545],[4723288.97997557,2760373.4943393264],[4723319.0674241,2760252.7198497257],[4723643.090846792,2760196.295706931],[4724311.166223709,2759577.2635090393],[4724526.9169293055,2759504.2081146715],[4724601.8883690275,2759082.210110802],[4724776.456259042,2759194.4941321905],[4724951.650227083,2759162.0537294764],[4724898.832142642,2759202.9075786383]]]}},{"type":"Feature","properties":{"flugjahr":"2010","gebiet":"Steiermark"},"geometry":{"type":"Polygon","coordinates":[[[4773622.602713266,2717037.3685862473],[4770990.390533691,2718967.6750051584],[4769227.21810702,2720406.0588453007],[4768204.194147294,2720876.706781558],[4775370.872646295,2721363.804285367],[4775825.403855274,2715798.485201809],[4775084.37339819,2715694.8594257124],[4773622.602713266,2717037.3685862473]]]}},{"type":"Feature","properties":{"flugjahr":"2023","gebiet":"Vorarlberg"},"geometry":{"type":"Polygon","coordinates":[[[4334658.708877545,2684203.9671007106],[4334706.093788981,2684075.7147062635],[4334471.770062185,2683516.1577201695],[4334902.182659647,2683374.2408934887],[4335258.543203342,2683372.346781481],[4335416.736118432,2683254.8508007964],[4335608.077488721,2683271.1833941536],[4336003.725267424,2682877.301196823],[4336631.46297099,2682855.640609852],[4337229.021416761,2682635.405894373],[4337702.8003531005,2682554.5357517847],[4337993.782579308,2682346.6154557387],[4338135.5334928455,2681884.0752421077],[4338067.897208938,2681695.977408862],[4337580.2448751815,2681382.2763898727],[4337042.5571986465,2681420.2804886466],[4336772.668187944,2681007.3816588214],[4336536.820549372,2680805.9255549833],[4336435.559054603,2680553.650173659],[4336184.322087851,2680354.4055898497],[4336316.139703562,2680154.0697090067],[4336626.689643478,2680141.9670605636],[4336873.521370685,2680018.9692826117],[4337124.521067971,2679560.696411263],[4337154.202258191,2679205.86520229],[4337314.350229858,2679032.420656745],[4337209.0603518,2678597.5971836327],[4337400.725779557,2678184.856658444],[4337305.612647191,2677438.7709394684],[4337391.884809032,2676995.969936583],[4337318.937220619,2676704.806812959],[4336413.341558912,2675676.505594819],[4336142.4384782445,2675518.98993594],[4336134.144056964,2675402.9435886918],[4336270.846471529,2674999.9518402126],[4336343.40796922,2674382.1204329003],[4336669.959579494,2674083.0070598037],[4336676.892660235,2673720.4266451304],[4336785.553970759,2673534.6726332945],[4337223.323487395,2673185.0449640066],[4337228.687042975,2673040.1445496236],[4337076.481361578,2672840.557093759],[4337070.884661112,2672410.6247375226],[4336936.445830463,2672230.4856605553],[4336976.677659115,2671886.458619181],[4337292.131385213,2671734.5705872243],[4337522.790502577,2671428.4685141738],[4337712.801792324,2671403.4995572595],[4337979.985104271,2671210.6186593263],[4338052.155903371,2671057.848474998],[4337930.653379191,2669310.895983433],[4337500.866859207,2668657.6382831708],[4336967.497203145,2668134.197462388],[4336736.607539548,2668418.1757632955],[4336390.585012228,2668475.1906356667],[4335938.611102466,2668444.3862116123],[4335353.870082448,2668252.635439771],[4335365.832550573,2667350.858016115],[4335295.025209473,2667201.8080824804],[4335111.373385308,2667086.665084856],[4334934.36827766,2667081.164889617],[4334651.83356519,2666419.4800761524],[4333585.91405424,2666641.804509255],[4333480.213012237,2666510.6381717166],[4333345.474235669,2666486.3046628493],[4333188.244756906,2666568.438952743],[4332922.49082805,2665764.1815682366],[4332676.020185517,2665401.284405872],[4332656.864260794,2665251.7852927907],[4332180.163841208,2664716.957594285],[4331870.428269508,2663749.1687439326],[4331386.841209056,2663289.146863032],[4331299.493028563,2663071.516299501],[4331364.808125985,2661925.881414892],[4331485.503877779,2661526.737200549],[4331449.174882516,2661295.817073822],[4331774.942598842,2661226.359941204],[4332038.03100631,2661030.7346228096],[4332451.483608148,2661138.160239213],[4332605.12720878,2661067.4541667467],[4333130.363531439,2659460.622071847],[4332971.81136326,2658792.5091417558],[4332680.108771153,2658385.934341152],[4332274.820036077,2658025.7363683293],[4332122.903670658,2657666.551886253],[4331368.264445386,2657167.551218453],[4331144.806950938,2656889.52591652],[4330604.240837628,2656530.243318126],[4330747.063567,2656288.9011310614],[4330935.859644132,2656186.574704443],[4331184.967404233,2655597.5226168092],[4332246.5436855,2655031.698147893],[4332904.678761047,2654792.9073536587],[4333344.970220532,2653981.178673281],[4333321.775551676,2653846.4597478206],[4333148.19176916,2653693.4699986866],[4333075.912478779,2653304.157729389],[4332957.307870412,2653202.0327602085],[4333368.626193909,2652458.2987888143],[4333356.147293283,2652193.549278916],[4333237.029976621,2652073.590919645],[4332678.127027639,2651990.8139772336],[4332490.354449669,2651872.5340062827],[4332120.274673103,2651976.8597781886],[4331979.221609042,2651626.4236846473],[4332086.461326241,2651435.35692739],[4332678.236999206,2650950.7307847836],[4333835.614083697,2650453.677654591],[4333739.626727588,2649980.905947958],[4332738.781624893,2648784.9758516345],[4331224.420030281,2648565.6428792104],[4330823.124462081,2647679.3265857976],[4330295.317160506,2646986.992051229],[4329745.128595084,2646877.7077448545],[4329692.584070586,2646659.3670725245],[4329440.908266749,2646491.1064636856],[4329228.362091518,2646073.0327403536],[4328674.894271219,2645840.794420398],[4328784.581166652,2644912.0318081435],[4329500.938517177,2643922.277997895],[4329378.666937552,2643474.771887316],[4329563.964612755,2643061.5107022272],[4329485.531027733,2642493.0675098067],[4329716.588627677,2642217.85050058],[4330112.0249665035,2641439.830410675],[4330400.219914795,2641109.4089051653],[4331075.269925708,2640604.1094074734],[4331812.503539982,2640392.8162721815],[4331978.393194128,2640208.5845300946],[4332052.805259868,2639638.7136356444],[4331959.193124548,2639470.7649722286],[4331818.836734033,2639399.1708140043],[4331969.003316273,2639123.6917859437],[4331924.559520885,2638755.391706899],[4332127.450981861,2638494.966583084],[4332188.490594467,2637706.613218144],[4332266.462157671,2637515.8268594807],[4332109.663302231,2637464.3315558825],[4331986.256090259,2637230.8252138887],[4331658.701132737,2637063.950532872],[4330413.673008067,2637143.146577673],[4330211.323769008,2637044.3501981655],[4330125.738946525,2636712.7078468762],[4329841.359362938,2636658.2583121937],[4329642.295972101,2636481.0951442947],[4329051.696202497,2636332.8260961478],[4328288.652837078,2637336.506963975],[4327977.144994833,2637530.312021678],[4327948.11508773,2637942.9786800984],[4328042.272199338,2638189.1228271266],[4327650.188562196,2638581.003881679],[4327414.161729526,2638481.4724773397],[4327189.163137008,2638499.4220333747],[4326722.147910644,2638670.6786840493],[4326249.140108884,2638593.6406126735],[4325843.074494965,2638628.1075091837],[4325543.970941231,2638541.467586373],[4325352.1748048775,2638680.153519626],[4325160.9073497,2638653.3531525885],[4324875.943559976,2638904.45721932],[4324807.573789853,2639723.5075724972],[4324955.799688795,2640231.735020834],[4324434.576814394,2640681.1054708576],[4324205.176243895,2640737.4015359594],[4324093.260712716,2641149.2918384066],[4323937.179250786,2641364.508103081],[4323623.966030227,2641410.7281788867],[4323419.716135152,2641578.2651366163],[4322975.006089688,2642432.743679496],[4322749.005649869,2642519.907095056],[4322478.945775233,2642776.6926568905],[4322352.491324692,2643053.675967466],[4322114.317626853,2642911.044151266],[4321762.022466361,2642945.4972025706],[4321448.305579527,2642763.128671216],[4321028.287885513,2642895.5518964785],[4320776.71379855,2643109.1794704744],[4320227.114242539,2643167.7783742845],[4319956.851861152,2643504.776719785],[4319617.028066926,2643611.584091156],[4319523.072361512,2643840.8601313527],[4319589.081405502,2643996.8537056325],[4319545.792416151,2644250.9741971884],[4319471.774657692,2644455.461009629],[4319245.967112501,2644660.8535909816],[4318985.23013532,2644592.29108019],[4318863.622974003,2644395.661510865],[4318460.075817701,2644255.19009199],[4318166.252381553,2644279.0415896084],[4318018.704225595,2644548.6003890815],[4317854.705186318,2644672.5616902625],[4317217.3744331105,2644491.613345577],[4316906.35491872,2644271.3517778898],[4316197.259731753,2644379.850198152],[4314982.587679137,2645005.3070028457],[4314597.21494462,2645329.1393859093],[4314494.605358026,2645624.394150563],[4314311.335763492,2645786.0775823956],[4313986.263795503,2645668.999285248],[4313843.671457333,2645713.6053872686],[4313347.396479692,2645949.9149724618],[4313151.553636771,2646275.370377951],[4312956.030095318,2646411.1015781877],[4312172.904104254,2646573.6955181286],[4311873.711316028,2646797.586128856],[4311688.411576862,2646714.5098125357],[4311520.691619488,2646769.147744611],[4311634.634338004,2647212.466167378],[4311833.840520339,2647378.786126103],[4311547.745586763,2647457.931598239],[4311548.635677233,2648232.213744033],[4311417.3934623925,2648550.6307320883],[4311597.237008344,2648707.4305160213],[4311712.461281084,2649261.4673131234],[4311315.409842671,2649632.9605661146],[4311103.847672741,2649977.3744004723],[4311465.958248956,2650449.712674845],[4311515.230273757,2650715.926570132],[4311407.358018664,2650922.6779703754],[4311489.766058319,2651157.7851468483],[4311762.259080595,2651350.2702147057],[4311810.941198078,2651540.5322611774],[4312151.307875906,2651941.166480519],[4312048.817951828,2652199.3415957675],[4312188.846392352,2652473.4732408198],[4312671.572995108,2652802.13072575],[4312738.16890672,2652985.9645012813],[4312539.6664487105,2653405.423127343],[4312479.480043425,2654089.70856035],[4311322.959418641,2654727.8251666655],[4311260.436351384,2654980.036819048],[4311115.060170666,2655111.8828790784],[4311210.4681350095,2655209.4413211285],[4311160.015535415,2655548.0676243138],[4311488.3495746255,2655682.890665717],[4311627.039852102,2655903.0363741294],[4311845.355668184,2655998.600409645],[4311645.031250925,2656319.42952125],[4311382.949952263,2656402.447570891],[4310743.622611109,2656412.3247380788],[4310451.557780232,2656495.941840563],[4310363.947994205,2656596.5720766936],[4310158.394005208,2656125.925591116],[4309822.9287314005,2655847.159712089],[4309328.86030861,2655823.469460221],[4308916.726947563,2655692.297170571],[4308757.1768683465,2655536.7904145103],[4308833.806784993,2655432.387739472],[4308520.095036036,2655410.034281489],[4308298.058029177,2655626.190825559],[4308086.778306182,2655622.502650614],[4307956.539610566,2655873.9505517134],[4307704.23968221,2655999.8707569866],[4307545.089560006,2656225.5622983924],[4307061.796169389,2656479.1792675317],[4306712.47542453,2656436.3073455254],[4306466.109853036,2656637.6545807417],[4306334.517284027,2656646.170886814],[4305825.323165268,2657168.688648631],[4305828.340347497,2657271.698795654],[4305139.538008664,2657554.695445504],[4304962.121571038,2657902.1376308813],[4304630.46148779,2658129.643097357],[4304589.118088849,2658307.0122548733],[4304356.488286082,2658246.6434490094],[4303874.635513132,2658371.226685273],[4303437.07740002,2658348.522329268],[4302985.353300149,2658183.9075180576],[4302542.17196973,2658236.0969877713],[4302199.648338951,2658113.8842517715],[4301830.181325317,2658137.885232567],[4301583.6076788055,2658410.0929731643],[4301576.147962615,2658621.758792976],[4301372.964580479,2658651.643566202],[4301303.05494258,2658757.659854064],[4301068.066771115,2658693.4907045267],[4300584.734233567,2658864.705292316],[4300074.959933009,2658930.66251168],[4299545.224598931,2658867.7601099377],[4299422.612637147,2659039.3198979357],[4298682.318040369,2659399.586601047],[4298567.52307407,2659689.4674161766],[4298781.982935066,2659855.0928199277],[4298735.95896011,2660019.712136248],[4298318.9172015125,2659849.142492771],[4297999.476986118,2659869.5793146957],[4297558.379984281,2660135.0465315823],[4297273.72021552,2660190.539086042],[4296786.765474004,2660616.2179399217],[4296772.620202797,2660956.159281878],[4296123.594220194,2660692.433175022],[4295849.452112767,2660641.050021016],[4295491.613751826,2660703.128328179],[4295076.144040766,2660531.577411931],[4294022.3934729425,2660695.0056620305],[4293794.851956658,2660320.7751300046],[4293759.657113808,2660071.9797094935],[4293386.225529965,2659820.921164055],[4293074.464696209,2659766.179937862],[4292578.940469763,2659776.5790986423],[4292451.368751362,2659895.080826654],[4291866.582529866,2660041.7634958695],[4291743.382466806,2660233.689070806],[4291326.557605112,2660530.9591397364],[4291077.688755795,2660863.726259188],[4291434.083686842,2661321.1639127443],[4291388.3221263895,2661568.353570286],[4291562.731010897,2661859.234413818],[4291560.148373135,2662039.3894002875],[4291343.062544206,2662475.438569003],[4291429.793167539,2662978.2381039686],[4292008.692112351,2662871.61484909],[4292369.345047832,2663338.8892780854],[4293095.426896934,2663415.1205369513],[4293074.489581677,2663701.2706739814],[4293240.497187321,2664196.729356372],[4293257.509757561,2664494.2781230994],[4293177.19983228,2665321.808110092],[4292711.736332363,2665817.0098160235],[4292726.364075114,2666021.250655252],[4292327.59915927,2666082.406788352],[4292147.290331738,2666401.715095934],[4292434.524848846,2666852.3025038037],[4292486.239522283,2667375.076304801],[4293069.284413634,2668030.789237314],[4293172.931945956,2668300.8379380316],[4292457.225953778,2668841.588524125],[4292470.483512381,2669486.743380652],[4292298.565155112,2669810.989310619],[4292527.099395115,2670291.95201278],[4292358.265088341,2670446.534894144],[4292231.0432027625,2670899.9937903457],[4291741.0124250585,2670481.4969543447],[4291272.196089893,2670502.3129871613],[4291001.792725367,2670672.3847275823],[4290810.236932623,2670951.2038363563],[4290813.083591617,2671229.4866989683],[4290605.907218567,2671548.383623535],[4290661.930937973,2671761.650037737],[4290362.126574092,2672191.7925492795],[4289925.368098459,2672393.842619574],[4289081.14680619,2673096.6749271215],[4288500.671853788,2672925.50722075],[4287919.409596905,2673045.568092767],[4288129.920531714,2673420.572860712],[4288565.814822357,2673692.7858318766],[4288632.597045763,2673940.704660602],[4288534.1284642555,2675349.9785137973],[4289131.246058566,2675936.8505339497],[4289189.151913856,2676371.9776220317],[4289473.256945842,2676921.692398394],[4288999.71579065,2677319.5673610847],[4288788.158051696,2677855.535867555],[4288265.231945757,2678521.0670107054],[4287939.894586985,2678615.87828529],[4287649.809124021,2678950.1741300933],[4287542.730039893,2678972.826877957],[4287296.320192069,2678821.385001461],[4287251.881554606,2678970.914842556],[4286983.298518033,2678982.4986224594],[4287462.074501453,2680017.6381799392],[4288092.426854514,2680801.49412754],[4288158.659549419,2681006.1042452706],[4287590.176618188,2681941.5475128326],[4287427.89113141,2682008.155619861],[4286767.965229429,2682678.400346203],[4286432.04071632,2682835.001688222],[4286087.933311384,2683156.1325138337],[4286094.338199328,2683578.198519218],[4285856.350280928,2683669.6186845507],[4285413.202434122,2684221.722488884],[4285593.728670995,2684522.0812153164],[4286596.258198143,2685292.7089121137],[4286985.000821815,2686030.035958656],[4287245.110124527,2687062.352741629],[4287396.45506418,2687337.5357910274],[4288093.854133905,2687972.4486256265],[4289302.877465096,2688741.213642037],[4289786.220705263,2689408.407663539],[4290666.036499922,2692494.748896065],[4291099.628026967,2693187.6248344686],[4292587.718223961,2694841.718354124],[4292756.389145028,2694740.5324101606],[4293433.732856433,2694980.4900083607],[4294575.952580207,2694993.6147646722],[4295035.5511274,2695131.0466618463],[4295452.076329315,2695371.9189275075],[4296039.8861782905,2696066.6339304475],[4296253.656898418,2696457.6723458],[4296325.910996713,2697440.7591571584],[4296174.6068199165,2697735.1663082303],[4295290.567315657,2698235.6211495353],[4294859.0078893695,2698991.9577055443],[4294636.470525054,2699054.937988955],[4294548.1136109065,2700861.0172143755],[4294144.036018471,2702144.803898104],[4294102.663671668,2702528.2807410555],[4294310.350847585,2703023.947079324],[4295147.439187683,2703886.8880617754],[4295248.061873829,2704251.198765493],[4295195.772645341,2704362.118027589],[4294974.5755486395,2704506.992067884],[4294198.439322925,2704698.4927791],[4292786.926182975,2704808.616029046],[4292477.868281158,2704903.1811748245],[4292057.830070337,2705418.6540019736],[4291671.743189673,2706231.8790487275],[4291494.2849206235,2706355.0069106994],[4291368.376433978,2706300.0098674386],[4291250.231994058,2705667.8831643662],[4291098.025974044,2705440.3859700733],[4290874.504901883,2705362.9177821185],[4290481.788472424,2705509.028432289],[4290260.300450238,2705834.6140596876],[4289418.2771961065,2707785.876267987],[4288226.792674708,2708807.140274064],[4288002.4078391595,2709095.4982618154],[4287873.802423889,2709539.055392511],[4287920.710917899,2710221.9718971257],[4288150.175797489,2710260.787644443],[4288234.629564821,2710048.262672494],[4288611.558408098,2709863.604735789],[4288859.240699863,2709263.6816751645],[4290062.822197466,2708615.721917757],[4290735.402034107,2708544.384559567],[4291305.397068616,2708611.5319579337],[4291984.253169876,2709262.3723941767],[4292609.946282006,2709302.1277824044],[4293062.429215044,2709827.464972983],[4294235.907971726,2710785.391092213],[4294547.594379839,2710490.7384781227],[4294885.424608551,2710640.284684974],[4294630.844470921,2711073.1253460264],[4294588.622920324,2711032.1273953263],[4294408.944172692,2711265.1494833166],[4294471.549707406,2711348.3432139205],[4293973.921782226,2712405.155930176],[4294324.940744184,2712689.1109635886],[4295173.110354009,2711614.069070247],[4295658.681665244,2711243.995380015],[4295941.824436568,2710848.044087344],[4296437.714928896,2709776.18834456],[4296864.424039092,2709740.903962583],[4297237.14666268,2710355.5163408276],[4298107.036317555,2710820.108055717],[4300212.823778301,2710694.582071516],[4301613.8470190875,2710427.263292896],[4301679.948551138,2710608.5386900217],[4301976.043561733,2710739.254818716],[4302141.221192217,2710707.266352411],[4302334.291450604,2711097.0137029462],[4302393.119942015,2711435.2802109704],[4302149.675246734,2711985.277382025],[4301721.104289616,2712460.406123728],[4301036.914179025,2712975.5437890124],[4300508.191355354,2713122.054119862],[4300345.111414728,2713368.5664460384],[4300681.527085971,2713469.0927255885],[4300900.131920017,2713426.123182694],[4301109.444675157,2713526.263428404],[4301002.497151453,2714828.83601775],[4301190.5970915565,2715024.923382899],[4301268.814668539,2715306.6973640667],[4301414.228372526,2715404.9004032416],[4301503.276010434,2715773.3364142682],[4301654.926738362,2715819.2933127163],[4301806.885331445,2715758.572640837],[4301914.728992864,2715861.587454086],[4301872.355620347,2715956.70518508],[4301645.911813135,2716032.3609819757],[4301627.128815256,2716172.714127618],[4301902.348986094,2716396.0922672367],[4301915.8175713895,2716748.2277735597],[4302001.674115233,2716915.623070726],[4302281.444161444,2717139.2528433213],[4302027.548652017,2717318.7442361726],[4301983.576941588,2717486.974046635],[4302287.074376301,2717686.502596684],[4302589.593058249,2717697.234959281],[4302534.171169015,2718082.2707882263],[4302619.149641065,2718516.978180075],[4303027.237734229,2718655.6559537165],[4302936.601352549,2718921.437241067],[4303124.107289014,2719245.1929068845],[4303280.319526811,2719268.2286318415],[4303316.153324337,2719561.0704228086],[4303443.518747121,2719592.104321225],[4303602.060394539,2719413.9555014344],[4303630.06765721,2719520.3984348522],[4303803.4302642485,2719562.227634293],[4304213.83378268,2720277.3832745636],[4304373.73316566,2720270.308303875],[4304476.871740878,2720122.282023075],[4304766.237399876,2720200.025123337],[4304854.034208215,2720094.0644879583],[4304952.570650159,2720147.6281285547],[4305317.784582765,2720075.751179426],[4305773.008036922,2720163.214962358],[4305926.273452991,2720343.1433939515],[4306137.005931617,2720325.1115222885],[4306671.487101085,2719914.6883514374],[4306812.261475604,2719657.686010836],[4307049.720028453,2719449.8094391692],[4307296.967328547,2719539.8087895126],[4307769.446875657,2719333.3897091346],[4307844.894738413,2719184.6827764786],[4307861.3693564115,2718623.8810196617],[4308033.927021804,2718534.003081803],[4308054.668870276,2718353.105213412],[4307928.315975092,2717787.0307946363],[4307570.981003999,2717470.5267571127],[4307729.162076124,2716912.0795340985],[4307933.106986526,2716584.69721055],[4307943.410351542,2716321.111625659],[4307911.286283516,2716167.8232470965],[4307566.650972852,2715698.6378444736],[4307252.883017101,2715489.374821061],[4307247.693590862,2715299.506287691],[4307133.969838756,2715105.7062732866],[4307166.457568423,2714941.4982321355],[4307772.757489775,2714936.123202786],[4308066.664050889,2714844.4153707777],[4308177.900195515,2714778.7405950213],[4308240.844720775,2714595.1975243594],[4308493.8304271,2714572.869907953],[4308725.416156687,2714425.3041509856],[4308904.44213908,2714440.188680089],[4309288.90613426,2714250.8710225318],[4309463.822327973,2714337.864224061],[4309662.328914509,2714318.4322610795],[4310006.007417849,2714078.680122215],[4310370.806724665,2713406.6780803753],[4310716.792929151,2713388.053381653],[4311018.937888869,2713173.3249161653],[4311120.543545668,2713208.237702923],[4311475.479010563,2712981.152141585],[4311524.375209134,2712849.406762007],[4311582.551291138,2713159.9352110876],[4311449.439595348,2713353.4513449757],[4311622.8652259335,2713512.4225343578],[4311761.886018717,2713913.5808557654],[4311748.699916803,2714222.2929273425],[4311575.84895048,2714317.1230162373],[4311544.333333323,2714432.034320423],[4311634.962188658,2714618.7435842846],[4312044.249046297,2715003.2037460003],[4312366.290158328,2714853.226314972],[4312670.362785141,2714564.309454072],[4313425.316084701,2714625.706208487],[4313985.867967784,2714335.730666113],[4314148.988757092,2714142.781709085],[4314159.603571329,2713891.310691444],[4314376.130181247,2713655.6091439505],[4314520.30622546,2713266.739684248],[4314851.52031855,2713007.0894486373],[4315073.458300306,2712951.9962201957],[4315988.91626596,2713306.4780435385],[4316189.480394586,2713440.211001274],[4316547.308572376,2713895.165629739],[4317321.870838244,2713625.009724691],[4318209.4086374575,2713490.6154485364],[4317901.436972513,2713823.1773201516],[4317978.593562801,2714169.045569689],[4317865.492427453,2714254.1795768174],[4317855.977182604,2714419.13066437],[4317936.303661497,2714464.036219312],[4318201.305436087,2714356.9923095233],[4318562.080365257,2714787.5667787357],[4318805.231884583,2714737.1734293057],[4318878.740441023,2714497.352686714],[4318582.521074317,2714174.0028289524],[4318552.593957721,2713843.5595914857],[4318408.4591978835,2713810.4415098643],[4318482.646421666,2713594.1957374616],[4318403.5360847665,2713502.112602636],[4318438.009931469,2712980.14128418],[4318573.9894272415,2712997.922860355],[4318667.664893016,2712705.607967325],[4318588.929823189,2712582.607258732],[4318624.037691853,2712338.7765538935],[4318440.108200043,2712129.6590949646],[4318427.250872293,2711951.1489671236],[4318848.503428959,2711581.3197026714],[4318914.230258752,2711374.0604824815],[4319464.946638821,2711069.2618446974],[4319610.700069482,2710809.6737274025],[4319864.609282826,2710858.7796076266],[4320268.684726599,2710262.040974656],[4320718.171792262,2709933.306188712],[4320110.623640633,2709421.034624993],[4320670.664059647,2708098.806287902],[4321070.170648599,2707670.379775249],[4321764.657057885,2707628.423541991],[4322228.0597980935,2707962.45050895],[4322532.379075566,2707844.82468261],[4322705.56989701,2707876.37905717],[4323818.638934275,2708446.7682798244],[4324207.407177974,2708275.4392804927],[4324394.49645284,2708271.184632516],[4324604.43337824,2708087.6135361977],[4324581.552373234,2707976.1733395485],[4324469.75457286,2707924.313368464],[4325005.459493368,2707019.87396898],[4325130.089229831,2706934.9257268673],[4325161.4585501095,2706719.147589215],[4324946.607858764,2706348.24546073],[4325082.917972514,2705940.128417592],[4325910.881861216,2705599.920059582],[4326198.904701357,2705284.7493033498],[4326356.357143359,2704760.294976624],[4326550.811339278,2704724.516007579],[4326793.004926216,2704794.305412007],[4327077.19484417,2704693.2308620894],[4327309.445228354,2705049.940296757],[4327443.037857303,2705116.219122578],[4327571.5198784415,2705060.081437585],[4327572.38775247,2705168.11150921],[4327706.658165688,2705249.0268555153],[4327957.214502699,2705065.633333182],[4327966.815265669,2704809.45040476],[4328218.886757118,2704033.84297728],[4328072.668233396,2703752.736500219],[4328137.069349553,2703008.8139185393],[4329019.302686493,2701669.4701889213],[4328280.013098237,2700922.8088657353],[4328262.311714644,2700446.034212151],[4327468.938850054,2700057.6806787653],[4326998.3221263485,2700135.123965929],[4326791.486558879,2700044.124511853],[4326631.077133909,2700081.0109471753],[4326366.567464509,2699577.600205217],[4326375.820412232,2699373.327547497],[4326782.33276072,2699029.84121083],[4327048.935320664,2699012.764000459],[4327212.599454636,2698679.070531939],[4327564.279965112,2698448.6590807247],[4327562.66336152,2698290.1058748313],[4327309.580519014,2697814.300818774],[4328565.218490316,2693587.121334304],[4330000.208548171,2695832.6985445935],[4331445.190649644,2694976.731401209],[4331716.974571535,2694902.282273576],[4332322.438959438,2694894.9978234903],[4333513.433868699,2695089.77331452],[4333765.192072999,2695331.316526426],[4333753.0335491095,2696946.429160904],[4334329.852991033,2696920.0173244877],[4334669.554001201,2697129.268394045],[4334661.676415635,2697556.667938431],[4334728.390417511,2697711.8722575214],[4335318.84873955,2697392.7354739164],[4335763.352486928,2697368.73514798],[4335948.793363782,2696956.9861536007],[4336137.195299279,2696741.3264217246],[4336349.937723738,2696632.9412019392],[4336756.2936417125,2696664.7287571533],[4337086.228288164,2696421.821412519],[4337214.936582262,2696557.859166853],[4337485.719561632,2696606.748906281],[4338147.468853282,2697331.76442701],[4338400.967153228,2697209.189394641],[4338485.629851424,2696998.0967610674],[4338900.549205045,2696518.5725735566],[4338568.80613624,2696171.7786682453],[4338835.588228266,2695898.351451059],[4338969.0043726405,2695557.455813029],[4338782.644781558,2695222.0482323817],[4338484.781092066,2694948.779826253],[4338372.084310888,2694735.7395315245],[4338353.363198939,2694425.1133765755],[4338117.05051249,2694288.2108806544],[4338023.99722899,2693913.7468636963],[4337448.293225004,2693414.6231422373],[4337468.779971924,2692940.426170815],[4336512.823915322,2691508.009511845],[4336746.784650283,2691307.814710505],[4336736.483181829,2690975.6800986896],[4336592.495795033,2690742.503492847],[4336157.25467466,2690355.2716137026],[4337009.302601121,2689547.1095266277],[4337003.680715141,2689358.429065621],[4337388.577364031,2688612.1461358955],[4337100.077305123,2688601.6590779508],[4336989.366473037,2688070.074506526],[4336482.475764057,2687630.7988221734],[4336380.0821080515,2687395.521514787],[4336096.492236878,2687082.137528687],[4335806.781116398,2687029.622353673],[4335373.91533698,2686678.4108694918],[4334972.626048004,2686675.599463368],[4334689.021656919,2686921.8718846478],[4334541.329725013,2686784.6637257156],[4334454.628045978,2686310.02406977],[4334289.377014899,2686178.9634354045],[4334368.351217142,2685387.567743253],[4334093.611985737,2685055.0687603313],[4334314.049218172,2684717.3081946676],[4334123.574381487,2684519.4041839545],[4334230.219391353,2684137.0171247087],[4334487.080629806,2684125.6409937567],[4334658.708877545,2684203.9671007106]]]}},{"type":"Feature","properties":{"flugjahr":"2022","gebiet":"Ober\u00f6sterreich"},"geometry":{"type":"Polygon","coordinates":[[[4583749.550290974,2793466.198694092],[4584189.2851803135,2783479.354271494],[4609171.035154766,2784613.9615082815],[4609876.14899352,2768633.7970915693],[4584893.356132739,2767499.8947024737],[4585025.311055281,2764503.9392233044],[4566463.435665694,2763664.5100155203],[4566347.736090831,2763984.0367971626],[4566375.159780204,2764510.593250753],[4566157.51922495,2764529.785971878],[4566098.701581099,2764740.2587571554],[4566105.496213155,2764904.6635564966],[4566403.49773317,2765392.398792491],[4566381.276338512,2765533.4796179254],[4566651.40553862,2765709.7716855593],[4566756.877873922,2765975.687296325],[4566888.166885234,2765927.5829275213],[4566941.566046806,2766034.055298087],[4567282.773177581,2766028.4497556947],[4567434.307163251,2766328.4675846114],[4567788.63552644,2766445.532275159],[4567822.144908409,2766378.0049926303],[4567971.083861858,2766440.76692167],[4568354.691811302,2765823.7145165373],[4569278.075204212,2765763.3379632127],[4569400.242925474,2765660.788878401],[4569646.4049440725,2765687.411683651],[4570031.514751091,2765457.6603593193],[4570333.423236227,2765400.7584988503],[4570232.460815219,2765112.0276441057],[4570122.741722546,2765022.5207635],[4570469.116049923,2764329.7435607696],[4570714.264553214,2764299.7946345164],[4570958.56336929,2764380.374725643],[4571131.979811516,2764194.0930626774],[4571381.754008182,2764081.8052658294],[4571623.197620574,2764136.2461572983],[4571843.290159721,2763936.0785718765],[4572086.6439233385,2763992.6128877467],[4572195.061674461,2764362.2274833256],[4572478.413247229,2764590.6625353275],[4572274.455661699,2765892.723466627],[4572370.337581167,2765966.59922853],[4572510.135908265,2765929.8931896803],[4572804.812488708,2766196.8677576743],[4572625.809647131,2766441.9287615544],[4573180.018264885,2767092.366534162],[4572911.043929558,2767629.5423196875],[4573067.815216843,2767867.2667685933],[4572946.060703712,2768438.612147399],[4572806.616191659,2768558.3883692455],[4572372.928109447,2768526.7881286996],[4572101.521080623,2768630.0916853165],[4571537.8188036475,2768628.6260332176],[4570998.974466884,2769030.0373792127],[4570910.562330238,2769196.146446233],[4570542.3698907,2769143.477431969],[4570384.342995743,2769218.8820394506],[4570110.879117246,2769596.762413058],[4569812.118777325,2769536.225443679],[4569777.4969733395,2769697.2672325177],[4569484.663204972,2769968.7229292435],[4569093.347295082,2770111.6513070306],[4568468.104854483,2770063.883895212],[4568159.81061532,2770117.9944933476],[4568147.3273150725,2770401.609889938],[4567564.8753448585,2770371.7876542914],[4567513.563364385,2770855.27767382],[4567845.4199734535,2770902.2922892976],[4567749.19655138,2771439.7996050073],[4567822.050535155,2771604.699241841],[4567525.845698889,2771908.0211815415],[4567315.024558807,2772011.568565962],[4566986.969657443,2772025.771781058],[4566697.039305185,2771935.636877018],[4566689.932401593,2771846.758960722],[4566184.48683401,2771875.47910731],[4566137.326139037,2771672.718874259],[4565911.935179941,2771537.9615259096],[4565760.427022987,2771328.4915869874],[4565538.484082722,2771251.9378247103],[4565752.38065766,2770942.379089047],[4565563.386031495,2770708.711509557],[4565713.1114995405,2770435.289769866],[4565474.216301446,2770539.0847129375],[4564942.18553789,2770318.4566095737],[4564571.912897654,2770302.246285346],[4564672.770363011,2770035.6340769683],[4564065.548504631,2769806.6255834308],[4563775.785983393,2769894.613191242],[4563507.626092767,2769832.978396038],[4563456.434085434,2769710.591701706],[4563371.058743077,2769784.78578573],[4563093.5301720705,2769788.2663434846],[4562586.302791001,2769458.6918305526],[4562299.841197408,2769585.3556892583],[4562221.412038432,2769251.111495782],[4561946.788741333,2769256.732084459],[4561813.85539154,2769376.311544975],[4561580.38443297,2769186.1703191153],[4561486.993076935,2768930.305379974],[4561517.735552654,2768743.5805775174],[4561062.4856735505,2768605.514828471],[4560015.951299813,2792392.419222465],[4583749.550290974,2793466.198694092]]]}},{"type":"Feature","properties":{"flugjahr":"2010-11","gebiet":"Steiermark"},"geometry":{"type":"Polygon","coordinates":[[[4634793.794563936,2725028.2449866612],[4634380.178183761,2724943.2993332264],[4634264.432512803,2724799.267896682],[4634022.015565778,2724691.0224186815],[4633213.187297464,2724641.000311373],[4632884.015746622,2724236.4026886136],[4632346.968854121,2723995.1538323318],[4632333.020135092,2724208.070461958],[4632850.546505405,2724242.830874589],[4632787.870527019,2725658.0809688685],[4634799.956169394,2725750.5445510754],[4634793.794563936,2725028.2449866612]]]}},{"type":"Feature","properties":{"flugjahr":"2017","gebiet":"Tirol"},"geometry":{"type":"Polygon","coordinates":[[[4414305.036210385,2654807.5676849484],[4414820.03122468,2654882.3365557],[4414812.831461743,2654799.0001132153],[4415110.783328435,2654787.3407364506],[4415111.440525472,2654645.2541335095],[4415015.698044455,2654591.8827926284],[4414797.031109846,2654637.0015648124],[4414755.622277109,2654286.51817202],[4414556.754532677,2654344.9593787827],[4414535.067490761,2654024.3200005516],[4414723.34821768,2654107.911884472],[4414750.3005882455,2654005.615910009],[4414624.100811917,2653380.427032042],[4414091.032333853,2653417.30670165],[4413796.364443373,2653874.887381967],[4414138.846946461,2653814.0800437178],[4414022.2379604895,2653978.6916156346],[4413846.616967971,2654020.7342502945],[4413814.732680196,2654473.265715477],[4413879.50662531,2654780.9092985177],[4413935.161885453,2654913.3743393435],[4414256.739901131,2654802.703717058],[4414171.310504377,2654666.778292281],[4414018.842317527,2654712.2441451154],[4414188.517715716,2654524.7796720276],[4414305.036210385,2654807.5676849484]]]}},{"type":"Feature","properties":{"flugjahr":"2018","gebiet":"Tirol"},"geometry":{"type":"Polygon","coordinates":[[[4332266.462157671,2637515.82685948],[4332188.490594467,2637706.613218144],[4332127.450981861,2638494.966583084],[4331924.559520885,2638755.3917068955],[4331969.003316273,2639123.6917859437],[4331818.836734033,2639399.170814003],[4331959.193124548,2639470.7649722286],[4332052.805259868,2639638.713635643],[4331978.393194128,2640208.5845300946],[4331812.503539982,2640392.8162721833],[4331075.269925708,2640604.1094074734],[4330654.048820478,2640882.1999465786],[4330112.0249665035,2641439.830410675],[4329716.588627677,2642217.85050058],[4329485.531027733,2642493.067509806],[4329563.964612755,2643061.5107022272],[4329378.666937552,2643474.771887316],[4329500.938517177,2643922.277997895],[4328784.581166652,2644912.0318081435],[4328658.407506065,2645642.448776452],[4328674.894271219,2645840.794420395],[4329228.362091518,2646073.0327403536],[4329440.908266749,2646491.1064636856],[4329692.584070586,2646659.3670725245],[4329745.128595084,2646877.7077448545],[4330295.317160506,2646986.992051229],[4330823.124462081,2647679.3265857976],[4331224.420030281,2648565.6428792104],[4332738.781624893,2648784.9758516345],[4333739.626727588,2649980.905947958],[4333835.614083697,2650453.677654592],[4332678.236999206,2650950.730784785],[4332086.461326241,2651435.35692739],[4331979.221609042,2651626.4236846473],[4332120.274673103,2651976.8597781886],[4332490.354449669,2651872.5340062827],[4332678.127027639,2651990.813977233],[4333237.029976621,2652073.5909196436],[4333356.147293283,2652193.549278916],[4333368.626193909,2652458.2987888143],[4332957.307870412,2653202.0327602085],[4333075.912478779,2653304.157729389],[4333148.19176916,2653693.4699986866],[4333321.775551676,2653846.4597478206],[4333344.970220532,2653981.178673279],[4332904.678761047,2654792.9073536587],[4332246.5436855,2655031.698147893],[4331184.967404233,2655597.52261681],[4330935.859644132,2656186.574704443],[4330747.063567,2656288.9011310637],[4330604.240837628,2656530.243318126],[4331144.806950938,2656889.52591652],[4331368.264445386,2657167.551218453],[4332122.903670658,2657666.551886253],[4332274.820036077,2658025.7363683293],[4332680.108771153,2658385.934341152],[4332971.81136326,2658792.5091417558],[4333130.363531439,2659460.622071847],[4332605.12720878,2661067.454166748],[4332451.483608148,2661138.160239213],[4332038.03100631,2661030.734622814],[4331774.942598842,2661226.359941206],[4331449.174882516,2661295.817073822],[4331485.503877779,2661526.737200549],[4331364.808125985,2661925.881414893],[4331289.21538753,2662865.0054011624],[4331386.841209056,2663289.146863032],[4331870.428269508,2663749.1687439303],[4332180.163841208,2664716.957594285],[4332656.864260794,2665251.7852927903],[4332676.020185517,2665401.284405871],[4332922.49082805,2665764.1815682366],[4333188.244756906,2666568.438952743],[4333345.474235669,2666486.3046628493],[4333480.213012237,2666510.6381717166],[4333585.91405424,2666641.804509255],[4334651.83356519,2666419.4800761524],[4334934.36827766,2667081.164889617],[4335111.373385308,2667086.665084856],[4335295.025209473,2667201.8080824804],[4335365.832550573,2667350.858016115],[4335353.870082448,2668252.635439771],[4335938.611102466,2668444.3862116123],[4336736.607539548,2668418.1757632955],[4336967.497203145,2668134.197462388],[4337322.850512688,2668482.9326838125],[4337715.57466693,2668189.5516168466],[4338482.210327351,2668047.5283587174],[4339414.541343868,2668005.242938916],[4340508.949298259,2668570.0083483863],[4342116.584051369,2669800.717065495],[4343382.5075520575,2670256.2136467304],[4344118.144972916,2670289.0963398027],[4345084.572265863,2670454.154866435],[4346483.5595102385,2671005.3601612058],[4347499.391897046,2670988.4256665045],[4347785.931021837,2671077.258793509],[4349802.851113253,2671281.0812194124],[4351437.688880375,2670970.50605172],[4351616.684880692,2671049.3254969576],[4352170.713933373,2671005.417492397],[4353280.791738524,2669996.2859670394],[4353566.397807678,2669376.6410095883],[4353955.977642445,2669046.9722696673],[4354627.977151851,2668957.773604011],[4355311.560403038,2669267.659036468],[4357105.38093131,2668724.174937562],[4357564.388008007,2668393.3468514327],[4358279.719818798,2668426.4623067444],[4358728.351324033,2669282.957568466],[4358913.179426827,2669927.741246768],[4359578.36393103,2670117.1678435914],[4360366.267002044,2670473.315203912],[4361415.845131555,2670461.6002327157],[4362095.574831498,2670575.756773201],[4364436.338097433,2671730.0497716903],[4365198.6205806285,2672931.175057643],[4365418.622582413,2673422.717304133],[4366403.959147298,2673729.279529464],[4367828.671822269,2674486.0352357845],[4369079.640431084,2675002.833191898],[4369380.32285152,2675613.4244848425],[4369937.129801845,2676101.447793679],[4371605.114110927,2676908.9229431176],[4372573.185459203,2677549.0846490553],[4374596.046356285,2678566.416635605],[4374623.731851225,2676082.230661619],[4375028.987162107,2676000.6977818916],[4375356.747359793,2675609.5650611734],[4375541.751621976,2674520.6269263467],[4375477.57003008,2673768.8643305073],[4375034.779888603,2671820.2705383794],[4374581.119182989,2671138.8358468325],[4374905.987342916,2669389.73787455],[4375381.132464237,2669699.525238519],[4375974.577652468,2670387.416921721],[4376246.60906243,2670387.569453691],[4376351.938152682,2668428.35735175],[4375885.61265746,2668113.969051718],[4375101.07697094,2667016.83079316],[4375018.82920602,2666219.147944902],[4375706.59451117,2665196.443239308],[4376171.840630581,2664821.8809823804],[4376161.39077977,2663689.506094511],[4375396.7533133505,2664168.204524042],[4372628.851317086,2664461.678312311],[4372622.845466226,2664554.7260930194],[4370858.432964143,2664578.0933505567],[4370403.580684284,2663537.306454353],[4369758.352466818,2662868.137559841],[4369347.767842324,2662275.31898907],[4369389.505636166,2661813.1129059573],[4369137.086297264,2661364.10232498],[4368716.002966095,2661168.513111748],[4368127.951138731,2661232.3949655364],[4367038.938593841,2660616.158956692],[4367155.483621429,2659896.5776744825],[4367049.578607476,2659493.6188449534],[4366115.1835013125,2658903.764105562],[4366149.319740863,2658536.7871621116],[4366960.500751976,2657045.160911345],[4366802.362609444,2656177.403704237],[4366680.5231805965,2656027.073662305],[4367143.049539564,2655298.5692530964],[4367147.047015382,2654628.024746713],[4370469.483319371,2654642.102015021],[4370520.066398673,2654537.4265832766],[4370658.147888307,2653145.4320444358],[4370567.029768798,2652510.2119452455],[4370635.409093485,2651109.2892882],[4370525.606989498,2650538.377956013],[4370654.1130979145,2650196.1489653336],[4370665.519317217,2649415.2999323676],[4370496.260815871,2649300.7754380098],[4370505.605330316,2645952.938008086],[4370422.008660288,2645881.0315336315],[4370508.850585525,2645701.505915592],[4370509.739258906,2645127.7341497103],[4370390.866053479,2644859.501059491],[4370352.056871431,2644333.2420714283],[4370514.2927218545,2644186.2346800524],[4370518.673340915,2643420.7339055315],[4370356.193230073,2643315.2337268717],[4370421.521345909,2642648.713145918],[4370522.4474096615,2642484.756427323],[4370522.335050131,2642302.9227810972],[4370410.848545982,2642232.1888794606],[4370525.290360712,2641865.549602648],[4370390.159411074,2641715.978642212],[4370512.801650967,2640624.754881489],[4370452.280809449,2640257.679468543],[4370335.347094608,2640128.749843197],[4370444.097219511,2640078.6713131415],[4370535.045624136,2639795.969085258],[4370537.677351951,2639281.1969815167],[4368688.994755791,2639156.8085391554],[4368142.369395342,2638934.942738957],[4367970.03930883,2638677.595074351],[4367568.137485365,2638501.857078963],[4367198.207641834,2638387.5430705003],[4366486.9650575975,2638338.0543686105],[4366076.619795033,2637565.5424581924],[4365587.704216907,2637440.2092393218],[4365365.892747226,2637279.610378351],[4365179.216075097,2637313.749286392],[4364980.297620274,2637136.5283588893],[4364812.598636836,2637096.3986801812],[4364580.34791878,2636671.679990407],[4363929.387451313,2636475.355913521],[4363632.067941832,2636504.2609431497],[4363458.990095016,2636376.1848392934],[4363100.408948328,2636323.749976893],[4362700.10088449,2636081.573771741],[4362651.415864216,2636235.7981736017],[4362945.9474885985,2636452.5401965347],[4363413.177200735,2637200.650067836],[4363346.4975931095,2637356.5251910887],[4363144.801233276,2637501.619548168],[4362081.235561815,2637346.3852785444],[4360768.86353014,2636973.3841049774],[4360420.810478828,2637124.4381765095],[4359526.522027972,2637250.533327464],[4359079.9454069175,2637192.4842097824],[4358908.77280499,2637324.330406735],[4358693.881129833,2637326.1957565],[4358680.595560795,2637432.430407765],[4358832.508475676,2637535.1804498406],[4358774.373546269,2637724.664962617],[4358621.074221299,2637487.4618600304],[4358432.846751377,2637472.4587868056],[4358423.843336795,2637727.53609873],[4358267.019214768,2637785.358465085],[4358131.687245731,2638005.932901916],[4357866.365281404,2637931.780419414],[4357624.300747291,2638126.6219796413],[4357770.780299377,2638293.892432311],[4357684.7857905915,2638425.269921077],[4357552.009514261,2638460.756678281],[4356815.726035792,2638014.0772289056],[4356668.886514887,2638843.537002309],[4356840.975785814,2639372.214880053],[4356909.141496351,2640052.4286359474],[4356750.628754682,2640940.797606077],[4356402.807113614,2641324.7448033653],[4356744.798365487,2641894.389608698],[4356957.823366415,2642074.1085051834],[4356991.588884143,2642254.136900912],[4357189.657973117,2642450.04343012],[4357191.270584601,2643202.445318377],[4357382.967972855,2643456.0348538933],[4357443.523354487,2644261.318557351],[4357818.981255535,2644490.5020880066],[4358018.2869970575,2644789.189088074],[4357947.852808407,2645144.158160878],[4358065.254846116,2645352.2056478527],[4358035.221674496,2645556.472516586],[4358171.7582684355,2645986.5786703425],[4358115.443884898,2646232.7580927587],[4357964.272183662,2646353.319423813],[4357939.1298196865,2646560.0602658126],[4358094.107818345,2646865.790313046],[4358095.86559171,2647081.55346841],[4358224.482903337,2647262.9502224736],[4357265.752077915,2647575.7699516024],[4356690.523764896,2648251.168828111],[4356329.781274557,2648350.8507690076],[4355785.739448545,2648660.460401493],[4355687.821376786,2648875.6386601417],[4355220.307409462,2648810.490792558],[4354692.163578319,2649014.6768061435],[4354462.127195378,2649015.5779654533],[4354314.47077227,2649196.0646360135],[4353665.83951724,2649220.8881486184],[4353252.275037874,2649547.258779712],[4353098.1983468905,2649792.698036063],[4353164.0616572015,2649909.8542309697],[4353168.581166898,2650333.4143351945],[4353410.934893877,2650711.039011294],[4353476.0930892285,2650964.474319393],[4353446.016542973,2651415.1856430643],[4352991.702780562,2651879.677197004],[4352379.636432716,2652173.588219666],[4351920.210239844,2652844.3523315797],[4351575.984192944,2653096.1575012105],[4351284.522721697,2653780.2598395473],[4350630.018340605,2654134.644708063],[4350217.021730003,2654005.987078543],[4349341.747632188,2653040.6225996474],[4348862.876361366,2653130.6287238905],[4348312.087771661,2653114.8628494027],[4348031.429054579,2653213.4678917923],[4347432.036373316,2652902.458159368],[4347417.599597839,2652544.033883661],[4347282.725534197,2652176.486635495],[4346943.453300037,2652010.443745512],[4346990.771364551,2651688.114777412],[4346528.661013215,2651037.562577387],[4346487.761696469,2650693.6161871515],[4346151.118549687,2650136.2750549293],[4346163.971821779,2649551.44577035],[4346022.195196577,2648976.7337238668],[4345746.674403606,2648749.8561552046],[4344630.912807546,2648537.8679882586],[4344540.71417481,2648355.529981577],[4344563.663841918,2647808.581037054],[4344381.230488546,2647466.44865579],[4344684.169273385,2646985.453195126],[4345223.532434466,2646448.131345481],[4345215.482010924,2645882.131292208],[4345124.98338685,2645755.499334934],[4344596.739999023,2645812.6214419072],[4343950.684738445,2645685.025314108],[4343629.465352234,2645157.5994204683],[4343174.171762391,2645511.921312858],[4343082.204497529,2645485.0076297987],[4341329.7832291685,2646136.669153641],[4339402.538182076,2646436.2411663514],[4339466.334427747,2646250.9748907518],[4339395.736944634,2645642.778021676],[4339501.090783866,2645060.851915691],[4339330.19439795,2644782.3837516913],[4339133.188276579,2644696.266402969],[4339050.461871037,2644462.0323556233],[4339093.356876823,2644321.6972014783],[4338839.657043101,2643138.4746216084],[4338605.852831725,2642749.7905090284],[4338285.9204522865,2642545.393513821],[4338385.10709677,2642333.510694908],[4338342.333460899,2642196.723479459],[4338419.925782001,2641889.338567391],[4338640.079901684,2641778.722741122],[4338965.612512898,2641275.595624678],[4338895.020952233,2640495.2721527],[4338763.932811549,2640269.329081134],[4338809.630403915,2639732.924744993],[4338669.832454816,2639564.7431929535],[4338794.990219851,2639198.2183650793],[4338010.69525657,2639182.882525566],[4337738.565411775,2639286.429875518],[4336979.455841663,2639012.6588048683],[4336798.222410098,2639054.99430487],[4336557.483778091,2638987.4213788817],[4336215.430257106,2639199.4835621812],[4335816.309013639,2639184.175827356],[4335628.466359435,2638818.1258212356],[4335050.616278863,2638370.75282862],[4334930.801562372,2637988.8290220643],[4334636.145978517,2637809.544762355],[4334145.023126092,2637768.407035012],[4333930.465446124,2637436.8517314163],[4333436.515633104,2637468.687748183],[4333152.699545425,2637192.3821151573],[4332903.869302511,2637119.567732755],[4332803.325723045,2637383.3997535836],[4332266.462157671,2637515.82685948]]]}},{"type":"Feature","properties":{"flugjahr":"2017","gebiet":"Tirol"},"geometry":{"type":"Polygon","coordinates":[[[4430062.938399104,2680458.3966776077],[4429408.043937537,2680271.1606908017],[4428706.87039303,2679561.414893172],[4428498.958820585,2679003.0773870707],[4428481.041833995,2678540.8159122514],[4428784.442605942,2677655.740225778],[4429310.959216496,2676584.2823283267],[4430281.640650255,2676188.6565894643],[4430462.157165673,2676027.9841175284],[4430453.197267619,2675807.684284893],[4430791.876142131,2675208.6196343573],[4430768.304465554,2675093.6294136313],[4432008.03725411,2671762.5724602276],[4432274.331689392,2671399.6013331404],[4432285.090662523,2670806.6522487365],[4432349.561140206,2670677.6126023945],[4431967.262379521,2669895.8094431427],[4431801.875645206,2669051.831506936],[4431905.424445171,2668616.4867179124],[4432243.648287936,2667833.6840872844],[4432399.044717274,2667691.6622811942],[4432537.521381896,2667148.0345395426],[4432403.600189924,2667105.871192705],[4432997.041249875,2666021.0961719495],[4433331.458604264,2664964.052531465],[4433500.087230543,2664779.8911328823],[4433669.440685193,2664018.4048164105],[4433807.906636877,2663910.4504067395],[4433867.654178505,2663435.000645217],[4434050.910514264,2662988.6685039643],[4434073.361373082,2662661.498945023],[4433962.872629012,2662176.297651823],[4434104.593677684,2661342.2051198697],[4434187.773768858,2661310.0220432715],[4434254.593003388,2660491.5806603897],[4433944.181048293,2660167.340074158],[4433825.2533575725,2659125.2014230294],[4433858.64200798,2658720.330363543],[4434240.411770717,2658341.4425463583],[4433792.723767312,2658643.884773303],[4433038.791258109,2658310.6574845314],[4432174.773924368,2657801.0720094047],[4431464.834932138,2657664.361233641],[4430384.234271685,2657202.5077153975],[4430082.841223179,2656998.7230369276],[4429799.324166181,2656657.420298633],[4429575.62171038,2656542.4005049467],[4428795.878707129,2656395.0717916507],[4427826.6869135415,2655616.114520873],[4427507.41108805,2655718.5970190233],[4427256.94235307,2655900.8606692525],[4427245.014817534,2656023.4193540714],[4427648.20475498,2656264.065814849],[4428323.522643015,2656956.7037334284],[4429197.639477549,2657266.9731627954],[4429725.518617814,2657567.3747318583],[4429994.638988274,2657950.40098695],[4432041.881450593,2659135.94398077],[4432676.532165117,2659925.4412551746],[4432616.709639252,2663438.0087043806],[4432538.336639407,2663803.0355548966],[4432278.694512874,2664215.171026143],[4431729.8669544365,2664497.112556215],[4431566.031962116,2664508.992787617],[4430536.4648054475,2664332.5936928135],[4428660.946092452,2663290.090754634],[4427721.4563053595,2662551.208962516],[4426639.833505559,2661445.0547781857],[4425292.943299893,2660366.4852302335],[4425101.545645752,2660231.053577558],[4424431.642228857,2660014.308782137],[4423671.876174498,2659447.3945885026],[4422874.234903788,2658469.118063749],[4422631.689762645,2657934.4071404412],[4422308.908428422,2657794.66105673],[4422004.87130914,2657872.684581287],[4421946.168777243,2658126.6100336625],[4422124.370498148,2658641.0367465373],[4423338.479859518,2660252.153512101],[4424164.906202926,2660859.2999752625],[4425971.624871159,2661954.0395406107],[4427501.525375316,2664054.472477989],[4428235.9584108405,2664556.7326867115],[4429107.884554364,2664928.692145708],[4429213.2526721405,2665159.248237922],[4429180.965734689,2665270.1079061003],[4429461.263100143,2665461.942920332],[4429447.634513468,2665660.1413055155],[4429248.354874361,2665811.3514132584],[4429255.745953382,2665930.3534464114],[4429507.469585156,2666117.276685943],[4429386.199871576,2666232.420060148],[4429256.679628661,2666071.5273951627],[4428897.065255535,2666198.094465219],[4428819.658919012,2666104.09952946],[4428758.34456606,2666308.389804866],[4428867.22767716,2666465.997897207],[4428749.526476291,2666497.096611769],[4428779.333987694,2666578.1489815144],[4428612.902227792,2666497.9583429107],[4428509.827343143,2666599.7805008804],[4428392.460469094,2667062.0007039364],[4428132.247624422,2667590.0467071347],[4428023.076386166,2667723.4433000446],[4427402.626898979,2668018.6904772315],[4426979.476396195,2668570.346006781],[4426865.239580398,2668857.583131334],[4426820.885400468,2669478.2350140624],[4426379.672171935,2669638.3941193055],[4425788.704627168,2669987.3453935087],[4425175.758577536,2669998.6128308782],[4425130.03358536,2669658.317317427],[4424989.963980451,2669660.120113587],[4424815.905709192,2669087.0790661033],[4424714.035066253,2668205.902755838],[4424497.069158388,2667521.394003763],[4424026.292407519,2667187.885957646],[4423545.971356887,2666560.150908854],[4423441.5019224575,2665775.77363237],[4423308.999938191,2665455.510403308],[4423049.6516995905,2665272.631346253],[4422097.275308194,2665149.950244604],[4421511.107129813,2665424.474651887],[4421163.182139778,2665450.545668589],[4420878.150222671,2665236.3713823976],[4420721.276424289,2664891.218796573],[4420221.491676741,2664492.950302682],[4419645.645389998,2664381.999776518],[4419476.896040296,2664274.562100405],[4419226.952581937,2663874.521089592],[4418950.571961603,2662982.578967684],[4418332.457146261,2662525.147542542],[4418227.700778964,2662188.6408195845],[4417924.089932781,2661741.7942682877],[4416730.690339422,2660744.1890765065],[4416515.716057077,2660086.815415256],[4414894.913852613,2657822.858670771],[4414175.87832039,2657518.796182234],[4413656.111378591,2657682.1461904696],[4413372.524404766,2657384.921492069],[4412713.287699769,2656968.309741394],[4412777.622396378,2656783.5028635627],[4412657.506901253,2656648.0575508224],[4412566.762021767,2656688.825138642],[4412502.344434806,2656533.049240641],[4412417.910015861,2656583.3662209203],[4412337.993060494,2656343.4444649583],[4412205.685324138,2656439.50956039],[4412064.664900572,2656357.8823180567],[4411879.642525086,2656171.3408014607],[4411891.194962146,2656077.8204678483],[4411791.062669273,2656086.815818459],[4411779.3039717795,2655880.564560606],[4411565.20474771,2656142.7480510315],[4411492.191337074,2656128.100845958],[4411495.668146165,2656063.088695038],[4411432.018549083,2656084.9690779266],[4411561.739788088,2655860.4089250714],[4411550.867496023,2655806.4267279035],[4411407.271364493,2655938.921711474],[4411462.265821339,2655726.6680449517],[4411292.727811372,2655627.4620332113],[4411187.676358166,2655669.748953503],[4411053.47548268,2655486.66051506],[4410904.085673936,2655496.9982419275],[4410363.278612291,2654942.2584837526],[4410222.070633262,2654900.2943005636],[4410161.116031237,2655026.8700155327],[4410043.746131591,2654983.441797255],[4409962.400119533,2655052.8128569582],[4409851.683289732,2654944.387726401],[4409877.962183961,2654757.3617073856],[4409813.260554729,2654661.8624120476],[4409949.623189736,2654721.2496054317],[4410015.031123292,2654662.8998834766],[4409551.059826847,2654337.259723982],[4409642.892845605,2654050.6086754748],[4409203.347175403,2653815.7109641964],[4409514.94952418,2653311.8760404754],[4409610.197111324,2653329.2860774165],[4409682.6974659255,2653226.0342259174],[4409832.93421013,2653262.7612414937],[4409831.958499674,2653015.3498962964],[4409916.639429917,2653026.3343301807],[4409968.160925603,2652878.563813162],[4409871.023325368,2652901.4898495087],[4409903.123953306,2652781.1460313173],[4409667.5125868665,2652665.4570892304],[4409859.390179646,2652399.982536852],[4410044.181783033,2652470.7989013363],[4410222.346263615,2652423.0788749177],[4410118.264152592,2652250.2714784383],[4410331.004568892,2651904.9494118565],[4410443.373925871,2651884.382123941],[4410513.92148753,2651720.4397440115],[4410634.774334355,2651722.53162809],[4410639.283586621,2651663.340369961],[4410446.689801943,2651624.2782363687],[4410449.100194389,2651560.8465021867],[4410631.520954893,2651508.919322061],[4410466.621281959,2651307.9984676633],[4410656.528727572,2650849.5586279705],[4410785.531112667,2650850.335720636],[4410709.366347091,2650616.752671087],[4410500.961311393,2650555.5565126995],[4409733.848121325,2650892.0807266487],[4409708.912443128,2649991.1646247245],[4409869.223615866,2649782.7131062215],[4409636.923339781,2649195.591340691],[4409768.872523178,2648937.89881471],[4410053.062361024,2648670.8709653667],[4410042.314209489,2648570.843024252],[4409747.48197989,2648042.176133791],[4409553.608356316,2647948.1645143046],[4409068.800707975,2647378.639973712],[4408868.709477533,2647344.6398772914],[4408672.022772731,2647098.494667019],[4408242.47636354,2646947.9065030767],[4407827.521330872,2646623.5289477305],[4407418.599301156,2646730.846138498],[4407090.188290914,2646632.479467506],[4406924.550803585,2646806.217180806],[4406714.756536638,2646782.3223460955],[4406006.760985106,2647029.9197406387],[4405633.210726326,2646485.711768222],[4405758.777195084,2645821.068830452],[4405611.354797722,2645325.211451296],[4404724.513952451,2645074.2498359918],[4404609.776062394,2644869.5026883837],[4404541.049601048,2644417.6455678646],[4404739.457142519,2644155.3207319076],[4404906.841751748,2643404.0692893406],[4404719.88524391,2642668.0497764396],[4404753.604250519,2642587.9788786345],[4405065.5879623685,2642486.7677898826],[4405075.164109508,2642402.4869597983],[4404683.263105749,2641704.725253325],[4404133.741279328,2641171.741335823],[4403952.232080216,2640555.5054419944],[4403619.676997412,2640069.431386949],[4403595.953806085,2639618.5529147754],[4403356.337496535,2639035.6471428433],[4403130.010227772,2638823.191107107],[4402929.221503682,2638814.741386087],[4402834.694639504,2638359.180383462],[4402844.25490397,2638119.1639571623],[4403098.394565614,2637693.1876037396],[4402980.581276164,2637521.883011632],[4403108.233564515,2637258.3566163806],[4402784.161122816,2636698.6504265186],[4403332.263875952,2636266.2244129316],[4403629.537989002,2635562.3806461743],[4403591.966082759,2635409.17356327],[4403787.705841751,2634906.5165453414],[4403616.842377423,2634697.3894303283],[4403040.98460459,2634615.3727697907],[4402836.827543853,2634336.518253813],[4402369.000741464,2634042.513306],[4402195.984131985,2633821.9300431088],[4402039.165437297,2633794.931236461],[4401936.968333779,2633449.422570303],[4401773.359915717,2633271.781919977],[4401274.096537706,2633316.0372643485],[4400495.032992838,2632950.1235900535],[4400840.781716144,2632612.540845378],[4400828.70478081,2632479.8005591626],[4400583.67143948,2632280.5556563814],[4400343.9601892745,2631747.29095428],[4400213.603985653,2631677.1819569827],[4400030.890156428,2630660.035000049],[4399684.479969727,2630105.550702261],[4399422.751519747,2629274.049461622],[4399448.423361152,2628736.829648267],[4399378.264919814,2628610.159102943],[4399126.514321839,2628497.9785419116],[4398496.394676275,2629210.0235112123],[4397880.9373563435,2628873.656778279],[4397177.860023463,2628639.129431318],[4396924.952039915,2628633.5290022357],[4396792.912416233,2628757.3061025282],[4396385.498610754,2628681.169798499],[4396012.14679981,2628905.783773179],[4395744.160335458,2628846.406497005],[4395524.337049423,2629221.29220678],[4395397.550655977,2629178.1594927167],[4393134.472608301,2629497.194147231],[4392953.894007699,2629371.5143416347],[4392197.361531074,2629329.79921781],[4391957.577976195,2629217.0961452797],[4391578.190382179,2629488.9656214253],[4391392.897397333,2629411.467296442],[4391190.781987851,2629439.4757062304],[4391003.002108194,2629333.2865077113],[4390268.363832816,2628670.042175442],[4389972.599206065,2628675.682445015],[4389522.777951443,2628875.801370178],[4389387.046930536,2628779.6838553017],[4389104.618611377,2628241.739791286],[4388883.430099182,2628114.381392399],[4388489.2469692845,2628065.116412158],[4388240.120143737,2628259.9408799857],[4387387.385271557,2628385.1193617596],[4387263.990748075,2629106.44238344],[4386180.984666366,2629287.471509068],[4385648.4702319,2629753.2155870213],[4385347.378850185,2629755.607677074],[4385230.9164616065,2630091.739322123],[4385100.511377269,2630049.4623675374],[4384948.863501688,2630153.44420195],[4384630.12033798,2629980.344257538],[4384402.566154204,2629372.719898926],[4384117.756322336,2629154.5156149077],[4383348.09482895,2629415.9653285393],[4383216.761199251,2629370.6855621138],[4381795.117783768,2631156.767897934],[4381619.119509564,2631130.3794793705],[4381081.266068799,2631696.7926075337],[4380876.481526207,2631630.8673798284],[4380820.06688006,2631407.03237328],[4380521.533803244,2631097.2779959333],[4380117.796073183,2631035.2510042517],[4379954.055561183,2630860.9120944003],[4379609.642819116,2630715.57697129],[4379268.441192306,2630697.0741789304],[4378901.608078815,2630438.7876225375],[4378670.549930005,2630427.03522175],[4378337.984264669,2630686.8551432504],[4377695.96530211,2630588.9465013864],[4377367.601404579,2630643.419681944],[4377163.199816348,2630763.3749319585],[4376765.455108947,2630791.643328569],[4376603.779296684,2631054.9726786576],[4376634.600146192,2631329.060282558],[4376429.739841781,2631729.309923828],[4376438.1386714745,2631896.143403195],[4377187.6062688,2632087.829142847],[4377805.599851692,2632491.953697495],[4377953.225722202,2632681.0165625634],[4378042.484391545,2633237.10959288],[4378347.958005992,2633829.0949948616],[4378695.968250311,2633932.7603894128],[4378910.284321182,2634127.782197606],[4379219.405647463,2634444.610218161],[4379267.666150953,2634724.005281784],[4378821.660793157,2635166.586825886],[4378750.091914363,2635588.638573859],[4378644.720979922,2635750.924517004],[4377244.971798158,2635895.740566506],[4377009.55844565,2636015.291965453],[4376869.942560765,2636281.0041414835],[4376106.899704778,2636274.331580803],[4375826.361560066,2636747.5029037455],[4375604.787843056,2636873.7174143954],[4375682.348808861,2637289.1535221348],[4375260.609404291,2637235.335984463],[4374693.428583844,2637293.846854673],[4374447.570674374,2637648.6572919074],[4373948.010412663,2637844.140690938],[4373838.619948328,2638040.3690880197],[4373940.119401964,2638358.4370682705],[4373863.001724858,2638532.707189867],[4374052.224402134,2638703.7749035927],[4374133.369482901,2639003.5223975535],[4373895.895246603,2639157.3389295],[4373648.393965027,2639549.4898933056],[4373510.069573126,2639507.5489777294],[4373303.707410868,2639644.550607076],[4373036.570343061,2639620.9663917283],[4372733.850599587,2639875.7362026204],[4372531.919439815,2639786.0814608447],[4372295.021122367,2639835.3679604586],[4371889.217185394,2640396.520668283],[4371580.367810369,2640263.8426487492],[4371098.489719867,2639744.392294863],[4371097.483758206,2639600.1199537427],[4370938.013411743,2639447.036859121],[4370537.677351951,2639281.1969815167],[4370535.045624136,2639795.969085258],[4370444.097219511,2640078.6713131415],[4370335.347094608,2640128.749843197],[4370452.280809449,2640257.679468543],[4370512.801650967,2640624.754881489],[4370390.159411074,2641715.978642212],[4370525.290360712,2641865.549602648],[4370410.848545982,2642232.1888794606],[4370522.335050131,2642302.9227810972],[4370522.4474096615,2642484.756427323],[4370421.521345909,2642648.713145918],[4370356.193230073,2643315.2337268717],[4370518.673340915,2643420.7339055315],[4370514.2927218545,2644186.2346800524],[4370352.056871431,2644333.2420714283],[4370390.866053479,2644859.501059491],[4370509.739258906,2645127.7341497103],[4370508.850585525,2645701.505915592],[4370422.008660288,2645881.0315336315],[4370505.605330316,2645952.938008086],[4370496.260815871,2649300.7754380098],[4370665.519317217,2649415.2999323676],[4370654.1130979145,2650196.1489653336],[4370525.606989498,2650538.377956013],[4370635.409093485,2651109.2892882],[4370567.029768798,2652510.2119452455],[4370658.147888307,2653145.4320444358],[4370520.066398673,2654537.4265832766],[4370469.483319371,2654642.102015021],[4367147.047015382,2654628.024746713],[4367143.049539564,2655298.5692530964],[4366680.5231805965,2656027.073662305],[4366802.362609444,2656177.403704237],[4366960.500751976,2657045.160911345],[4366149.319740863,2658536.7871621116],[4366115.1835013125,2658903.764105562],[4367049.578607476,2659493.6188449534],[4367155.483621429,2659896.5776744825],[4367038.938593841,2660616.158956692],[4368127.951138731,2661232.3949655364],[4368716.002966095,2661168.513111748],[4369137.086297264,2661364.10232498],[4369389.505636166,2661813.1129059573],[4369347.767842324,2662275.31898907],[4369758.352466818,2662868.137559841],[4370403.580684284,2663537.306454353],[4370858.432964143,2664578.0933505567],[4372622.845466226,2664554.7260930194],[4372628.851317086,2664461.678312311],[4375396.7533133505,2664168.204524042],[4376161.39077977,2663689.506094511],[4376171.840630581,2664821.8809823804],[4375706.59451117,2665196.443239308],[4375018.82920602,2666219.147944902],[4375101.07697094,2667016.83079316],[4375885.61265746,2668113.969051718],[4376351.938152682,2668428.35735175],[4376246.60906243,2670387.569453691],[4375974.577652468,2670387.416921721],[4375381.132464237,2669699.525238519],[4374905.987342916,2669389.73787455],[4374581.119182989,2671138.8358468325],[4375034.779888603,2671820.2705383794],[4375477.57003008,2673768.8643305073],[4375541.751621976,2674520.6269263467],[4375356.747359793,2675609.5650611734],[4375028.987162107,2676000.6977818916],[4374623.731851225,2676082.230661619],[4374596.046356285,2678566.416635605],[4375230.867887188,2678882.2693886263],[4375318.286081008,2679049.6866186075],[4375287.814686257,2679181.7507607155],[4375501.136363036,2679505.701492104],[4375816.808716387,2680663.1619330817],[4375575.039062627,2681260.5873748115],[4376286.883867677,2682980.2239054847],[4376438.175407392,2683877.410486758],[4376674.8007362615,2684264.970431686],[4376965.805098741,2684488.8105974467],[4378842.887738397,2685446.0469984645],[4379852.465982295,2685752.817776005],[4381669.318748923,2685522.238095603],[4382591.441758128,2685951.21637743],[4383750.05519257,2687036.0409110347],[4384403.4934640275,2688503.9510122365],[4384538.167151065,2688584.0454245694],[4384830.553439079,2688541.028318539],[4385096.64461746,2688809.575287286],[4386763.648842686,2689187.3039650875],[4387476.308421851,2689440.2959663277],[4388148.296618998,2689559.2438287297],[4389066.251435346,2689410.2468198147],[4390118.184233105,2688407.641106578],[4390768.857075573,2688304.576494802],[4391220.147928369,2688407.851227877],[4391658.818852592,2688614.7285702294],[4392388.215021516,2689263.9648701],[4393088.846180769,2689659.1426177337],[4395147.740892898,2689814.702426891],[4396406.2138199685,2690171.0110893445],[4397930.326670116,2690446.759604503],[4398180.586179736,2690422.7688758736],[4398809.395288822,2690086.049479266],[4399691.02533434,2689795.7963893097],[4401136.856539015,2690575.6762041184],[4401368.403686841,2690587.3112188056],[4402449.877024371,2690509.1911991523],[4402674.153626513,2690415.1789140664],[4404449.584721111,2690220.7261788137],[4405880.146201465,2689544.3142526266],[4406606.141226846,2688938.072114911],[4407835.518236649,2688429.0486714896],[4410615.1587649025,2687616.4198922934],[4412353.2540973155,2686688.1862678947],[4413255.068671878,2686496.9389389083],[4414188.531937943,2686404.0075433203],[4414986.577255127,2685773.9598965654],[4415865.546774742,2685547.500631322],[4417371.003555805,2684820.7999934577],[4417957.607757567,2684773.631106777],[4418583.650614828,2684589.2359775165],[4418261.807591996,2683709.6962731057],[4417779.802555962,2683076.686406664],[4417828.380633741,2682873.5514392206],[4417330.027267954,2682226.6775718085],[4417347.182360169,2681655.91327384],[4417157.65586283,2681220.2164064595],[4417049.667549852,2680414.648361669],[4417112.986328912,2679774.6541329343],[4417916.748853587,2679578.918775925],[4421365.73244057,2680592.619901827],[4423343.642606285,2680133.9047289053],[4424872.876132732,2679342.2857173914],[4426562.612224344,2679745.364684547],[4426879.644940446,2679885.475684204],[4426967.758370637,2680018.1877345806],[4427199.243260294,2679968.519362688],[4427718.882244991,2680023.2403414487],[4429265.820557187,2680472.7874876447],[4430277.370434896,2680658.963751738],[4430062.938399104,2680458.3966776077]]]}},{"type":"Feature","properties":{"flugjahr":"2019","gebiet":"Tirol"},"geometry":{"type":"Polygon","coordinates":[[[4391872.085754273,2705986.336302517],[4391289.519474617,2705431.662392172],[4391339.426305699,2704238.9346685475],[4391143.51310537,2704003.1801573355],[4391447.489985409,2702830.761538816],[4392320.4938049745,2702289.372477488],[4392574.469059045,2702040.125270519],[4392521.501844649,2701460.8273780365],[4392161.216167495,2700340.606331992],[4392173.123460193,2699468.1383476728],[4391898.033354432,2698824.274555637],[4392657.377897288,2697394.9422209766],[4392594.617946202,2696909.7976590428],[4392098.671327013,2696745.911976489],[4392021.799719346,2696264.377541659],[4391062.203337867,2696487.525526423],[4390253.658931771,2696118.6806223383],[4389950.95979699,2695422.5958683765],[4389424.44099614,2694729.7736206213],[4387150.457081512,2693787.3823159924],[4386277.571654824,2693592.7432626714],[4385385.4089090675,2693190.761227906],[4384649.767374608,2692634.3652702384],[4384183.135363208,2691945.270242985],[4384101.896455955,2691358.5683178767],[4384557.671789706,2690740.972721512],[4385449.553222429,2690511.2079017987],[4385824.957857478,2688976.970358907],[4385096.64461746,2688809.575287286],[4384830.553439079,2688541.028318539],[4384538.167151065,2688584.0454245694],[4384403.4934640275,2688503.9510122365],[4383750.05519257,2687036.0409110347],[4382591.441758128,2685951.21637743],[4381669.318748923,2685522.238095603],[4379852.465982295,2685752.817776005],[4378842.887738397,2685446.0469984645],[4376965.805098741,2684488.8105974467],[4376674.8007362615,2684264.970431686],[4376438.175407392,2683877.410486758],[4376286.883867677,2682980.2239054847],[4375575.039062627,2681260.5873748115],[4375811.800259574,2680711.708999254],[4375798.34977708,2680535.882119636],[4375501.136363036,2679505.701492104],[4375287.814686257,2679181.7507607155],[4375318.286081008,2679049.6866186075],[4375208.216212629,2678863.528856526],[4372573.185459203,2677549.0846490553],[4371605.114110927,2676908.9229431176],[4369937.129801845,2676101.447793679],[4369380.32285152,2675613.4244848425],[4369079.640431084,2675002.833191898],[4367828.671822269,2674486.0352357845],[4366403.959147298,2673729.279529464],[4365418.622582413,2673422.717304133],[4365198.6205806285,2672931.175057643],[4364436.338097433,2671730.0497716903],[4362095.574831498,2670575.756773201],[4361415.845131555,2670461.6002327157],[4360366.267002044,2670473.315203912],[4359578.36393103,2670117.1678435914],[4358913.179426827,2669927.741246768],[4358728.351324033,2669282.957568466],[4358279.719818798,2668426.4623067444],[4357564.388008007,2668393.3468514327],[4357105.38093131,2668724.174937562],[4355311.560403038,2669267.659036468],[4354627.977151851,2668957.773604011],[4353955.977642445,2669046.9722696673],[4353566.397807678,2669376.6410095883],[4353280.791738524,2669996.2859670394],[4352170.713933373,2671005.417492397],[4351616.684880692,2671049.3254969576],[4351437.688880375,2670970.50605172],[4349813.473805838,2671281.776459178],[4347785.931021837,2671077.258793509],[4347499.391897046,2670988.4256665045],[4346483.5595102385,2671005.3601612058],[4345084.572265863,2670454.154866435],[4344118.144972916,2670289.0963398027],[4343382.5075520575,2670256.2136467304],[4342116.584051369,2669800.717065495],[4340508.949298259,2668570.0083483863],[4339414.541343868,2668005.242938916],[4338482.210327351,2668047.5283587174],[4337715.57466693,2668189.5516168466],[4337322.850512688,2668482.9326838125],[4337930.653379191,2669310.895983433],[4338052.155903371,2671057.848474998],[4337979.985104271,2671210.6186593263],[4337712.801792328,2671403.499557263],[4337522.790502577,2671428.4685141738],[4337292.131385213,2671734.570587227],[4336976.677659115,2671886.458619182],[4336936.445830463,2672230.4856605553],[4337070.884661112,2672410.6247375202],[4337076.481361578,2672840.557093759],[4337228.687042975,2673040.1445496236],[4337223.323487395,2673185.0449640066],[4336785.553970755,2673534.672633295],[4336676.892660235,2673720.4266451304],[4336669.959579494,2674083.0070598037],[4336343.40796922,2674382.1204329017],[4336270.846471529,2674999.9518402126],[4336134.144056964,2675402.9435886918],[4336142.4384782445,2675518.98993594],[4336413.341558912,2675676.505594819],[4337318.937220619,2676704.806812958],[4337391.884809032,2676995.969936583],[4337305.612647191,2677438.7709394684],[4337400.725779557,2678184.856658444],[4337209.0603518,2678597.5971836327],[4337314.350229858,2679032.420656745],[4337154.202258191,2679205.86520229],[4337124.521067971,2679560.696411264],[4336873.521370685,2680018.9692826136],[4336626.689643478,2680141.9670605636],[4336316.139703562,2680154.0697090076],[4336184.322087851,2680354.4055898497],[4336435.559054603,2680553.650173659],[4336536.820549372,2680805.9255549833],[4336772.668187944,2681007.3816588214],[4337042.5571986465,2681420.2804886466],[4337580.2448751815,2681382.2763898727],[4338067.897208938,2681695.977408862],[4338135.5334928455,2681884.0752421077],[4337993.782579308,2682346.61545574],[4337702.8003531005,2682554.5357517847],[4337229.021416761,2682635.4058943763],[4336631.46297099,2682855.640609852],[4336003.725267424,2682877.301196823],[4335608.077488721,2683271.1833941536],[4335416.736118432,2683254.8508007964],[4335258.543203342,2683372.3467814834],[4334902.182659647,2683374.2408934897],[4334471.770062185,2683516.1577201695],[4334706.093788981,2684075.7147062635],[4334633.431945731,2684221.4746455257],[4335166.641028947,2684398.7220951775],[4335728.901915532,2684452.9375763177],[4335781.676969531,2684589.790194965],[4336237.628061576,2684883.234133151],[4336729.687157352,2684707.517888411],[4337857.329318806,2684767.5797375212],[4338576.904459892,2684209.549779618],[4338979.892457135,2684337.866331318],[4339299.264773291,2685001.6994684953],[4339342.053057229,2685036.0687765703],[4339512.4046340315,2685107.9934454593],[4339557.400109456,2685264.0210703667],[4339814.0485445745,2685146.4809054276],[4340274.398263409,2685345.247594577],[4340623.0830673035,2685393.5725831846],[4340765.666251226,2685702.9062099513],[4341119.68321773,2685822.3461088417],[4341100.903253229,2686139.0185105177],[4341627.632194308,2686092.891514821],[4341737.600913205,2686165.0447599567],[4342280.166562564,2686092.1305213277],[4342527.605040912,2686474.9259687737],[4343071.5180052845,2686833.9766970584],[4343173.526733965,2687238.7902150447],[4343357.56624775,2687459.0419184593],[4343788.933390062,2687323.4988124734],[4344812.017886699,2688192.406184847],[4344945.849308992,2688229.783216822],[4345527.017129909,2688103.2206834205],[4345592.265897648,2687922.680606634],[4345972.866284039,2688014.6965436097],[4346635.488326365,2688638.133980012],[4346745.928255277,2689061.910357885],[4347182.472032764,2689168.0199830425],[4347262.817867266,2689279.183810188],[4347311.85382785,2689381.420353801],[4347082.76924566,2689633.2152132625],[4347116.01477508,2689903.4753856296],[4347894.4279040005,2691109.0698320176],[4347949.350654845,2691584.473389835],[4348562.293581847,2692092.4057619125],[4348807.102555869,2692451.974368803],[4349015.200929474,2692529.393461776],[4349510.0305091785,2693322.695117195],[4349718.526188161,2693341.0051350696],[4350168.4842270585,2693759.226290349],[4350220.874222875,2694113.638970349],[4350107.080279176,2694306.0415937793],[4350131.532713755,2694460.195954722],[4350348.538635249,2694881.6375253396],[4350359.249587263,2695273.5841749674],[4350542.260487801,2695426.264379086],[4350688.215436184,2695774.831854077],[4350930.2269913545,2695995.530658445],[4351253.698536988,2696128.7400656175],[4351704.208069143,2696091.435813369],[4352223.526111526,2696246.608667103],[4352604.444584345,2696624.899373039],[4352704.404742,2696920.9144517593],[4353136.417794726,2696911.1052227365],[4353453.731120575,2696788.6862354698],[4353578.513197895,2696846.034505739],[4353850.758049206,2696608.4040531632],[4353378.731061102,2697607.1428874736],[4353475.370853067,2698209.720284217],[4353733.873156881,2698585.7366743432],[4353539.522855385,2698755.3530416153],[4353525.911210757,2698878.743414864],[4353986.235647518,2699350.204970116],[4353849.004206946,2699662.2219659504],[4353991.107409466,2700020.431179839],[4354108.179367158,2700139.801167949],[4354698.219831635,2700271.018488768],[4355377.008437659,2700738.4650235446],[4355391.764792178,2701218.416555927],[4355645.337296108,2701766.337952529],[4356532.255763977,2702186.1030101776],[4356827.177577583,2702149.0186511585],[4356872.289231919,2702201.100767051],[4356670.660794108,2702667.7879237668],[4356578.233849307,2703121.8980019167],[4356656.007932337,2703371.8532914333],[4356445.514786682,2703556.9576407755],[4356441.967340646,2703965.4774093237],[4356209.578943518,2704188.946164867],[4356106.921457852,2704475.2097455817],[4356280.053196665,2705126.087048319],[4356068.267838481,2705704.0371014094],[4356392.560736605,2706246.5117315464],[4356150.695100848,2706755.8373814193],[4356237.128091937,2707132.718702985],[4355927.540124348,2707506.048075508],[4355919.183909701,2707744.251064959],[4355484.556439235,2707723.783290663],[4355036.477694521,2708062.46758921],[4354543.996858363,2707867.737697343],[4354334.472310614,2707964.6394013804],[4354156.063346574,2708183.9863290954],[4354122.845212985,2708538.26889735],[4353938.563677505,2708695.6702654776],[4353465.451921609,2710110.0853716233],[4353743.540819537,2710419.9906487935],[4353828.164234797,2710778.8949280907],[4354158.116126643,2711218.6183627304],[4354270.993503008,2711778.683204892],[4354014.905552935,2712326.557485846],[4355140.357589836,2715802.6425871737],[4354970.875150818,2715727.8896813877],[4354862.092845468,2715831.8380008466],[4354479.40366716,2717118.736316001],[4353788.894185557,2717182.324218891],[4353700.569469066,2717377.8920653425],[4353569.342456413,2717396.857263685],[4353467.235777857,2717734.2914283094],[4353571.97947256,2717794.0275767664],[4353246.5783483535,2718317.271542968],[4353717.4717734745,2718535.632338696],[4353540.096944967,2718757.663056905],[4353703.022139954,2719020.964366094],[4353897.344302296,2719101.2956058662],[4354320.840072366,2719034.9719583313],[4354819.253828507,2719090.9524464677],[4354924.891807408,2719003.591459304],[4355307.220240668,2718938.5161468643],[4355549.627731715,2719041.2550850073],[4355765.703589326,2719272.4746889845],[4356347.644255857,2719441.2706469935],[4356591.298077761,2719405.4530007457],[4356599.783857328,2719171.166304113],[4357311.647173925,2719143.290218096],[4357094.940043769,2718638.8844409483],[4356629.268537788,2718480.2266188273],[4356474.041924952,2718506.4843829134],[4356671.043184926,2717479.8326919684],[4356460.089732529,2717448.1657957938],[4356201.392326078,2717175.8881193707],[4355927.582314444,2716731.2329251063],[4355454.696200118,2716212.701126583],[4355329.3722175835,2715885.6623840663],[4355703.94980273,2715600.1079635033],[4356598.957674807,2715435.197416034],[4357856.014015901,2714255.3723421493],[4360520.140393017,2713696.6998747746],[4361419.747093217,2713862.3407503953],[4363100.845734728,2713954.9805508987],[4363225.432166616,2713846.4517942527],[4363436.193982842,2713831.6041527605],[4363536.861521372,2713588.4391895253],[4364153.939660912,2713568.340087356],[4364774.475663897,2715111.1940903403],[4364809.813059531,2715326.619440249],[4364581.981962994,2715684.5210676175],[4364661.624570135,2715977.3842417467],[4365378.523219552,2716452.934684921],[4365637.269336059,2716882.5708498633],[4365818.054808954,2717008.503614924],[4365814.983554675,2717253.7600566363],[4366024.8372159,2717578.8680756954],[4366808.517419127,2717146.265200204],[4367167.394696267,2717116.327969246],[4367260.496512409,2717244.047060904],[4367633.815582271,2717268.5878646616],[4368180.241954642,2716829.125024875],[4368187.508126297,2716612.7050586054],[4368816.758229826,2716412.067338976],[4369333.642979021,2716458.970074443],[4370091.956320486,2716391.689676933],[4370726.339024498,2716469.556593674],[4371020.805311654,2716366.2209249437],[4371156.504042124,2716426.662292802],[4371957.069726564,2716436.4446721924],[4372099.08949555,2716133.3738083327],[4372469.842526501,2716181.22982312],[4373061.13593349,2716415.4197665206],[4373196.327919962,2716060.7713493137],[4373042.005311213,2715963.880898562],[4373365.759446725,2714861.1331983893],[4373741.984985577,2714739.815923617],[4374427.222151594,2714757.3831489435],[4374943.234608461,2714401.336234708],[4375150.7838733215,2714154.6796193076],[4375565.968978208,2714096.8868904943],[4376018.6755585065,2714243.283947658],[4376359.643139163,2714132.1736840373],[4376589.512818201,2714232.9083895935],[4376834.136676839,2714213.0029824423],[4377030.241468491,2714101.4761774796],[4377601.8211747585,2714074.337219894],[4377857.20410307,2713848.2065645005],[4378189.4399138,2713754.691553603],[4378609.333799315,2713063.5114356778],[4378666.713739398,2712646.232491396],[4378491.895529668,2712425.662842639],[4378601.278187417,2712110.139519436],[4379249.086412171,2711693.822044369],[4379539.613493174,2711692.893951151],[4379624.204524432,2711530.6009524716],[4380004.288292629,2711876.5051301364],[4380203.040820725,2711938.9540087585],[4380299.74824865,2711840.776762921],[4380928.323947678,2712322.8159762677],[4381189.473170395,2712216.2574037113],[4381392.105987092,2712267.917688761],[4381615.1228491645,2712207.6978184665],[4381796.9573322525,2712276.708652234],[4382022.232247741,2712174.5716991867],[4382154.616807808,2712215.646375511],[4382073.59444549,2712663.1812621327],[4382255.873242205,2712918.102807369],[4382697.642265937,2712905.999744647],[4383398.388649031,2713160.198688874],[4383892.99872102,2713123.432558485],[4384177.589825244,2712888.158741282],[4384273.431468098,2713085.7389282603],[4384506.160212752,2713102.980032864],[4384773.900285018,2713345.3316325857],[4384907.2288681455,2713369.796610763],[4385229.270728297,2713702.5950399083],[4385292.215638415,2713867.913464209],[4385961.84231301,2713808.274706025],[4386238.863167841,2713888.3152658227],[4386310.527280038,2714002.6115225498],[4388090.593163931,2714195.3113400578],[4388311.871822018,2713390.414319723],[4388571.2439104505,2713114.6624310017],[4388935.3767319685,2712384.1845516674],[4389131.25505919,2712258.639167158],[4389256.453093943,2712007.616604837],[4390043.991329347,2712222.1754487264],[4390277.453125416,2711971.8419213886],[4390186.326629776,2711727.189735147],[4390239.604233563,2711528.0138908606],[4389267.815613507,2711180.601865674],[4389154.75711391,2711054.7236044747],[4388687.18793828,2710865.898431791],[4388182.019880106,2710793.029072518],[4387819.558404464,2710536.4914809274],[4387142.891214433,2710295.8001621435],[4386790.53259353,2709993.1896286597],[4386653.237317527,2709793.1742461687],[4386757.759161534,2709565.0284141568],[4386786.494869952,2709190.4622073807],[4386621.398219407,2708647.076358269],[4386662.035923789,2708146.098006604],[4386979.710538172,2707853.3648119816],[4387486.811261084,2707739.7133010114],[4387722.586268986,2707752.711031083],[4387895.940585731,2707916.8452375876],[4388259.239518446,2707952.8815750848],[4388553.335775589,2708206.376299402],[4388876.242785684,2708223.1770588327],[4389608.790115855,2708464.289767858],[4390799.386038028,2708144.6170966644],[4391488.853977606,2708170.010536524],[4391828.039114498,2707802.863232428],[4391065.9428575635,2706923.263744469],[4391872.085754273,2705986.336302517]],[[4339368.086883674,2685043.35438795],[4339368.08543724,2685043.3575804927],[4339368.035135461,2685043.326217238],[4339368.086883674,2685043.35438795]]]}},{"type":"Feature","properties":{"flugjahr":"2021","gebiet":"Ober\u00f6sterreich"},"geometry":{"type":"Polygon","coordinates":[[[4584893.356132739,2767499.8947024737],[4609892.525562806,2768659.459113989],[4610868.395870846,2746647.6343811783],[4579441.904493139,2745211.3895651647],[4579532.267365674,2745704.101470592],[4580354.2055140035,2746415.6430207216],[4580857.77739449,2747296.4024383496],[4581120.968116051,2747254.774621296],[4581336.071257102,2747122.4188183597],[4581333.561115303,2747042.7596649965],[4581606.152228899,2746912.5017958474],[4582007.648856735,2746891.130830933],[4582145.516726638,2746807.3138659215],[4582314.132116123,2746878.4745447696],[4582890.286650078,2746653.9012600696],[4583136.54391244,2746530.4734040336],[4583270.392746614,2746332.9212234253],[4583713.113525258,2746125.339717025],[4584195.268801768,2746080.1336702886],[4584474.187301634,2745874.141507852],[4586207.637982888,2746465.9362870236],[4586310.477185481,2747099.95891837],[4586446.173907221,2747270.7010330316],[4586223.220376937,2747821.4295360264],[4586007.928374362,2748015.2964760475],[4585778.925563617,2748487.2061502854],[4585597.732296362,2748657.1035491135],[4585633.870103912,2749111.005558428],[4584962.8608813975,2749181.660404861],[4584437.880237644,2748993.768995824],[4583934.071363322,2749053.002692275],[4583744.128515852,2748680.685372803],[4583712.213226998,2748290.0110754487],[4583276.460307185,2748156.2109557767],[4583166.96127378,2748357.8755026604],[4582875.9246731615,2748463.274251054],[4582496.208589722,2748170.9348747754],[4582297.874737287,2748354.5792105175],[4582237.842186233,2749196.8710934743],[4582120.656349103,2749231.5885361233],[4582151.82164119,2749365.5819133124],[4581943.593447651,2749478.222328791],[4581795.2887180485,2749480.5070597506],[4581599.958562766,2749345.0805683048],[4581431.984729247,2749464.5584978904],[4580776.7733001,2749665.0802669777],[4579909.825670302,2749510.793213693],[4579553.988469241,2749644.3005365673],[4579235.398476453,2749442.7896059486],[4578846.738110819,2749400.203605829],[4578341.836438641,2749131.235150125],[4578355.996509295,2749196.4121619035],[4577541.644307393,2749190.112210671],[4577371.059679515,2748992.7930976716],[4576678.653556095,2748888.452034759],[4576372.280367587,2748875.6020068545],[4576035.565995445,2748949.429721347],[4576007.418774868,2749031.7060084403],[4575458.356260459,2748776.24197855],[4575490.5319716185,2748727.666199447],[4575337.400442497,2748725.750824957],[4575375.719893984,2748582.8970344374],[4575054.316047731,2748387.7997516715],[4575039.406176929,2748510.693572038],[4574668.5567036,2748689.0616001333],[4573977.549623917,2748883.480056658],[4573525.556873133,2749108.2051513237],[4573286.075499927,2749453.5944467755],[4572182.73978006,2749882.575764952],[4572102.133276661,2750110.5664918986],[4571813.440299456,2750436.708906566],[4571567.629714044,2750265.014309601],[4571232.17039448,2750219.343664993],[4571051.884107611,2750277.238554576],[4570375.18837718,2750146.134857801],[4569864.324358913,2750195.121105942],[4569262.190598505,2750098.898941476],[4569166.889059796,2750730.474096899],[4569032.691084231,2751004.5826562275],[4568899.935363776,2751074.634131184],[4568650.408780717,2751055.8644166184],[4567694.073443994,2751386.387655894],[4567559.719900478,2751367.315230564],[4567565.685930894,2751676.2652482474],[4567293.617848481,2751851.598392061],[4567312.9980516825,2752197.1748430957],[4567452.737570762,2752218.986803703],[4567380.608590312,2753303.3682954917],[4567113.093921235,2753340.830269915],[4567335.450544659,2753442.4108118443],[4567615.513049264,2753769.220450946],[4567564.310784724,2754251.182487199],[4567448.793867841,2754407.561143597],[4567309.511661246,2754443.80014434],[4567896.972555799,2754463.3032428473],[4567856.416648238,2754828.180137757],[4567627.650757361,2755340.1573230373],[4567783.007692356,2755530.7697867183],[4567302.914270489,2755962.3823453854],[4567276.521804814,2756209.837936695],[4566997.890666384,2756443.414444385],[4567031.278596601,2756560.989628417],[4566657.654437828,2756757.260293428],[4566441.434852726,2757017.6668103063],[4566259.625676932,2757076.0037319153],[4566349.941866994,2757504.8361853748],[4566302.956405231,2757696.8343106587],[4565902.727565666,2758088.5250757537],[4565817.665990593,2758417.888666164],[4565990.723166467,2758615.813976649],[4566254.9717566,2758584.2123056566],[4566534.869751075,2758857.501320579],[4566594.250888757,2759169.8698995546],[4566512.865703056,2759643.490120982],[4566562.4657114595,2760075.9817332993],[4566420.359528967,2760222.1600610735],[4566596.8054979285,2760536.7864436456],[4566542.999004905,2760838.5270565324],[4566625.973125543,2761103.91491995],[4566282.188987885,2761715.248439179],[4566513.095713432,2761804.2161427154],[4566598.025279523,2762002.1604975997],[4566528.557834371,2762329.715589018],[4566707.117900726,2762459.346728985],[4566753.198791218,2762618.518916576],[4566463.435665694,2763664.5100155203],[4585025.311055281,2764503.9392233044],[4584893.356132739,2767499.8947024737]]]}},{"type":"Feature","properties":{"flugjahr":"2015","gebiet":"K\u00e4rnten"},"geometry":{"type":"Polygon","coordinates":[[[4678428.269900177,2632702.1702218615],[4678864.608263977,2622719.705663995],[4661374.8222926445,2621915.883158569],[4661583.318973565,2616928.296445772],[4654093.4858757425,2616581.1572275856],[4654419.694974059,2609094.4937900426],[4646922.192274981,2608751.593396098],[4646596.279909179,2616238.212826536],[4611606.733058752,2614645.5022802493],[4611172.825386974,2624627.760985838],[4631166.6897770725,2625536.4225925156],[4630731.835559009,2635519.219236651],[4640728.001547116,2635975.014576383],[4640945.669168704,2630983.5835866584],[4650941.519993564,2631440.483614035],[4650505.746614778,2641423.4318635724],[4655503.424566405,2641652.239841005],[4655285.28984998,2646643.8189672143],[4660282.7223601425,2646872.910619106],[4660500.977878905,2641881.3142711474],[4665498.400836483,2642110.626418955],[4665934.301719289,2632135.636020826],[4678428.269900177,2632702.1702218615]]]}},{"type":"Feature","properties":{"flugjahr":"2022","gebiet":"Tirol"},"geometry":{"type":"Polygon","coordinates":[[[4500565.15570417,2651802.3134424016],[4509369.059462927,2650585.8407081887],[4506197.935948081,2650354.753419364],[4504568.406610448,2649790.394705131],[4503778.927559966,2649896.199145288],[4503186.965248014,2649196.5300865807],[4502137.4257406825,2648824.2058860837],[4501126.201598399,2648871.9429857517],[4500502.801201519,2649335.265268893],[4499790.750270166,2649371.343537734],[4499189.437797839,2650598.5879716193],[4497670.3003289765,2651454.1598638752],[4496854.20822219,2651449.805592148],[4496328.288897717,2651109.0181381023],[4497469.420039907,2650460.944511132],[4498013.491369405,2649814.179443542],[4498221.427218968,2649062.8824856933],[4497913.394051544,2648723.4545948156],[4492651.090954804,2648069.81256263],[4491325.757533791,2648433.096927016],[4491068.545473126,2650040.4367079968],[4489840.734552857,2651467.9459549263],[4488333.423977386,2652618.5081187543],[4487492.872226075,2653057.6397351534],[4486997.333464227,2653485.591490148],[4489673.649561397,2653272.352409094],[4490309.144287578,2653040.0589906443],[4494743.440935777,2652577.6854730323],[4495988.850497536,2652313.1367488224],[4497272.49226376,2652242.917063717],[4499136.270182869,2651995.178615292],[4500136.365855724,2651961.139891917],[4500565.15570417,2651802.3134424016]]]}},{"type":"Feature","properties":{"flugjahr":"2022","gebiet":"Tirol"},"geometry":{"type":"Polygon","coordinates":[[[4506194.099854149,2653418.1439972236],[4507983.513599893,2654253.664727512],[4508619.203608369,2653630.4131549476],[4510596.242573171,2653868.094292959],[4511458.235299229,2653287.5214843242],[4512287.210278813,2653551.7949625286],[4512722.689243425,2653526.632730925],[4513418.013654528,2653722.6758556752],[4513737.406436429,2652451.6925727567],[4512819.532881777,2652451.4927829225],[4511347.296142471,2652788.3756866762],[4509714.912047498,2652906.4309129594],[4509308.1727387905,2653057.7347576553],[4507385.776551936,2653324.398211882],[4506189.340495493,2653350.703622425],[4505096.9477939205,2653606.565459586],[4504364.46503881,2653569.195012226],[4505429.56580034,2654571.777963862],[4505685.952344013,2653727.0169715267],[4506194.099854149,2653418.1439972236]]]}},{"type":"Feature","properties":{"flugjahr":"2023","gebiet":"Tirol"},"geometry":{"type":"Polygon","coordinates":[[[4518664.628899204,2671057.1198428385],[4518886.235604664,2668506.8715750882],[4519162.888399171,2666527.7976653785],[4519483.902811989,2662669.162466235],[4519447.567000968,2662101.2303912225],[4519587.741305997,2661129.651393652],[4519594.242863989,2658845.7745296396],[4519349.724913697,2658537.6492273235],[4519087.251557133,2657641.0578455194],[4518491.475377919,2657475.44196673],[4518153.457553982,2659709.304926958],[4517028.942158076,2660514.218530562],[4515434.509199109,2660216.618150425],[4515121.330051617,2663223.9709609225],[4515180.20294565,2663700.2624836457],[4515328.752319096,2664064.1085889065],[4515342.654705396,2664538.404426297],[4514996.694653846,2665488.9000988966],[4514882.645702062,2666224.783745367],[4515077.712184188,2666921.500612788],[4514886.651399545,2667571.228132147],[4512053.887910125,2669724.0101897963],[4512094.9171845,2670755.701573143],[4511635.261814113,2671611.4798999904],[4509741.0917990515,2672615.0020315927],[4508382.138767964,2672086.9193832087],[4505010.658634114,2671377.33517953],[4504701.725297803,2670919.9783792086],[4504782.890312534,2670190.300593677],[4506204.683924578,2669995.753946563],[4507295.170674106,2670158.3883048934],[4508367.796258889,2670842.849820326],[4509309.351218197,2670561.8349744407],[4509798.892799996,2669593.418400496],[4510474.957885285,2669050.007548669],[4510755.140930194,2667875.4500256367],[4511872.38534161,2666694.6810967596],[4511951.387956226,2665480.203743468],[4511561.282512805,2663975.114627015],[4511194.141556914,2663741.85071229],[4510716.684961013,2664353.587404564],[4510182.925243318,2664474.0974475555],[4509583.548177779,2664252.0420315964],[4509157.933930024,2663543.503411145],[4511353.978656472,2660593.955745121],[4511204.626803974,2659814.93809035],[4509917.838259503,2660005.9993029106],[4506860.879970031,2659607.6475384035],[4502336.602885606,2660485.4093594654],[4500267.260993519,2660183.683559991],[4499191.1758729415,2660255.5075265123],[4498456.429226649,2660201.0811524554],[4497700.111963128,2660040.559269189],[4496871.981994476,2660772.6537523805],[4496281.243091125,2660172.9663174814],[4496550.222179225,2658414.219125761],[4495622.688596282,2658130.153268602],[4495381.775661194,2657449.64169263],[4495839.073183885,2656918.2142340112],[4496661.502682153,2656812.6611635806],[4496834.653357311,2656903.158320168],[4498086.3970682705,2656927.3296985184],[4498869.530929478,2656763.0362428175],[4501029.147988234,2656587.7578412946],[4503482.5579859335,2656280.5449637324],[4503764.448376051,2655923.009908788],[4503242.398213291,2654845.3712375103],[4501841.381336621,2655226.898444234],[4495521.845699639,2656022.704513571],[4492623.516785217,2656489.872268877],[4491440.264125239,2656529.981101642],[4490841.2208699705,2655423.8352229046],[4492293.913562636,2655328.2229973306],[4492969.746418294,2655143.7700595045],[4495808.9892273,2654848.645444691],[4497032.360580999,2654597.153990873],[4497640.282588116,2654604.2098736893],[4499198.675077279,2654327.8979077972],[4500830.278943447,2654289.039609402],[4501430.555585382,2654105.266193008],[4502804.893256166,2653855.986259347],[4502351.690443586,2652656.394690199],[4502604.603601967,2652323.608164957],[4504364.46503881,2653569.195012226],[4505096.9477939205,2653606.565459586],[4506189.340495493,2653350.703622425],[4507385.776551936,2653324.398211882],[4509308.1727387905,2653057.7347576553],[4509714.912047498,2652906.4309129594],[4511347.296142471,2652788.3756866762],[4512819.532881777,2652451.4927829225],[4513737.406436429,2652451.6925727567],[4514203.4362015985,2650597.1607319894],[4511949.062945294,2650204.12916433],[4500565.15570417,2651802.3134424016],[4500136.365855724,2651961.139891917],[4499136.270182869,2651995.178615292],[4497272.49226376,2652242.917063717],[4495988.850497536,2652313.1367488224],[4494743.440935777,2652577.6854730323],[4490309.144287578,2653040.0589906443],[4489673.649561397,2653272.352409094],[4486997.333464227,2653485.591490148],[4486365.904500875,2653378.3533162735],[4487352.201206518,2652019.5469301874],[4488914.713902861,2650818.5022077085],[4489817.8075601235,2649898.4549259413],[4489706.928039934,2648344.06371501],[4491074.061723655,2646699.9492691895],[4488979.995380903,2644886.473257523],[4488503.085854866,2644669.5232857163],[4488689.544754176,2644984.8901623925],[4488519.291200904,2645282.240790081],[4488284.028434861,2645449.070462629],[4488283.623420455,2645756.6267651543],[4488032.357439489,2645688.7916334663],[4487961.159641319,2646044.6554836435],[4487682.486572214,2646058.975968682],[4487247.771462394,2646228.159546614],[4486947.199014962,2646082.572040596],[4486416.201614702,2646432.578039745],[4485918.083877034,2646080.45258658],[4485792.858426922,2646067.221472726],[4485630.395016806,2646308.3731209994],[4484388.53939585,2646811.7687486447],[4484549.147923381,2647047.4099737364],[4484866.285824816,2647107.8903052895],[4485063.8203985,2647255.714324063],[4485665.034088946,2648657.1835065624],[4486126.712775563,2649043.9096940113],[4486202.188352532,2649498.0313334437],[4485355.253526684,2650933.8302073665],[4485099.4902482005,2650951.440312338],[4484863.047428921,2651158.1662481357],[4484588.451149301,2651173.2467417233],[4484222.880893504,2651426.0054258388],[4483828.859686736,2651526.8589789215],[4483634.3861244945,2651935.338266642],[4483290.142282994,2652269.5386578417],[4483282.604937834,2652442.083527107],[4483670.954184683,2652572.7771929186],[4483570.050008517,2653362.1837122412],[4483675.448064243,2653497.5352788647],[4483593.652007188,2653657.119476244],[4483743.099200886,2654372.8386030467],[4483714.447968171,2654453.2503597494],[4483379.590126057,2654454.4096070835],[4483284.654538043,2654632.2428317135],[4483002.43565701,2654667.682592434],[4482918.8135605985,2654757.193577687],[4483091.305668524,2655094.4549939837],[4482977.402390772,2655532.7849272843],[4483108.970088016,2655626.650666764],[4482763.2578597665,2656036.40540621],[4482801.427322419,2656361.3621130027],[4482372.5831927,2657036.8927618912],[4482627.8762006285,2657711.522866371],[4482866.201911515,2657973.1830437738],[4483026.952933562,2658039.5502987825],[4483123.035569301,2658207.077339714],[4483739.844004287,2658531.1928078127],[4483912.781074353,2658900.9002608573],[4484344.534000544,2659232.2915802007],[4484834.659593236,2659126.6553439996],[4485680.944106529,2658610.026347486],[4486164.980712595,2659069.661595387],[4486362.767656516,2659160.3187406166],[4486616.988795248,2659140.651448176],[4486842.467861398,2659372.583293913],[4486970.040824552,2659319.5182913668],[4487484.251113991,2659395.5787300896],[4487864.529072636,2659551.7869005874],[4488432.340785633,2659621.188335812],[4488677.163214101,2659573.527962128],[4488674.8857560875,2659706.869211851],[4489012.222564278,2660225.7851199964],[4488988.092494977,2660431.0450331736],[4489177.499114117,2660716.16707282],[4489241.282379361,2660982.462712055],[4489205.196105312,2661262.065575078],[4489506.005694759,2661611.964840779],[4489537.117779679,2662216.7470219266],[4489416.616537942,2662436.1123026707],[4489390.088234362,2662703.799640049],[4489474.692671795,2663126.0599891944],[4490205.120978137,2663395.8464384135],[4490698.271248126,2663816.8020206373],[4491001.927833629,2663912.06598428],[4491174.191822478,2664165.019969447],[4491273.807932164,2664096.1122729504],[4492990.37246081,2664575.621811699],[4494616.628747149,2666818.371408754],[4496566.230467693,2666936.2170379334],[4496693.316455786,2667875.9578721887],[4496835.5397680495,2668072.778203974],[4497690.172461534,2668564.6806839146],[4499240.741061391,2668830.411967958],[4500304.941857283,2669779.7142216447],[4500567.563099239,2672491.2256229036],[4503038.993414373,2673727.535060554],[4504018.195516652,2672788.825747572],[4504513.767931334,2672643.787318271],[4505127.460787931,2672870.0577833313],[4505488.079397963,2673400.6598403375],[4505761.071618869,2673572.8108317284],[4506972.750817648,2672885.9616642836],[4508200.772244183,2673012.52872237],[4509508.673913503,2673906.810341013],[4509603.21982327,2674498.125526401],[4510030.503934077,2674403.574604644],[4510518.094873987,2674419.734357931],[4511575.053560846,2673929.1407509036],[4512234.525864413,2673850.445158366],[4512496.206045408,2673417.4925426594],[4512702.286159228,2672488.4757740656],[4514126.267624786,2671492.1028554356],[4514882.729854265,2671336.7080394262],[4515471.037371403,2672090.536083711],[4515817.944585653,2672313.5242199916],[4516725.464366027,2671896.8049500296],[4517317.003141566,2671929.6310522812],[4517699.331468274,2671128.4847260546],[4518165.280914534,2671228.240569991],[4518664.628899204,2671057.1198428385]]]}},{"type":"Feature","properties":{"flugjahr":"2021","gebiet":"Tirol"},"geometry":{"type":"Polygon","coordinates":[[[4435544.891404123,2655911.082152933],[4435596.422933899,2656565.4551953203],[4435127.6375643425,2657843.804157377],[4434974.459852184,2657977.827525928],[4434432.815186771,2658188.5235637054],[4433845.97775122,2658750.446677581],[4433818.091344529,2659421.6013314417],[4433944.181048293,2660167.340074158],[4434254.593003388,2660491.5806603897],[4434187.773768858,2661310.0220432715],[4434104.593677684,2661342.2051198697],[4433962.872629012,2662176.297651823],[4434073.361373082,2662661.498945023],[4434050.910514264,2662988.6685039643],[4433867.654178505,2663435.000645217],[4433807.906636877,2663910.4504067395],[4433669.440685193,2664018.4048164105],[4433500.087230543,2664779.8911328823],[4433331.458604264,2664964.052531465],[4432997.041249875,2666021.0961719495],[4432403.600189924,2667105.871192705],[4432537.521381896,2667148.0345395426],[4432399.044717274,2667691.6622811942],[4432243.648287936,2667833.6840872844],[4431905.424445171,2668616.4867179124],[4431801.875645206,2669051.831506936],[4431967.262379521,2669895.8094431427],[4432349.561140206,2670677.6126023945],[4432285.090662523,2670806.6522487365],[4432274.331689392,2671399.6013331404],[4432008.03725411,2671762.5724602276],[4430768.304465554,2675093.6294136313],[4430791.876142131,2675208.6196343573],[4430453.197267619,2675807.684284893],[4430462.157165673,2676027.9841175284],[4430281.640650255,2676188.6565894643],[4429332.6492106905,2676559.8313552374],[4428784.442605942,2677655.740225778],[4428476.6185593605,2678573.1870894805],[4428498.958820585,2679003.0773870707],[4428696.545106291,2679548.724375255],[4429436.305868963,2680287.648603163],[4430062.8992553465,2680458.378883876],[4430330.901650661,2680693.3157067024],[4431017.089207325,2680901.2291883244],[4431313.626006253,2681105.7681599986],[4435290.600662066,2682695.249277433],[4437046.224875275,2683202.258133907],[4440426.97025857,2683836.871768341],[4443948.104705265,2684719.722648792],[4444607.399767999,2684961.9007601994],[4444737.925065093,2685089.4705396225],[4447672.704296033,2686467.0557571426],[4447921.51519831,2686436.352227263],[4448399.168602855,2686656.6343802325],[4448808.836499599,2687195.668361472],[4451996.902900689,2689787.6515833028],[4452278.043064347,2690689.8586905934],[4453063.358621206,2692563.5047249924],[4454394.567851015,2695210.913650102],[4456610.25369469,2697596.609395537],[4458468.509933988,2698824.124889192],[4459139.390164269,2699041.4216455733],[4459185.445656109,2699315.094515744],[4461345.616101614,2700703.8989363327],[4465035.876593166,2702362.065650933],[4465096.644200595,2702499.6980107324],[4466135.882457896,2703338.4844071013],[4466421.207954524,2703868.194325753],[4468165.350334565,2705747.498367363],[4469752.839457877,2706973.129357542],[4470144.543881053,2707175.673442026],[4472339.237326009,2707885.6321981237],[4472447.846001858,2707731.8729668083],[4472876.394894996,2707841.76375484],[4473686.762379337,2708233.5370963053],[4476800.9934639335,2708855.3881154265],[4478088.07478036,2709778.5460246787],[4478790.991427335,2709597.109022089],[4479415.038155721,2709047.012785422],[4480701.074100123,2707139.9031752506],[4480768.401307052,2704718.400098333],[4480555.509516346,2704263.9204927697],[4480234.132304654,2703894.4336915296],[4479835.5750652235,2703833.7724231407],[4479191.822920139,2703874.7897172547],[4478861.577627068,2703428.2187162773],[4478631.014037289,2702658.1445000125],[4478589.035918476,2702194.9841117524],[4478687.073763523,2701858.4758857554],[4478990.450811925,2701430.290282763],[4479668.916324714,2701250.4008960454],[4480534.181390234,2701539.2635212466],[4480851.268477846,2701461.8412240804],[4480993.666304136,2701078.024265858],[4481108.727992873,2700188.3624148755],[4480956.373913066,2697856.3272082824],[4480695.094688278,2696821.240272559],[4481335.512768601,2696242.4856132576],[4482215.526274125,2696326.0659107654],[4482651.89832016,2696941.886421355],[4483082.299013583,2699210.772434033],[4483000.957123439,2701706.1357915867],[4483727.649624964,2702249.853956416],[4484561.79266977,2702420.5705673588],[4486008.624609539,2700865.9851582954],[4486900.439577554,2698926.458323528],[4487634.126537073,2697675.4647904937],[4488136.328290152,2696593.9065934573],[4488908.049228665,2694505.8539919946],[4487811.095999562,2694719.5292268735],[4487842.077809234,2694493.2264574226],[4487671.60006148,2693128.255805267],[4487339.964681263,2691571.8844761574],[4487268.300154016,2689971.8714453555],[4487162.03278175,2689911.331376752],[4486827.1122921845,2690186.071244669],[4486451.95512364,2690095.4539997466],[4486054.510843393,2690206.893528373],[4485934.3193967575,2690080.0513949543],[4485145.759133532,2690295.7103255754],[4484542.759482586,2690054.987131218],[4484622.119055977,2689783.949577464],[4484348.337188077,2689653.810787269],[4483976.628706512,2689610.8561408953],[4484049.576809088,2689337.5352890873],[4483938.484347881,2689174.0916277873],[4483501.463756269,2688951.220588464],[4483200.010704725,2688673.839336722],[4482966.340279966,2688808.0267079202],[4482896.525348729,2689101.488816172],[4482411.230410862,2689356.575725536],[4482049.976533684,2689892.2013533544],[4481804.364244748,2690105.38178584],[4481458.989687948,2690217.1348292744],[4481000.057386324,2690649.4185430612],[4480293.56045999,2689954.565698896],[4480180.220996651,2689635.0032877796],[4480028.963980428,2689577.8036606023],[4479952.5782524,2689075.8461377984],[4479800.6536978,2689022.61865671],[4479495.434891889,2688659.064190156],[4479351.686635696,2688140.127294979],[4478760.121390912,2687901.4397869306],[4478748.150728601,2687796.395198667],[4478405.053823358,2687578.699871354],[4478392.565846465,2687381.6201917306],[4478163.21008221,2686850.412808529],[4478188.228177464,2686538.975631539],[4477978.727989919,2686219.6790028317],[4478127.749637042,2685843.2103508282],[4478329.382044017,2685812.6114379913],[4478715.879813705,2685572.1488017933],[4479252.729966683,2684982.2750895796],[4480032.344845424,2684787.6787263243],[4480115.328421922,2684178.7524360167],[4480332.354661632,2684070.3224404734],[4480730.408901763,2683216.786255846],[4480433.748439497,2683059.6580072246],[4480341.22930621,2682906.5499570994],[4480382.394048785,2682834.8586809626],[4480111.403512568,2682709.371727096],[4479837.549371914,2681933.178835824],[4479803.543267386,2681562.134304393],[4479620.393302914,2681374.028245683],[4479632.711854271,2681170.54967383],[4479470.905379471,2680813.3682530094],[4479272.650642041,2680534.586587022],[4478886.195167449,2680288.498541066],[4479012.480421703,2679928.0349629093],[4479036.800374286,2679528.5653139],[4479178.217689011,2679281.2836826965],[4479042.897507823,2679075.786494666],[4478945.81125254,2678611.9512673626],[4479060.068462799,2678558.000812431],[4479037.442516811,2678473.483787882],[4478655.832458287,2677907.5779008623],[4478671.641250173,2677554.244188816],[4478828.023638703,2677273.6263500326],[4478804.600074421,2676889.5603966187],[4478963.361381097,2676554.045890118],[4479175.676121389,2676346.40645134],[4479141.988915084,2676233.91057485],[4479267.520464702,2675890.9290922647],[4479044.191980213,2675740.056427966],[4479131.069970712,2675618.8848382263],[4479027.00626043,2675234.759042331],[4479142.003860222,2674891.806774105],[4479492.9477770245,2674743.784661278],[4479599.664559927,2674418.46435347],[4479709.031056617,2673036.161023945],[4479642.4534226535,2672537.6751253908],[4479848.953281279,2672255.7615685454],[4481120.791823709,2671634.3440411757],[4481244.450264906,2670952.7306746677],[4481324.254455622,2670879.245334196],[4481279.958392624,2670178.7201422937],[4481390.746093772,2669748.068137075],[4481902.118653663,2669203.0850101616],[4482038.114543333,2668942.063113478],[4482221.005077524,2668824.1238226816],[4482415.676221421,2668480.1830834523],[4482538.75349495,2668043.073286729],[4482456.430923343,2667966.432988099],[4482248.257796759,2666608.123743539],[4482542.226839552,2666203.0575707303],[4482628.2165271295,2666183.3504314334],[4483064.773788851,2665341.545072046],[4483239.0538927475,2665144.7199771185],[4483316.589624084,2665153.618626266],[4483193.938668765,2664955.8035011203],[4482911.384316641,2664983.749104208],[4482044.877523039,2664438.690535306],[4481101.96216978,2664894.1576033863],[4480777.200865388,2664963.57102348],[4480410.082276548,2664912.0593579984],[4480045.931695812,2664717.459507321],[4480052.503716662,2664476.3959224788],[4479685.953448355,2664106.4462014353],[4479271.987857147,2663906.7612846037],[4479129.295096853,2663657.0473805033],[4478903.099468054,2662762.659074994],[4478562.728868144,2662872.41066292],[4477808.009536505,2662782.866793823],[4477568.186559925,2662678.7571041044],[4477289.821318508,2662960.74087425],[4477067.5091109695,2662929.8720919075],[4476914.465046666,2663025.138456907],[4476739.625201543,2662931.2857127455],[4476403.382782813,2662969.9055577875],[4476104.441743467,2662845.4068156164],[4475747.040441597,2662560.2309653386],[4475567.805363068,2662233.367688476],[4475465.216258356,2661754.0106348875],[4474718.778833678,2661352.0345430314],[4474280.780207362,2661318.22710405],[4472702.095517958,2661548.523676555],[4472455.476502697,2661500.8433262147],[4472024.451895684,2661250.815216068],[4471517.682669843,2661571.954738591],[4471111.777310723,2661269.6375829526],[4470731.757476245,2660499.8907364444],[4470236.4004087,2660466.5786626744],[4469906.092257851,2660750.364849574],[4469773.920440264,2660754.633709987],[4469398.605722064,2660174.379427725],[4469324.036954808,2659874.0623761746],[4469135.841356554,2659673.606781666],[4468982.017778384,2659695.857581881],[4468764.695930548,2659908.5525410566],[4468499.341622109,2660030.4785943804],[4468025.721238222,2660092.596776025],[4467547.737830561,2659788.9844796816],[4466819.377125302,2659572.7228582427],[4466665.46252396,2659084.6715914896],[4466285.810519007,2658943.130222663],[4465231.50188366,2658129.5003181715],[4465037.208965523,2657666.2842217404],[4464074.540621322,2657617.3437345894],[4463942.356326965,2657484.26113453],[4463835.143204831,2657121.3001129003],[4463621.077014664,2656926.245002524],[4463272.57635113,2657111.3588469145],[4463176.020907095,2657089.9422966563],[4462943.113409578,2656849.792226594],[4462598.764768535,2656671.8015872217],[4462020.847292529,2655790.4060885767],[4461459.204357687,2655921.1850095987],[4461190.005068533,2655686.5373237357],[4460804.316226199,2654966.2952512177],[4460436.553698473,2654878.5932870572],[4460126.093044016,2654961.504863327],[4459199.73935455,2654575.0625954387],[4458750.856433364,2654596.690261753],[4458320.227866879,2654749.0997251812],[4458116.33104058,2654653.896100813],[4457848.652810503,2654694.369162687],[4457221.114631762,2654550.97197498],[4456665.914042123,2654775.1168903024],[4456601.5095792385,2654411.490012659],[4456364.336189088,2654325.8818726577],[4455962.305658116,2653913.828493907],[4455627.171103772,2653282.6039295853],[4455484.980893557,2652676.5515279206],[4455349.549491081,2652568.052094689],[4454885.759614613,2652568.2780734855],[4454454.791632284,2652436.059141812],[4454373.948689301,2652277.406006366],[4454063.158635331,2652114.9556781817],[4453373.860849529,2652265.597800195],[4453177.8612236185,2652416.4249612577],[4452540.17664517,2652475.9747565067],[4452238.095392198,2653334.892475046],[4451776.104531969,2653744.0715342],[4451657.616901208,2654173.0909256595],[4451474.820528522,2654344.208626463],[4451269.524068162,2654751.6750813937],[4450897.752203889,2654650.070416143],[4450416.286454632,2654662.7407533056],[4449535.745084972,2654959.3333465243],[4448714.985066798,2654619.2104129866],[4448557.664835545,2654613.74735137],[4448435.72128929,2654736.24925624],[4447707.973722891,2654512.2791205198],[4447285.561138989,2654910.038032286],[4446540.121141076,2655242.20637709],[4446399.889408785,2655240.371391032],[4446067.109223744,2655528.665013387],[4445401.232430922,2655732.563145897],[4445249.219402619,2656120.136948198],[4444993.655020366,2656286.985042777],[4444802.27448673,2656827.8042514035],[4444410.553038098,2656620.745550748],[4443991.466487834,2656740.9701301856],[4443524.967788644,2656561.011203894],[4443101.822834365,2656100.7029257077],[4442737.175077979,2655930.51088055],[4442001.183897982,2655899.904966481],[4441396.170352064,2655532.3992897663],[4441347.341204362,2655413.205202429],[4441405.2324006995,2654979.2128148223],[4440478.981410709,2654496.214192291],[4440174.574280795,2654470.344623269],[4439887.398090999,2654203.132508476],[4439283.114105724,2654181.5151016978],[4438482.4189104885,2653723.3399009164],[4438520.31635696,2653595.31239655],[4438463.329831599,2653540.778304058],[4438139.951254739,2653450.7560775476],[4437878.707549953,2653583.3178075976],[4437718.020272857,2653774.881324328],[4437738.93285256,2654105.4004761623],[4437630.849111676,2654298.363841356],[4437061.082990784,2654798.711233205],[4436810.035911871,2654840.5517126345],[4436789.829418736,2654992.1421395647],[4436648.708671002,2655013.6153287366],[4436631.383816315,2655117.847218435],[4436315.265631602,2655226.1304718074],[4436249.421764742,2655336.2919411403],[4436284.981275371,2655491.3061883016],[4436085.384488837,2655732.3654248654],[4435733.253485664,2655701.144909174],[4435673.38822059,2655764.080371474],[4435703.09627667,2655965.085981965],[4435637.247754291,2655880.194617655],[4435544.891404123,2655911.082152933]]]}},{"type":"Feature","properties":{"flugjahr":"2022","gebiet":"Tirol"},"geometry":{"type":"Polygon","coordinates":[[[4527281.769906317,2622343.7424128996],[4527283.627655571,2622114.4242703086],[4527475.600273837,2621774.0055397367],[4527435.393621178,2621384.117625888],[4527631.288250778,2620577.41827912],[4527587.493632093,2619595.372708168],[4527391.935361161,2619287.4422948337],[4527068.24535536,2619636.1356151653],[4526781.39730908,2619630.4034753703],[4526449.879954797,2619497.9930750504],[4525948.903726762,2619661.5068337754],[4525471.672459769,2619613.2631103448],[4525169.427532692,2619668.6711724224],[4524795.914834781,2619555.6543603875],[4524609.400164555,2619577.026914537],[4524458.746612065,2619402.780217732],[4524295.380954508,2619368.57511282],[4524065.556997495,2619100.009811239],[4523364.498666892,2618952.9414289673],[4523197.88838233,2619125.330029551],[4522973.078423457,2619128.975135618],[4522699.590423988,2619282.9743332514],[4522564.992562786,2619509.5691666156],[4522493.520034777,2619950.8197283],[4522281.9520137,2619885.370874408],[4522059.681604907,2619983.096597773],[4521829.230844827,2619929.075721927],[4521615.291213304,2619987.846299817],[4521163.319441415,2619578.764093981],[4520813.302790182,2619519.5735597005],[4520449.907100708,2619311.1384042604],[4519767.267614444,2619356.851770222],[4518437.378967713,2619278.035335609],[4517911.866667257,2618707.3378942944],[4517634.550637861,2618703.217378963],[4517072.817551602,2618870.015003262],[4516942.032439364,2619340.93719487],[4516076.77440433,2619514.605409854],[4515247.052357065,2620385.266631447],[4514977.988616413,2620424.101658386],[4514607.492708848,2620679.199859178],[4514539.3796768235,2620866.897604962],[4514567.456350245,2621112.0642228723],[4513956.043520311,2621405.7299425146],[4513825.98204967,2621396.200367205],[4513644.999041766,2621565.7820958886],[4512888.964286741,2621457.9396971324],[4512785.1361785075,2621682.2657857556],[4512586.628022349,2621756.6229088395],[4512406.898367975,2621449.687926691],[4512243.164209448,2621478.592945436],[4512121.119400843,2621335.828031851],[4511924.924720664,2621381.7328515076],[4511709.091968723,2621290.5997118056],[4511466.95628867,2621351.0107912263],[4510984.241853049,2621306.5210776473],[4510842.96630627,2621359.440337925],[4510679.9957207525,2621649.110911933],[4510523.757572684,2622261.6287813694],[4510374.538933572,2622369.6766185528],[4509923.011148761,2622415.662748588],[4509761.489066821,2622322.1620371924],[4509531.506983758,2622317.428036612],[4508895.244246226,2622461.6912815394],[4508717.711086783,2622648.948214966],[4508261.189298352,2622669.328031985],[4507974.033795129,2622481.7583444174],[4507302.216665953,2623020.0839888174],[4506860.52754713,2623143.887550272],[4506786.377319627,2623265.599344926],[4506773.424119757,2623610.609301146],[4506591.187903627,2623684.6953765615],[4506154.145173559,2623624.2267961106],[4505729.341924495,2623783.7457386134],[4505495.6140795825,2624007.3642301583],[4505395.446318884,2624331.8783458984],[4505223.123381116,2624281.2347075716],[4504798.239874523,2624459.229245616],[4504578.775067025,2624790.04166486],[4504255.17955407,2624887.2206244087],[4504152.0150870485,2625031.5301662018],[4503645.278728068,2625293.7250779876],[4503607.5774502205,2625458.1894897763],[4503391.928178965,2625435.04786545],[4503130.040917002,2625738.3391875373],[4503448.281510399,2625861.1777032395],[4504752.832662363,2625931.205052999],[4506435.009237082,2625280.7128147036],[4507789.825284488,2625544.107984815],[4507946.665841394,2624552.157822316],[4508327.83561234,2624163.0936292903],[4508859.175936123,2624159.414891859],[4509488.371782947,2624629.379553127],[4509973.785553478,2623894.3602597867],[4511036.019605085,2624096.7562334733],[4511980.332616905,2623416.190202546],[4512892.753232511,2623976.5299840737],[4513682.907328721,2623072.1608673716],[4514297.313797684,2623315.9446872566],[4514782.6161495885,2624377.7506629704],[4515585.697830731,2624499.255991464],[4515474.590211419,2622345.9115083315],[4516510.06224145,2621595.616064929],[4517671.011556787,2622279.43445012],[4518213.393472585,2623325.6947119106],[4518855.146727723,2623195.4191253064],[4518720.872842843,2621928.472268888],[4517683.225196696,2619710.8575160555],[4518015.190911442,2619373.073860701],[4520656.2061756095,2620051.9698061263],[4520785.648579835,2621495.990484402],[4521107.937116489,2621837.0686038295],[4521544.040257563,2620593.0988151776],[4522078.208646822,2620441.676032227],[4522790.724564663,2620757.7547545456],[4523586.561573966,2619826.89617587],[4524589.4666384775,2620057.2620026474],[4525239.974751733,2621016.483862632],[4525876.565413523,2620574.6786937146],[4526452.367224638,2620653.0376182473],[4527281.769906317,2622343.7424128996]]]}},{"type":"Feature","properties":{"flugjahr":"2022","gebiet":"Tirol"},"geometry":{"type":"Polygon","coordinates":[[[4489502.183974558,2644227.984702628],[4492320.471002975,2646216.41055936],[4493551.7721566195,2645458.368798594],[4495438.373772377,2645292.1708350787],[4496091.175964274,2644953.5196290426],[4496977.51840576,2645738.100788031],[4498999.171323211,2646120.6248609154],[4499308.100151487,2644740.4922171673],[4500076.555919479,2644363.6300000018],[4500611.962648424,2644646.920062725],[4501037.707323768,2645653.1953315064],[4502769.896739174,2645584.292758918],[4505336.736376278,2646342.2434079694],[4507149.565698636,2647020.5661361637],[4508727.6561002135,2647040.1785916463],[4510194.512038218,2646177.879961664],[4511234.5685300855,2646257.711956437],[4510525.473884404,2644542.225591929],[4510785.148517255,2644074.2320023854],[4511528.172233667,2643749.9193037157],[4512062.709954533,2643976.9573310823],[4512988.662259022,2645531.8894635458],[4513734.28783269,2646150.3882263466],[4514016.044425562,2646041.061101208],[4514249.392046257,2644922.617640053],[4514884.303060896,2644653.9973623385],[4516066.403008184,2645444.32949875],[4516582.360264497,2646549.5617484497],[4517719.471344567,2646594.5004041647],[4517280.968719635,2644672.53331615],[4517482.864519165,2642131.4455793398],[4518401.333091924,2642017.2861863654],[4519186.931146282,2643253.026847108],[4519930.792363427,2643793.3322464866],[4520167.807462197,2642486.6154227573],[4522393.053848476,2640930.014276738],[4523364.601114176,2640702.324014173],[4523581.5920987185,2640033.6355731674],[4524986.247730909,2638361.2320269025],[4524023.939690131,2637869.6285409145],[4521733.62571271,2639148.7705595223],[4519943.673248561,2639628.4844045127],[4519401.602948064,2638844.862935765],[4519608.137875998,2638330.328279213],[4520396.300847103,2637857.6225795248],[4520098.342266253,2637131.065082728],[4520229.599439824,2636352.7807898764],[4519828.3185546575,2635916.35386205],[4517900.864883837,2636435.493983947],[4516515.635030876,2638408.755963169],[4514658.971676419,2639165.2263600556],[4514258.476525264,2638796.837348897],[4514080.534160498,2637904.3990181955],[4515247.778652163,2636862.702577376],[4516093.954205931,2635043.4067167467],[4515693.571262919,2634576.292541874],[4513886.060941707,2634937.1514095683],[4513183.797407804,2634422.609980669],[4511256.099320333,2633777.2138217087],[4510514.164346725,2633096.8536839145],[4508966.143305389,2632237.152854028],[4509639.573640835,2634905.2171514616],[4509758.231228268,2635951.2570002754],[4510335.286217281,2636589.646031015],[4510069.084654033,2637422.8225871697],[4510606.877133168,2638965.5051554907],[4510408.517542479,2640167.4222036023],[4509659.16217943,2641172.086168081],[4509091.299338909,2641292.1045286795],[4508627.390143192,2640943.296453463],[4508721.16091917,2639949.253492685],[4508333.612068095,2638583.478600323],[4506525.040627031,2635457.725306578],[4503744.111054628,2636681.8961962345],[4503108.564825909,2637540.121604079],[4501974.544192545,2637067.840821036],[4500765.205003683,2637358.34341144],[4500344.75861617,2639519.9134155693],[4499325.49436583,2640980.758211613],[4499297.618411294,2641655.0450574285],[4498377.993172946,2642005.8768818146],[4497728.3019431,2641651.2938979636],[4497423.813345169,2641007.9552395614],[4498351.443961814,2638986.4836191293],[4498307.646574069,2637183.0201427443],[4498583.331798405,2636546.4367885124],[4497114.312569789,2635832.39901873],[4497051.056409133,2633745.105875319],[4498203.807706751,2633475.731733946],[4498951.877793335,2634395.5163747063],[4499669.27349228,2634544.8568681083],[4500765.4823438,2633894.149439884],[4503142.074099321,2633237.229608683],[4504779.360271194,2632584.9119114466],[4504240.8822553875,2631145.037198458],[4502925.8227977855,2631276.9883019235],[4502337.492786226,2630713.905719339],[4501433.208860164,2630494.964779526],[4501198.350047189,2631300.312458839],[4501246.387724811,2631772.306104415],[4501139.855694366,2631871.540841063],[4500825.596192784,2631923.37913772],[4500697.434766013,2632069.9684251016],[4500025.166805589,2631970.0308879954],[4499542.593272754,2632281.238556993],[4499144.232513583,2632297.2873959304],[4498776.459162842,2632533.834917193],[4497470.449487464,2632862.541225658],[4497326.83676543,2632796.7203568844],[4497270.135259086,2632672.1991445255],[4496876.874536905,2632591.7870182265],[4496722.772162259,2632752.897899907],[4496591.761057162,2632776.0393542433],[4496288.307263598,2632648.9023602637],[4495967.061817621,2632656.725798615],[4495621.855606846,2632557.0165284676],[4495482.5462821,2632625.516246814],[4495390.753540279,2633032.991282685],[4495207.413996681,2633345.509759171],[4495182.502470235,2633639.3921050453],[4495359.0740561085,2633859.5114439456],[4495742.441972913,2633997.259504932],[4495724.111888908,2634627.201568027],[4495935.051776112,2634683.124783672],[4496047.977537893,2634829.7645986867],[4495824.862502339,2635159.481665437],[4495780.113862428,2635506.8120363555],[4495310.971519103,2636195.643715392],[4495662.114819022,2636678.3678630977],[4495748.951735028,2636998.289733321],[4495911.484427143,2637073.1129758847],[4496259.20488481,2637514.8801083285],[4496474.672638923,2637641.735672556],[4496793.087927386,2638122.9211072],[4497006.835520834,2638291.638233357],[4496900.146580667,2638806.7038223096],[4497041.145911063,2639147.771372921],[4496800.864155494,2639300.9499285007],[4496187.074093687,2639390.8469275213],[4496171.224579775,2639689.432936939],[4496241.343400825,2639823.101536664],[4496069.373109685,2640006.491862657],[4495892.391661284,2640051.6163068903],[4495804.386320154,2640325.466247112],[4495834.694697532,2640537.577363696],[4495653.802706047,2640856.793262939],[4495776.257876083,2641255.8204212845],[4495704.321985185,2641673.9902719995],[4495807.065737108,2641741.0135861095],[4495457.199364518,2642030.973459249],[4495332.396032707,2641999.433985437],[4494998.889322709,2642152.638494524],[4494853.928117964,2642389.352395489],[4494589.557506043,2642546.607711022],[4494545.262793957,2642790.2245171005],[4494735.664695348,2643275.9354844284],[4494512.703573916,2643504.358466113],[4494396.010935781,2643828.9086457025],[4493844.470753797,2644131.849208602],[4493410.4055076325,2644039.412563445],[4493108.84197539,2644194.4771855846],[4492204.320794145,2644247.908838358],[4491994.796123648,2644465.4016675455],[4491822.283417864,2644302.2656659056],[4491587.154338301,2644231.5224213195],[4491637.760320765,2643878.686505533],[4491326.118135312,2643331.520860864],[4490962.918734974,2643076.218521502],[4490704.715152137,2643089.908017409],[4490533.295294432,2643192.077990617],[4490219.27700501,2642510.7502650237],[4489974.127994869,2642553.4275357462],[4489901.121870058,2642740.052114648],[4489631.564726531,2642942.1481365766],[4489117.6043175245,2643627.9073870364],[4489502.183974558,2644227.984702628]]]}},{"type":"Feature","properties":{"flugjahr":"2022","gebiet":"Tirol"},"geometry":{"type":"Polygon","coordinates":[[[4503242.398213291,2654845.3712375103],[4502804.893256166,2653855.986259347],[4501430.555585382,2654105.266193008],[4500830.278943447,2654289.039609402],[4499198.675077279,2654327.8979077972],[4497640.282588116,2654604.2098736893],[4497032.360580999,2654597.153990873],[4495808.9892273,2654848.645444691],[4492969.746418294,2655143.7700595045],[4492293.913562636,2655328.2229973306],[4490841.2208699705,2655423.8352229046],[4491440.264125239,2656529.981101642],[4492623.516785217,2656489.872268877],[4495521.845699639,2656022.704513571],[4501841.381336621,2655226.898444234],[4503242.398213291,2654845.3712375103]]]}},{"type":"Feature","properties":{"flugjahr":"2022","gebiet":"Tirol"},"geometry":{"type":"Polygon","coordinates":[[[4503482.5579859335,2656280.5449637324],[4498869.530929478,2656763.0362428175],[4498086.3970682705,2656927.3296985184],[4496834.653357311,2656903.158320168],[4497535.263143078,2657269.337452084],[4498821.688896202,2657049.316351535],[4499518.821257925,2657454.352751554],[4500350.198988515,2657372.572578886],[4501029.042890174,2656849.4227747545],[4501924.541101452,2657229.344333085],[4502869.575896812,2657058.056283952],[4503482.5579859335,2656280.5449637324]]]}},{"type":"Feature","properties":{"flugjahr":"2018","gebiet":"Tirol"},"geometry":{"type":"Polygon","coordinates":[[[4410732.913246798,2650665.269933244],[4410785.531112667,2650850.335720636],[4410656.528727572,2650849.5586279705],[4410466.621281959,2651307.9984676633],[4410631.520954893,2651508.919322061],[4410449.100194389,2651560.8465021867],[4410446.689801943,2651624.2782363687],[4410639.283586621,2651663.340369961],[4410634.774334355,2651722.53162809],[4410513.92148753,2651720.4397440115],[4410443.373925871,2651884.382123941],[4410331.004568892,2651904.9494118565],[4410118.264152592,2652250.2714784383],[4410222.346263615,2652423.0788749177],[4410044.181783033,2652470.7989013363],[4409859.390179646,2652399.982536852],[4409667.5125868665,2652665.4570892304],[4409903.123953306,2652781.1460313173],[4409836.901644464,2652860.967566385],[4409968.160925603,2652878.563813162],[4409972.047142897,2652954.7168874433],[4409831.958499674,2653015.3498962964],[4409832.93421013,2653262.7612414937],[4409682.6974659255,2653226.0342259174],[4409610.197111324,2653329.2860774165],[4409514.94952418,2653311.8760404754],[4409203.347175403,2653815.7109641964],[4409642.892845605,2654050.6086754748],[4409551.059826847,2654337.259723982],[4410015.031123292,2654662.8998834766],[4409949.623189736,2654721.2496054317],[4409813.260554729,2654661.8624120476],[4409877.962183961,2654757.3617073856],[4409851.683289732,2654944.387726401],[4409962.400119533,2655052.8128569582],[4410043.746131591,2654983.441797255],[4410161.116031237,2655026.8700155327],[4410222.070633262,2654900.2943005636],[4410363.278612291,2654942.2584837526],[4410904.085673936,2655496.9982419275],[4411053.47548268,2655486.66051506],[4411187.676358166,2655669.748953503],[4411292.727811372,2655627.4620332113],[4411462.265821339,2655726.6680449517],[4411407.271364493,2655938.921711474],[4411550.867496023,2655806.4267279035],[4411561.739788088,2655860.4089250714],[4411432.018549083,2656084.9690779266],[4411495.668146165,2656063.088695038],[4411492.191337074,2656128.100845958],[4411565.20474771,2656142.7480510315],[4411779.3039717795,2655880.564560606],[4411791.062669273,2656086.815818459],[4411891.194962146,2656077.8204678483],[4411879.642525086,2656171.3408014607],[4412064.664900572,2656357.8823180567],[4412205.685324138,2656439.50956039],[4412337.993060494,2656343.4444649583],[4412417.910015861,2656583.3662209203],[4412502.344434806,2656533.049240641],[4412566.762021767,2656688.825138642],[4412657.506901253,2656648.0575508224],[4412777.622396378,2656783.5028635627],[4412713.287699769,2656968.309741394],[4413372.524404766,2657384.921492069],[4413656.111378591,2657682.1461904696],[4414175.87832039,2657518.796182234],[4414894.913852613,2657822.858670771],[4416515.716057077,2660086.815415256],[4416730.690339422,2660744.1890765065],[4417924.089932781,2661741.7942682877],[4418227.700778964,2662188.6408195845],[4418332.457146261,2662525.147542542],[4418950.571961603,2662982.578967684],[4419226.952581937,2663874.521089592],[4419476.896040296,2664274.562100405],[4419645.645389998,2664381.999776518],[4420221.491676741,2664492.950302682],[4420721.276424289,2664891.218796573],[4420878.150222671,2665236.3713823976],[4421163.182139778,2665450.545668589],[4421511.107129813,2665424.474651887],[4422097.275308194,2665149.950244604],[4423049.6516995905,2665272.631346253],[4423308.999938191,2665455.510403308],[4423441.5019224575,2665775.77363237],[4423545.971356887,2666560.150908854],[4424026.292407519,2667187.885957646],[4424497.069158388,2667521.394003763],[4424714.035066253,2668205.902755838],[4424815.905709192,2669087.0790661033],[4424989.963980451,2669660.120113587],[4425130.03358536,2669658.317317427],[4425175.758577536,2669998.6128308782],[4425788.704627168,2669987.3453935087],[4426379.672171935,2669638.3941193055],[4426820.885400468,2669478.2350140624],[4426865.239580398,2668857.583131334],[4426979.476396195,2668570.346006781],[4427402.626898979,2668018.6904772315],[4428023.076386166,2667723.4433000446],[4428132.247624422,2667590.0467071347],[4428392.460469094,2667062.0007039364],[4428509.827343143,2666599.7805008804],[4428612.902227792,2666497.9583429107],[4428779.333987694,2666578.1489815144],[4428749.526476291,2666497.096611769],[4428867.22767716,2666465.997897207],[4428758.34456606,2666308.389804866],[4428819.658919012,2666104.09952946],[4428897.065255535,2666198.094465219],[4429256.679628661,2666071.5273951627],[4429386.199871576,2666232.420060148],[4429507.469585156,2666117.276685943],[4429255.745953382,2665930.3534464114],[4429248.354874361,2665811.3514132584],[4429447.634513468,2665660.1413055155],[4429461.263100143,2665461.942920332],[4429180.965734689,2665270.1079061003],[4429213.2526721405,2665159.248237922],[4429107.884554364,2664928.692145708],[4428235.9584108405,2664556.7326867115],[4427501.525375316,2664054.472477989],[4425971.624871159,2661954.0395406107],[4424164.906202926,2660859.2999752625],[4423338.479859518,2660252.153512101],[4422124.370498148,2658641.0367465373],[4421946.168777243,2658126.6100336625],[4422004.87130914,2657872.684581287],[4422308.908428422,2657794.66105673],[4422631.689762645,2657934.4071404412],[4422874.234903788,2658469.118063749],[4423671.876174498,2659447.3945885026],[4424431.642228857,2660014.308782137],[4425101.545645752,2660231.053577558],[4425292.943299893,2660366.4852302335],[4426639.833505559,2661445.0547781857],[4427721.4563053595,2662551.208962516],[4428660.946092452,2663290.090754634],[4430536.4648054475,2664332.5936928135],[4431729.8669544365,2664497.112556215],[4432398.458996473,2664094.424863007],[4432616.709639252,2663438.0087043806],[4432676.532165117,2659925.4412551746],[4432041.881450593,2659135.94398077],[4429994.638988274,2657950.40098695],[4429725.518617814,2657567.3747318583],[4429197.639477549,2657266.9731627954],[4428323.522643015,2656956.7037334284],[4427648.20475498,2656264.065814849],[4427245.014817534,2656023.4193540714],[4427256.94235307,2655900.8606692525],[4427507.41108805,2655718.5970190233],[4427826.6869135415,2655616.114520873],[4428795.878707129,2656395.0717916507],[4429575.62171038,2656542.4005049467],[4429799.324166181,2656657.420298633],[4430082.841223179,2656998.7230369276],[4430384.234271685,2657202.5077153975],[4431464.834932138,2657664.361233641],[4432174.773924368,2657801.0720094047],[4433038.791258109,2658310.6574845314],[4433792.723767312,2658643.884773303],[4434593.532903406,2658059.616979576],[4435001.9298869325,2657904.4076098143],[4435095.750250699,2657794.9666484995],[4435611.856414465,2656381.8964640424],[4435461.225802861,2655923.8744484093],[4435324.499488455,2655921.0266783047],[4435170.792234028,2656011.2657377427],[4435258.526977463,2656244.8519027317],[4434869.104687676,2656184.787799935],[4434308.099342636,2656327.3196013286],[4433574.144067675,2656345.643097668],[4433467.421798203,2656254.93158136],[4433241.283250088,2655706.1070640543],[4432930.468317515,2655420.231908157],[4432833.095262532,2654996.685901099],[4432930.087821174,2654603.013166959],[4432565.173938868,2654468.667176035],[4432432.814419884,2654334.4116252866],[4432336.148000017,2654354.5246500634],[4432198.185577206,2654146.927700898],[4431737.378747424,2654298.1915654084],[4431623.39669957,2654244.395711327],[4430984.0000390075,2653062.87322751],[4430899.96404339,2652513.0743272575],[4430673.886520552,2652293.7839207114],[4430364.48548908,2652232.1557028117],[4430029.748775888,2652027.343206044],[4429640.837160245,2651624.0377522176],[4429163.673442739,2651619.5407784446],[4428972.059409185,2651308.4516365086],[4428771.528722328,2651383.693816416],[4428396.403537084,2651354.133542831],[4428168.791146331,2651247.8934408203],[4428070.718599824,2651110.857765486],[4427740.581620911,2651123.031806152],[4427059.491631701,2651611.2995417677],[4426808.338026902,2651590.165052959],[4426242.468010581,2651725.703753476],[4426100.016889842,2651914.9562112964],[4426097.719261795,2652217.2025241405],[4425882.2738559535,2652372.0909055937],[4425729.107596703,2652713.3144661635],[4425072.785786977,2653077.1536072614],[4424954.576080294,2653202.712123407],[4424861.02577692,2653543.5767905368],[4424612.254761173,2653647.305417007],[4424414.840407615,2653901.7496382007],[4424191.126923531,2653898.7210102645],[4423843.330868251,2653751.4271276537],[4423639.982703052,2653769.783017447],[4423475.380796798,2653887.733739632],[4423227.321999406,2653637.3543816404],[4423121.062271077,2653295.7557641077],[4422799.8994267015,2653241.064205334],[4422631.248258557,2653355.6671089632],[4422518.173724457,2653642.3727388266],[4422140.349184165,2653641.063790421],[4421958.830608292,2653838.446455133],[4421515.675675939,2654051.584623184],[4420969.966362736,2653622.1716314745],[4420599.025555192,2653116.781763338],[4420401.485265371,2653126.065013071],[4420110.525137383,2652996.852978433],[4419582.363957173,2653290.1915413416],[4419089.720584022,2653287.3312155316],[4418884.083619086,2652996.416500533],[4418266.90809448,2652694.1905077994],[4417818.291733222,2652572.1471542995],[4417236.461396492,2652685.4730914813],[4416914.508186862,2652440.7158881817],[4416725.677420633,2651952.791815356],[4416138.355088365,2651925.2538486226],[4415861.261435877,2651749.3256537593],[4415574.270207317,2651426.7378362813],[4415398.42243844,2651452.0155266556],[4414855.232753903,2651317.267142854],[4414354.087020019,2651403.0874508386],[4413986.196867382,2651346.734265062],[4412960.748275837,2650588.1326216785],[4412783.515561031,2650704.8495992403],[4412596.591605735,2651199.951463144],[4412008.017754087,2651419.4015214955],[4411796.605141697,2651271.286923054],[4411619.167955547,2651448.659321082],[4411423.979444837,2651345.6237642122],[4411020.260755585,2650871.658829624],[4410732.913246798,2650665.269933244]],[[4413814.732680196,2654473.265715477],[4413846.616967971,2654020.7342502945],[4414022.2379604895,2653978.6916156346],[4414138.846946461,2653814.0800437178],[4413796.364443373,2653874.887381967],[4413981.135438468,2653562.12751666],[4414091.032333853,2653417.30670165],[4414624.100811917,2653380.427032042],[4414750.3005882455,2654005.615910009],[4414723.34821768,2654107.911884472],[4414535.067490761,2654024.3200005516],[4414556.754532677,2654344.9593787827],[4414755.622277109,2654286.51817202],[4414797.031109846,2654637.0015648124],[4415015.698044455,2654591.8827926284],[4415111.440525472,2654645.2541335095],[4415110.783328435,2654787.3407364506],[4414812.831461743,2654799.0001132153],[4414820.03122468,2654882.3365557],[4414702.848090509,2654890.240821036],[4414305.036210385,2654807.5676849484],[4414188.517715716,2654524.7796720276],[4414018.842317527,2654712.2441451154],[4414171.310504377,2654666.778292281],[4414256.739901131,2654802.703717058],[4413935.161885453,2654913.3743393435],[4413814.732680196,2654473.265715477]]]}},{"type":"Feature","properties":{"flugjahr":"2020","gebiet":"Tirol"},"geometry":{"type":"Polygon","coordinates":[[[4514409.440489659,2727715.803006088],[4514085.2919709,2725895.6609396],[4514120.082301046,2725293.494384311],[4514330.299111128,2725020.274852796],[4514505.318142607,2724486.388983396],[4514949.675786629,2724286.644221487],[4515107.72525469,2724348.2196854693],[4516461.527774671,2724168.524799655],[4517172.797081743,2723830.6306404043],[4518108.641762533,2723751.3754893243],[4519379.06543402,2723268.4145618924],[4519536.790580425,2723314.463109524],[4519842.991494965,2723125.041654325],[4520018.385804733,2723133.3670082157],[4520360.347926786,2722973.5649616225],[4521408.8364864355,2721953.0206228597],[4520430.041288356,2721008.999126457],[4520428.518623776,2720642.3106086617],[4520352.92590133,2720618.9291429375],[4519745.717167289,2719329.40563271],[4518575.629790672,2718625.928451859],[4519250.859119842,2718092.8734794073],[4519428.2445348045,2717780.1717189066],[4519934.884751496,2717541.6887934473],[4520065.178388886,2717263.899753099],[4520658.930368396,2717025.8060159963],[4521121.463467863,2714962.6974609066],[4521349.390141318,2714306.134994684],[4521810.629109155,2713604.471386441],[4522056.398900805,2713779.0070177456],[4522244.633813004,2713033.636468435],[4522568.803842901,2712960.581269892],[4523464.438119027,2712115.7739596767],[4524021.8728546845,2712021.633351545],[4524175.076380721,2711872.9241187004],[4524203.947554275,2711658.639702227],[4524106.882122332,2711312.1852922305],[4524297.625648485,2710945.5767180123],[4523940.35447734,2710836.083922277],[4523574.551958968,2710589.165056199],[4523348.278753104,2710633.577800071],[4522581.466670209,2709798.54994285],[4522068.500645742,2709653.596769115],[4521975.068757265,2709545.3888543593],[4521097.238587397,2709775.2926709605],[4520469.831395873,2709831.822340338],[4520049.057672728,2709754.530178046],[4519922.312977427,2709640.839925632],[4519716.0958783785,2709638.6432885765],[4519494.174601265,2709514.20445457],[4519275.129686683,2709197.3221280756],[4519323.747732708,2709000.9230133123],[4519264.241181869,2708550.615917457],[4519484.093776763,2708044.2534330953],[4519417.365103197,2707633.1411561333],[4519803.685485541,2707420.805714005],[4519773.323594167,2706922.2958123744],[4519893.765726377,2706617.57601118],[4519861.988075053,2706220.5371131822],[4519639.862736774,2706100.591175099],[4519505.710796406,2705708.4860368688],[4519095.53769057,2705433.5982600944],[4519059.868350332,2705010.873988404],[4518910.869021585,2704833.1723294137],[4518803.451860309,2704172.1754444186],[4518684.199457993,2704024.312268422],[4518359.091316409,2704095.838952971],[4517712.904081983,2703686.407144263],[4517461.85310824,2703724.7253851183],[4517230.251348531,2703534.8409571494],[4517094.6535700485,2703302.224725719],[4517106.301135546,2703149.6995419716],[4516969.963562617,2702968.566644048],[4516614.756891731,2702788.172422741],[4516507.082146509,2702466.2805758445],[4516329.784655806,2702305.828219543],[4516428.288047992,2702056.1513553085],[4516315.769170538,2701868.57980786],[4515658.600782775,2701228.103274353],[4515374.627767335,2701251.957720575],[4515327.516614104,2701344.885560629],[4514796.187330613,2701460.2522887313],[4514785.82407757,2701893.913974463],[4514623.824491039,2701980.222937188],[4514432.314583219,2701962.1873929435],[4514265.098537951,2701846.204648902],[4513974.454867962,2702000.2973864],[4513543.365864357,2701814.5387583384],[4512999.49594154,2701711.786312299],[4513048.495578069,2701506.410194006],[4512940.798042016,2701392.082879427],[4511598.455410199,2700903.7171139],[4511032.164157933,2701178.084725222],[4510634.451641752,2701168.8787472863],[4510156.684855632,2701273.143379415],[4509948.0793092605,2700704.2021637643],[4509556.62819807,2700148.130589296],[4509518.476960665,2699689.8082606327],[4509210.589432355,2699664.5964719458],[4509161.799861168,2699577.400875898],[4508461.985030039,2699352.1934550675],[4508343.674521219,2699193.8866172526],[4508310.950265429,2698794.8282924728],[4508154.100264664,2698440.259859749],[4508185.926341884,2697616.4609786184],[4508388.623508622,2697319.8950555697],[4508791.551812228,2697036.7369365864],[4508720.153083619,2696720.975084864],[4508754.141327437,2696215.8496358525],[4509276.87756812,2696022.0609824476],[4509558.306180794,2695723.011373351],[4509636.408481509,2695734.9889375386],[4509620.400938261,2695412.202277629],[4509415.554053027,2695228.544992041],[4509439.57922814,2695021.5668141637],[4509303.976531333,2695053.5381367677],[4508897.761016231,2694836.4052355043],[4508575.449769622,2694002.354285049],[4508467.186340208,2694004.538258012],[4508417.09788441,2693762.746501195],[4508224.939294402,2693563.646505266],[4507909.278131628,2693487.088322811],[4507776.495708171,2693373.6532460996],[4507445.65379175,2693496.4722024845],[4507152.480386227,2693478.429483434],[4506444.066959469,2693646.9727765103],[4506229.968492412,2693606.94222847],[4505634.074485959,2693801.991971093],[4503792.336899234,2692910.8760141744],[4503494.662019092,2692477.548900537],[4503406.22830002,2692184.5521629644],[4503249.251445216,2692051.548382327],[4502955.602295953,2692009.998491696],[4502273.929837097,2692174.2726584217],[4501455.908603592,2692110.946672542],[4500766.112696556,2691781.7431171616],[4500586.5728493715,2691787.77332537],[4500283.193258471,2692027.8614452006],[4500097.171243249,2691975.590082169],[4499574.63437253,2692384.491228016],[4499344.582308809,2692481.307064255],[4498901.184918525,2692451.6288184486],[4498746.792657555,2692674.3335867915],[4498265.027664122,2692778.4765625694],[4498102.962483295,2693004.8365423894],[4497919.515764285,2693066.205913155],[4497674.9619037,2693669.987460486],[4497427.089375195,2693404.413480585],[4496505.569842117,2693210.4774555997],[4496353.49667868,2693587.3192217816],[4495471.188690715,2693747.2476611612],[4495278.773359662,2693680.7043740554],[4494477.370810674,2693984.237730227],[4494444.9231782975,2693093.599807679],[4494227.631426715,2692896.4146686154],[4494147.369782584,2692657.3017852735],[4493868.644805188,2692456.3953897282],[4493734.0003277585,2692120.356538224],[4493311.90375627,2691830.5812559403],[4493270.410412223,2691598.1989607248],[4492876.998744654,2691074.15210301],[4492485.334145012,2690740.730384327],[4492360.0385402795,2690477.6269040885],[4491861.466445342,2690946.135055381],[4491614.555441038,2691073.725438584],[4491279.105664798,2690991.351100751],[4490954.090052017,2690472.351857421],[4490505.8196075065,2690439.4889216777],[4490363.988384793,2690338.1861479925],[4490086.201089772,2690600.4319788385],[4490131.997016183,2690803.001104272],[4490007.604488577,2691188.5681476607],[4489836.685676196,2691423.04450703],[4489361.893174764,2691551.540820015],[4489079.930205611,2691494.542692058],[4488855.9934349265,2691335.0953875575],[4488526.528705116,2691380.0228246446],[4488429.100922194,2691040.140980318],[4487931.710358086,2690257.96286185],[4487481.905677718,2690145.035532295],[4487395.825738126,2689982.1905773794],[4487268.300154016,2689971.8714453555],[4487339.964681263,2691571.8844761574],[4487671.60006148,2693128.255805267],[4487842.077809234,2694493.2264574226],[4487811.095999562,2694719.5292268735],[4488907.9577230215,2694504.222617999],[4488136.328290152,2696593.9065934573],[4487634.126537073,2697675.4647904937],[4486900.439577554,2698926.458323528],[4486007.8494492145,2700867.369071348],[4484558.4242482,2702421.0394472303],[4483727.649624964,2702249.853956416],[4483000.957123439,2701706.1357915867],[4483082.299013583,2699210.772434033],[4482651.89832016,2696941.886421355],[4482215.526274125,2696326.0659107654],[4481335.512768601,2696242.4856132576],[4480695.094688278,2696821.240272559],[4480956.373913066,2697856.3272082824],[4481108.727992873,2700188.3624148755],[4480993.666304136,2701078.024265858],[4480851.268477846,2701461.8412240804],[4480534.181390234,2701539.2635212466],[4479668.916324714,2701250.4008960454],[4478990.450811925,2701430.290282763],[4478687.073763523,2701858.4758857554],[4478589.035918476,2702194.9841117524],[4478631.014037289,2702658.1445000125],[4478861.577627068,2703428.2187162773],[4479191.822920139,2703874.7897172547],[4479835.5750652235,2703833.7724231407],[4480234.132304654,2703894.4336915296],[4480555.509516346,2704263.9204927697],[4480768.401307052,2704718.400098333],[4480701.074100123,2707139.9031752506],[4479415.038155721,2709047.012785422],[4478789.7758746585,2709598.0252735694],[4478088.07478036,2709778.5460246787],[4476800.9934639335,2708855.3881154265],[4473686.762379337,2708233.5370963053],[4472876.394894996,2707841.76375484],[4472447.846001858,2707731.8729668083],[4472339.237326009,2707885.6321981237],[4470144.543881053,2707175.673442026],[4469743.037001583,2706967.6966251014],[4468165.350334565,2705747.498367363],[4466421.207954524,2703868.194325753],[4466135.882457896,2703338.4844071013],[4465096.644200595,2702499.6980107324],[4465035.876593166,2702362.065650933],[4461345.616101614,2700703.8989363327],[4459185.445656109,2699315.094515744],[4459139.390164269,2699041.4216455733],[4458468.509933988,2698824.124889192],[4456599.715106754,2697588.542968473],[4454394.567851015,2695210.913650102],[4453063.358621206,2692563.5047249924],[4452278.043064347,2690689.8586905934],[4451996.902900689,2689787.6515833028],[4448808.836499599,2687195.668361472],[4448398.3901881585,2686656.176696718],[4447921.51519831,2686436.352227263],[4447672.704296033,2686467.0557571426],[4444737.925065093,2685089.4705396225],[4444607.399767999,2684961.9007601994],[4443948.104705265,2684719.722648792],[4440426.97025857,2683836.871768341],[4437031.175971178,2683198.4141263356],[4434656.504705584,2682464.433238726],[4431313.626006253,2681105.7681599986],[4431017.089207325,2680901.2291883244],[4430277.370434896,2680658.963751738],[4429265.820557187,2680472.7874876447],[4427718.882244991,2680023.2403414487],[4427199.243260294,2679968.519362688],[4426967.758370637,2680018.1877345806],[4426879.644940446,2679885.475684204],[4426562.612224344,2679745.364684547],[4425483.673277061,2679468.7004988156],[4425093.245376617,2679440.931999528],[4424943.0749689955,2679348.4965156345],[4423343.642606285,2680133.9047289053],[4421365.73244057,2680592.619901827],[4417916.748853587,2679578.918775925],[4417112.986328912,2679774.6541329343],[4417049.667549852,2680414.648361669],[4417157.65586283,2681220.2164064595],[4417347.182360169,2681655.91327384],[4417330.027267954,2682226.6775718085],[4417828.380633741,2682873.5514392206],[4417779.802555962,2683076.686406664],[4418261.807591996,2683709.6962731057],[4418583.650614828,2684589.2359775165],[4417957.607757567,2684773.631106777],[4417371.003555805,2684820.7999934577],[4415865.546774742,2685547.500631322],[4414986.577255127,2685773.9598965654],[4414188.531937943,2686404.0075433203],[4413255.068671878,2686496.9389389083],[4412353.2540973155,2686688.1862678947],[4410615.1587649025,2687616.4198922934],[4407835.518236649,2688429.0486714896],[4406606.141226846,2688938.072114911],[4405880.146201465,2689544.3142526266],[4404449.584721111,2690220.7261788137],[4402674.153626513,2690415.1789140664],[4402449.877024371,2690509.1911991523],[4401136.856539015,2690575.6762041184],[4399691.02533434,2689795.7963893097],[4398809.395288822,2690086.049479266],[4398180.586179736,2690422.7688758736],[4397835.068031609,2690442.784199163],[4396406.2138199685,2690171.0110893445],[4395147.740892898,2689814.702426891],[4393088.846180769,2689659.1426177337],[4392388.215021516,2689263.9648701],[4391658.818852592,2688614.7285702294],[4391220.147928369,2688407.851227877],[4390695.26305248,2688304.2114924574],[4390118.184233105,2688407.641106578],[4389850.22370596,2688594.620833843],[4389152.61498567,2689374.2300794846],[4388148.296618998,2689559.2438287297],[4385824.957857478,2688976.970358907],[4385449.553222429,2690511.2079017987],[4384557.671789706,2690740.972721512],[4384101.896455955,2691358.5683178767],[4384183.135363208,2691945.270242985],[4384649.767374608,2692634.3652702384],[4385385.4089090675,2693190.761227906],[4386277.571654824,2693592.7432626714],[4387150.457081512,2693787.3823159924],[4389424.44099614,2694729.7736206213],[4389950.95979699,2695422.5958683765],[4390253.658931771,2696118.6806223383],[4391062.203337867,2696487.525526423],[4392021.799719346,2696264.377541659],[4392098.671327013,2696745.911976489],[4392594.617946202,2696909.7976590428],[4392657.377897288,2697394.9422209766],[4391898.033354432,2698824.274555637],[4392173.123460193,2699468.1383476728],[4392161.216167495,2700340.606331992],[4392521.501844649,2701460.8273780365],[4392574.469059045,2702040.125270519],[4392320.4938049745,2702289.372477488],[4391447.489985409,2702830.761538816],[4391143.51310537,2704003.1801573355],[4391339.426305699,2704238.9346685475],[4391289.519474617,2705431.662392172],[4391872.085754273,2705986.336302517],[4393341.984983476,2704719.0759853013],[4394477.470220217,2703211.616224346],[4395303.072673126,2702337.4076131773],[4395391.881961324,2701292.8461609087],[4395062.716008438,2700974.11303126],[4394434.509344996,2700869.3012868646],[4394218.354063753,2700285.9610225703],[4394394.793377061,2699910.329919164],[4394296.071014806,2699545.333521376],[4394356.3525484195,2699012.628820782],[4395015.831295594,2698693.137412239],[4395269.546158324,2698693.087500867],[4395665.6695679305,2698559.667129933],[4396003.532621704,2698645.3184996773],[4396283.2492444115,2698466.2522637337],[4396988.800540736,2698407.820708664],[4397889.649207721,2698721.2489857385],[4398302.208910581,2698748.5498376153],[4398476.184607022,2698669.3034417126],[4398702.440699433,2698353.3564250967],[4398914.832981982,2698349.7938678237],[4399426.866191516,2698709.096476127],[4400204.193044433,2698426.1248085713],[4400569.585988694,2698672.2795174485],[4400960.763313173,2698598.3943485487],[4401191.482786982,2698731.4932894506],[4401695.573953411,2698627.757847728],[4402261.277641189,2698708.069366992],[4403460.937358861,2698643.170062758],[4403667.288492254,2698696.67981252],[4404072.710981256,2698528.8622315424],[4404391.002518661,2698671.498439181],[4405211.626074667,2698669.4829617077],[4405562.394435339,2698844.52456553],[4405840.401648162,2699114.1908781542],[4405695.573763526,2699490.5799886608],[4405734.255954465,2699839.780472306],[4406164.046673725,2700536.485187575],[4406785.306098489,2700620.586112395],[4407142.421384367,2700766.9105262575],[4407839.646128194,2701346.079691445],[4408423.468896882,2701620.3649816257],[4409261.011309382,2701731.657969271],[4409799.579975651,2701923.7569669676],[4409865.855964968,2702067.714147236],[4410081.358620498,2702178.653296845],[4411453.567501256,2702337.8810798745],[4411958.840434243,2703023.8792641535],[4412109.5702063255,2703051.5565525],[4413162.264787082,2702691.015585705],[4413222.261054814,2702793.718672073],[4413525.28925626,2702739.0801129844],[4414345.07120822,2702907.84651166],[4414638.10776061,2702838.35742494],[4415299.520410029,2702950.030278608],[4415466.073223884,2702827.6767945294],[4415675.6426982,2702438.733031342],[4415680.081972874,2702334.2087685615],[4415278.414129977,2702000.229483413],[4414987.798193539,2701583.099820628],[4414703.7281887615,2701413.590719305],[4414661.3320375,2700990.6360968957],[4414283.554388068,2700679.052432612],[4414117.644506877,2700439.366583443],[4413993.037635987,2699859.016787387],[4413503.222872854,2699399.0249706274],[4413400.281200976,2698956.7974543436],[4413561.376718029,2698775.272947528],[4413778.85239548,2698765.0612371257],[4414101.252179817,2699043.6356378794],[4414436.219553214,2699107.7047091955],[4415788.118325036,2699199.8192744344],[4416128.741044847,2699148.4093666603],[4416400.370052007,2699279.594740483],[4416898.567217104,2699094.349906726],[4417743.201483108,2699439.0436018556],[4417825.859565353,2699535.694844338],[4418008.001313694,2699663.189266856],[4418251.055557886,2700094.734453255],[4418382.585380321,2700178.2352030203],[4418389.643049385,2700629.8226096467],[4418593.556377205,2701128.928260299],[4418528.250210811,2701371.798974751],[4418593.916870591,2701500.5743730916],[4418366.926167794,2701797.363228063],[4418439.107827624,2702388.1975084282],[4418930.643538728,2702552.9918866577],[4419095.595101265,2702815.707205597],[4419643.943977953,2702754.9532774454],[4420184.100420508,2702850.43507083],[4420434.771687662,2703026.823055612],[4420707.430183096,2703614.315509223],[4421006.280830639,2703583.0241324515],[4421336.386584128,2703672.853822873],[4421423.50784134,2703760.2249331768],[4421343.126696008,2704054.7565453923],[4421427.51245605,2704374.516171183],[4421989.4396088375,2704990.7729565315],[4422465.454663078,2704979.018744153],[4422892.552017729,2704763.1765293195],[4423458.759068108,2704890.712748054],[4423832.737518239,2704678.8025266323],[4423996.060595065,2704477.710849252],[4424304.291890983,2704539.8025573166],[4424444.710647541,2704541.746566683],[4424766.002252847,2704950.496670507],[4424907.742837871,2704967.5921825273],[4425535.731939921,2704915.0526257437],[4425807.521653808,2704696.6623604214],[4426802.383559144,2704880.165883937],[4427205.780947423,2704655.5899318475],[4427306.643268306,2704769.830540043],[4427823.87928656,2704782.6970328568],[4428206.9741127165,2704507.349226537],[4427507.817956851,2705659.0777111663],[4427530.1115701,2705924.1791099124],[4427370.667447438,2706438.141765935],[4427199.192977898,2706631.3902723324],[4427266.255088759,2706862.865757518],[4426543.174361157,2706911.1821194054],[4426178.220238491,2706778.0842561643],[4425837.948814881,2706864.872935456],[4425333.722188082,2707511.31832405],[4425420.481754823,2707929.5109391087],[4425849.752651619,2708632.6806375156],[4426046.862566011,2708696.187896453],[4426174.646243486,2708653.1909925286],[4426218.050552493,2708848.1054028748],[4426440.0136980405,2708932.81232531],[4426410.417100841,2709060.9817615906],[4426485.522007456,2709161.495136648],[4427086.542802488,2709600.7233896097],[4427161.047819756,2709926.996774596],[4427381.81980149,2710135.2967102597],[4427485.216845543,2710507.732007419],[4427723.577516962,2710738.671419592],[4427753.1004363885,2710902.416143067],[4428050.603890277,2711052.2780510252],[4428139.329016982,2711356.7928682],[4428773.038680581,2711886.975514379],[4428981.59915093,2712221.413339697],[4429683.633476412,2712701.4661452356],[4429818.609738095,2712265.8891460714],[4430173.509302964,2711856.9825301412],[4430279.616095253,2711535.9207716873],[4430739.898870455,2711725.0231439755],[4430860.400503305,2711664.597391434],[4430979.996156554,2711742.027209828],[4431100.505056483,2711668.659300307],[4431677.275392912,2711733.9631645195],[4432641.229537056,2708974.911476846],[4446478.213936114,2704556.6761094304],[4446559.303229044,2704605.5653782706],[4446714.034401881,2705384.556669649],[4446627.950633931,2705629.62261102],[4444541.503289425,2707804.5267090686],[4432275.3387931185,2711740.25792623],[4433137.116496608,2711774.991176067],[4433284.994967771,2711564.2664571],[4434010.811012591,2711606.9735253234],[4434256.895702265,2711545.9972829074],[4434505.73897968,2711340.3215241325],[4434736.070659041,2711485.4139860114],[4434989.723774688,2711517.552260759],[4435450.139958436,2712043.4200727027],[4435720.845667703,2711924.1271999725],[4436595.534169492,2711832.1243415345],[4437035.354294537,2711911.8309696857],[4437433.743393747,2712175.0519559225],[4437946.088693289,2712360.1503145127],[4438063.029417069,2712247.0754133686],[4438716.974110652,2712450.4141579946],[4439229.585832854,2712414.800680378],[4439478.304949499,2712510.5965464558],[4439699.967805315,2712791.292714692],[4439824.704472906,2713141.5111138285],[4440259.408943805,2713392.5181887634],[4440615.337844976,2713730.8932422777],[4440542.988893009,2715226.1958437925],[4440414.0674100015,2715511.223627798],[4440392.48088904,2715928.218346227],[4440667.472124458,2716559.173819618],[4440456.630437596,2716959.6451476417],[4440708.5560243195,2717548.7346544],[4441077.892580401,2717933.656478627],[4441222.659683389,2717992.3556525987],[4441417.104124995,2718315.199792569],[4441822.512041677,2719940.2073433055],[4441965.920771526,2720049.7245514058],[4442102.093812301,2719918.157027467],[4442393.856145605,2719837.5386546906],[4442640.632425381,2720010.70876386],[4442758.718315486,2720302.928986701],[4442893.568156644,2720358.502151297],[4443251.653087683,2720317.2096900977],[4443719.529677697,2719930.655287368],[4443916.804428478,2719958.769143758],[4443962.370208182,2720048.7773345695],[4443716.614236107,2720330.370129294],[4443705.090112321,2720578.1566953296],[4443843.68105201,2721267.582083282],[4444115.4214363685,2721515.162936822],[4444553.075992734,2721375.6986079826],[4444721.3785330085,2720953.071842016],[4445150.227930533,2721058.441290111],[4445431.668929885,2720704.648912068],[4445948.038790599,2720365.7909372826],[4446013.097933026,2720413.4704274526],[4446233.576476032,2720347.80809184],[4446898.76808471,2720566.8307748777],[4447301.234566685,2720538.2779950392],[4447346.99960114,2720432.215767284],[4447529.62004968,2720401.880812072],[4448094.83676518,2720623.443584297],[4448294.807052408,2720790.485178612],[4448949.980155762,2721002.852393456],[4450686.840253728,2721060.2627658146],[4452339.147289846,2720945.265557439],[4452938.076945482,2721118.680699987],[4453487.186980652,2721106.052520212],[4453992.294534988,2721253.5320623512],[4454264.654473028,2721179.723349633],[4455025.052991583,2721393.4993124474],[4455697.194686736,2721018.2417927324],[4457747.816506542,2720707.5681016957],[4458546.346771451,2720846.178542591],[4458651.900568083,2720809.3106047814],[4458739.410354342,2720469.4272544105],[4459467.471878502,2720499.1873749206],[4459798.036843883,2720397.238333951],[4460002.991601963,2720523.270677557],[4460540.592145538,2722765.7507945257],[4461208.3501353385,2722624.6744726743],[4461298.38875265,2722738.112809612],[4463552.027775338,2723588.6490759603],[4464076.221617733,2723516.5813335986],[4464432.658473266,2723699.7677608985],[4464942.387952141,2724159.1515582474],[4466422.595231661,2724073.735241929],[4467886.363599631,2724461.7465495183],[4469026.39187911,2724642.787724602],[4469532.252229083,2724446.0795101607],[4469639.125185845,2724322.2628678656],[4469965.3248857865,2724844.3913944648],[4470650.879882541,2725076.9105675775],[4471357.755036921,2725179.061094427],[4471864.204312717,2725410.74000908],[4472049.6462645065,2725606.657569055],[4472409.607567013,2725376.3648764403],[4472392.063396209,2725210.3295329963],[4472683.562032591,2724850.45703314],[4472959.759204794,2724146.0545062157],[4473096.894883887,2724073.256321734],[4473574.053457921,2724097.3628835743],[4473762.0348378485,2724482.1041123774],[4473913.408505038,2724565.6255645226],[4473980.263626788,2724720.3179690987],[4474219.5842831265,2724824.699798668],[4474907.195311198,2724699.6814900166],[4475275.174385268,2724551.3751734747],[4475508.873837662,2724602.615064749],[4475899.550806277,2724860.0673444783],[4475990.632240983,2725009.208455233],[4476279.9276884105,2724991.953953375],[4476379.874214344,2724786.8861715305],[4476784.487246489,2724564.778104373],[4477343.621768372,2724448.274094622],[4477473.900946271,2724173.0704709976],[4477658.418788366,2724046.001376277],[4478452.465989297,2724148.39543883],[4478764.101628313,2724107.9162333636],[4479673.45237183,2724324.4821337513],[4480116.444875918,2724304.704772926],[4481159.470857682,2723698.961934225],[4481421.3226941675,2723767.874482203],[4481971.096491032,2723684.6517639416],[4482364.476742766,2723929.102958869],[4482582.214422122,2723970.4797281316],[4482806.6396066435,2724155.6980527514],[4483156.122942425,2724250.322143352],[4483725.976443772,2724629.5976889087],[4484278.48298762,2724766.311118626],[4484899.95711431,2724770.992892279],[4485141.470880584,2724270.432953349],[4485033.505107075,2723655.016435081],[4484884.272867729,2723313.1119846595],[4485422.991877456,2723710.4076514174],[4486064.503911724,2723771.739264333],[4486703.9681457225,2723935.3185293553],[4486946.973932597,2724177.7019328373],[4487048.542583158,2724677.9772928194],[4486676.908173238,2725719.0879087797],[4486568.567588023,2726531.9807917867],[4486275.822698737,2727685.954205303],[4485149.168788506,2729761.5571698505],[4484921.057041252,2730670.2576029366],[4484131.342077776,2731532.7305626813],[4483855.518129056,2731998.360183314],[4483542.357739938,2733048.1311806217],[4483326.276063362,2734329.759982649],[4484947.973607984,2734344.324169827],[4485080.461786218,2734476.306879074],[4485140.0206837505,2734692.0523364535],[4485875.736467108,2735250.184787568],[4486014.021790899,2735293.1580029726],[4486156.5321443165,2735170.929289789],[4486422.70037003,2735161.1923118923],[4486582.18684212,2735497.264762707],[4486684.325127573,2735531.5824120957],[4486783.436407066,2735457.0256153396],[4487035.389343575,2735589.5406649914],[4488110.586912658,2736385.678753521],[4489042.112232638,2737985.559518601],[4489753.574660138,2739032.848725295],[4490323.576893501,2739233.509132136],[4490862.5276711695,2738547.877665559],[4491020.54905758,2738033.91958375],[4490500.486711466,2736755.359295976],[4490002.934719285,2735937.395240524],[4490006.769111692,2735772.312307663],[4489724.370343303,2735533.0891715474],[4489368.396852685,2733752.6289183022],[4489724.286500079,2733052.832743314],[4490269.84821891,2732631.811427165],[4490452.50571248,2732162.0094179236],[4491003.6133081075,2732064.7874961277],[4492023.243740063,2733142.7730628657],[4492579.043876641,2733423.4160385793],[4493141.774440142,2733439.5763521297],[4496557.386244444,2734309.4969746335],[4496615.7878953945,2734241.5841157385],[4496418.285113239,2733777.9733169125],[4496638.805305641,2733603.80659676],[4496812.683827698,2733601.445730542],[4497151.428198367,2733817.269614491],[4497613.947352797,2733795.4775647298],[4497698.645388038,2733641.6772236647],[4498047.640033599,2733619.1501248577],[4498560.177118371,2732915.5237698057],[4499795.353683798,2733239.7832456147],[4501333.167045994,2733938.1286702272],[4503397.059096741,2734459.2031198423],[4503694.869038533,2734257.7734034997],[4504242.599708277,2734360.7888440276],[4504518.8207800845,2733945.4123939243],[4504404.075286009,2733479.3152102283],[4504440.2529337,2733053.5964770126],[4504304.853380012,2732598.3143502586],[4504401.620944081,2732505.9277648362],[4504407.405761895,2732310.9224899337],[4504378.938585438,2732221.439010176],[4504273.596980181,2732201.5117637888],[4504389.707918271,2732007.4148222385],[4504676.553304864,2731995.6446703784],[4504787.297512619,2731825.3615197884],[4504707.641969974,2731707.647034083],[4504750.205923104,2731658.3947907393],[4504929.795530788,2731627.4632129935],[4505326.07578864,2731338.664216702],[4505403.659067261,2730888.0989433383],[4505548.7325550895,2730778.6900205943],[4505632.802369337,2730512.6465750197],[4506318.430174353,2729356.2642703974],[4508337.696861505,2727993.3465568144],[4508306.877650535,2727765.392274981],[4508956.167849169,2726722.9623784823],[4509896.786916906,2726777.34559994],[4511675.208296298,2728078.806760093],[4514409.440489659,2727715.803006088]],[[4424279.953823815,2704533.118374578],[4424280.416781358,2704533.2001221394],[4424280.065482806,2704533.151898075],[4424279.953823815,2704533.118374578]],[[4417914.548842437,2699585.050846497],[4417916.270063054,2699585.572144505],[4417916.614534969,2699585.8352322555],[4417914.548842437,2699585.050846497]]]}},{"type":"Feature","properties":{"flugjahr":"2022","gebiet":"Tirol"},"geometry":{"type":"Polygon","coordinates":[[[4531637.8012597365,2666740.266997746],[4532933.438815744,2665312.0096259685],[4533787.950192999,2664672.0601421297],[4533147.692383847,2662417.418071343],[4531816.1507116305,2661120.274331308],[4530517.0609947415,2660024.4630496255],[4531016.017723925,2660518.417573334],[4531076.848505311,2661373.142699181],[4531663.83318354,2661692.1152607966],[4531873.251754179,2661940.540066992],[4532231.124192955,2662178.3023926914],[4532313.116933827,2662423.6292192163],[4532245.777231311,2662705.5919783367],[4531562.082615754,2663344.1517365556],[4531041.122352516,2663407.437450543],[4530755.19726672,2663537.5787809603],[4530288.695695208,2663467.5556053435],[4529997.493848237,2663211.495977415],[4529493.356695874,2663069.4635426505],[4528921.856521444,2663023.3584187175],[4527712.832192321,2663213.501203106],[4527537.962979604,2663466.0219940543],[4526769.347949533,2665800.345227766],[4526555.955841809,2666209.216560238],[4526307.436757296,2666397.6202898817],[4526005.040622868,2666484.8995410455],[4525610.866528648,2666791.2631985415],[4525466.16256547,2667151.968216881],[4525105.459966277,2667445.8267937778],[4525002.821192154,2667707.0447029755],[4524502.9584003175,2668196.998675592],[4524302.1091091065,2668302.67594708],[4523961.643347104,2668319.5647383146],[4523323.976841518,2668938.224275969],[4524002.902184612,2669438.307326994],[4524055.091703586,2669655.1756224334],[4524248.532098914,2669790.8206002163],[4524064.679856619,2670149.7007468343],[4523781.090059168,2670464.128609649],[4523677.0331780175,2670773.0542158894],[4523712.369819199,2670928.159622885],[4524874.150340446,2671130.6856588027],[4526246.825160811,2670623.629067732],[4528325.683059097,2669255.50981614],[4531637.8012597365,2666740.266997746]]]}},{"type":"Feature","properties":{"flugjahr":"2017","gebiet":"Tirol"},"geometry":{"type":"Polygon","coordinates":[[[4435463.578620286,2655929.910863893],[4435611.856414465,2656381.8964640424],[4435095.750250699,2657794.9666484995],[4435001.9298869325,2657904.4076098143],[4434593.532903406,2658059.616979576],[4434423.89729253,2658195.0037943646],[4434974.459852184,2657977.827525928],[4435130.21075082,2657838.989404351],[4435597.142017871,2656561.6589202625],[4435627.828326145,2656368.2968287044],[4435544.571621725,2655907.6771580107],[4435463.578620286,2655929.910863893]]]}},{"type":"Feature","properties":{"flugjahr":"2021","gebiet":"Tirol"},"geometry":{"type":"Polygon","coordinates":[[[4432641.229537056,2708974.911476846],[4431677.275392912,2711733.9631645195],[4432275.3387931185,2711740.25792623],[4444541.503289425,2707804.5267090686],[4446627.950633931,2705629.62261102],[4446714.034401881,2705384.556669649],[4446559.303229044,2704605.5653782706],[4446376.359501529,2704567.011120775],[4432641.229537056,2708974.911476846]]]}},{"type":"Feature","properties":{"flugjahr":"2022-23","gebiet":"Steiermark"},"geometry":{"type":"Polygon","coordinates":[[[4653034.468245635,2712957.0025304244],[4653326.483307303,2712717.1343773864],[4653452.967007608,2712505.7202413464],[4653841.907749523,2712476.489509954],[4654277.534640754,2712228.189201972],[4655157.593714314,2712215.454776673],[4655446.953028906,2712104.588628933],[4655763.768594641,2711710.7140605277],[4656055.398692248,2711570.9288970307],[4656568.055907937,2710709.5824888777],[4657067.489417388,2710286.0529941763],[4657344.686981804,2710451.9032472493],[4658108.188595299,2710196.629751388],[4658366.117660053,2710299.538646507],[4658883.854225495,2710280.23504335],[4659141.22122816,2710373.114419091],[4659447.790402458,2710372.160752364],[4659721.772090696,2710246.595798866],[4660206.9424091745,2709760.362135335],[4660344.043429028,2709444.3403583122],[4661483.84660702,2708581.7326041395],[4661661.707828749,2708090.407483286],[4661804.737249335,2708232.098672104],[4662044.86599647,2708284.153416903],[4662752.938582412,2708173.502096049],[4663524.872471272,2708342.054680118],[4664007.010766557,2708221.036765781],[4664136.010560906,2708043.7776130387],[4664247.269738651,2707586.4350416046],[4664455.910474838,2707283.7050640527],[4664409.664006229,2707082.391996085],[4663894.741349106,2706422.156890566],[4664080.383593121,2706027.288886263],[4664096.018741334,2705648.6448374675],[4664316.80199364,2705411.539467781],[4664526.222100918,2705524.2464071335],[4664807.212247398,2705467.074371372],[4665585.165092924,2705772.034638459],[4665867.709663385,2705633.8579919455],[4666201.619394985,2705215.771863626],[4666593.469089672,2705211.736825656],[4666731.00922845,2705387.2105788765],[4666935.843202373,2706356.523511828],[4667260.526556722,2706581.6311604977],[4667661.614175445,2707028.4591775583],[4668031.71672008,2707154.5630854475],[4668337.936756367,2707047.5128522003],[4669216.359296176,2707323.157414745],[4669623.067239498,2707064.950661389],[4669795.956032093,2706728.6141809192],[4670768.73311053,2706287.825712841],[4671208.624889493,2706343.8964817165],[4671748.873892584,2706769.971073599],[4672465.945936091,2706645.4957279344],[4672877.029813882,2706041.983594903],[4673302.606449658,2705750.008986632],[4673808.648303703,2705635.3207288627],[4674164.514501142,2705799.6078231963],[4674341.653815456,2705562.3873757934],[4674367.283951944,2705278.388319625],[4674479.7874369,2705113.4257090525],[4675150.35138002,2705075.162669272],[4675831.065485326,2704622.6457523378],[4675873.182442565,2704367.007958243],[4676043.604768791,2704216.0132623906],[4676818.255788682,2703960.5550123174],[4677069.179600073,2703707.1794541585],[4677472.223720493,2703823.485786301],[4677950.124468492,2703429.001927673],[4678294.101282021,2702959.0879142983],[4679022.742405663,2702862.7160600815],[4679269.912092221,2702982.7641814165],[4679461.49330801,2703225.2891760394],[4680282.191883412,2703595.537669277],[4680341.550388956,2703990.1393750133],[4680243.629746053,2704214.891341797],[4680529.927070747,2704345.170972371],[4680594.958029639,2704673.3220795235],[4680846.74454112,2705005.31798124],[4681430.784216975,2705161.0116296373],[4681573.558503357,2705270.4574192306],[4681785.798197384,2705799.7544653583],[4681751.5032695215,2706317.2761541563],[4682002.234070735,2706575.1115883766],[4682419.879252413,2706329.539661726],[4683029.926126796,2706128.7022979874],[4683393.2484918805,2705508.802593746],[4684190.526231417,2705012.7532194965],[4684668.332746528,2704998.364512573],[4684981.209155975,2705312.0984755456],[4685412.6080593,2705132.25141481],[4685563.176819612,2704930.9200679422],[4685945.444325824,2704714.261043835],[4686393.122676144,2704706.8513285806],[4687093.283818395,2704508.9397004233],[4687394.69943483,2704512.7173395148],[4687549.228941326,2704382.7345548808],[4687832.026817825,2704325.0757013336],[4688070.502169573,2703357.4290812165],[4688568.194100768,2702997.7801770773],[4688738.820597474,2702720.290286103],[4689172.508448213,2702575.484579772],[4689431.283449778,2702398.672779065],[4689681.382515697,2701966.1641912926],[4689467.388818013,2701568.497364079],[4689557.397632621,2701065.679921428],[4689502.956660522,2700299.497971055],[4689557.963516694,2700131.1682005576],[4690030.994055601,2699675.4776219726],[4690318.897441084,2699548.07123186],[4690373.091421071,2699333.1670181854],[4690816.72026595,2698681.520333196],[4691363.904244061,2698364.800379598],[4691691.963932649,2698297.2307411823],[4692103.383467216,2697892.0943090175],[4692563.428934099,2697715.468098455],[4692675.53156027,2697411.3326550587],[4693014.000464152,2697115.180894565],[4693198.635141425,2697076.1541097267],[4693638.258746331,2697287.39940452],[4693818.38865627,2696993.213423967],[4694223.365401627,2696872.2858404415],[4694978.724861575,2696820.8070752597],[4695260.396351859,2696648.6529025435],[4695440.747521501,2696684.2877864996],[4695925.957304356,2697059.8171761087],[4696041.603702514,2697239.264505645],[4696498.385647437,2697038.431633693],[4697046.524622438,2697299.7546549886],[4697375.527108408,2697322.2481497107],[4697869.357346722,2697214.295271701],[4698265.881097013,2697273.3207072034],[4698780.178632636,2696754.799914133],[4699371.434912403,2696594.8557706024],[4699471.636152278,2696157.3004284585],[4699463.528712135,2695776.2641726225],[4699930.710848585,2695154.9875572524],[4700214.5684523275,2694949.7956252336],[4700445.375930665,2694903.0301163313],[4700286.684359995,2693933.1310253525],[4700366.899088482,2693668.3872483405],[4700761.271539178,2693373.738755889],[4701336.075176954,2693276.3045980297],[4701996.314708575,2693273.9171789717],[4702257.854911971,2692512.0729487697],[4702657.582707546,2692153.6034777896],[4703083.5534548685,2692030.1064120047],[4703160.042058971,2691446.5955605074],[4703378.919883587,2690970.2350301156],[4703465.524159382,2690494.4242026377],[4703616.278066866,2690329.15580407],[4703861.71429423,2690313.7529692706],[4703527.132266422,2690138.932545875],[4703417.035212502,2689703.4388813693],[4703077.350652462,2689409.4877335047],[4702638.007889492,2689332.1343045156],[4702339.31734422,2689131.147476307],[4702403.4971220065,2688718.7011954207],[4702266.888245284,2688499.179724194],[4701926.852461096,2688327.3195981113],[4701563.211343158,2688282.4970819955],[4701138.197041598,2688015.6286345227],[4700742.461716992,2688017.3747285763],[4700456.897904437,2688156.3365957825],[4700116.420116715,2687766.257408756],[4699718.654413528,2687722.871157846],[4699423.508539232,2686938.5059309476],[4699137.490333588,2686631.022459046],[4699009.7064067,2686255.772328059],[4698568.471668093,2685604.8161697863],[4698247.972913811,2685352.809087989],[4697948.05998939,2685270.9123803503],[4697481.076573749,2684658.8256829767],[4697218.104758255,2684442.51193785],[4697210.244638095,2684164.892456743],[4696841.11423905,2683651.410865147],[4696266.8452069815,2683498.8189570005],[4696329.36389306,2683169.391477259],[4696279.96514985,2682833.8036948005],[4696098.645867615,2682514.1568129426],[4696396.045697516,2681785.169761804],[4696478.523719652,2681297.509805801],[4696409.3862843355,2680978.0286062006],[4696247.175708914,2680702.305581624],[4695846.870807824,2680533.724699143],[4695533.018533988,2680220.983893684],[4695404.77328998,2680015.8887239266],[4695488.36204034,2679731.4681534586],[4695409.8479376985,2679511.647503002],[4694892.964798241,2679260.616784573],[4694752.307050817,2678972.8750018766],[4694419.519706564,2678703.302472084],[4694551.878734696,2678082.8224480613],[4694520.238604917,2677776.085005886],[4694674.47087036,2677296.7494515907],[4694720.233094207,2676595.2210884327],[4695212.331021719,2676086.410864131],[4695277.189618773,2675909.2355754417],[4695197.757220038,2675367.088595248],[4694922.3807224585,2675136.207635043],[4694599.774506828,2674359.658976196],[4694214.026517173,2674155.720766812],[4693878.072177474,2674301.3981927237],[4693102.713877713,2674415.837756621],[4692455.687686066,2675122.7043589125],[4692013.112572772,2675255.4651225503],[4691856.426378566,2674761.8153377054],[4691525.296395192,2674477.328642507],[4691357.812630643,2673726.9588345005],[4691217.990907245,2673534.3576587373],[4691030.632411943,2673443.659942555],[4690946.210395023,2673129.501421619],[4690916.193767543,2672327.425169527],[4690787.625272764,2672129.341264773],[4690497.61318925,2671980.8737212825],[4689693.4573216885,2671952.8578347056],[4689354.0170698725,2671285.7046014466],[4689201.176508773,2671161.579412313],[4688409.58508486,2671098.1580133433],[4688130.897451834,2671194.4324451815],[4687867.037460068,2671089.2215812053],[4687757.398963979,2670801.947994453],[4687390.373701651,2670581.898493866],[4687098.309557137,2670251.20033502],[4686492.573172214,2669946.099854406],[4685812.025524578,2669839.7376222834],[4685570.397926101,2669615.45223706],[4685282.647125045,2669598.2205007663],[4684933.689431591,2669789.351897367],[4684550.6874825405,2669636.6373304278],[4683809.003124313,2669805.720392229],[4683491.277200276,2669718.0581158996],[4682588.217956128,2669065.05876775],[4681572.728189889,2668669.1192380884],[4680965.440968722,2668261.903072397],[4680754.444408142,2667863.885073322],[4680887.929379368,2667239.489390211],[4680707.973864029,2667025.048957056],[4680401.869074651,2667061.031726221],[4680033.622959508,2667418.4296085862],[4679618.288375307,2667180.1724303775],[4679275.913460864,2667243.5112849325],[4679137.095052068,2667348.2251182953],[4678816.269485349,2667239.4145432003],[4678315.697150442,2666888.1582942745],[4677606.619428525,2667112.8036206444],[4676864.728507995,2666942.6318025384],[4675798.423001866,2666952.7185432124],[4675252.062555212,2666778.518809751],[4674677.608078333,2666421.8915366875],[4674098.918522475,2666368.3146118657],[4673779.67355417,2666429.723566264],[4673081.605141909,2666242.5632932475],[4672501.677973347,2665209.1635506237],[4672340.260643631,2664616.3017885233],[4672172.279992652,2664471.49119363],[4671607.780677551,2664505.652030635],[4671075.418337064,2664698.409718345],[4670288.262360615,2664761.3938012775],[4670125.237451768,2664846.9915104737],[4669840.761749139,2665167.2081290944],[4669560.774561355,2665849.62474403],[4669925.258590385,2665844.220086598],[4670071.474796037,2665961.9673345014],[4670119.395000963,2666143.283420936],[4670048.2055329,2667549.060042478],[4669823.6214606,2668034.1445277543],[4669698.05717563,2668584.8732917625],[4669181.016429767,2669725.939839422],[4668615.438547318,2670542.599311989],[4668687.462620156,2671011.1496593137],[4668463.029707333,2671528.561927736],[4668062.997883402,2672058.661118065],[4667759.0849280665,2672306.7267641225],[4667529.517343203,2672815.709872229],[4667222.634204836,2673043.201256578],[4666764.855844086,2673228.2016069526],[4666785.897334961,2673511.8785728025],[4666666.917539415,2673894.4921213808],[4666849.746872896,2674347.5194465863],[4666841.005185909,2674524.2950094403],[4666677.117067469,2675162.638538043],[4666355.233529148,2675776.450999385],[4666202.713320432,2676366.035130363],[4665969.484580397,2676685.6036180477],[4665235.204908856,2677012.4060029327],[4664565.459468183,2677052.643086568],[4663846.245112486,2677297.0306934007],[4662833.063514819,2677808.3464815286],[4662039.2762710685,2678436.052710629],[4660598.817203411,2678955.8782700477],[4660115.424425607,2679299.473952245],[4659264.280000042,2679238.440770212],[4657915.973710513,2679901.587526864],[4656163.324071378,2680229.1577376453],[4655787.951013683,2680433.6551995333],[4656597.314700475,2681618.740651129],[4656594.050120292,2681975.226885207],[4656473.417505838,2682261.5060362797],[4656700.085447459,2682495.5452585677],[4656793.917406228,2682904.6809500065],[4656673.883086097,2683073.0360681238],[4656502.037483208,2683142.5299857603],[4656321.915599906,2683097.7681458346],[4656123.938050064,2682919.3176372205],[4655934.350822939,2683179.7663292075],[4655508.912799509,2683247.4003867996],[4655125.758069728,2684025.456320418],[4654723.84981503,2684570.3699187003],[4654521.641072256,2684744.7899022587],[4654179.325972658,2684781.943043004],[4653996.640109856,2684937.6325087645],[4653711.007761044,2685329.6120522297],[4653697.126190142,2685623.9141283073],[4653240.004535875,2686067.3709440306],[4653299.695998179,2686643.3780073114],[4653070.476340363,2686978.04004764],[4653251.86786941,2687547.0559368986],[4653586.2369988235,2687968.3085739217],[4653673.835565693,2688603.143255224],[4653594.530823481,2688813.2872733646],[4653401.559588714,2688955.5420326455],[4653002.2417665385,2688986.6268509375],[4652552.179114896,2689215.435484865],[4652248.31921109,2689244.5571604697],[4652069.707524161,2689164.403028068],[4652016.339821833,2689380.03974225],[4651841.613620356,2689533.8220654754],[4651793.650089376,2690043.066099247],[4651059.757932243,2691060.6558264946],[4650881.0824899925,2691150.431135401],[4650077.205782761,2691194.3380564917],[4649348.830262124,2691635.352671412],[4648981.064796349,2692096.541291118],[4648728.554617085,2692581.410565319],[4648640.364101582,2692872.1582152904],[4648653.369616614,2693451.2723624287],[4648272.242520941,2694586.3171284767],[4647791.295422506,2694892.678923715],[4647230.647346791,2695125.8753360095],[4646956.01960301,2695838.6954043354],[4646543.887835241,2696186.7895652987],[4646312.710412384,2696252.7828855156],[4645983.117206163,2696119.0221817377],[4645128.205789,2696745.366564621],[4644610.31730182,2696840.2134036673],[4644461.97660526,2697102.3031731257],[4644392.572062451,2697499.7681992073],[4644113.474103792,2697887.6315788184],[4644125.337681722,2698120.061766614],[4643980.068905385,2698548.9654585533],[4643565.455253069,2699132.6493653553],[4643182.049551116,2699302.6722636768],[4642921.5085484795,2699577.4318199796],[4641893.2771708965,2699840.7552263937],[4641735.4325190205,2700036.6726619177],[4641550.173704116,2700124.6175581864],[4640535.41369744,2700032.8862742377],[4640371.052114448,2699918.557821462],[4640300.591919641,2699685.390208953],[4640052.715645158,2700271.1927957796],[4639940.27066341,2700779.509484564],[4640038.185815931,2700968.1439297646],[4640262.858547878,2701144.5519270906],[4640014.608972993,2701916.9058749564],[4640052.312897979,2702244.9164177165],[4639950.133865851,2702450.436433449],[4639924.90927349,2702979.7552294754],[4640312.197039406,2703513.900409323],[4640426.1146801505,2703794.3478373145],[4640466.114515115,2704252.5824793936],[4640644.22707134,2704553.9794809716],[4640836.350765495,2704695.8738814457],[4640908.661821846,2704988.4403100447],[4641249.127330857,2705402.3588075945],[4641799.738516343,2705752.81613284],[4642168.575768265,2705725.6316866195],[4642671.292848343,2705820.670972432],[4643313.457992246,2706139.2782884366],[4643633.307987089,2706223.9592600223],[4643842.922232585,2706195.505723919],[4644514.781939879,2706385.3626131876],[4644633.936726293,2706820.2003981504],[4645291.169814106,2707183.560581911],[4645343.59276791,2707518.2621521843],[4645689.194912806,2707997.494915314],[4646244.307555795,2708154.0075619947],[4646413.051556646,2708371.9202942755],[4646634.950059918,2708497.1773789213],[4646944.003601404,2708508.313122397],[4647135.47392668,2708413.9776430093],[4647506.57820034,2708814.3108096686],[4648847.871416566,2709545.3001440796],[4649716.440588502,2710250.660057753],[4650113.124461142,2710341.8865747564],[4650368.651756107,2710590.806593273],[4651019.894799321,2710747.749701485],[4651195.061824789,2711070.0652098507],[4651598.34817639,2711261.6943012937],[4651797.252241738,2711568.082250545],[4651806.525687901,2711949.8676685262],[4651958.819110455,2712291.158369568],[4652342.655055764,2712743.1480285753],[4652574.398657942,2712894.894847308],[4653034.468245635,2712957.0025304244]]]}},{"type":"Feature","properties":{"flugjahr":"2022","gebiet":"Steiermark"},"geometry":{"type":"MultiPolygon","coordinates":[[[[4708474.567477612,2628563.968105836],[4708356.427177049,2629177.1833990123],[4707699.132406037,2629306.9360484416],[4707193.251116823,2629966.9120636242],[4706619.198643509,2629768.5237588836],[4706251.342729895,2629727.564008423],[4705778.264818514,2630017.013507534],[4705357.551467394,2630147.734287153],[4705064.536626998,2630606.144897988],[4705115.901610911,2631004.2122800904],[4705317.483024388,2631320.7012270214],[4705614.636712157,2631521.4157175575],[4705729.857081043,2632383.681999498],[4705691.6428430285,2632850.0081799785],[4705795.394510297,2633125.3639779836],[4705746.189933624,2634518.706354554],[4705996.368679334,2635145.656221989],[4706407.056151738,2635534.6531877876],[4706249.489988609,2635957.8546259296],[4706238.352056013,2636259.549405901],[4705897.087366926,2636482.001572294],[4705681.5214930605,2636877.3579305834],[4705698.90211461,2637053.2814086997],[4705993.387720483,2637604.140502199],[4705389.581513929,2638381.990793559],[4705216.90666639,2638827.361194547],[4705288.872234355,2639366.4563686764],[4704933.778518645,2639830.0390505767],[4704840.916701663,2640098.9566957275],[4704802.816405073,2640513.5008555334],[4705005.306142482,2641062.454331817],[4705006.44216744,2641298.2443308206],[4704724.8355324585,2641506.174041981],[4704310.357452537,2641538.580818662],[4702587.650904807,2642060.720578726],[4702396.625312345,2642272.1372782723],[4701518.823870994,2642311.7559334617],[4700859.199301942,2642643.664073264],[4700727.69067161,2642833.755090155],[4700916.219107229,2643651.641706694],[4700829.497103823,2644197.4753612564],[4700949.848765105,2645135.7501925672],[4701057.135421704,2645454.93723607],[4701392.456672059,2645845.21245276],[4701521.496761073,2646445.9646017193],[4701547.683239775,2647252.9302000958],[4701737.070985122,2647440.3213723334],[4701993.3609592095,2647967.0188317853],[4702797.513206494,2648523.501336601],[4703245.913705339,2648647.9864005395],[4703388.058499896,2649360.3704044977],[4703607.599957494,2649806.5878226086],[4703234.837519188,2650093.8605786487],[4702768.9741654815,2650783.8980536484],[4702619.302868539,2651540.8199339034],[4702696.000886555,2652649.4260888193],[4702537.599362701,2652870.855047939],[4702464.676039217,2653324.871184155],[4702528.243564895,2653727.1307147625],[4703033.107641608,2654017.786994552],[4703142.096423287,2654265.097369343],[4703238.905631046,2655069.9523873646],[4703515.576097776,2655993.171879086],[4703497.97125562,2656293.8761433763],[4703744.414537021,2656742.9366043946],[4703660.816418836,2657015.19897132],[4703172.847844037,2657498.88607317],[4703105.465739812,2657917.1314955056],[4702945.492456652,2658144.393866593],[4702432.859539484,2658455.647538095],[4702030.429951604,2658948.7698511533],[4701484.495994959,2659136.522957342],[4701044.054429826,2659633.658837875],[4700843.308488157,2659963.694395886],[4700881.1193140885,2660221.6587120006],[4700583.210415505,2660574.2386185355],[4700441.9575177645,2661131.120676583],[4700250.975179507,2661469.7795632193],[4699800.571659753,2661909.3533335514],[4699664.941977832,2662604.767348203],[4699538.148307292,2662840.1389212864],[4699346.776896982,2662917.3135697516],[4699164.999709641,2663111.1072917003],[4699015.196984621,2663698.6026739553],[4698645.470272118,2664202.1206666427],[4698647.7040300155,2664530.9674541606],[4698285.176988048,2664813.059482582],[4698145.29263674,2665141.2179496046],[4697660.407390934,2665332.750245847],[4697444.069259076,2665532.9616656494],[4696950.138817564,2665471.173728504],[4696439.135293799,2665519.695242894],[4693827.262437877,2666168.1033868473],[4692914.316186506,2666951.8017242607],[4692496.762499128,2667088.695352232],[4691884.859868908,2667970.486909822],[4691553.148649188,2668210.2465040707],[4691356.303724296,2668472.4220005376],[4690852.806672431,2668628.216271439],[4690141.922018524,2668662.7571289865],[4689963.733578788,2668751.6419844395],[4689752.4367130855,2669073.24675808],[4688639.791080471,2670163.970719056],[4688571.798053226,2670756.330527169],[4688641.806760147,2671087.9194704588],[4689282.360455948,2671206.346669355],[4689693.4573216885,2671952.8578347056],[4690497.61318925,2671980.8737212825],[4690855.026056669,2672191.49481673],[4691030.632411943,2673443.659942555],[4691217.990907245,2673534.3576587373],[4691357.812630643,2673726.9588345005],[4691525.296395192,2674477.328642507],[4691856.426378566,2674761.8153377054],[4692013.112572772,2675255.4651225503],[4692455.687686066,2675122.7043589125],[4693102.713877713,2674415.837756621],[4693878.072177474,2674301.3981927237],[4694214.026517173,2674155.720766812],[4694370.755951641,2674190.9653605893],[4694643.486440765,2674413.7197571127],[4694922.3807224585,2675136.207635043],[4695197.757220038,2675367.088595248],[4695277.189618773,2675909.2355754417],[4695212.331021719,2676086.410864131],[4694720.233094207,2676595.2210884327],[4694674.47087036,2677296.7494515907],[4694520.238604917,2677776.085005886],[4694551.878734696,2678082.8224480613],[4694419.519706564,2678703.302472084],[4694752.307050817,2678972.8750018766],[4694892.964798241,2679260.616784573],[4695409.8479376985,2679511.647503002],[4695488.36204034,2679731.4681534586],[4695404.77328998,2680015.8887239266],[4695533.018533988,2680220.983893684],[4695846.870807824,2680533.724699143],[4696247.175708914,2680702.305581624],[4696409.3862843355,2680978.0286062006],[4696478.523719652,2681297.509805801],[4696396.045697516,2681785.169761804],[4696098.645867615,2682514.1568129426],[4696279.96514985,2682833.8036948005],[4696329.36389306,2683169.391477259],[4696266.8452069815,2683498.8189570005],[4696841.11423905,2683651.410865147],[4697210.244638095,2684164.892456743],[4697218.104758255,2684442.51193785],[4697481.076573749,2684658.8256829767],[4697948.05998939,2685270.9123803503],[4698247.972913811,2685352.809087989],[4698568.471668093,2685604.8161697863],[4699009.7064067,2686255.772328059],[4699137.490333588,2686631.022459046],[4699423.508539232,2686938.5059309476],[4699718.654413528,2687722.871157846],[4700116.420116715,2687766.257408756],[4700456.897904437,2688156.3365957825],[4700742.461716992,2688017.3747285763],[4701138.197041598,2688015.6286345227],[4701563.211343158,2688282.4970819955],[4701926.852461096,2688327.3195981113],[4702266.888245284,2688499.179724194],[4702403.4971220065,2688718.7011954207],[4702339.31734422,2689131.147476307],[4702638.007889492,2689332.1343045156],[4703017.863258819,2689372.7065030225],[4703310.766658019,2689591.4314821297],[4703439.097207518,2689748.499441321],[4703527.132266422,2690138.932545875],[4703754.655028984,2690272.548397087],[4704444.376003896,2690339.38259177],[4704963.42925,2690212.9291489027],[4705190.74184077,2690297.486401205],[4705527.252042796,2690623.506670675],[4705697.811076616,2690650.7540128287],[4706511.9463587105,2690565.1983389724],[4707035.463515536,2690384.9692894835],[4707530.3814406535,2690542.130362437],[4707793.886066662,2690478.5597412335],[4708091.226510044,2690170.8216172825],[4708330.932637789,2690117.2180498503],[4708806.243554911,2690174.3600439215],[4709094.160655432,2690348.2398003293],[4709386.618385616,2690319.5401219944],[4709958.662217465,2690673.1852576877],[4710311.679682744,2690414.416515592],[4710446.876809941,2689979.1499443483],[4710925.9310002085,2689666.611839769],[4711427.625933795,2689710.740667291],[4711730.228864807,2689951.0348449056],[4712054.02800455,2689902.6138724512],[4712806.201497111,2690178.9043794465],[4713670.849450377,2690127.9889889797],[4714009.237923636,2690350.1149480976],[4714071.734091224,2690733.07732331],[4714399.252877051,2690756.732272472],[4714745.871947212,2690672.0289852624],[4715481.809230731,2690877.7645879295],[4715692.605559243,2691059.052272923],[4716171.755455754,2690935.407775829],[4716943.116969521,2691019.498576603],[4717526.944860814,2690874.976475734],[4717821.467151633,2690930.9729901054],[4718112.590576636,2691172.0155319707],[4718590.233536135,2691039.806138889],[4719265.601261188,2691206.8795234566],[4719953.346317839,2690971.5788657083],[4720381.494427118,2691022.848542118],[4720526.384153328,2690705.7447842387],[4721174.645254992,2690203.092786015],[4723310.549899082,2690212.9604568635],[4723724.628741078,2690015.7248630687],[4724601.354932704,2689827.1838170383],[4725183.943728394,2690104.7065608003],[4726516.93121999,2691600.312009051],[4727882.905814235,2691802.1635106183],[4729408.135992065,2691549.053843214],[4731881.037485117,2691850.11725064],[4733450.938013063,2692222.6502212184],[4734432.424784858,2692354.1096768156],[4734600.493692786,2692587.724547796],[4734556.724543593,2692784.8921449166],[4734690.870576054,2692488.8188888407],[4735208.694230256,2691859.5720134014],[4735475.600809517,2690914.943047089],[4735354.509023652,2689914.4096214953],[4735497.514864683,2689462.1658730726],[4735805.284563037,2689032.110907391],[4736275.192460127,2688766.7665662053],[4736645.59864325,2688129.1707359157],[4736893.000926231,2687887.5978791276],[4737192.766770493,2687888.0811284133],[4737860.463686538,2687293.7907376615],[4738286.6816418,2687234.4855075944],[4738557.0681784265,2687000.1250093016],[4739706.328384127,2686337.4268449405],[4740279.684627237,2685780.427038245],[4740295.044581837,2685269.2325500273],[4733975.022220019,2684721.2375649707],[4733800.876279927,2686786.0841309316],[4732744.179015299,2687563.985895144],[4732094.138213574,2686799.0044241184],[4732258.720571738,2684579.2690795185],[4728793.919962465,2684272.776626859],[4728870.193263285,2683393.223167757],[4726287.465889157,2683135.87495637],[4727379.60348823,2670032.550770565],[4729806.681583209,2670288.7834736947],[4729872.8083414715,2669739.1235883487],[4739990.631646607,2670618.955299744],[4739669.017995032,2673196.8680621265],[4740924.345556341,2673334.1663569896],[4740393.836794639,2679543.4321655906],[4741711.161581485,2679633.0813176595],[4741456.402066851,2682728.1754888906],[4740631.212204158,2682653.3874690887],[4740450.096221318,2684777.093012158],[4740831.203287084,2684701.227770113],[4741181.659707889,2684254.3971884386],[4741162.476995043,2683971.520044825],[4741029.150223234,2683704.304398615],[4741310.862748661,2683123.9709006273],[4741600.310891926,2683056.860618894],[4741743.71787285,2682901.852525843],[4742055.432768753,2682774.6707924535],[4742311.098181179,2682427.1576550878],[4742250.433457556,2682006.891983789],[4741994.992496134,2681721.4857471893],[4742096.613993688,2681403.9588380335],[4742429.598098416,2681229.70699793],[4742594.439337071,2681267.0765739745],[4742933.432287229,2681188.7311108867],[4743094.925644414,2681001.031221369],[4743146.072167501,2680606.0256730733],[4743813.886648431,2680571.9746796093],[4744040.314832889,2680456.3747528493],[4744488.512350906,2679874.654444166],[4744893.263003268,2679507.978074664],[4744939.967810005,2679333.959054115],[4744876.473100059,2679125.215439226],[4745057.077653149,2678819.842247114],[4745334.898071241,2678700.0452655065],[4745632.173453167,2678716.465107416],[4745843.424678325,2678559.1139871217],[4746017.63429421,2678036.655430576],[4745957.644587102,2677874.69668001],[4745674.00129184,2677608.225720321],[4745756.3025574805,2677332.473493186],[4746253.971398336,2677102.6565867774],[4746543.516197367,2676733.6890970124],[4747030.37904866,2676574.190566392],[4747574.521782801,2676203.0822225227],[4747747.699968201,2675794.702257985],[4747819.491886421,2675099.8727366524],[4747941.580649887,2674868.7425244087],[4747890.133527734,2674589.784893667],[4748333.173917409,2673501.5191126093],[4748549.537742639,2673544.6111796177],[4748841.318965578,2673469.0942842816],[4749259.559527179,2672905.370576374],[4750169.162183389,2672516.8186917007],[4750328.11646673,2672331.644603851],[4750429.481177919,2672039.4098971286],[4750423.617910585,2671647.723383836],[4750244.407187534,2671143.3048185552],[4750515.4849711,2670900.205140705],[4750650.105880773,2670571.115806666],[4750510.331022494,2669806.8342124317],[4750353.442852308,2669661.397198988],[4749852.422161049,2669552.0152737843],[4749657.897934729,2669671.1059993715],[4749559.546822767,2669973.485579397],[4749265.945758344,2669998.2381971944],[4749056.786546298,2670131.407101574],[4748605.075234505,2670016.578031108],[4748204.579492322,2670189.452628079],[4747404.6506659,2668839.6737205],[4747142.841216007,2668711.408710097],[4747049.020453193,2667767.107851567],[4746865.066773291,2667467.3233361244],[4746878.721301318,2666899.3300775215],[4746501.183291418,2666374.77761246],[4746541.619633599,2665953.1202604147],[4746699.839917274,2665678.8099420536],[4746711.248278887,2665173.6802770523],[4747345.753121058,2664104.2534622345],[4747383.894969384,2663395.4106126395],[4747533.056624678,2662873.9936383897],[4747817.328946988,2662827.920623305],[4747965.959649564,2662704.7028526124],[4747999.772416835,2662160.370504362],[4748251.228933191,2661863.135245356],[4748583.932152745,2661172.9109077463],[4748610.415088125,2660754.3265789826],[4748773.910839909,2660449.4039188023],[4748653.195547422,2659658.6702830005],[4749087.4161015805,2659438.8355720737],[4749501.184678957,2659415.8092952436],[4749707.406275677,2659120.508447379],[4749973.46939983,2659028.584287311],[4750176.217182743,2659048.8303605514],[4750397.353609561,2659216.242048631],[4750686.677369578,2659170.8984972574],[4751344.676833003,2659267.253879837],[4751795.5959147625,2658972.2322072927],[4752122.696000186,2659067.2201142944],[4752790.496858517,2658982.1621172205],[4753034.227284166,2658791.302773114],[4753130.6648816215,2658441.447911576],[4753417.2904878445,2658620.933585171],[4753718.957318951,2658616.940602677],[4753970.237513497,2658505.501329355],[4754084.409329609,2658345.6480070762],[4754083.010435954,2658149.500038842],[4754411.45157056,2657830.3303825883],[4754353.953382171,2657267.103915262],[4754157.411210303,2656951.6718098666],[4753756.408780543,2656601.3368357075],[4753727.684264265,2656243.3294565845],[4754002.289095719,2655599.2055733516],[4754291.3685460845,2655721.7385021835],[4754928.973143149,2655731.374584015],[4755117.396634379,2655637.0431720275],[4755225.142767977,2655417.8484350424],[4755201.20578876,2654479.1122064376],[4755337.998808861,2654096.866423263],[4755209.671729742,2653799.983475448],[4755278.49365591,2653487.5137958108],[4755130.952593551,2652995.913969372],[4755240.51644034,2652798.0799529906],[4755179.200258989,2652368.0090966546],[4755243.113343368,2652028.4606605796],[4755155.105556799,2651842.194699644],[4754957.956049768,2651747.7691840627],[4754972.136479173,2651285.1681532236],[4754773.2470497,2650817.4429869596],[4754896.436969668,2649969.433835971],[4754697.399844547,2649650.244618983],[4754750.133221263,2649432.564477481],[4754957.95070477,2649180.563820306],[4755055.248754846,2648392.515038885],[4755306.364979691,2647808.4833207084],[4755324.2719878685,2647216.164686553],[4755496.3028055625,2646693.286416486],[4755629.447248282,2645113.6481829183],[4755866.784512912,2643968.936954465],[4756256.748196112,2643267.022016677],[4756738.5424695015,2642627.2302785316],[4757608.318683259,2641726.9356704173],[4758334.997812289,2640338.462530059],[4759349.212921088,2639659.983090317],[4759976.922959079,2639070.6483465936],[4760924.967576044,2638049.84645252],[4761189.039870351,2637548.8126734877],[4760845.780862022,2637516.090456935],[4760197.021866731,2637667.4526424],[4759883.436904251,2637654.05857695],[4758882.7184108235,2637158.99571112],[4758548.98006081,2637093.4910003548],[4757436.44121611,2637247.099601862],[4756548.248181777,2637274.8642276307],[4755570.402019727,2637838.863634259],[4755059.461505726,2638028.746693966],[4753593.808869116,2637899.79858719],[4753052.152470513,2637756.1696931273],[4753420.472073166,2637167.4160265103],[4753442.925148908,2636305.4110320993],[4753347.373308805,2636175.582741194],[4752956.40051952,2636205.2219249615],[4752635.399968419,2636009.1019680835],[4752438.733494109,2636219.18197582],[4752299.439817658,2636132.982897931],[4752005.343434085,2635778.7497941805],[4752006.190202857,2635534.1729353233],[4751871.570962677,2635365.87495056],[4752037.4353153,2634989.548204846],[4751799.3249713145,2634941.1001791526],[4751718.256704474,2634816.3999952055],[4751167.2996411845,2634715.750773137],[4751065.366175315,2634823.031676324],[4750921.855985699,2634725.6800720235],[4750549.76923381,2634973.336533075],[4750414.61092313,2634958.553063361],[4750341.833248292,2635063.078906007],[4750282.50610086,2634934.042387946],[4750173.515201273,2634926.646728088],[4750106.836695277,2635015.1396450577],[4749791.901097244,2634789.452772691],[4749622.6127540665,2635135.632631137],[4749736.1379692815,2635337.45254162],[4749726.402634122,2635524.029408737],[4749917.131166078,2635562.7443801574],[4749636.9993220465,2635558.4730329188],[4749324.640216112,2635745.9448647145],[4748972.755103444,2635716.958662169],[4748673.586875214,2635273.593847322],[4748649.572342758,2634949.818888692],[4748338.679877465,2635024.8051219187],[4748050.716515599,2634746.3243427044],[4747706.7183310995,2634861.141649902],[4747749.648835874,2634614.9167620633],[4747481.497373592,2634622.95134345],[4747371.567727722,2634479.2665747143],[4747148.1169508435,2634548.7073248653],[4747107.298791649,2634456.708540718],[4747036.197334126,2634470.7757760137],[4746997.779289829,2633955.9957403494],[4746761.957659944,2633958.641342084],[4746636.758469341,2633881.0325839543],[4746447.256621401,2633700.5632539024],[4746394.67912144,2633423.5371715375],[4746250.931131204,2633391.920306143],[4745963.773805262,2633511.5912141325],[4745883.651773419,2633384.374632677],[4745679.432889197,2633496.8266258296],[4745490.477042862,2633148.857122689],[4745373.7734605055,2633220.770149236],[4745257.936150845,2633160.956167211],[4745491.388215641,2632947.782630622],[4745454.802100119,2632748.875169956],[4745597.609925541,2632731.4401560295],[4745698.004549428,2632059.3085861914],[4746134.678158466,2631235.576179797],[4745992.86976805,2630786.7339643333],[4745626.809062282,2630849.9443927966],[4745482.439648082,2630598.582076916],[4745548.15002103,2630306.209228681],[4745681.122574583,2630295.9037692756],[4745726.90757478,2630185.149708892],[4746038.354938204,2629998.756972062],[4745941.314462947,2629756.2344495496],[4745684.412174117,2629568.4067949047],[4745618.110731284,2629351.1038586698],[4745673.67005343,2629170.479218072],[4745521.190257753,2629036.7420675503],[4745450.214098149,2628774.3015693924],[4745343.825631274,2628793.426442098],[4745207.575286607,2629166.5391750038],[4745104.776935678,2629206.015538342],[4744930.76359742,2629107.2237266963],[4744773.978224099,2628868.546689937],[4744517.373807382,2628714.7784453873],[4744479.875008909,2628518.412593009],[4744190.546218087,2628296.5050409962],[4744009.674332999,2627900.3042506385],[4743804.904775467,2627707.8147286763],[4743656.503546143,2627669.161016844],[4743409.129080998,2627850.9706465043],[4743192.819977423,2627708.7734189234],[4743094.489171154,2627538.3287028936],[4743192.285521602,2627405.72834882],[4743224.771494656,2627145.217546444],[4743091.125262251,2627013.785034346],[4742652.653263778,2627000.740340533],[4742637.379240234,2626816.393561756],[4742456.172065579,2626748.4659787333],[4742270.114026834,2626852.402637567],[4742210.659860002,2627208.2715020413],[4741888.605098443,2627241.956121066],[4741678.606888329,2627406.6361950706],[4741387.2154765185,2627420.207364243],[4741061.70980839,2627217.585373582],[4741003.238023837,2626966.8458050145],[4740770.462723546,2626622.83935864],[4740384.367359264,2626385.6990301507],[4740200.22747428,2626375.957134986],[4740024.950287826,2626499.2103310553],[4739926.843066633,2626444.9462533407],[4739715.840799781,2626595.7092328817],[4739346.982191909,2626688.248303953],[4739402.868481499,2627546.1576783713],[4739262.294127811,2627862.1414083666],[4739081.838140357,2627878.697933532],[4739010.015202915,2628042.669279974],[4738682.642405477,2628316.1777158645],[4738733.943158522,2628465.673355239],[4738667.1264110245,2628619.275060972],[4738676.8437954,2629174.145005003],[4738741.725382202,2629278.5528154895],[4738206.791452873,2629593.034929986],[4737666.812696416,2629292.7731575165],[4737434.731650533,2629272.648203091],[4736969.738614429,2629530.6426475896],[4736683.032040731,2629972.0713827536],[4736019.75193273,2629995.8461057823],[4735979.186335196,2630342.47247964],[4736080.273120693,2630454.9250584794],[4736068.767964447,2630621.8593113553],[4735850.731411195,2630834.5539155067],[4735619.2146887835,2630795.6843449697],[4735365.9912964115,2630859.441140792],[4734220.092823009,2630529.3424602845],[4733933.250392173,2630352.9964856296],[4733490.22765736,2630434.828256188],[4733094.925853492,2630247.277569498],[4732902.226371558,2630320.0768813426],[4732534.349316203,2630248.7160654515],[4732469.917924829,2630113.9798326055],[4732252.800145788,2629989.5724042146],[4732068.351370924,2629997.517352923],[4731908.235354227,2630138.929350523],[4730959.388111101,2630089.501044344],[4730791.613499402,2630459.5237899357],[4730369.893888948,2630295.6185993166],[4730109.670203704,2629957.454071482],[4729790.491336725,2629960.8796265265],[4729580.104571128,2630170.6507784673],[4729301.933708321,2630150.2407614035],[4729146.834868348,2630055.9156175717],[4728874.617739097,2630134.1274125366],[4728436.451407635,2629538.59532558],[4728235.934746964,2629488.3277694853],[4727897.567009899,2629609.804875683],[4727555.101801386,2629923.697800588],[4726798.252793836,2629984.7666930254],[4726281.318897852,2629871.193250091],[4725965.837839736,2629514.422593696],[4725561.543897263,2629317.80632871],[4725443.319630467,2629008.5220694942],[4725057.6221627435,2628790.1927770833],[4723910.505384691,2628829.933672922],[4723257.608366777,2628497.761907191],[4722536.99074446,2628408.019939386],[4722346.825512223,2628207.379091681],[4721914.87603734,2628095.9635033393],[4720993.181453196,2628479.6670212895],[4720531.725823023,2628311.7569612116],[4720178.669229371,2628462.7805917384],[4719789.10675597,2628463.625202221],[4719580.949990754,2628581.976872446],[4719253.710491395,2628528.053924483],[4718897.140485292,2628596.5521000954],[4718444.834679577,2628897.378893434],[4718391.626622908,2629137.1025269823],[4718222.892037377,2629331.4962506047],[4717675.039013797,2629665.884716682],[4717128.724905677,2629543.146920154],[4717024.531669216,2629404.9195342325],[4716714.815404304,2629341.0521787885],[4716486.384878415,2629371.0018788893],[4716225.561696601,2629722.0347565957],[4715666.809365394,2629472.033016549],[4715375.054309376,2629744.839595472],[4714830.633579952,2629870.68961354],[4714715.740383986,2629823.4272815376],[4714664.663045669,2629595.463886414],[4714497.124436671,2629475.5618590713],[4714242.141422271,2629594.192505111],[4714059.79094588,2629493.526657029],[4713869.017293007,2628804.9354365296],[4713635.681875099,2628699.9253814723],[4713419.640140705,2628797.133785964],[4713386.691588202,2629034.9389513107],[4713275.017978948,2629125.805750377],[4713046.621814101,2629145.4845110457],[4712990.349423526,2629222.3708294025],[4712943.744063643,2629095.0536643136],[4712823.58003046,2629070.803028352],[4712480.224279302,2629313.102876141],[4712549.815180872,2629434.60194177],[4712171.8099482935,2629676.1391666727],[4711971.975667018,2629663.9431300154],[4711907.743133861,2629534.9447644944],[4711471.792324477,2629232.833024606],[4711361.771766801,2628931.9520494235],[4710625.620763742,2628751.795355167],[4710640.882006569,2628668.383682824],[4710144.655971706,2627917.7519879052],[4709473.945068454,2628394.025472384],[4709200.920815431,2628382.8632411174],[4708766.204946236,2628570.6904527773],[4708474.567477612,2628563.968105836]]],[[[4734553.253312464,2692790.6579715977],[4734549.341527721,2692797.155572247],[4734549.465745952,2692796.994949231],[4734553.253312464,2692790.6579715977]]]]}},{"type":"Feature","properties":{"flugjahr":"2023","gebiet":"K\u00e4rnten"},"geometry":{"type":"Polygon","coordinates":[[[4526246.825160811,2670623.629067732],[4524874.150340446,2671130.6856588027],[4525206.778012632,2671332.8307133913],[4525494.472481303,2671143.113015026],[4525793.744658704,2671078.937417363],[4526133.503346719,2671178.099938264],[4526281.843979752,2670945.163957146],[4526705.842381272,2671445.663717274],[4526790.920537647,2671400.946521399],[4527042.42998618,2671571.6916887704],[4527144.298060028,2671832.285681652],[4527381.092507249,2671995.873618236],[4527962.224943913,2672233.824728103],[4528158.881070249,2672214.58609016],[4528450.47263812,2670424.720422864],[4528540.079368558,2670252.6804886376],[4528350.5388519345,2669450.569606721],[4528958.206993912,2668847.0368928546],[4529498.189630843,2668695.0807341808],[4529737.2830363065,2668782.754839511],[4530381.52472844,2668593.9230723474],[4530855.785679017,2668882.6235842416],[4531066.127256952,2668813.4865980307],[4531471.137030609,2668828.549169963],[4531592.657347848,2668947.993058011],[4531781.570950107,2668691.866630462],[4532025.180505572,2668583.2116924617],[4532151.446676416,2668212.768841876],[4532325.858484677,2668094.5269898074],[4532578.521389432,2668088.8019197676],[4532966.772633405,2668247.6674035382],[4533366.62079486,2668162.498723874],[4533696.086566759,2668383.2436457584],[4534177.039348345,2668540.7359583005],[4534197.946699884,2668751.214209169],[4534810.082461157,2668771.043434237],[4534907.892075689,2668698.3929844694],[4535182.329193747,2668698.642342884],[4535428.457496903,2668301.52248667],[4535712.403198336,2668140.6465185187],[4535964.001502121,2668101.8575688377],[4536222.396298113,2667399.2180462596],[4536418.77390972,2667190.4305318273],[4537104.856065426,2667111.0299861366],[4537161.258848475,2666965.5196710136],[4537475.9895394,2667087.608336499],[4538399.330698954,2666988.3420766206],[4538517.165945267,2667215.6592408344],[4538799.846018376,2667464.347394667],[4539147.564370615,2667633.9230536777],[4539636.468751056,2667435.7170346277],[4540187.20680498,2667508.8385659205],[4540725.12588328,2667173.800398908],[4541490.855629528,2667140.0204067584],[4541681.002797477,2667213.0385583574],[4542791.928172194,2667280.229719079],[4543529.131113406,2667027.140860494],[4543982.136952499,2666825.3546283506],[4543932.125500889,2666535.541503273],[4544195.825328184,2666218.2545470893],[4544488.979085198,2665522.6848145784],[4544526.913825111,2664972.2395479116],[4544759.913438493,2664773.611569708],[4545452.942265665,2664442.0292468816],[4545284.792945347,2663989.3972928245],[4545678.103313168,2663190.3015878913],[4546039.13899899,2662995.9099057135],[4546355.178497484,2662707.4853439573],[4546984.455931353,2662587.1278817346],[4547690.298200232,2662698.769732426],[4547966.318394353,2662328.5430799136],[4548929.300862495,2662780.749719559],[4549390.349029412,2663311.0196524514],[4550380.6699198885,2663142.5321211927],[4550544.2086310955,2663005.4919757457],[4550578.065879812,2662692.2875615973],[4550453.031293062,2661976.900920498],[4551020.545573688,2661672.8342213794],[4551648.417158924,2661584.4258691873],[4552062.394786627,2661254.882213215],[4552647.196537005,2660947.494259621],[4552864.759614488,2661115.7770367865],[4553527.176958084,2660613.304600263],[4554855.908611584,2660163.722655546],[4555371.846882534,2660864.5312941703],[4555474.466027329,2661153.707148564],[4555455.6840973925,2661735.517450941],[4555654.909717289,2661783.962581478],[4555794.640246731,2661634.188128417],[4555990.024153763,2661759.4817982884],[4556400.193948801,2661598.331149706],[4556839.734040382,2661568.032568624],[4557308.169355511,2661714.0769350934],[4557716.302881834,2661645.860908812],[4558966.23050282,2661902.487159076],[4559379.38362629,2662767.2649881165],[4559690.422900929,2662766.7241838826],[4559858.446687972,2662887.7988949916],[4560291.948040414,2662812.234833143],[4560999.275624531,2662901.0083106607],[4561550.49997543,2663124.3118630024],[4561991.247581055,2663572.70919561],[4562144.613633139,2663639.108954475],[4562568.538050926,2663553.1122390614],[4563134.107388697,2663895.0909752008],[4563373.720985895,2663797.8253731593],[4564109.264112048,2663824.363748017],[4564649.612330591,2663997.6759049594],[4565393.90639513,2663984.099885873],[4566473.718968015,2664432.2395123346],[4568073.237806644,2664917.757772244],[4568161.519434415,2665144.7916986574],[4567830.126327858,2667097.967929707],[4567407.177709509,2667437.5737518375],[4567475.116846671,2667671.6974055935],[4567772.202842359,2668095.1717022536],[4567987.089671685,2668980.1192735513],[4568779.286659283,2669246.8098544176],[4569985.820114678,2669923.7808344425],[4570842.301881906,2669887.295538771],[4571285.607885596,2669609.143664976],[4571545.302390956,2669223.196918868],[4571848.350353542,2669083.7871093387],[4572590.598994843,2669025.176580549],[4572704.297435381,2669312.3894808027],[4573605.529591188,2669639.5508122314],[4573730.328420784,2669913.2561635124],[4574178.060660279,2670165.9945663046],[4574588.547025048,2670172.5214761673],[4575346.740445176,2668695.882759373],[4576198.075946213,2667760.6030629743],[4576234.300510766,2667181.8693089047],[4576800.125769609,2666659.028948445],[4577462.507493995,2665805.3441975806],[4577801.020571755,2665003.114474537],[4578323.911804749,2664223.1947679566],[4579629.309585488,2663397.4673793195],[4580586.412833685,2662471.030867145],[4580813.407693777,2662113.0421089623],[4581050.18654289,2662036.666882309],[4581260.707116457,2662126.2057318827],[4581433.879795493,2662106.9944599355],[4582241.036918034,2661771.1567329867],[4582744.877632294,2661451.6731681046],[4584957.448682655,2658316.5387881324],[4585455.564060051,2657852.7093125777],[4586343.0253513055,2656568.950431335],[4587267.947106675,2656059.362758878],[4588554.89418412,2654897.7380511477],[4589092.659358016,2654604.810761763],[4589447.553068937,2653978.4437184883],[4590238.724780789,2652352.1559604616],[4590628.394091945,2650535.668723792],[4590522.410081768,2649379.206513495],[4589526.464763494,2647928.474722027],[4589057.167585877,2647061.859467861],[4588501.711819879,2644697.510659137],[4588205.6945821615,2642724.1154552354],[4587869.744110988,2642038.598215759],[4587418.375910823,2641426.9211448617],[4587208.365072999,2641302.387449388],[4584858.209057395,2641061.3892296394],[4583666.295208536,2641119.719373789],[4582779.278140039,2640941.695595106],[4581159.523517124,2641162.8811504957],[4579638.093265965,2641057.3202887704],[4579056.711386294,2640947.100474196],[4577971.862082623,2641678.6716986885],[4577695.958259633,2642263.555178345],[4577707.297330935,2642671.2711919416],[4577333.707054876,2642875.571749313],[4576363.673712125,2643708.362960687],[4575581.851983624,2643922.287687351],[4575304.114915754,2644549.1116966503],[4575039.573167869,2644918.4033230087],[4574267.450135178,2645116.7836551927],[4573205.516656986,2645597.2917837007],[4572563.581610651,2645658.462440218],[4572239.058014449,2645816.953621774],[4571828.156737508,2646164.6568908636],[4571407.631805308,2646295.816958418],[4570804.559773313,2646200.6625776207],[4570566.90811121,2646274.0212558093],[4569861.824926157,2646935.6787766838],[4568925.712278813,2648832.597244501],[4568245.052476793,2649001.109039448],[4567772.2718749605,2649758.2710252996],[4567081.049250435,2650584.6719075837],[4564522.329286741,2651592.372489379],[4563752.687381406,2652010.020064485],[4563091.507145224,2652122.3721638084],[4562740.086032139,2651839.440456791],[4561884.871226758,2651643.948452454],[4560775.197707678,2651701.146287068],[4559952.543730571,2651448.090295205],[4559094.326026085,2651367.547792514],[4557336.570527015,2651488.8029207047],[4556503.420337234,2651339.377416716],[4555714.010440547,2650366.4824567926],[4555110.325472295,2648854.6633047345],[4555134.148752489,2648444.530054602],[4555270.242457011,2648010.412112096],[4555220.700874985,2647836.1043811133],[4554804.272873973,2647273.1508000353],[4554095.759349324,2646629.0792665873],[4552466.708698805,2645792.652288455],[4550550.466918749,2645016.50379658],[4549561.523895204,2644299.906440591],[4548459.851024288,2644010.4658359587],[4547934.916792302,2643614.7741408586],[4547136.858889441,2642840.744003215],[4545716.509014574,2642529.017178829],[4545244.376656264,2642209.7710227002],[4544422.7843401395,2641953.8940471844],[4543443.696567869,2642141.2058962975],[4540971.704511034,2642904.0199322347],[4540693.863689711,2643187.7304710243],[4539862.795331902,2642896.457442987],[4539520.995878867,2642428.829134157],[4538373.1292163385,2643178.6106274514],[4538420.0951522775,2644173.9602273926],[4538275.104019085,2644909.8179554217],[4538198.149740381,2646424.6797707337],[4538083.950019598,2646649.316617869],[4537725.726297979,2646866.102514734],[4537453.725290289,2647260.0277435696],[4537869.178185969,2648125.0995593513],[4537670.0429633465,2648754.8654708695],[4537035.8055389505,2649181.1274210406],[4536467.778416301,2649426.9861305356],[4536146.263680634,2649789.1350530004],[4535791.484743484,2649845.895366586],[4535367.303137064,2650045.116491469],[4534615.22543594,2650001.9564043004],[4533662.27714756,2650679.601573652],[4533613.524458391,2650851.3615784547],[4533791.668137434,2651331.661462864],[4533643.481963283,2651683.714430116],[4533443.831441994,2651804.168520873],[4533063.113323329,2651861.6020812867],[4532372.614291879,2652295.907712835],[4531831.380637153,2652834.3844423685],[4531627.277708547,2653368.30751125],[4531465.051169035,2653555.6868186556],[4530523.810916903,2653800.756321253],[4530431.617960233,2654437.0375741846],[4530264.357628842,2654726.884040675],[4530244.196919492,2655037.883780938],[4529985.237782659,2655741.2610257585],[4529721.478852209,2656274.0858194223],[4529082.679836222,2657103.7677170336],[4529107.118389779,2657265.259312519],[4529780.171117008,2658160.062240928],[4529809.035124935,2658576.5978229493],[4529735.323768524,2658970.1151763685],[4530046.641603305,2659246.593909814],[4530381.414283624,2659904.5907744723],[4531816.1507116305,2661120.274331308],[4533147.692383847,2662417.418071343],[4533787.950192999,2664672.0601421297],[4532629.391952961,2665590.0109882485],[4531637.8012597365,2666740.266997746],[4528325.683059097,2669255.50981614],[4526246.825160811,2670623.629067732]],[[4532456.540696825,2665796.9273274587],[4531932.60733675,2666424.116140021],[4532436.757229188,2665820.5780712366],[4532456.540696825,2665796.9273274587]]]}},{"type":"Feature","properties":{"flugjahr":"2022","gebiet":"Tirol"},"geometry":{"type":"Polygon","coordinates":[[[4523362.771999629,2668902.7980024316],[4523961.643347104,2668319.5647383146],[4524302.1091091065,2668302.67594708],[4524502.9584003175,2668196.998675592],[4525002.821192154,2667707.0447029755],[4525105.459966277,2667445.8267937778],[4525466.16256547,2667151.968216881],[4525610.866528648,2666791.2631985415],[4526005.040622868,2666484.8995410455],[4526307.436757296,2666397.6202898817],[4526555.955841809,2666209.216560238],[4526769.347949533,2665800.345227766],[4527537.962979604,2663466.0219940543],[4527712.832192321,2663213.501203106],[4528921.856521444,2663023.3584187175],[4529493.356695874,2663069.4635426505],[4529997.493848237,2663211.495977415],[4530288.695695208,2663467.5556053435],[4530755.19726672,2663537.5787809603],[4531041.122352516,2663407.437450543],[4531562.082615754,2663344.1517365556],[4532228.357210649,2662733.236598641],[4532314.024775312,2662456.300003627],[4532231.124192955,2662178.3023926914],[4531873.251754179,2661940.540066992],[4531663.83318354,2661692.1152607966],[4531076.848505311,2661373.142699181],[4530987.375176517,2660459.644971939],[4530381.414283624,2659904.5907744723],[4530046.641603305,2659246.593909814],[4529744.556566798,2658987.8957416345],[4529780.171117008,2658160.062240928],[4529107.118389779,2657265.259312519],[4529085.442891158,2657094.314679519],[4529721.478852209,2656274.0858194223],[4529985.237782659,2655741.2610257585],[4530244.196919492,2655037.883780938],[4530264.357628842,2654726.884040675],[4530431.617960233,2654437.0375741846],[4530523.810916903,2653800.756321253],[4531465.051169035,2653555.6868186556],[4531627.277708547,2653368.30751125],[4531831.380637153,2652834.3844423685],[4532372.614291879,2652295.907712835],[4533063.113323329,2651861.6020812867],[4533443.831441994,2651804.168520873],[4533643.481963283,2651683.714430116],[4533791.537162735,2651337.790589774],[4533613.524458391,2650851.3615784547],[4533673.681450928,2650668.5256509655],[4534615.22543594,2650001.9564043004],[4535367.303137064,2650045.116491469],[4535791.484743484,2649845.895366586],[4536146.263680634,2649789.1350530004],[4536467.778416301,2649426.9861305356],[4537035.8055389505,2649181.1274210406],[4537654.607366449,2648775.9452539384],[4537870.106457444,2648131.57195377],[4537454.834477912,2647253.1498331735],[4537725.726297979,2646866.102514734],[4538012.087520061,2646715.7525495947],[4538159.82524303,2646535.5382352136],[4538201.171625637,2645686.558364082],[4537909.279867433,2645566.554282527],[4537614.5687381625,2645635.673074879],[4534937.108761127,2648275.2844539103],[4532651.4293186795,2649560.600442239],[4531915.875281132,2650428.131550343],[4531337.984113963,2650528.1762714153],[4530760.592325496,2649941.142669225],[4531056.9592561275,2648639.6917840564],[4532740.262396739,2647347.4327799883],[4533608.36255317,2644910.740865577],[4534387.171698768,2644174.2840225818],[4533771.9989592545,2643963.435971066],[4532449.226108601,2644873.356623834],[4531388.797716575,2645118.1485958756],[4531220.933124547,2645094.6567885843],[4530145.079312659,2646121.4805714563],[4529751.709544073,2646636.519250005],[4528972.47486848,2647187.2933952324],[4526709.56619075,2649408.5998143572],[4524910.161888796,2650949.298770166],[4523361.342183027,2652441.633731464],[4522405.132211923,2653204.921929354],[4522317.423815879,2654065.923832099],[4523291.620701272,2654976.690882327],[4524782.909133121,2654432.2345715854],[4525456.387243991,2654784.9654894522],[4525522.839740717,2655313.023097816],[4525120.727902673,2656020.992580373],[4523914.330922884,2657069.342467485],[4525630.328831404,2657973.7057125354],[4526294.94092941,2658772.510576943],[4526352.21117068,2659380.003684501],[4525773.361589434,2660156.049182885],[4524264.519975977,2659605.518645938],[4523447.392127319,2659668.139558793],[4523204.436781629,2660400.2306082384],[4522326.670447734,2660668.57746579],[4521904.1727915695,2661505.0022867722],[4521037.148277751,2661703.622594552],[4520970.614102072,2662924.888132331],[4521292.035615798,2665331.838809467],[4521195.499349399,2666076.871891008],[4520647.057502469,2666418.6705322214],[4520115.719428194,2666334.7156737116],[4519818.809110078,2665236.4930901313],[4519610.270855613,2663024.91556818],[4519714.973310049,2660452.560273446],[4520108.903727491,2659494.3174022594],[4519594.242863989,2658845.7745296396],[4519587.741305997,2661129.651393652],[4519447.567000968,2662101.2303912225],[4519483.902811989,2662669.162466235],[4519162.888399171,2666527.7976653785],[4518886.235604664,2668506.8715750882],[4518664.628899204,2671057.1198428385],[4519622.658624467,2670848.0133411437],[4519855.81561422,2670645.345536642],[4520039.320429275,2670617.509724582],[4520458.623604791,2670303.118580113],[4520683.365840485,2669890.5422065053],[4520860.818271562,2669782.9220390613],[4521524.817294722,2668953.829295354],[4521713.235715535,2668928.2147947997],[4521791.716861836,2668816.1876104744],[4522000.608340227,2668791.9852944105],[4522340.694233658,2668583.5899611255],[4522588.210708139,2668592.6164134922],[4522978.378996285,2668441.9665810666],[4523035.345079755,2668756.5671618176],[4523362.771999629,2668902.7980024316]]]}},{"type":"Feature","properties":{"flugjahr":"2022","gebiet":"Tirol"},"geometry":{"type":"Polygon","coordinates":[[[4540182.684856305,2631200.2854036465],[4539640.045141106,2631144.6197340423],[4538603.066535166,2630021.5494226855],[4538368.383991526,2629887.4463797323],[4537664.057926621,2629732.0996578173],[4537002.617122981,2629918.224918276],[4536046.9933380475,2629759.9658717345],[4535769.986520895,2629922.234141241],[4535595.943600344,2630438.2307728617],[4535392.98774487,2630529.490375418],[4535112.685081247,2630389.8343287157],[4534588.05515801,2630301.304843763],[4534219.417754114,2630045.8542087474],[4533435.7465397585,2629993.9361866903],[4532601.192330522,2629681.910456806],[4532042.68216816,2629717.3585680174],[4531716.443889655,2629442.801224198],[4531308.564417033,2629353.633639414],[4530734.475497792,2628763.0894512683],[4530451.668940721,2628654.8076165426],[4530023.066116837,2628693.3507329347],[4529665.925780219,2628874.6407468542],[4530258.277952387,2629670.0765888775],[4530088.595356947,2629894.0270259236],[4528933.974745329,2630261.2040498764],[4528187.674697289,2630298.7798845097],[4527793.988950753,2630591.276283572],[4527868.383032844,2631131.164845428],[4528693.3648436675,2630923.761068502],[4529125.2043034835,2631054.049575296],[4529287.814712002,2631339.127830047],[4528415.043617494,2632030.6062729773],[4528117.56550432,2632520.842631043],[4528374.280406933,2632795.034092504],[4529834.64852993,2632765.6388523034],[4530478.372116721,2633480.5139677627],[4531676.970787981,2633336.940627543],[4532357.231123383,2632973.2606329964],[4532536.003517679,2632434.4630818847],[4532301.649283528,2631454.8755001985],[4532142.256902541,2631156.700187869],[4532430.878866351,2630918.1711655855],[4533263.728211695,2631272.8070694846],[4533186.403990796,2632233.149311439],[4533567.604016817,2632793.427342046],[4533913.464401941,2632776.6166515113],[4534198.840020777,2632250.542799648],[4534482.779711364,2632197.0394114773],[4534626.695186726,2632699.611736715],[4535019.988344017,2633166.7759361104],[4537276.629855584,2633219.3954295274],[4538123.735135133,2633106.041793026],[4538423.03808519,2632682.35769397],[4537724.713914102,2631928.103545124],[4537542.631074143,2631159.212537848],[4538283.072225934,2631274.9257819145],[4540250.800512576,2632667.6169710676],[4540947.951718821,2631802.3677188065],[4541064.866336742,2631479.9496173477],[4540182.684856305,2631200.2854036465]]]}},{"type":"Feature","properties":{"flugjahr":"2022","gebiet":"Tirol"},"geometry":{"type":"Polygon","coordinates":[[[4527115.731872352,2628812.676789676],[4526190.4559504185,2628131.5023613176],[4524833.235864952,2628134.6579924943],[4523231.514139143,2628889.02905547],[4522337.463516675,2629502.5773947965],[4522662.435787475,2630282.021849387],[4523253.62100868,2630456.784235283],[4524087.724568438,2629710.5207794243],[4525751.817943091,2629479.8675246057],[4525778.334896901,2631288.468164851],[4526174.191055842,2631941.12249867],[4526649.836543115,2631729.430207258],[4526593.505382354,2631070.711641274],[4527115.731872352,2628812.676789676]]]}},{"type":"Feature","properties":{"flugjahr":"2022","gebiet":"Tirol"},"geometry":{"type":"Polygon","coordinates":[[[4521718.145888539,2627107.183567998],[4519880.684131318,2627184.319496471],[4518043.168899205,2627261.5134687754],[4520092.224718503,2629058.16264924],[4521580.576390337,2628328.815550893],[4522149.074508211,2627930.7110436675],[4521718.145888539,2627107.183567998]]]}},{"type":"Feature","properties":{"flugjahr":"2022-23","gebiet":"K\u00e4rnten"},"geometry":{"type":"Polygon","coordinates":[[[4543901.309965249,2616601.3746695984],[4546400.667488339,2616712.1390677867],[4546184.467149682,2621703.248826872],[4548684.781397877,2621815.083931932],[4548576.66903396,2624310.2099452233],[4546077.374773755,2624198.4033598155],[4545752.898932999,2631685.770912793],[4570748.959237527,2632805.762700906],[4570640.680427462,2635300.9914474506],[4575638.90871161,2635525.7591436235],[4575313.768125969,2643012.765557303],[4577097.373933266,2643093.6924171546],[4577707.297330935,2642671.2711919416],[4577695.958259633,2642263.555178345],[4577971.862082623,2641678.6716986885],[4579172.802102399,2640927.3157157497],[4579638.093265965,2641057.3202887704],[4581159.523517124,2641162.8811504957],[4582779.278140039,2640941.695595106],[4583666.295208536,2641119.719373789],[4584858.209057395,2641061.3892296394],[4586341.832418048,2641206.2896636194],[4587287.628165839,2641322.971878762],[4587822.241268909,2641974.224507777],[4589994.334443675,2642213.512749156],[4590525.771956493,2642042.389723206],[4591272.361018629,2641462.7775555644],[4591832.042065634,2641426.0017057974],[4593540.178451037,2640577.650570388],[4594506.446619154,2639984.8460076516],[4595193.402527811,2639884.9238939933],[4596564.965249553,2639034.344729504],[4596927.826808249,2638454.4410873866],[4597979.447639022,2637795.572548289],[4599068.209127379,2636073.8859981885],[4599923.776494421,2635177.08753352],[4600287.194626125,2634515.174908341],[4600499.420604114,2633850.4286138634],[4599982.535049516,2628009.200705157],[4598594.038735865,2627242.1586295255],[4597793.833139955,2627002.936813448],[4596595.689228113,2625683.2516372497],[4596753.531201458,2625232.178278005],[4596531.575147208,2624712.928732908],[4595461.2977694925,2623978.316759992],[4594776.912762645,2623748.3405440133],[4594262.178249177,2623140.8547266005],[4594053.202792873,2622368.104749934],[4594076.057049093,2621217.6627372513],[4592927.9227605425,2619875.38357597],[4591844.462225247,2617825.6941759316],[4591645.605872682,2617720.68900855],[4591344.9526667865,2617791.1692364914],[4590922.546116507,2617410.9759830814],[4591741.827621507,2616841.666076933],[4591941.426565924,2616097.368791638],[4591327.640045699,2615347.4137352044],[4590364.390377016,2614361.6650038036],[4589862.925329979,2612033.5680209296],[4589802.097632351,2612156.7775149373],[4589455.615245639,2612116.949859847],[4589205.364826792,2611936.0349914753],[4588257.197008354,2611522.2621800196],[4587888.629261528,2611465.0488467477],[4587628.829999835,2611082.5286701694],[4587173.2768385485,2611064.65689608],[4586646.086377213,2611215.2346773716],[4586579.65010339,2611161.4805772505],[4585990.819956744,2611233.958161356],[4585803.949910639,2611187.2738162396],[4585678.068946854,2610980.239256],[4585158.205662102,2610885.031634188],[4584893.57340186,2611016.457836939],[4584840.811124517,2611135.4997858377],[4584636.238516356,2611147.742655108],[4583966.548852405,2610932.0023983945],[4583288.9832199,2611090.6229090625],[4582968.71481383,2611242.8389763003],[4582555.099689876,2611258.3170296187],[4582402.406160779,2611313.874778641],[4582339.910605017,2611524.921035082],[4582451.130636142,2612437.3999661724],[4581903.669078847,2612420.8906974248],[4580890.920305888,2612918.003501648],[4580386.99984144,2612917.5455960664],[4579674.315408262,2613134.379630564],[4579430.298185276,2612561.714578041],[4579576.958071763,2612297.657455432],[4579649.71593195,2611876.6638853243],[4579601.525848166,2611789.9548835168],[4578980.33268723,2612090.6572872805],[4578505.1176725505,2611915.2511457265],[4578185.969990004,2611664.578546466],[4577996.350586013,2611777.380998099],[4577848.55796942,2611757.177259229],[4577558.471897711,2611990.427572879],[4577461.1795742065,2611794.696639099],[4577229.4064035285,2611620.891500354],[4577152.6797354445,2611323.45333232],[4576944.679812491,2611281.9326205472],[4576721.752928653,2610987.444525173],[4576697.298591625,2610826.7571546184],[4576368.46345772,2610643.7502343967],[4575837.814016133,2609862.1083369143],[4575740.53285804,2609897.3005140037],[4575749.666364828,2610043.752075261],[4575391.499428774,2609973.8436301374],[4575255.662580487,2610093.6738780024],[4575144.184829483,2610042.113319016],[4574750.721147411,2610194.6987625356],[4573998.1190460455,2610786.79884571],[4573434.366523354,2610688.7903521657],[4573096.689870778,2610389.350630428],[4573007.0259383265,2610486.782849646],[4572425.52606778,2610692.6770270457],[4572247.543022312,2610667.8473182535],[4572136.408304019,2610773.6641815556],[4571843.449114185,2610788.477734507],[4571233.155584515,2610331.2162203686],[4570779.245922687,2610611.728128395],[4570581.416760425,2610652.708568235],[4570312.9243381405,2610485.6621434237],[4570105.024585764,2610139.5196579667],[4569761.516146986,2610088.6586432965],[4569623.505332151,2609637.3292703563],[4569318.48532689,2609834.103933975],[4569024.677177972,2609842.4121273193],[4568976.166558698,2610436.735024628],[4568709.847386963,2610648.825380274],[4568510.285915737,2610991.3202621876],[4568058.706248497,2611165.202589522],[4567820.516552624,2611631.630055269],[4567174.505180148,2611485.6242892426],[4566717.9790746905,2611777.261719934],[4566275.426852701,2611680.352916737],[4565938.675155808,2611777.990761303],[4565340.511648251,2612189.6804109216],[4564820.16203468,2612345.170938552],[4564781.570882256,2612487.0175304473],[4564667.20399605,2612551.607311099],[4564635.816474835,2612759.87189202],[4563972.503666476,2613117.459403167],[4563939.450772917,2613530.2746466803],[4563760.856473733,2613557.979933528],[4563526.389253362,2613434.0433312515],[4562813.376124934,2613466.9666297347],[4562653.593453992,2613563.8219296634],[4562292.220581423,2613257.196812916],[4562079.880075446,2613312.882311592],[4561927.13264745,2613547.3070692318],[4561580.837901522,2613688.433284161],[4561395.315702649,2613627.6939027887],[4561157.081703306,2613703.1093462277],[4561054.959611106,2613604.3143400755],[4560886.039741449,2613725.803604724],[4560701.640725182,2613615.976886869],[4560366.557633677,2613701.0674096486],[4560050.01409052,2613948.6265901886],[4559764.990608153,2613911.4080829443],[4559425.212666852,2614123.288348099],[4559157.528324874,2613935.6629646798],[4558417.287106378,2614241.325360631],[4558071.032805818,2614561.544492958],[4557441.591337748,2614707.439642701],[4557376.704796196,2614498.881199889],[4557091.8920342615,2614379.5087350644],[4556709.685926705,2614407.5832614005],[4556585.3664271375,2614315.188935642],[4556410.195058895,2614400.380559876],[4556286.017623368,2614317.423021095],[4555903.344686974,2614413.390515577],[4555694.991432055,2614079.4841474965],[4555234.936364197,2614107.203390304],[4554622.234349571,2613848.845399226],[4554169.150716603,2614044.4421115355],[4553541.207547654,2613884.2833410935],[4553145.059283251,2614002.999822939],[4553064.559383888,2614187.8096686737],[4552678.529525535,2614504.0824947995],[4552613.984272733,2614350.9297279515],[4552316.373186078,2614474.203387688],[4551600.240279302,2614163.2192430124],[4551131.424975157,2614488.580849901],[4550964.775166539,2614495.8945644423],[4550653.4683236815,2614365.1983345565],[4550528.620675531,2614385.1289725257],[4550409.665688762,2614169.374824376],[4550039.649095633,2614123.845018553],[4549731.027334972,2614229.7578022443],[4549595.2419500565,2614408.773135107],[4549299.349834947,2614232.0082546165],[4549213.386689359,2614335.7787042274],[4548816.120729816,2614392.0290087517],[4548791.680387355,2614516.1308095693],[4548571.65885239,2614515.4877578816],[4548441.155786215,2614681.1856902586],[4548061.892761638,2614618.453037121],[4547690.973188778,2614794.6747246413],[4547649.255170254,2614694.2828320954],[4547534.745531721,2614703.064207918],[4547093.197067009,2614317.0426387656],[4546346.017430724,2614662.8807426323],[4545895.212318041,2614961.0827650977],[4545827.5299144,2615123.641318077],[4545466.451826488,2615170.82316089],[4545195.17382957,2614991.911918878],[4544877.917322207,2614950.989928311],[4544118.550513883,2615015.5259731407],[4543975.793648297,2614863.7412500917],[4543901.309965249,2616601.3746695984]]]}},{"type":"Feature","properties":{"flugjahr":"2022","gebiet":"K\u00e4rnten"},"geometry":{"type":"Polygon","coordinates":[[[4540480.317351257,2641860.6814181916],[4539553.302520024,2642415.746134489],[4539862.795331902,2642896.457442987],[4540693.863689711,2643187.7304710243],[4540971.704511034,2642904.0199322347],[4543443.696567869,2642141.2058962975],[4544422.7843401395,2641953.8940471844],[4545244.376656264,2642209.7710227002],[4545716.509014574,2642529.017178829],[4547052.028319781,2642809.9369543996],[4548459.851024288,2644010.4658359587],[4549561.523895204,2644299.906440591],[4550550.466918749,2645016.50379658],[4552466.708698805,2645792.652288455],[4553967.825705829,2646529.2999470313],[4554804.272873973,2647273.1508000353],[4555213.307787393,2647821.7658041418],[4555270.242457011,2648010.412112096],[4555134.148752489,2648444.530054602],[4555110.325472295,2648854.6633047345],[4555714.010440547,2650366.4824567926],[4556503.420337234,2651339.377416716],[4557336.570527015,2651488.8029207047],[4559094.326026085,2651367.547792514],[4559952.543730571,2651448.090295205],[4560775.197707678,2651701.146287068],[4561884.871226758,2651643.948452454],[4562740.086032139,2651839.440456791],[4563091.507145224,2652122.3721638084],[4563752.687381406,2652010.020064485],[4564522.329286741,2651592.372489379],[4567081.049250435,2650584.6719075837],[4567772.2718749605,2649758.2710252996],[4568245.052476793,2649001.109039448],[4568925.712278813,2648832.597244501],[4569861.824926157,2646935.6787766838],[4570566.90811121,2646274.0212558093],[4570804.559773313,2646200.6625776207],[4571407.631805308,2646295.816958418],[4571828.156737508,2646164.6568908636],[4572239.058014449,2645816.953621774],[4572563.581610651,2645658.462440218],[4573205.516656986,2645597.2917837007],[4574267.450135178,2645116.7836551927],[4575039.573167869,2644918.4033230087],[4575304.114915754,2644549.1116966503],[4575581.851983624,2643922.287687351],[4576363.673712125,2643708.362960687],[4577097.373933266,2643093.6924171546],[4575313.768125969,2643012.765557303],[4575638.90871161,2635525.7591436235],[4570640.680427462,2635300.9914474506],[4570748.959237527,2632805.762700906],[4545752.898932999,2631685.770912793],[4546077.374773755,2624198.4033598155],[4548576.66903396,2624310.2099452233],[4548684.781397877,2621815.083931932],[4546184.467149682,2621703.248826872],[4546400.667488339,2616712.1390677867],[4543901.309965249,2616601.3746695984],[4543964.785773682,2614853.681899257],[4543702.192038815,2614781.1037232224],[4543253.628606095,2614985.866406358],[4543053.449445587,2614954.0298537184],[4542876.13476336,2614800.078519351],[4542425.544971579,2614622.2154098935],[4541951.069569212,2614660.8685513916],[4541610.130073726,2614865.6286033127],[4541255.337165336,2614675.309695749],[4540681.964671735,2614894.5750525235],[4540335.415962429,2614510.9587812857],[4539709.012920964,2614292.563133397],[4539510.327698031,2614388.821769883],[4538910.282214888,2614461.7005127445],[4538198.759304919,2614842.7531818305],[4538136.099254697,2615121.929208281],[4538234.112189558,2615367.7082132855],[4538122.501969366,2616155.706380143],[4538371.89103769,2616785.594671878],[4537913.837551518,2616947.2501024217],[4537910.782372973,2617202.6401377963],[4537690.827043862,2617041.0881282794],[4537048.272667721,2616809.392532696],[4536717.817414854,2617023.3656363077],[4536796.084538368,2617160.3973788214],[4536253.43416725,2617106.1840604194],[4535653.942740858,2617467.292149135],[4535251.954452178,2617837.3674771274],[4535126.609810691,2618321.0133743864],[4535043.070273218,2618369.6277691238],[4534503.513541216,2618452.9829205247],[4534304.578605595,2618575.992038004],[4533656.4585391935,2618738.9018821884],[4532945.303625715,2618677.1960448422],[4532608.290969288,2618832.0667735543],[4532194.141901554,2618737.155229734],[4531982.008881338,2618556.588203359],[4531778.48803942,2618508.6713411403],[4531481.78865245,2618178.54732901],[4531427.273582328,2617757.657995614],[4531299.186690487,2617627.2091256534],[4531004.381379045,2617516.803455337],[4530799.904477039,2617319.7959254947],[4530530.786492845,2617384.171958562],[4530314.856662771,2617237.0223912364],[4530175.697840422,2617291.6849428522],[4529994.6228055395,2617544.4199965596],[4530028.86695553,2617653.417973177],[4529948.738734043,2617837.2453765143],[4529490.418044132,2618045.000108792],[4529300.132345565,2618309.0329308817],[4529267.797139212,2618525.744572901],[4529089.412648705,2618617.986349201],[4529069.210489013,2618826.0714458446],[4527958.604682285,2618989.5339564914],[4527392.271066053,2619287.114222028],[4527587.493632093,2619595.372708168],[4527631.288244183,2620577.4186113505],[4527435.393621178,2621384.117625888],[4527475.600273837,2621774.0055397367],[4527283.627655571,2622114.4242703086],[4527225.341304771,2622582.3689674754],[4527587.803914446,2623131.5311590545],[4527679.853229542,2623679.166515598],[4527655.681886578,2624285.1367378263],[4527737.870538029,2624423.3037732188],[4528190.756684522,2624548.96446215],[4529188.873214607,2624332.356022559],[4529564.213970364,2624467.570220332],[4529753.81759942,2624716.5300696637],[4529709.93552849,2625175.606260892],[4528866.765201726,2626373.6817586496],[4528847.375959812,2626625.3388809143],[4529115.183109032,2627857.861769845],[4529040.849374536,2628361.1012081574],[4529289.886135142,2628718.2194965538],[4529655.770623535,2628875.0205992674],[4530054.865123799,2628685.7218034314],[4530569.988707783,2628675.6913569835],[4531308.564417033,2629353.633639414],[4531716.443889655,2629442.801224198],[4532042.68216816,2629717.3585680174],[4532601.192330522,2629681.910456806],[4533435.7465397585,2629993.9361866903],[4534219.417754114,2630045.8542087474],[4534588.05515801,2630301.304843763],[4535112.685081247,2630389.8343287157],[4535401.671089107,2630530.7589965668],[4535595.943600344,2630438.2307728617],[4535769.986520895,2629922.234141241],[4536046.993364192,2629759.9658608898],[4537002.617122981,2629918.224918276],[4537670.595857883,2629732.4627516074],[4538403.691943004,2629897.661860446],[4538603.066535166,2630021.5494226855],[4539640.045141106,2631144.6197340423],[4540279.485536057,2631215.765542601],[4541179.176265942,2631528.8030795883],[4542675.250950028,2632919.2802069928],[4543117.496438282,2632734.9961403785],[4543584.129648166,2632183.715405863],[4544054.957042142,2631929.1842687894],[4545239.201276328,2631799.046066919],[4546426.271527671,2632562.7045052596],[4546629.89786323,2632938.37057038],[4546690.291658306,2633475.655006321],[4546931.509110031,2633804.491338235],[4547427.5612302255,2634078.213064284],[4547875.670284092,2634452.8061563494],[4548090.727228811,2634899.989528399],[4548101.499603989,2635299.032684634],[4547960.1361709125,2636145.844237959],[4547730.029232976,2636566.6264671013],[4547451.17997734,2636748.1935699414],[4546859.693880134,2636862.285375527],[4546013.197541126,2637394.062385675],[4545356.291755951,2637931.796730767],[4544577.613265936,2638309.0653138477],[4544286.111613795,2638621.094156318],[4544201.127512993,2638617.2964174966],[4544194.020203056,2638711.99538707],[4543736.097320854,2639027.0936690914],[4542479.170102085,2639344.9935884033],[4542392.676064099,2639480.1540863244],[4542384.120356474,2639989.8656524103],[4541944.720923869,2640594.3374762638],[4541696.843117372,2641171.3604760207],[4541490.791017657,2641314.6796308598],[4540744.073264452,2641544.369721484],[4540480.317351257,2641860.6814181916]],[[4560232.5669912165,2646062.888545802],[4560176.497546031,2647354.0086066984],[4560034.488951233,2647347.632494906],[4560090.557498112,2646056.512331289],[4560232.5669912165,2646062.888545802]]]}},{"type":"Feature","properties":{"flugjahr":"2023","gebiet":"Ober\u00f6sterreich"},"geometry":{"type":"MultiPolygon","coordinates":[[[[4684646.070419554,2825582.361943521],[4684750.233945592,2825223.746618535],[4685123.067024587,2825238.0272548366],[4685697.11110613,2824739.008623244],[4686126.021285013,2824797.9491692367],[4686541.777376959,2824681.0656903535],[4686985.337198616,2824166.9811977306],[4687004.832431974,2823977.652564465],[4686913.876845393,2823795.217085043],[4687014.054256547,2823704.746143946],[4687331.652888093,2823700.4479561453],[4687481.220302893,2823580.225723392],[4687530.8706498705,2823321.2073832056],[4687397.406835377,2822612.1548286383],[4687040.380622917,2822356.30492085],[4686749.488170118,2821853.2115915874],[4686464.95587031,2821610.7367261266],[4687215.879387148,2821455.316419041],[4687594.266009309,2821144.4570020107],[4688014.057610811,2821251.0358645795],[4688667.854373063,2820915.9237648733],[4688825.344233781,2820685.930081334],[4688900.850679543,2819715.20712805],[4688855.995998655,2819419.76072587],[4688514.947180849,2818918.3432329865],[4688239.581801662,2817665.0327854147],[4632851.671815353,2815110.440325317],[4632470.5195889855,2823705.952550296],[4684366.158662188,2826087.021028069],[4684646.070419554,2825582.361943521]]],[[[4676253.88441305,2796521.2388217817],[4674899.611771262,2795945.055303011],[4673781.379469064,2795622.087651174],[4673459.972505534,2795305.8980028923],[4673249.597702995,2795330.2221267894],[4672211.677417824,2795926.0406412277],[4671717.958261447,2795926.276174659],[4671229.802463068,2795081.7743404396],[4671293.5671803085,2794639.195913127],[4671163.7809443455,2794202.707771371],[4670899.912636296,2793921.2188963788],[4670320.29719453,2793534.0614998583],[4669854.807109055,2793395.454620919],[4669324.248444577,2793481.1064553037],[4668398.786601803,2793843.8507862203],[4667403.537924844,2794469.741969555],[4667310.9415611755,2794637.6656229342],[4667341.357194181,2794854.313949891],[4666312.907917205,2795079.1801420096],[4665364.534959909,2795755.290226771],[4664604.504502962,2796767.479605905],[4678355.181338719,2797368.2391788857],[4677344.93096532,2796824.953651174],[4676253.88441305,2796521.2388217817]]],[[[4654292.455341384,2795604.8764495677],[4654642.614522224,2795049.337704403],[4654708.079288388,2794657.8969161836],[4654327.126430524,2793021.517064117],[4653831.097776453,2792329.9275557916],[4653654.155233117,2791782.16542517],[4654379.745825836,2791026.645828657],[4654485.106364084,2790684.093599586],[4654514.619380248,2790177.8796421387],[4654434.552471234,2789838.8203529506],[4653909.750227407,2789185.947857346],[4653850.981479522,2788930.9465586455],[4654336.57039493,2788956.300026117],[4655323.030161136,2788550.157782921],[4655806.787630918,2788142.9157636953],[4655922.899810253,2787760.815662904],[4655675.033201036,2787298.888898183],[4654810.41392763,2786698.4500974226],[4634151.142911566,2785752.693652616],[4633690.494227662,2796167.727412162],[4654462.409061253,2796647.8739076387],[4654516.084946413,2796318.967737856],[4654292.455341384,2795604.8764495677]]]]}},{"type":"Feature","properties":{"flugjahr":"2023","gebiet":"Ober\u00f6sterreich"},"geometry":{"type":"Polygon","coordinates":[[[4561062.4856735505,2768605.514828471],[4560552.431740389,2768572.4444654686],[4560602.787185155,2768247.022425898],[4560352.257803512,2768262.735500661],[4560291.862894603,2768110.4230816043],[4560007.65109522,2768049.575285373],[4559580.885032404,2767735.1523106983],[4559608.131388178,2767639.3249283023],[4558668.383977015,2767489.885660835],[4558430.730151504,2767611.2446824335],[4557762.309674796,2767497.5577882],[4557623.511278389,2767716.430742791],[4557414.948303049,2767745.5495998207],[4556956.121803791,2767624.808619299],[4556295.951948683,2767209.362975521],[4556324.249773821,2767283.1776677677],[4556093.289700707,2767434.379502434],[4556240.622174719,2767579.580561068],[4556095.980482343,2767806.19348845],[4555938.458773662,2767824.615877023],[4555901.583108305,2767946.0204799455],[4555729.630863727,2767928.270941827],[4555819.4648539955,2768037.3739131656],[4555690.311056024,2768333.224186192],[4556044.33871396,2768594.307844734],[4556076.5364201125,2768909.947456337],[4556328.862147665,2769069.90692405],[4556428.839909057,2769233.012087139],[4556438.5207068985,2769411.5617398857],[4556236.14295078,2769755.6676764595],[4555880.244248016,2769833.187552486],[4555038.91086733,2769290.939276991],[4554686.170726382,2769182.989091462],[4554609.097553327,2769056.944409843],[4554408.115821741,2769050.3907396407],[4554288.306024792,2769088.020752361],[4554407.042893815,2769678.7161307707],[4554313.731620219,2769876.6339249457],[4553599.25421875,2769717.874749054],[4553435.993588251,2769604.9567521443],[4553188.135921922,2769833.424513717],[4552800.119243607,2769833.4490930876],[4552615.639124474,2769998.2386027193],[4552302.790670802,2769985.1555925063],[4552056.1105900165,2769844.975505571],[4551921.698243639,2769929.9761955603],[4551912.163864227,2770215.2157526757],[4551701.296879032,2770638.4845880526],[4551480.495912877,2770535.992504358],[4551269.149043242,2770867.689056212],[4551061.421418957,2770684.228769938],[4550649.739696422,2770698.693275906],[4550872.802906388,2770931.881181389],[4550812.544615019,2771015.715788338],[4550923.99881725,2771213.8519248236],[4550642.616709627,2771510.3495276184],[4550388.921215796,2771974.1962592024],[4550095.441742742,2771782.368603563],[4549723.145654168,2771868.6590390913],[4549721.001862476,2772247.790517696],[4549354.772185843,2772503.470815763],[4549376.7502918895,2772675.561004954],[4549226.24042214,2772693.80396033],[4549242.0320471125,2772904.137222965],[4549418.4413496945,2773082.6756403437],[4549335.699383575,2773347.6092468216],[4549181.316595598,2773431.2147892276],[4548881.121797708,2773426.2128972597],[4548400.1446281755,2773182.9429542627],[4548481.4277909575,2773463.763121704],[4548645.466617936,2773650.247563102],[4548449.082679417,2774108.680843058],[4548471.564983008,2774417.3686425807],[4547850.712703839,2774702.121632728],[4547553.941073445,2774346.0651464006],[4547466.445108699,2774400.159866747],[4547173.728493082,2774054.288775434],[4547154.456238348,2773911.839112393],[4546779.070779007,2773589.777510548],[4546449.120911311,2773680.5125906365],[4546097.846798056,2774051.443898452],[4545840.230822587,2774057.369287035],[4545440.9471191345,2773903.3279579654],[4545283.385731458,2773763.1618387448],[4545313.05118319,2773498.3471050835],[4545073.9086281955,2773266.4574831272],[4544854.812005254,2773148.034930843],[4544516.490811997,2773247.373316915],[4544217.4075703295,2773023.8010269823],[4544107.975384208,2773109.9280630946],[4543737.662686466,2773037.2404750837],[4543701.119452601,2772946.0478529623],[4543528.697008592,2772938.7904909463],[4543534.787974652,2772788.981484984],[4543375.489945884,2772733.7866476155],[4543099.3853545785,2772454.212439359],[4542828.305630721,2772447.520153992],[4542102.617288153,2773318.3871344365],[4541811.691291819,2773524.424202061],[4541594.633795407,2773462.1323760296],[4541339.275915088,2773667.7671312303],[4541395.352625648,2773713.3132075365],[4540979.820766923,2773849.710855102],[4540260.283441076,2773794.840233033],[4539745.915718027,2773525.574799195],[4538810.290245799,2772222.8196537863],[4538313.540540649,2772202.001172676],[4538028.544128418,2772067.6253257473],[4537909.531180014,2771836.14942272],[4537864.950459808,2771380.3915824434],[4537627.29652514,2771182.598853696],[4537579.570446748,2771049.3790659863],[4537548.860689822,2770551.2164708055],[4537422.931678651,2770271.905012413],[4537199.3095155265,2770210.8342277873],[4537080.7134400755,2770083.942729488],[4536932.264447529,2769724.5811668145],[4537020.908702449,2769655.51985183],[4536994.339702015,2769530.755707388],[4536929.127384642,2769385.244471947],[4536779.771146205,2769354.520501572],[4536824.883551433,2769090.8970330087],[4536691.593316518,2768671.178935395],[4536417.323695827,2768771.4222402223],[4536351.747488678,2768965.0824487517],[4535737.701246852,2769175.116361147],[4534410.545023354,2769097.1516696992],[4534163.99316915,2770199.3298574146],[4533515.316036282,2771189.045124653],[4532374.359693394,2772307.9615186295],[4527479.724413487,2776341.6025784975],[4526852.661243881,2777028.0277580996],[4526519.32963668,2777515.32993559],[4526078.525117476,2778703.4068794004],[4525731.529697587,2781024.1395249716],[4525803.245198959,2781404.0623150454],[4526407.96357651,2782250.0230218736],[4526331.8497238485,2783039.3257533098],[4526712.536036513,2783346.482649122],[4527133.221081441,2783376.5193254426],[4527630.76809599,2783222.041931481],[4528205.64058546,2782784.043451634],[4528457.864311408,2782824.2378856293],[4529203.422767492,2784538.0748473555],[4529184.667961505,2785160.291366173],[4529311.717844159,2785441.3362670336],[4530219.919591897,2786022.096353455],[4531397.602860284,2786220.059161832],[4531875.083888317,2786782.314640817],[4531872.228028434,2787369.2552546104],[4531962.109291633,2787605.8248246685],[4532199.749271732,2787741.390592868],[4532553.666341839,2787687.211082114],[4532790.96679607,2787822.5947419405],[4533121.620818828,2789008.732852181],[4533696.497001061,2789864.103850295],[4533962.044465991,2791216.695443063],[4560015.951299813,2792392.419222465],[4561062.4856735505,2768605.514828471]]]}},{"type":"Feature","properties":{"flugjahr":"2022","gebiet":"K\u00e4rnten"},"geometry":{"type":"Polygon","coordinates":[[[4560176.497546031,2647354.0086066984],[4560232.5669912165,2646062.888545802],[4560090.557498112,2646056.512331289],[4560034.488951233,2647347.632494906],[4560176.497546031,2647354.0086066984]]]}},{"type":"Feature","properties":{"flugjahr":"2023","gebiet":"Wien"},"geometry":{"type":"Polygon","coordinates":[[[4783238.306576208,2800291.9877764666],[4782859.949821378,2800922.1359214857],[4782692.301562838,2800987.9835896683],[4782721.891833564,2801174.9189827964],[4782963.866221229,2801417.7509664707],[4783280.222297303,2801483.0930194375],[4783352.087672433,2801681.7352891257],[4783656.250555546,2801573.3390400987],[4783621.389002955,2801686.081821895],[4782137.787038978,2801816.277193527],[4781770.698702665,2801637.3893375285],[4781635.4572592145,2801895.8244781997],[4781651.3598158965,2802383.6982758073],[4781531.20905536,2802712.2722555767],[4781316.984173347,2802966.433995021],[4780624.210434716,2803193.007197331],[4780401.1225033,2803417.286298237],[4780800.520169219,2803757.4680007463],[4780788.686300652,2804117.675257005],[4781597.24486576,2805196.62759616],[4781793.210731177,2805747.0608630837],[4781811.738989274,2806354.488273989],[4782011.5475197155,2807036.5190639906],[4781744.6945396,2807105.4627132826],[4781584.665875444,2807274.769437508],[4781687.567497878,2807307.0086310543],[4781626.5692552645,2807416.997814188],[4781825.810334266,2807478.1564395805],[4782110.319299931,2807858.1220788658],[4782010.356416653,2808001.248525139],[4781486.149274623,2808126.727775761],[4781190.9749163445,2808299.7889759303],[4780940.143630769,2808867.509275019],[4781155.872008892,2809137.132571264],[4781112.086703151,2809253.492739733],[4780712.2201842945,2809288.7508210386],[4780176.130917162,2809210.634800951],[4780255.28831331,2809369.2872731397],[4780658.844856927,2809600.8788732714],[4780971.168024342,2810021.9092737758],[4781158.751955072,2809893.511834139],[4781080.931906198,2810088.4731003502],[4781171.525836729,2810148.2895891606],[4780707.230668011,2810393.7778959377],[4780650.740282473,2810537.371554099],[4780687.291249897,2810677.144137879],[4780596.861414734,2810759.2102165865],[4780704.094280781,2810866.7096919273],[4780708.63260921,2811185.063323781],[4780614.321018621,2811498.3044303395],[4780776.438765299,2811988.6821014513],[4780758.766803803,2812240.3611812275],[4781032.469062612,2812703.8101189747],[4781393.396236982,2813001.4581861673],[4781298.828268315,2813272.9117949796],[4781357.462054763,2813426.922328184],[4781302.364704356,2813641.7002277924],[4781457.043453244,2813861.3660692116],[4781642.2106772885,2813858.680207138],[4782007.084602753,2813560.796716536],[4782016.811174184,2813451.271482262],[4782535.142469143,2813313.691172296],[4783531.784458662,2812514.8031004956],[4784082.629539932,2812349.3613770874],[4783857.374320575,2811705.3250414007],[4783931.328399632,2811456.517442113],[4784211.177665586,2811237.5817016014],[4784827.040848598,2811510.769819551],[4785312.999534275,2811505.588839011],[4785297.7394672055,2811847.6205138103],[4785390.129476429,2811968.191057045],[4785411.1691149,2812204.591991468],[4785586.497851226,2812154.4295317326],[4785719.325277833,2812341.434595159],[4785781.013979998,2812323.780198051],[4785881.231352043,2812493.5549145634],[4785826.025189161,2812599.988120818],[4786223.832685289,2812928.9251112523],[4786139.011924485,2813143.0820027106],[4785725.275883941,2813219.4138190434],[4786070.505046764,2813244.393392126],[4786554.167855014,2813523.9439514684],[4786846.600965678,2813507.7679909654],[4787210.007014167,2813678.6864501955],[4787381.700780286,2813958.853585531],[4787544.560693356,2814134.8444223655],[4787732.336478967,2814205.941659418],[4787863.770587282,2814414.4600463193],[4787633.202387417,2814696.043978585],[4787301.935840145,2814636.145952286],[4787233.344940194,2814708.273343233],[4787404.831882946,2815081.4229300884],[4787589.43572986,2815213.440417235],[4787816.935750796,2815323.2462592656],[4788025.737454293,2815320.6562485956],[4788239.9396308055,2815486.0094255256],[4788662.181746887,2815348.0693803374],[4789066.196294816,2815624.3566150307],[4789286.472497403,2815651.09000638],[4789500.592526235,2816012.0151136653],[4789701.327940247,2816157.2583253062],[4790320.151556749,2816098.9823339707],[4790527.5847848235,2816530.249532546],[4790847.438091274,2816660.402635945],[4791430.989003786,2817122.754686262],[4791115.694810835,2817480.896811006],[4791613.362004927,2817692.273674455],[4792069.337262125,2816982.4511121945],[4792803.124883763,2816882.485777956],[4793093.421872301,2816769.0728533277],[4793356.512792285,2816862.7396667977],[4793138.49964295,2817012.651202347],[4793052.57165711,2817409.9688697713],[4793248.986815216,2817527.7740831943],[4793842.203501274,2817658.538465071],[4793870.1337139495,2818065.2983185877],[4793590.554846456,2818471.338663397],[4793848.302467675,2819172.607335384],[4794202.5897578625,2819123.831953688],[4794319.175770659,2819185.968235048],[4794143.330197544,2819277.480359191],[4794193.268670831,2819408.9326664913],[4794057.606564417,2819559.0704438156],[4794093.793161716,2819781.76883505],[4793966.684484372,2820239.066812783],[4793874.7453207625,2820248.9842352374],[4793803.111998757,2820381.050344659],[4793770.782392735,2820622.5842958684],[4793845.060894539,2820857.7024395764],[4794081.153724959,2821140.5739841117],[4794395.522243518,2821126.5329847457],[4794435.740856646,2821265.522093245],[4794341.388550371,2821264.399800184],[4794334.933346332,2821338.4271777067],[4794513.399149941,2821342.268344934],[4794484.521532436,2821499.4322208846],[4794790.070469915,2821548.897245433],[4794820.674298092,2821296.3359870156],[4794745.231324264,2821183.976039502],[4795414.571401462,2820969.1210172],[4795488.87008188,2821248.1373179494],[4796521.0059009325,2821711.175444205],[4796986.939146812,2821657.0828316584],[4797990.455237198,2821185.884109452],[4798088.301467442,2820362.1329070167],[4798302.406016674,2819722.407165043],[4798421.686802577,2818444.587462623],[4800916.552803043,2816937.031782161],[4801614.695052652,2816662.879151673],[4801719.981995434,2817384.154815338],[4801446.882944942,2818445.449490865],[4801421.595088229,2818888.3543670936],[4802558.648389726,2818872.1486210595],[4802549.574249549,2818801.731837182],[4803847.998803886,2818393.070020159],[4803840.713102728,2818295.571706562],[4803988.027459051,2818222.0277693626],[4803875.186085755,2817737.0257719117],[4803726.848817574,2817529.029354673],[4803494.829418609,2816846.211441487],[4804069.2349770665,2816609.630540872],[4804006.875020212,2816248.0187553624],[4804481.257323081,2816194.9722468634],[4804626.140591741,2815940.4462679084],[4805342.574005209,2815761.9855665574],[4805523.256468218,2815742.2054652036],[4805545.910427496,2815832.9963663896],[4805944.337184142,2816018.4571747454],[4806575.844974335,2815935.9047159613],[4806338.578552736,2814957.5760166314],[4806209.806250213,2813652.4610249274],[4806861.3057191055,2813694.4335005595],[4806858.180297955,2813424.73132677],[4807232.719004122,2813314.960195449],[4806950.450663444,2811545.335389292],[4806951.752643741,2810746.852013319],[4806817.586902083,2810221.584749053],[4806479.344940556,2809433.1119760377],[4806383.867832623,2808934.65939111],[4806877.105724432,2807973.471430898],[4806693.607673983,2807436.71813647],[4806673.921464796,2807055.978229003],[4806971.669671193,2806936.687377492],[4806934.105479389,2806790.6943281707],[4806660.581591189,2806958.53081196],[4806605.525639622,2806398.0322119426],[4806975.956581928,2806009.00102698],[4806641.934826232,2806073.0290016355],[4806672.942090901,2805947.6096283174],[4806848.609503804,2805892.4236943903],[4807015.789633106,2805986.77741635],[4807271.697077827,2805942.8089583893],[4807192.570766238,2806158.5924986256],[4807021.380231434,2806200.3072228003],[4806964.480573165,2806321.701310006],[4807226.325725555,2806381.7884396547],[4807302.363646691,2806498.433350444],[4807584.002859288,2806430.677003722],[4807723.735623272,2805847.8278564676],[4807433.762814232,2805798.350845864],[4807450.3262036415,2805722.6625530124],[4807597.64751998,2805316.8498156182],[4807746.893640346,2805215.3898314037],[4807732.590343179,2805047.940106231],[4808006.90926333,2804793.3931226223],[4808237.994584453,2804775.3692096616],[4808049.527928429,2804977.081733609],[4808164.632227707,2805075.76213748],[4808331.54541496,2805050.921248259],[4808645.767086236,2804661.73286215],[4808782.330301454,2804855.7193946457],[4809098.022136319,2805064.4390575364],[4809314.973441852,2805096.3447044943],[4809634.947229631,2804912.520475418],[4809752.889793391,2804598.812398592],[4809567.330047488,2804160.5181547115],[4809906.273588727,2803764.2409423194],[4809955.976566832,2801971.0958845587],[4807442.124017752,2802646.194210269],[4806045.789398689,2803765.5576317376],[4805325.993021388,2804152.406268246],[4805115.486755411,2804187.5910828034],[4804003.276572016,2803785.608927159],[4803608.528747023,2804041.8591055595],[4803250.568338231,2803604.2736408454],[4802482.284858986,2803714.2580453292],[4802424.939826378,2803392.1438047057],[4801423.459123183,2802073.109379435],[4800967.280339893,2801654.151436368],[4800655.160630147,2801534.530541761],[4799336.470304931,2801327.6646875674],[4799364.407388265,2800690.226024367],[4799460.196515067,2800570.47813618],[4799546.457079219,2799878.719254222],[4799794.573370999,2799366.3570292355],[4798730.904908578,2799611.782636432],[4798562.189253067,2799337.0833836007],[4797928.791042916,2799251.100788823],[4798015.607872554,2799022.6286995094],[4797682.779973981,2798955.6991384393],[4797581.806315417,2799192.4121764656],[4797398.899277109,2799269.454851184],[4797380.40261417,2799390.0064282417],[4795839.5928922,2799720.508640711],[4794870.27219583,2799759.577733568],[4793846.298782852,2799907.2042796267],[4793276.426460194,2800216.6171601834],[4791301.651025583,2800621.533369606],[4791329.296899341,2800423.5088369744],[4790960.790216712,2799117.9647294],[4790622.473294544,2799200.1521378644],[4790567.970231524,2798534.1267010937],[4790511.352364024,2798508.5299282316],[4790168.475482313,2798599.092959602],[4789474.267642544,2799075.544732158],[4789497.017827855,2799238.5753258606],[4789381.144912991,2799532.855817495],[4788615.158093706,2799618.9046500823],[4788341.576192648,2799518.0984131824],[4788097.331442072,2799696.195164797],[4787428.984302964,2799841.2324103564],[4787063.943327465,2799785.3767657257],[4786693.411740483,2799453.622273955],[4786380.879792053,2799293.7609374514],[4786091.708591833,2799289.31103356],[4785597.918517061,2799422.2165677575],[4784825.177350577,2799209.6307164356],[4784038.97628243,2798614.077423651],[4783581.039990435,2798400.409558921],[4783243.985582389,2798609.0382307703],[4783460.812090539,2798773.151026536],[4783481.358888298,2798872.436064995],[4784966.980286768,2799442.241371025],[4784955.341577836,2799655.883621725],[4784760.037112658,2799735.592132355],[4784906.785201166,2800007.36010033],[4783612.664438504,2799719.2085084645],[4783669.012877698,2799790.3978004954],[4783495.398631016,2800166.745529264],[4783238.306576208,2800291.9877764666]]]}},{"type":"Feature","properties":{"flugjahr":"2024","gebiet":"Nieder\u00f6sterreich"},"geometry":{"type":"Polygon","coordinates":[[[4781905.426655045,2806580.6716881143],[4751433.948550538,2803963.508660531],[4748926.8629754,2833857.8449791926],[4788776.2642894145,2837285.5482620248],[4790520.35591943,2816523.1298646647],[4790320.151556749,2816098.9823339707],[4789701.327940247,2816157.2583253062],[4789500.592526235,2816012.0151136653],[4789286.472497403,2815651.09000638],[4789066.196294816,2815624.3566150307],[4788662.181746887,2815348.0693803374],[4788239.9396308055,2815486.0094255256],[4788141.941799507,2815375.1377692926],[4787816.935750796,2815323.2462592656],[4787428.043353117,2815104.359437567],[4787231.310648476,2814764.9504182776],[4787252.536613899,2814664.7667301935],[4787633.202387417,2814696.043978585],[4787863.770587282,2814414.4600463193],[4787732.336478967,2814205.941659418],[4787544.560693356,2814134.8444223655],[4787381.700780286,2813958.853585531],[4787210.007014167,2813678.6864501955],[4786846.600965678,2813507.7679909654],[4786554.167855014,2813523.9439514684],[4786070.505046764,2813244.393392126],[4785725.275883941,2813219.4138190434],[4786139.011924485,2813143.0820027106],[4786223.832685289,2812928.9251112523],[4785826.025189161,2812599.988120818],[4785881.231352043,2812493.5549145634],[4785781.013979998,2812323.780198051],[4785719.325277833,2812341.434595159],[4785586.497851226,2812154.4295317326],[4785411.1691149,2812204.591991468],[4785390.129476429,2811968.191057045],[4785297.7394672055,2811847.6205138103],[4785312.999534275,2811505.588839011],[4784827.040848598,2811510.769819551],[4784211.177665586,2811237.5817016014],[4783931.328399632,2811456.517442113],[4783857.374320575,2811705.3250414007],[4784082.629539932,2812349.3613770874],[4783531.784458662,2812514.8031004956],[4782535.142469143,2813313.691172296],[4782016.811174184,2813451.271482262],[4782007.084602753,2813560.796716536],[4781596.799397581,2813885.809263973],[4781406.655041289,2813817.500736608],[4781302.364704356,2813641.7002277924],[4781357.462054763,2813426.922328184],[4781295.998945168,2813309.7664708104],[4781393.396236982,2813001.4581861673],[4781032.469062612,2812703.8101189747],[4780758.766803803,2812240.3611812275],[4780776.438765299,2811988.6821014513],[4780614.321018621,2811498.3044303395],[4780708.63260921,2811185.063323781],[4780704.094280781,2810866.7096919273],[4780596.861414734,2810759.2102165865],[4780687.291249897,2810677.144137879],[4780650.740282473,2810537.371554099],[4780707.230668011,2810393.7778959377],[4781171.525836729,2810148.2895891606],[4781080.931906198,2810088.4731003502],[4781158.751955072,2809893.511834139],[4780971.168024342,2810021.9092737758],[4780658.844856927,2809600.8788732714],[4780255.28831331,2809369.2872731397],[4780176.130917162,2809210.634800951],[4780712.2201842945,2809288.7508210386],[4781112.086703151,2809253.492739733],[4781155.872008892,2809137.132571264],[4780940.143630769,2808867.509275019],[4781190.9749163445,2808299.7889759303],[4781486.149274623,2808126.727775761],[4782010.356416653,2808001.248525139],[4782110.319299931,2807858.1220788658],[4781825.810334266,2807478.1564395805],[4781626.5692552645,2807416.997814188],[4781687.567497878,2807307.0086310543],[4781584.665875444,2807274.769437508],[4781744.6945396,2807105.4627132826],[4782011.5475197155,2807036.5190639906],[4781905.426655045,2806580.6716881143]]]}},{"type":"Feature","properties":{"flugjahr":"2024","gebiet":"Steiermark"},"geometry":{"type":"Polygon","coordinates":[[[4732258.720571738,2684579.2690795185],[4732094.138213574,2686799.0044241184],[4732744.179015299,2687563.985895144],[4733800.876279927,2686786.0841309316],[4733975.022220019,2684721.2375649707],[4740407.280546565,2685278.961506067],[4740631.212204158,2682653.3874690887],[4741456.402066851,2682728.1754888906],[4741711.161581485,2679633.0813176595],[4740393.836794639,2679543.4321655906],[4740924.345556341,2673334.1663569896],[4739669.017995032,2673196.8680621265],[4739990.631646607,2670618.955299744],[4729872.8083414715,2669739.1235883487],[4729806.681583209,2670288.7834736947],[4727379.60348823,2670032.550770565],[4726287.465889157,2683135.87495637],[4728870.193263285,2683393.223167757],[4728793.919962465,2684272.776626859],[4732258.720571738,2684579.2690795185]]]}},{"type":"Feature","properties":{"flugjahr":"2023-24","gebiet":"Steiermark"},"geometry":{"type":"Polygon","coordinates":[[[4608894.951878402,2654650.8025121572],[4609022.141879751,2655327.3256877866],[4609516.005540268,2655544.611486807],[4610082.496317102,2656175.2271432187],[4610436.132127191,2656341.1673569223],[4610992.742570874,2656330.45255016],[4611169.825376781,2656398.6317231306],[4611445.142077355,2657097.1176087307],[4611909.268162821,2657306.5112272813],[4612426.393621164,2657844.034235926],[4612451.1405514255,2658803.1174143585],[4613125.7742801495,2659491.1777923135],[4613147.437345817,2660229.543244709],[4613373.023633127,2660626.928338256],[4614297.395014459,2661070.862701295],[4614511.672015392,2661380.9792353855],[4614728.5941412,2661454.8411048832],[4614605.525739258,2661877.192384307],[4614670.705453125,2662298.2728792382],[4614562.146889139,2662757.6432112306],[4614637.505868973,2663450.8198779416],[4614558.414972289,2663811.848050122],[4614596.771336102,2664040.794892288],[4615173.41700201,2665271.2085859766],[4615526.122473834,2665549.5939360214],[4615885.375046652,2666259.833712481],[4616002.4751261715,2666845.478102171],[4616245.601382881,2667191.1385402335],[4616515.897560094,2668092.710737384],[4616905.9325265465,2668331.9356750483],[4617354.530655032,2669024.894033408],[4617462.526991681,2669603.0308230943],[4616194.032346812,2671079.9777516965],[4615917.205794507,2671740.4092894355],[4615406.601150992,2671958.3698522393],[4615229.2925431905,2672177.3795249537],[4615164.1730839955,2672577.8515774785],[4615225.989065028,2672997.759740621],[4615496.393822571,2673454.5662314747],[4615383.340739319,2673708.7032182487],[4615439.644615044,2673944.567514524],[4615638.2562732585,2674187.9895059904],[4615956.33028288,2674261.6603742894],[4616326.304703912,2674751.1962353806],[4616854.577064651,2674857.358885222],[4616953.43221615,2674948.9647475276],[4617514.410783292,2675890.916162447],[4617886.235768753,2675932.215199655],[4618025.656868048,2676167.128881954],[4618466.778849461,2676548.903614546],[4618863.8112437725,2676604.9484352213],[4619494.973534623,2677243.6326152077],[4619824.26366833,2677429.911967562],[4620313.409968396,2677482.5956089883],[4620464.777237504,2677409.0830890015],[4620929.244562116,2676612.626958717],[4621461.7256308645,2676138.963680437],[4621918.321665332,2676385.3861614843],[4622505.818550731,2676536.271431229],[4623289.014080854,2676365.676374699],[4623479.414482589,2676590.4834342916],[4623808.570355917,2676792.434791337],[4623898.821113727,2676951.615501846],[4623594.20329221,2677361.16203805],[4623674.970201887,2677775.3494392904],[4622958.741267658,2678079.3920375556],[4622666.538976332,2678118.0027676104],[4621850.825532581,2678581.9122081446],[4621169.987843123,2679546.4369744067],[4620585.18981431,2680050.8869675403],[4620155.261019168,2680227.4784066128],[4619887.475324249,2680220.384112471],[4619458.02296181,2680481.539054643],[4619054.946729759,2680489.060871022],[4618447.127997824,2680711.68875389],[4618167.684275628,2680528.4837291287],[4617964.400650596,2680525.2190636448],[4617734.314391269,2680777.812944222],[4617749.627009712,2681139.7219571085],[4617610.076252071,2681693.1419065366],[4617326.499783697,2681992.7463875776],[4616903.357920019,2681988.313842508],[4616585.447537536,2681817.504248324],[4616384.905706348,2681897.151633149],[4615979.918978501,2682248.5613236236],[4615930.747324307,2682434.478333002],[4616083.117202567,2682700.2186130807],[4616169.579102693,2683154.2647811966],[4616487.719369596,2683374.8538393276],[4616034.0285776025,2683562.716511372],[4615021.204948788,2684245.116423413],[4614349.6770820115,2685046.0681545823],[4613687.829202238,2685476.672303389],[4613456.970664522,2686071.708345062],[4613058.034318096,2686444.818977341],[4612861.324649937,2686442.6109690387],[4612698.091307035,2686541.069911955],[4612369.390974507,2687035.1395948688],[4612368.2915147245,2687331.2076651566],[4612555.7625916395,2687666.8455600864],[4612996.564802625,2687866.1381202047],[4613652.560533848,2688623.58164838],[4613291.900455347,2689612.369876673],[4613349.64933596,2689892.820569219],[4613522.228078488,2690031.1997081814],[4613786.607643835,2690078.9848302943],[4614064.3242117725,2690348.5090907533],[4614403.190867219,2690501.643023042],[4614587.600158281,2690481.3279285943],[4614897.438122026,2690275.2746371534],[4615614.183530992,2690720.197180615],[4616052.44242684,2690730.205348891],[4616260.388029728,2690943.1979335705],[4616711.024194752,2690963.7427176996],[4616874.422905882,2691127.707507215],[4617044.528890863,2691175.8691843217],[4617383.583117145,2690964.847279276],[4617454.280769649,2690447.5649361806],[4617662.9727024855,2689998.96416339],[4617855.317978034,2690124.144029873],[4618074.505650064,2690129.5372777693],[4618528.9743508445,2689910.7535632895],[4619000.630062917,2690430.903757807],[4619374.596302402,2690597.6423662542],[4619824.597745015,2690593.7722631553],[4620126.734407326,2690690.8786389944],[4620338.599129858,2690935.484456891],[4620040.147103554,2691345.243982407],[4620074.223453628,2691655.6266067964],[4620439.369747566,2692051.1954571437],[4620694.686740974,2692179.5531173795],[4620993.906576852,2692187.2010776773],[4621349.606022494,2692498.5145702856],[4621667.2234937735,2692433.8250540383],[4621890.310772611,2692246.0253237193],[4622374.312366893,2692364.1259704684],[4622943.606275044,2692161.887778817],[4623264.720192068,2692232.9091984816],[4623452.362996426,2692172.1289727613],[4623994.049797263,2692210.4596845764],[4624281.405238663,2692117.902330616],[4624472.90840826,2691947.4807811826],[4624839.812597001,2692916.0827209316],[4625069.978867564,2693022.91891177],[4625547.301106734,2692925.9231534],[4625762.21176511,2692960.698880823],[4626194.7337892745,2693347.536732963],[4626198.364987181,2693756.325912493],[4626356.043578775,2693934.627870812],[4626532.7311662305,2694473.296419165],[4626693.55566263,2694638.163967831],[4627224.396503868,2694817.7576547367],[4627729.318176345,2694475.0949402256],[4628025.092480008,2694010.8196838717],[4627946.559335879,2693693.9652074473],[4628345.959817652,2693538.7897591447],[4628527.9906578865,2693172.608630707],[4628882.973599534,2693009.8951549334],[4629262.878756479,2693114.8123323023],[4630180.493268603,2692979.1546929916],[4631204.515487979,2692220.8728178726],[4631547.518247341,2692624.6351156086],[4631969.897125356,2692637.2091220836],[4632316.135438265,2693599.2535316143],[4632585.41403108,2693956.8014554335],[4632909.912143682,2694054.0620642127],[4633073.69422897,2694274.354404192],[4633135.080181649,2694600.9688719977],[4633619.418952587,2695730.7605609046],[4633926.987704836,2696036.977315772],[4634617.429328243,2696109.6259839837],[4635064.934947479,2695981.242965211],[4635331.235144314,2696070.313631488],[4635672.1254764395,2696362.25847981],[4635692.142064488,2696548.3784764903],[4636064.782516039,2697219.876318441],[4636339.295335923,2697454.457715462],[4636619.314513261,2697451.392664004],[4637024.875091228,2697183.7157154437],[4637658.198151418,2697283.272542203],[4637977.715948058,2697145.955217114],[4638343.752064124,2697393.1900430014],[4638427.610150848,2697776.7353323433],[4638943.24259927,2698294.0117402994],[4639193.503314953,2698663.5484502],[4639822.115890808,2698980.5362065923],[4640191.857025998,2699335.246450603],[4640371.052114448,2699918.557821462],[4640567.108568376,2700041.6134751095],[4641345.493929987,2700139.0058067213],[4641650.589316235,2700096.970316477],[4641893.2771708965,2699840.7552263937],[4642921.5085484795,2699577.4318199796],[4643182.049551116,2699302.6722636768],[4643565.455253069,2699132.6493653553],[4643980.068905385,2698548.9654585533],[4644125.337681722,2698120.061766614],[4644113.474103792,2697887.6315788184],[4644392.572062451,2697499.7681992073],[4644461.97660526,2697102.3031731257],[4644610.31730182,2696840.2134036673],[4645128.205789,2696745.366564621],[4645983.117206163,2696119.0221817377],[4646312.710412384,2696252.7828855156],[4646543.887835241,2696186.7895652987],[4646956.01960301,2695838.6954043354],[4647230.647346791,2695125.8753360095],[4647791.295422506,2694892.678923715],[4648272.242520941,2694586.3171284767],[4648653.369616614,2693451.2723624287],[4648640.364101582,2692872.1582152904],[4648728.554617085,2692581.410565319],[4648981.064796349,2692096.541291118],[4649348.830262124,2691635.352671412],[4650077.205782761,2691194.3380564917],[4650881.0824899925,2691150.431135401],[4651059.757932243,2691060.6558264946],[4651793.650089376,2690043.066099247],[4651841.613620356,2689533.8220654754],[4652016.339821833,2689380.03974225],[4652069.707524161,2689164.403028068],[4652248.31921109,2689244.5571604697],[4652552.179114896,2689215.435484865],[4653002.2417665385,2688986.6268509375],[4653401.559588714,2688955.5420326455],[4653594.530823481,2688813.2872733646],[4653673.835565693,2688603.143255224],[4653586.2369988235,2687968.3085739217],[4653251.86786941,2687547.0559368986],[4653070.476340363,2686978.04004764],[4653299.695998179,2686643.3780073114],[4653240.004535875,2686067.3709440306],[4653697.126190142,2685623.9141283073],[4653711.007761044,2685329.6120522297],[4653996.640109856,2684937.6325087645],[4654179.325972658,2684781.943043004],[4654521.641072256,2684744.7899022587],[4654723.84981503,2684570.3699187003],[4655125.758069728,2684025.456320418],[4655508.912799509,2683247.4003867996],[4655934.350822939,2683179.7663292075],[4656123.938050064,2682919.3176372205],[4656321.915599906,2683097.7681458346],[4656502.037483208,2683142.5299857603],[4656673.883086097,2683073.0360681238],[4656793.917406228,2682904.6809500065],[4656700.085447459,2682495.5452585677],[4656473.417505838,2682261.5060362797],[4656594.050120292,2681975.226885207],[4656597.314700475,2681618.740651129],[4655787.951013683,2680433.6551995333],[4656163.324071378,2680229.1577376453],[4657915.973710513,2679901.587526864],[4659264.280000042,2679238.440770212],[4660115.424425607,2679299.473952245],[4660598.817203411,2678955.8782700477],[4662039.2762710685,2678436.052710629],[4662833.063514819,2677808.3464815286],[4663846.245112486,2677297.0306934007],[4664565.459468183,2677052.643086568],[4665235.204908856,2677012.4060029327],[4665969.484580397,2676685.6036180477],[4666202.713320432,2676366.035130363],[4666355.233529148,2675776.450999385],[4666677.117067469,2675162.638538043],[4666841.005185909,2674524.2950094403],[4666849.746872896,2674347.5194465863],[4666666.917539415,2673894.4921213808],[4666785.897334961,2673511.8785728025],[4666764.855844086,2673228.2016069526],[4667222.634204836,2673043.201256578],[4667529.517343203,2672815.709872229],[4667759.0849280665,2672306.7267641225],[4668062.997883402,2672058.661118065],[4668567.561133336,2671349.999484635],[4668687.462620156,2671011.1496593137],[4668615.438547318,2670542.599311989],[4669212.554442056,2669666.210900003],[4669698.05717563,2668584.8732917625],[4669823.6214606,2668034.1445277543],[4670048.2055329,2667549.060042478],[4670119.395000963,2666143.283420936],[4670071.474796037,2665961.9673345014],[4669925.258590385,2665844.220086598],[4669137.030716725,2665904.7212366485],[4668763.325725748,2665813.067348973],[4667929.016212336,2665784.3192001064],[4667679.330553418,2665859.5470480607],[4667484.815877947,2665735.1719541578],[4667089.907377936,2665662.7763501913],[4666769.868213913,2665797.523842351],[4665783.634776604,2665579.8788616443],[4665410.52626382,2665307.111611716],[4664835.0490649175,2665299.8773343153],[4664504.288276859,2665182.138696594],[4664319.721525604,2665202.1765288343],[4664184.214636356,2665313.3128321497],[4664120.737118065,2665787.0918343444],[4663812.495523333,2665889.234805482],[4663195.310452161,2666363.1732904483],[4663107.9048198145,2667009.201132783],[4663024.309960545,2667002.631143693],[4661741.445547943,2666262.4092246224],[4661637.389570115,2666065.17055029],[4661661.343692619,2665716.136908213],[4661527.491948383,2665233.806901434],[4661330.418085422,2664958.657437927],[4661070.621880195,2664860.664275435],[4660887.924545188,2664926.278948464],[4660754.616539152,2665157.8986193947],[4660527.962303712,2665062.3505363744],[4660543.975714184,2664434.6845085435],[4660464.791868414,2663989.2252933704],[4660210.787466117,2663546.8484858847],[4659410.289131897,2663298.7848849613],[4659165.983634907,2663497.0472135837],[4658887.026365567,2663424.512372367],[4658230.162575473,2663541.2483289707],[4657912.560430085,2663395.3599176668],[4657493.107947034,2663032.850254966],[4657096.043423141,2662934.5737996157],[4656792.20757211,2662683.9819686045],[4656411.340898697,2662596.2668191497],[4656187.922587616,2662409.621217465],[4655984.055555095,2661924.9231661074],[4655673.824658752,2661549.1013382585],[4654716.099556316,2661408.403624692],[4654550.3484790325,2661494.1597780036],[4654457.141908353,2661750.4641344585],[4654273.28822292,2661885.612199264],[4654090.578886944,2662687.3111229464],[4653789.369195301,2662855.3547606817],[4653690.584283055,2663132.962898121],[4653657.313147977,2663675.861455685],[4653793.8580484595,2664207.4557466125],[4653612.648894342,2664814.5339760827],[4653978.336401107,2665411.8769135447],[4653271.674699609,2665709.01413537],[4653043.420774558,2666108.31556716],[4652749.981145349,2666307.436218749],[4652411.072653929,2666225.1399734747],[4651452.938268616,2666327.8735523573],[4651253.664031262,2666119.646158709],[4651001.07239483,2666064.043300961],[4650526.177878356,2666211.370480486],[4650046.1038010605,2666637.1991573987],[4649371.148940009,2666426.47753602],[4648632.538393858,2666520.784773752],[4648449.6684191525,2666415.260001647],[4648243.404945799,2666439.730533296],[4647997.54000983,2666260.4637713223],[4647626.394997065,2666236.636254876],[4647181.488270096,2666050.196970972],[4646906.812912788,2666110.2861561766],[4646734.085939526,2666311.72708291],[4646325.613768447,2666082.7569427686],[4645905.367091381,2666131.4329955387],[4645700.889665857,2666327.601640196],[4645315.336741156,2666068.176257911],[4645073.186262086,2666025.4301307565],[4644482.659889283,2666373.999437688],[4644072.865892536,2666830.846858775],[4643229.287439344,2665896.2041277513],[4642898.763252033,2665844.0941895526],[4642404.348273926,2666559.0424266583],[4642075.812084947,2666774.269678286],[4641889.558645202,2667004.213419961],[4641666.603425379,2667868.844257137],[4641606.225510121,2668681.798736652],[4641373.118271676,2669160.5372595536],[4641138.372563773,2669389.271845093],[4641018.5513481675,2669917.871726805],[4640504.906237036,2670375.53421114],[4640102.530455544,2671004.6618165774],[4639639.092847618,2670756.634157661],[4639437.82455683,2670423.0738521814],[4639072.468750014,2670052.688966368],[4638678.206809846,2669909.2157791597],[4638459.911119895,2669666.506735403],[4638250.666338799,2669212.321778071],[4637460.572184965,2668478.4409307907],[4637198.007772035,2668465.6987010995],[4636484.745775522,2668748.536180325],[4636041.257841301,2669120.5735795936],[4635720.9202833865,2669178.014151223],[4635347.738210291,2669101.404305554],[4635043.2881420925,2669368.6265735007],[4634931.809924326,2669306.5035065124],[4634693.289738459,2668947.394233367],[4634788.088751305,2668654.6054229834],[4634711.664414489,2668248.5416394877],[4634900.914017036,2667828.876924496],[4634724.126269019,2667393.308045387],[4634143.25407074,2666974.933737087],[4633594.293714636,2666973.314497006],[4633130.820306688,2666668.9777668733],[4633106.762532073,2666453.700918249],[4632985.733860014,2666309.946910843],[4632608.391054082,2666186.1869211458],[4632431.174803996,2665735.1513846535],[4631973.053316507,2665565.8463316816],[4631184.245555496,2664578.176685736],[4631024.013501081,2663880.2165212827],[4630852.48045165,2663666.5078744735],[4630247.311760566,2663203.0907777566],[4629904.690559603,2663110.3782045543],[4629100.161844623,2662620.771782127],[4628569.053942184,2662581.8672976894],[4627996.974017157,2662654.1348997327],[4627505.114154508,2662853.010338761],[4626718.8534719115,2662479.4968465166],[4626859.842334872,2661737.873812779],[4626806.839744091,2661409.984842662],[4626918.666655052,2661210.3918411103],[4626929.951303048,2660933.172573869],[4626307.098799778,2660149.2564545376],[4626220.044848007,2659884.1000898164],[4626445.796281474,2659628.805701327],[4626476.751885595,2659377.9330967655],[4626168.768910543,2658815.6280120974],[4625341.852175461,2658478.5513510373],[4625026.466469281,2658185.507459178],[4624228.886651577,2658191.9335977496],[4623906.809006892,2658102.507440498],[4623449.214740086,2657789.1512785954],[4622991.841698423,2657756.2045218814],[4622765.264237229,2657390.496776457],[4622372.515331632,2657027.688237901],[4622116.515248639,2656914.5439862995],[4622180.910627138,2656632.1597010735],[4622112.34166219,2656174.8689788952],[4622253.801915028,2655710.8104899386],[4622149.830203167,2655456.1776285144],[4621598.521782808,2655160.6959720985],[4621070.834881244,2655260.1340094716],[4620618.490984336,2655581.4073849376],[4619680.636289261,2655016.7481091195],[4619150.895379535,2654239.6637798445],[4618948.501489644,2654168.476486397],[4618290.536597379,2654159.783317392],[4618110.785600297,2653573.962478921],[4617476.063738463,2653268.2717127665],[4617364.703829515,2653074.9606808517],[4617187.307334593,2652968.751163884],[4617075.527616778,2652548.51564777],[4616896.116402342,2652324.470421522],[4616708.185728693,2652273.8414858966],[4616489.177278072,2652384.091633751],[4615881.597037792,2652314.6863652156],[4615647.164712983,2652462.6126759974],[4615064.990603949,2652245.8780384],[4614644.2918326985,2651451.917216001],[4614370.630157422,2651298.723711868],[4614023.957548622,2651365.374050456],[4613646.324793884,2651721.7894786587],[4613449.906882377,2651713.9824089226],[4613243.4312958615,2651810.851437581],[4613027.614276547,2651689.4954563016],[4612703.562359294,2651658.6140077007],[4611990.34152665,2652154.912716517],[4611726.234169407,2652127.2597734914],[4611547.783876478,2652244.6849351767],[4611202.494998337,2652683.1816984667],[4611077.614558682,2653028.828191893],[4610676.138452673,2653355.7843362875],[4610318.11404645,2653447.0022142585],[4609891.039609139,2653872.9228286333],[4609798.138538037,2654062.6564872195],[4609090.71064843,2654262.9202204486],[4608955.157968897,2654416.4853492137],[4608894.951878402,2654650.8025121572]]]}},{"type":"Feature","properties":{"flugjahr":"2024","gebiet":"Steiermark"},"geometry":{"type":"Polygon","coordinates":[[[4668004.835837248,2709373.7703521345],[4668061.315179358,2710119.5970616676],[4668238.469949714,2710552.289746568],[4668185.528487155,2711176.678498414],[4668021.804201335,2711593.7628979688],[4668062.239844801,2711931.7614136445],[4667970.70291636,2712248.6186931576],[4668039.043213876,2712467.409135217],[4667936.391914156,2712857.0980545366],[4668415.033278988,2713808.0531411828],[4668948.229778988,2714344.7733185943],[4669314.622969204,2714492.4513465133],[4669760.9746958725,2714488.172151887],[4670219.935074301,2714593.21686053],[4671031.9179066485,2714360.3892039973],[4671381.268652108,2714025.132201354],[4671877.893413768,2713753.6729167085],[4672068.630989412,2713537.8273086627],[4672665.175942197,2713844.68586121],[4672648.458635756,2714272.7554441034],[4672764.435238834,2714645.4629286374],[4672678.307710706,2715270.451159044],[4672789.035862348,2715458.5741130444],[4672994.284046858,2715586.58453732],[4673116.979731848,2716086.9690823853],[4673092.8505501235,2716444.0368591654],[4672944.677333766,2716772.5043767137],[4672967.478884446,2716946.083540137],[4673171.880689399,2717281.33590385],[4673257.107954491,2717665.869513401],[4673693.627239678,2718204.4737524535],[4673821.617839036,2718607.423772022],[4673795.5491656605,2718896.6032013004],[4674104.84425771,2719437.4783230354],[4674305.681532804,2719493.5988679347],[4675149.09220789,2719324.7960693333],[4675300.068810256,2719453.533819474],[4675358.565445055,2719785.4872498624],[4675673.5754246665,2720032.329043178],[4676431.3883974245,2720016.846806774],[4676722.336784845,2720219.6069836468],[4677052.019375716,2720318.6649187915],[4677431.299895491,2720292.458010127],[4677641.7476603305,2720173.5826622685],[4678336.733294175,2720270.195471808],[4678610.845018664,2720174.5615299228],[4679039.140139032,2720245.0326279644],[4679319.164745564,2720202.593487952],[4680121.45989845,2720348.9057098213],[4680325.988201193,2720301.613947049],[4680667.549774774,2720053.7995150895],[4681574.026916384,2719878.7410001587],[4682109.316908094,2719591.6785424375],[4682441.695511038,2719513.682983314],[4683430.085648867,2719669.655894351],[4683888.603729561,2719981.0493332907],[4683959.854044789,2720220.512502401],[4684135.729179656,2720396.5934988996],[4684544.94412068,2720614.397016786],[4685013.047018004,2720614.8314333237],[4685794.97162397,2720278.87846986],[4686114.323141167,2720247.361206579],[4686315.945540726,2720083.1796541787],[4686447.935989806,2720123.819823138],[4686579.993004169,2720583.660818417],[4686863.2801617645,2720806.425218728],[4687337.44537563,2720894.2090742853],[4687805.757873207,2720821.98830395],[4688523.480706643,2721169.2833375265],[4688768.008981668,2721131.60123073],[4689448.03180892,2720795.3448906746],[4689942.432899213,2720979.4073915533],[4690440.45284204,2721396.5989437727],[4690919.266488419,2721430.9902805127],[4691044.094528474,2721581.9960292624],[4691488.583353657,2721652.7438344033],[4691647.1112604365,2721790.8346816353],[4691945.6270421725,2721858.883761258],[4692105.631391963,2722112.363512542],[4692290.158912879,2722226.2394973566],[4692064.28758077,2722811.997389055],[4692137.308261762,2723301.030536941],[4692287.443837244,2723676.6191104017],[4692502.397454599,2723851.6107403603],[4692606.38133213,2724080.3686576127],[4692881.138966557,2724264.5645439904],[4693263.676068141,2724917.9636127376],[4693820.694810259,2725553.7457069093],[4694047.423013094,2725996.0899401437],[4694513.830051719,2726210.227464825],[4694755.707379964,2726592.5870230277],[4695260.456335243,2726913.469310158],[4695609.799742537,2727030.89843033],[4695927.157146631,2726923.1642007926],[4696337.238277886,2726521.404726239],[4696892.640480326,2726567.5733013665],[4697560.093338428,2726338.3067562557],[4697934.200116255,2726363.3470512726],[4698437.218123668,2726216.557974389],[4698705.709320359,2726010.2006087247],[4698846.154142137,2726005.7402564697],[4699135.430366851,2726290.3605310824],[4699641.2977038715,2726477.6377809104],[4700162.573887767,2726454.7697037878],[4700528.654563694,2726272.0543837813],[4700828.917382002,2724596.0859356457],[4700727.382656226,2724177.8465029676],[4701157.39735501,2723840.7431294248],[4701352.340047413,2723509.7334798235],[4701428.444660949,2722687.9757230226],[4701622.386507242,2722305.7963586105],[4701564.089252655,2721988.0226539816],[4701792.581555362,2721128.445182159],[4702235.036194737,2720437.5317673394],[4702215.806668735,2720068.173706924],[4702331.153896153,2719682.7863861835],[4702659.035007508,2719378.2071623867],[4703144.782506824,2719249.162815483],[4703346.936622401,2718942.5591785465],[4703965.946262945,2718644.955708122],[4704051.046087995,2718462.6191816507],[4704002.474106979,2718186.7688831445],[4704506.222766219,2717569.1753769456],[4704796.168816714,2717418.023380376],[4704924.4326379355,2717091.840261296],[4705255.175586135,2716716.7270408277],[4705469.302133123,2716716.163782896],[4705841.496867698,2716497.2439649533],[4706320.194751672,2716429.2692107228],[4706714.831066849,2716789.62611021],[4707307.981785819,2717063.581044392],[4707757.112618679,2717410.9254223616],[4708069.895750493,2717399.7863719263],[4708588.61143339,2717592.473640326],[4709359.336100656,2717335.849010477],[4709647.833660192,2717339.0443956917],[4710733.367936054,2716956.1364778047],[4711087.581226004,2717134.06755101],[4711601.151802121,2717138.4217877267],[4711904.572680471,2716998.247222832],[4712359.523558806,2717113.927918721],[4712774.574403995,2717020.799538674],[4713116.935862252,2717120.7029556646],[4713906.796015123,2716708.518434692],[4714532.766145083,2715933.267740639],[4714822.501652454,2715688.6914106817],[4715033.166389798,2715179.2820516624],[4715623.134290155,2715313.287512299],[4716287.111136642,2715302.2591932304],[4716555.137384185,2715096.5596148013],[4717068.870744691,2714874.8236743095],[4717750.227117681,2714787.943367849],[4718037.770634826,2714864.0889591603],[4718676.141689854,2714765.612737382],[4718910.145549146,2714430.97085445],[4719081.805961747,2714631.3922876194],[4719428.2421651,2714734.183380448],[4719500.801700121,2715182.058399825],[4720182.698201911,2715817.397518267],[4720394.859976507,2716104.7057553264],[4720349.959758345,2716319.4410871207],[4720529.265761968,2716573.5324949073],[4720740.888984528,2716633.103712976],[4721041.483633173,2716575.636605099],[4721497.23730815,2716644.0305855884],[4722482.851860117,2716610.947530627],[4723025.792095622,2716343.8689049],[4724307.262095374,2715430.91315423],[4724552.977417066,2715329.627830283],[4724961.352283319,2714878.774411475],[4725514.359208863,2714430.585414962],[4725674.331002334,2714034.305213527],[4726152.619106286,2714459.09632812],[4726770.275040641,2714674.142842391],[4727182.97321814,2714595.0458378303],[4727317.493159747,2714374.9570392943],[4727523.851328669,2714406.8273727614],[4727887.051439447,2714694.5392095423],[4728347.318249193,2714921.379078532],[4728623.014978306,2715350.2180846427],[4729168.338831273,2715730.1720703323],[4729232.898081134,2716143.235094838],[4729351.254570586,2716311.1288047535],[4729836.534628283,2716562.1347892573],[4730101.48995464,2716556.683980025],[4730425.55041538,2716857.731009419],[4730914.046659241,2717070.6010035453],[4731478.8643233385,2716958.1324793817],[4731708.264668075,2716817.628922518],[4732383.045043106,2715901.3723395867],[4732757.190067768,2715820.255540136],[4733842.930766219,2715880.558801871],[4734112.192734998,2716148.093974892],[4734837.017149639,2716296.2877498735],[4735582.7757826885,2715735.1762187625],[4736085.242494697,2715157.4150534254],[4736256.485731003,2714806.47492086],[4736516.784748661,2714569.184155431],[4736900.597920227,2714643.889495482],[4737073.354204545,2714842.038424035],[4738183.872898911,2715043.0705276085],[4738541.189648058,2714929.8135032537],[4739052.60506583,2714560.8052874287],[4739145.795550359,2714391.863397009],[4739119.555675218,2714055.3855155567],[4738749.2249225415,2713115.2988765403],[4738983.069053497,2712296.6209883317],[4739289.1487060925,2711951.043483414],[4739187.805645965,2711594.458637688],[4739357.882648302,2711014.7190073845],[4739114.029732888,2710376.9221278247],[4739081.097948026,2709987.23057007],[4739401.2293908,2709663.4781357315],[4739684.577900556,2709748.446578008],[4740115.079034695,2709654.0868151225],[4740425.2662215,2709315.752919886],[4740858.687745476,2709181.81114966],[4740956.968961725,2708937.2955491776],[4740774.697975131,2708469.0912859854],[4740702.206220919,2707832.2045185147],[4740530.713103856,2707671.4562623356],[4740499.101187911,2707461.5366751896],[4740277.348583602,2707273.1053458946],[4739847.552652578,2707201.821481454],[4739287.9316761475,2707231.292466542],[4739142.704352554,2707341.093829507],[4739035.5281205475,2707643.7567736814],[4738705.54844122,2707885.7367755496],[4738213.066846992,2708066.4061927074],[4737948.758623403,2708064.8172809165],[4737273.070003286,2707987.2019648436],[4736394.8522979915,2707226.3236268447],[4735782.475099694,2707186.5849491265],[4735469.778036221,2707032.2067104396],[4734813.967458958,2706931.3275157856],[4734693.412009691,2706163.6505048363],[4734531.07880149,2706023.034100635],[4734150.865236058,2705959.6314956555],[4733851.635237451,2705680.4194103386],[4733577.591270402,2705142.664726307],[4732667.549065537,2704135.1423928663],[4732486.936505914,2703715.1438463684],[4732491.362153191,2703456.547438211],[4732215.206337109,2702892.9145107055],[4732042.090265704,2702813.314411116],[4731588.264180226,2702922.34720861],[4731075.461631265,2702916.0264535304],[4731048.223614236,2702402.050914077],[4730883.252833282,2702211.6139406795],[4730696.215898613,2702166.2158203917],[4730365.740673388,2701737.219644084],[4730666.550153533,2700796.886555758],[4730914.33656864,2700522.651966693],[4730906.602581908,2700158.4015995413],[4731106.298656384,2699113.2153505674],[4730929.868722508,2698699.7370770057],[4731145.985600971,2698327.3351188116],[4731135.969268169,2698150.8953781594],[4730977.011051925,2697963.340724018],[4731072.776662642,2697652.4783364516],[4731635.080410656,2697575.356548927],[4732147.690298437,2696684.853950399],[4732583.058130074,2696536.7188242874],[4733226.71189252,2696055.858249686],[4733352.040017742,2695633.9963753605],[4733327.458210336,2695154.4003189635],[4733117.98692513,2694904.8833300625],[4733132.636594175,2694641.4038931825],[4732986.372420139,2694249.467936633],[4733514.386410092,2693871.6501597324],[4734002.975767932,2693224.8536882163],[4734513.354870666,2692856.9305801946],[4734600.493692786,2692587.724547796],[4734432.424784858,2692354.1096768156],[4733450.938013063,2692222.6502212184],[4731881.037485117,2691850.11725064],[4729408.135992065,2691549.053843214],[4727882.905814235,2691802.1635106183],[4726889.579291238,2691697.259248786],[4726516.93121999,2691600.312009051],[4725183.943728394,2690104.7065608003],[4724601.354932704,2689827.1838170383],[4723724.628741078,2690015.7248630687],[4723310.549899082,2690212.9604568635],[4721174.645254992,2690203.092786015],[4720526.384153328,2690705.7447842387],[4720381.494427118,2691022.848542118],[4719953.346317839,2690971.5788657083],[4719265.601261188,2691206.8795234566],[4718590.233536135,2691039.806138889],[4718112.590576636,2691172.0155319707],[4717821.467151633,2690930.9729901054],[4717526.944860814,2690874.976475734],[4716943.116969521,2691019.498576603],[4716171.755455754,2690935.407775829],[4715692.605559243,2691059.052272923],[4715481.809230731,2690877.7645879295],[4714745.871947212,2690672.0289852624],[4714399.252877051,2690756.732272472],[4714071.734091224,2690733.07732331],[4714009.237923636,2690350.1149480976],[4713670.849450377,2690127.9889889797],[4712806.201497111,2690178.9043794465],[4712054.02800455,2689902.6138724512],[4711730.228864807,2689951.0348449056],[4711427.625933795,2689710.740667291],[4710925.9310002085,2689666.611839769],[4710446.876809941,2689979.1499443483],[4710311.679682744,2690414.416515592],[4709958.662217465,2690673.1852576877],[4709386.618385616,2690319.5401219944],[4709094.160655432,2690348.2398003293],[4708806.243554911,2690174.3600439215],[4708246.957490627,2690112.08243688],[4707991.909792321,2690245.470742381],[4707793.886066662,2690478.5597412335],[4707530.3814406535,2690542.130362437],[4707035.463515536,2690384.9692894835],[4706511.9463587105,2690565.1983389724],[4705841.288985221,2690644.9542295523],[4705527.252042796,2690623.506670675],[4705190.74184077,2690297.486401205],[4704963.42925,2690212.9291489027],[4704444.376003896,2690339.38259177],[4703616.278066866,2690329.15580407],[4703465.524159382,2690494.4242026377],[4703378.919883587,2690970.2350301156],[4703182.935750888,2691356.968762062],[4703083.5534548685,2692030.1064120047],[4702657.582707546,2692153.6034777896],[4702257.854911971,2692512.0729487697],[4701996.314708575,2693273.9171789717],[4701336.075176954,2693276.3045980297],[4700761.271539178,2693373.738755889],[4700311.894863967,2693746.3382950565],[4700445.375930665,2694903.0301163313],[4700214.5684523275,2694949.7956252336],[4699930.710848585,2695154.9875572524],[4699463.528712135,2695776.2641726225],[4699471.636152278,2696157.3004284585],[4699371.434912403,2696594.8557706024],[4698780.178632636,2696754.799914133],[4698265.881097013,2697273.3207072034],[4697869.357346722,2697214.295271701],[4697375.527108408,2697322.2481497107],[4697046.524622438,2697299.7546549886],[4696498.385647437,2697038.431633693],[4696041.603702514,2697239.264505645],[4695925.957304356,2697059.8171761087],[4695440.747521501,2696684.2877864996],[4695260.396351859,2696648.6529025435],[4694978.724861575,2696820.8070752597],[4694223.365401627,2696872.2858404415],[4693818.38865627,2696993.213423967],[4693638.258746331,2697287.39940452],[4693103.13499599,2697080.776845631],[4692729.888111752,2697345.3033529134],[4692563.428934099,2697715.468098455],[4692103.383467216,2697892.0943090175],[4691691.963932649,2698297.2307411823],[4691363.904244061,2698364.800379598],[4690816.72026595,2698681.520333196],[4690373.091421071,2699333.1670181854],[4690318.897441084,2699548.07123186],[4690030.994055601,2699675.4776219726],[4689517.733414213,2700211.1543961363],[4689557.397632621,2701065.679921428],[4689474.159064393,2701646.6978834346],[4689681.382515697,2701966.1641912926],[4689431.283449778,2702398.672779065],[4689172.508448213,2702575.484579772],[4688738.820597474,2702720.290286103],[4688568.194100768,2702997.7801770773],[4688070.502169573,2703357.4290812165],[4687832.026817825,2704325.0757013336],[4687549.228941326,2704382.7345548808],[4687394.69943483,2704512.7173395148],[4687093.283818395,2704508.9397004233],[4686393.122676144,2704706.8513285806],[4685945.444325824,2704714.261043835],[4685563.176819612,2704930.9200679422],[4685412.6080593,2705132.25141481],[4684981.209155975,2705312.0984755456],[4684668.332746528,2704998.364512573],[4684190.526231417,2705012.7532194965],[4683393.2484918805,2705508.802593746],[4683029.926126796,2706128.7022979874],[4682419.879252413,2706329.539661726],[4681989.90581448,2706578.2122341995],[4681751.5032695215,2706317.2761541563],[4681785.798197384,2705799.7544653583],[4681573.558503357,2705270.4574192306],[4681430.784216975,2705161.0116296373],[4680846.74454112,2705005.31798124],[4680594.958029639,2704673.3220795235],[4680529.927070747,2704345.170972371],[4680243.629746053,2704214.891341797],[4680341.550388956,2703990.1393750133],[4680282.191883412,2703595.537669277],[4679427.674915929,2703204.9159874246],[4679092.515117254,2702874.3263540813],[4678335.732195258,2702941.078353989],[4678131.906830307,2703104.7184168845],[4677950.124468492,2703429.001927673],[4677472.223720493,2703823.485786301],[4677069.179600073,2703707.1794541585],[4676818.255788682,2703960.5550123174],[4675950.895622772,2704275.0905790785],[4675831.065485326,2704622.6457523378],[4675357.343135138,2704971.287955066],[4675142.8328297995,2705078.2244617855],[4674479.7874369,2705113.4257090525],[4674367.283951944,2705278.388319625],[4674341.653815456,2705562.3873757934],[4674164.514501142,2705799.6078231963],[4673808.648303703,2705635.3207288627],[4673394.228326308,2705709.7255825475],[4673070.468855686,2705887.7261663247],[4672818.480779589,2706115.138990198],[4672465.945936091,2706645.4957279344],[4671869.498765725,2706775.0900264876],[4671636.755660219,2706744.5896398113],[4671342.791360746,2706418.65179849],[4670860.623463953,2706281.730717092],[4669795.956032093,2706728.6141809192],[4669623.067239498,2707064.950661389],[4669189.290687469,2707345.1014326527],[4669028.80262561,2707863.908123245],[4668786.334252907,2708307.853745466],[4668398.584091066,2708381.27487229],[4668180.4619579045,2708569.7573142094],[4668116.722537832,2708733.686873925],[4668159.616950052,2709112.2367667146],[4668004.835837248,2709373.7703521345]]]}},{"type":"Feature","properties":{"flugjahr":"2023","gebiet":"Ober\u00f6sterreich"},"geometry":{"type":"Polygon","coordinates":[[[4688239.581801662,2817665.0327854147],[4688285.106319666,2817184.5456078583],[4688209.17102922,2817001.8034608793],[4688306.217608075,2816734.9670830998],[4688186.551763119,2816500.135874762],[4688268.487858025,2816190.5474870806],[4688174.244667243,2815879.8000507373],[4688336.281371761,2815368.6715739546],[4688255.195420573,2815166.667714734],[4688113.908487797,2815056.9906910486],[4687980.028782924,2814647.287696501],[4687992.358942277,2814371.519690553],[4687790.497996291,2813668.311732864],[4687905.794942266,2813642.618271506],[4688173.915263688,2813849.284816405],[4688657.403079115,2813986.838218292],[4689671.003589755,2813735.480040334],[4689927.672060949,2813862.5187743125],[4690232.518786023,2813852.616587472],[4690499.401979643,2813750.8633759413],[4690610.524873464,2813549.7650887948],[4690851.652985946,2813374.716148569],[4691020.484290672,2812958.0146246315],[4690936.714607131,2812502.557252813],[4691076.551057051,2811704.0304025016],[4690991.291656631,2811035.254163849],[4691189.100205799,2810574.854480354],[4691362.813469222,2809242.2659627255],[4691528.022786822,2808794.3610217073],[4691506.417475049,2807821.145523078],[4691638.569793037,2807440.797338664],[4691565.8683446795,2806871.7298697834],[4691791.6433704905,2806457.6794917053],[4691831.225544545,2806087.055014996],[4691656.4006006075,2805853.6661476353],[4691237.263338947,2805732.1046615336],[4690845.746741699,2805373.5371161615],[4690714.007849407,2805072.0689971815],[4690290.449145459,2804847.1863295776],[4690326.141802074,2804182.0285695936],[4690653.7774256095,2803863.8020091187],[4690683.632150097,2803598.856123874],[4690282.900476944,2803109.7018655683],[4689823.492827369,2802970.2623237795],[4689361.95398652,2802340.113400769],[4689218.322328411,2801833.8327670335],[4689846.782233332,2801730.8032342624],[4690015.648301261,2801604.465507075],[4690165.892734591,2801154.866425384],[4690351.56568292,2801033.313539352],[4690464.121625349,2800822.2645580983],[4690447.784788389,2800627.2673326745],[4690275.004832069,2800415.005647602],[4690795.004946356,2800228.854358831],[4690939.844483,2800057.35227778],[4690907.858877002,2799607.3212310784],[4690735.526319481,2799430.1221579676],[4690540.666317688,2799421.0865317257],[4689609.868963306,2799769.4217910706],[4689260.007786302,2800069.593812145],[4688021.243509456,2802472.217854526],[4687638.331967605,2802794.8903613],[4686018.8403959535,2802891.087364804],[4685214.101824556,2802636.5693736533],[4684850.486250252,2802325.3783460036],[4684489.000116336,2802235.5529189417],[4684137.357363474,2802351.432598319],[4683866.011753625,2802732.3445819304],[4683618.892955382,2802704.887729641],[4682919.431757862,2802154.907090782],[4682036.505600072,2801946.8629779317],[4682031.01969924,2801531.108661896],[4682186.146825957,2800702.261672587],[4682020.043028555,2800182.940620202],[4681550.874991477,2799363.2610407495],[4681327.458800435,2798556.9522568686],[4680327.338430754,2797786.816666792],[4679987.336154755,2797618.9118484915],[4679006.360093022,2797519.485324561],[4678355.181338719,2797368.2391788857],[4664604.504502962,2796767.479605905],[4664325.204384519,2796967.8408685583],[4663883.441911377,2797128.66832872],[4663506.773938971,2797424.665094132],[4662334.28368603,2798973.5158131835],[4661853.383983744,2799833.4032119443],[4661312.817110507,2800324.091048693],[4659607.142667789,2801027.403911575],[4657609.21499629,2801616.185397754],[4656925.445290087,2801566.7065112563],[4656541.835928436,2801185.652684903],[4655077.245611301,2800184.154646366],[4654802.603275386,2799852.148958883],[4654572.191464982,2798571.1029907945],[4654321.993231225,2797801.733782032],[4654277.706400304,2797040.834316035],[4654462.409061253,2796647.8739076387],[4633690.494227662,2796167.727412162],[4632851.623131317,2815110.4380927887],[4688239.581801662,2817665.0327854147]]]}},{"type":"Feature","properties":{"flugjahr":"2024","gebiet":"Ober\u00f6sterreich"},"geometry":{"type":"Polygon","coordinates":[[[4632470.509263655,2823705.8447991707],[4634151.142911566,2785752.693652616],[4654738.73828674,2786694.9561357093],[4653923.507755391,2786122.828802902],[4653327.1660326095,2785154.658850104],[4653349.69393798,2785044.7977053025],[4653697.638099914,2785189.417318394],[4653954.7801785255,2785181.3252466],[4654126.450687463,2785030.167926669],[4654188.341787375,2784633.68254227],[4654144.564958927,2784444.190662166],[4653905.673069022,2784161.6096571973],[4653109.733339337,2783986.1898030727],[4653427.538883209,2783555.689382768],[4653516.127567054,2783283.239872231],[4653472.961700214,2782983.762663748],[4653291.471755275,2782625.6190784005],[4609347.3626879,2780618.6322108554],[4607492.8167299945,2822566.4329469353],[4632470.509263655,2823705.8447991707]]]}},{"type":"Feature","properties":{"flugjahr":"2024","gebiet":"Salzburg"},"geometry":{"type":"Polygon","coordinates":[[[4537392.472104272,2708831.5068341633],[4537501.368167382,2706335.410660799],[4540000.312548467,2706447.306633576],[4540218.034067588,2701455.2215030747],[4537719.024126556,2701343.3377237436],[4538045.304781026,2693855.3325624904],[4550540.476133291,2694415.2278609443],[4550866.79592181,2686927.4082369446],[4498385.002698046,2684586.3212535074],[4498489.0770276915,2682093.881151759],[4488496.676638258,2681647.6707213856],[4488604.856737055,2679152.1545133153],[4478969.799441563,2678726.256295803],[4479042.897507823,2679075.786494666],[4479178.217689011,2679281.2836826965],[4479036.800374286,2679528.5653139],[4479012.480421703,2679928.0349629093],[4478886.195167449,2680288.498541066],[4479272.650642041,2680534.586587022],[4479470.905379471,2680813.3682530094],[4479632.711854271,2681170.54967383],[4479620.393302914,2681374.028245683],[4479803.543267386,2681562.134304393],[4479837.549371914,2681933.178835824],[4480111.403512568,2682709.371727096],[4480382.394048785,2682834.8586809626],[4480341.22930621,2682906.5499570994],[4480564.54630741,2683161.450515313],[4480733.946168469,2683192.9392969273],[4480332.354661632,2684070.3224404734],[4480115.328421922,2684178.7524360167],[4480032.344845424,2684787.6787263243],[4479252.729966683,2684982.2750895796],[4478715.879813705,2685572.1488017933],[4478329.382044017,2685812.6114379913],[4478127.749637042,2685843.2103508282],[4477978.727989919,2686219.6790028317],[4478188.228177464,2686538.975631539],[4478163.21008221,2686850.412808529],[4478392.565846465,2687381.6201917306],[4478405.053823358,2687578.699871354],[4478748.150728601,2687796.395198667],[4478760.121390912,2687901.4397869306],[4479351.686635696,2688140.127294979],[4479495.434891889,2688659.064190156],[4479800.6536978,2689022.61865671],[4479952.5782524,2689075.8461377984],[4480028.963980428,2689577.8036606023],[4480180.220996651,2689635.0032877796],[4480293.56045999,2689954.565698896],[4481000.057386324,2690649.4185430612],[4481458.989687948,2690217.1348292744],[4481804.364244748,2690105.38178584],[4482049.976533684,2689892.2013533544],[4482411.230410862,2689356.575725536],[4482896.525348729,2689101.488816172],[4482966.340279966,2688808.0267079202],[4483200.010704725,2688673.839336722],[4483501.463756269,2688951.220588464],[4483938.484347881,2689174.0916277873],[4484049.576809088,2689337.5352890873],[4483976.628706512,2689610.8561408953],[4484348.337188077,2689653.810787269],[4484622.119055977,2689783.949577464],[4484542.759482586,2690054.987131218],[4485145.759133532,2690295.7103255754],[4485934.3193967575,2690080.0513949543],[4486054.510843393,2690206.893528373],[4486451.95512364,2690095.4539997466],[4486827.1122921845,2690186.071244669],[4487162.03278175,2689911.331376752],[4487395.825738126,2689982.1905773794],[4487481.905677718,2690145.035532295],[4487931.710358086,2690257.96286185],[4488429.100922194,2691040.140980318],[4488526.528705116,2691380.0228246446],[4488855.9934349265,2691335.0953875575],[4489079.930205611,2691494.542692058],[4489361.893174764,2691551.540820015],[4489836.685676196,2691423.04450703],[4490007.604488577,2691188.5681476607],[4490131.997016183,2690803.001104272],[4490086.201089772,2690600.4319788385],[4490363.988384793,2690338.1861479925],[4490505.8196075065,2690439.4889216777],[4490954.090052017,2690472.351857421],[4491279.105664798,2690991.351100751],[4491614.555441038,2691073.725438584],[4491861.466445342,2690946.135055381],[4492360.0385402795,2690477.6269040885],[4492485.334145012,2690740.730384327],[4492876.998744654,2691074.15210301],[4493270.410412223,2691598.1989607248],[4493311.90375627,2691830.5812559403],[4493734.0003277585,2692120.356538224],[4493868.644805188,2692456.3953897282],[4494147.369782584,2692657.3017852735],[4494227.631426715,2692896.4146686154],[4494444.9231782975,2693093.599807679],[4494477.370810674,2693984.237730227],[4495278.773359662,2693680.7043740554],[4495471.188690715,2693747.2476611612],[4496353.49667868,2693587.3192217816],[4496505.569842117,2693210.4774555997],[4497427.089375195,2693404.413480585],[4497674.9619037,2693669.987460486],[4497919.515764285,2693066.205913155],[4498102.962483295,2693004.8365423894],[4498265.027664122,2692778.4765625694],[4498746.792657555,2692674.3335867915],[4498901.184918525,2692451.6288184486],[4499344.582308809,2692481.307064255],[4499574.63437253,2692384.491228016],[4500097.171243249,2691975.590082169],[4500283.193258471,2692027.8614452006],[4500586.5728493715,2691787.77332537],[4500766.112696556,2691781.7431171616],[4501455.908603592,2692110.946672542],[4502273.929837097,2692174.2726584217],[4502955.602295953,2692009.998491696],[4503249.251445216,2692051.548382327],[4503406.22830002,2692184.5521629644],[4503494.662019092,2692477.548900537],[4503792.336899234,2692910.8760141744],[4505634.074485959,2693801.991971093],[4506229.968492412,2693606.94222847],[4506444.066959469,2693646.9727765103],[4507152.480386227,2693478.429483434],[4507445.65379175,2693496.4722024845],[4507776.495708171,2693373.6532460996],[4507909.278131628,2693487.088322811],[4508304.866986708,2693602.711752836],[4508467.186340208,2694004.538258012],[4508575.449769622,2694002.354285049],[4508897.761016231,2694836.4052355043],[4509303.976531333,2695053.5381367677],[4509439.57922814,2695021.5668141637],[4509415.554053027,2695228.544992041],[4509620.400938261,2695412.202277629],[4509673.714320718,2695579.612306803],[4509636.408481509,2695734.9889375386],[4509558.306180794,2695723.011373351],[4509276.87756812,2696022.0609824476],[4508754.141327437,2696215.8496358525],[4508720.153083619,2696720.975084864],[4508791.551812228,2697036.7369365864],[4508388.623508622,2697319.8950555697],[4508185.926341884,2697616.4609786184],[4508154.100264664,2698440.259859749],[4508310.950265429,2698794.8282924728],[4508343.674521219,2699193.8866172526],[4508458.13849029,2699348.521289033],[4509161.799861168,2699577.400875898],[4509210.589432355,2699664.5964719458],[4509518.476960665,2699689.8082606327],[4509556.62819807,2700148.130589296],[4509948.0793092605,2700704.2021637643],[4510156.684855632,2701273.143379415],[4510634.451641752,2701168.8787472863],[4511032.164157933,2701178.084725222],[4511598.455410199,2700903.7171139],[4512940.798042016,2701392.082879427],[4513048.495578069,2701506.410194006],[4512999.49594154,2701711.786312299],[4513543.365864357,2701814.5387583384],[4513974.454867962,2702000.2973864],[4514265.098537951,2701846.204648902],[4514432.314583219,2701962.1873929435],[4514623.824491039,2701980.222937188],[4514785.82407757,2701893.913974463],[4514796.187330613,2701460.2522887313],[4515327.516614104,2701344.885560629],[4515374.627767335,2701251.957720575],[4515658.600782775,2701228.103274353],[4516315.769170538,2701868.57980786],[4516428.288047992,2702056.1513553085],[4516329.784655806,2702305.828219543],[4516507.082146509,2702466.2805758445],[4516614.756891731,2702788.172422741],[4516969.963562617,2702968.566644048],[4517106.301135546,2703149.6995419716],[4517094.6535700485,2703302.224725719],[4517230.251348531,2703534.8409571494],[4517461.85310824,2703724.7253851183],[4517712.904081983,2703686.407144263],[4518359.091316409,2704095.838952971],[4518684.199457993,2704024.312268422],[4518803.451860309,2704172.1754444186],[4518910.869021585,2704833.1723294137],[4519059.868350332,2705010.873988404],[4519095.53769057,2705433.5982600944],[4519505.710796406,2705708.4860368688],[4519639.862736774,2706100.591175099],[4519861.988075053,2706220.5371131822],[4519893.765726377,2706617.57601118],[4519773.323594167,2706922.2958123744],[4519803.685485541,2707420.805714005],[4519417.365103197,2707633.1411561333],[4519482.315679124,2708030.9608446015],[4537392.472104272,2708831.5068341633]]]}},{"type":"Feature","properties":{"flugjahr":"2023","gebiet":"Salzburg"},"geometry":{"type":"Polygon","coordinates":[[[4548802.308017451,2676831.6148376456],[4549390.349029412,2663311.0196524514],[4548929.300862495,2662780.749719559],[4547966.318394353,2662328.5430799136],[4547690.298200232,2662698.769732426],[4546984.455931353,2662587.1278817346],[4546355.178497484,2662707.4853439573],[4546039.13899899,2662995.9099057135],[4545678.103313168,2663190.3015878913],[4545284.792945347,2663989.3972928245],[4545452.942265665,2664442.0292468816],[4544759.913438493,2664773.611569708],[4544526.913825111,2664972.2395479116],[4544488.979085198,2665522.6848145784],[4544195.825328184,2666218.2545470893],[4543932.125500889,2666535.541503273],[4543982.136952499,2666825.3546283506],[4542791.928172194,2667280.229719079],[4541681.002797477,2667213.0385583574],[4541490.855629528,2667140.0204067584],[4540725.12588328,2667173.800398908],[4540187.20680498,2667508.8385659205],[4539636.468751056,2667435.7170346277],[4539147.564370615,2667633.9230536777],[4538799.846018376,2667464.347394667],[4538517.165945267,2667215.6592408344],[4538399.330698954,2666988.3420766206],[4537475.9895394,2667087.608336499],[4537161.258848475,2666965.5196710136],[4537104.856065426,2667111.0299861366],[4536418.77390972,2667190.4305318273],[4536222.396298113,2667399.2180462596],[4535964.001502121,2668101.8575688377],[4535712.403198336,2668140.6465185187],[4535428.457496903,2668301.52248667],[4535182.329193747,2668698.642342884],[4534907.892075689,2668698.3929844694],[4534810.082461157,2668771.043434237],[4534197.946699884,2668751.214209169],[4534177.039348345,2668540.7359583005],[4533696.086566759,2668383.2436457584],[4533366.62079486,2668162.498723874],[4532966.772633405,2668247.6674035382],[4532578.521389432,2668088.8019197676],[4532325.858484677,2668094.5269898074],[4532151.446676416,2668212.768841876],[4532025.180505572,2668583.2116924617],[4531781.570950107,2668691.866630462],[4531592.657347848,2668947.993058011],[4531471.137030609,2668828.549169963],[4531066.127256952,2668813.4865980307],[4530855.785679017,2668882.6235842416],[4530381.52472844,2668593.9230723474],[4529737.2830363065,2668782.754839511],[4529498.189630843,2668695.0807341808],[4528958.206993912,2668847.0368928546],[4528350.5388519345,2669450.569606721],[4528540.079368558,2670252.6804886376],[4528450.47263812,2670424.720422864],[4528158.881070249,2672214.58609016],[4527962.224943913,2672233.824728103],[4527381.092507249,2671995.873618236],[4527144.298060028,2671832.285681652],[4527042.42998618,2671571.6916887704],[4526790.920537647,2671400.946521399],[4526705.842381272,2671445.663717274],[4526281.843979752,2670945.163957146],[4526133.503346719,2671178.099938264],[4525793.744658704,2671078.937417363],[4525494.472481303,2671143.113015026],[4525206.778012632,2671332.8307133913],[4524729.259366687,2671084.500897552],[4523712.369819199,2670928.159622885],[4523677.0331780175,2670773.0542158894],[4523781.090059168,2670464.128609649],[4524064.679856619,2670149.7007468343],[4524248.532098914,2669790.8206002163],[4524055.091703586,2669655.1756224334],[4524002.902184612,2669438.307326994],[4523035.345079755,2668756.5671618176],[4522978.378996285,2668441.9665810666],[4522588.210708139,2668592.6164134922],[4522340.694233658,2668583.5899611255],[4522000.608340227,2668791.9852944105],[4521791.716861836,2668816.1876104744],[4521713.235715535,2668928.2147947997],[4521524.817294722,2668953.829295354],[4520860.818271562,2669782.9220390613],[4520683.365840485,2669890.5422065053],[4520458.623604791,2670303.118580113],[4519622.658624467,2670848.0133411437],[4519402.076372397,2670853.201975131],[4518165.280914534,2671228.240569991],[4517699.331468274,2671128.4847260546],[4517317.003141566,2671929.6310522812],[4516725.464366027,2671896.8049500296],[4515817.944585653,2672313.5242199916],[4515471.037371403,2672090.536083711],[4514882.729854265,2671336.7080394262],[4514126.267624786,2671492.1028554356],[4512702.286159228,2672488.4757740656],[4512496.206045408,2673417.4925426594],[4512234.525864413,2673850.445158366],[4511575.053560846,2673929.1407509036],[4510518.094873987,2674419.734357931],[4510030.503934077,2674403.574604644],[4509604.719354451,2674498.192100183],[4509508.673913503,2673906.810341013],[4508200.772244183,2673012.52872237],[4506972.750817648,2672885.9616642836],[4505761.071618869,2673572.8108317284],[4505488.079397963,2673400.6598403375],[4505127.460787931,2672870.0577833313],[4504513.767931334,2672643.787318271],[4504018.195516652,2672788.825747572],[4503038.993414373,2673727.535060554],[4500567.563099239,2672491.2256229036],[4500304.941857283,2669779.7142216447],[4499240.741061391,2668830.411967958],[4497690.172461534,2668564.6806839146],[4496835.5397680495,2668072.778203974],[4496693.316455786,2667875.9578721887],[4496566.230467693,2666936.2170379334],[4494616.628747149,2666818.371408754],[4492990.37246081,2664575.621811699],[4491273.807932164,2664096.1122729504],[4491174.191822478,2664165.019969447],[4491257.500822167,2664284.6488148174],[4491020.072759421,2664395.4325879654],[4490699.769844575,2664847.059228072],[4490451.433353229,2665057.0181401996],[4490194.003206268,2665667.997627658],[4489944.961149532,2665800.4354919298],[4489454.799630269,2665870.844903279],[4489267.430531138,2666093.859900239],[4488319.910793319,2666154.407351273],[4487082.868639104,2666671.4441284603],[4486881.376506947,2666554.48326354],[4486703.892235588,2666550.667038789],[4486479.5827958165,2666209.7955848733],[4485909.031073068,2666081.5157958046],[4485545.767806999,2665686.3297983618],[4485259.144980582,2665496.7479947656],[4484732.3920624945,2665347.9075772204],[4484529.215259589,2665188.5631944607],[4484071.912131141,2665287.113129598],[4483665.694607604,2665219.8253673455],[4483401.757167716,2665317.5327287875],[4483241.639497517,2665142.833928664],[4483064.773788851,2665341.545072046],[4482628.2165271295,2666183.3504314334],[4482542.226839552,2666203.0575707303],[4482248.257796759,2666608.123743539],[4482456.430923343,2667966.432988099],[4482538.75349495,2668043.073286729],[4482415.676221421,2668480.1830834523],[4482221.005077524,2668824.1238226816],[4482038.114543333,2668942.063113478],[4481902.118653663,2669203.0850101616],[4481390.746093772,2669748.068137075],[4481279.958392624,2670178.7201422937],[4481324.254455622,2670879.245334196],[4481244.450264906,2670952.7306746677],[4481120.791823709,2671634.3440411757],[4479848.953281279,2672255.7615685454],[4479642.4534226535,2672537.6751253908],[4479709.031056617,2673036.161023945],[4479599.664559927,2674418.46435347],[4479492.9477770245,2674743.784661278],[4479142.003860222,2674891.806774105],[4479027.00626043,2675234.759042331],[4479131.069970712,2675618.8848382263],[4479044.191980213,2675740.056427966],[4479267.520464702,2675890.9290922647],[4479141.988915084,2676233.91057485],[4479175.676121389,2676346.40645134],[4478963.361381097,2676554.045890118],[4478804.600074421,2676889.5603966187],[4478828.023638703,2677273.6263500326],[4478671.641250173,2677554.244188816],[4478655.832458287,2677907.5779008623],[4479037.442516811,2678473.483787882],[4479060.068462799,2678558.000812431],[4478945.81125254,2678611.9512673626],[4478969.799441563,2678726.256295803],[4488604.856737055,2679152.1545133153],[4488496.676638258,2681647.6707213856],[4498489.0770276915,2682093.881151759],[4498385.002698046,2684586.3212535074],[4550866.79592181,2686927.4082369446],[4551301.505450445,2676943.7017755173],[4548802.308017451,2676831.6148376456]]]}},{"type":"Feature","properties":{"flugjahr":"2020","gebiet":"Salzburg"},"geometry":{"type":"Polygon","coordinates":[[[4557383.780200497,2709728.403919699],[4559882.915077984,2709840.399543252],[4560317.924927164,2699856.4015241866],[4557819.702298407,2699743.918346665],[4557928.598430581,2697247.8714657486],[4550431.637906327,2696911.278399677],[4550540.476133291,2694415.2278609443],[4538045.304781026,2693855.3325624904],[4537719.024126556,2701343.3377237436],[4540218.034067588,2701455.2215030747],[4540000.312548467,2706447.306633576],[4537501.368167382,2706335.410660799],[4537392.472104272,2708831.5068341633],[4519482.315679124,2708030.9608446015],[4519385.6325489115,2708189.409672265],[4519264.241181869,2708550.615917457],[4519323.747732708,2709000.9230133123],[4519275.129686683,2709197.3221280756],[4519494.174601265,2709514.20445457],[4519716.0958783785,2709638.6432885765],[4519922.312977427,2709640.839925632],[4520049.057672728,2709754.530178046],[4520469.831395873,2709831.822340338],[4521097.238587397,2709775.2926709605],[4521975.068757265,2709545.3888543593],[4522068.500645742,2709653.596769115],[4522581.466670209,2709798.54994285],[4523348.278753104,2710633.577800071],[4523574.551958968,2710589.165056199],[4523940.35447734,2710836.083922277],[4524297.625648485,2710945.5767180123],[4524106.882122332,2711312.1852922305],[4524206.44493997,2711681.759216937],[4524175.076380721,2711872.9241187004],[4524021.8728546845,2712021.633351545],[4523464.438119027,2712115.7739596767],[4522568.803842901,2712960.581269892],[4522244.633813004,2713033.636468435],[4522056.398900805,2713779.0070177456],[4521810.629109155,2713604.471386441],[4521349.390141318,2714306.134994684],[4521121.463467863,2714962.6974609066],[4520658.930368396,2717025.8060159963],[4520065.178388886,2717263.899753099],[4519934.884751496,2717541.6887934473],[4519428.2445348045,2717780.1717189066],[4519250.859119842,2718092.8734794073],[4518575.629790672,2718625.928451859],[4519745.717167289,2719329.40563271],[4520352.92590133,2720618.9291429375],[4520428.518623776,2720642.3106086617],[4520430.041288356,2721008.999126457],[4521408.8364864355,2721953.0206228597],[4520360.347926786,2722973.5649616225],[4520018.385804733,2723133.3670082157],[4519842.991494965,2723125.041654325],[4519536.790580425,2723314.463109524],[4519379.06543402,2723268.4145618924],[4518108.641762533,2723751.3754893243],[4517172.797081743,2723830.6306404043],[4516461.527774671,2724168.524799655],[4515107.72525469,2724348.2196854693],[4514949.675786629,2724286.644221487],[4514505.318142607,2724486.388983396],[4514330.299111128,2725020.274852796],[4514120.082301046,2725293.494384311],[4514085.2919709,2725895.6609396],[4514414.938829162,2727745.93963815],[4514568.039678855,2727724.15157761],[4514772.911760773,2727903.889708351],[4515091.716876184,2729376.0648758025],[4516074.473066898,2731500.0336773936],[4516449.78045033,2731806.132641692],[4516567.909198853,2732236.248631436],[4516867.584229101,2732401.8865359845],[4517576.440626756,2732282.6418078234],[4517934.407564022,2732402.8897396373],[4518048.363131724,2732562.6342217172],[4518330.687002143,2732593.6418562946],[4518576.692731174,2732739.287020836],[4519086.347287452,2732421.196549314],[4519239.328865723,2732204.9424107517],[4519573.375143407,2732462.0842763945],[4519753.4896645835,2732485.639426096],[4519893.609976412,2732403.9832268497],[4519992.980989298,2732143.8724712217],[4520187.558303774,2732299.1483167503],[4520410.922666731,2732341.892964378],[4520692.023689694,2732923.896216732],[4521238.112282311,2733368.1718799723],[4521578.798133555,2733336.156791618],[4522123.865099952,2733553.3754713056],[4522511.046277131,2733600.1459418265],[4522639.750081825,2733575.2109664804],[4522719.744489791,2733455.702291958],[4523495.287382212,2733582.6455071815],[4523868.117232992,2733323.7469303347],[4524191.954203011,2733488.4911940796],[4524561.6293328125,2733186.707763251],[4524976.83595155,2732979.2698945035],[4525517.067085563,2733209.157352735],[4526278.683751638,2733389.1278887177],[4526491.389447758,2733220.76140627],[4526690.491741847,2733175.2587809255],[4526783.9560918845,2733032.513986753],[4527066.2735300325,2733031.8562366846],[4527291.0742236925,2732932.487911106],[4527690.946910508,2732540.385457589],[4527783.175652636,2732280.6468948442],[4528006.227063712,2732154.5950490003],[4527994.190834536,2732031.7383931717],[4528110.843562145,2731953.3554263003],[4528086.789915717,2731853.3061599866],[4528200.7966559855,2731632.457407476],[4528592.995053416,2732081.2544820784],[4528883.456691994,2732104.3268388095],[4529251.797431838,2731949.071021025],[4529720.17617812,2732694.524775296],[4529952.802361783,2732879.6383518553],[4530203.0429830495,2732596.0321706375],[4530050.281197156,2732032.5625305823],[4529787.438895015,2731602.6641627545],[4529820.983406072,2731377.3582375534],[4529003.291397986,2730711.630425533],[4528668.534123275,2730731.1480675377],[4528496.259330747,2730645.7039886047],[4528352.577367863,2730441.2998042763],[4528367.414193612,2730319.279355397],[4528840.741812646,2729862.0829081326],[4528945.586228368,2729511.2867886988],[4529297.078806087,2729237.2099554026],[4529403.374747889,2728977.8495058864],[4530104.926912649,2728312.4632719364],[4530369.215223736,2728274.3348092325],[4530755.975253286,2728397.6862433786],[4531374.282483046,2727804.608586806],[4531554.077190584,2727753.5036886763],[4531542.39230972,2727609.8509406396],[4532412.9082622295,2727124.971287855],[4533481.746993657,2726118.4928599326],[4533337.491599071,2725779.457756474],[4532592.731794046,2726002.699257518],[4532178.237791873,2725808.6967819016],[4531900.121914645,2725499.9476312287],[4531861.088222158,2725263.8152513634],[4531600.62131596,2725223.954807552],[4531413.139653219,2724852.860044456],[4531150.638998026,2724714.334118521],[4531043.391774472,2724445.161518253],[4531261.732224565,2724176.0143069583],[4531362.020639958,2723897.049370733],[4531223.362268695,2723643.942683856],[4530784.529482538,2723363.8207860216],[4530737.7194212,2723128.2195477504],[4530517.345510594,2722951.0025314977],[4530246.263015803,2722306.5785313207],[4530324.667707425,2721847.788634462],[4530482.021054266,2721640.9004051555],[4530633.291797936,2721217.3470455334],[4530937.53693172,2721043.5754373823],[4531005.398225447,2720913.272093534],[4531256.534341427,2720812.3103383556],[4531315.422375334,2720245.2007753626],[4531433.460868085,2719929.0446728785],[4532436.677804092,2719019.6407084544],[4533035.542557264,2718830.008125417],[4533203.437192914,2718686.3383594556],[4533560.901638391,2718799.3834719397],[4534013.086016123,2718675.848659382],[4534519.700831205,2718726.404779459],[4535059.0158125255,2718963.6380537846],[4535477.021902812,2718875.717793413],[4535555.7073427215,2718474.085865234],[4535711.795160883,2718274.9545911746],[4535673.682885731,2717734.2974928794],[4535854.794771574,2717197.287334611],[4536079.298379044,2717088.728849815],[4536273.823689392,2716790.943961061],[4536717.332897674,2716934.092129615],[4536858.452253288,2716612.6005993653],[4537036.996050177,2716495.2255110973],[4537367.479551266,2716502.0885035624],[4537572.477265936,2716383.084325995],[4538045.607505946,2716299.0411422052],[4538228.895709379,2716162.8416477237],[4538443.760654986,2715900.505762307],[4538402.8696047,2715585.255407056],[4538479.867710585,2715446.328670515],[4538415.401045007,2715293.836694021],[4540277.859606252,2713610.133788965],[4541791.3027809365,2712871.4744062047],[4541914.510070852,2712735.789554787],[4542117.119789325,2712713.8219254874],[4543665.914768376,2711768.836083581],[4544664.586176741,2711332.0785028753],[4545120.162144817,2711284.9561034227],[4545096.095085929,2711715.507094394],[4545217.897495319,2711995.9743950805],[4545144.388585364,2712262.8852594034],[4545289.0452446,2712490.162536421],[4545539.444078008,2712461.3837164603],[4545559.7422854435,2712267.9471571012],[4545776.5502725765,2712279.1788608986],[4546132.718625575,2712124.171478285],[4546218.643565186,2711875.938461511],[4546419.299577934,2711714.866183592],[4546600.650788141,2711830.7936380473],[4546857.365965127,2711821.3117796425],[4546796.415382626,2711039.482932444],[4547089.469949795,2710826.366448705],[4547385.841116101,2710229.643007666],[4547546.230105425,2710181.5295704734],[4547737.50992072,2710285.558967595],[4547990.756991376,2710750.1340711764],[4548415.098803161,2711131.4444768],[4548561.590054649,2711627.117494589],[4548676.027717339,2711781.4231220754],[4548828.215902228,2711806.6962629757],[4548996.656863892,2712276.944977465],[4549112.473847309,2712387.0966494647],[4549074.179525529,2712614.876980706],[4549161.711851143,2712818.8847526074],[4549603.78980769,2712872.471402402],[4549884.695779418,2713134.512616223],[4550292.784217103,2713106.001653495],[4550447.102569805,2713344.744278509],[4550669.085243929,2713484.186657045],[4550552.387041286,2713720.1039197696],[4550702.384843973,2713944.678229892],[4550709.2476939075,2714122.8450812865],[4550520.96848787,2714728.7399621843],[4550571.493301743,2714969.9786317456],[4550488.239929552,2715478.7846720754],[4550516.742845418,2715959.406039715],[4550296.529478944,2716079.12094939],[4550235.9539201455,2716525.412804858],[4550525.553876776,2716711.7656642236],[4550446.856795888,2716943.9808821236],[4550150.9551623855,2717197.6637508245],[4549776.915077082,2717322.37453883],[4549253.3830617955,2717877.819275318],[4549298.7788496455,2718238.9353392357],[4549473.420869596,2718374.2235255106],[4549529.117439337,2718631.5979375984],[4549663.371118605,2718705.729140346],[4549726.463552544,2718867.1943471516],[4549646.933055916,2718949.6766490834],[4549686.93248561,2719082.760915188],[4550063.213289016,2719403.7775491835],[4556947.334269335,2719713.241642289],[4557383.780200497,2709728.403919699]]]}},{"type":"Feature","properties":{"flugjahr":"2020","gebiet":"Salzburg"},"geometry":{"type":"Polygon","coordinates":[[[4562163.340028419,2714945.6325501194],[4561944.969922405,2719938.0955768307],[4583232.565739995,2720898.4196726293],[4583021.169716438,2720543.938254973],[4583063.911109594,2719876.540395093],[4583162.320944481,2719698.9010172435],[4583030.620450804,2719390.296997756],[4583072.626693816,2719208.606869431],[4583157.4081168575,2719136.4038311355],[4583126.099526719,2719050.946979446],[4583282.594936052,2718701.8508444554],[4583442.099111482,2718558.4900781154],[4583448.775966095,2718383.2063881964],[4583853.2430107985,2718100.348109115],[4584091.495622965,2717473.8115471876],[4584380.151023907,2717479.861102394],[4584959.005229051,2717330.9526232826],[4585935.408835366,2716336.6052346798],[4586198.426455047,2715613.649517439],[4586403.004974849,2715470.3247601986],[4587530.455118565,2715589.8527955185],[4587603.070735363,2715372.529108745],[4587921.731749393,2715173.8407939295],[4588480.751854241,2715100.587080354],[4589067.155606605,2714687.9067206965],[4589350.532106506,2714677.223015967],[4589605.171108239,2714419.611410082],[4590069.850051606,2714328.0845677266],[4590525.122462507,2714074.0544082066],[4590686.259774954,2713836.225703555],[4591090.806317817,2713619.92446893],[4591547.556102511,2713503.5372256143],[4591573.771403189,2713316.6298546568],[4591747.389862564,2713193.926016879],[4591906.622985732,2713296.683972158],[4592061.404526557,2712666.874178961],[4591992.0064423885,2712376.5889585363],[4592157.481367568,2711742.7640269],[4591938.594553136,2711218.5996989477],[4591685.839154808,2710964.535358131],[4591651.824969733,2710232.1328021316],[4591196.852897484,2709530.1852682377],[4591046.81482411,2709137.196616089],[4591054.953193528,2708756.8779367483],[4590878.934693561,2707870.4920798186],[4590481.744703801,2707552.37956801],[4590202.82726713,2707197.6052424605],[4590299.550358858,2706772.2902725884],[4590258.768871328,2706456.8059228733],[4590503.974846651,2706403.3731619483],[4590621.958284664,2706224.545144831],[4575094.102520746,2705523.7283818927],[4575312.274977675,2700531.4503500373],[4567815.534355072,2700193.5357520333],[4567270.193424806,2712674.479143595],[4564771.330221955,2712561.9254037333],[4564662.190880292,2715058.151833993],[4562163.340028419,2714945.6325501194]]]}},{"type":"Feature","properties":{"flugjahr":"2022","gebiet":"Salzburg"},"geometry":{"type":"Polygon","coordinates":[[[4569258.722494558,2750283.7757817763],[4555635.4971404895,2749669.1636979105],[4556182.614659424,2737187.203644105],[4558681.242895586,2737299.687893752],[4558899.981729835,2732307.0253325244],[4552787.738612616,2732031.918109302],[4552716.22244762,2732226.0419147736],[4552373.756292953,2732441.744442395],[4552088.736724812,2733384.4509692206],[4552291.688027822,2735173.567849204],[4551838.733470508,2735648.606929877],[4551445.967859639,2735660.6941158455],[4551075.453336262,2736057.5910790935],[4550789.953949373,2736217.5680533703],[4550361.094380064,2736948.3949521077],[4549765.884247394,2737516.982881172],[4549835.814998836,2737702.6162142726],[4549610.36298071,2737888.550667146],[4549339.905691904,2737893.7894563954],[4549328.129450927,2738028.494395595],[4548666.4129092675,2738272.2806410613],[4548494.436112647,2738300.934161007],[4548302.429080034,2738192.5844581835],[4548155.744642916,2738273.141824327],[4547922.097646592,2738635.8338544136],[4547558.118910832,2738802.7912439546],[4547485.530851529,2738931.711850818],[4546813.838241188,2738849.2068916876],[4546790.483990084,2738643.369472606],[4546590.935983495,2738394.461512372],[4546661.349059426,2738271.719962983],[4546389.643249285,2737844.9567045257],[4545833.050504243,2737775.6510049338],[4545618.874355921,2737497.0332564674],[4545598.704115566,2737286.2194013735],[4545249.389553029,2737121.8919366617],[4544163.181367732,2737053.011591526],[4543663.731970782,2737125.0985037163],[4543399.147661555,2737271.6357510374],[4542859.5100178365,2737070.6538087623],[4542463.301544154,2737398.3530637366],[4542164.232784881,2737527.3946729987],[4542019.080616135,2737445.1468249243],[4541630.089398257,2737449.6999957096],[4541196.746062955,2737197.6901197],[4540533.184630891,2737264.268765422],[4540349.098589681,2737659.6717621144],[4540025.015208609,2737766.8545031087],[4539869.82593626,2737972.1434838027],[4539595.329296217,2738019.403670535],[4539454.326080166,2738324.7714786157],[4539224.545863356,2738566.738265434],[4538992.194546898,2738676.210324925],[4538897.260774688,2738945.3784880703],[4538922.525854273,2739178.542708162],[4539402.740098514,2739732.3593568103],[4539376.632986779,2740019.443832415],[4539458.341864841,2740251.2901630537],[4539617.524132869,2740347.038618922],[4539888.31097624,2740905.6451910767],[4540137.662685804,2741104.822474699],[4540816.56096148,2741208.9163522236],[4540964.151615783,2741476.4875060613],[4541083.606815928,2741571.7893098574],[4541152.033113501,2741526.1073158337],[4541153.999357488,2742186.1780137867],[4541281.432679129,2742484.5541077703],[4541264.700295564,2742534.6422877205],[4541120.8552503,2742483.077834353],[4541079.08808878,2742645.731661908],[4541177.374780966,2742770.710453013],[4541506.551692024,2742904.313991715],[4541768.972005319,2743379.226690354],[4541566.986163396,2744037.8326954152],[4541041.088586399,2743935.9207484457],[4541046.488944454,2744165.0154796867],[4540925.218982362,2743997.9432533565],[4540592.687981429,2743849.8874060805],[4540470.897275379,2743915.827219393],[4540517.672420185,2744098.1490677204],[4540794.934055366,2744587.4973258954],[4541321.055117773,2744917.9610813595],[4541212.335136189,2745448.0626041056],[4541300.529290242,2745671.7010792526],[4541598.0104395645,2745835.5377788553],[4541861.193305775,2745858.042642709],[4542196.76477875,2746426.069882334],[4543069.432014401,2747397.9346891586],[4543959.953912047,2749186.9806480743],[4544487.969368015,2750609.061006386],[4545778.898228668,2752163.937283268],[4545860.00569792,2752500.0096265846],[4545828.372342391,2752876.6601107763],[4545621.434496331,2753516.941505982],[4544043.620091968,2755941.795437479],[4542627.215975512,2758874.663315419],[4541568.918746135,2760281.560256646],[4541177.221835147,2760940.259066576],[4540747.984688028,2761979.9826259203],[4540538.742540929,2763158.8833179288],[4540405.243717645,2763244.4182087565],[4540324.779749984,2762917.5467719357],[4540106.656504593,2762765.8551129587],[4539661.306883044,2762655.612984172],[4539391.14779952,2762690.8030948634],[4539106.096105355,2763036.4835272976],[4539165.993108077,2764059.0712144896],[4539090.555600626,2764260.550832692],[4538922.144793277,2764416.4913027585],[4538287.511463659,2764666.325352649],[4536581.75364034,2764769.1613745056],[4536158.271070209,2764911.5422699726],[4535708.7016709205,2765215.133389543],[4535408.034853332,2765567.8285414195],[4535259.214258476,2765876.455429247],[4534410.545023354,2769097.1516696992],[4535737.701246852,2769175.116361147],[4536351.747488678,2768965.0824487517],[4536417.323695827,2768771.4222402223],[4536691.593316518,2768671.178935395],[4536824.883551433,2769090.8970330087],[4536779.771146205,2769354.520501572],[4536929.127384642,2769385.244471947],[4536994.339702015,2769530.755707388],[4537020.908702449,2769655.51985183],[4536932.264447529,2769724.5811668145],[4537080.7134400755,2770083.942729488],[4537199.3095155265,2770210.8342277873],[4537422.931678651,2770271.905012413],[4537548.860689822,2770551.2164708055],[4537579.570446748,2771049.3790659863],[4537627.29652514,2771182.598853696],[4537864.950459808,2771380.3915824434],[4537909.531180014,2771836.14942272],[4538028.544128418,2772067.6253257473],[4538313.540540649,2772202.001172676],[4538810.290245799,2772222.8196537863],[4539745.915718027,2773525.574799195],[4540260.283441076,2773794.840233033],[4540979.820766923,2773849.710855102],[4541395.352625648,2773713.3132075365],[4541339.275915088,2773667.7671312303],[4541594.633795407,2773462.1323760296],[4541811.691291819,2773524.424202061],[4542102.617288153,2773318.3871344365],[4542828.305630721,2772447.520153992],[4543099.3853545785,2772454.212439359],[4543375.489945884,2772733.7866476155],[4543534.787974652,2772788.981484984],[4543528.697008592,2772938.7904909463],[4543701.119452601,2772946.0478529623],[4543737.662686466,2773037.2404750837],[4544107.975384208,2773109.9280630946],[4544217.4075703295,2773023.8010269823],[4544516.490811997,2773247.373316915],[4544854.812005254,2773148.034930843],[4545073.9086281955,2773266.4574831272],[4545313.05118319,2773498.3471050835],[4545283.385731458,2773763.1618387448],[4545440.9471191345,2773903.3279579654],[4545840.230822587,2774057.369287035],[4546097.846798056,2774051.443898452],[4546449.120911311,2773680.5125906365],[4546779.070779007,2773589.777510548],[4547154.456238348,2773911.839112393],[4547173.728493082,2774054.288775434],[4547466.445108699,2774400.159866747],[4547553.941073445,2774346.0651464006],[4547850.712703839,2774702.121632728],[4548471.564983008,2774417.3686425807],[4548449.082679417,2774108.680843058],[4548645.466617936,2773650.247563102],[4548481.4277909575,2773463.763121704],[4548400.1446281755,2773182.9429542627],[4548881.121797708,2773426.2128972597],[4549181.316595598,2773431.2147892276],[4549335.699383575,2773347.6092468216],[4549418.4413496945,2773082.6756403437],[4549242.0320471125,2772904.137222965],[4549226.24042214,2772693.80396033],[4549376.7502918895,2772675.561004954],[4549354.772185843,2772503.470815763],[4549721.001862476,2772247.790517696],[4549723.145654168,2771868.6590390913],[4550095.441742742,2771782.368603563],[4550388.921215796,2771974.1962592024],[4550642.616709627,2771510.3495276184],[4550923.99881725,2771213.8519248236],[4550812.544615019,2771015.715788338],[4550872.802906388,2770931.881181389],[4550649.739696422,2770698.693275906],[4551061.421418957,2770684.228769938],[4551269.149043242,2770867.689056212],[4551480.495912877,2770535.992504358],[4551701.296879032,2770638.4845880526],[4551912.163864227,2770215.2157526757],[4551921.698243639,2769929.9761955603],[4552056.1105900165,2769844.975505571],[4552302.790670802,2769985.1555925063],[4552615.639124474,2769998.2386027193],[4552800.119243607,2769833.4490930876],[4553188.135921922,2769833.424513717],[4553435.993588251,2769604.9567521443],[4553599.25421875,2769717.874749054],[4554313.731620219,2769876.6339249457],[4554407.042893815,2769678.7161307707],[4554288.306024792,2769088.020752361],[4554408.115821741,2769050.3907396407],[4554609.097553327,2769056.944409843],[4554686.170726382,2769182.989091462],[4555038.91086733,2769290.939276991],[4555880.244248016,2769833.187552486],[4556236.14295078,2769755.6676764595],[4556438.5207068985,2769411.5617398857],[4556428.839909057,2769233.012087139],[4556328.862147665,2769069.90692405],[4556076.5364201125,2768909.947456337],[4556044.33871396,2768594.307844734],[4555690.311056024,2768333.224186192],[4555819.4648539955,2768037.3739131656],[4555729.630863727,2767928.270941827],[4555901.583108305,2767946.0204799455],[4555938.458773662,2767824.615877023],[4556095.980482343,2767806.19348845],[4556240.622174719,2767579.580561068],[4556093.289700707,2767434.379502434],[4556324.249773821,2767283.1776677677],[4556295.951948683,2767209.362975521],[4556956.121803791,2767624.808619299],[4557414.948303049,2767745.5495998207],[4557623.511278389,2767716.430742791],[4557762.309674796,2767497.5577882],[4558430.730151504,2767611.2446824335],[4558668.383977015,2767489.885660835],[4559608.131388178,2767639.3249283023],[4559580.885032404,2767735.1523106983],[4560007.65109522,2768049.575285373],[4560291.862894603,2768110.4230816043],[4560352.257803512,2768262.735500661],[4560602.787185155,2768247.022425898],[4560552.431740389,2768572.4444654686],[4560867.368604648,2768629.1812260244],[4561092.86609428,2768579.3215667456],[4561467.8531529615,2768693.801502181],[4561580.38443297,2769186.1703191153],[4561813.85539154,2769376.311544975],[4561946.788741333,2769256.732084459],[4562221.412038432,2769251.111495782],[4562299.841197408,2769585.3556892583],[4562586.302791001,2769458.6918305526],[4563093.5301720705,2769788.2663434846],[4563371.058743077,2769784.78578573],[4563456.434085434,2769710.591701706],[4563507.626092767,2769832.978396038],[4563775.785983393,2769894.613191242],[4564065.548504631,2769806.6255834308],[4564672.770363011,2770035.6340769683],[4564571.912897654,2770302.246285346],[4564942.18553789,2770318.4566095737],[4565474.216301446,2770539.0847129375],[4565713.1114995405,2770435.289769866],[4565563.386031495,2770708.711509557],[4565752.38065766,2770942.379089047],[4565538.484082722,2771251.9378247103],[4565760.427022987,2771328.4915869874],[4565911.935179941,2771537.9615259096],[4566137.326139037,2771672.718874259],[4566184.48683401,2771875.47910731],[4566689.932401593,2771846.758960722],[4566697.039305185,2771935.636877018],[4566986.969657443,2772025.771781058],[4567315.024558807,2772011.568565962],[4567525.845698889,2771908.0211815415],[4567822.050535155,2771604.699241841],[4567749.19655138,2771439.7996050073],[4567845.4199734535,2770902.2922892976],[4567513.563364385,2770855.27767382],[4567564.8753448585,2770371.7876542914],[4568147.3273150725,2770401.609889938],[4568159.81061532,2770117.9944933476],[4568468.104854483,2770063.883895212],[4569093.347295082,2770111.6513070306],[4569484.663204972,2769968.7229292435],[4569777.4969733395,2769697.2672325177],[4569812.118777325,2769536.225443679],[4570110.879117246,2769596.762413058],[4570384.342995743,2769218.8820394506],[4570542.3698907,2769143.477431969],[4570910.562330238,2769196.146446233],[4570998.974466884,2769030.0373792127],[4571537.8188036475,2768628.6260332176],[4572101.521080623,2768630.0916853165],[4572372.928109447,2768526.7881286996],[4572806.616191659,2768558.3883692455],[4572946.060703712,2768438.612147399],[4573067.705388316,2767869.763316752],[4572911.043929558,2767629.5423196875],[4573180.018264885,2767092.366534162],[4572625.809647131,2766441.9287615544],[4572804.812488708,2766196.8677576743],[4572510.135908265,2765929.8931896803],[4572370.337581167,2765966.59922853],[4572274.455661699,2765892.723466627],[4572478.413247229,2764590.6625353275],[4572195.061674461,2764362.2274833256],[4572086.6439233385,2763992.6128877467],[4571843.290159721,2763936.0785718765],[4571623.197620574,2764136.2461572983],[4571381.754008182,2764081.8052658294],[4571131.979811516,2764194.0930626774],[4570958.56336929,2764380.374725643],[4570714.264553214,2764299.7946345164],[4570469.116049923,2764329.7435607696],[4570122.741722546,2765022.5207635],[4570232.460815219,2765112.0276441057],[4570333.423236227,2765400.7584988503],[4570031.514751091,2765457.6603593193],[4569646.4049440725,2765687.411683651],[4569400.242925474,2765660.788878401],[4569278.075204212,2765763.3379632127],[4568354.691811302,2765823.7145165373],[4567971.083861858,2766440.76692167],[4567434.307163251,2766328.4675846114],[4567282.773177581,2766028.4497556947],[4566941.566046806,2766034.055298087],[4566888.166885234,2765927.5829275213],[4566756.877873922,2765975.687296325],[4566651.40553862,2765709.7716855593],[4566381.276338512,2765533.4796179254],[4566325.333647678,2765177.244443746],[4566105.496213155,2764904.6635564966],[4566122.652091489,2764571.2379196147],[4566375.159780204,2764510.593250753],[4566347.736090831,2763984.0367971626],[4566753.198791218,2762618.518916576],[4566707.117900726,2762459.346728985],[4566528.557834371,2762329.715589018],[4566598.025279523,2762002.1604975997],[4566513.095713432,2761804.2161427154],[4566282.188987885,2761715.248439179],[4566625.973125543,2761103.91491995],[4566542.999004905,2760838.5270565324],[4566596.8054979285,2760536.7864436456],[4566420.359528967,2760222.1600610735],[4566562.4657114595,2760075.9817332993],[4566512.865703056,2759643.490120982],[4566594.250888757,2759169.8698995546],[4566534.869751075,2758857.501320579],[4566254.9717566,2758584.2123056566],[4565990.723166467,2758615.813976649],[4565817.665990593,2758417.888666164],[4565902.727565666,2758088.5250757537],[4566302.956405231,2757696.8343106587],[4566349.941866994,2757504.8361853748],[4566259.625676932,2757076.0037319153],[4566441.434852726,2757017.6668103063],[4566657.654437828,2756757.260293428],[4567031.278596601,2756560.989628417],[4566997.890666384,2756443.414444385],[4567276.521804814,2756209.837936695],[4567302.914270489,2755962.3823453854],[4567783.007692356,2755530.7697867183],[4567627.650757361,2755340.1573230373],[4567856.416648238,2754828.180137757],[4567896.972555799,2754463.3032428473],[4567309.511661246,2754443.80014434],[4567448.793867841,2754407.561143597],[4567564.310784724,2754251.182487199],[4567615.513049264,2753769.220450946],[4567335.450544659,2753442.4108118443],[4567113.093921235,2753340.830269915],[4567380.608590312,2753303.3682954917],[4567452.737570762,2752218.986803703],[4567312.9980516825,2752197.1748430957],[4567293.617848481,2751851.598392061],[4567565.685930894,2751676.2652482474],[4567559.719900478,2751367.315230564],[4567694.073443994,2751386.387655894],[4568650.408780717,2751055.8644166184],[4568899.935363776,2751074.634131184],[4569032.691084231,2751004.5826562275],[4569258.722494558,2750283.7757817763]]]}},{"type":"Feature","properties":{"flugjahr":"2018","gebiet":"Salzburg"},"geometry":{"type":"Polygon","coordinates":[[[4593131.612175976,2693833.39318836],[4593458.924572933,2686344.956879637],[4575966.13262965,2685554.959457042],[4576183.884553416,2680562.9385491647],[4573684.805202675,2680450.3188429475],[4573793.614436104,2677954.3445103588],[4561298.021032501,2677392.293543238],[4561912.123942237,2663462.5643353146],[4561550.49997543,2663124.3118630024],[4560999.275624531,2662901.0083106607],[4560291.948040414,2662812.234833143],[4559858.446687972,2662887.7988949916],[4559690.422900929,2662766.7241838826],[4559379.38362629,2662767.2649881165],[4558972.163644069,2661904.2538564294],[4558614.979906034,2661814.207974307],[4557716.302881834,2661645.860908812],[4557308.169355511,2661714.0769350934],[4556832.736110587,2661567.7186915884],[4556400.193948801,2661598.331149706],[4555990.024153763,2661759.4817982884],[4555794.640246731,2661634.188128417],[4555654.909717289,2661783.962581478],[4555455.6840973925,2661735.517450941],[4555474.466027329,2661153.707148564],[4555371.846882534,2660864.5312941703],[4554855.908611584,2660163.722655546],[4553527.176958084,2660613.304600263],[4552864.759614488,2661115.7770367865],[4552647.196537005,2660947.494259621],[4552062.394786627,2661254.882213215],[4551648.417158924,2661584.4258691873],[4551020.545573688,2661672.8342213794],[4550453.031293062,2661976.900920498],[4550578.065879812,2662692.2875615973],[4550544.2086310955,2663005.4919757457],[4550380.6699198885,2663142.5321211927],[4549390.349029412,2663311.0196524514],[4548802.308017451,2676831.6148376456],[4551301.505450445,2676943.7017755173],[4550431.637906327,2696911.278399677],[4557928.598430581,2697247.8714657486],[4557819.702298407,2699743.918346665],[4575312.274977675,2700531.4503500373],[4575094.102520746,2705523.7283818927],[4590621.958284664,2706224.545144831],[4590729.044239904,2705912.7864557886],[4590988.210079817,2705761.8656734005],[4591107.183177854,2705453.040720942],[4591028.953631832,2705401.4435491473],[4590957.674606261,2704293.1960642487],[4591265.672214811,2703694.398717357],[4591629.492208849,2703356.711529907],[4591731.809614401,2703135.7450159667],[4591677.871793314,2702709.1170236575],[4591980.347077139,2701953.465687716],[4591872.300713652,2701595.9215911645],[4592098.081732424,2701219.4690112956],[4592132.887112139,2700824.369395419],[4592456.936908441,2700570.9096485563],[4592499.813601668,2700082.6141449283],[4592784.7778186025,2699783.86473751],[4593048.239660941,2699014.9389897296],[4593357.941768704,2698494.2149036797],[4593221.260735852,2698333.460302706],[4593386.9469569875,2698220.4009562563],[4593461.406655724,2697674.5159668527],[4593645.595313295,2697413.2268301314],[4593551.569986224,2696952.762787984],[4593367.338050888,2696734.3299193573],[4593137.336460607,2695902.0566115044],[4593199.22897531,2695746.286820895],[4593138.112945635,2695597.9580850485],[4593161.970779837,2695487.4883497027],[4593490.295356284,2695479.830373096],[4593727.263957451,2695293.9625785733],[4593645.916891667,2694921.1193683655],[4593714.926067941,2694109.883467954],[4593542.610843965,2693852.2818470187],[4593131.612175976,2693833.39318836]]]}},{"type":"Feature","properties":{"flugjahr":"2021","gebiet":"Salzburg"},"geometry":{"type":"Polygon","coordinates":[[[4561298.021032501,2677392.293543238],[4573793.614436104,2677954.3445103588],[4573684.805202675,2680450.3188429475],[4576183.884553416,2680562.9385491647],[4575966.13262965,2685554.959457042],[4593458.924572933,2686344.956879637],[4593131.612175976,2693833.39318836],[4593542.610843965,2693852.2818470187],[4593632.063247491,2693668.4462531637],[4593454.338261302,2693312.2568608113],[4594128.947538103,2692382.365752839],[4594344.640769237,2692454.1561208703],[4594570.504261891,2692396.3542160722],[4595277.870418865,2692435.387304698],[4595390.456090386,2691921.7707757517],[4595882.373634414,2691471.3314556805],[4596691.24848994,2691536.9535926674],[4597303.614868039,2691801.7823504545],[4597609.565040143,2691790.6279061832],[4597890.286666623,2691566.240886828],[4598673.742165389,2691354.12810013],[4599111.58013428,2691682.6023676195],[4599357.851507129,2691581.71441335],[4599830.201835926,2691051.383249471],[4600426.8086057585,2690943.3656628197],[4600964.363982698,2690594.0711963237],[4600977.0936839655,2690165.465107377],[4601282.789658461,2690228.842539428],[4601654.794712553,2690115.6498470404],[4601816.566352705,2690126.4848865224],[4601835.496650201,2690747.1090700454],[4601918.523240237,2691173.0542343217],[4602071.153658361,2691461.5956140496],[4602333.340476714,2691649.5611794544],[4602313.355374655,2691831.733524002],[4602920.651792221,2692280.9650386483],[4603228.5385288345,2692133.8632329307],[4603938.862352297,2692311.1393882236],[4604695.511014625,2692287.9265170847],[4605067.690997561,2692044.689117779],[4605702.513367834,2691143.0746703977],[4606169.232709679,2691497.88127021],[4606600.541785308,2691689.0165975387],[4606813.669861786,2691956.798640299],[4607239.376373835,2692104.1715326514],[4607644.950500486,2692677.3293379415],[4607504.920153153,2692810.5368151814],[4607461.083051308,2693228.738561933],[4607570.820238289,2693753.4587947004],[4608299.694452044,2693552.4427648555],[4608509.246643552,2693730.03591371],[4608479.487308487,2693872.251476508],[4608728.652464438,2694128.6803115183],[4609359.765406472,2694364.9405173576],[4609811.232100364,2694655.574535792],[4609968.106924279,2694492.1226920146],[4610692.742034126,2694170.372058694],[4610460.724123727,2693739.6369193373],[4610549.622733393,2693378.9967383305],[4610822.481510142,2692991.1948530194],[4610601.381772116,2692448.3950522644],[4610941.57069686,2691895.076141292],[4610531.22885305,2691728.8643526896],[4610482.560645194,2691536.5635734503],[4610591.878966495,2691338.435148919],[4611247.230956121,2691055.062805581],[4611680.862913934,2690975.2191496887],[4611844.991283261,2690829.1061643185],[4612150.193803212,2690811.9606741136],[4612736.671904843,2690340.3880001777],[4613575.564263786,2690045.5351447025],[4613359.721270138,2689904.7765585543],[4613279.188723927,2689710.532573057],[4613652.560533848,2688623.58164838],[4612996.564802625,2687866.1381202047],[4612555.7625916395,2687666.8455600864],[4612368.2915147245,2687331.2076651566],[4612348.119388091,2687102.81675042],[4612491.380632637,2686775.8961216137],[4612698.091307035,2686541.069911955],[4612861.324649937,2686442.6109690387],[4613058.034318096,2686444.818977341],[4613506.567564702,2686015.7465482494],[4613594.415996102,2685614.380073659],[4613764.278397477,2685388.433675862],[4614349.6770820115,2685046.0681545823],[4615021.204948788,2684245.116423413],[4616034.0285776025,2683562.716511372],[4616487.719369596,2683374.8538393276],[4616169.579102693,2683154.2647811966],[4616083.117202567,2682700.2186130807],[4615930.747324307,2682434.478333002],[4615979.918978501,2682248.5613236236],[4616384.905706348,2681897.151633149],[4616585.447537536,2681817.504248324],[4616903.357920019,2681988.313842508],[4617326.499783697,2681992.7463875776],[4617610.076252071,2681693.1419065366],[4617749.627009712,2681139.7219571085],[4617734.314391269,2680777.812944222],[4617964.400650596,2680525.2190636448],[4618167.684275628,2680528.4837291287],[4618447.127997824,2680711.68875389],[4619054.946729759,2680489.060871022],[4619458.02296181,2680481.539054643],[4619887.475324249,2680220.384112471],[4620155.261019168,2680227.4784066128],[4620585.18981431,2680050.8869675403],[4621169.987843123,2679546.4369744067],[4621850.825532581,2678581.9122081446],[4622666.538976332,2678118.0027676104],[4622958.741267658,2678079.3920375556],[4623674.970201887,2677775.3494392904],[4623594.20329221,2677361.16203805],[4623898.821113727,2676951.615501846],[4623808.570355917,2676792.434791337],[4623479.414482589,2676590.4834342916],[4623289.014080854,2676365.676374699],[4622505.818550731,2676536.271431229],[4621918.321665332,2676385.3861614843],[4621461.7256308645,2676138.963680437],[4620929.244562116,2676612.626958717],[4620464.777237504,2677409.0830890015],[4620313.409968396,2677482.5956089883],[4619824.26366833,2677429.911967562],[4619494.973534623,2677243.6326152077],[4618863.8112437725,2676604.9484352213],[4618466.778849461,2676548.903614546],[4618025.656868048,2676167.128881954],[4617886.235768753,2675932.215199655],[4617514.410783292,2675890.916162447],[4616953.43221615,2674948.9647475276],[4616854.577064651,2674857.358885222],[4616326.304703912,2674751.1962353806],[4615956.33028288,2674261.6603742894],[4615638.2562732585,2674187.9895059904],[4615439.644615044,2673944.567514524],[4615383.340739319,2673708.7032182487],[4615496.393822571,2673454.5662314747],[4615225.989065028,2672997.759740621],[4615164.1730839955,2672577.8515774785],[4615229.2925431905,2672177.3795249537],[4615406.601150992,2671958.3698522393],[4615917.205794507,2671740.4092894355],[4616194.032346812,2671079.9777516965],[4617462.526991681,2669603.0308230943],[4617354.530655032,2669024.894033408],[4616905.9325265465,2668331.9356750483],[4616515.897560094,2668092.710737384],[4616245.601382881,2667191.1385402335],[4616002.4751261715,2666845.478102171],[4615885.375046652,2666259.833712481],[4615526.122473834,2665549.5939360214],[4615173.41700201,2665271.2085859766],[4614596.771336102,2664040.794892288],[4614558.414972289,2663811.848050122],[4614637.505868973,2663450.8198779416],[4614562.146889139,2662757.6432112306],[4614670.705453125,2662298.2728792382],[4614605.525739258,2661877.192384307],[4614728.5941412,2661454.8411048832],[4614511.672015392,2661380.9792353855],[4614297.395014459,2661070.862701295],[4613373.023633127,2660626.928338256],[4613147.437345817,2660229.543244709],[4613125.7742801495,2659491.1777923135],[4612451.1405514255,2658803.1174143585],[4612426.393621164,2657844.034235926],[4611909.268162821,2657306.5112272813],[4611445.142077355,2657097.1176087307],[4611169.825376781,2656398.6317231306],[4610992.742570874,2656330.45255016],[4610436.132127191,2656341.1673569223],[4610082.496317102,2656175.2271432187],[4609516.005540268,2655544.611486807],[4609022.141879751,2655327.3256877866],[4608953.917702899,2655008.9492090004],[4608699.529727043,2655081.815028956],[4608292.955344715,2655608.551795703],[4608370.290998361,2655730.095187419],[4608197.919789192,2656145.9129130514],[4608486.732865517,2656494.1137586716],[4608478.642429182,2656622.2876302474],[4608114.182403754,2657101.9211938595],[4608139.6980857225,2657848.828530932],[4607909.494044242,2658706.1854023747],[4607618.83997593,2659009.1122022164],[4607342.174124159,2659106.1041651415],[4607116.214557039,2659085.356185139],[4606910.325539723,2659190.060519267],[4606807.318780889,2659484.990157012],[4606835.123201471,2659915.393371924],[4606459.945238819,2660226.9963712925],[4606001.946409299,2660370.789479276],[4605552.023421746,2659962.2619364625],[4605167.400902995,2659813.282917177],[4604888.396980319,2659837.64809478],[4604674.402891118,2659967.4939072197],[4604176.554784634,2660002.950790544],[4603552.562146216,2660289.7788204844],[4602909.628671388,2660436.717094644],[4602789.211691671,2660682.8510560393],[4602484.859443994,2660920.6573158028],[4602403.2658656,2661241.0758284973],[4601846.989691144,2661594.021963239],[4601622.811306943,2662106.5457752477],[4601702.5558987055,2662184.1819489524],[4601546.999924521,2662306.179050136],[4601619.090741142,2662455.991902811],[4601373.695137857,2662651.446121794],[4601517.884457551,2662859.041336474],[4601454.534454129,2662933.697795626],[4601535.508184659,2663166.9391185376],[4601189.2512878915,2664377.660732867],[4601496.354823538,2664581.624378857],[4601768.750042156,2664892.5508382083],[4601537.661405447,2665173.1851125997],[4601554.950791168,2665282.0025270833],[4601098.542033758,2665240.342677771],[4601043.158145847,2665166.8114482816],[4600850.165454107,2665263.1094135735],[4600425.477736777,2665171.857995475],[4600392.009052264,2665227.3616490434],[4599862.837396513,2665085.864983756],[4599776.666440792,2665213.0076768254],[4599373.074073148,2665039.6840232033],[4599368.479771183,2665168.019481414],[4599125.32827007,2665254.5448454362],[4598975.2652362585,2665124.2095728437],[4598298.641589981,2665056.5662345774],[4598034.496239689,2665188.1567726107],[4597806.782674867,2665483.4478518846],[4597819.5069441805,2665616.568681543],[4597335.052317263,2666827.0186342695],[4595856.454757512,2667108.7164316988],[4595608.687271306,2666910.4497844847],[4594699.560802252,2666592.253995399],[4594232.290862561,2666535.1120276228],[4594165.414779608,2666598.610273277],[4593806.863736527,2666505.8750517326],[4593350.2574541485,2666238.6490234574],[4592870.040460163,2666237.44138083],[4591807.004183065,2666509.9775826046],[4591332.168048035,2666535.0233030403],[4591296.435733378,2666665.4530339483],[4590986.781023886,2666899.0373853953],[4590514.0136237955,2666945.183156288],[4589713.254478949,2667392.6468879976],[4589335.894937419,2667387.094005933],[4588554.070410394,2667802.433196726],[4587889.680246088,2667821.454601824],[4587750.2930480465,2667859.6800040593],[4587691.4159226585,2667969.564495193],[4587153.393965595,2667927.278043672],[4586801.569098786,2668185.993957474],[4586038.255559549,2668222.5471687154],[4585587.8198255,2668468.796934393],[4585550.230194561,2668377.568539661],[4584722.938840048,2668664.317563339],[4584359.600596148,2668624.403287242],[4584261.632492827,2668723.520560004],[4583949.89932424,2668740.4716474307],[4583662.626872721,2668885.577905599],[4582504.52988266,2668557.2232972626],[4581916.167053332,2668658.7314786967],[4581411.705185779,2668869.0558747966],[4580790.820539895,2668509.9328920674],[4580386.086292867,2667856.461936427],[4580036.236095229,2667552.582605093],[4579735.168455906,2667496.984239374],[4579715.285094996,2667436.068081571],[4579108.318680482,2667631.2628451614],[4578871.068941502,2667892.6549863284],[4578205.550402032,2668247.7776672966],[4577983.314747234,2668555.3651319332],[4577754.8235367155,2668707.6191343507],[4577647.870621585,2669127.9430614305],[4577677.894911708,2669450.4077979033],[4577589.711979195,2670003.126049998],[4577455.623648272,2670080.609000377],[4577119.583159861,2670080.4636191586],[4577208.310480796,2670193.5012048124],[4576504.816945263,2670431.3838547235],[4576398.802153389,2670600.166188799],[4575170.297964476,2670197.689513172],[4574178.060660279,2670165.9945663046],[4573730.328420784,2669913.2561635124],[4573605.529591188,2669639.5508122314],[4572704.297435381,2669312.3894808027],[4572590.598994843,2669025.176580549],[4571848.350353542,2669083.7871093387],[4571545.302390956,2669223.196918868],[4571285.607885596,2669609.143664976],[4570842.301881906,2669887.295538771],[4569985.820114678,2669923.7808344425],[4568779.286659283,2669246.8098544176],[4567987.089671685,2668980.1192735513],[4567772.202842359,2668095.1717022536],[4567475.116846671,2667671.6974055935],[4567407.177709509,2667437.5737518375],[4567830.126327858,2667097.967929707],[4568161.519434415,2665144.7916986574],[4568073.237806644,2664917.757772244],[4566473.718968015,2664432.2395123346],[4565393.90639513,2663984.099885873],[4564649.612330591,2663997.6759049594],[4564109.264112048,2663824.363748017],[4563373.720985895,2663797.8253731593],[4563134.107388697,2663895.0909752008],[4562568.538050926,2663553.1122390614],[4562144.613633139,2663639.108954475],[4561912.123942237,2663462.5643353146],[4561298.021032501,2677392.293543238]]]}},{"type":"Feature","properties":{"flugjahr":"2019","gebiet":"Salzburg"},"geometry":{"type":"Polygon","coordinates":[[[4558899.981729835,2732307.0253325244],[4558681.242895586,2737299.687893752],[4556182.614659424,2737187.203644105],[4555635.4971404895,2749669.1636979105],[4569258.722494558,2750283.7757817763],[4569262.190598505,2750098.898941476],[4569383.695851362,2750079.87111538],[4569864.324358913,2750195.121105942],[4570375.18837718,2750146.134857801],[4571051.884107611,2750277.238554576],[4571232.17039448,2750219.343664993],[4571567.629714044,2750265.014309601],[4571813.440299456,2750436.708906566],[4572102.133276661,2750110.5664918986],[4572182.73978006,2749882.575764952],[4573286.075499927,2749453.5944467755],[4573525.556873133,2749108.2051513237],[4573977.549623917,2748883.480056658],[4574668.5567036,2748689.0616001333],[4575039.406176929,2748510.693572038],[4575054.316047731,2748387.7997516715],[4575375.719893984,2748582.8970344374],[4575337.400442497,2748725.750824957],[4575490.5319716185,2748727.666199447],[4575458.356260459,2748776.24197855],[4576007.418774868,2749031.7060084403],[4576035.565995445,2748949.429721347],[4576372.280367587,2748875.6020068545],[4576678.653556095,2748888.452034759],[4577371.059679515,2748992.7930976716],[4577541.644307393,2749190.112210671],[4578355.996509295,2749196.4121619035],[4578341.836438641,2749131.235150125],[4578846.738110819,2749400.203605829],[4579235.398476453,2749442.7896059486],[4579553.988469241,2749644.3005365673],[4579909.825670302,2749510.793213693],[4580776.7733001,2749665.0802669777],[4581431.984729247,2749464.5584978904],[4581599.958562766,2749345.0805683048],[4581795.2887180485,2749480.5070597506],[4581943.593447651,2749478.222328791],[4582151.82164119,2749365.5819133124],[4582120.656349103,2749231.5885361233],[4582237.842186233,2749196.8710934743],[4582297.874737287,2748354.5792105175],[4582496.208589722,2748170.9348747754],[4582875.9246731615,2748463.274251054],[4583166.96127378,2748357.8755026604],[4583276.460307185,2748156.2109557767],[4583712.213226998,2748290.0110754487],[4583744.128515852,2748680.685372803],[4583934.071363322,2749053.002692275],[4584437.880237644,2748993.768995824],[4584962.8608813975,2749181.660404861],[4585633.870103912,2749111.005558428],[4585597.732296362,2748657.1035491135],[4585778.925563617,2748487.2061502854],[4586007.928374362,2748015.2964760475],[4586223.220376937,2747821.4295360264],[4586446.173907221,2747270.7010330316],[4586310.477185481,2747099.95891837],[4586207.637982888,2746465.9362870236],[4584474.187301634,2745874.141507852],[4584195.268801768,2746080.1336702886],[4583713.113525258,2746125.339717025],[4583270.392746614,2746332.9212234253],[4583136.54391244,2746530.4734040336],[4582890.286650078,2746653.9012600696],[4582314.132116123,2746878.4745447696],[4582145.516726638,2746807.3138659215],[4582007.648856735,2746891.130830933],[4581606.152228899,2746912.5017958474],[4581333.561115303,2747042.7596649965],[4581336.071257102,2747122.4188183597],[4581120.968116051,2747254.774621296],[4580857.77739449,2747296.4024383496],[4580354.2055140035,2746415.6430207216],[4579532.267365674,2745704.101470592],[4579393.21047126,2744708.7421646854],[4579535.778011193,2744380.9925359013],[4579268.522701901,2743499.898295507],[4579288.567388087,2743237.1499081957],[4579078.249773225,2742929.467798399],[4579133.998702756,2742651.826038575],[4578994.127867745,2742210.7559207166],[4581943.375388952,2740827.838382535],[4582588.087230281,2740649.8869415116],[4583480.715183067,2740766.8051205883],[4584125.750521707,2740638.4107774477],[4584302.987316039,2740501.8553593885],[4584352.280111067,2740234.43832937],[4584568.321155975,2740377.2862895867],[4584952.355522387,2740400.1612477074],[4585320.937749261,2740375.8118388606],[4585633.789041219,2740195.357196864],[4585972.216138474,2740287.7122029085],[4587325.904372567,2739950.264310729],[4587728.133797841,2740094.5576652787],[4587674.650139226,2739590.8568798513],[4587738.93233839,2739552.246077645],[4587586.249968326,2739357.726198362],[4587392.917503172,2738434.960708079],[4586648.468097763,2737599.8039878635],[4586519.386376436,2737118.1929845735],[4586572.936163851,2736456.743002572],[4586500.672686817,2736209.3339822963],[4586121.635597558,2735809.9632186773],[4585675.823968374,2735677.227798797],[4585444.065025687,2735481.6385800685],[4585224.400447832,2735113.000603432],[4584721.21884781,2735317.866848882],[4584497.03592331,2734869.4809246184],[4584089.16715775,2734487.828872856],[4584213.1654294515,2734160.752243995],[4584188.555289391,2733420.2276975047],[4583755.994072114,2732471.145823098],[4583465.966344482,2732039.795025968],[4583557.346945602,2731725.7550244154],[4583220.624203586,2731365.835201683],[4583085.206395216,2731336.6968332115],[4583227.01791902,2730751.7941536386],[4583447.147254794,2730527.62589827],[4583726.187600705,2730478.7148001688],[4583931.872600739,2730572.5640109098],[4584213.3747949125,2730501.7527643917],[4584356.085772743,2730353.125119949],[4585262.652987302,2730974.94538204],[4585279.954072159,2730626.0398936598],[4585726.016824338,2730227.9941403465],[4585653.928455823,2729953.588730732],[4585857.382206322,2729824.2188029485],[4585864.376535467,2729630.4322107607],[4586142.807158338,2729047.2124863793],[4585669.534370008,2728192.8621526053],[4585485.06375342,2728071.9590931837],[4585466.46862638,2727925.0401449315],[4584932.663489687,2726989.4012134606],[4584972.330395905,2726598.48478797],[4584894.33592841,2726230.262524782],[4585060.288914306,2725585.428087993],[4584922.8027996365,2724792.305147499],[4584381.987482215,2724656.2885404727],[4583810.263571689,2724185.7017027875],[4583028.37971704,2723296.8903397564],[4583275.773289296,2722572.9276235453],[4583516.432572667,2722292.2861516858],[4583398.067060544,2722061.9525327687],[4583558.99693084,2721682.6440749546],[4583444.786317864,2721103.939560091],[4583211.252405292,2721004.6548803733],[4583232.565739995,2720898.4196726293],[4561944.969922405,2719938.0955768307],[4562163.340028419,2714945.6325501194],[4564662.190880292,2715058.151833993],[4564771.330221955,2712561.9254037333],[4567270.193424806,2712674.479143595],[4567815.534355072,2700193.5357520333],[4560317.924927164,2699856.4015241866],[4559882.915077984,2709840.399543252],[4557383.780200497,2709728.403919699],[4556947.334269335,2719713.241642289],[4550063.213289016,2719403.7775491835],[4550245.606231459,2719652.84907982],[4550223.508153911,2719936.598020892],[4550530.436900721,2720163.1742360108],[4551002.007978908,2720735.5789388535],[4550956.772019786,2720971.186885538],[4551055.459963594,2721127.438953799],[4551047.348968169,2721215.2122767093],[4550614.915277679,2721360.4811155484],[4550457.092828924,2721719.704299339],[4550249.048995425,2721946.308243679],[4550240.752805715,2722152.212864665],[4549953.2819877565,2722483.3834098177],[4549858.823445567,2722811.227913206],[4550106.69486971,2723108.278562789],[4549987.678548723,2723590.6083509666],[4550818.0350442035,2723876.26236375],[4551639.743480375,2724028.7921108147],[4551880.757083244,2723971.869930763],[4551999.586865226,2724077.825078716],[4552086.460772817,2724231.0888962005],[4552015.468769137,2724536.1576275644],[4551800.062869345,2724590.4116213224],[4551474.0684555005,2725041.2713666605],[4551334.005187677,2725662.504686563],[4551455.551046378,2725855.7621525703],[4551841.671455888,2726073.9244487365],[4551965.100078587,2726302.66487009],[4551973.240985548,2726699.6706314064],[4552410.434013377,2727180.5716107218],[4552611.7669158215,2727667.277963109],[4552951.946382563,2727899.319714723],[4553380.748951377,2728345.5599541455],[4553518.826384264,2728605.07089828],[4553694.851015548,2728722.229183267],[4553904.08432114,2729495.0447608153],[4553741.831891375,2730081.4707962964],[4553357.851776848,2730455.2103628754],[4553114.805697995,2730861.4802251635],[4553036.338303456,2731120.171746679],[4553128.164664648,2731536.7544576298],[4552787.738612616,2732031.918109302],[4558899.981729835,2732307.0253325244]]]}}]}