{"type":"FeatureCollection","crs_epsg":3035,"source":"BEV Metadatenuebersicht_SHP 20240915 (www.bev.gv.at, ALS-Hoehenraster page)","features":[{"type":"Feature","properties":{"flugjahr":"2011","gebiet":"Steiermark"},"geometry":{"type":"Polygon","coordinates":[[[4662151.766954914,2677607.5678439746],[4661088.0608002655,2677493.2622681763],[4661929.941116072,2664542.3462198433],[4661895.648753175,2664358.1237456105],[4661067.474098976,2664330.3072702093],[4660679.956881099,2662553.7842181996],[4654754.477022071,2661695.299972158],[4653343.138039642,2663103.1666833432],[4652627.557334565,2665947.186277184],[4649935.5546605345,2666251.080713088],[4644290.0437177215,2665888.944514708],[4643543.961241983,2677351.6460691746],[4653470.424670716,2678026.427216384],[4653534.882425473,2677952.1714452244],[4653621.270758813,2676534.7705973727],[4653054.532359288,2676495.4675928825],[4653007.975638583,2676419.744770851],[4653421.910215209,2670068.4212035937],[4653476.429206006,2670010.5615896154],[4657787.041923452,2670335.546901268],[4657612.903107713,2673103.6100510685],[4657668.266891831,2673348.187545265],[4657552.405747113,2674240.836778711],[4657627.367921894,2674759.452017189],[4657510.670061013,2675018.84044058],[4657624.364196993,2675452.057702533],[4657512.42223581,2675977.359531339],[4657574.018991257,2676860.7632427993],[4657463.405675108,2677108.2488293876],[4657404.17153213,2677730.5724709174],[4657308.923768509,2677778.0044818446],[4657212.613159976,2679278.3087223433],[4657747.288486696,2679315.6906756135],[4659129.13949014,2678646.9922236847],[4659938.372037918,2678698.068663857],[4660329.458787694,2678414.7271222733],[4661729.5776825035,2677920.357933363],[4662151.766954914,2677607.5678439746]]]}},{"type":"Feature","properties":{"flugjahr":"2011","gebiet":"Steiermark"},"geometry":{"type":"Polygon","coordinates":[[[4680804.962760051,2666868.9121350986],[4675125.090173215,2665290.830661586],[4675040.603245479,2665496.5501241535],[4674969.164538365,2666516.3216128773],[4675252.062555211,2666778.518809751],[4675798.423001862,2666952.7185432124],[4676864.728507996,2666942.6318025384],[4677606.619428526,2667112.8036206444],[4678315.697150442,2666888.1582942745],[4678816.269485347,2667239.4145432003],[4679137.095052068,2667348.2251182953],[4679275.913460861,2667243.5112849325],[4679618.288375304,2667180.1724303775],[4680033.622959506,2667418.4296085862],[4680401.869074651,2667061.031726221],[4680707.973864028,2667025.048957056],[4680887.929379369,2667239.489390211],[4680754.444408144,2667863.885073322],[4680903.000382153,2668154.9476022515],[4681536.0195223335,2668630.870293848],[4680804.962760051,2666868.9121350986]]]}},{"type":"Feature","properties":{"flugjahr":"2011","gebiet":"Steiermark"},"geometry":{"type":"Polygon","coordinates":[[[4683379.690476745,2669516.8613721156],[4683008.855892438,2669349.3179021366],[4683491.277200277,2669718.0581158996],[4683765.88328463,2669806.7411953122],[4684484.529092045,2669637.6002754373],[4684933.689431587,2669789.3518973663],[4685352.268061262,2669589.284716294],[4683379.690476745,2669516.8613721156]]]}},{"type":"Feature","properties":{"flugjahr":"2011","gebiet":"Steiermark"},"geometry":{"type":"Polygon","coordinates":[[[4688643.865422229,2671092.7648783205],[4688571.798053225,2670756.330527169],[4688622.266182615,2670198.193546057],[4689440.551977251,2669339.8573039672],[4686949.192453497,2669647.97124188],[4685391.815787044,2669590.7371803834],[4685633.245291119,2669644.3631564905],[4685812.025524578,2669839.7376222834],[4686492.5731722135,2669946.099854406],[4687098.309557135,2670251.20033502],[4687390.373701649,2670581.898493866],[4687757.39896398,2670801.947994454],[4687867.037460067,2671089.2215812053],[4688130.897451833,2671194.4324451815],[4688643.865422229,2671092.7648783205]]]}},{"type":"Feature","properties":{"flugjahr":"2011","gebiet":"Steiermark"},"geometry":{"type":"Polygon","coordinates":[[[4705515.310827802,2638204.4938351833],[4705993.387720483,2637604.140502199],[4705728.25838149,2637106.6908727153],[4705706.6164846225,2637358.3264006684],[4705515.310827802,2638204.4938351833]]]}},{"type":"Feature","properties":{"flugjahr":"2011","gebiet":"Steiermark"},"geometry":{"type":"Polygon","coordinates":[[[4705764.49419782,2636685.3585397075],[4706034.576899793,2636361.244123518],[4706238.352056016,2636259.549405902],[4706249.48998861,2635957.8546259296],[4706407.056151738,2635534.6531877876],[4705908.847070159,2635006.909104665],[4705764.49419782,2636685.3585397075]]]}},{"type":"Feature","properties":{"flugjahr":"2011","gebiet":"Steiermark"},"geometry":{"type":"Polygon","coordinates":[[[4704347.019410715,2632085.8412104896],[4704692.055867189,2632375.7233182304],[4705435.364723431,2632414.756403839],[4705716.993920457,2632654.0159401647],[4705614.636712158,2631521.4157175575],[4705301.857947281,2631303.578836362],[4705086.062695008,2630933.0634404807],[4704483.124766594,2631347.044596409],[4704347.019410715,2632085.8412104896]]]}},{"type":"Feature","properties":{"flugjahr":"2011","gebiet":"Steiermark"},"geometry":{"type":"Polygon","coordinates":[[[4707811.524465773,2628522.2821126045],[4708056.869628037,2628720.91077635],[4708188.347666586,2629032.2027000277],[4707439.903653969,2629378.982531586],[4705891.762434089,2629673.446986089],[4705467.793458408,2630089.1618023934],[4705778.264818516,2630017.013507534],[4706307.892453397,2629717.1595394146],[4707193.251116822,2629966.912063624],[4707699.132406035,2629306.9360484416],[4708356.427177051,2629177.183399013],[4708470.069456506,2628583.2321648328],[4707811.524465773,2628522.2821126045]]]}},{"type":"Feature","properties":{"flugjahr":"2018","gebiet":"Salzburg"},"geometry":{"type":"Polygon","coordinates":[[[4549356.700576099,2664084.7859057365],[4548802.308017453,2676831.6148376456],[4551300.282958436,2676946.1872268845],[4550431.637906327,2696911.278399677],[4557928.598430583,2697247.871465749],[4557819.7022984065,2699743.918346665],[4575312.275061342,2700531.4503787505],[4575094.102527522,2705523.7283128346],[4590372.919259227,2706242.1227789586],[4590556.428530071,2705809.58396225],[4590824.889245656,2705633.143121911],[4590861.200594867,2704970.7086730455],[4590757.593725497,2704256.5412242454],[4591046.494595249,2703660.977031446],[4591447.918569869,2703254.1522437017],[4591540.7738749925,2703058.85341976],[4591475.707804527,2702697.8903025435],[4591765.162428935,2701942.218662976],[4591665.257634467,2701562.66187403],[4591898.2102641575,2701176.847446677],[4591944.253311835,2700709.4032488465],[4592251.217910943,2700492.520263303],[4592316.96590311,2699979.1381776333],[4592593.682027488,2699701.1406455226],[4592866.251313891,2698928.737624079],[4593112.233106262,2698513.6729076626],[4593010.803609942,2698299.541645638],[4593196.262965065,2698097.05673123],[4593266.366385765,2697598.760204345],[4593452.7084172,2697350.194303262],[4593373.700922275,2697050.5963837286],[4593172.336651692,2696812.5112428335],[4592913.672691477,2695921.512629458],[4592983.501420715,2695748.1865912387],[4592964.412084104,2695391.7489012843],[4593093.583020565,2695284.1600357983],[4593415.0990546895,2695284.626874855],[4593499.333153145,2695218.4651502785],[4593445.312955434,2694937.198838312],[4593507.83579957,2694164.7872304786],[4593342.047754517,2693843.4778443845],[4593131.612151639,2693833.3931615516],[4593458.922990921,2686344.9933529124],[4575965.45010031,2685555.1129797176],[4576183.176267979,2680563.449786246],[4573684.281420418,2680450.8411386735],[4573793.08249065,2677955.0540514416],[4561297.436015941,2677392.9278118555],[4561866.149695945,2664332.8516668784],[4561494.736962139,2664141.5081945932],[4561131.509714131,2663761.9879148686],[4560859.76080068,2663651.7258866136],[4560272.91704908,2663575.339524067],[4559719.559948929,2663650.5458970717],[4559018.367646073,2663438.9507756033],[4558604.474126003,2662957.0947345453],[4558424.193423583,2662540.762295551],[4557702.56928442,2662407.3176413057],[4557194.956837062,2662467.586145576],[4556825.5548966825,2662321.933095843],[4556424.334804168,2662377.9703609636],[4556020.816184162,2662578.9887260757],[4555117.8851354765,2662421.4019744196],[4554860.8310210835,2662249.776608053],[4554763.474843429,2662069.307765496],[4554685.198554475,2661680.5752391135],[4554706.70513038,2661255.29572727],[4554595.955278271,2661037.206020947],[4553838.985006086,2661324.4438857175],[4553140.024201213,2661821.412096012],[4552588.746099676,2661825.722654854],[4551919.28452427,2662289.9928855365],[4551282.543807542,2662393.531641915],[4551272.9385041585,2663213.562472731],[4551090.084584214,2663524.549397494],[4550667.447029564,2663842.803553308],[4549356.700576099,2664084.7859057365]]]}},{"type":"Feature","properties":{"flugjahr":"2018","gebiet":"Salzburg"},"geometry":{"type":"Polygon","coordinates":[[[4579256.327581868,2667599.151747947],[4579432.122968036,2663528.236244479],[4578323.911804749,2664223.1947679566],[4577801.020571753,2665003.114474537],[4577462.507493993,2665805.34419758],[4576800.125769608,2666659.028948445],[4576234.300510768,2667181.8693089047],[4576198.075946211,2667760.6030629743],[4575346.740445175,2668695.882759373],[4574575.853323607,2670197.2433354314],[4574976.300569782,2670269.618712707],[4575176.678984093,2670222.7141559264],[4576378.413120218,2670616.886993632],[4576752.906780271,2670342.7261571083],[4577504.097792943,2670116.748050949],[4577635.169716208,2669999.641975429],[4577682.414069933,2669122.5331713925],[4577787.279851806,2668743.7322188974],[4578222.498902086,2668275.8636617144],[4578904.236956793,2667889.8391135237],[4579047.770526509,2667702.849529045],[4579256.327581868,2667599.151747947]]]}},{"type":"Feature","properties":{"flugjahr":"2021","gebiet":"Nieder\u00f6sterreich","bemerkung":"2023 DSM und DTM Stand 2021 eingespielt"},"geometry":{"type":"Polygon","coordinates":[[[4749655.298067572,2749796.9182660133],[4748496.06571337,2749787.734572943],[4748250.469729338,2749716.4276830847],[4747957.414416179,2749168.2820007657],[4747923.185387971,2748838.0894023958],[4747826.289725908,2748731.8700388228],[4747665.542858673,2748722.924376794],[4747345.745449347,2748316.6101405565],[4747022.066642026,2748071.4496651674],[4746305.619786717,2749233.281727626],[4745670.27987109,2749414.9356123335],[4744989.85994581,2749823.769425358],[4744870.085321772,2749971.7426537476],[4744360.7757900525,2749852.1179611045],[4744114.461312658,2749913.1471608104],[4743685.363948582,2749646.8587931185],[4743418.515886646,2750216.8684003726],[4743088.9829763,2750591.6514386777],[4743074.737144642,2750939.908980891],[4742957.043249661,2751194.7070528716],[4742662.971883581,2751467.6444227514],[4742492.223740775,2751881.3014680035],[4742236.46921058,2751984.102828542],[4742313.4125252245,2752109.1318493844],[4742239.338479502,2752426.9803322777],[4742131.363688155,2752490.8386164256],[4741896.877949051,2753009.324916565],[4741701.729003555,2752998.713422231],[4741578.901248177,2753462.464423778],[4741296.241417222,2753552.4561596583],[4740770.847717354,2753453.300832289],[4739659.278899169,2753048.127085953],[4738644.1890185075,2753087.357941662],[4738144.244966691,2752873.1668408643],[4737856.136703622,2752555.408192503],[4737301.222134872,2752633.2726195017],[4737229.587776044,2752853.05861455],[4737076.004166147,2752947.343334567],[4736210.037149199,2752696.899401675],[4736080.786648063,2752721.3893507263],[4735900.895781917,2752578.3769797566],[4735409.758121575,2752415.102302773],[4734810.870144881,2752574.332738023],[4734631.726186235,2752377.746973427],[4734503.364010092,2752444.6741168243],[4734311.531427611,2752399.037516601],[4733847.6238256525,2753097.1532859737],[4734261.144320011,2753396.5473825983],[4734265.496446976,2753651.9750408945],[4734395.770894276,2753744.2723497995],[4734388.002885251,2754117.473002428],[4734341.8816732,2754253.484745825],[4734101.738392558,2754365.0388224986],[4733875.881762624,2754613.3444408644],[4733249.632912367,2754821.798811721],[4733151.723126657,2754750.9157826905],[4732754.842029846,2754813.2895843536],[4732460.726353724,2754690.389901066],[4731910.35752931,2754918.9770133607],[4731402.075536477,2754852.547911741],[4730763.004791834,2754901.0237455117],[4730387.638140435,2754830.5317996484],[4730155.929279657,2754685.5270697074],[4729653.136442498,2755003.2441734583],[4729311.442311033,2754955.71887187],[4728545.594034827,2756340.4659746815],[4728450.432196435,2756809.308759082],[4728323.38742028,2756899.4606404756],[4727922.95143101,2756952.862251187],[4727871.585455248,2756808.6199298366],[4727552.041620906,2756659.0126983654],[4727153.027028901,2756170.0170128266],[4726637.9486033395,2756129.490357451],[4726464.947347721,2756043.8119461923],[4726263.041630377,2756077.392337353],[4725589.625157283,2757763.7646349748],[4725686.458369781,2758277.1717173443],[4725597.460678891,2758853.843570876],[4725708.077074306,2759157.3488914147],[4725328.9001396615,2759340.683463116],[4725227.094728619,2759212.450280493],[4724980.911312884,2759261.5299037555],[4724897.5459301835,2759229.7989200344],[4724933.585238218,2759150.503911417],[4724776.456259043,2759194.4941321905],[4724601.888369025,2759082.2101108017],[4724526.916929305,2759504.2081146715],[4724311.166223708,2759577.2635090393],[4723643.090846793,2760196.295706931],[4723319.067424102,2760252.7198497257],[4723288.979975568,2760373.494339326],[4722843.732223606,2760253.4793360545],[4722512.775323534,2760279.1575721605],[4722238.567642677,2760125.618327274],[4722232.542259424,2760246.768701204],[4722084.1362649985,2760344.297665504],[4721740.066989959,2760403.6977445846],[4721035.311959287,2760245.8824984487],[4720709.107284542,2760467.0805411544],[4720498.947345052,2760459.779385233],[4720157.205324048,2760375.2051173598],[4719691.507252095,2759759.6768078613],[4719487.706345119,2759605.6356324684],[4719233.546586895,2759607.8112313617],[4718929.670435929,2759792.474453871],[4718746.835292514,2759688.0581028652],[4718586.206297143,2759735.910607437],[4718337.129336559,2759416.3835170744],[4717927.182359976,2759534.8714652285],[4717615.16799653,2759435.233822493],[4717629.747139807,2759306.575826292],[4717467.383199456,2759062.981983812],[4717541.924071555,2758957.8082091985],[4717521.385545919,2758722.225411857],[4717394.606699433,2758562.332552983],[4717461.449579297,2758508.6732107294],[4717378.642042445,2758216.486648188],[4717272.571352521,2758191.136589374],[4717387.309685145,2757825.88976915],[4717486.873276531,2757766.9405293395],[4717521.6037831,2757188.946609009],[4717467.599422486,2757084.661675185],[4717323.215232955,2757103.1847793227],[4717237.165363057,2757019.8677349174],[4717268.359516344,2756893.965039496],[4717169.536112826,2756813.484732962],[4717159.163471025,2756637.583050556],[4717249.172574297,2756370.6327175503],[4717003.442565682,2756005.4303452303],[4716844.240249949,2755992.5983122922],[4716583.950294859,2756110.189471139],[4715143.222561339,2756243.8537456887],[4714814.443294618,2756166.723586509],[4714786.717429057,2756058.2487499905],[4714330.9248239,2756158.341221039],[4713925.776047563,2756435.4482571883],[4712984.462025082,2756679.0743873767],[4711975.765533638,2756265.546428232],[4711735.906657917,2756281.6487414525],[4711659.7568078125,2756188.298338312],[4711609.314981524,2755663.3180558607],[4711202.450728604,2755485.2299190853],[4711113.7236433,2755322.535837575],[4711092.200700813,2754788.350851509],[4711012.849761149,2754693.0182756763],[4711100.653196538,2754603.790313089],[4711002.574597943,2754432.9659834956],[4711069.340330687,2754197.086165103],[4710665.366369326,2753868.438387551],[4710805.927050054,2753371.627363667],[4711067.218313659,2753322.814882042],[4711240.756196414,2753411.1718985457],[4711404.990967901,2753236.7676666337],[4711245.857087783,2753029.3058398296],[4711328.423314393,2752833.758383532],[4711464.766629341,2752742.380286662],[4711470.643629954,2752596.1129641146],[4711303.324287533,2752272.3017266947],[4710823.219544549,2751685.597023817],[4710811.642159923,2751508.818193327],[4710719.142296286,2751462.5368029247],[4710132.270453846,2751732.871426321],[4709544.141932948,2751664.618944822],[4709491.722947849,2751744.141365429],[4708865.206801864,2751597.0763898888],[4708410.107676367,2751334.091261639],[4708137.691507004,2751593.7750195274],[4707999.842828334,2751589.443915479],[4707658.01297378,2751805.173142304],[4707622.929784206,2751731.140722215],[4707357.533968045,2751713.680193476],[4707255.757808982,2751779.8000929],[4707135.083284473,2751687.082168605],[4706862.0654402375,2751701.708726302],[4706607.689254686,2751610.932257439],[4706251.578098444,2752031.8279394535],[4706172.285652589,2752036.7665327555],[4705856.107859453,2751631.617947554],[4705710.364329918,2751060.2932373],[4705539.5570138665,2751052.0495627346],[4705732.105821842,2750655.3210055074],[4705587.718934142,2750408.0138371596],[4705282.149792924,2750270.070914635],[4705000.320296576,2750289.0474857083],[4703874.255913364,2749900.841790919],[4703206.880002099,2749804.971747458],[4702568.314804205,2749562.1230679015],[4701793.178625657,2749661.8053686926],[4701442.257193824,2749552.516509824],[4701204.648722203,2749569.5056617428],[4701031.173059531,2749350.769694255],[4700622.611911335,2749461.1592907314],[4700270.031353067,2749278.938888629],[4700065.5286123045,2749309.2339077834],[4698404.264513396,2750532.2138413447],[4698006.052495044,2750487.399715816],[4697747.9543708665,2750157.545123233],[4697566.928177709,2750088.0435691704],[4697444.627935384,2749928.248498795],[4696602.737451416,2749540.423627279],[4696106.408987287,2749417.545527062],[4695681.14850456,2749087.1748207393],[4694881.9831231255,2748887.5085242866],[4694603.252048028,2748925.9644716294],[4694242.207950872,2749135.6913680774],[4693839.873427695,2749204.652849159],[4693509.160722337,2748761.672724399],[4693497.193285787,2748475.0582551886],[4692841.508710447,2748248.2280358854],[4692357.448343148,2747908.467807323],[4691972.612857885,2747305.935983995],[4691689.398743747,2747077.8943562936],[4691743.471252523,2746903.500130423],[4691545.3787174225,2746635.2865583487],[4691299.39875295,2746461.5599442217],[4691232.684824069,2746254.0790027375],[4690925.455604733,2746080.67878181],[4690857.2520417655,2745580.5250651794],[4690702.838959495,2745322.3954129317],[4689753.241665148,2745273.9918902484],[4689597.5285216905,2745065.197865463],[4689372.6987499455,2745218.412703603],[4689170.61778787,2745149.186143851],[4688460.218480643,2745202.2680293894],[4688140.971635791,2745426.1451723743],[4687365.089054946,2745414.595008166],[4686836.001678874,2745666.6255439874],[4686875.464679787,2745889.4227833548],[4686748.517488026,2746806.8079114086],[4686328.180160163,2747498.1001224853],[4686240.223229689,2747511.7211537417],[4685451.742327621,2748397.178091709],[4683963.229526626,2747474.072031846],[4683781.170207239,2747758.488916534],[4683527.744228809,2747736.4474598747],[4683248.720441092,2747981.998036887],[4683219.108101775,2748167.061561801],[4683362.683189654,2748521.609110752],[4682269.405195935,2748504.8672134164],[4681648.162019958,2747677.2627288196],[4681224.6863329355,2747814.6003506123],[4680870.355671035,2747734.7910319776],[4680756.089040824,2747507.6529237004],[4680350.575348823,2747389.5325898626],[4679996.812534905,2747029.5851397053],[4679207.055068877,2746548.1437178194],[4678556.187320134,2746270.392428609],[4678071.816939478,2746995.9262184063],[4677812.392399916,2747193.0978575856],[4677231.585965879,2747294.372185153],[4676444.925285154,2747819.90406953],[4676107.039363777,2748188.2796837064],[4676093.051161183,2748379.719380927],[4676284.99715682,2748599.017547731],[4676494.545374058,2749067.836459955],[4676448.752040956,2749124.510297529],[4676802.017126921,2749456.115451741],[4676595.816724748,2749655.8880231474],[4675999.874404624,2749737.2388446317],[4675773.337656933,2750066.925860132],[4675304.644211837,2750486.9444350824],[4675105.291559901,2750456.0384416375],[4674871.025209498,2750835.03330637],[4674915.751709738,2751097.1840694817],[4674817.032888034,2751303.4223932223],[4674571.862075615,2751520.9393625404],[4674462.598300723,2752212.889377951],[4673985.74896818,2753080.4679602487],[4674404.281628144,2753483.222868582],[4674914.513297635,2753756.9423588337],[4675151.001683386,2754080.1577844447],[4675388.038311679,2754174.7983586383],[4675305.902446197,2754354.993090385],[4675381.607618645,2754730.0306780976],[4674884.512776447,2754916.1985160913],[4674597.53534848,2755289.1011365578],[4673884.519018548,2755702.371678222],[4673772.2264833,2755886.2173140063],[4673597.846948485,2756383.9880995112],[4673615.572597987,2756738.615738655],[4674061.800628351,2757370.3326742183],[4674236.287488594,2757463.3834014367],[4674511.911096063,2757803.849373771],[4674375.7512892345,2758135.0357869365],[4674358.408134878,2758557.0546616665],[4674475.496704749,2758577.4629092338],[4674612.217604868,2758804.0338623016],[4674327.411624916,2759103.2336410647],[4673546.478258709,2759296.401085484],[4673428.287327088,2759789.596279561],[4673789.790528155,2760229.0947840144],[4674190.484614267,2760487.839779393],[4674349.42432984,2760786.893411152],[4674883.380937575,2760940.4251251565],[4675225.732585974,2761362.392935775],[4676154.4962364845,2761651.495670836],[4676519.061754411,2761688.308985746],[4676897.617566119,2761945.133317304],[4677097.249249889,2762363.0351086413],[4677396.866921153,2762646.1924124174],[4677439.363588974,2762892.896943787],[4677602.386671012,2763009.38764206],[4677600.267746116,2763201.6417934247],[4677830.951184219,2763678.831365435],[4677395.849437099,2764495.1427252963],[4676748.712571951,2765142.644437043],[4676791.055164985,2765557.822678608],[4676430.3987266235,2765896.4281667694],[4676296.68816884,2766217.4827527143],[4675853.988638928,2766495.270353538],[4675422.280065511,2767370.2577343155],[4684178.743338938,2768115.126005253],[4683348.624214273,2778076.497158868],[4738154.755676012,2782754.850056019],[4738570.756669822,2777773.059963526],[4763481.628774713,2779907.048523468],[4765560.486432142,2754996.8729548785],[4755595.627628652,2754143.1348019675],[4756626.752057463,2741810.385359702],[4756284.979782967,2741843.7777591106],[4755805.796243243,2742163.532411849],[4755455.036559407,2742022.059282818],[4755267.553063343,2742031.9601024133],[4755179.091216,2742383.533833432],[4755093.732685499,2742410.281490423],[4754357.30940592,2742069.896523099],[4753874.846024869,2741469.9152259305],[4752566.508171487,2741006.43381581],[4752229.0007564025,2741146.1264010845],[4752496.52367751,2741769.5179898185],[4752400.147083718,2742019.297761472],[4751641.358927604,2742471.940785736],[4751113.366932827,2742420.199414335],[4750931.508322909,2742515.622496749],[4750896.13310056,2743052.8597051282],[4751119.17921623,2743883.436772278],[4751051.807709984,2744501.0568242418],[4750899.446951185,2744868.349815924],[4750711.477996748,2745071.168172417],[4750342.528216377,2746325.9461384667],[4750064.725351416,2746684.2590636266],[4750148.124270119,2747334.264636039],[4749998.259433093,2747639.539848217],[4749771.781257912,2747862.8885729993],[4749687.606308095,2748167.4556576842],[4749761.703999997,2748731.464099065],[4749954.758213469,2748949.493097343],[4749956.320033285,2749512.109626619],[4749655.298067572,2749796.9182660133]]]}},{"type":"Feature","properties":{"flugjahr":"2011","gebiet":"Steiermark"},"geometry":{"type":"Polygon","coordinates":[[[4695989.307603601,2697864.045712482],[4694682.671191484,2697767.502338759],[4694587.12498571,2698097.5135548627],[4694339.730853078,2698188.2045234847],[4693197.754578847,2697734.1454015216],[4693180.864219004,2698072.70487211],[4693086.866067443,2698228.5307052573],[4692849.915950724,2698377.7679948085],[4692565.021934705,2698341.614864283],[4692408.514198316,2698415.4828593265],[4691993.92768075,2698845.821792715],[4691288.577465116,2699077.5729470584],[4690916.762930581,2699605.9683535253],[4690830.129511236,2700004.365447988],[4690647.686184905,2700144.1014118646],[4690427.879202918,2700153.9905041293],[4690150.819873749,2700463.5364024173],[4690121.237400043,2701523.211906851],[4690410.161807705,2701763.7576895715],[4690426.159434588,2702037.7726419074],[4690028.644274328,2702489.930656842],[4689926.015745626,2702796.522697026],[4689492.6651595635,2703106.8892056923],[4689124.598892834,2703231.0690834336],[4689034.425118585,2703391.079437384],[4688623.01889732,2703726.4740343606],[4688490.950324828,2704384.0601814752],[4688243.5507749785,2704794.086140938],[4687484.8382213665,2705145.520624095],[4687202.3332075365,2705100.4749124656],[4686490.058957654,2705306.9107759753],[4686140.347742817,2705286.802157022],[4685955.310670441,2705394.3986226586],[4685827.168259892,2705597.7088873484],[4685191.5779118715,2705882.75998635],[4684747.012957919,2705901.330305992],[4684523.190036798,2705774.9081801963],[4684436.561165503,2705603.752064802],[4684235.348916373,2705646.5389664983],[4683887.43047972,2705904.79248152],[4683684.67891369,2706164.724430478],[4683502.886323883,2706585.7796009686],[4682640.625563921,2706900.428577371],[4681991.234765848,2707339.996801605],[4681689.757958131,2707271.0642262716],[4681593.0782218035,2707032.3821392977],[4681177.9995451765,2706562.8272381574],[4681193.681490605,2705932.9203777937],[4681127.492520238,2705729.673649291],[4680431.006059441,2705463.3829765627],[4679997.219735287,2704803.78180218],[4679700.5260409145,2704511.8517523836],[4679595.2320158575,2704263.7647842923],[4679679.204340942,2703971.334350262],[4679157.576203594,2703742.3228849918],[4678484.1378907915,2703711.3614136865],[4677999.323131673,2704131.2824493344],[4677835.572153681,2704369.993195732],[4677584.696671119,2704448.5417913618],[4677259.331596051,2704398.540441338],[4676496.9454108365,2704696.8003365686],[4676288.677601197,2705059.588148356],[4675793.589627225,2705407.1802513953],[4675319.932209028,2705654.6572270263],[4674956.648142367,2705669.975726667],[4674703.64567436,2706138.818910965],[4674396.319477212,2706384.9484730707],[4674048.7571008615,2706407.008139719],[4673734.739586456,2706258.4407472466],[4673325.8596183965,2706444.8511300343],[4673041.696018771,2706893.2458953196],[4672728.340330235,2707208.1673916252],[4671924.412160289,2707380.430587338],[4671615.685613971,2707362.244865907],[4671254.719424164,2707233.556518273],[4670930.228647555,2706890.3328886004],[4670285.745645241,2707150.007718502],[4670083.415694595,2707446.0117324432],[4669622.443335275,2707413.5916163195],[4669274.211599057,2715333.3137332518],[4673297.778170572,2715517.4381905785],[4673457.7901538415,2712546.1658811485],[4675429.600491619,2712616.9236347396],[4675527.522222969,2710680.773954487],[4675586.777904319,2710623.272464958],[4679523.2072836645,2710803.6993933627],[4679660.24115261,2708810.06360868],[4686603.058664235,2709128.3154583946],[4686753.892497827,2706183.757524437],[4694292.182290854,2706800.8534292714],[4694551.1522316225,2703865.6776528596],[4696547.988415528,2703983.7557477024],[4696706.006363444,2702085.432155342],[4696766.357875517,2701997.4897765163],[4701591.249727098,2702407.026226097],[4701652.065443809,2702457.246080421],[4701505.382189784,2704403.277368289],[4707446.110023171,2704918.858180181],[4707308.0224888595,2706903.154734273],[4709287.474686233,2707096.9041962586],[4709056.412039745,2710061.953278811],[4718063.7045403365,2710815.847182876],[4719642.484368838,2691759.869912683],[4719192.409080956,2691814.7136217435],[4718568.105099943,2691662.6882305266],[4717880.117731788,2691798.0499205766],[4717714.242887761,2691719.9380164584],[4717520.793649065,2691477.8982644943],[4716996.292303446,2691623.637752683],[4716177.345283489,2691537.7009647787],[4715768.335036695,2691667.89205193],[4715487.487528756,2691653.8901408943],[4715201.263383048,2691420.235417535],[4714749.436352407,2691290.604268234],[4714422.701022875,2691358.362489927],[4713851.500917031,2691295.891097735],[4713595.536545709,2691125.8856108203],[4713429.10942308,2690741.803712534],[4712890.975501258,2690792.9770003576],[4712453.145102452,2690666.5071034576],[4712233.514628691,2690687.4773212206],[4711996.52230874,2690539.416845422],[4711808.535732427,2690579.725486305],[4711501.19600839,2690507.447602017],[4711214.054118728,2690298.118914783],[4710934.186351526,2690346.3257797966],[4710839.9476023745,2690716.100099675],[4710571.576998364,2690987.9754786273],[4710228.594299462,2691225.3696686183],[4709942.625413948,2691282.216054923],[4709695.297692693,2691234.743047183],[4709250.518287654,2690930.4677171204],[4708980.236862219,2690958.4359557224],[4708604.992031748,2690759.993379173],[4708354.009279048,2690734.320981918],[4708178.427492973,2690992.436502262],[4707975.808590946,2691090.176495225],[4707411.5572151905,2691143.1716530197],[4707075.598475902,2691005.867096222],[4706621.662906462,2691156.711551366],[4705951.47154688,2691249.8635368315],[4705333.662621281,2691199.300259015],[4704874.681854015,2690810.219688493],[4704513.10689022,2690940.0293717403],[4703981.896935703,2690937.2824383113],[4703748.526928137,2691598.551897887],[4703612.213440587,2692399.0598642696],[4703435.545554066,2692590.1001458946],[4702978.53736886,2692664.0949572446],[4702852.103350902,2692760.358314817],[4702457.622513269,2693714.086881697],[4701987.148921873,2693889.5480514118],[4701317.419029247,2693880.6399517115],[4700924.319910698,2694004.6310547087],[4701043.258598185,2694739.826661491],[4701022.364930946,2695101.2144971727],[4700828.123330037,2695395.543826652],[4700444.1094841845,2695517.9566401443],[4700276.449472436,2695663.3679916845],[4700055.543160998,2696017.524610956],[4700078.235100754,2696207.7550331447],[4699938.63099441,2696808.89678532],[4699721.053548795,2697110.151055625],[4699078.36331898,2697283.6829793714],[4698547.913117143,2697888.8253271864],[4698350.280177665,2697986.812934614],[4698093.76498167,2697965.967544957],[4697916.023685051,2697816.6245354204],[4697543.366170765,2697931.560903738],[4696969.054181074,2697917.093914739],[4696457.41391559,2697684.292432296],[4696249.201464746,2697817.829980064],[4695989.307603601,2697864.045712482]]]}},{"type":"Feature","properties":{"flugjahr":"2014","gebiet":"Ober\u00f6sterreich"},"geometry":{"type":"Polygon","coordinates":[[[4687900.75476851,2801753.0799852572],[4685649.6122905435,2802205.3361131544],[4683460.52394501,2800572.1591672753],[4682420.254578616,2798646.0877583567],[4681122.303898379,2797942.164342788],[4674111.441251314,2795232.931888908],[4671419.283496199,2795075.2162680114],[4671247.354924611,2794959.948033018],[4671229.8024630705,2795081.7743404405],[4671717.958261446,2795926.276174659],[4672211.677417824,2795926.0406412287],[4673249.597702996,2795330.2221267894],[4673459.97250553,2795305.8980028923],[4673781.379469065,2795622.087651174],[4674899.611771263,2795945.055303011],[4676253.884413049,2796521.2388217817],[4677344.930965319,2796824.953651174],[4678355.18133872,2797368.2391788857],[4679006.360093023,2797519.485324561],[4679987.336154754,2797618.9118484915],[4680327.338430751,2797786.816666792],[4681327.458800436,2798556.9522568686],[4681550.874991474,2799363.2610407495],[4682020.043028554,2800182.940620202],[4682186.146825954,2800702.261672587],[4682031.01969924,2801531.108661896],[4682036.505600073,2801946.8629779317],[4682919.431757861,2802154.907090782],[4683618.89295538,2802704.887729641],[4683866.011753628,2802732.3445819314],[4684137.357363476,2802351.432598319],[4684489.000116334,2802235.552918941],[4684850.4862502515,2802325.3783460036],[4685214.101824554,2802636.5693736533],[4686018.840395952,2802891.087364804],[4687638.331967607,2802794.8903613],[4688021.243509457,2802472.217854526],[4688407.904103646,2801722.313596476],[4687900.75476851,2801753.0799852572]]]}},{"type":"Feature","properties":{"flugjahr":"2014","gebiet":"Ober\u00f6sterreich"},"geometry":{"type":"Polygon","coordinates":[[[4692006.154288077,2805922.134709539],[4690124.186099368,2801618.2577499156],[4689218.322328413,2801833.8327670335],[4689361.953986522,2802340.113400769],[4689823.492827368,2802970.2623237795],[4690282.900476942,2803109.701865568],[4690683.632150097,2803598.856123874],[4690653.777425611,2803863.8020091187],[4690326.141802076,2804182.0285695936],[4690290.449145457,2804847.1863295776],[4690714.007849407,2805072.0689971815],[4690845.7467417,2805373.5371161615],[4691237.263338948,2805732.1046615336],[4691697.005310481,2805907.8730053026],[4692006.154288077,2805922.134709539]]]}},{"type":"Feature","properties":{"flugjahr":"2014","gebiet":"Ober\u00f6sterreich"},"geometry":{"type":"Polygon","coordinates":[[[4614277.460764889,2782344.1016308432],[4613505.323648237,2799822.0483614793],[4608509.318307111,2799594.487823778],[4607514.934342122,2822067.048707227],[4620004.034592951,2822636.174839922],[4620446.481184301,2812648.3893203316],[4632935.490472005,2813218.51144799],[4633267.239885837,2805727.704972419],[4620778.165538044,2805157.4914151947],[4621330.361558723,2792673.02578659],[4633819.474759319,2793243.1798473787],[4634150.417982501,2785752.300062844],[4654810.413927629,2786698.4500974226],[4655675.033201037,2787298.888898183],[4655922.899810255,2787760.815662905],[4655806.787630917,2788142.915763695],[4655323.030161137,2788550.157782921],[4654336.570394931,2788956.300026117],[4653850.981479524,2788930.9465586455],[4653909.750227404,2789185.9478573455],[4654434.5524712335,2789838.8203529506],[4654514.619380248,2790177.879642139],[4654485.106364087,2790684.093599586],[4654379.745825838,2791026.645828657],[4653654.15523312,2791782.16542517],[4653831.097776451,2792329.9275557916],[4654327.126430523,2793021.517064117],[4654708.079288388,2794657.896916184],[4654642.614522224,2795049.337704403],[4654292.455341382,2795604.8764495677],[4654516.084946414,2796318.967737856],[4654462.409061255,2796647.8739076387],[4654277.706400307,2797040.834316035],[4654321.993231226,2797801.733782032],[4654572.191464983,2798571.1029907945],[4654802.603275387,2799852.148958883],[4655077.245611302,2800184.154646366],[4656541.835928434,2801185.652684903],[4656925.445290083,2801566.7065112554],[4657609.214996292,2801616.185397754],[4658532.698753727,2801386.4010848235],[4658741.802421611,2801232.8401079946],[4659607.142667789,2801027.403911575],[4661312.817110507,2800324.091048693],[4661853.383983745,2799833.4032119443],[4662334.283686029,2798973.5158131835],[4663506.773938972,2797424.665094132],[4663883.441911379,2797128.66832872],[4664325.20438452,2796967.8408685583],[4664604.504502963,2796767.479605905],[4665364.534959911,2795755.290226771],[4666312.907917205,2795079.1801420096],[4667341.357194179,2794854.313949891],[4667310.941561173,2794637.6656229342],[4667403.537924845,2794469.741969555],[4668398.786601806,2793843.8507862203],[4669324.248444576,2793481.1064553037],[4669854.807109054,2793395.4546209183],[4670320.297194531,2793534.0614998583],[4671025.6894321805,2794055.3945145113],[4670640.789376115,2792957.934049206],[4667477.712248417,2793056.6725915447],[4666350.0217488045,2794743.9583150977],[4665179.172976427,2794995.295939681],[4663741.9531115685,2797126.0765711535],[4661827.67510869,2797968.85122572],[4661151.285720243,2799503.9322670987],[4660683.399192495,2799685.997864367],[4656541.184012978,2799496.0161787877],[4656013.561467713,2799349.7699644323],[4655765.078592352,2798758.6595486794],[4655656.556400113,2791217.4102924187],[4656411.815601902,2787773.779924079],[4656144.52999958,2784847.7060681996],[4654215.440042259,2784190.5902110245],[4654397.974956908,2779138.4760268275],[4655567.354564003,2778231.0466627614],[4657013.560314597,2776756.6688139616],[4658654.688834311,2775535.277580702],[4659683.27801855,2774362.070966477],[4663018.408270416,2773828.6765804975],[4664773.113763384,2772109.207247793],[4667776.790099816,2771133.5608783597],[4669908.592026556,2769858.6221422693],[4674341.478198437,2769345.469784302],[4674985.791292641,2767610.2809597054],[4637531.402254824,2765892.7927136025],[4637861.724365026,2758403.6567182816],[4610411.898120462,2757151.647971952],[4609281.474712051,2782116.6796115953],[4614277.460764889,2782344.1016308432]]]}},{"type":"Feature","properties":{"flugjahr":"2012","gebiet":"Steiermark"},"geometry":{"type":"Polygon","coordinates":[[[4621993.85876733,2678923.900185217],[4625867.49047696,2679183.611245949],[4625743.997741648,2681127.614650839],[4626362.464284084,2681223.903261522],[4626332.334633646,2681580.4959989507],[4626169.194362573,2681581.6590114487],[4626113.404264774,2681772.5228540273],[4626325.786264854,2681812.574926208],[4626280.349935466,2682297.1724563185],[4626151.984282505,2682297.067111575],[4626117.549594126,2682423.7900991854],[4626118.133346991,2682485.494483706],[4626277.285312587,2682510.0969918184],[4626247.869811287,2682998.1920302063],[4626119.649915693,2683004.967338578],[4626060.932479122,2683198.413867496],[4625622.979721596,2683178.207155291],[4625606.972671219,2683230.645148415],[4624999.441841896,2692142.143347481],[4611352.6667069625,2691237.9314669194],[4611294.446042387,2690873.5738860937],[4610456.993026887,2691206.6599338665],[4610280.196587841,2691527.1569684222],[4610395.285529776,2691857.7493710173],[4610694.7885909155,2691992.5296999915],[4610382.549547606,2692433.9735293575],[4610638.291416935,2692973.6798736285],[4610347.356127831,2693409.252336094],[4610285.652363264,2693752.2502345624],[4610445.860883259,2694100.4434380624],[4609774.941123059,2694426.6495159687],[4609438.228642511,2694209.3965688944],[4608824.5632482525,2693982.8105667615],[4608683.555602375,2693836.0385100152],[4608706.864355946,2693670.3286900674],[4608338.446949665,2693372.885384271],[4607698.435446748,2693516.4797573257],[4607663.881806755,2692928.2974032424],[4607858.558608311,2692660.311271667],[4607360.888517101,2691964.223051038],[4606917.012233865,2691811.9064621385],[4606708.481610969,2691550.9907027874],[4606249.846655145,2691346.6773525826],[4605677.129893511,2690900.7825003676],[4604939.112948978,2691924.6006328342],[4604641.928224571,2692118.2035358427],[4603951.422514471,2692140.2150998046],[4603259.248771101,2691958.5268322905],[4602930.353227051,2692082.864731054],[4602504.486438158,2691778.679314021],[4602479.60127789,2691552.203143056],[4602200.307232866,2691338.466687398],[4602087.595711287,2691127.844376988],[4601980.5542754205,2690471.5523966984],[4601989.93145778,2689951.4374633348],[4601693.25205065,2689936.6941065905],[4601272.357838614,2690052.0851779426],[4600841.562177579,2689958.53407878],[4600784.244316822,2690496.628301339],[4600322.32861539,2690788.1216751933],[4599760.225315392,2690891.1957445517],[4599150.899443528,2691482.5340304244],[4598714.727588503,2691172.3333729138],[4598142.054773283,2691287.8517417377],[4597701.846917922,2691464.3754854635],[4597539.374039572,2691620.7330703735],[4597360.57840331,2691629.385334106],[4596631.959393511,2691312.0204081195],[4596401.15541744,2691354.2635340095],[4596256.59443635,2691259.1384767285],[4595872.257684072,2691258.6813612],[4595261.458640412,2691806.2606225],[4595114.492756431,2692231.6366808144],[4594365.147777509,2692264.5739223636],[4594087.666684503,2692189.9843917266],[4593912.069983165,2692345.4100514827],[4593535.256358731,2692856.8026574715],[4593486.779106371,2693054.637722275],[4593239.468635846,2693274.297573161],[4593416.61912688,2693552.302977376],[4593347.312936223,2693941.713603678],[4593507.83579957,2694164.7872304786],[4593445.312955434,2694937.198838312],[4593499.333153145,2695218.4651502785],[4593415.0990546895,2695284.626874855],[4593093.583020565,2695284.1600357983],[4592964.412084104,2695391.7489012843],[4592983.501420715,2695748.1865912387],[4592913.672691477,2695921.512629458],[4593172.336651692,2696812.5112428335],[4593373.700922275,2697050.5963837286],[4593459.256199134,2697305.4163483367],[4593266.366385765,2697598.760204345],[4593196.262965065,2698097.05673123],[4593010.803609942,2698299.541645638],[4593112.233106262,2698513.6729076626],[4592605.937812512,2699606.6502520004],[4592832.810129903,2699520.4013852743],[4595812.369615599,2699719.6737165214],[4596074.882944035,2699800.094345759],[4596350.930129616,2699754.899522625],[4606740.086360427,2700448.3496291847],[4606881.0145682525,2700107.4662058754],[4607069.223728582,2700187.186272138],[4607650.822205668,2700221.803985146],[4608508.555102322,2700065.508956278],[4608877.870654877,2700203.418772768],[4609182.151442958,2700110.511319916],[4610319.533335358,2700189.533557621],[4609946.808983948,2706177.6326278844],[4617774.322233758,2706696.874232249],[4617725.157913076,2708697.652424531],[4622663.290910218,2709033.186643261],[4622547.538977919,2710988.280431835],[4626907.050856265,2711330.4701544293],[4626736.133631371,2714298.9916265015],[4627908.319462406,2714390.101239977],[4628026.135476359,2713896.9272904755],[4629864.696968231,2714031.872867074],[4629738.891144177,2715962.4716564706],[4630151.378703777,2716173.346846351],[4630340.311441778,2716156.9307270357],[4630415.387342847,2716061.3070682567],[4630905.809790584,2716094.198145696],[4631581.160096854,2715239.366927539],[4631825.592522138,2714622.9349628403],[4632207.149454411,2714168.9018637026],[4632502.891204787,2713547.8073412795],[4632808.699069685,2713199.423682225],[4632981.5430125855,2712730.870822385],[4633181.065195606,2712726.9605940543],[4633010.083284843,2713426.8112267572],[4632769.699308906,2713654.0644844705],[4632610.049291189,2713959.069936633],[4632536.411822711,2714404.127377051],[4632011.90978425,2714919.7034062906],[4631884.083969669,2715344.2749081114],[4631297.637163392,2716120.4790762654],[4633065.238687274,2716326.6891114404],[4633403.758990045,2716289.3833330125],[4633474.108213727,2716356.329479617],[4633365.399656481,2718243.199638694],[4635208.964372913,2718387.396436675],[4634997.005294053,2721836.3841829174],[4635613.81257096,2721933.958407904],[4635549.681170884,2723007.9462594665],[4636249.303491648,2722986.137617243],[4636615.134692796,2723240.9511269666],[4637604.435887327,2723432.090940378],[4638187.879642576,2723074.0576289976],[4641145.652135367,2722216.2740110625],[4641244.000460511,2722531.0703616156],[4640840.346042188,2722757.8536177026],[4639385.099324071,2723138.7698457018],[4638444.625391234,2723615.045774985],[4640510.160170542,2723756.8360719997],[4640499.592970144,2723979.4352042605],[4642369.716349575,2724064.22164093],[4642710.634102775,2718911.8860642086],[4642821.041760088,2718943.0018213615],[4642720.914269263,2718743.385075436],[4642911.242968038,2715908.5777089605],[4651593.293495096,2716481.534309169],[4651661.736910474,2716226.207241146],[4651775.366058743,2716130.4395366823],[4651684.742225079,2715875.3493342735],[4651924.297831277,2712212.832448962],[4651806.525687902,2711949.8676685262],[4651797.252241736,2711568.082250545],[4651598.348176389,2711261.6943012937],[4651195.061824789,2711070.0652098507],[4651019.894799319,2710747.749701485],[4650368.651756109,2710590.806593273],[4650113.124461145,2710341.8865747564],[4649716.440588503,2710250.660057753],[4648847.871416564,2709545.3001440796],[4647506.578200339,2708814.3108096677],[4647135.473926677,2708413.9776430093],[4646944.003601403,2708508.313122396],[4646634.9500599215,2708497.1773789213],[4646413.051556646,2708371.9202942755],[4646244.307555796,2708154.0075619947],[4645689.194912806,2707997.494915314],[4645343.59276791,2707518.2621521843],[4645291.169814103,2707183.560581911],[4644633.9367262935,2706820.2003981504],[4644514.781939879,2706385.3626131876],[4643842.922232585,2706195.505723919],[4643633.307987087,2706223.9592600223],[4643313.457992248,2706139.2782884366],[4642671.292848343,2705820.670972432],[4642168.575768262,2705725.6316866195],[4641799.738516344,2705752.81613284],[4641249.127330856,2705402.3588075945],[4640908.661821845,2704988.4403100447],[4640836.350765497,2704695.8738814457],[4640644.227071342,2704553.9794809716],[4640466.114515117,2704252.582479394],[4640426.114680151,2703794.3478373145],[4640312.197039406,2703513.900409323],[4639924.90927349,2702979.7552294754],[4639950.133865849,2702450.4364334485],[4640052.312897979,2702244.9164177165],[4640014.608972995,2701916.9058749564],[4640262.858547877,2701144.5519270906],[4640013.549958031,2700935.9913881593],[4639940.403723449,2700639.3919945243],[4640221.691212128,2699821.5082622063],[4640448.4833822725,2699492.5686166966],[4640604.8987658415,2699443.6637876118],[4641372.314218404,2699533.7663589977],[4641607.515876164,2699287.275933423],[4642651.431425272,2699011.666431149],[4642839.561051033,2698765.035845142],[4643177.612976099,2698663.3780766996],[4643429.545169012,2698309.5680209626],[4643521.75059828,2698011.5159226563],[4643508.21964889,2697634.5694497707],[4643863.277401775,2697213.411728965],[4643836.493412458,2696955.966651285],[4644134.628861038,2696325.0313236867],[4644900.786587043,2696169.8674573204],[4645754.829237055,2695495.270230285],[4646063.935621684,2695505.389553612],[4646296.897020147,2695607.1125897486],[4646487.475227045,2695441.670377055],[4646685.075199959,2694796.13313366],[4647113.51506701,2694483.4246310377],[4647770.065271238,2694200.164586268],[4648061.5820770245,2693331.7107692976],[4648068.000514428,2692682.4273465276],[4648458.620123666,2691792.4767760755],[4649030.262276893,2691114.9829622596],[4649731.105568852,2690689.622044594],[4649935.610762539,2690594.8832879406],[4650685.320963904,2690563.1272348277],[4651187.734562004,2689796.4393126923],[4651261.08639729,2689265.335695449],[4651418.841328677,2689094.3955656067],[4651667.831579947,2688487.244887467],[4651936.972542855,2688403.47214331],[4652335.883369951,2688581.858949472],[4653046.406635247,2688370.155575497],[4653005.784824933,2688131.0914940247],[4652857.981153199,2688005.282936933],[4642895.68060439,2687327.9945357945],[4644290.0437177215,2665888.944514708],[4642059.979112251,2665740.2072291835],[4641293.179590068,2668607.157357915],[4633186.328068474,2666767.302836495],[4631448.654009856,2663145.38870426],[4627154.265948908,2662554.007854618],[4626590.04203967,2658194.3415750335],[4622629.608833077,2657298.049830036],[4622203.327380817,2655394.354723165],[4619742.431446754,2655150.5440793843],[4617873.702563691,2652144.9848724846],[4614538.494153585,2651183.2986178715],[4611845.8011293225,2651061.0584083935],[4608343.195513181,2654369.1822927864],[4608295.165720308,2655610.0505943475],[4608512.040408657,2655623.9768340588],[4608798.879531849,2655230.2639495526],[4609265.102181398,2655144.2839104543],[4609737.581836898,2655275.6635036147],[4610151.610993906,2655809.695475626],[4610498.31387853,2656017.696713955],[4611050.618270192,2655975.03342566],[4611386.153803337,2656143.0077104056],[4611670.342622821,2656855.8204769115],[4612066.321267442,2657020.11920787],[4612438.735202825,2657299.4050793923],[4612750.961321538,2657737.160310072],[4612753.173453062,2658669.497119326],[4613445.67495089,2659390.2509263195],[4613499.211495851,2659825.5078209788],[4613604.838091508,2659894.659006308],[4613464.930006857,2660130.85019695],[4613617.545201055,2660403.311612185],[4614522.954080735,2660814.7203474008],[4614708.247180088,2661113.378299642],[4615080.841605356,2661287.3735960415],[4615067.157470976,2661592.0757081243],[4614976.053980913,2661669.857344632],[4614933.573812757,2661917.3058255673],[4615003.093941953,2662302.0930775353],[4614887.414695379,2662816.2778217667],[4614984.13981961,2663458.403159979],[4614882.250222547,2663883.4736510594],[4615447.565070012,2665064.881097303],[4615803.447715304,2665369.3777528056],[4616189.418786072,2666128.368891626],[4616310.841075871,2666727.4596354743],[4616550.251038694,2667041.861514992],[4616783.467649442,2667892.028017774],[4617147.976147055,2668073.9273589584],[4617444.050907406,2668460.752040826],[4617479.815538447,2668678.801923276],[4617659.607775571,2668839.88083796],[4617668.741687713,2669136.834452551],[4617864.568728881,2669665.620313624],[4617115.612878117,2670466.1287475624],[4616785.810652759,2670986.7419614624],[4616465.994973318,2671267.7321003126],[4616171.61566464,2671960.903415009],[4615537.988807666,2672295.4852578947],[4615487.883764702,2672571.503354612],[4615551.580962867,2672899.4868070995],[4615871.694036307,2673426.7140248544],[4615713.896470516,2673760.0111259986],[4615836.51640148,2673921.319952328],[4616153.844439364,2673969.9530934244],[4616515.5325431125,2674479.8333720556],[4616815.505700591,2674530.007342448],[4616945.14394349,2674446.4971562307],[4617258.616297662,2674810.9656263944],[4617740.008291386,2675619.8153353343],[4618089.895649467,2675622.5122335902],[4618262.263467826,2675928.9340556767],[4618647.405166208,2676254.6516401954],[4618722.468381295,2676214.3513979805],[4619089.462000579,2676335.670278994],[4619340.71283768,2676680.0819244063],[4619946.77780648,2677123.5599789126],[4620247.170190317,2677154.734542288],[4620531.953648979,2676738.21135312],[4620656.989859292,2676399.040845237],[4620905.051423241,2676231.408233785],[4621077.946142766,2675954.642316589],[4621355.716318729,2675817.313774015],[4621574.104268468,2675801.5593713615],[4622012.161962479,2676069.0434724214],[4622504.116650071,2676206.2235164815],[4623338.273138644,2676032.9369858396],[4623640.915803962,2676143.0749326563],[4623713.711913907,2676356.535474125],[4624047.487086957,2676551.7825901983],[4624131.996838057,2676689.1771027427],[4624282.264564143,2676988.9185521696],[4623921.824408047,2677404.670170918],[4623939.146779423,2677578.0019623493],[4624086.303675217,2677715.0114737307],[4624030.894089644,2678016.8378667305],[4623054.5451904135,2678397.3476897916],[4622767.159600833,2678433.755428329],[4621993.85876733,2678923.900185217]],[[4623100.281643415,2672049.578079286],[4623021.72385705,2670843.1514185974],[4623253.446877379,2670446.3952614395],[4623433.626634355,2669210.689826048],[4623779.866694506,2669059.308770829],[4624115.914207868,2668705.317356677],[4624224.117033974,2668337.9672302185],[4624687.111874213,2667829.6384406826],[4624962.6736126775,2667897.211204894],[4624834.82015178,2668370.739260596],[4624435.420318025,2669258.231492902],[4624194.034156927,2669440.3980679316],[4624035.18488828,2669774.4241453107],[4624032.35680461,2670137.5585419787],[4623864.755379616,2670557.2480957126],[4624017.943782386,2671270.7187799728],[4624399.039655627,2671904.503048108],[4624580.129363234,2672070.8617041814],[4624478.859533312,2672531.6107923705],[4624224.001698262,2672655.1111194827],[4623804.428801429,2672328.7834100877],[4623497.331435334,2672271.7773459563],[4623100.281643415,2672049.578079286]]]}},{"type":"Feature","properties":{"flugjahr":"2011","gebiet":"Steiermark"},"geometry":{"type":"Polygon","coordinates":[[[4689756.16097375,2668688.8790095365],[4689727.589134692,2669099.132335748],[4690044.463889141,2668692.302879501],[4690852.806672433,2668628.216271439],[4691356.303724296,2668472.4220005376],[4691525.240580819,2668240.502694978],[4691112.321286009,2668413.2668088363],[4689756.16097375,2668688.8790095365]]]}},{"type":"Feature","properties":{"flugjahr":"2011","gebiet":"Steiermark"},"geometry":{"type":"Polygon","coordinates":[[[4694073.533922535,2666100.026876449],[4696439.135293796,2665519.6952428934],[4696950.138817562,2665471.173728504],[4697444.069259076,2665532.9616656494],[4697660.407390934,2665332.750245847],[4698144.0811613025,2665142.32421917],[4698254.871228698,2664860.5966712427],[4696720.847331692,2665389.814036088],[4694073.533922535,2666100.026876449]]]}},{"type":"Feature","properties":{"flugjahr":"2011","gebiet":"Steiermark"},"geometry":{"type":"Polygon","coordinates":[[[4698547.5716011785,2664597.445965227],[4698662.211825523,2664476.555238814],[4698651.65171479,2664447.990335283],[4698547.5716011785,2664597.445965227]]]}},{"type":"Feature","properties":{"flugjahr":"2009","gebiet":"Steiermark"},"geometry":{"type":"Polygon","coordinates":[[[4753134.637647882,2658601.5419595614],[4756194.4027255215,2658862.1374445856],[4756406.964982506,2658236.432667405],[4756752.995034266,2656645.9470694372],[4756696.128095909,2655358.109416213],[4756812.998246384,2654517.759039206],[4756667.762961291,2653830.363611917],[4756901.132912059,2653257.65654285],[4757025.751095345,2652606.824635322],[4757174.140570881,2652374.497614845],[4757135.663291586,2651880.2353202505],[4756443.640561575,2650870.1535072955],[4756342.409127445,2649451.114333698],[4755969.352222467,2646595.1579905767],[4756391.184901452,2645491.745911574],[4756865.156886494,2645212.5413355865],[4758077.601643361,2644881.575440308],[4757703.654864358,2646608.760638039],[4757971.884246843,2647415.9411021327],[4757950.61495085,2647948.4278170406],[4758189.206655443,2648470.9929981274],[4758111.627376909,2649352.20760955],[4758200.045552906,2650078.9946303624],[4758691.489535885,2650865.593451543],[4758633.276332172,2651166.1699532964],[4758793.146527856,2651702.0992166917],[4758822.160355944,2652962.64750447],[4758544.532301273,2653653.3943940853],[4758600.129933858,2654054.371932122],[4758542.656877496,2654819.4449361637],[4759025.351081427,2655050.1036211336],[4759066.73875087,2655340.302701894],[4758643.409322203,2655996.2246149797],[4758612.65966866,2656447.212523607],[4758347.207041123,2656631.0350249037],[4758204.502108743,2657259.995678708],[4758204.241402184,2657609.3208227996],[4758065.6120370235,2657779.044342636],[4758152.811926533,2658052.3644901216],[4758086.953213118,2658641.8806943865],[4757836.2446224885,2659001.9457885684],[4771401.04830904,2660164.491349672],[4770959.598829433,2665527.3710776013],[4772662.095301597,2665190.5784420585],[4773562.7494059475,2665336.5627280455],[4773741.105947919,2665574.215240621],[4774026.490947032,2665653.184938228],[4774107.103170627,2665621.67620183],[4774107.920422983,2665405.228517808],[4774206.841346146,2665213.9284266373],[4774396.7315938305,2665151.566422921],[4775516.686802398,2665602.2316751927],[4776015.010216736,2665501.415446368],[4776657.59446023,2665565.4204985783],[4772593.074832295,2661317.9061584147],[4773133.423368184,2654330.100386924],[4777638.0223514885,2654752.5550842485],[4777800.123803973,2652797.7268955912],[4778691.894305587,2652869.2747151735],[4778677.296076123,2652409.957880999],[4778994.192841945,2651570.130842069],[4779075.639049865,2644648.577695369],[4779531.443338765,2642990.067804577],[4780474.608981182,2641987.8826171127],[4781546.905581925,2641404.3291932493],[4782171.367757647,2640947.2601849763],[4783348.174692935,2638636.764670632],[4782752.877272036,2638686.534240571],[4780392.780594016,2639186.9595884867],[4779352.667302601,2639541.7842070074],[4777000.44004215,2641111.6272962056],[4775248.108354723,2641766.5700604357],[4773997.347690695,2642082.5828843503],[4773152.988512985,2642403.556368907],[4772712.4732973,2642468.1106150257],[4772181.260026185,2642201.1436702525],[4770789.020619923,2642201.3414482498],[4767601.661992796,2641862.666178465],[4766363.381447598,2641387.5944700935],[4764262.516578046,2640915.447954784],[4764043.863225807,2640624.023566373],[4763856.456238686,2639708.5076011177],[4763126.6474954365,2639080.046729517],[4762274.09295574,2638900.2435507695],[4760763.537879202,2639063.2033158652],[4759729.540893659,2639302.9035675866],[4759349.212921085,2639659.983090317],[4758334.997812288,2640338.462530059],[4757608.31868326,2641726.9356704173],[4756738.542469504,2642627.2302785316],[4756256.748196111,2643267.0220166766],[4755866.78451291,2643968.936954465],[4755629.44724828,2645113.6481829174],[4755496.302805561,2646693.286416486],[4755324.2719878685,2647216.164686553],[4755306.36497969,2647808.4833207084],[4755055.248754848,2648392.515038886],[4754957.950704773,2649180.563820307],[4754750.133221263,2649432.564477481],[4754697.399844549,2649650.244618983],[4754896.436969667,2649969.433835971],[4754773.2470497005,2650817.4429869596],[4754972.136479173,2651285.1681532236],[4754957.956049767,2651747.7691840627],[4755155.105556799,2651842.194699644],[4755243.113343367,2652028.4606605796],[4755179.200258987,2652368.0090966546],[4755240.516440338,2652798.07995299],[4755130.952593555,2652995.913969372],[4755278.493655908,2653487.5137958108],[4755209.67172974,2653799.983475448],[4755337.998808861,2654096.866423263],[4755201.205788761,2654479.1122064376],[4755225.142767977,2655417.8484350424],[4755117.3966343785,2655637.0431720275],[4754928.973143149,2655731.374584015],[4754322.088105165,2655725.375870024],[4753976.109947327,2655625.3522232417],[4753749.769085028,2656104.091590615],[4753756.408780545,2656601.3368357075],[4754157.411210303,2656951.6718098666],[4754325.237588207,2657213.7172135133],[4754438.893825989,2657752.5282846857],[4754083.010435955,2658149.500038842],[4754084.409329609,2658345.6480070762],[4753970.2375135,2658505.501329355],[4753718.957318953,2658616.940602677],[4753417.290487843,2658620.933585171],[4753130.664881623,2658441.447911576],[4753134.637647882,2658601.5419595614]]]}},{"type":"Feature","properties":{"flugjahr":"2017","gebiet":"Steiermark"},"geometry":{"type":"Polygon","coordinates":[[[4634397.895480329,2722330.375338173],[4633798.05667039,2721481.471347896],[4633659.5281923935,2721562.907489051],[4633687.184297514,2721613.3489593877],[4632971.816779149,2721981.0730725178],[4632529.543429846,2721855.798844695],[4632523.080945875,2721679.823808854],[4631961.386653852,2721469.6303870017],[4631443.375545001,2721039.8823948246],[4630643.44817665,2720572.1651842007],[4630605.074815684,2720133.7654976025],[4630821.737373978,2719424.5103856334],[4630669.9912396455,2719237.1096392595],[4630218.339013792,2718970.6747588944],[4630053.811746178,2718749.9362601675],[4629879.642746119,2718665.5433312315],[4629821.790320809,2718802.536375321],[4629147.70331468,2718481.529179905],[4629194.745329554,2718408.565981315],[4627964.2027822705,2718239.938339387],[4626619.1257614745,2717772.9948572633],[4625255.80159124,2716838.4814140014],[4624136.594070126,2715918.260692336],[4624054.88160076,2714874.747156406],[4623253.482732228,2714322.9532038486],[4622320.185677247,2713107.9035628247],[4621512.989554001,2712643.2872484163],[4621173.322440948,2712584.022832514],[4620012.257822367,2711698.767769129],[4619203.776942518,2710729.0234839874],[4618825.133046447,2710577.444813586],[4618662.005544108,2710425.2784887776],[4618626.481442679,2709885.097378208],[4618491.499245579,2709770.8088592277],[4618166.605116707,2709750.176341896],[4617892.451302704,2709924.8008427173],[4617699.446826032,2709924.855448539],[4617194.985486781,2709652.9461411997],[4616993.360562637,2709310.731616443],[4616763.181819616,2709164.8374912106],[4616211.295630904,2709100.642571727],[4615661.055983116,2708851.7087103482],[4614290.842768097,2708680.00076583],[4613864.146824344,2708452.338022541],[4611433.78834529,2707910.9491529777],[4611191.954009011,2707712.550438221],[4609911.361909136,2707574.093596808],[4609723.306784296,2707850.1896518893],[4609469.024675766,2708007.0965469675],[4608186.533286381,2707484.0934041827],[4607864.560897767,2707223.024270427],[4607443.986310168,2707048.004828166],[4605348.800295783,2706976.350987601],[4604599.2412895225,2706533.071246742],[4603329.519451122,2706232.8213478527],[4602707.6238872735,2705937.442655181],[4601457.137363603,2705545.9744077763],[4600074.068547717,2704805.268599066],[4599984.233325589,2704542.297778791],[4599576.398137981,2704207.239098577],[4599069.707776199,2704284.1705255816],[4598129.254060923,2704238.7375828736],[4597710.5950245755,2704125.4940122124],[4597516.449703408,2703993.5422828523],[4596799.535233767,2703842.8701965148],[4596225.2851609485,2703870.727040355],[4595583.647537579,2703735.286281864],[4595228.679608464,2703849.299103296],[4594653.844034285,2703544.0978169525],[4594080.01436396,2703403.8453111704],[4593812.611177317,2703572.0359037],[4593157.92415565,2703721.1312502176],[4592857.884086563,2703718.0398229053],[4592593.44813853,2703578.7356939088],[4592270.41000104,2703666.31240668],[4592178.949310368,2703788.5263875825],[4592184.171875333,2704029.8090344565],[4591918.736622153,2704477.405730902],[4591335.156194475,2704951.5433151526],[4590861.200594867,2704970.7086730455],[4590839.422157524,2705665.1739758737],[4591209.392163569,2705468.0168744856],[4591388.028337575,2705196.4815957122],[4591727.908016312,2705143.907143985],[4592010.552693028,2704985.943102594],[4592132.914048314,2704857.2661277847],[4592290.800709489,2704396.0755352415],[4592593.035724575,2704259.898301865],[4592914.499351185,2703884.6713992185],[4593654.573391906,2703911.7804345395],[4593870.155534077,2703998.76459936],[4594478.348397539,2703951.5800793706],[4594704.871968625,2704010.125210005],[4595014.143477172,2703943.1491109356],[4595452.349386896,2704082.437143408],[4595739.253504168,2704011.934579202],[4595932.498341786,2704172.5874830736],[4596099.845167035,2704195.554393743],[4596605.9276519315,2704021.724329492],[4596960.539632139,2704274.1060179668],[4597452.082600228,2704451.6771007325],[4597783.95704629,2704387.724866338],[4598117.730247407,2704470.6299520195],[4598556.245810126,2704917.5671945997],[4599045.645466625,2705045.3587353146],[4599977.196544535,2705537.4641578672],[4600352.24665032,2705644.8649148233],[4600713.817834674,2705863.3315942036],[4600917.197873723,2706146.924792634],[4601243.418338317,2706300.920162971],[4602859.477916552,2706680.7462080824],[4603650.162009923,2707087.7606845642],[4604177.052148577,2707166.021716432],[4604598.14960437,2707329.3141387324],[4605696.035757551,2707916.3777221725],[4606852.9045841135,2708228.4936147532],[4607439.112939989,2708194.123310417],[4607878.4098624885,2708583.123493328],[4608020.338709024,2708540.805144121],[4608805.607177695,2708695.2915310264],[4609362.621167105,2708614.1030136407],[4609517.82293845,2708341.470142174],[4609889.518823926,2708150.801791827],[4610386.637237752,2708057.4716408066],[4610604.182715239,2708123.2549520936],[4610778.172616591,2708494.1472595762],[4611228.419861879,2708857.9074183796],[4611732.679427159,2708461.5368389324],[4612468.87672724,2708371.75620661],[4612897.578441541,2708793.0915765786],[4613045.616214651,2709195.023722055],[4613167.237514815,2709320.61325298],[4613344.8260257505,2709362.5587392473],[4613593.4450794235,2709224.910701882],[4613987.591105547,2709654.358603991],[4615230.600990236,2710225.019362851],[4615794.89616715,2710464.3393921433],[4616378.497619566,2710404.9297546754],[4617222.106124422,2710780.6975186747],[4617589.037007009,2711200.5009139036],[4618535.191171236,2711811.6042614193],[4619014.353848033,2712523.2091597836],[4619724.792239156,2712834.83797852],[4619974.381623321,2713052.0886160526],[4620300.238286473,2713057.8179937666],[4620870.24970304,2713518.2698058975],[4620906.108403179,2713740.0453685117],[4621390.876579839,2713875.7052104613],[4621771.04464218,2714183.7592369653],[4622030.891903101,2714891.338497123],[4622261.551052084,2715196.646338572],[4622381.269431491,2715658.7887229873],[4622345.497589132,2716181.174173816],[4622441.164464708,2716388.0284516485],[4623149.764806988,2716848.0614827806],[4623391.359361278,2717202.453035615],[4623981.921647267,2717414.129134659],[4624647.057026416,2717806.8186785188],[4625321.102303955,2718346.029050817],[4625557.881689822,2718695.566300413],[4625949.92730459,2719026.77192881],[4626273.364175681,2719136.020529659],[4626756.017276268,2719462.0385477273],[4627473.876962772,2719658.9892905867],[4627718.811684397,2719813.120228525],[4627625.455199757,2719928.5847927937],[4627005.769416877,2719903.795810919],[4626842.159784003,2720056.6510315984],[4626805.613019726,2720277.826395172],[4626567.239120252,2720350.717119536],[4626459.946555623,2720494.8129594065],[4626136.961618151,2720674.6268997593],[4626130.5903943125,2720853.66521898],[4626359.160611934,2721229.6852996256],[4626833.586056958,2721159.771110872],[4627487.923481322,2721379.0213621655],[4627830.660288956,2721331.7761178846],[4628073.206073634,2721470.6683168407],[4629097.698595393,2721592.2560777226],[4629623.403056033,2721888.0142539386],[4629944.831470302,2722545.9278873713],[4630357.279264832,2722878.962964602],[4631513.221437524,2723354.201276116],[4631817.508611944,2723685.4645293653],[4632346.968854121,2723995.1538323318],[4632463.844075316,2722211.1300470345],[4634397.895480329,2722330.375338173]]]}},{"type":"Feature","properties":{"flugjahr":"2017","gebiet":"Steiermark"},"geometry":{"type":"Polygon","coordinates":[[[4638054.336816114,2724401.8927204423],[4637604.435887327,2723432.090940378],[4636615.134692796,2723240.9511269666],[4636249.303491648,2722986.137617243],[4635482.345328933,2723022.0146006146],[4634899.013870229,2722919.2071474344],[4634460.6823098045,2722372.020772345],[4634372.815097152,2723712.9032658054],[4634884.073299528,2723735.7048075465],[4634829.409088939,2725045.132280564],[4636287.817015765,2725709.8132781307],[4636420.211834656,2726017.473129551],[4636843.879912146,2726077.297628637],[4636963.149860356,2726231.306822612],[4637025.759554893,2726554.6773399734],[4637138.281190428,2726646.1193331545],[4637900.492564065,2726564.6242970293],[4638453.561505591,2726658.7203798527],[4638953.207745798,2726869.1304398086],[4639289.090919561,2726815.1877329983],[4640296.907854119,2726954.558961771],[4640629.52783589,2726848.1569065116],[4640781.901551561,2726519.0127899647],[4642275.66943652,2726381.046936716],[4643130.400775237,2726161.9917856464],[4644252.18953921,2726200.3213601797],[4644757.641466473,2726343.5019350583],[4645632.466035287,2727669.2777202497],[4646320.949613556,2728343.2057900536],[4646837.7996499045,2728659.95699077],[4647484.31334659,2728856.46335412],[4647730.281293133,2729030.9335088697],[4647936.903792051,2729351.9406034397],[4648926.437269152,2729684.998943054],[4649850.887791109,2729608.3973604008],[4650405.148426033,2729288.949812725],[4651655.743255338,2728879.702944251],[4652044.653438647,2728866.874454811],[4652215.351438465,2728732.453420834],[4652529.452230671,2729124.184071218],[4653443.937688948,2729118.492366781],[4653601.681007081,2728976.259819191],[4653828.430737663,2728935.4410000816],[4654029.406091839,2729052.3534522653],[4655160.070156295,2729104.8924797415],[4655801.133388606,2729319.3897865373],[4655939.01405559,2729495.8142092302],[4656021.436991342,2729887.0000995332],[4656274.218034754,2730220.083145315],[4657104.861805439,2730401.1513325535],[4657491.821483788,2730113.1804652754],[4657947.458577784,2730015.492052176],[4658728.571837712,2730365.513818943],[4659478.921481378,2730524.6982856975],[4659746.296104127,2730742.292208338],[4660639.4384788005,2730719.7200671355],[4660904.340258734,2730853.009048765],[4661112.832987676,2730778.695309056],[4661159.45461873,2730535.718532276],[4661521.689405332,2730334.4914103164],[4661678.044247301,2730117.400108462],[4662204.963055908,2730041.405057867],[4662330.036533375,2729902.2729248595],[4662739.118916776,2729768.8771255785],[4662796.177775406,2729624.858451478],[4663082.928066869,2729434.253239037],[4663167.141198313,2729287.8554360257],[4663415.840302633,2729269.3846180555],[4663699.81297684,2729087.1885429975],[4664307.652608245,2729448.5037388997],[4664622.873481762,2729460.933913149],[4664898.8908538325,2729569.563077111],[4665312.595042288,2729398.5797092747],[4665842.923504404,2729615.2066262052],[4667048.746909734,2729458.6315959427],[4667289.488152076,2729660.51548455],[4667518.348087996,2729667.4439621978],[4667688.831083977,2729986.5374068925],[4667830.977628704,2730080.0031677424],[4668175.877410307,2730079.26678658],[4668597.225467538,2730557.070162047],[4669454.124713212,2730721.357284955],[4669551.045855338,2730811.2364269546],[4669794.0846779775,2730777.6121346843],[4669998.573306942,2730625.0927122803],[4670334.39223245,2730783.7567954604],[4670827.382762233,2730829.330536134],[4671787.691596895,2730511.3388784435],[4672212.289857601,2730508.6006068764],[4672731.866724671,2730725.9592754515],[4673220.123050059,2730802.7749413634],[4673953.884107396,2731209.624730843],[4674819.8314348515,2731127.667031168],[4675294.977256438,2731436.500222217],[4675738.591385794,2731547.0835854537],[4675921.700845957,2731744.4543277114],[4676236.079885204,2731869.19726521],[4676346.515690152,2732658.2345979637],[4676695.097374557,2732967.242324111],[4677437.5822207825,2733325.6890326925],[4677507.522630561,2733598.2784534],[4678163.974837745,2734844.9857937046],[4678259.3612364875,2735241.3068061844],[4678587.672176167,2735517.3031626698],[4678603.051032446,2736145.8574359785],[4678445.865448925,2736528.6124382867],[4678489.507527848,2737187.6339082206],[4678181.6395311,2737446.737679577],[4677974.536478566,2737516.800638431],[4677830.870153777,2737448.536779905],[4677634.153382846,2737626.626016914],[4677706.053241386,2737921.2691982277],[4677458.714483308,2738071.5563865695],[4677119.8779572975,2738437.284125505],[4676336.738454265,2738827.676585786],[4676231.0925341565,2739181.101090088],[4676008.011283884,2739343.148089613],[4675894.057347989,2739744.5540028606],[4675587.349566559,2739601.7706602113],[4675268.678515804,2739326.9372632476],[4674818.128899605,2739247.5951932617],[4674755.173333851,2740002.385528917],[4674307.38267497,2740374.25171198],[4674305.157114845,2740738.5642894483],[4673758.96896776,2741058.7593260696],[4673205.539864839,2741806.270012867],[4673042.526014053,2741783.1045866543],[4672903.997164306,2741641.479342873],[4672833.966537546,2741671.589684946],[4672836.05967223,2741898.069577835],[4673060.260272641,2742010.193005003],[4672939.851656939,2742222.6035469864],[4672467.295856426,2742417.8830606793],[4672200.3744100435,2742412.3599093705],[4672128.766308003,2742619.8446248127],[4672183.773057224,2743028.2147722575],[4672489.476181473,2743248.843010064],[4672122.259406318,2743628.94258908],[4672101.120013154,2743995.429710944],[4671707.1523979055,2744167.3907590574],[4671577.1723121,2744315.9982052934],[4671461.261733543,2744845.917392016],[4671311.955528539,2744853.8859324465],[4671133.884342503,2744577.7720322376],[4670943.252104858,2744494.833534206],[4670465.094243353,2744535.641622605],[4670233.625184191,2744140.1905702064],[4669984.020405,2743980.6990676047],[4669491.090734864,2744075.7062014076],[4668893.767254486,2744046.9839393646],[4668705.8009761935,2744321.467981671],[4668699.177238709,2744805.918784934],[4668885.8081788365,2744814.5034504873],[4668900.897581684,2744496.736555416],[4669085.133369868,2744246.508854191],[4669558.539033278,2744290.098851937],[4669923.629968243,2744184.9601682397],[4670056.382602566,2744252.1707901834],[4670230.785139702,2744607.53239359],[4670602.973846379,2744893.555941752],[4672000.6647185655,2744957.907556567],[4672006.68869319,2744827.982338752],[4671764.898719681,2744852.8146043215],[4671720.004502299,2744529.9407574134],[4671935.956803249,2744385.755246798],[4672311.982610685,2744318.8689306825],[4672743.61693157,2743893.5648213383],[4673010.220666689,2743768.72834038],[4673013.063795565,2743445.393101145],[4672912.166058629,2743239.1247759513],[4672644.758410186,2743004.275052448],[4672416.200411163,2742932.2062788145],[4672346.269524791,2742674.5188355027],[4673120.419273522,2742366.4185944744],[4673263.738846579,2742022.7972560707],[4673615.635404401,2741666.9245299934],[4674120.129784385,2741394.457992117],[4674021.647299165,2741189.732591776],[4674399.4395636665,2741037.634633656],[4674511.4120336585,2740885.077696082],[4674556.752600353,2740476.4117982327],[4675017.546107886,2740154.1795137315],[4674944.464098403,2739833.2601744337],[4675004.630745864,2739701.4898536587],[4675322.410822318,2739731.3403363787],[4676055.681347711,2740122.9237623857],[4676143.94062571,2740035.4236780605],[4676096.073609431,2739878.5369531712],[4676182.718899484,2739592.3478216548],[4676459.911958803,2739334.2519873893],[4676503.82879971,2738940.68483037],[4677463.295205757,2738493.7932510083],[4677997.342719031,2737868.366575713],[4678622.153718995,2737522.5637782305],[4678734.880873205,2737364.2629965725],[4678970.0765116885,2736178.005685857],[4678754.717101924,2736086.8752415935],[4678731.446072558,2735371.031843244],[4678469.126610778,2735115.2418127144],[4678391.231725319,2734762.74788793],[4677861.468702071,2733809.0786660085],[4677759.266830468,2733472.097943325],[4677772.446470611,2733124.983287087],[4677625.06162748,2732996.436891099],[4676976.577716565,2732807.38051611],[4676554.65815242,2732550.666564606],[4676502.414803351,2732017.072086888],[4676380.379366171,2731793.415890314],[4675868.989976335,2731462.847034334],[4675366.626634839,2731348.3444953137],[4674950.71326202,2731039.791989913],[4673861.626179678,2731099.011526627],[4673272.746262357,2730718.284710016],[4672785.044773794,2730641.1741192727],[4672135.681818186,2730230.550442856],[4671701.630500031,2730148.0506078824],[4671425.284198951,2730250.7764910115],[4671207.320395,2730467.716806695],[4670875.130058646,2730632.8495750027],[4670581.750654593,2730577.1828748775],[4670397.415780826,2730646.3540180055],[4670000.964168872,2730469.6631367784],[4669606.032014129,2730553.0797930127],[4669126.9763567485,2730493.1635709284],[4668712.423592714,2730311.43443802],[4668443.853151564,2729960.890499601],[4666938.561197703,2729084.0705849747],[4666377.366674813,2729156.615292225],[4665991.322134497,2729440.243656221],[4665422.504382988,2729101.4793226444],[4663903.81558443,2728824.354457705],[4663683.516664503,2728851.2745663836],[4663426.604300196,2729144.1932700137],[4662978.93344328,2729020.1717927977],[4662173.6618676875,2729385.8883263883],[4661202.029843167,2729263.60658536],[4660050.701808287,2729017.72000201],[4658712.730836411,2728558.256661709],[4657336.662559243,2727722.607177018],[4656845.992291496,2727628.0299430634],[4656469.13157214,2727728.673025443],[4654887.277617335,2727675.0747182523],[4654437.552993614,2727304.1279732864],[4653504.294511941,2726904.811608227],[4653224.689880606,2726663.350749581],[4651565.0732545,2726897.137304452],[4650894.471514264,2727443.4099859814],[4650163.83754797,2727807.071140295],[4649193.936989493,2727826.222452453],[4648788.433406781,2727643.87424787],[4648587.4854980735,2727457.728076602],[4648094.27551818,2727438.1589508355],[4647319.101092852,2727111.892750621],[4647164.083366709,2726880.8619276998],[4646978.6774082985,2726088.6163858706],[4646822.938548835,2725757.2572109844],[4646785.789359665,2725367.2965954435],[4646568.354647307,2725021.785004852],[4645839.333234342,2724400.2512860103],[4645150.766252022,2724124.0580622973],[4644955.255350175,2724094.2029232834],[4644080.977391662,2724312.3527069692],[4642596.187022002,2724086.4077904862],[4642221.682268406,2724262.268085941],[4641768.901424601,2724286.9212346855],[4641457.928976033,2724407.793681894],[4640053.584114095,2724294.9309943863],[4639043.299796708,2724505.6673432193],[4638528.722466207,2724451.505936192],[4638218.093723735,2724500.638101305],[4638054.336816114,2724401.8927204423]]]}},{"type":"Feature","properties":{"flugjahr":"2012","gebiet":"Steiermark"},"geometry":{"type":"Polygon","coordinates":[[[4678508.847962715,2703712.469755972],[4678878.75552408,2703729.5370683833],[4679157.576203594,2703742.3228849918],[4678889.729915,2703495.5742709846],[4678656.9336465765,2703481.861837119],[4678508.847962715,2703712.469755972]]]}},{"type":"Feature","properties":{"flugjahr":"2011","gebiet":"Steiermark"},"geometry":{"type":"Polygon","coordinates":[[[4703369.410607825,2649222.5893726586],[4703245.913705336,2648647.9864005395],[4702828.90704717,2648538.1534536006],[4702547.759581329,2648359.462750608],[4703369.410607825,2649222.5893726586]]]}},{"type":"Feature","properties":{"flugjahr":"2011","gebiet":"Steiermark"},"geometry":{"type":"Polygon","coordinates":[[[4701523.003315659,2646649.152488012],[4701392.456672061,2645845.21245276],[4701360.280295832,2645823.1924929926],[4701523.003315659,2646649.152488012]]]}},{"type":"Feature","properties":{"flugjahr":"2011","gebiet":"Steiermark"},"geometry":{"type":"Polygon","coordinates":[[[4705226.712999766,2639480.8874871475],[4705314.956092919,2639282.3987745577],[4705283.577870731,2639229.4063988426],[4705226.712999766,2639480.8874871475]]]}},{"type":"Feature","properties":{"flugjahr":"2011","gebiet":"Steiermark"},"geometry":{"type":"Polygon","coordinates":[[[4699364.558710627,2662906.963777637],[4699538.622854374,2662839.530129253],[4699684.621657634,2662409.665961025],[4699364.558710627,2662906.963777637]]]}},{"type":"Feature","properties":{"flugjahr":"2011","gebiet":"Steiermark"},"geometry":{"type":"Polygon","coordinates":[[[4703094.871743601,2657627.618735294],[4701479.727863887,2659140.8767964235],[4702030.429951606,2658948.7698511533],[4702432.859539484,2658455.647538095],[4702945.492456654,2658144.393866593],[4703105.46573981,2657917.1314955056],[4703172.847844035,2657498.88607317],[4703678.637114871,2656969.953147253],[4703744.414537021,2656742.9366043936],[4703497.971255618,2656293.8761433763],[4703515.576097772,2655993.171879086],[4703141.086932213,2654570.625310856],[4703094.871743601,2657627.618735294]]]}},{"type":"Feature","properties":{"flugjahr":"2011","gebiet":"Steiermark"},"geometry":{"type":"Polygon","coordinates":[[[4703053.6001980705,2650323.3801620323],[4703607.599957497,2649806.5878226086],[4703384.9228985235,2649347.252592789],[4703053.6001980705,2650323.3801620323]]]}},{"type":"Feature","properties":{"flugjahr":"2021","gebiet":"Tirol","bemerkung":"2024 DSM und DTM Stand 2021 eingespielt"},"geometry":{"type":"Polygon","coordinates":[[[4540333.711163241,2631233.0696368357],[4540738.924701864,2631393.487843965],[4540748.72578727,2631397.13725329],[4540756.680600925,2631399.7267926577],[4541064.866335415,2631479.9496280877],[4540947.95171882,2631802.3677188056],[4540250.800512575,2632667.616971068],[4538283.072225934,2631274.9257819145],[4537542.631074142,2631159.212537848],[4537724.713914101,2631928.103545124],[4538423.038085191,2632682.35769397],[4538123.735135132,2633106.041793026],[4537276.629855584,2633219.3954295274],[4535019.988344016,2633166.7759361104],[4534626.695186725,2632699.611736715],[4534482.77971136,2632197.0394114773],[4534198.840020776,2632250.542799648],[4533913.464401938,2632776.6166515113],[4533567.604016814,2632793.427342046],[4533186.4039908,2632233.14931144],[4533263.728211694,2631272.8070694846],[4532430.878866349,2630918.1711655855],[4532142.256902543,2631156.700187869],[4532301.649283528,2631454.8755001985],[4532536.003517677,2632434.4630818847],[4532357.231123384,2632973.2606329964],[4531676.97078798,2633336.940627543],[4530478.37211672,2633480.5139677627],[4529834.648529927,2632765.6388523034],[4528374.280406935,2632795.034092504],[4528117.565504321,2632520.842631044],[4528415.043617496,2632030.6062729773],[4529287.814712001,2631339.127830047],[4529125.2043034835,2631054.049575296],[4528693.364843667,2630923.761068502],[4527868.383032845,2631131.164845428],[4527793.988950754,2630591.276283572],[4528187.674697287,2630298.7798845097],[4528933.974745327,2630261.2040498764],[4530088.59535695,2629894.0270259236],[4530258.277952387,2629670.0765888775],[4529674.462967964,2628873.893525606],[4529264.580190402,2628701.0915154656],[4529060.844467382,2628419.9967150884],[4529115.183109031,2627857.861769845],[4528847.375959812,2626625.3388809143],[4528889.82430184,2626303.7022662004],[4529709.935528487,2625175.606260892],[4529753.8175994195,2624716.5300696637],[4529564.213970365,2624467.570220332],[4529188.873214606,2624332.356022559],[4528190.756684524,2624548.96446215],[4527693.666333154,2624379.833754988],[4527679.853229544,2623679.1665155985],[4527568.78629442,2623073.1809119647],[4527244.651096534,2622668.7342164237],[4527226.854699401,2622558.934462256],[4527267.021089956,2622429.211191929],[4527274.379055845,2622398.0350819826],[4527280.5172942495,2622360.3051822144],[4527281.769906317,2622343.7424128996],[4526452.367224636,2620653.0376182473],[4525876.565413523,2620574.6786937155],[4525239.9747517295,2621016.483862632],[4524589.4666384775,2620057.262002647],[4523586.561573967,2619826.89617587],[4522790.724564662,2620757.7547545456],[4522078.208646821,2620441.676032227],[4521544.040257561,2620593.0988151776],[4521107.937116487,2621837.0686038295],[4520785.648579834,2621495.990484402],[4520656.2061756095,2620051.9698061263],[4518015.190911442,2619373.073860701],[4517683.225196698,2619710.8575160555],[4518720.872842842,2621928.472268888],[4518855.146727724,2623195.4191253064],[4518213.393472585,2623325.6947119106],[4517671.01155679,2622279.43445012],[4516510.062241447,2621595.616064929],[4515474.5902114175,2622345.9115083315],[4515585.697830729,2624499.2559914635],[4514782.616149588,2624377.7506629704],[4514297.313797684,2623315.9446872566],[4513682.907328719,2623072.1608673716],[4512892.753232513,2623976.5299840737],[4511980.332616904,2623416.190202546],[4511036.0196050815,2624096.7562334733],[4509973.785553479,2623894.3602597867],[4509488.371782947,2624629.3795531266],[4508859.175936125,2624159.4148918586],[4508327.835612339,2624163.0936292903],[4507946.665841394,2624552.157822316],[4507789.8252844885,2625544.107984815],[4506435.009237082,2625280.7128147036],[4504752.832662363,2625931.205052999],[4503448.2815104,2625861.1777032395],[4502675.811907102,2625562.98086747],[4502423.360316445,2625991.4429178447],[4502349.53051014,2626732.4942460535],[4502097.152791498,2627063.0458587715],[4501939.465695247,2627647.6185660996],[4501725.079262954,2627944.1062330725],[4501514.779507334,2628709.310005881],[4501453.05125537,2629354.771314116],[4501024.52548227,2630301.921109027],[4501157.495258019,2630428.216133017],[4502337.492786225,2630713.905719339],[4502925.822797787,2631276.9883019235],[4504240.88225539,2631145.0371984583],[4504779.360271197,2632584.9119114466],[4503142.074099322,2633237.229608683],[4500765.482343801,2633894.149439884],[4499669.273492279,2634544.856868108],[4498951.877793333,2634395.5163747063],[4498203.807706753,2633475.731733946],[4497051.05640913,2633745.105875319],[4497114.312569786,2635832.399018729],[4498583.331798405,2636546.4367885124],[4498307.646574068,2637183.0201427443],[4498351.443961813,2638986.4836191293],[4497423.813345169,2641007.9552395614],[4497728.301943097,2641651.2938979636],[4498377.9931729445,2642005.8768818146],[4499297.618411292,2641655.0450574285],[4499325.494365829,2640980.758211613],[4500344.758616168,2639519.9134155693],[4500765.205003682,2637358.34341144],[4501974.544192548,2637067.8408210366],[4503108.564825909,2637540.121604079],[4503744.111054628,2636681.8961962345],[4506525.040627029,2635457.725306578],[4508333.612068094,2638583.478600323],[4508721.160919169,2639949.253492685],[4508627.390143195,2640943.296453463],[4509091.299338912,2641292.1045286795],[4509659.162179428,2641172.086168081],[4510408.51754248,2640167.4222036023],[4510606.877133165,2638965.5051554907],[4510069.084654037,2637422.82258717],[4510335.286217278,2636589.646031015],[4509758.231228271,2635951.257000276],[4509639.573640835,2634905.2171514616],[4508966.143305392,2632237.152854028],[4510514.164346724,2633096.8536839145],[4511256.099320334,2633777.2138217087],[4513183.797407801,2634422.609980669],[4513886.060941707,2634937.1514095683],[4515693.571262921,2634576.292541874],[4516093.954205929,2635043.4067167467],[4515247.778652162,2636862.702577376],[4514080.5341604985,2637904.3990181955],[4514258.476525266,2638796.837348897],[4514658.97167642,2639165.2263600556],[4516515.635030878,2638408.755963169],[4517900.864883836,2636435.493983947],[4519828.3185546575,2635916.35386205],[4520229.599439823,2636352.7807898764],[4520098.342266257,2637131.065082728],[4520396.300847105,2637857.6225795248],[4519608.137875998,2638330.328279213],[4519401.60294806,2638844.8629357642],[4519943.673248561,2639628.4844045127],[4521733.625712711,2639148.7705595223],[4524023.939690133,2637869.6285409145],[4524986.247730911,2638361.2320269025],[4523581.592098716,2640033.635573168],[4523364.601114174,2640702.324014173],[4522393.053848473,2640930.014276738],[4520167.807462197,2642486.6154227573],[4519930.792363426,2643793.3322464866],[4519186.93114628,2643253.026847108],[4518401.333091925,2642017.2861863654],[4517482.864519166,2642131.4455793398],[4517280.968719634,2644672.53331615],[4517719.471344567,2646594.5004041647],[4516582.360264496,2646549.5617484497],[4516066.403008183,2645444.32949875],[4514884.303060899,2644653.997362339],[4514249.392046256,2644922.617640053],[4514016.044425561,2646041.061101208],[4513734.287832689,2646150.3882263466],[4512988.662259024,2645531.8894635458],[4512062.70995453,2643976.9573310823],[4511528.172233666,2643749.9193037157],[4510785.148517257,2644074.2320023854],[4510525.473884403,2644542.225591929],[4511234.568530085,2646257.711956437],[4510194.512038214,2646177.879961664],[4508727.6561002135,2647040.1785916463],[4507149.565698635,2647020.5661361637],[4505336.736376279,2646342.2434079694],[4502769.896739172,2645584.292758918],[4501037.707323768,2645653.1953315064],[4500611.962648423,2644646.920062725],[4500076.55591948,2644363.6300000018],[4499308.100151485,2644740.4922171673],[4498999.171323213,2646120.624860916],[4496977.51840576,2645738.100788031],[4496091.1759642735,2644953.5196290426],[4495438.373772373,2645292.1708350787],[4493551.77215662,2645458.368798594],[4492320.471002975,2646216.41055936],[4489502.1839745585,2644227.984702628],[4488856.169555119,2643219.981851303],[4488329.903334236,2643784.318764219],[4488047.388500633,2644690.6831970196],[4488625.194014017,2644682.617891022],[4488979.995380902,2644886.473257523],[4491074.061723654,2646699.9492691895],[4489706.928039933,2648344.06371501],[4489817.807560124,2649898.4549259413],[4488914.71390286,2650818.5022077085],[4487352.201206517,2652019.5469301874],[4486365.904500877,2653378.3533162735],[4486997.333464225,2653485.591490148],[4487492.872226075,2653057.6397351534],[4488333.423977386,2652618.5081187543],[4489840.7345528575,2651467.9459549263],[4491068.545473126,2650040.4367079968],[4491325.757533791,2648433.096927016],[4492651.090954805,2648069.81256263],[4497913.394051545,2648723.4545948156],[4498221.427218969,2649062.8824856933],[4498013.491369403,2649814.179443542],[4497469.420039906,2650460.944511132],[4496328.2888977155,2651109.0181381023],[4496854.208222188,2651449.805592148],[4497670.3003289765,2651454.1598638752],[4499189.437797842,2650598.5879716193],[4499790.750270165,2649371.343537734],[4500502.8012015205,2649335.265268893],[4501126.201598398,2648871.9429857517],[4502137.425740684,2648824.2058860837],[4503186.965248014,2649196.5300865807],[4503778.927559967,2649896.199145288],[4504568.406610447,2649790.394705131],[4506197.935948079,2650354.753419364],[4509369.05946293,2650585.8407081887],[4511949.062945296,2650204.12916433],[4514203.4362016,2650597.1607319894],[4513418.013654531,2653722.6758556752],[4512722.689243427,2653526.632730925],[4512287.210278814,2653551.7949625286],[4511458.235299229,2653287.5214843242],[4510596.24257317,2653868.094292959],[4508619.203608369,2653630.4131549476],[4507983.51359989,2654253.664727512],[4506194.09985415,2653418.143997224],[4505685.952344011,2653727.0169715257],[4505429.565800343,2654571.777963862],[4504108.362699247,2653328.125153324],[4502604.603601968,2652323.608164957],[4502351.690443585,2652656.394690199],[4502952.96772953,2654247.9383577406],[4503764.448376047,2655923.0099087874],[4502869.575896811,2657058.056283952],[4501924.54110145,2657229.344333085],[4501029.042890173,2656849.4227747545],[4500350.198988515,2657372.572578886],[4499518.821257925,2657454.352751554],[4498821.688896202,2657049.316351535],[4497535.263143079,2657269.337452084],[4496661.502682154,2656812.6611635806],[4495839.073183882,2656918.2142340112],[4495381.775661193,2657449.64169263],[4495622.688596279,2658130.153268602],[4496550.222179227,2658414.219125761],[4496281.243091126,2660172.9663174814],[4496871.981994478,2660772.6537523805],[4497700.111963128,2660040.559269189],[4498456.429226649,2660201.0811524554],[4499191.175872944,2660255.5075265123],[4500267.260993517,2660183.683559991],[4502336.602885604,2660485.4093594654],[4506860.879970033,2659607.6475384035],[4509917.838259502,2660005.9993029106],[4511204.626803972,2659814.93809035],[4511353.978656469,2660593.955745121],[4509157.933930023,2663543.503411145],[4509583.548177779,2664252.0420315964],[4510182.925243317,2664474.0974475555],[4510716.684961012,2664353.587404564],[4511194.14155691,2663741.85071229],[4511561.282512805,2663975.114627015],[4511951.387956224,2665480.203743468],[4511872.38534161,2666694.6810967596],[4510755.1409301935,2667875.4500256367],[4510474.957885288,2669050.007548669],[4509798.892799996,2669593.418400496],[4509309.351218197,2670561.8349744407],[4508367.796258886,2670842.849820326],[4507295.170674104,2670158.3883048925],[4506204.68392458,2669995.753946563],[4504782.890312534,2670190.300593677],[4504701.725297801,2670919.978379208],[4505010.658634115,2671377.3351795305],[4508382.138767964,2672086.9193832087],[4509741.091799052,2672615.0020315927],[4511635.261814112,2671611.4798999904],[4512094.917184503,2670755.701573143],[4512053.887910125,2669724.0101897963],[4514886.6513995435,2667571.228132147],[4515077.712184189,2666921.500612788],[4514882.645702061,2666224.783745367],[4514996.694653847,2665488.9000988966],[4515342.654705396,2664538.404426297],[4515328.752319095,2664064.1085889065],[4515180.202945646,2663700.262483645],[4515121.330051614,2663223.9709609225],[4515434.509199106,2660216.618150425],[4517028.942158076,2660514.218530562],[4518153.457553983,2659709.304926958],[4518491.47537792,2657475.44196673],[4519087.251557132,2657641.0578455194],[4519349.724913695,2658537.6492273235],[4520108.9037274895,2659494.3174022594],[4519714.973310047,2660452.560273445],[4519610.270855614,2663024.915568181],[4519818.809110075,2665236.493090131],[4520115.719428195,2666334.7156737116],[4520647.057502468,2666418.6705322214],[4521195.4993493995,2666076.871891008],[4521292.0356158,2665331.838809467],[4520970.614102075,2662924.888132331],[4521037.148277752,2661703.622594552],[4521904.172791572,2661505.0022867722],[4522326.670447736,2660668.57746579],[4523204.43678163,2660400.2306082384],[4523447.392127318,2659668.139558793],[4524264.519975978,2659605.518645938],[4525773.361589434,2660156.049182885],[4526352.211170677,2659380.003684501],[4526294.940929411,2658772.510576943],[4525630.328831401,2657973.7057125354],[4523914.330922884,2657069.3424674845],[4525120.727902671,2656020.992580373],[4525522.839740716,2655313.023097816],[4525456.387243989,2654784.965489452],[4524782.909133121,2654432.2345715854],[4523291.620701272,2654976.690882327],[4522317.42381588,2654065.923832099],[4522405.132211923,2653204.921929354],[4523361.34218303,2652441.6337314644],[4524910.161888796,2650949.298770166],[4526709.566190751,2649408.5998143572],[4528972.474868479,2647187.2933952324],[4529751.709544074,2646636.519250005],[4530145.07931266,2646121.4805714563],[4531220.933124545,2645094.6567885843],[4531388.797716576,2645118.1485958756],[4532449.226108599,2644873.356623834],[4533771.9989592545,2643963.435971066],[4534387.171698768,2644174.2840225818],[4533608.362553169,2644910.740865577],[4532740.262396741,2647347.4327799883],[4531056.9592561275,2648639.6917840564],[4530760.592325494,2649941.142669225],[4531337.984113962,2650528.1762714153],[4531915.875281132,2650428.131550343],[4532651.429318679,2649560.600442239],[4534937.108761128,2648275.2844539103],[4537614.568738163,2645635.673074879],[4537909.279867433,2645566.554282527],[4538201.171625638,2645686.558364082],[4538419.741263071,2644180.487549592],[4538394.979607694,2643129.3055917406],[4540406.2064200835,2641919.6323758843],[4540744.07326445,2641544.369721484],[4541664.814530411,2641205.4353239783],[4541944.720923868,2640594.3374762638],[4542384.120356477,2639989.8656524103],[4542392.676064099,2639480.1540863244],[4542460.503539607,2639359.6622950328],[4543736.097320855,2639027.0936690923],[4544194.020203054,2638711.99538707],[4544201.127512994,2638617.2964174966],[4544286.111613794,2638621.094156318],[4544577.613265936,2638309.0653138477],[4545356.291755948,2637931.796730767],[4546013.197541127,2637394.062385675],[4546859.693880134,2636862.285375527],[4547489.3662429415,2636733.89772582],[4547792.893582557,2636491.424053568],[4547981.111876947,2636054.767532787],[4548101.499603991,2635299.032684634],[4548076.063569396,2634845.325585242],[4547828.903473794,2634399.206967246],[4547427.561230227,2634078.213064284],[4546975.251764592,2633846.953801253],[4546718.7773039015,2633523.4360379083],[4546616.172062411,2632896.7502209228],[4546357.595365064,2632506.124227963],[4546021.225474762,2632350.558063405],[4545318.3232840225,2631834.081406718],[4545031.411852631,2631774.2717187162],[4544256.980125649,2631867.6991365706],[4543918.473149824,2631992.60099661],[4543494.452095851,2632265.2295227535],[4543117.4964382835,2632734.9961403785],[4542675.250950029,2632919.2802069928],[4541886.314804139,2632248.957651696],[4541366.440702546,2631657.6742423847],[4541124.286489594,2631500.8509630044],[4541064.116674813,2631479.164234393],[4540748.602966369,2631397.0814952655],[4540347.277614842,2631237.6642840337],[4540333.711163241,2631233.0696368357]],[[4522662.435787475,2630282.021849387],[4522337.463516678,2629502.577394797],[4523231.514139142,2628889.02905547],[4524833.235864951,2628134.6579924943],[4526190.455950416,2628131.5023613176],[4527115.731872353,2628812.676789676],[4526593.505382352,2631070.711641274],[4526649.836543115,2631729.430207258],[4526174.191055843,2631941.12249867],[4525778.334896902,2631288.468164851],[4525751.8179430915,2629479.8675246057],[4524087.724568436,2629710.5207794243],[4523253.621008679,2630456.784235283],[4522662.435787475,2630282.021849387]],[[4522149.074508211,2627930.7110436675],[4521580.576390335,2628328.815550893],[4520092.224718502,2629058.16264924],[4518043.168899204,2627261.5134687754],[4521718.145888541,2627107.183567998],[4522149.074508211,2627930.7110436675]]]}},{"type":"Feature","properties":{"flugjahr":"2008","gebiet":"Nieder\u00f6sterreich"},"geometry":{"type":"Polygon","coordinates":[[[4724980.911312884,2759261.5299037555],[4724920.081161223,2759188.360731366],[4724898.832142643,2759202.9075786383],[4724897.5459301835,2759229.7989200344],[4724980.911312884,2759261.5299037555]]]}},{"type":"Feature","properties":{"flugjahr":"2010","gebiet":"Steiermark"},"geometry":{"type":"Polygon","coordinates":[[[4657737.655526178,2679315.0465471074],[4657211.9322999865,2679249.7811087538],[4657308.923768509,2677778.0044818446],[4657404.17153213,2677730.5724709174],[4657463.405675108,2677108.2488293876],[4657574.018991257,2676860.7632427993],[4657512.42223581,2675977.359531339],[4657624.364196993,2675452.057702533],[4657510.670061013,2675018.84044058],[4657627.367921894,2674759.452017189],[4657552.405747113,2674240.836778711],[4657668.266891831,2673348.187545265],[4657612.903107713,2673103.6100510685],[4657787.041923452,2670335.546901268],[4653447.288853067,2670020.63924585],[4653007.975638583,2676419.744770851],[4653054.532359288,2676495.4675928825],[4653621.270758813,2676534.7705973727],[4653534.882425473,2677952.1714452244],[4653470.424670716,2678026.427216384],[4643543.961241983,2677351.6460691746],[4642895.68060439,2687327.9945357945],[4652857.981153199,2688005.282936933],[4652693.715028747,2687822.5595512427],[4652439.568492237,2687106.328536359],[4652499.327500908,2686656.675909118],[4652691.600916253,2686452.288335161],[4652619.159358524,2686047.633876656],[4652666.8674189,2685804.607916551],[4653106.027214727,2685361.3022490004],[4653123.2185915345,2685128.8913938655],[4653527.681827831,2684539.879925943],[4653895.252443924,2684221.41291378],[4654259.057984043,2684172.0042114216],[4654594.052763154,2683727.934620397],[4655008.12641171,2682873.1264360193],[4655211.556136509,2682711.2881932035],[4655600.240441723,2682596.963424867],[4655749.771472193,2682430.6599015514],[4655794.1035744045,2682104.4094117745],[4655999.028522525,2681885.5948020136],[4656004.138042658,2681791.7483858364],[4655318.770102093,2680879.6382610667],[4655121.507900535,2680374.1936319224],[4655156.953323209,2680136.613212823],[4655970.4251396805,2679655.4038262093],[4657737.655526178,2679315.0465471074]]]}},{"type":"Feature","properties":{"flugjahr":"2011","gebiet":"K\u00e4rnten"},"geometry":{"type":"Polygon","coordinates":[[[4590217.384964364,2613679.1490798034],[4590364.390377018,2614361.6650038036],[4591533.133137574,2615576.6394820823],[4591606.956839756,2613740.9384985385],[4590217.384964364,2613679.1490798034]]]}},{"type":"Feature","properties":{"flugjahr":"2011","gebiet":"K\u00e4rnten"},"geometry":{"type":"Polygon","coordinates":[[[4591929.209895731,2616255.86781788],[4591741.8276215065,2616841.666076933],[4590922.546116506,2617410.9759830814],[4591344.952666788,2617791.1692364914],[4591645.605872679,2617720.689008549],[4591844.462225246,2617825.6941759316],[4592927.9227605425,2619875.3835759694],[4593752.822747937,2620834.558840531],[4593997.596526331,2616349.2678304138],[4591929.209895731,2616255.86781788]]]}},{"type":"Feature","properties":{"flugjahr":"2011","gebiet":"K\u00e4rnten"},"geometry":{"type":"Polygon","coordinates":[[[4605522.920012113,2639375.4368057614],[4606161.878764357,2624402.5528977076],[4595266.405252719,2623908.975749178],[4596531.575147205,2624712.928732908],[4596753.531201456,2625232.1782780048],[4596595.689228114,2625683.2516372497],[4597793.833139957,2627002.936813448],[4598594.0387358675,2627242.1586295255],[4599884.475688383,2627913.728354343],[4600030.123103058,2628159.4204962347],[4600509.3646238325,2633759.8324332004],[4600306.450369596,2634464.019177328],[4599923.776494418,2635177.08753352],[4599068.209127378,2636073.8859981885],[4597974.144019689,2637802.3364826175],[4596927.82680825,2638454.4410873866],[4596624.370282711,2638972.638793931],[4605522.920012113,2639375.4368057614]]]}},{"type":"Feature","properties":{"flugjahr":"2011","gebiet":"K\u00e4rnten"},"geometry":{"type":"Polygon","coordinates":[[[4595492.112079402,2639699.7157001887],[4595150.57946469,2639901.999203047],[4594506.446619155,2639984.8460076516],[4593540.178451039,2640577.650570388],[4591832.042065634,2641426.0017057974],[4591272.361018626,2641462.7775555644],[4590579.984957814,2642016.821636725],[4590085.111422506,2642199.5988334324],[4587822.2412689105,2641974.224507777],[4588235.618402641,2642819.5158151505],[4588501.711819881,2644697.510659137],[4589057.167585879,2647061.859467861],[4589526.464763494,2647928.474722027],[4590065.558490735,2648679.09410308],[4595091.502434285,2648905.9375241282],[4595492.112079402,2639699.7157001887]]]}},{"type":"Feature","properties":{"flugjahr":"2012","gebiet":"Steiermark"},"geometry":{"type":"Polygon","coordinates":[[[4671415.262355125,2664571.3819491235],[4661895.648753175,2664358.1237456105],[4661130.690095401,2677538.944394705],[4662181.449535349,2677609.579565997],[4662487.534221003,2677311.5340879625],[4663617.461411212,2676740.7807956785],[4664429.964644086,2676464.741033643],[4665066.4031753205,2676434.8528588084],[4665550.430757962,2676247.855291387],[4665657.614968572,2676110.6458139387],[4665788.546171835,2675568.175873092],[4666095.835834985,2675001.755476846],[4666226.89100384,2674456.2810113654],[4666066.13096543,2673917.448592539],[4666239.276520699,2672867.452211273],[4666384.630991896,2672704.9652207876],[4667026.784960598,2672453.156903181],[4667285.112789411,2671929.560074806],[4667591.413244812,2671683.390522046],[4668040.321087614,2671062.450937625],[4668032.464703428,2670348.5164501467],[4668666.298001678,2669415.799747836],[4669144.6557417195,2668349.8689989066],[4669253.212724779,2667837.427775862],[4669459.685956993,2667422.5490163434],[4669512.469499567,2665985.813787353],[4669840.761749139,2665167.2081290944],[4670244.704161067,2664772.406785382],[4671075.418337062,2664698.409718345],[4671415.262355125,2664571.3819491235]]]}},{"type":"Feature","properties":{"flugjahr":"2012","gebiet":"Steiermark"},"geometry":{"type":"Polygon","coordinates":[[[4672575.494933695,2664582.5762218446],[4672316.825223223,2664580.0797182517],[4672466.485682189,2665120.4811333297],[4673081.605141905,2666242.5632932475],[4673779.673554169,2666429.723566264],[4674098.9185224725,2666368.3146118657],[4674677.608078332,2666421.8915366875],[4675043.499331135,2666639.0253728144],[4674969.164538365,2666516.3216128773],[4675040.603245479,2665496.5501241535],[4675125.090173215,2665290.830661586],[4672575.494933695,2664582.5762218446]]]}},{"type":"Feature","properties":{"flugjahr":"2009","gebiet":"Steiermark"},"geometry":{"type":"Polygon","coordinates":[[[4719642.484368838,2691759.869912683],[4718063.7045403365,2710815.847182876],[4709056.412039745,2710061.953278811],[4709287.474686233,2707096.9041962586],[4707308.0224888595,2706903.154734273],[4707446.110023171,2704918.858180181],[4701968.010828382,2704446.4019795805],[4701571.293921201,2710289.93960465],[4704052.919574961,2710505.7204332063],[4703929.331963553,2712581.9041297985],[4709844.065759511,2713098.574381281],[4709726.998210151,2715093.8597286367],[4715658.569976426,2715610.7128388463],[4715433.554337866,2718572.039122637],[4718395.645983122,2718841.7345721247],[4718242.3332381565,2720783.8834475144],[4720229.911444592,2721008.668741674],[4720112.639838715,2722999.5469977586],[4727019.9530301625,2723612.758816699],[4726984.240020333,2724057.5907221087],[4726365.466544715,2724077.2915498577],[4726254.60977138,2725764.7731420603],[4726341.385237228,2725850.086976166],[4726235.940750998,2726050.9558104696],[4726047.037634818,2728924.3111689305],[4726123.080519374,2729050.911442327],[4726029.792523756,2729186.5059318985],[4725528.528031199,2736810.131103063],[4725545.773785702,2737008.595521881],[4726091.357135015,2737056.62082952],[4726131.948310966,2737160.780257872],[4725818.526647298,2742015.26967031],[4726125.352928803,2742070.4493946997],[4726133.253033212,2742228.010499688],[4726413.229621932,2742409.836400526],[4726461.844919987,2742592.9903278504],[4743426.372700877,2743747.9400029713],[4743694.53633713,2743817.7868379024],[4743790.676544884,2743772.279929123],[4746320.068057224,2743944.597781237],[4746536.418133632,2744025.811975407],[4747292.36651966,2744010.8422002643],[4747628.471619408,2744128.9121405985],[4747918.382950366,2744060.6404373026],[4748074.2125221705,2744184.419465813],[4748574.790630012,2744098.3251237734],[4749764.762287621,2744179.569391028],[4749988.11677616,2744274.5903201834],[4750113.63459808,2744204.538031787],[4750348.769549681,2744219.323980349],[4750485.953732399,2744363.083405694],[4750614.930124899,2744298.316195165],[4750709.630671031,2744344.3043761053],[4750764.575190918,2744252.841024539],[4751058.190556132,2744414.3173530484],[4751103.178469797,2743632.54779499],[4750942.684359873,2743335.6644062297],[4750896.13310056,2743052.8597051282],[4750931.508322909,2742515.622496749],[4751113.366932827,2742420.199414335],[4751641.358927604,2742471.940785736],[4752400.147083718,2742019.297761472],[4752496.52367751,2741769.5179898185],[4752229.0007564025,2741146.1264010845],[4752499.814842036,2741011.137999023],[4752935.731872673,2741090.6772581693],[4753874.846024869,2741469.9152259305],[4754357.30940592,2742069.896523099],[4755127.534741377,2742410.701869821],[4755267.553063343,2742031.9601024133],[4755455.036559407,2742022.059282818],[4755805.796243243,2742163.532411849],[4756284.979782967,2741843.7777591106],[4756841.424690742,2741808.3744043107],[4757023.389071441,2741725.449183398],[4757187.906107472,2741751.9250322822],[4757460.739105376,2741952.753702568],[4757792.323844374,2741970.28708926],[4758246.655057482,2742140.2054081326],[4758892.910098345,2741587.725649022],[4759228.952231229,2740475.603248817],[4759921.4874845985,2740008.64595566],[4760306.837801864,2740015.2695482727],[4761012.632132699,2740448.1124691516],[4761283.111562444,2740174.713622003],[4761492.593944236,2739694.5927008474],[4761398.524621626,2739560.966721585],[4761378.912554063,2739214.714503047],[4761127.789225808,2738801.1443961277],[4761089.6380551895,2738346.2810786627],[4760802.787342966,2737904.115045366],[4760561.932721392,2737730.418974003],[4760685.832188481,2737056.6861298345],[4760393.677266852,2736561.817988473],[4760565.087794859,2735916.919018753],[4760521.252340068,2735408.149531068],[4760730.312790995,2734941.172836829],[4760735.529160737,2734513.191121693],[4760873.359097614,2734458.468664162],[4760881.126830568,2734370.2737067],[4761092.168218997,2734348.3597741644],[4761553.87680474,2734487.8597109024],[4761846.2593864,2734494.780803723],[4762047.05447589,2734406.666574182],[4762351.20308462,2735057.7019433714],[4762729.965084229,2735289.893766146],[4763773.9301742315,2735137.066367023],[4765074.612659014,2734299.7094753184],[4765177.268654927,2734119.657625671],[4765204.466470015,2733773.7645412455],[4765042.279964279,2733412.6016381066],[4765070.516302496,2732465.89289575],[4765231.48301507,2732045.274658648],[4765897.569829828,2731354.770356879],[4765924.488360855,2730941.7728102216],[4766080.825239287,2730770.6677661063],[4766675.090914777,2730773.4854505174],[4767790.348286242,2730453.9126801854],[4768287.662328238,2730180.441957836],[4768974.608422465,2729654.467259902],[4769368.3554278575,2729549.834693748],[4770678.66267887,2730005.2040194385],[4770853.243963002,2730003.2051647813],[4771393.293017419,2729747.185027381],[4772356.410649077,2729737.155005005],[4772775.803299915,2729636.5006930097],[4773217.923930313,2729904.4339219667],[4773864.26941819,2729904.9738851534],[4774760.604428719,2729401.176395635],[4774929.738295698,2728956.671195957],[4775154.283625588,2728796.6850819965],[4775229.211939365,2728601.8352517327],[4775565.59513739,2728532.865074919],[4775631.060586638,2728410.520500989],[4775890.744595577,2728261.3348414563],[4776048.402509505,2727802.8838447975],[4776379.678327685,2727251.4830880654],[4777281.662410388,2726576.4258833816],[4777582.257848836,2726642.8034245344],[4777811.941041035,2726817.2592080995],[4777657.062966986,2727110.984018839],[4777766.474182873,2727750.0669298996],[4777681.529742755,2728525.180717981],[4777866.782542636,2728679.3604538855],[4778387.088036862,2728711.108586981],[4778444.711236372,2728497.981175497],[4778739.235055201,2728334.444603454],[4778863.606519794,2729085.041075828],[4779106.2680233065,2729225.0798611203],[4779469.93963571,2729288.649447616],[4779780.005662192,2729756.9186318885],[4779702.832877222,2730450.8502905047],[4779841.28623868,2730521.5723173097],[4779934.669775775,2731191.8717264496],[4780186.544611753,2731068.7004858158],[4780182.125185738,2731124.194853636],[4780799.824252394,2731354.70559131],[4780970.229131199,2731077.631012199],[4781053.911609485,2730430.628527444],[4781381.43904301,2730334.733312968],[4781043.200399454,2729776.5336421374],[4781195.768263098,2729439.436322128],[4781310.890201539,2729378.815803129],[4781440.428958519,2729645.6800603573],[4781707.87028091,2729924.0775993606],[4781820.933724094,2729903.712872063],[4781638.42861756,2729521.7121046293],[4781659.857346151,2728866.568754756],[4781435.118025446,2728762.3882342274],[4781391.1014239285,2728445.318917265],[4781296.5261660395,2728379.922954237],[4781545.655122154,2728027.7894386034],[4781499.1145881,2727756.426340133],[4781604.854879557,2727471.2400593334],[4782013.243247793,2727314.19591925],[4781862.566031371,2726741.6929129804],[4782031.075918364,2726204.0842069085],[4781769.537050031,2726012.0707730977],[4781689.392358113,2725786.1512144157],[4782304.400270963,2725804.169420302],[4782377.026801001,2725740.6278934665],[4782251.103696501,2725578.240001824],[4782259.230572169,2725462.9435848333],[4782546.315836584,2725222.589201913],[4782765.360717395,2725202.632518866],[4783062.55788891,2725351.63448068],[4783262.279522019,2725059.8982888767],[4783395.611192904,2724619.5037081987],[4783508.037090271,2724498.0024354225],[4783162.296049405,2724229.5314872297],[4783124.977349374,2723582.48433013],[4783320.074750289,2723359.6370017976],[4783579.942350773,2723276.8711214378],[4783831.673304837,2722933.849926373],[4783810.7958842395,2722554.0544929174],[4784149.054307125,2721967.9468534794],[4784653.658006809,2721592.2026859922],[4784852.07409132,2721528.995562184],[4784656.611487254,2721511.9000815656],[4784738.817210361,2720515.454462602],[4779756.590167139,2720088.366297037],[4779838.780485509,2719091.9578392208],[4777347.603888538,2718878.9638657095],[4777596.112926201,2715889.8859144566],[4775084.373398189,2715694.8594257124],[4775825.4038552735,2715798.485201809],[4775370.8726462945,2721363.804285367],[4768204.194147294,2720876.706781558],[4767241.902173201,2721319.410255506],[4764998.681047656,2721882.287351313],[4763535.941444666,2722031.1214319845],[4759435.9319382785,2721961.5528064882],[4759531.144375131,2720284.6635331195],[4755509.5038198475,2720010.447241059],[4755459.860760517,2719505.826554047],[4737435.415045262,2718278.5560578387],[4737053.552204483,2723250.459610334],[4727091.553941879,2722580.579971934],[4728975.304358238,2699775.2108827448],[4728937.32511641,2699716.689186188],[4726990.4759091865,2699513.623637467],[4727580.254478241,2692374.209146705],[4726777.908724757,2692287.7797605707],[4726134.327020867,2692072.1259221784],[4726117.055351262,2692260.4470282565],[4726356.971936341,2692426.3540634727],[4726369.926922949,2692640.742030218],[4726276.947433121,2692762.8845945266],[4725797.332829175,2693003.373442759],[4725716.274346308,2693734.493383027],[4725528.374224941,2694246.920332272],[4725056.0330649875,2694753.618110764],[4724668.414348211,2694955.9910518937],[4724179.675910348,2695493.06480791],[4723985.404848681,2695888.156939275],[4723580.9420923665,2696031.5708901538],[4723456.423891042,2696154.9493983835],[4723472.602830139,2696411.8948920807],[4723666.639689971,2696873.5901893396],[4723713.348086469,2697508.586887981],[4724070.016959497,2697922.963903222],[4724414.026677773,2698100.1934164115],[4724688.660560573,2699371.946324926],[4724492.156641034,2699856.1018721783],[4724172.157830204,2700135.5730737858],[4723861.073564938,2700248.238626191],[4723407.698692172,2700202.3214791464],[4723159.401224225,2700387.0408255784],[4723541.943280563,2700655.4109646482],[4724082.935675949,2700769.0184670635],[4724763.767937132,2701060.278502522],[4725617.661141956,2701672.0070979786],[4726119.746662149,2701778.839438514],[4727120.388857329,2702224.098990217],[4727355.938364968,2702389.505748058],[4727695.338881488,2702892.111487909],[4727746.317868862,2703259.470085927],[4727633.44469708,2703778.262225338],[4727211.063548582,2704185.224407536],[4726788.249375765,2704776.594732045],[4726739.547516624,2705007.316016827],[4725806.18523956,2706378.1894273087],[4725773.561569081,2706873.6143535245],[4725677.165511343,2707076.428382025],[4725475.795478592,2707122.101818297],[4725339.912923508,2707420.841580184],[4725124.556196076,2707952.709896646],[4724924.320858055,2708834.6689106757],[4724461.698131333,2709153.395237178],[4724199.271885425,2709541.759049943],[4723981.837280088,2709717.737955884],[4723018.702781815,2710063.581854288],[4722025.535593639,2710173.6147959977],[4721960.8241698295,2710397.2440501326],[4722249.638424779,2711410.3078869693],[4722069.873552853,2712155.530472668],[4721696.057230476,2712363.1446502306],[4721051.095966269,2712494.4834768106],[4720629.459163485,2712435.8179106787],[4720240.599508208,2712491.1304353816],[4720279.321910046,2713208.826963449],[4720221.788421202,2713573.0959494957],[4719773.704734017,2714143.2780699716],[4719373.140462808,2714350.644966391],[4719305.208923652,2714545.6426780694],[4718787.757201208,2714545.597499134],[4718504.417838089,2714443.7572514545],[4718111.653579274,2714488.7116181278],[4717702.812263391,2714386.7368483674],[4716637.304332293,2713616.0662543094],[4715576.871572514,2713267.1822093013],[4714872.819872175,2713495.2289223764],[4714064.038256189,2714028.9967427147],[4713832.3926612325,2714111.0026035444],[4713456.75421434,2714086.703303688],[4712807.9515753025,2713814.092139194],[4712568.079412429,2713281.90248786],[4712205.938105316,2713009.401494466],[4711782.786186571,2712918.23120103],[4711137.59108948,2712976.1205476047],[4710640.226796674,2712901.560906418],[4710209.319641631,2712565.6238862616],[4710145.532472849,2712250.221118519],[4710190.21287129,2711910.3539468497],[4710281.29988664,2711919.3259878624],[4710218.706023115,2711845.383771003],[4710301.531412319,2711606.6088285884],[4710596.2629416585,2711259.467944233],[4711497.898450456,2711798.367349344],[4712274.867577533,2711954.369933693],[4712615.978671394,2712109.93775966],[4712932.447204713,2712540.0081998473],[4713534.378974506,2713066.5919704353],[4713860.534937848,2713052.440333281],[4714503.576452579,2712810.32440728],[4714931.381956562,2712237.2703099702],[4715995.02213479,2712016.5897798752],[4716656.48054723,2712300.8384839254],[4716963.649379163,2712348.576247642],[4717196.509402644,2712592.646737933],[4717406.742783726,2712604.227051899],[4717551.6742350245,2712742.874415819],[4717805.648080876,2712797.3271847316],[4717931.958336669,2712956.0855608163],[4718311.659752811,2713141.415591733],[4718681.427977528,2713150.9788108324],[4718975.584555951,2713038.312925094],[4719621.570110043,2713169.518861384],[4719519.80875879,2712727.830993116],[4719713.53845654,2711830.125038974],[4720201.41432018,2711502.908461299],[4721058.3482744135,2711631.928995765],[4721413.331911368,2711822.815809564],[4721568.210626068,2711739.8270044774],[4721598.036192065,2711472.5084179807],[4721288.2228459595,2710520.4091365174],[4721564.288155271,2709782.5966415373],[4722133.568440165,2709408.747092585],[4722975.3229717435,2709202.9665962295],[4723564.810764304,2708790.540550517],[4724234.509851442,2707699.205232869],[4724440.196772549,2707540.4417561092],[4724655.809202433,2706830.2593631214],[4725048.3076892765,2706333.870570856],[4725275.667797826,2705639.3419814976],[4726850.284271701,2703831.210390524],[4726746.117517546,2703311.689680276],[4726290.407153416,2702644.2912637107],[4725456.1552971,2702252.8040871676],[4724374.044332,2701560.866164699],[4723833.200598596,2701420.5602422943],[4723375.651597922,2701512.1469311137],[4722856.400089579,2701297.506473734],[4722596.927241482,2701123.3100039386],[4722425.763932149,2700868.8672462543],[4722188.083357269,2700229.027687808],[4722360.625515548,2699645.510765921],[4722543.454655378,2699515.840328863],[4723152.257161949,2699448.717417607],[4723248.347742154,2699329.806449128],[4722531.388037272,2698576.2203863394],[4722417.052002577,2698280.0447856337],[4722436.180688323,2697983.662551951],[4722851.558633418,2696981.9358186466],[4722662.86315794,2696357.488572604],[4722871.001657572,2694709.7517023114],[4723231.30157075,2694166.552637582],[4723739.751160491,2694027.7851153444],[4724392.191634313,2693475.4211345473],[4724873.350482773,2693715.7100617625],[4725153.736767972,2693694.1817318755],[4724859.597923785,2693102.347145383],[4724963.886299114,2692144.8757260824],[4725228.459173243,2691056.086601206],[4724780.666523054,2690553.679082754],[4724512.736061274,2690434.6123258327],[4723392.262366578,2690817.858766271],[4722917.303847232,2690773.1141694714],[4722211.583483573,2690857.227270855],[4721378.819656024,2690790.577747139],[4720975.9770331355,2691119.1678760345],[4720908.532817845,2691333.3635969125],[4720657.318360703,2691651.2529746075],[4720468.044261949,2691688.439880806],[4720084.333007032,2691566.9089212264],[4719642.484368838,2691759.869912683]]]}},{"type":"Feature","properties":{"flugjahr":"2010","gebiet":"Steiermark"},"geometry":{"type":"Polygon","coordinates":[[[4694698.390907109,2697768.8197238985],[4695962.52093659,2697876.3300624145],[4695999.648216219,2697848.0674673487],[4695648.202845662,2697749.0620083697],[4695357.668744321,2697408.333993396],[4695131.551452083,2697539.044209579],[4694827.04988802,2697424.902117347],[4694514.819019335,2697486.5800285963],[4694698.390907109,2697768.8197238985]]]}},{"type":"Feature","properties":{"flugjahr":"2016","gebiet":"Ober\u00f6sterreich"},"geometry":{"type":"Polygon","coordinates":[[[4632492.645080461,2823206.436591478],[4607514.934342122,2822067.048707227],[4607072.317165493,2832055.112272881],[4681608.332123677,2835467.65932871],[4682015.490093443,2835284.0476116836],[4682154.553290588,2835354.3435640875],[4682507.122891474,2835316.080529849],[4682928.829438144,2835102.1416380974],[4682933.299405355,2835029.3416321143],[4683324.390238529,2834800.9825600316],[4683391.153034766,2834665.814416948],[4683517.955845837,2834636.353693767],[4683772.447589796,2834365.793464858],[4683790.745336842,2834177.9776944546],[4683669.058778706,2834046.713308683],[4683800.315465793,2833638.095473517],[4683975.232712116,2833535.8696840904],[4684459.773766878,2833494.2980739055],[4684519.441693966,2833324.916002386],[4684316.24864624,2832695.8252372644],[4684018.060961217,2832867.2084560045],[4683062.39395328,2832981.105954921],[4682393.2563048005,2832603.199614512],[4682304.32153123,2832453.8715382414],[4682359.269973322,2832034.0414623315],[4682075.548346926,2831852.593592454],[4682300.582742212,2831392.107604577],[4682295.97766913,2831219.1621072595],[4681796.088833988,2830963.8708851365],[4681575.313891262,2830613.4277723217],[4680625.24673149,2830373.4737443384],[4680808.820656618,2830203.5042587384],[4680978.333316636,2829763.1348805586],[4681229.653628968,2829630.968634296],[4681236.020381141,2829495.638090183],[4681415.8986004125,2829336.7442198056],[4681500.303009782,2829130.132330524],[4681465.174155587,2828972.2104993085],[4681545.536126196,2828729.734799438],[4681309.633608741,2828104.8194721946],[4681447.289191838,2827742.733188976],[4682001.317015767,2827453.6951095923],[4682425.596615004,2827480.7214943697],[4682740.384008005,2827240.951247232],[4683198.832503471,2827262.3580086203],[4683351.513210566,2827094.8648888683],[4683390.1320238,2826805.1662739073],[4684013.406935628,2826070.7575320546],[4632470.5195889855,2823705.952550296],[4632492.645080461,2823206.436591478]]]}},{"type":"Feature","properties":{"flugjahr":"2016","gebiet":"Ober\u00f6sterreich"},"geometry":{"type":"Polygon","coordinates":[[[4691697.005310481,2805907.8730053026],[4691831.225544545,2806087.055014996],[4691791.643370488,2806457.6794917053],[4691565.868344681,2806871.7298697834],[4691638.569793036,2807440.797338664],[4691506.417475048,2807821.145523078],[4691500.166043382,2808869.885349532],[4691639.290514212,2808881.758070269],[4692006.154288077,2805922.134709539],[4691697.005310481,2805907.8730053026]]]}},{"type":"Feature","properties":{"flugjahr":"2012","gebiet":"K\u00e4rnten"},"geometry":{"type":"Polygon","coordinates":[[[4532456.540696823,2665796.9273274587],[4531637.801259733,2666740.266997746],[4528325.683059097,2669255.50981614],[4526246.825160812,2670623.629067732],[4524505.4949745145,2671266.866652156],[4526247.20594289,2670624.0550306602],[4528325.93472375,2669255.932891898],[4531636.870532506,2666741.4944448723],[4531932.60733675,2666424.116140021],[4532456.540696823,2665796.9273274587]]]}},{"type":"Feature","properties":{"flugjahr":"2007","gebiet":"Salzburg"},"geometry":{"type":"Polygon","coordinates":[[[4511205.793743516,2677654.185866458],[4511097.455171579,2680149.867877544],[4513596.664601785,2680261.1001314563],[4513705.018269703,2677765.328148469],[4511205.793743516,2677654.185866458]]]}},{"type":"Feature","properties":{"flugjahr":"2019","gebiet":"Salzburg"},"geometry":{"type":"Polygon","coordinates":[[[4579361.57234803,2745841.599839661],[4579177.9502867935,2744699.5912542054],[4579331.578372415,2744385.1680122246],[4579063.544766977,2743530.9551453996],[4579101.263758042,2743329.460908142],[4578860.849425745,2743018.08976856],[4578928.359312069,2742685.9055425413],[4578776.749704234,2742259.108566054],[4578789.327848774,2742086.48291343],[4581878.876016131,2740637.9991473486],[4582605.81311778,2740443.453738816],[4583470.066799424,2740565.6842845846],[4584077.471817554,2740441.534312746],[4584137.502781912,2740302.094167337],[4583950.583490982,2740138.916598197],[4584132.679821609,2740031.9068282223],[4584490.70484949,2740036.195231354],[4584609.971532715,2740179.1014762744],[4585244.054716868,2740182.9377600094],[4585598.750410769,2739997.2086410737],[4585944.154280881,2740088.513303709],[4587299.129178774,2739751.157792451],[4587493.108640513,2739785.9926619586],[4587349.101731947,2739385.163146903],[4587380.635069946,2739190.6168394056],[4587275.788736206,2739099.6251313887],[4587186.980083642,2738737.1933252867],[4587210.693837016,2738518.246116996],[4587042.667314625,2738392.1425752565],[4586973.293254243,2738225.9022710524],[4586666.344136592,2738007.251588014],[4586447.120157424,2737641.994382327],[4586338.9265150335,2737309.716021529],[4586358.826943223,2736423.204511599],[4586287.807593814,2736236.483776782],[4586014.753429012,2735980.584631562],[4585570.347464804,2735860.39176549],[4585147.380699893,2735381.0987875927],[4584736.767716586,2735574.603591204],[4584553.1514560245,2735442.409656762],[4584332.86728484,2734989.4561178456],[4583968.340128785,2734646.33213599],[4584033.900961978,2733504.5817112355],[4583780.76448602,2732790.9193337313],[4583345.242952132,2732030.051276655],[4583413.997804998,2731784.4430882195],[4583301.834253661,2731583.5909030954],[4582969.828908232,2731391.7725825524],[4582982.337338003,2731083.690563329],[4583140.270237382,2730685.2978141764],[4583421.452508106,2730417.3372125896],[4583822.135663101,2730399.50242671],[4583983.191804621,2730465.720147458],[4584331.84984418,2730277.724311691],[4584508.280618406,2730289.700466511],[4585017.784403067,2730674.3348244587],[4585175.177204758,2730664.473848215],[4585604.5176553065,2730232.411250128],[4585574.9521146715,2729903.449062592],[4585731.839800875,2729779.6961045163],[4586013.71233524,2729051.2983880285],[4585722.838069433,2728514.9428255083],[4585595.550046177,2728509.1852337844],[4585510.680519242,2728327.5727192275],[4585298.262893879,2728187.8761971663],[4585273.052952639,2727989.451929689],[4584732.495328774,2727041.5598636265],[4584768.778129704,2726602.8922088314],[4584679.381510116,2726382.344497877],[4584857.014107328,2725566.2177268467],[4584748.806117867,2724954.909767853],[4584289.738434714,2724838.6945589893],[4583698.183885131,2724354.126745792],[4582793.697830806,2723321.3583742627],[4582983.633758691,2722892.3960789647],[4583062.934439207,2722420.92844917],[4583279.191909811,2722263.5431372016],[4583205.733878454,2722060.0999346646],[4583355.775945363,2721644.8889065688],[4583276.157035485,2721238.8417202574],[4582955.574066313,2721036.558897067],[4582945.039915662,2720885.450881538],[4561945.051566557,2719938.0992293744],[4562163.4054443585,2714945.954047952],[4564662.112795085,2715058.467194996],[4564771.246694822,2712562.3848842927],[4567269.964929777,2712674.9332929896],[4567815.331526444,2700193.731709117],[4560317.924927164,2699856.4015241866],[4559882.915077986,2709840.399543252],[4557383.164958646,2709727.9719352145],[4556946.699169957,2719713.2131094555],[4550124.303783373,2719406.573643397],[4550157.396416646,2719956.258873589],[4550687.308584117,2720427.321441944],[4550911.239064064,2720759.1996968035],[4550929.249171486,2721048.2285833796],[4550900.943607705,2721165.680421709],[4550586.071167148,2721324.0227787825],[4550155.479875436,2721909.049207258],[4550156.4944640435,2722069.3873048327],[4549880.671532344,2722394.0029812846],[4549756.226305407,2722747.7432476995],[4549796.072508072,2722931.2481716834],[4549981.703155102,2723105.8142519435],[4549879.036276453,2723620.6429627286],[4549968.300956359,2723718.082412095],[4550777.483672409,2723982.821235913],[4551609.101202902,2724137.6242805966],[4551830.413478756,2724099.866002432],[4551923.603520289,2724167.6098708706],[4551926.617797884,2724420.9142933395],[4551694.394404883,2724551.202872827],[4551379.794103483,2724986.1718116654],[4551229.552570611,2725712.0342324334],[4551378.084380908,2725937.248402647],[4551797.37458636,2726206.881460102],[4551880.132782142,2726772.0305679403],[4552311.9445165675,2727258.7330851965],[4552520.347561007,2727738.649112684],[4552860.977501983,2727964.232925565],[4553605.894452412,2728805.4263361963],[4553760.532107587,2729652.2737855576],[4553541.142532279,2730204.9577042377],[4553250.687295389,2730417.4426091923],[4553033.709751971,2730787.10151481],[4552925.958434229,2731149.187118596],[4553008.368169705,2731493.8456571493],[4552681.090457251,2732027.9463340337],[4552840.847080935,2732035.1182818413],[4552970.9750031065,2731840.4486078727],[4559108.93410783,2732116.5675995494],[4558872.737589754,2737508.4950371543],[4556374.274748387,2737396.022105814],[4555844.77261333,2749478.618767242],[4569054.696911472,2750074.067733219],[4569118.255443073,2749914.9681937033],[4569376.8734636605,2749878.3973147944],[4569845.036476879,2749981.52843245],[4569908.591442697,2749911.575308314],[4570823.701047991,2749993.7833359735],[4571041.298401463,2750070.7760476004],[4571245.279681643,2750001.6640654607],[4571440.849191427,2750076.4949295064],[4571593.22442705,2750037.8131256085],[4571793.519482685,2750156.664287109],[4572033.243735748,2749725.2145725535],[4573155.627341735,2749290.0580572975],[4573398.334160819,2748946.2341138204],[4573780.99422928,2748796.349415762],[4573868.5384270605,2748680.2862702818],[4574819.81850406,2748394.054512796],[4574819.174519147,2748273.029963297],[4574980.368988364,2748116.891183623],[4575385.465973712,2748221.072470041],[4575378.923889321,2748333.5939627066],[4575475.352142674,2748341.751649797],[4575652.34087225,2748615.3962406274],[4575901.086675042,2748762.2437830744],[4576159.150514024,2748735.9510320416],[4576298.3609899795,2748633.073310405],[4577116.0733984765,2748716.5670298263],[4577513.645211879,2748830.5634306767],[4577628.817017346,2748997.4414817896],[4578102.262012141,2749000.8862055074],[4578175.652094209,2748896.7534338776],[4578386.683556418,2748933.9597557373],[4578899.53291673,2749203.9657978574],[4579238.153646454,2749198.1920896713],[4579574.43062816,2749433.496518122],[4579879.456788046,2749297.093195645],[4580424.5599340275,2749424.5269038766],[4580600.148609318,2749316.838128352],[4580757.822578441,2749465.010239525],[4581380.285842003,2749268.6457397016],[4581559.469312723,2749130.7681732345],[4581921.936752773,2749261.3743436174],[4581896.452746844,2749118.558044925],[4582027.648952369,2749004.49256194],[4582119.091851447,2748257.7327675093],[4582232.876375009,2748065.6441957126],[4582561.194844282,2747900.634859889],[4582729.115162838,2748148.4165437906],[4582908.199604742,2748231.1722326106],[4583208.2886713855,2747937.3883151943],[4583545.452707794,2747977.8816662757],[4583815.24305717,2748114.7627388956],[4583952.311835151,2748334.313388486],[4583941.081246127,2748636.1615788443],[4584076.597336355,2748840.184617845],[4584447.974282225,2748752.331769701],[4584840.386351181,2748949.9653480756],[4585461.697675521,2748913.4569882406],[4585286.444650202,2748483.2654463835],[4585449.930876622,2748516.7589084688],[4585633.550017979,2748336.5981394374],[4585825.614882169,2747918.8272796576],[4586205.575847731,2747402.001250194],[4586011.974030927,2746615.695619297],[4585381.177758267,2746356.1226052623],[4585174.488944305,2746374.217304538],[4584523.81714389,2746085.8161030835],[4584242.420528832,2746310.310353069],[4583985.887748868,2746259.637471644],[4583776.135446622,2746315.956217833],[4583405.429978358,2746490.8173875804],[4583273.848336671,2746685.5403393167],[4582324.262700219,2747111.0309046786],[4582185.93330587,2747041.0621019267],[4581710.602430925,2747093.454469667],[4581213.737888922,2747443.6224408695],[4580710.640067252,2747478.752111865],[4580189.715398084,2746541.130975203],[4579361.57234803,2745841.599839661]]]}},{"type":"Feature","properties":{"flugjahr":"2010","gebiet":"Salzburg"},"geometry":{"type":"Polygon","coordinates":[[[4567706.3195195,2702689.6796029173],[4567269.985191568,2712674.469728727],[4569769.01473242,2712787.0669464516],[4569659.83262593,2715283.3116431898],[4574657.315225777,2715508.638071894],[4574548.078884581,2718004.8912551855],[4567051.804045188,2717666.933564085],[4566942.542454705,2720163.1579884025],[4581934.918207445,2720839.7739156927],[4582087.982031465,2717344.939811967],[4583337.31637333,2717401.4390417556],[4583381.061048202,2716402.9291136647],[4584630.390713052,2716459.4284209074],[4584761.601672135,2713463.8919559075],[4579764.057954969,2713238.046240296],[4580091.760822668,2705749.3059269674],[4575094.102527522,2705523.7283128346],[4575203.207953947,2703027.613885356],[4570205.411078643,2702802.2396925474],[4569987.273740537,2707794.599676014],[4567488.396561287,2707682.0210613087],[4567706.3195195,2702689.6796029173]]]}},{"type":"Feature","properties":{"flugjahr":"2017","gebiet":"Salzburg"},"geometry":{"type":"Polygon","coordinates":[[[4521114.186155968,2708071.2211149125],[4537392.47210427,2708831.5068341633],[4537501.368167383,2706335.410660799],[4540000.312548467,2706447.306633576],[4540218.034067588,2701455.2215030747],[4537719.024126556,2701343.3377237436],[4538045.304781025,2693855.3325624904],[4550540.476133292,2694415.2278609443],[4550866.795921812,2686927.4082369446],[4498385.002765209,2684586.3212602413],[4498493.323077679,2682090.664428753],[4488496.676712121,2681647.6706589735],[4488604.856761487,2679152.1544655077],[4479544.527366924,2678751.657923093],[4479512.999626897,2678881.4523105305],[4479750.225080022,2679298.701834025],[4479578.90975472,2679589.052560463],[4479517.433593815,2679992.520387455],[4479907.542072045,2680570.5953987096],[4480281.620806945,2681370.995025947],[4480392.560873955,2682020.6007940695],[4480872.153037515,2682491.8304601284],[4481174.188082765,2682917.8868053216],[4481232.1725626765,2683222.296407431],[4480571.143735392,2684666.517634432],[4480497.5267435955,2685011.8943603924],[4480216.788161768,2685264.6237990116],[4479565.88033646,2685405.826186034],[4479032.348422375,2685960.6188485767],[4478778.789387385,2686108.6266505695],[4478707.393938502,2686670.2169076703],[4478740.47690537,2686936.241461309],[4478944.007646258,2687329.765176041],[4479279.788203781,2687607.0918142293],[4479515.415732334,2687636.582915564],[4479734.016567745,2687814.409108361],[4479906.10943611,2688352.6997404327],[4480131.9771296475,2688609.7655794397],[4480414.281052643,2688773.4254685096],[4480460.3769190535,2689210.8531917036],[4480879.892235432,2689800.8296720046],[4481130.079153586,2689839.3140297006],[4481571.786319691,2689644.8061236585],[4481906.676713698,2689252.6302689873],[4481981.561733689,2689033.9432009566],[4482466.963992028,2688767.5782881184],[4482518.836782356,2688561.8707883847],[4482695.4762672065,2688373.818567028],[4483310.754607833,2688110.021740908],[4483488.657436121,2688184.790900114],[4483775.01683535,2688527.607793751],[4484284.45500197,2688811.6796627096],[4484544.55295645,2689190.2978514982],[4485032.861415774,2689408.617531086],[4485126.140045434,2689750.7522723707],[4485200.649582321,2689780.6100322884],[4485947.6295890985,2689546.4611646803],[4486736.781892967,2689613.1190099255],[4487009.376759793,2689414.3156393683],[4487229.937744378,2689374.153772484],[4487202.844409729,2688775.016529099],[4487609.154895089,2688843.726950082],[4488784.271435355,2689483.792159042],[4489091.010335384,2689574.174286394],[4489461.414282911,2689537.142299822],[4489933.126920715,2689274.4443198396],[4490243.907559932,2689199.0143735157],[4491454.837860894,2689456.6390793137],[4492270.155984923,2689345.1631406955],[4492618.178360232,2689393.001131257],[4493155.121926368,2689708.704114283],[4494871.772960311,2691818.557836731],[4495201.723484944,2692101.114181715],[4495524.25968083,2692218.7488418827],[4496332.709025556,2692081.5318875434],[4496909.163110661,2692162.05788463],[4497218.1046869,2692123.942658468],[4498466.015195702,2691428.853232232],[4499116.191239052,2691290.3692748975],[4499633.336726278,2690969.3145625615],[4500364.235468007,2690661.476185533],[4500653.815460247,2690615.477588481],[4501928.37593058,2691039.530769489],[4502919.521220445,2690910.687787964],[4503669.242171168,2691019.4722150434],[4504267.0013228785,2691470.5669457163],[4504722.605277852,2692139.019895439],[4505548.295094105,2692532.1340973703],[4506466.023151918,2692497.28152862],[4507723.370406947,2692238.8852391457],[4508178.037355159,2692316.647459321],[4509036.196416505,2692774.432113183],[4509671.793091803,2693639.6575483647],[4510273.41454834,2694040.567236522],[4510521.415670772,2694403.6114874403],[4510783.502268583,2695420.2138970234],[4510771.209566631,2696208.195696267],[4510583.787337164,2696600.095316914],[4510005.182725824,2697143.2035814254],[4509760.608136689,2697744.4404656803],[4509720.381156602,2698038.469674924],[4509871.438668473,2698510.801638824],[4510408.262658369,2699018.5910757952],[4510712.975030785,2699502.255045004],[4511102.547726002,2699758.0965788327],[4511720.164028949,2699807.954821277],[4512421.4766271515,2699980.9007998235],[4513779.668111263,2700530.717222132],[4514124.370103938,2700518.5376305003],[4515025.856275076,2700194.523072605],[4515564.344286694,2700126.9024462397],[4516010.762890953,2700178.9481725073],[4516303.36614222,2700319.804953134],[4517198.842074598,2701212.8504172885],[4517603.027206889,2701990.0801043855],[4518093.788757654,2702607.9435567996],[4518509.3166729575,2702863.233741721],[4519238.2247780645,2703065.8415238955],[4519737.634112682,2703558.412824222],[4520157.088819945,2704737.6240631347],[4520914.210216256,2705839.0298323673],[4520996.630291287,2706653.2512945253],[4520902.234003875,2707159.1724516326],[4520926.402241807,2707605.919318037],[4521114.186155968,2708071.2211149125]]]}},{"type":"Feature","properties":{"flugjahr":"2007","gebiet":"Salzburg"},"geometry":{"type":"Polygon","coordinates":[[[4513705.018269703,2677765.328148469],[4516204.243375773,2677876.5130507825],[4516095.867330584,2680372.2688989476],[4521094.2483991645,2680594.910650234],[4521202.675815996,2678099.1428780546],[4518703.46570796,2677987.792104617],[4518811.832824919,2675492.0966453054],[4513813.338984579,2675269.624886289],[4513705.018269703,2677765.328148469]]]}},{"type":"Feature","properties":{"flugjahr":"2009","gebiet":"Salzburg"},"geometry":{"type":"Polygon","coordinates":[[[4537936.572422757,2696351.323438884],[4542934.640954352,2696575.1510377815],[4543043.370096911,2694079.1443131045],[4538045.304781025,2693855.3325624904],[4537936.572422757,2696351.323438884]]]}},{"type":"Feature","properties":{"flugjahr":"2009","gebiet":"Salzburg"},"geometry":{"type":"Polygon","coordinates":[[[4575203.207953947,2703027.613885356],[4575312.275061342,2700531.4503787505],[4572813.385885506,2700418.7621187763],[4572704.337173926,2702914.9177939836],[4575203.207953947,2703027.613885356]]]}},{"type":"Feature","properties":{"flugjahr":"2009","gebiet":"Salzburg"},"geometry":{"type":"Polygon","coordinates":[[[4523593.434042093,2680706.3006919874],[4511097.455171579,2680149.867877544],[4511205.793743516,2677654.185866458],[4508706.567757095,2677543.040976904],[4508489.94173141,2682534.4922303967],[4505990.759189529,2682423.4348125895],[4505882.417855627,2684919.213278247],[4523376.453456763,2685697.8285992504],[4523593.434042093,2680706.3006919874]]]}},{"type":"Feature","properties":{"flugjahr":"2017","gebiet":"Nieder\u00f6sterreich"},"geometry":{"type":"Polygon","coordinates":[[[4741045.324990694,2823144.885348494],[4742715.363872034,2803215.41700312],[4741469.902226329,2803108.6805497804],[4741720.168350604,2800119.46525013],[4740474.662656665,2800012.745882531],[4741308.13582789,2790048.7576312227],[4737571.577441654,2789728.879722172],[4738154.365208157,2782754.816637097],[4713243.00715212,2780625.4078662456],[4709910.640477108,2820477.043787467],[4741045.324990694,2823144.885348494]]]}},{"type":"Feature","properties":{"flugjahr":"2018","gebiet":"Nieder\u00f6sterreich"},"geometry":{"type":"Polygon","coordinates":[[[4709910.640477108,2820477.043787467],[4707402.541568915,2850368.20589912],[4737288.980031459,2852931.6045294525],[4739381.239074934,2828025.28238151],[4740627.649044965,2828126.8539303145],[4741045.324990694,2823144.885348494],[4709910.640477108,2820477.043787467]]]}},{"type":"Feature","properties":{"flugjahr":"2019","gebiet":"Nieder\u00f6sterreich"},"geometry":{"type":"Polygon","coordinates":[[[4707402.541568915,2850368.20589912],[4710745.328359628,2810514.3831041176],[4691500.166043382,2808869.885349532],[4691362.813469224,2809242.2659627255],[4691189.100205798,2810574.854480354],[4690991.291656629,2811035.254163849],[4691076.551057052,2811704.0304025016],[4690936.714607131,2812502.557252813],[4691020.484290669,2812958.0146246315],[4690851.652985946,2813374.716148569],[4690610.524873466,2813549.7650887948],[4690499.401979643,2813750.8633759413],[4690232.5187860215,2813852.6165874717],[4689927.6720609525,2813862.518774313],[4689671.003589754,2813735.480040334],[4688657.403079112,2813986.8382182918],[4688173.915263685,2813849.284816405],[4687905.794942268,2813642.618271506],[4687790.497996288,2813668.3117328635],[4687992.358942277,2814371.519690553],[4687980.0287829265,2814647.287696501],[4688113.908487799,2815056.9906910486],[4688255.1954205725,2815166.667714734],[4688336.281371763,2815368.6715739546],[4688174.244667242,2815879.8000507373],[4688268.487858026,2816190.5474870806],[4688186.551763119,2816500.135874762],[4688306.217608076,2816734.9670830998],[4688209.171029217,2817001.8034608793],[4688285.106319667,2817184.5456078583],[4688239.581801661,2817665.0327854147],[4688341.039146948,2818284.4995000297],[4688502.812004874,2818652.4492123886],[4688514.947180847,2818918.3432329856],[4688855.9959986545,2819419.76072587],[4688900.850679543,2819715.20712805],[4688825.344233781,2820685.930081334],[4688667.854373064,2820915.9237648733],[4688014.057610811,2821251.0358645795],[4687594.266009309,2821144.4570020107],[4687215.8793871505,2821455.316419041],[4686464.955870307,2821610.7367261266],[4686749.488170122,2821853.2115915874],[4687040.380622916,2822356.30492085],[4687397.406835376,2822612.154828638],[4687530.870649872,2823321.2073832056],[4687481.220302891,2823580.225723392],[4687331.652888091,2823700.4479561453],[4687014.054256547,2823704.746143946],[4686913.876845393,2823795.217085043],[4687004.832431974,2823977.652564465],[4686985.337198616,2824166.9811977306],[4686541.777376961,2824681.0656903535],[4686126.021285015,2824797.9491692367],[4685697.111106129,2824739.008623244],[4685123.067024582,2825238.0272548366],[4684750.23394559,2825223.746618535],[4684646.070419553,2825582.361943521],[4684366.158662186,2826087.021028069],[4684013.406935628,2826070.7575320546],[4683390.1320238,2826805.1662739073],[4683351.513210566,2827094.8648888683],[4683198.832503471,2827262.3580086203],[4682740.384008005,2827240.951247232],[4682425.596615004,2827480.7214943697],[4682001.317015767,2827453.6951095923],[4681447.289191838,2827742.733188976],[4681309.633608741,2828104.8194721946],[4681545.536126196,2828729.734799438],[4681465.174155587,2828972.2104993085],[4681500.303009782,2829130.132330524],[4681415.8986004125,2829336.7442198056],[4681236.020381141,2829495.638090183],[4681229.653628968,2829630.968634296],[4680978.333316636,2829763.1348805586],[4680808.820656618,2830203.5042587384],[4680628.141957673,2830358.5251652882],[4681575.313891262,2830613.4277723217],[4681796.088833988,2830963.8708851365],[4682295.97766913,2831219.1621072595],[4682300.582742212,2831392.107604577],[4682075.548346926,2831852.593592454],[4682359.269973322,2832034.0414623315],[4682304.32153123,2832453.8715382414],[4682393.2563048005,2832603.199614512],[4683062.39395328,2832981.105954921],[4684018.060961217,2832867.2084560045],[4684316.24864624,2832695.8252372644],[4684519.441693966,2833324.916002386],[4684459.773766878,2833494.2980739055],[4683975.232712116,2833535.8696840904],[4683800.315465793,2833638.095473517],[4683669.058778706,2834046.713308683],[4683811.323415848,2834246.34115205],[4683721.523555708,2834441.8575060884],[4683391.153034766,2834665.814416948],[4683324.390238529,2834800.9825600316],[4682933.299405355,2835029.3416321143],[4682928.829438144,2835102.1416380974],[4682507.122891474,2835316.080529849],[4682154.553290588,2835354.3435640875],[4682015.490093443,2835284.0476116836],[4681621.33055693,2835457.445044331],[4681411.465820722,2835662.235083616],[4681054.863236092,2835720.1613227446],[4680303.595770177,2835599.6892300434],[4679819.427222356,2835750.1965801404],[4679472.721592531,2835709.239609001],[4679009.082235539,2835866.684819284],[4678669.707786036,2835823.786010465],[4678640.793349884,2835948.567111252],[4678814.585310258,2836052.346205253],[4678814.933998479,2836177.497217919],[4678976.371242039,2836353.826802836],[4678959.565352554,2836457.5350201502],[4678200.332759625,2837104.173351668],[4678118.430736675,2837314.004336163],[4677565.715075883,2837641.9624286112],[4677182.932772999,2837719.3961352785],[4676660.231475204,2837667.9610771406],[4676262.376211828,2837789.340991157],[4676143.428572664,2837914.5522995857],[4676119.698356021,2838224.7473120764],[4675766.992837931,2838520.4444802925],[4675515.590475482,2838558.865335674],[4675200.198008833,2838452.9078376205],[4674821.100449809,2838561.058934883],[4674580.943243377,2838811.124665406],[4674249.637253015,2838666.623875833],[4673890.517328674,2838877.2941709543],[4673547.116071013,2838717.7660526116],[4673346.909038089,2838329.7958614454],[4673221.67720315,2838290.470184555],[4672872.238611231,2838416.291205052],[4672714.5157351615,2838568.6158019044],[4672605.992436952,2838898.443041775],[4672405.478900902,2839163.2952779434],[4672034.917738523,2839159.7831420996],[4671770.555759445,2839096.075914768],[4671721.92112401,2839001.343363348],[4671428.472516587,2838988.75561194],[4671298.60791344,2838657.1645061756],[4671124.11633604,2838493.0110822143],[4670992.372462516,2838483.923082864],[4670974.94632593,2838265.615801039],[4671100.046014433,2837967.8263884904],[4671029.225776086,2837788.3646231373],[4670754.394628696,2837699.9199781455],[4670514.815774687,2837823.802049297],[4670611.700637192,2838257.1903394223],[4670120.415656434,2838587.274240159],[4670035.626933351,2838803.269849921],[4669579.5923711825,2838806.6365981326],[4669329.408866831,2839175.839624256],[4669292.812528261,2839641.88199935],[4668969.68769933,2839900.347183359],[4668533.47369747,2840584.0773654534],[4668124.726004556,2840716.827887499],[4667892.8306964,2840604.905807626],[4667034.846087142,2840697.465404195],[4666920.581095868,2840807.4981021406],[4666972.492112573,2841206.1586803147],[4666713.507847202,2841180.841666602],[4666371.0841247225,2840894.0401356947],[4665959.644526862,2840905.018043963],[4665980.986863316,2841214.768100345],[4666979.85285619,2841332.4666889478],[4667923.981367043,2841859.978113199],[4668188.491050522,2842414.788139024],[4668690.697736779,2843142.0629671114],[4668674.019155146,2843818.259356804],[4668344.096285024,2845147.8137498493],[4668494.064208,2846058.8860858697],[4668509.043262894,2847042.1860352075],[4707402.541568915,2850368.20589912]]]}},{"type":"Feature","properties":{"flugjahr":"2017","gebiet":"Steiermark","bemerkung":"2023 DSM Stand 2017 neu eingespielt"},"geometry":{"type":"Polygon","coordinates":[[[4634460.6823098045,2722372.020772345],[4632463.844075316,2722211.1300470345],[4632346.968854121,2723995.1538323318],[4632884.0157466205,2724236.4026886136],[4633213.187297463,2724641.0003113723],[4634022.015565778,2724691.0224186815],[4634264.432512803,2724799.267896682],[4634380.17818376,2724943.299333226],[4634829.409088939,2725045.132280564],[4634884.073299528,2723735.7048075465],[4634372.815097152,2723712.9032658054],[4634460.6823098045,2722372.020772345]]]}},{"type":"Feature","properties":{"flugjahr":"2010","gebiet":"Salzburg"},"geometry":{"type":"Polygon","coordinates":[[[4514825.611765749,2728539.898910799],[4514979.680998193,2729407.207080108],[4515419.522548231,2730357.56650277],[4516420.951997383,2730402.2744319467],[4516355.582671217,2731898.9387132474],[4516502.382059474,2732338.133536454],[4516867.080534421,2732520.4982658694],[4517600.2175913835,2732405.10060452],[4517837.144341942,2732485.732067627],[4517998.206731925,2732661.949026013],[4518600.511245631,2732847.4131962927],[4519262.118166153,2732388.724061788],[4519540.039364574,2732570.367336075],[4519790.504966046,2732590.5203028675],[4520097.097031234,2732371.0650706743],[4520315.049837169,2732443.5704153418],[4520441.221367588,2732621.0871780165],[4520469.782064554,2732829.208709657],[4520727.566837192,2733095.716840012],[4523808.284981561,2733233.5046321955],[4523796.715646683,2733498.181958756],[4524229.5650413595,2733589.9862375725],[4524637.167913187,2733264.3365493584],[4525001.847219056,2733095.5486492203],[4525441.546015172,2733304.5196629805],[4526289.289833121,2733502.701373293],[4526864.239532842,2733157.649372722],[4527297.103037563,2733073.6183290165],[4527771.132642723,2732607.229330638],[4527834.749681575,2732400.392694412],[4528086.768236154,2732223.9236635044],[4528206.783070852,2731980.5072917417],[4528289.48654689,2731963.7021863717],[4528462.808869839,2732142.8848657026],[4528700.128285526,2732218.2065857113],[4529262.788034604,2732106.719788362],[4529668.915872424,2732809.164549991],[4529853.671334231,2732982.096452264],[4530000.665951119,2732977.1615800457],[4530299.947774143,2732580.2576545663],[4530147.882302327,2732008.798662943],[4529895.023920867,2731613.71522603],[4529901.226840461,2731316.580738753],[4529209.530533131,2730720.595432597],[4529002.919971418,2730610.348000273],[4528572.532706235,2730578.7981679635],[4528465.904433221,2730346.7005786207],[4528933.954267087,2729918.4177815737],[4529020.654456441,2729583.854864502],[4529360.412807679,2729327.489633872],[4529499.652113511,2729026.850606456],[4530157.4690396935,2728415.802352545],[4530800.462475108,2728498.885430771],[4531411.122644794,2727912.087635951],[4531636.795066492,2727819.512296614],[4531703.994630297,2727636.6691806805],[4532478.651417398,2727214.1333068954],[4533577.038396192,2726152.2771576075],[4533455.065327501,2725759.5552562354],[4533355.291797544,2725683.7997504645],[4532625.011663432,2725871.688980885],[4532209.181071744,2725715.9242545287],[4532008.364468371,2725496.773986682],[4531922.291972095,2725187.2790500214],[4531634.109465462,2725119.7460779347],[4531499.715522403,2724806.82998963],[4531241.021130967,2724672.9863769473],[4531182.052055112,2724435.079368868],[4531455.858472552,2724012.7306137374],[4531446.276295015,2723842.1690532165],[4531281.025010248,2723564.3119105767],[4530871.88689153,2723291.6819076254],[4530824.419204649,2723084.5916777076],[4530586.341669701,2722875.6140874894],[4530372.513638998,2722277.9285704438],[4530445.5025511095,2721883.0359095675],[4530713.842218115,2721310.321638612],[4531112.873571675,2720968.3473228095],[4531337.6260319995,2720873.5780026065],[4531512.732253067,2720015.259923823],[4531910.805381459,2719693.0203376208],[4532067.806454493,2716096.012655891],[4534566.694594318,2716207.889266612],[4534457.706660244,2718704.0350157134],[4535642.893081161,2718757.1033119652],[4535665.647658779,2718490.0961926198],[4535802.400239477,2718320.8497788603],[4535830.982168833,2717464.048181057],[4535912.831053581,2717280.855326569],[4536120.64756936,2717188.69030989],[4536354.116124738,2716930.1791351996],[4536583.838435277,2717038.2766892733],[4536761.476628886,2717029.3708525263],[4537061.345570564,2716619.82725335],[4537360.322724054,2716614.509399926],[4538014.322863715,2716425.6195438],[4538294.056687808,2716249.2782944767],[4538533.013638692,2715960.0185241136],[4538584.992962644,2715315.63627302],[4540054.375279137,2713952.6529440796],[4537174.583571212,2713823.6793662794],[4537283.546231051,2711327.5837619775],[4539782.496579344,2711439.4626469063],[4539891.416775974,2708943.38223607],[4544889.296969154,2709167.386571618],[4544998.215205029,2706671.2923862343],[4547497.1232145205,2706783.365464018],[4547714.9484146815,2701791.2210470554],[4550213.914871704,2701903.333430672],[4550322.779108595,2699407.297874942],[4552821.758612539,2699519.4649373377],[4552930.641213814,2697023.4320470057],[4550431.637906327,2696911.278399677],[4550540.476133292,2694415.2278609443],[4546791.939447691,2694247.1365048666],[4545542.429759438,2694191.1413847567],[4545324.821606387,2699183.1380756763],[4542825.856704878,2699071.1521012457],[4542934.640954352,2696575.1510377815],[4537936.572422757,2696351.323438884],[4537719.024126556,2701343.3377237436],[4540218.034067588,2701455.2215030747],[4540000.312548467,2706447.306633576],[4537501.368167383,2706335.410660799],[4537392.47210427,2708831.5068341633],[4529895.531982362,2708496.040563058],[4529786.714755577,2710992.0760096256],[4527287.765946861,2710880.3827047213],[4527178.900409696,2713376.4002909116],[4524679.988675772,2713264.703311233],[4524696.041576189,2712896.5916583063],[4523968.767980622,2713211.7185442825],[4523368.53528534,2713722.047684728],[4523152.131179556,2714007.0859218324],[4522901.58083134,2714665.9793824167],[4522400.555175096,2715084.60674142],[4522211.851077842,2715372.283541196],[4521814.28075676,2716785.0550723653],[4521813.440733573,2717359.2706199656],[4521723.220930677,2717670.6878116196],[4521528.169560079,2717929.7101249024],[4521021.238527016,2718319.6641454278],[4520836.066788664,2718777.110108408],[4520909.524396281,2719239.669404897],[4521422.767349602,2720074.0059855715],[4521616.0077811135,2720567.3560642935],[4522514.6155058695,2721581.6666511577],[4522591.846496311,2722014.190476987],[4522469.227926155,2722413.0570566417],[4521164.166850854,2723778.7676100936],[4520062.629106247,2724330.617944164],[4519389.792004408,2724461.9677437204],[4518372.706717455,2724819.482913635],[4517827.322758438,2724885.5138328383],[4516961.699592215,2725180.178519961],[4515932.317672911,2725357.488075832],[4515603.854401056,2725528.4209897527],[4515372.28689422,2725817.1207721606],[4515276.851490809,2726174.672827696],[4515496.677460137,2727556.3720527655],[4515478.68095181,2727880.1567727886],[4515277.5430014385,2728265.211609479],[4514825.611765749,2728539.898910799]]]}},{"type":"Feature","properties":{"flugjahr":"2009","gebiet":"K\u00e4rnten"},"geometry":{"type":"Polygon","coordinates":[[[4690921.149572582,2633278.692884174],[4691665.733813048,2615947.3541986356],[4691217.6814161595,2615893.324337048],[4691193.136452392,2615634.853170573],[4691001.816754851,2615640.5374350734],[4690997.890768601,2615493.667503645],[4691018.31562473,2615343.931498821],[4691385.336083705,2615259.1245256052],[4691722.862377427,2614952.700692616],[4691303.471969397,2614576.317766492],[4691088.983633456,2614563.5443952037],[4691065.589121539,2614138.857373391],[4691277.503816064,2613875.2547308193],[4691092.121973373,2613569.9565829625],[4691074.886449587,2613280.493510008],[4681802.819557845,2612852.6873840354],[4680929.346801778,2632817.5186860785],[4690921.149572582,2633278.692884174]]]}},{"type":"Feature","properties":{"flugjahr":"2013","gebiet":"K\u00e4rnten"},"geometry":{"type":"Polygon","coordinates":[[[4701578.594850827,2642296.49334276],[4702396.625312343,2642272.1372782714],[4702587.6509048045,2642060.720578726],[4704139.0956335785,2641583.7346981526],[4704724.835532457,2641506.174041981],[4705006.442167441,2641298.2443308206],[4704794.666662619,2640299.270498144],[4704933.778518644,2639830.0390505767],[4705226.712999766,2639480.8874871475],[4705283.577870731,2639229.4063988426],[4705225.081405709,2638777.702078437],[4705515.310827802,2638204.4938351833],[4705706.6164846225,2637358.3264006684],[4705677.304267818,2636905.1833759723],[4705764.49419782,2636685.3585397075],[4705908.847070159,2635006.909104665],[4705737.0201584,2634453.238315306],[4705818.258763908,2633759.5889395373],[4705716.993920457,2632654.0159401647],[4705435.364723431,2632414.756403839],[4704692.055867189,2632375.7233182304],[4704347.019410715,2632085.8412104896],[4704483.124766594,2631347.044596409],[4705086.062695008,2630933.0634404807],[4705057.933183199,2630633.291460137],[4705187.468892028,2630327.0369641553],[4705891.762434089,2629673.446986089],[4707439.903653969,2629378.982531586],[4708188.347666586,2629032.2027000277],[4708056.869628037,2628720.91077635],[4707771.007974057,2628524.1285378966],[4706927.293124978,2628485.440660535],[4706825.174344443,2628325.4087239522],[4706411.484869179,2628134.418693712],[4706105.760185035,2627668.809922599],[4705105.48816908,2627143.1015721248],[4704810.46960357,2626442.98451594],[4704524.582461778,2626279.0678259195],[4704287.8835616475,2625753.5793323447],[4704005.128075401,2625486.2641278924],[4703883.033117021,2625182.2449512854],[4703601.974906331,2624862.099096885],[4703607.875962989,2624475.1721810587],[4703757.746534682,2624272.715702224],[4703680.886201779,2624046.253077173],[4703087.220736689,2623404.453611179],[4703121.084318835,2623168.1161432224],[4702958.649770228,2622857.503846789],[4702575.9989731945,2622582.987709733],[4702170.590466741,2623353.294698382],[4702038.544010072,2624312.18710442],[4701754.087714482,2625075.8334542303],[4701448.313576938,2625446.4100578916],[4700539.158048936,2625934.7236574665],[4700357.960550788,2625617.7620010786],[4700178.758426282,2625502.766908485],[4700230.03353995,2625460.788552433],[4699988.224623099,2625121.132824919],[4699665.169431305,2624813.9838967295],[4699562.965300134,2624536.199416156],[4699429.161439662,2624396.635395744],[4699199.2870204095,2624447.301872186],[4698965.579114994,2624003.625855326],[4698795.5505038425,2623880.8934085164],[4698541.345549053,2624293.7336489772],[4698115.913616212,2624453.585125719],[4697960.920637045,2623927.9139646683],[4698167.1546918405,2623357.331578387],[4698131.28896684,2622868.2005456435],[4698287.23715126,2622668.393949737],[4698253.450335728,2622500.2613154016],[4697995.3146584695,2622352.6992856995],[4697945.57200086,2622329.9132372974],[4697698.941009626,2622722.493714838],[4697524.643708396,2622795.1470029117],[4697517.32406789,2622563.632660241],[4697357.577343481,2622527.8334831707],[4697132.052833992,2622634.4563047104],[4696822.114204129,2622586.1178010707],[4696779.022694251,2622837.0952101615],[4696461.598066746,2623080.3128317175],[4696499.257129968,2623360.8516995646],[4696175.549316895,2623131.086655371],[4695645.8170112595,2623375.661276794],[4695400.112120844,2623368.330194112],[4695236.748334912,2623247.6190897343],[4694878.644773843,2623167.727216658],[4694936.78418535,2623008.7860946767],[4694823.290207789,2622835.678359345],[4694475.91801766,2622824.2317847954],[4694393.689165817,2622721.0967921587],[4694202.674090246,2622679.3101661745],[4693931.588395705,2622221.76089512],[4693950.808072598,2621908.0605623364],[4694037.262272152,2621794.5570419254],[4693866.807039382,2621104.6273343107],[4693609.682663974,2621152.8785139276],[4693243.81800206,2620934.9298366057],[4693253.517636996,2620332.9780709646],[4692974.468380117,2619846.67597589],[4692979.561325177,2619635.308926453],[4692688.954318657,2619526.1372277276],[4692427.717671911,2619264.1033083056],[4692378.287994754,2619042.2841754067],[4692132.371064944,2618703.8191545275],[4691986.335211641,2618163.267465097],[4692173.067750174,2617941.8498093244],[4691994.032103032,2617980.9284848836],[4691878.616503173,2617904.4806878953],[4691759.235302506,2617616.5418006703],[4692005.017033327,2617364.0905580604],[4692063.14872068,2617064.2405898087],[4691812.673546118,2616552.430324031],[4691841.372594206,2616401.807027237],[4691651.908697295,2616269.7509469353],[4690921.149572582,2633278.692884174],[4695917.680214902,2633511.4919641595],[4695042.483105006,2653474.989493915],[4690127.390763421,2653247.944383572],[4689012.1502903085,2655803.2131788703],[4683435.645087183,2658860.6013837396],[4681642.871238488,2657266.0403646836],[4686129.479525395,2653065.537636008],[4680052.752629615,2652783.3491403516],[4679451.71797725,2666492.9111278527],[4680804.962760051,2666868.9121350986],[4681572.7281898875,2668669.1192380884],[4682544.103397134,2669043.0156307663],[4683379.690476745,2669516.8613721156],[4686949.192453497,2669647.97124188],[4689440.551977251,2669339.8573039672],[4689727.589134692,2669099.132335748],[4689756.16097375,2668688.8790095365],[4691112.321286009,2668413.2668088363],[4691525.240580819,2668240.502694978],[4691884.859868908,2667970.486909822],[4692496.7624991285,2667088.695352232],[4692914.316184162,2666951.801726057],[4693827.2624378735,2666168.103386847],[4696720.847331692,2665389.814036088],[4698254.871228698,2664860.5966712427],[4698547.5716011785,2664597.445965227],[4698651.65171479,2664447.990335283],[4698663.169149479,2664163.9027017215],[4699015.196984623,2663698.6026739553],[4699164.99970964,2663111.1072917003],[4699684.621657634,2662409.665961025],[4699800.571659752,2661909.3533335514],[4700250.975179506,2661469.7795632193],[4700441.957517765,2661131.120676583],[4700600.865587003,2660537.0196810807],[4700881.119314088,2660221.6587119997],[4700876.749171984,2659886.1683402397],[4701540.0449160775,2659027.800540424],[4703094.871743601,2657627.618735294],[4703142.096423287,2654265.097369343],[4703033.107641609,2654017.786994552],[4702528.243564896,2653727.1307147625],[4702464.676039219,2653324.871184155],[4702537.599362699,2652870.855047938],[4702696.000886551,2652649.4260888193],[4702618.387426203,2651571.537795377],[4702673.130126388,2651120.7257558713],[4702798.323613276,2650708.195780382],[4703053.6001980705,2650323.3801620323],[4703369.410607825,2649222.5893726586],[4702547.759581329,2648359.462750608],[4701963.4583387105,2647940.6205236358],[4701737.070985119,2647440.321372333],[4701547.683239774,2647252.9302000958],[4701523.003315659,2646649.152488012],[4701360.280295832,2645823.1924929926],[4701031.92908827,2645412.744667718],[4700949.848765103,2645135.7501925672],[4700829.497103823,2644197.4753612564],[4700916.219107231,2643651.641706694],[4700722.113816201,2642916.303570901],[4700795.874286926,2642699.040498335],[4701088.900549063,2642499.1222968358],[4701578.594850827,2642296.49334276]]]}},{"type":"Feature","properties":{"flugjahr":"2016","gebiet":"Nieder\u00f6sterreich"},"geometry":{"type":"Polygon","coordinates":[[[4710744.328158245,2810513.69669372],[4713243.00715212,2780625.4078662456],[4683348.624214273,2778076.497158868],[4684178.743338938,2768115.126005253],[4676256.732645058,2767441.2476533065],[4676246.687747428,2767668.32976914],[4674985.791292641,2767610.2809597054],[4674341.478198437,2769345.469784302],[4669908.592026556,2769858.6221422693],[4667776.790099816,2771133.5608783597],[4664773.113763384,2772109.207247793],[4663018.408270416,2773828.6765804975],[4659683.27801855,2774362.070966477],[4658654.688834311,2775535.277580702],[4657013.560314597,2776756.6688139616],[4655567.354564003,2778231.0466627614],[4654397.974956908,2779138.4760268275],[4654215.440042259,2784190.5902110245],[4656144.52999958,2784847.7060681996],[4656411.815601902,2787773.779924079],[4655656.556400113,2791217.4102924187],[4655765.078592352,2798758.6595486794],[4656013.561467713,2799349.7699644323],[4656541.184012978,2799496.0161787877],[4660683.399192495,2799685.997864367],[4661151.285720243,2799503.9322670987],[4661827.67510869,2797968.85122572],[4663741.9531115685,2797126.0765711535],[4665179.172976427,2794995.295939681],[4666350.0217488045,2794743.9583150977],[4667477.712248417,2793056.6725915447],[4670640.789376115,2792957.934049206],[4671025.6894321805,2794055.3945145113],[4671163.780944347,2794202.707771371],[4671293.567180308,2794639.195913127],[4671247.354924611,2794959.948033018],[4671305.424554655,2795042.864324029],[4674111.441251314,2795232.931888908],[4681122.303898379,2797942.164342788],[4682420.254578616,2798646.0877583567],[4683460.52394501,2800572.1591672753],[4685649.6122905435,2802205.3361131544],[4687900.75476851,2801753.0799852572],[4688407.904103646,2801722.313596476],[4689260.0077863,2800069.593812145],[4689609.868963305,2799769.4217910706],[4690540.666317685,2799421.0865317257],[4690735.526319484,2799430.1221579676],[4690907.858877,2799607.321231078],[4690939.844482999,2800057.35227778],[4690795.004946355,2800228.854358831],[4690275.004832071,2800415.005647602],[4690447.784788385,2800627.2673326745],[4690464.12162535,2800822.2645580983],[4690351.565682919,2801033.313539352],[4690165.892734589,2801154.866425384],[4689986.020300859,2801626.631739598],[4690124.186099368,2801618.2577499156],[4692014.478077064,2805854.978184469],[4691639.290514212,2808881.758070269],[4710744.328158245,2810513.69669372]]]}},{"type":"Feature","properties":{"flugjahr":"2019","gebiet":"Burgenland"},"geometry":{"type":"Polygon","coordinates":[[[4802869.410434441,2778935.9263230762],[4803699.732542517,2779608.497486524],[4803993.020661649,2779338.371560253],[4804445.969975697,2779507.468876765],[4804686.58111981,2779429.58021417],[4805023.272966408,2779681.402298745],[4805096.226145899,2779993.8410547683],[4805368.245872023,2780103.0570722623],[4805571.843658748,2779963.9604962263],[4805960.422075537,2779941.5313368314],[4806143.64541312,2780006.494074858],[4806155.698985482,2779875.6226896695],[4806376.065274715,2779840.3843575814],[4806405.040186167,2779930.4205962364],[4806465.691448279,2779730.244049511],[4806582.203626055,2779713.1758257775],[4806480.761961648,2779835.5784041877],[4806600.022206711,2779928.1022707317],[4806808.782080177,2779980.3270464805],[4806912.291899985,2779896.216852927],[4806995.48708086,2779965.007936427],[4806889.509614828,2780029.05300705],[4807045.535046333,2780037.599357219],[4806968.70666489,2780099.3063480225],[4807152.033621654,2780102.2774617984],[4807097.805074629,2780335.1781803817],[4807347.823149624,2780255.964453134],[4807532.725575417,2780360.5757638616],[4807737.124174703,2780071.5007164385],[4807974.268063494,2779409.1740065278],[4808607.464699168,2778832.5543292277],[4808802.814741188,2778473.6512818933],[4809325.2050699005,2778055.021358394],[4809667.765411423,2777564.5909788795],[4809836.6150438525,2777457.5845533255],[4809869.411213175,2777324.6602523634],[4810263.619768345,2777028.33544769],[4810380.285589224,2777054.735635831],[4810394.668057417,2776846.167816876],[4810723.95771074,2776045.8046193467],[4811096.023676894,2775798.2322425763],[4811438.169464955,2775787.745125533],[4811586.199214758,2775662.5072641717],[4812033.945482154,2775177.1542106755],[4812132.112831485,2774960.1095383656],[4812093.901624208,2774621.9319355185],[4812200.6589769,2774383.0196908824],[4812408.208302561,2774470.3578060837],[4812696.445918751,2774744.8810948646],[4812846.561723556,2775033.26918538],[4813264.926539402,2776180.0416245963],[4814031.029520115,2776697.075499896],[4814660.295663193,2777796.2719859057],[4815594.440981899,2779163.6459919],[4816124.176752734,2779549.9054355007],[4816139.350814532,2779765.070390981],[4815896.35633333,2780640.744812662],[4816045.832588901,2781355.019716414],[4816524.07150232,2781429.5412052493],[4816878.579595344,2781667.4273821963],[4817418.268800296,2781874.7755890572],[4817307.654320449,2782592.2539579147],[4817413.595520274,2782838.227405805],[4817822.997443838,2783245.313504995],[4818268.107971501,2782805.584312945],[4818530.673230798,2783094.004938278],[4818847.077110589,2783251.463694528],[4819493.381640301,2783246.9199055433],[4819916.499006854,2783478.0323451823],[4820011.4270197945,2783737.373086552],[4820431.1737581035,2783828.409338166],[4820730.244370725,2784072.5988291525],[4820701.768715361,2784575.109731084],[4820917.100065278,2784788.5572554762],[4820634.9079637565,2785443.9677142603],[4820347.706793265,2785746.690143324],[4820276.529947216,2786275.460482464],[4820304.217813827,2786478.361343024],[4820685.651393359,2786472.7428962323],[4820483.974019873,2788357.8887493056],[4820461.4183878,2788945.618315244],[4820552.454293385,2788970.70474198],[4820555.609686331,2789057.3913681866],[4820499.519827772,2789051.5096563622],[4820550.499992683,2789206.8676158036],[4820650.8186530005,2789180.5639941394],[4820762.738868556,2788929.337581313],[4820878.1910513,2789074.070217777],[4821027.930602978,2789075.757952196],[4820921.175234365,2789109.9265895393],[4820992.526370112,2789239.0723092295],[4821194.613271337,2789297.896448834],[4821245.2943554325,2789247.84859022],[4821270.526107464,2789317.4122956796],[4821356.13034752,2789202.0128649985],[4821347.037955259,2789313.80172597],[4821630.402479794,2789267.3570319097],[4822288.608628737,2789085.472069356],[4822319.2128273975,2789017.8652928886],[4822680.898210563,2789284.2742172377],[4822979.506731209,2789125.831741116],[4823110.939854941,2789233.8095516227],[4823050.037341007,2789286.709124786],[4823284.159426124,2789298.715805224],[4823166.597344434,2789342.3503770367],[4823143.362810621,2789448.8136598887],[4823301.102021482,2789598.1710572243],[4823156.278299151,2789556.6210785424],[4823111.763393355,2789648.2096072887],[4823475.122169329,2789563.853387478],[4823634.161436855,2789735.813962533],[4823758.590659271,2789635.945110399],[4823717.978135566,2789795.787091285],[4823876.161135556,2789762.4744869517],[4823839.679240092,2789613.652849376],[4823933.921222835,2789602.555481154],[4823922.116824784,2789704.0776202567],[4824116.350515814,2789726.470782407],[4824091.321531431,2789598.4965598723],[4824175.005485339,2789544.2511756048],[4824336.542474068,2789627.1220916505],[4824344.022182706,2789508.107841432],[4824428.91401943,2789635.0897836415],[4824364.792731104,2789670.948451079],[4824389.9773009345,2789780.0713584474],[4824541.961297336,2789687.5944232773],[4824674.79921035,2789733.7811789466],[4824681.240088202,2789809.817931696],[4824778.439818647,2789746.408267401],[4824867.1424742285,2789849.0273636756],[4824854.353025197,2789981.1831622836],[4824984.675043305,2789850.1841054913],[4825007.359039294,2789976.176123692],[4825143.448372866,2789977.5695253676],[4825119.379743304,2790039.566479717],[4825336.045215196,2790226.8902713694],[4825603.953920688,2790287.688742583],[4825759.038834401,2790547.3357146154],[4825936.390202888,2790528.24390446],[4826297.790496875,2790767.6866070037],[4826338.888624729,2790940.6437829486],[4826535.529890168,2790880.696351854],[4826681.796695625,2790700.4612966743],[4826756.501997644,2790800.9723540186],[4827252.179629847,2791005.644625551],[4827490.6468001725,2791286.376198647],[4827482.4468027,2791617.9692864707],[4827589.5351219755,2791706.5219006334],[4827757.67913846,2791530.509744374],[4827730.300323496,2791677.34640841],[4827807.412145843,2791721.412101643],[4827964.112137216,2791696.4508879157],[4827955.591412769,2791596.9350573705],[4828199.900771152,2791773.6387452846],[4828350.155497431,2791680.2437029555],[4828280.205829706,2791851.9570999113],[4828581.903668562,2791710.946432683],[4828782.816701564,2791994.898565462],[4829016.521570069,2791895.71482353],[4829034.955747719,2791977.029134017],[4829148.369887477,2791896.0989945782],[4829208.98088329,2791970.2573912176],[4829202.29839814,2791823.577241452],[4829471.17049731,2791804.3263644623],[4829411.482657382,2791930.001984994],[4829688.864709254,2791834.840678638],[4829724.998364529,2791971.005228107],[4829828.483045271,2791933.097653806],[4830384.979671014,2792379.41080798],[4830220.1544483565,2792614.9814117043],[4830274.82964233,2792925.867001695],[4830018.985095951,2793040.1687111356],[4829957.318590105,2792926.906095084],[4829915.078529354,2793084.198006266],[4829834.418259467,2792956.488270474],[4829739.148339645,2793030.8852600474],[4829655.356684968,2792951.5263092523],[4829651.454146641,2793015.3088182705],[4829769.476801077,2793085.682784045],[4829695.475624709,2793187.175495051],[4829835.908377585,2793270.0934992866],[4829797.821440976,2793388.6531796805],[4829948.821601157,2793379.6299958937],[4829981.46440303,2793589.0378387175],[4830108.311472001,2793656.0349021265],[4830094.197466251,2793715.5504376222],[4830449.949903104,2793855.8378334744],[4830460.40946349,2793686.767827745],[4830615.798917534,2793919.236105512],[4830503.928387164,2794023.789298834],[4830658.994908916,2794112.5650447053],[4830527.268235511,2794190.274942962],[4830699.765742298,2794162.293054173],[4830780.467660118,2794245.2455561357],[4830586.253247651,2794311.732692974],[4830734.409930306,2794392.2341673714],[4830635.107086824,2794482.482836718],[4830839.712731498,2794840.569141305],[4830691.647372005,2794828.8967333897],[4830689.24133881,2794896.6383071207],[4830873.276177718,2795110.255001364],[4831079.737849444,2795191.474511924],[4831209.694294487,2795062.381402941],[4831349.256597327,2795112.09465732],[4831441.6748989895,2794951.3888193676],[4831531.459817404,2794952.0077708988],[4831464.025933021,2795141.990009743],[4831661.487309727,2795168.216242202],[4831715.824849986,2795337.214163747],[4831691.100444761,2795456.6807945883],[4831571.99017968,2795460.7085921112],[4831577.389439272,2795639.211588896],[4831730.306147285,2795708.125431107],[4831735.372885719,2795809.7858210756],[4831846.289411276,2795794.403228513],[4831739.848260246,2795929.298798296],[4831874.886665021,2795944.9835372684],[4831845.193206949,2796053.111181826],[4832021.567944849,2795992.769064721],[4832070.037802904,2796227.9826493384],[4832234.40735729,2796252.0860497486],[4832399.761233837,2796559.6209789785],[4832399.892310078,2796845.367444025],[4832522.47199595,2796859.3974427925],[4832493.419961675,2796700.0552582415],[4832552.882112591,2796686.2067692317],[4832668.829100886,2797022.825233821],[4832860.8812042335,2796840.76666218],[4833054.63995633,2796862.041794105],[4833044.523075471,2796733.7243240033],[4833167.934498502,2796751.0328595834],[4833145.538607359,2796646.1202394874],[4833326.074884788,2796627.267260971],[4833487.2979706945,2796860.7409528024],[4833568.7184668705,2796888.8569713556],[4833622.471407049,2796813.6702149063],[4833737.562915855,2797048.2044210117],[4833729.004792432,2797257.9716416243],[4833836.1586241,2797390.8060890925],[4834147.044042136,2797330.339712808],[4834310.349689433,2797208.7573558036],[4834322.780950757,2797402.733571283],[4834419.631660322,2797380.96436863],[4834524.040703871,2797248.5560308723],[4834500.707957251,2797148.9273591232],[4834584.103384968,2797107.3389781555],[4835060.131886635,2797067.7248015786],[4835963.974456759,2796735.317024147],[4836060.425961105,2796602.5992024015],[4836029.870116623,2796514.974452573],[4836168.53365829,2796446.0912289703],[4836178.3262565285,2796298.6588056027],[4835886.457498642,2795586.2943274765],[4836283.954906348,2794976.240277608],[4836896.598180638,2794991.4026577147],[4837090.03204654,2794824.4366961834],[4837355.2597787045,2794782.2573784147],[4837567.455531362,2794833.425237488],[4838219.8377363095,2794708.6994063873],[4838507.373917833,2794781.567268364],[4839447.087808116,2794414.775562181],[4839466.194322405,2794323.4029247127],[4839632.834284179,2794247.117175426],[4840021.168905499,2794228.2631523698],[4840236.549598238,2794100.6617139075],[4840546.577247977,2793625.0302675175],[4840471.453543698,2793515.7257659575],[4840363.202623605,2793589.1503041647],[4840353.062119877,2793715.195351156],[4840301.255777893,2793688.683403254],[4840137.9302968,2793132.006049854],[4840133.460435565,2792878.645173438],[4840273.955080087,2792679.055267438],[4840200.463133416,2792587.96886857],[4840429.000575842,2792665.7207834804],[4840549.458113137,2792321.2582318764],[4840641.783874848,2792337.101937075],[4840616.894448723,2792452.0044312403],[4840986.688257288,2792355.210995241],[4841463.909527956,2793015.633291594],[4841989.719014165,2795670.9796113353],[4842208.505841703,2796201.9178394345],[4842798.598624578,2797116.5196001837],[4843258.069117738,2798219.5848857863],[4842640.350540601,2798747.3757452294],[4840932.474135409,2799686.091377357],[4840141.174221752,2800267.280575085],[4839695.820358043,2800240.298711712],[4839450.843246552,2800329.6762789893],[4839586.468763828,2800829.0649619773],[4839863.869962208,2801416.287945817],[4839904.800449583,2801459.289489385],[4840109.756128562,2801230.8943402213],[4840359.14304327,2801352.5561357215],[4840584.9156763945,2801668.0785761448],[4840543.999897024,2802200.263771237],[4841183.4259029245,2801940.2807721165],[4841467.880738353,2801969.7273503738],[4841749.386628068,2801339.9778963025],[4842075.992114843,2800860.7647142266],[4842589.728988948,2801498.15512052],[4843172.890885031,2801734.2258717045],[4843517.826498531,2801351.122673463],[4843867.966804781,2801180.9882286545],[4843833.233779756,2801122.384503919],[4842921.273869629,2800592.3090294157],[4842393.335044735,2800430.6202196046],[4841999.962860495,2800178.106206574],[4844567.543411341,2799501.9396903273],[4844614.300355437,2800111.507220878],[4844747.016303656,2800573.112411611],[4844788.755444154,2801446.8368362556],[4844946.875503789,2801681.345734],[4846363.864144871,2802505.44486646],[4846196.652641185,2802874.927918695],[4846490.359011905,2803510.7992149508],[4846167.8019991,2803793.3869690653],[4846110.779987705,2803974.3613075046],[4846732.026995664,2804114.0250211116],[4846790.024615265,2803741.2198637887],[4847965.455735602,2802838.8661388736],[4848772.572322743,2801609.287611067],[4848841.395250141,2800657.7845387897],[4848770.750100613,2798309.842461636],[4848878.65028736,2796575.003526508],[4849053.4039186435,2794990.797894379],[4849356.62445095,2794150.018145754],[4850343.848118519,2794477.350490543],[4851632.401985671,2794332.4704292165],[4853407.73143326,2793391.1115016257],[4854453.514056916,2792471.1391621986],[4854641.670669299,2791785.438253631],[4854624.626061536,2791534.4876339873],[4852697.018697229,2788861.836774012],[4851995.675045493,2788076.2947439984],[4852229.716406323,2786155.770385281],[4852248.095873757,2782971.5422653714],[4851775.751639252,2779719.592441656],[4850884.273765566,2776609.890894268],[4849616.845906038,2776284.000782187],[4848152.658571493,2775417.8903758232],[4846750.0586430505,2774820.2063088208],[4846444.243973457,2774083.0813278197],[4847181.217249721,2773425.12705592],[4848547.893800255,2772856.20961283],[4848807.345627109,2771674.177422622],[4849693.813836116,2770640.0304018697],[4850683.511433026,2769275.392425867],[4849678.661315242,2767693.991460711],[4850576.9257839285,2765082.750745527],[4851164.851841547,2762161.74631608],[4851376.636268248,2760459.3251115056],[4853135.957292705,2758360.889160645],[4852684.497799726,2757911.765574097],[4848020.7745130425,2756746.0002268567],[4845303.491728878,2755840.824858343],[4840340.308489224,2754609.6450693603],[4839643.273713279,2754377.4754281337],[4837554.480531772,2754123.3860771493],[4836282.201726385,2754394.657412182],[4835831.437197937,2755080.942214855],[4835238.090238068,2755495.068093237],[4834399.428256925,2754968.6848596293],[4833887.067613431,2753573.184545838],[4833002.303369513,2753088.8777312585],[4827354.141356885,2752721.7822493725],[4826832.372576162,2753183.5802311623],[4825136.091309257,2755521.0590048283],[4824510.299807033,2757319.5710464595],[4824395.944504941,2758228.244792168],[4821931.246410774,2758303.046304194],[4819662.541319191,2758608.3516131765],[4818513.803442043,2759246.856781712],[4817880.509523815,2759895.0507461643],[4816855.797392276,2760067.6766473684],[4813132.788407666,2759110.0459329593],[4812171.681246365,2758519.061661669],[4811903.581767979,2757592.2921814206],[4812400.713977681,2756362.6488031605],[4812251.826751862,2755736.394209045],[4811581.735302795,2754569.493789197],[4810594.040815865,2754242.7001668923],[4808738.4869920015,2752921.4868007367],[4807396.823705536,2751774.5574318743],[4807234.907233706,2751146.090972164],[4806964.642532712,2750560.0129464567],[4806614.735780414,2750624.6623260127],[4806092.091632171,2750853.3318628357],[4805121.024289317,2751393.522346],[4804858.726908313,2751105.9475680045],[4804819.850460062,2750435.795819961],[4804531.0171329,2749861.94976426],[4804027.065664529,2749484.3381673098],[4803485.452022488,2748849.4190656403],[4804008.92135436,2748569.466278378],[4806286.410041068,2747959.5518028303],[4807442.452790572,2747817.575021103],[4808290.647208049,2747307.2509753206],[4809418.391597129,2746918.2567771915],[4809816.229826164,2747251.553704027],[4809971.986191486,2747504.617497594],[4810485.072878245,2747475.6264048736],[4811458.596723001,2747212.047958264],[4812742.77339759,2746675.6858241996],[4814020.644026273,2745785.2201795676],[4816115.209927857,2745419.8725160565],[4817581.581361043,2745754.612098079],[4818379.187599424,2746212.5325320163],[4819099.369179279,2746423.5336625595],[4820771.7690153625,2746104.649517957],[4821834.517666798,2744584.858453816],[4822669.546037374,2744204.224202496],[4822759.96405117,2743169.1376730977],[4823138.744607135,2741616.9589572675],[4823304.908848003,2739781.979525481],[4824471.973528464,2739024.71572488],[4825668.16150384,2737613.5827599457],[4826017.1432466265,2737132.126878952],[4826058.301149967,2736965.3352086367],[4825901.615741035,2736379.6925494974],[4825823.324729269,2734828.0280076866],[4825047.033184426,2733228.600985331],[4823058.236010347,2731881.383910817],[4823156.026674818,2730677.108058597],[4823720.270942054,2729259.0501182736],[4822971.494642596,2727867.3397845314],[4823024.456595791,2727339.1262756456],[4822927.058420889,2726877.515733582],[4821842.855084269,2725735.344523738],[4820960.309012625,2725030.232890812],[4820193.56110714,2723980.7880777395],[4818976.242914578,2723510.491503029],[4818450.596500464,2722954.966890893],[4817057.8982586805,2720976.097682509],[4814789.765865877,2720711.7913886425],[4813905.924284946,2720846.1613672003],[4812939.444983819,2720702.3093317994],[4812678.774749104,2719933.3004666017],[4811918.611414734,2718904.874887431],[4811193.571323532,2718634.8220235547],[4810883.913569548,2718747.9767845282],[4810135.170829828,2719233.5244897143],[4809742.344374393,2720335.330776505],[4808993.337570113,2720604.6297603776],[4808159.986513601,2720781.5122317336],[4807712.337633227,2720239.570970013],[4807671.100372629,2719618.509924905],[4807996.623156513,2718926.294815363],[4808468.620929616,2718476.8359454465],[4808693.271365925,2718064.850915913],[4808712.530430512,2717741.4555557924],[4808422.214407019,2717307.6449415917],[4808622.114500149,2715791.3858957216],[4808340.476154504,2714163.9849165278],[4809505.910357423,2713312.3661089335],[4810426.958204854,2710989.9256050717],[4811082.657937066,2709021.6685837293],[4811625.840993954,2706696.2019049996],[4811630.967690153,2704562.0026718527],[4811586.410339166,2704088.205512247],[4811381.48896492,2703773.4534343085],[4810590.93232495,2703806.064840877],[4810340.822169337,2703404.1081532296],[4809562.4708306305,2702962.7364872303],[4808674.253540987,2702602.09673922],[4808746.639066863,2699037.362797556],[4808462.368239965,2698205.0964203053],[4807958.27900214,2697899.6697479044],[4807823.502665764,2697094.0659845583],[4808659.128094861,2696419.3415700626],[4809578.034585115,2696678.777271484],[4810280.134887802,2696358.042674713],[4810713.323584631,2695598.8258593124],[4811049.789202227,2694507.5016022497],[4811056.648545763,2693164.839613528],[4810896.76884641,2692037.0873661293],[4811550.99645989,2691687.917815703],[4812654.803166099,2692211.517176697],[4814691.166220691,2692536.6636109417],[4815267.410424199,2692544.174734355],[4816177.517207587,2691519.2592640393],[4816230.046414131,2689957.191598836],[4814752.958133131,2689402.064125683],[4814392.796133582,2688097.8792780046],[4813534.043642975,2687291.002698472],[4812724.61623429,2686702.6391349854],[4812283.096239822,2686239.6701316023],[4812549.978927846,2684866.7706771023],[4812908.484548474,2684313.7515541445],[4814132.639696668,2683742.546528054],[4816323.953064691,2683079.36510743],[4816389.245118204,2682043.3489173152],[4815661.599166679,2681606.204146602],[4815255.869817938,2681223.525824508],[4814904.535689795,2681167.673112844],[4813960.255399693,2680739.986481438],[4812605.55220935,2679811.536578279],[4812909.948302639,2679147.8867723835],[4814902.317769899,2677017.7238397715],[4815754.539822743,2676334.1912228046],[4815998.302915811,2676235.681319678],[4816001.068188571,2675878.6832763012],[4815652.759203359,2675631.9280424467],[4814237.338570712,2674965.957998681],[4813644.671266789,2674810.3403343763],[4812897.550893135,2674814.493759699],[4811115.678278537,2674435.9218221884],[4809568.74789847,2674245.2833302016],[4808048.717773695,2674615.9967556344],[4805300.00637089,2674543.3498478043],[4804754.845089123,2674871.45672425],[4804290.0885115415,2674712.0745102186],[4803158.591139611,2674069.420159976],[4800560.210271093,2674153.7757953247],[4799688.14905035,2674093.201461119],[4798590.42914828,2673127.978714751],[4798737.73901386,2670520.0872300984],[4798651.047600697,2669808.6530978577],[4797977.039411864,2669639.5110872397],[4797198.926413214,2669603.0384177566],[4796944.024795007,2669399.9211660116],[4796508.751763655,2669348.9677259894],[4796427.71940169,2668988.4540261286],[4796724.107392295,2668804.448360827],[4796411.564361134,2668036.4467120008],[4795982.422487286,2667862.03585581],[4794661.089779708,2666542.829979868],[4793605.029778859,2666916.9100554883],[4792952.431783987,2666956.1792704687],[4792363.616548929,2665993.55703707],[4792188.737473591,2664741.059081233],[4791660.3158216495,2663244.844979357],[4791022.648104904,2662885.594480033],[4790757.543759009,2662851.199716806],[4790143.188144404,2661797.8212052872],[4789686.313572807,2661457.7120181913],[4789517.124920542,2661231.482498174],[4789418.024791398,2660789.1161898496],[4788850.212751889,2660109.159477849],[4788546.520648453,2659862.0677017397],[4788376.559086053,2659448.766327742],[4787866.942455696,2658966.468071705],[4786890.815393264,2658364.140534558],[4786132.8033753075,2657568.977999014],[4785720.585745145,2657405.611175339],[4784991.755681848,2656882.662822998],[4784204.890257541,2655806.8406226416],[4783184.602184152,2654865.2033122815],[4782686.498837963,2654792.810676003],[4781245.689808054,2653802.088537193],[4779802.42985404,2653764.118845801],[4778928.436981564,2653408.9471103763],[4778691.894305587,2652869.2747151735],[4777800.123803973,2652797.7268955912],[4777638.0223514885,2654752.5550842485],[4778692.770257333,2654850.8695759363],[4778960.706152015,2655414.9549139785],[4778742.578780376,2655516.828299759],[4778554.454324783,2655795.4788767137],[4779024.322860873,2656835.1753445496],[4779038.523533507,2657884.14063997],[4778913.525028743,2658342.8202878614],[4778952.734703054,2658977.8430153825],[4779148.464850312,2659711.257179841],[4779210.779478924,2659818.8161413213],[4779449.1431034645,2659849.6634870563],[4779815.372842393,2660113.021643359],[4779941.270777331,2660342.301979511],[4780458.809851148,2660831.9638295076],[4780798.904196875,2660869.0281456043],[4780772.928540445,2662001.0129462043],[4780863.623009636,2662186.90293735],[4781347.313460044,2662530.21908677],[4781495.690602607,2662862.374338717],[4781853.844397338,2662722.9316725964],[4782087.999028854,2662963.0710685086],[4782391.437206422,2663069.2831546576],[4782560.192911591,2663263.3908014186],[4782620.208539023,2663546.088257128],[4782513.825514253,2664004.031362685],[4782588.682254159,2664580.5278561166],[4782955.3885283,2665340.238944995],[4782915.747225269,2665588.927840757],[4783048.294292197,2665813.1306510083],[4783261.194794276,2665853.046631721],[4783605.101790114,2665690.791885067],[4783972.958153663,2665815.8067221045],[4784662.638246053,2665900.5143449917],[4784952.136831096,2665852.3758550338],[4784798.262743993,2666444.919694575],[4784940.753557563,2666555.8288656413],[4784971.6488456335,2666708.610015466],[4784829.2067933995,2667109.64059111],[4784870.224868978,2667492.159966005],[4784765.958966274,2667757.7426545448],[4784782.448550809,2667975.5350728906],[4784852.2832045965,2668244.3631050414],[4785079.796720607,2668377.416778262],[4785133.614482323,2668822.8182711396],[4785389.454296698,2668872.1967124827],[4785418.428363065,2669168.4689603588],[4785745.120598034,2669439.2403868195],[4785742.254200917,2669779.450214558],[4785513.45886247,2670082.3109166464],[4785728.739260734,2670210.9276188267],[4785690.291011809,2670400.7620137525],[4785828.636960747,2670584.2264422765],[4785931.609885962,2671000.4328534636],[4786043.071129791,2670906.1712417654],[4786328.137705468,2671052.3841114393],[4786491.067309549,2671799.739889053],[4786427.135983592,2672063.9019268844],[4786469.13608663,2672243.764694708],[4786932.775984699,2672418.9649596578],[4787001.99218743,2672570.8693807013],[4787434.132005903,2672789.700654218],[4787717.163401318,2672711.12007684],[4787817.895864515,2672607.9354140013],[4787898.921259788,2672700.203823194],[4788006.639300812,2672668.918488604],[4788140.41802174,2672516.1532188784],[4788374.897839996,2672609.7050409354],[4788863.378303367,2672468.5460795234],[4788956.065979286,2672466.7062580236],[4789020.804579075,2672693.1206624103],[4788902.496234684,2672764.208300908],[4788801.884880183,2672541.1855145986],[4788741.8813430695,2672544.337430015],[4788819.911191194,2672607.9588110507],[4788802.453343603,2672768.2173950993],[4788548.694645724,2672637.2786780633],[4788584.528127311,2672777.9799457383],[4788479.277677376,2672762.181132028],[4788414.767172733,2672847.4141768087],[4788622.620213156,2672947.316436525],[4788527.163702651,2673058.1827559895],[4788426.20982273,2672967.7291319794],[4788403.327457376,2673042.128090154],[4788539.81820792,2673214.3275397574],[4788277.787651732,2673304.840854375],[4788431.316304033,2673335.635812804],[4788430.960758051,2673516.9341143947],[4788278.530561401,2673516.229787812],[4788161.921355524,2673360.067886409],[4788158.247304919,2673163.1068459298],[4788039.809698515,2673162.594883796],[4788097.941900495,2673222.877317724],[4788051.74219019,2673355.577233217],[4787892.555821157,2673327.0707598026],[4787995.463971631,2673416.1446407894],[4787898.429608003,2673729.1992986207],[4787609.51833033,2673659.344325898],[4787705.640776256,2673750.5488489415],[4787681.306295892,2673884.3203243376],[4787346.359246631,2674141.051840378],[4787492.428419815,2674146.0974253793],[4787700.499163353,2674399.31890055],[4787594.711014091,2674490.8369838013],[4787500.522840689,2674437.8388483264],[4787422.238537558,2674581.465708972],[4787113.246460243,2674564.523202817],[4786974.456381224,2674649.9331587898],[4786914.72065911,2674760.3736842903],[4787072.79080186,2675063.68338629],[4786974.08223037,2675027.9806375103],[4786863.736025759,2675192.911559978],[4786719.790282922,2675175.2407237496],[4786468.575581003,2675370.974857438],[4786543.661976354,2675507.0904562697],[4786447.901039133,2675505.157282926],[4786467.297631143,2675759.1061963914],[4786366.635602893,2675698.714701287],[4786308.14615923,2675819.9395484384],[4786167.369220044,2675786.4047404416],[4786042.822346678,2675964.8824766455],[4786111.286191318,2676039.4429404656],[4786345.956103838,2675934.6464040065],[4786216.576700679,2676036.973994866],[4786342.54266346,2676122.3844127404],[4786338.956090411,2676293.8860144187],[4786159.437666961,2676191.492942331],[4786032.328709921,2676463.639525239],[4785881.166722436,2676380.9089170247],[4785562.714824308,2676511.3557323553],[4785639.904566591,2676655.3672124073],[4785681.94001722,2676575.943437936],[4785858.807042136,2676611.613376817],[4785983.938876748,2676504.977492355],[4786086.3257407425,2676692.301441125],[4785889.100110317,2676873.551313366],[4785583.937071314,2676784.1538132536],[4785560.287449709,2676871.8627124797],[4785643.925676231,2676901.793233926],[4785517.920888624,2677140.0147535587],[4785823.933169632,2677310.0191081525],[4785635.419083843,2677498.2993336455],[4785663.878553279,2677549.836081962],[4786032.3840657,2677695.449955384],[4785760.639358473,2677734.7887357445],[4785742.22129882,2677818.7143979548],[4785886.479948121,2677859.8252313533],[4785829.855900894,2677974.202495384],[4785967.864555727,2677910.4644734785],[4785941.783618755,2678228.388180245],[4785779.832095897,2678291.3019973286],[4785730.678584311,2678468.222998945],[4785607.983046562,2678491.4541812926],[4785605.886321158,2678657.4926692727],[4785529.182319992,2678529.9700854956],[4785416.0566262435,2678595.2568287994],[4785319.681775363,2678516.687744039],[4785273.131239764,2678634.0845000604],[4785436.326385648,2678650.527917881],[4785377.761695343,2678766.695755696],[4785160.641709471,2678618.418300257],[4784557.627355358,2679901.499768533],[4784091.185341448,2679581.30416781],[4783990.761258436,2679645.327786469],[4783999.013086724,2679794.997869858],[4784129.344124907,2679840.962167571],[4783942.774161546,2679933.8121958384],[4783920.8834976675,2680035.0337025323],[4783810.515369557,2680020.635293207],[4783805.71777342,2680262.7419910617],[4783608.640270222,2680521.1472854447],[4783653.373175995,2680611.5154596907],[4783548.650793474,2680695.138584309],[4783590.973567113,2680761.6437291875],[4783362.433120378,2680805.991997341],[4783471.760591611,2680864.133445034],[4783416.922455062,2681029.6175135802],[4783249.158438653,2681046.0374667076],[4783062.921717077,2681278.250334611],[4783134.832719693,2681400.9027989767],[4783274.784299108,2681438.455862792],[4783270.33594816,2681547.011808021],[4783175.026106268,2681459.7819516803],[4783096.562803075,2681562.279484099],[4783198.07549051,2681870.1901588617],[4783089.24406355,2681956.7277755095],[4783209.204047906,2681987.833815869],[4783281.735756502,2682167.707212623],[4783212.615139638,2682352.5315211057],[4782976.417510564,2682581.0765674836],[4782941.715392212,2682763.5016813446],[4783326.943611862,2683120.9730162276],[4783344.083676243,2683316.3939451547],[4783472.983481083,2683479.6523458017],[4783372.437497372,2683569.632638287],[4783448.553827273,2683686.4484086293],[4783293.908242811,2683760.7847157563],[4783170.054388524,2683973.3724763542],[4783279.270483693,2683967.6633328805],[4783310.081247573,2684045.5479621314],[4783195.739586209,2684254.432253884],[4783289.169675964,2684420.507767454],[4783222.337955759,2684564.967817457],[4783314.304634049,2684640.8106349586],[4783211.926072344,2684667.4693853683],[4783198.951099915,2684819.1251338683],[4783334.023895028,2684856.3365284503],[4783221.996696382,2685171.0274420916],[4783273.349873821,2685225.2070395807],[4783387.745959629,2685161.651398947],[4783461.832762929,2685243.852837038],[4783335.659851819,2685312.6618429003],[4783427.0712758945,2685378.005160339],[4783347.468574967,2685499.1199073694],[4783369.748096723,2685635.7156619607],[4783912.219524826,2685587.971009532],[4783919.040454273,2685800.363108819],[4784019.353196325,2685872.7505366583],[4784062.578910895,2685769.732250804],[4784126.266929951,2685826.7044462347],[4784013.533908022,2685889.8213519803],[4784086.419192905,2685950.3900719658],[4784066.624674137,2686101.979186091],[4784180.241490304,2686107.7284769057],[4784187.928430198,2686221.3644831134],[4784269.374701774,2686141.6438683462],[4784208.672125783,2686317.1942854407],[4784344.337882906,2686335.4560945826],[4784171.491247587,2686539.1247546175],[4784248.5812864015,2686563.681910459],[4784307.1732913535,2687255.2024569847],[4784404.196836749,2687526.430510738],[4784653.166255424,2687804.771352027],[4784702.780457685,2688007.274462248],[4784565.585448569,2688192.0173318516],[4784557.885684614,2688467.6134563587],[4784665.63454367,2688621.789034914],[4784531.871446169,2688732.1664684108],[4784616.617684638,2688807.288128756],[4784436.160680205,2688844.6961635],[4784475.603108921,2688978.6592895305],[4784578.8774413,2688964.355664591],[4784515.760627958,2689060.7215982564],[4784745.268585359,2689192.4170763907],[4784574.250931032,2689233.13377319],[4784624.601408966,2689398.019830704],[4784505.574987413,2689490.965744241],[4784574.088524215,2689594.6931999004],[4784396.094848539,2689754.727467156],[4784516.552272872,2689773.0290199597],[4784495.794777889,2689999.804216067],[4784280.911890714,2690162.2635235386],[4784395.015329022,2690315.550613329],[4784344.599790134,2690414.0800514687],[4784259.265406242,2690378.18045711],[4784254.964234874,2690466.599079467],[4784358.331870064,2690505.7078091376],[4784192.208786222,2690558.371957726],[4784256.553825313,2690600.240622541],[4784196.384380631,2690671.564761226],[4784349.552683673,2691106.4028700013],[4784231.862164905,2691124.045814529],[4784237.99641013,2691284.763414474],[4784106.651235978,2691296.3980062213],[4784163.745080599,2691442.9945648564],[4784049.40748278,2691499.21359169],[4784147.349115102,2691608.1752089136],[4783961.712982453,2691630.858741916],[4784010.390814226,2691714.4173825546],[4783933.28477483,2691809.4038040116],[4784043.543513693,2691855.3487846456],[4783755.434930077,2691999.351872378],[4783914.820932179,2692004.1798761464],[4783918.663117284,2692067.696377191],[4783704.459067997,2692127.2357776286],[4783808.860316201,2692170.1094946614],[4783604.920108847,2692690.935466379],[4783731.198789223,2692666.993120986],[4783823.150241455,2692740.1644191965],[4783795.289884115,2692807.1998583344],[4783647.577223328,2692769.5514464383],[4783698.193603209,2692967.549278393],[4783514.294024554,2693113.6105927136],[4783540.028012677,2693350.895006763],[4783359.094433131,2693352.495403422],[4783288.733707519,2693440.507407315],[4783263.9507221915,2693622.9598318227],[4783357.36911741,2693793.392546323],[4783107.412657996,2694014.1156367534],[4782989.0961968945,2693947.3005040614],[4782983.701261124,2694098.9464577488],[4783032.118909464,2694027.0267844107],[4783146.123690938,2694101.058259033],[4783018.474595404,2694138.3449315834],[4782984.172530793,2694290.627242933],[4782823.384558703,2694337.26347889],[4782820.125900019,2694415.345990481],[4782910.589354807,2694393.140933266],[4782888.653942573,2694529.473904905],[4782726.485744355,2694569.4003286273],[4782681.138338225,2694694.078172313],[4782805.81704378,2694789.2722996166],[4782733.207048363,2694860.566122946],[4782493.911267752,2694823.2266457574],[4782473.927551382,2694909.972539447],[4782643.033843009,2694864.3569218544],[4782718.027540267,2694927.494734148],[4782592.508839995,2694952.310823621],[4782549.250031567,2695146.8809902905],[4782344.031924996,2695075.2925137766],[4782296.809344263,2695169.266543597],[4782276.966770619,2695238.052089963],[4782424.355818749,2695221.1726554506],[4782428.9167218,2695298.0365940575],[4782315.659884321,2695336.8812752403],[4782368.24339233,2695405.8056906494],[4782220.085876797,2695574.961661081],[4782450.78805644,2695671.851536455],[4782331.808393784,2695805.3887733],[4782292.764833769,2695746.7761823563],[4782236.047694165,2695825.444883548],[4782183.638922977,2695787.8506390965],[4782118.240430869,2695932.133126258],[4782154.480939311,2696010.630978341],[4782262.3047183845,2695975.3345728144],[4782171.627107504,2696152.8571454897],[4782210.916515224,2696259.9569857917],[4782102.056727415,2696241.762090409],[4782031.86663871,2696397.221495921],[4781991.319827866,2696241.123995618],[4781789.914312413,2696435.0779359443],[4781891.7778053135,2696744.580422089],[4781737.320432376,2697006.171391688],[4781948.710440215,2697222.323878275],[4781696.460009693,2697179.9115365474],[4781742.076350764,2697302.7190016164],[4781589.612173773,2697473.8130692597],[4781660.85351359,2697436.30473995],[4781727.777930955,2697526.070392415],[4781553.403367481,2697546.7668643985],[4781685.827987758,2697676.281233476],[4781521.070908258,2697673.098495727],[4781481.977276801,2697802.7747698524],[4781545.422003808,2697767.4186315173],[4781627.053090868,2697916.0146655664],[4781505.144404296,2697913.4384095306],[4781514.83776162,2698003.805513129],[4781369.3798653,2697992.5316732535],[4781408.135555794,2698153.5624755844],[4781288.929645462,2698170.0800758745],[4781269.128813658,2698039.266426884],[4781180.251255957,2698041.7841270138],[4781244.157402698,2698220.047511881],[4781380.046773352,2698293.1207092134],[4781284.363293567,2698477.412510774],[4781396.281430643,2698496.2607271643],[4781443.120035365,2698413.1293682316],[4781470.68457725,2698520.3869424257],[4781604.511020741,2698480.779803756],[4781594.01827169,2698693.4618961434],[4781505.379919711,2698716.1068346156],[4781592.387503236,2698780.7027891115],[4781531.26063432,2698890.5339809693],[4781658.534395683,2698930.5830664164],[4781537.346579533,2699060.979360954],[4781534.80209074,2698981.3678564588],[4781402.650646061,2699014.3256678944],[4781473.745566518,2699105.4823444467],[4781564.537516547,2699081.0753433937],[4781428.511103453,2699173.249251293],[4781532.771053065,2699249.605597627],[4781459.953632045,2699295.5874191616],[4781454.936680334,2699462.6545537445],[4781568.80330905,2699449.884188952],[4781507.344091754,2699717.962815573],[4781622.718255905,2699718.9668497597],[4781519.460061423,2699777.0325597227],[4781605.491615113,2699770.458653824],[4781606.641995893,2699895.9338399153],[4781641.303230118,2699838.268507622],[4781711.529326646,2699923.0604884345],[4781660.970142496,2699998.0272963447],[4781552.671903969,2699965.0704255304],[4781631.468488705,2700123.358293444],[4781495.018030035,2700151.9959662617],[4781518.999001515,2700307.6410782957],[4781426.076913847,2700278.5594564416],[4781495.671830924,2700424.823613702],[4781410.253471668,2700433.6789007713],[4781511.087515251,2700500.0099606374],[4781500.0500884,2700589.177321014],[4781257.398161972,2700501.079592851],[4781242.025781726,2700583.5753051746],[4781326.7605714025,2700596.645066365],[4781269.328619134,2700658.846178335],[4781445.432032546,2700818.9810054544],[4781254.939639858,2700795.6889021173],[4781317.295021864,2700907.84345768],[4781270.027301178,2700879.4271663507],[4781232.738282065,2700966.5809092643],[4781219.943805018,2700884.844602441],[4781088.600004639,2700901.019036111],[4781219.98289119,2700996.6945662326],[4781104.953638684,2701075.0301428232],[4781260.308985518,2701131.086147225],[4781217.501870027,2701207.1926905205],[4781167.033848911,2701135.186591886],[4781078.701471899,2701188.494343403],[4781172.432187696,2701224.4077204554],[4781124.118645427,2701327.5762453475],[4781003.0383062,2701331.093925855],[4780956.244200927,2701425.9841647977],[4781018.697287687,2701423.671518229],[4781015.844381654,2701501.6411776203],[4780861.653467081,2701670.458831134],[4780942.99093849,2701763.948811375],[4780779.457517697,2701797.1916226014],[4780890.297934191,2701867.399606316],[4781025.242263769,2701805.5118774334],[4780943.669375807,2701852.351518264],[4781031.675924065,2701941.7964395517],[4780971.927871388,2702045.717347089],[4781105.107909433,2702022.2897340325],[4780857.158891351,2702250.058480415],[4780901.153001838,2702312.5005479283],[4780938.647038244,2702210.2879690337],[4781025.746976078,2702268.183709185],[4780985.312975025,2702374.379755951],[4780850.509911856,2702407.33695206],[4780830.834250633,2702519.695058866],[4780639.708824117,2702559.870466462],[4780737.405299008,2702707.252065369],[4780620.627442227,2702668.352069935],[4780643.630792482,2702804.5671836585],[4780738.958376547,2702797.1108681383],[4780666.8662266685,2702845.246978981],[4780719.876109528,2702883.086031879],[4780653.457116063,2702906.9838392707],[4780644.574411397,2703148.3766650464],[4780569.046133523,2703161.091276262],[4780524.963442544,2703065.337945595],[4780389.35623948,2703164.8270613495],[4780547.114020932,2703217.643419845],[4780373.950287492,2703284.5511299525],[4780437.493534559,2703325.594363327],[4780415.019519241,2703563.9616619176],[4780176.261440968,2703742.9879280194],[4780078.26303878,2704028.161365946],[4779935.772882523,2704008.943089011],[4779734.3676740825,2704348.7454787777],[4779643.041442195,2704292.27073245],[4779742.114667248,2704378.424498827],[4779622.401098742,2704448.5688193124],[4779703.813509241,2704617.200223785],[4779561.36229875,2704652.148643091],[4779543.883157087,2704562.9926815536],[4779441.183541455,2704652.852992613],[4779573.981363875,2704716.999774744],[4779478.228224941,2704973.6162713324],[4779617.367533892,2705026.406301111],[4779552.766008044,2705131.5575625217],[4779648.706029135,2705158.418016751],[4779548.872424917,2705338.826254796],[4779412.810006507,2705313.1985645127],[4779518.470934552,2705411.6369363684],[4779447.3808433125,2705474.595348873],[4779475.9322542185,2705566.4971658387],[4779381.051616337,2705546.4696779265],[4779383.461748565,2705445.668223147],[4779209.277232397,2705512.8292287216],[4779327.291816977,2705591.576362186],[4779220.260186741,2705662.7174062217],[4779026.584035127,2705649.7574230987],[4779085.946626221,2705800.154145142],[4779270.773925433,2705891.2113007493],[4779192.1786984755,2705983.890407564],[4779286.815711344,2706063.5882927976],[4779094.274219827,2706015.9191153664],[4779149.925932424,2706216.5903377365],[4779060.819465853,2706310.748988288],[4779168.237275482,2706291.805248879],[4779083.734302253,2706387.9434813485],[4779263.738665882,2706442.847970461],[4779086.690435254,2706547.0826487495],[4779228.787512406,2706645.230513658],[4779123.645485849,2706632.763079593],[4779174.626299527,2706689.8528296975],[4778862.633453162,2706867.307862364],[4778944.198071779,2706995.627364366],[4778867.202124471,2707157.0979226325],[4778975.681287298,2707208.057730942],[4778866.205170233,2707241.557484567],[4778828.292020188,2707545.535353403],[4778977.514523838,2707576.2414496485],[4778897.757203448,2707831.2072203327],[4778712.608416923,2707907.729550615],[4778629.754490078,2708037.975167487],[4778549.842027033,2707982.210074613],[4778616.672697016,2707868.463711227],[4778486.692344889,2707843.3488008818],[4778398.84151641,2708082.547648626],[4778220.724714895,2707940.2633705554],[4778267.989579684,2708104.9552626223],[4778129.11420236,2708148.709948918],[4778436.965689621,2708227.3760179756],[4778309.734273397,2708242.919293355],[4778295.227131717,2708334.639915094],[4778280.974313546,2708258.4573618015],[4778192.141408829,2708267.9887538073],[4778167.857331602,2708450.913763577],[4778356.564074023,2708539.7287415434],[4778317.3797563845,2708663.9461790835],[4778191.764465369,2708681.5466185557],[4778207.794621977,2708776.587488874],[4778101.39610841,2708876.8293448733],[4778004.090411532,2708777.8991170092],[4778072.256976951,2708892.0949783623],[4777989.6267014835,2708910.808132332],[4778019.694121043,2709036.130151563],[4777881.037012811,2709082.066163114],[4778027.917101274,2709477.711057983],[4777855.622954657,2709515.58338091],[4777978.728676121,2709528.1225546254],[4777952.902111932,2709699.917036513],[4778012.853169802,2709759.195094848],[4778115.629857794,2709622.7565488014],[4778101.990008178,2709782.0812120466],[4778004.097351654,2709919.9028478945],[4777894.510265099,2709905.7816410833],[4777853.456053848,2710031.516305498],[4777710.461491341,2709975.8356752195],[4777630.782378947,2710161.832069701],[4777380.764139494,2710380.997580103],[4777501.430898645,2710616.549680689],[4777433.712792444,2710835.3094840087],[4777362.890902631,2710879.84661999],[4777299.672200894,2710769.0787373083],[4777247.997725335,2710840.7610575203],[4776948.426988906,2710744.7238509767],[4776812.92948706,2710873.8188927346],[4776920.587373884,2710878.7313540326],[4776953.725330758,2710965.8732565325],[4776721.359098233,2711188.6720397626],[4776963.995509869,2711353.579317906],[4776828.863052421,2711345.312473788],[4776773.976179837,2711422.8015775206],[4776706.758509093,2711343.2390552727],[4776629.683922856,2711371.8307795282],[4776633.518312676,2711516.9672532915],[4776797.807579876,2711499.202485415],[4776853.187372688,2711639.560415933],[4776784.109074348,2711727.5532279266],[4776662.4607719835,2711585.7078492045],[4776574.324675955,2711740.338280185],[4776631.156480239,2712222.3571620365],[4776503.070705724,2712180.4756662543],[4776398.311393059,2711995.173371302],[4776397.748697587,2712108.124131756],[4776238.305295675,2712290.722200836],[4776177.8197512245,2712184.372686543],[4776064.741759832,2712346.0919054905],[4776086.391105324,2712451.8857125514],[4776191.261663982,2712413.472953027],[4776189.580560892,2712578.0954658515],[4776065.908587531,2712498.405560411],[4776015.271395406,2712541.712085572],[4776071.301743382,2712658.325561319],[4775830.241257761,2712921.599960917],[4775691.276368003,2712729.055549776],[4775579.746505744,2712741.9844952924],[4775579.120549907,2712975.108715647],[4775104.715067384,2713291.1713273833],[4775158.856779591,2713415.5396615304],[4776482.322265739,2713968.6617881563],[4776403.990630833,2714268.7023147824],[4776124.271597379,2714730.715878291],[4777018.381487103,2715150.146787068],[4777680.767947231,2715239.874885763],[4777883.763403575,2715396.5776193086],[4778178.90695142,2715470.572770998],[4778240.726406344,2715407.667099954],[4778617.8008046895,2715566.9708319604],[4778747.130821377,2715844.019536554],[4778685.438661163,2716147.6002187273],[4778607.610178729,2716128.9436575146],[4778551.777717191,2716242.0457277535],[4778605.638831185,2716589.808934387],[4778699.882293459,2716693.403708727],[4778701.630137113,2716993.912480251],[4778858.516914573,2717089.8534575473],[4778980.987933632,2717300.021185354],[4779037.98622573,2717739.9326279773],[4779534.304561643,2717903.4156084163],[4779931.30461498,2718379.1995688123],[4780050.615347954,2718229.117711256],[4780239.53147437,2718162.8788901065],[4780460.5715759965,2718336.4539672215],[4780771.498118726,2718396.124150302],[4780897.034701413,2718157.763900594],[4780564.858327944,2718119.9061096497],[4780243.242666254,2717958.12163956],[4780234.088369694,2717768.062875107],[4780395.064414066,2717467.4166998146],[4780300.127669928,2717268.4809080423],[4779919.428610308,2717111.4968586476],[4779884.008509371,2717052.7677722257],[4780004.104025722,2716907.5095232995],[4780388.449075194,2716708.7533513224],[4780760.519634149,2716321.0451873224],[4781173.360269243,2716623.151538451],[4781449.463210162,2716969.1719406717],[4781638.816473258,2716859.0577253196],[4781752.026441101,2716926.08598877],[4781783.803361324,2717137.424067717],[4781596.5930472305,2717386.4023771794],[4781757.544771708,2717710.6482630563],[4781552.0063136155,2717657.167457128],[4781147.551059414,2718245.402238584],[4781076.149387801,2718736.9382225308],[4781163.674920806,2719101.873995327],[4781449.812501026,2719049.5003357166],[4781772.857094086,2719135.9404026987],[4782056.240610133,2719043.143423532],[4782234.871179671,2719187.653016846],[4782441.4025993375,2719051.4918918847],[4783076.069835405,2719040.9247442237],[4783336.103153325,2719109.1335538314],[4783581.568986497,2719396.782667058],[4783867.4852775745,2719414.9293028717],[4784196.748173479,2719668.3072538036],[4784331.193583222,2719571.7830178635],[4784782.1549001625,2719939.9309492917],[4786015.06178675,2720144.6066064816],[4786864.182751953,2720591.725836448],[4787441.654152591,2720594.7460033],[4787842.927528778,2720501.7400201256],[4788500.552926481,2720560.063838447],[4789013.080932439,2720854.8866804694],[4789536.34614543,2720962.827817219],[4789952.261598564,2721197.2508015423],[4790288.8129902175,2721275.4607255915],[4790606.199895542,2721584.828335257],[4790797.279502792,2721940.96713831],[4791042.1116898935,2722040.02668796],[4791150.712037267,2722205.421340661],[4791533.330018878,2722463.066437917],[4791594.146048902,2723045.6847341345],[4792078.726837655,2723335.7849469557],[4792517.893934142,2724133.153298857],[4793102.822072148,2724328.7086576885],[4793474.532928609,2724747.557225582],[4793665.233375406,2724839.9003277146],[4793869.626991238,2724671.583816787],[4794020.802912805,2724758.8701767386],[4794312.82041624,2724711.12449143],[4794351.431492712,2724888.2446761345],[4795014.926302414,2725834.560920917],[4795191.683938317,2725945.549949258],[4795619.109881393,2726023.6398451347],[4795825.509319802,2726168.486438468],[4795939.475429394,2726390.296418137],[4795891.959667661,2726635.0546676354],[4795968.674460929,2727007.429854559],[4795562.564089784,2727277.884084188],[4795307.834770706,2727340.98467026],[4795467.039548146,2727448.3999331733],[4795630.359831314,2727411.232524201],[4795961.361301662,2727660.7472645184],[4796236.7636802215,2727646.22611124],[4796564.045142521,2727998.7914353726],[4796642.477778411,2728352.15701974],[4796334.582258558,2728653.3045100663],[4796943.582114794,2729241.5090660583],[4796866.725503365,2729340.110956499],[4796920.574708038,2729397.4158426174],[4797428.38608612,2729738.839580839],[4797281.77859722,2730029.1396141187],[4797836.396910564,2730679.0800344963],[4797791.131609318,2730932.1078546746],[4798156.437895656,2731844.8960385197],[4798085.47242524,2731986.8302687523],[4798142.060695709,2732156.4445124585],[4798040.098816982,2732703.372744602],[4797873.916662573,2732968.5414510514],[4797364.309751049,2733129.006154194],[4797233.242783219,2733272.202965794],[4797126.969844455,2733443.1823194884],[4797139.186268622,2733596.9595777392],[4796678.259477395,2734237.39608693],[4796530.725470714,2734222.9318224336],[4796545.468155332,2734301.4614165407],[4796395.7746327,2734459.3783554956],[4795805.933197763,2734688.6909602243],[4795775.880690115,2734845.773053285],[4795619.674168871,2734933.5731573845],[4795716.03881273,2735862.4971638857],[4795965.573647597,2736543.24611238],[4795717.228240984,2737099.3747306196],[4796152.745781325,2737614.7959196456],[4796210.041704265,2738036.61314204],[4796432.757140817,2738446.8739790893],[4796632.764461107,2738607.769728061],[4796657.638938193,2738845.7406702903],[4796766.650284574,2738989.0813211566],[4796585.479368676,2740629.6273011295],[4796695.509054263,2740996.4946862333],[4796964.593511245,2741266.5638979706],[4797370.410552739,2741477.328365556],[4797493.550162524,2741470.15553041],[4798087.697566548,2742123.6920801564],[4798318.113345036,2742228.4262812887],[4798316.494868928,2742466.3031610996],[4798203.839089306,2742503.490142398],[4798080.389055969,2742764.9061263795],[4797861.173662726,2742978.3241857206],[4798296.432602506,2743439.715909574],[4798401.521475944,2743533.241901402],[4798913.695687195,2743647.0383459837],[4799352.336475129,2743651.359653759],[4799552.311776858,2743930.267749692],[4799573.49293441,2744394.894665947],[4799409.808967264,2744605.4805473913],[4799155.122534231,2745281.6163767916],[4799409.6150170695,2745561.246282256],[4799455.2983850045,2746056.711044029],[4799197.883629931,2746589.8392789625],[4798612.832812038,2747209.0485880934],[4798359.884108914,2747722.9662486473],[4798401.456181804,2747975.125728207],[4798244.485542963,2748366.485340109],[4797890.377951801,2748894.2788891066],[4797646.643026757,2749105.4595915447],[4797715.363577108,2749386.8075153315],[4797589.883811343,2750121.8071322287],[4797079.019042718,2750053.2954859794],[4797019.087611472,2749901.1426905626],[4796554.311337694,2749966.5177367264],[4796212.215445153,2749796.1669874964],[4794937.027336709,2750495.369166289],[4794512.628461388,2750619.553765],[4794264.343698445,2750593.068827366],[4794364.4841798935,2751313.474877541],[4794230.86162415,2751501.9709075047],[4793876.433690645,2751678.127292168],[4793536.7376931375,2752884.060016281],[4793008.946524065,2753188.227205191],[4792987.393242145,2753621.890471969],[4792758.266681071,2753990.8895283737],[4792813.278212324,2754245.7571844365],[4792570.534019561,2755080.7119114446],[4792599.852994427,2755808.5172739034],[4792685.946654522,2756049.309499293],[4792577.372186613,2756540.769975776],[4792706.253337265,2756938.84687144],[4792921.955048345,2757122.921816595],[4793005.131340282,2757357.18696336],[4792878.139688652,2758117.667024707],[4792937.301051533,2758580.997824544],[4792870.745895205,2758752.65480478],[4792706.854810054,2758851.21296499],[4792549.5807019435,2759384.0123105138],[4792408.814047709,2759488.979582566],[4792805.7838442605,2760372.01920528],[4792991.690505348,2761375.4623759934],[4792702.015027642,2761565.2297590883],[4791480.522340041,2761826.359510717],[4791072.979903585,2762085.778595153],[4790802.181096349,2762100.30917559],[4790729.02442408,2761800.226436632],[4790327.639093045,2761849.095580044],[4790301.4372033635,2762441.5679667797],[4790737.221399631,2763841.771796877],[4790936.883418463,2764079.7802386824],[4791420.647170036,2764216.394263155],[4792204.57072297,2764013.6494434616],[4793182.428004561,2763903.930394597],[4793635.01935482,2763659.491661052],[4793315.205537223,2763478.5986021627],[4793132.929448954,2763464.2507246],[4793419.656504286,2762760.464116181],[4793222.156218764,2762066.1005608244],[4793884.244979607,2761441.9924813095],[4794429.511702854,2761890.6491769077],[4794587.101342643,2762552.0725211888],[4794940.530488918,2763309.2855779836],[4795558.529573654,2763634.0188167356],[4795813.815761372,2763476.754141642],[4796161.458923233,2763998.4259112184],[4796210.817232446,2764483.5179908327],[4796142.440112523,2764522.9411841123],[4796026.997021846,2765027.625655875],[4796071.145867759,2765221.923646366],[4796775.077247062,2765946.0445862687],[4797009.898432447,2766010.1763127064],[4798229.20543534,2767617.1973779844],[4798121.998327942,2767678.493128735],[4798619.905490447,2768541.55422481],[4798373.799680343,2768848.8451885725],[4796867.718273357,2769813.157767334],[4795630.37612883,2770722.500852177],[4795528.883935835,2770894.346515587],[4796124.279865921,2770720.301366889],[4796332.155221467,2770816.460447107],[4796375.921196765,2770971.4540439965],[4796616.60143137,2771181.0239612646],[4797111.4054618785,2771267.549698086],[4798013.150574526,2771899.607841613],[4798054.22255822,2772288.284618897],[4798181.996976479,2772268.4509331547],[4798452.50356498,2772648.5670139957],[4799355.144195579,2772098.7001761785],[4799666.455068634,2772317.4301158125],[4799944.263245269,2772700.0442032246],[4800205.3815071,2772782.0024638223],[4799862.281713389,2773079.5615775203],[4800402.449460521,2773797.5508706165],[4799888.272903794,2774014.3766914364],[4800271.471215377,2774378.3387323385],[4800392.2056245655,2774379.3903688653],[4800487.983333449,2774214.28607425],[4800627.014909355,2774263.8325346652],[4800647.889033104,2774382.257016632],[4800554.741153644,2774523.828289023],[4800694.182751526,2774708.0215266235],[4800681.488223985,2774923.3807023168],[4800792.0278425375,2775167.596181919],[4800744.152337622,2775492.8853672394],[4800624.437238897,2775472.1111839986],[4800519.148012312,2775561.9387035896],[4800813.54308878,2776201.5408429415],[4800547.629338151,2776122.5686895903],[4800414.1917391075,2776340.464422891],[4800684.420045657,2776417.764141069],[4800979.042613169,2776667.896295171],[4800915.133224676,2777084.360795454],[4801246.551345201,2777355.9149428494],[4801611.392401641,2778050.846067764],[4802186.779357927,2778305.1004286027],[4802372.601027398,2778797.538902982],[4802869.410434441,2778935.9263230762]]]}},{"type":"Feature","properties":{"flugjahr":"2010","gebiet":"Steiermark"},"geometry":{"type":"Polygon","coordinates":[[[4611316.966342437,2690876.0440058005],[4611296.938407567,2691183.1063888175],[4611352.6667069625,2691237.9314669194],[4624999.441841896,2692142.143347481],[4625606.972671219,2683230.645148415],[4625622.979721596,2683178.207155291],[4626060.932479122,2683198.413867496],[4626119.649915693,2683004.967338578],[4626250.948702896,2682967.785871066],[4626277.285312587,2682510.0969918184],[4626118.133346991,2682485.494483706],[4626117.549594126,2682423.7900991854],[4626151.984282505,2682297.067111575],[4626280.349935466,2682297.1724563185],[4626325.786264854,2681812.574926208],[4626113.404264774,2681772.5228540273],[4626169.194362573,2681581.6590114487],[4626332.334633646,2681580.4959989507],[4626362.464284084,2681223.903261522],[4625743.997741648,2681127.614650839],[4625867.49047696,2679183.611245949],[4621977.552835369,2678919.844581766],[4621420.019472377,2679817.171411155],[4620493.514826922,2680468.8443201794],[4620132.730552569,2680577.324127233],[4620019.666359363,2680528.4143908788],[4619488.656847913,2680831.908414093],[4619100.072967757,2680816.0099065807],[4618495.964118032,2681038.9335370823],[4618220.648657788,2681019.4077378456],[4618062.51892199,2680848.658195734],[4618075.994071709,2681288.9076040117],[4617967.2722779075,2681440.276820554],[4617903.538415286,2681872.695623705],[4617683.024411961,2682028.9005043805],[4617365.242692956,2682513.324332427],[4617231.899954084,2682307.080173933],[4616839.012637747,2682354.2151327166],[4616666.876385015,2682274.359943128],[4616604.395906068,2682149.050483849],[4616280.060484895,2682422.497980557],[4616419.9538574945,2682544.066368481],[4616468.998514155,2683006.883121509],[4616757.500453136,2683075.4788390845],[4616893.732916314,2683372.5067855143],[4616878.156372711,2683501.2180894567],[4615255.436875506,2684478.1327186297],[4614736.252597661,2685026.800832283],[4614572.72281473,2685340.6787279947],[4613970.165214258,2685650.4704130543],[4613829.996624187,2686138.8794627343],[4613544.514449045,2686456.909073971],[4613200.929938077,2686752.3496677307],[4612939.304358479,2686766.6031856854],[4612763.341799109,2686955.4348867917],[4612663.686888623,2687193.4733252428],[4612802.857831209,2687453.2220018087],[4613269.383798867,2687625.2498272825],[4613387.0404353235,2687877.768649347],[4613771.446002809,2688144.2436730755],[4613969.113557346,2688463.8100184966],[4613929.574179439,2688949.4764305055],[4613605.938734603,2689714.147177732],[4613450.73121232,2689924.907862055],[4612625.6607676055,2690197.1160509028],[4612071.901462835,2690633.776985175],[4611746.412806618,2690677.372443073],[4611595.35050885,2690824.1162133943],[4611316.966342437,2690876.0440058005]]]}},{"type":"Feature","properties":{"flugjahr":"2007","gebiet":"K\u00e4rnten"},"geometry":{"type":"Polygon","coordinates":[[[4695917.680214902,2633511.4919641595],[4685923.862501767,2633048.692204978],[4685057.461883024,2653013.9950882844],[4686129.479525395,2653065.537636008],[4688305.2111726925,2651016.8095415113],[4689471.36597256,2649311.6188522605],[4690609.350215932,2649278.8102788213],[4691312.318690264,2650138.0533887884],[4691346.975314539,2650343.1741387676],[4690127.390763421,2653247.944383572],[4695042.483105006,2653474.989493915],[4695917.680214902,2633511.4919641595]]]}},{"type":"Feature","properties":{"flugjahr":"2020","gebiet":"Nieder\u00f6sterreich"},"geometry":{"type":"Polygon","coordinates":[[[4707402.541568915,2850368.20589912],[4704443.707005168,2885474.640147321],[4704940.6508825915,2885509.2910341052],[4706036.350832154,2884986.8944350476],[4706088.5300562065,2885361.3874670262],[4706266.1302847965,2885597.8428731896],[4706273.9851914765,2886100.3344310774],[4706380.30085517,2886457.6450584433],[4706698.973119207,2886484.4587798053],[4707036.442635079,2887091.7417640476],[4707301.789721467,2887875.0829942105],[4706868.267601348,2888567.9799295515],[4706839.859232634,2888998.1467968463],[4706931.785575806,2889593.011775189],[4707904.11636533,2889397.9419556223],[4708170.500249222,2889039.3529800205],[4708087.934886815,2888774.8571561878],[4708090.796673927,2888486.4863832756],[4708161.29207358,2888395.311543346],[4708401.8501908425,2888268.6791787175],[4708481.719050013,2888139.6443361556],[4709106.161970329,2887933.9472726574],[4709568.953557998,2888218.4879876324],[4710293.966983404,2887795.6698047193],[4710560.261662114,2888039.6220966894],[4710996.78073729,2888769.834580356],[4712543.061745055,2888833.6448326586],[4713002.060989787,2888673.8469546824],[4713632.747816716,2888602.0880035004],[4715284.167139715,2887700.655835772],[4715526.064165048,2887151.1204866683],[4715786.304986166,2886928.401342739],[4716385.770944532,2886774.102094977],[4717023.099349381,2886155.690746496],[4717958.463738921,2885640.52036044],[4718561.74583288,2885558.1373234666],[4719749.575236988,2885586.8421286363],[4719991.295087956,2885519.5655659065],[4720258.344568834,2885150.6805402455],[4720380.057183048,2885098.157999963],[4721059.411939872,2885776.3678019666],[4721225.483219329,2885836.5585929668],[4721816.862758226,2885247.0341985514],[4723403.46111618,2884574.8665105137],[4723801.506444024,2884312.0785878194],[4724000.228634757,2883316.5413175547],[4724174.9997222535,2883120.932190681],[4724238.460946485,2882620.2151173996],[4724807.847703988,2881971.264981864],[4728250.92454117,2881121.157293167],[4729670.6806425005,2880283.746949416],[4729907.116497424,2880268.639464526],[4732173.835820401,2880681.2956646713],[4732504.726717752,2880605.1110103703],[4733208.651211106,2879956.822538917],[4733480.713915266,2879589.6165752225],[4733886.742109396,2879444.8916174993],[4734003.182576029,2879620.6919179764],[4734212.586081322,2879623.9735534247],[4735069.648165159,2879278.0175263984],[4737288.209829799,2852931.8408634653],[4707402.541568915,2850368.20589912]]]}},{"type":"Feature","properties":{"flugjahr":"2013","gebiet":"K\u00e4rnten"},"geometry":{"type":"Polygon","coordinates":[[[4691665.733813048,2615947.3541986356],[4691652.316599256,2616260.2426394653],[4691692.8340633325,2615993.279693543],[4691665.733813048,2615947.3541986356]]]}},{"type":"Feature","properties":{"flugjahr":"2007","gebiet":"Salzburg"},"geometry":{"type":"Polygon","coordinates":[[[4545433.655586018,2696687.1461185305],[4545542.429759438,2694191.1413847567],[4543043.370096911,2694079.1443131045],[4542934.640954352,2696575.1510377815],[4545433.655586018,2696687.1461185305]]]}},{"type":"Feature","properties":{"flugjahr":"2013","gebiet":"Nieder\u00f6sterreich"},"geometry":{"type":"Polygon","coordinates":[[[4742715.363872034,2803215.41700312],[4740627.649044965,2828126.8539303145],[4769270.26170264,2830586.688357313],[4771026.310385799,2809659.564611249],[4780694.796677392,2810499.302826737],[4780724.573246695,2810385.1798820132],[4781165.269289551,2810140.0830317806],[4781091.748743814,2810103.4934333423],[4781143.811640724,2809906.273318931],[4780970.5995046655,2810015.707933722],[4780654.518624201,2809596.9490835667],[4780252.18736754,2809362.604221224],[4780193.39624135,2809199.0596148544],[4780709.938412943,2809287.524545828],[4781103.6213437375,2809256.3801344093],[4781155.872286087,2809137.1330850977],[4780942.798049152,2808863.5900120665],[4781192.622846419,2808299.7673222693],[4781455.802412094,2808138.3613488884],[4781994.061766804,2808002.1911239736],[4782107.160928504,2807862.0938817984],[4781597.492180605,2807276.5595973236],[4781739.620364627,2807108.7000436997],[4782004.817152045,2807038.7175134164],[4781811.739127876,2806354.4885309017],[4781793.211008392,2805747.061376905],[4781597.245016086,2805196.627756145],[4780788.686391884,2804117.6754641775],[4780800.520449701,2803757.468415296],[4780404.133376004,2803412.496969194],[4780624.210711937,2803193.0077111577],[4781316.982919711,2802966.4350767788],[4781531.20933258,2802712.272769404],[4781651.3600931335,2802383.6987896366],[4781635.457536457,2801895.8249920243],[4781770.6989799,2801637.389851357],[4782137.786595032,2801816.2772117835],[4783621.389002955,2801686.081821895],[4783656.250555545,2801573.339040098],[4783344.749703104,2801670.9249275997],[4783280.222297305,2801483.0930194375],[4782962.471395659,2801410.4173771697],[4782721.891935136,2801174.9192707613],[4782695.833850213,2800998.714342776],[4782859.949821374,2800922.1359214857],[4783013.787276724,2800657.8765979446],[4740724.857794711,2797023.590027755],[4740474.662656665,2800012.745882531],[4741720.168350604,2800119.46525013],[4741469.902226329,2803108.6805497804],[4742715.363872034,2803215.41700312]]]}},{"type":"Feature","properties":{"flugjahr":"2011-2012","gebiet":"Nieder\u00f6sterreich"},"geometry":{"type":"Polygon","coordinates":[[[4803642.822603489,2779587.5650624144],[4803324.723281058,2779315.47024143],[4778760.169839634,2777203.3800009335],[4777677.001902381,2790157.476193279],[4783904.074496176,2790692.7849302497],[4783243.985582388,2798609.0382307703],[4783584.720994756,2798407.9401976895],[4784038.972149107,2798615.380276226],[4784825.182584446,2799209.6328031467],[4785597.918517062,2799422.2165677575],[4786380.520096813,2799294.065022745],[4786696.2735372,2799457.1183940293],[4787063.943327465,2799785.3767657257],[4787428.987648535,2799841.232680852],[4788097.331442073,2799696.195164797],[4788338.852797154,2799521.6268412583],[4788615.158093707,2799618.9046500823],[4789381.144731333,2799532.8563553058],[4789497.018168985,2799238.575727584],[4789475.906539088,2799077.4598452],[4790168.475759562,2798599.0934734894],[4790511.352641255,2798508.530442087],[4790567.730385814,2798535.6171738235],[4790622.473294544,2799200.1521378644],[4790957.26963587,2799122.262585321],[4791332.123597391,2800446.0096352682],[4791301.651025584,2800621.533369606],[4793276.426460192,2800216.6171601834],[4793842.026650732,2799908.53076815],[4794870.272473054,2799759.5782474433],[4795839.593169408,2799720.5091546047],[4797380.402614167,2799390.0064282417],[4797405.49229436,2799280.468915752],[4797581.806315418,2799192.412176466],[4797677.6297676135,2798968.546061927],[4798006.043071108,2799021.228033581],[4797928.791042917,2799251.100788823],[4798554.884502306,2799336.1236692574],[4798730.904908579,2799611.782636432],[4799794.57365719,2799366.357146066],[4799546.457079222,2799878.7192542213],[4799462.132647734,2800557.489401445],[4799364.407388267,2800690.2260243674],[4799336.470304932,2801327.6646875674],[4800838.021014087,2801579.4006815096],[4801423.459400359,2802073.1098933406],[4801735.06581011,2802471.604535831],[4803642.822603489,2779587.5650624144]]]}},{"type":"Feature","properties":{"flugjahr":"2012","gebiet":"K\u00e4rnten"},"geometry":{"type":"Polygon","coordinates":[[[4661810.806854847,2611949.620027745],[4691074.886449587,2613280.493510008],[4690749.059905576,2612957.078185825],[4690770.184654027,2612807.3499240624],[4690898.116317203,2612693.154137047],[4690822.083308342,2612446.2883857554],[4690928.243916613,2612016.8600830776],[4690915.385523831,2611569.3612711304],[4690617.648081202,2611413.5369527424],[4689962.4407980135,2611306.1885777717],[4689434.496097181,2610888.97670917],[4689110.933611722,2610801.06190162],[4688444.284918159,2610306.709371876],[4688082.039046534,2610500.642913424],[4688001.334700819,2610380.974029805],[4687745.6762975175,2610830.721527577],[4687455.518801871,2610732.934135375],[4687137.752870714,2610790.0571755865],[4686694.909646733,2610688.3091152515],[4686458.420609701,2610740.2304773596],[4685609.751810258,2609914.9144959026],[4685503.882704925,2610095.3208185844],[4685507.447679793,2610261.8203256223],[4685416.359545411,2610288.846194623],[4685325.157380659,2610523.951426913],[4685017.111333167,2610722.2134943875],[4684755.022377815,2610473.155640593],[4684599.246534637,2609840.0864035697],[4684131.680940587,2609010.0662780358],[4684061.468596995,2609278.805097517],[4683839.4904892305,2609451.698202891],[4683575.414808527,2609854.3201384246],[4683019.623240069,2610010.9640820893],[4682939.741823951,2609446.352368243],[4682749.026336605,2609181.326938454],[4682839.677143343,2609077.783568158],[4682857.737355472,2608824.064547528],[4682724.370770322,2607866.958157741],[4682182.263690283,2607783.738532514],[4682140.862818911,2607528.4096025317],[4681873.356417781,2607102.7684868784],[4682167.091708244,2606803.953484511],[4682178.330723243,2606535.7780456473],[4682290.443327714,2606332.2340932116],[4682085.960631081,2605915.6287960797],[4681941.755334968,2605995.9196598153],[4681688.1372987265,2605905.745561649],[4681310.318711571,2605947.806701724],[4680815.784970697,2606304.228680893],[4680499.879771251,2605706.945110067],[4680279.782470381,2605596.815099743],[4680584.235816655,2605167.818900801],[4680366.369751901,2604755.6276779044],[4680286.218182054,2604354.254617352],[4679993.973758429,2604378.9356170315],[4679663.497428795,2604234.697927625],[4679424.554321176,2603801.028857925],[4679233.9992326815,2603633.3667883445],[4678834.81936877,2603543.4861402623],[4678604.229386331,2603615.3360668323],[4677972.576862744,2603335.180751864],[4677732.863328308,2603340.4489210453],[4677035.299028706,2602904.05471217],[4676328.4565221965,2602772.323520968],[4675623.277168343,2602849.9431868223],[4675194.767253321,2602744.9640027136],[4674998.168582808,2602494.7683995697],[4674328.900978926,2602439.7624069694],[4674374.481759705,2602141.1365393274],[4674309.131509757,2602037.6435859697],[4674048.200599792,2601808.8258267688],[4673642.633793954,2601610.124715923],[4673673.524165741,2601412.9708045404],[4673525.719390254,2600970.5593119436],[4673511.784137335,2600410.882910015],[4673420.7792779105,2600304.211091589],[4673491.611685371,2600055.415326207],[4673914.739039564,2599917.4853805276],[4673916.95634782,2599581.2408194826],[4674002.986291746,2599389.584279786],[4673946.769206906,2598947.386272564],[4673821.709914153,2598778.6094548865],[4673872.227511341,2598075.5802562614],[4673954.819416549,2597868.9850783553],[4673826.01131996,2597516.5870232387],[4673867.618563469,2597451.549449004],[4673726.39783808,2597013.273373213],[4673346.215946978,2596511.3897133423],[4673349.831480528,2596404.5183594194],[4673593.689309825,2596250.485854412],[4673353.839278587,2595726.423010874],[4672961.807174965,2595528.62136071],[4672661.40539617,2595545.2458598395],[4672444.779781464,2595446.934055142],[4672387.181108351,2595157.1635776325],[4672307.307091616,2595136.099493348],[4671721.384842963,2595565.879455218],[4671749.762145948,2595689.992395209],[4671633.3839947125,2595800.9819754916],[4671661.2365348125,2596526.3069699244],[4671474.360355277,2596807.935004246],[4671379.185156261,2597222.399627496],[4671118.21349063,2597706.645863721],[4670858.104113767,2597915.6948897275],[4670886.412810286,2598013.80278615],[4670413.064076887,2598504.4535920946],[4670268.049610842,2598798.2527911193],[4670186.94607477,2599377.1966361078],[4669883.597019287,2599654.3384367693],[4669567.032751491,2599675.22171134],[4668743.732765151,2600649.8811971624],[4668694.005495559,2601029.573846166],[4668301.5832755575,2600885.66030629],[4667805.43443784,2600829.7018947783],[4667469.27950332,2600616.4335405733],[4667295.71459224,2600462.3997272262],[4667268.988493411,2600168.182093847],[4667078.750608783,2600133.593862645],[4666888.550056733,2599985.3186019394],[4666517.604961075,2599302.1591682974],[4665904.762764236,2599544.3370057046],[4665694.979427631,2599355.098143868],[4665484.691479177,2599303.098996194],[4665414.665832777,2599765.5135026095],[4665260.991719219,2599992.3994669504],[4665031.715099894,2599962.781406603],[4664503.735565093,2600187.4573063143],[4663826.610336475,2600045.937574901],[4663329.1847616015,2600171.91295976],[4662971.09098436,2600053.1343938075],[4662644.483041958,2600196.8522916953],[4662538.174437039,2600466.922790502],[4662575.83299274,2600749.8772785226],[4662218.594254798,2601033.9049333427],[4662016.701875984,2601064.473894241],[4661602.08803865,2601584.942686416],[4661733.823342217,2601956.9126538886],[4662229.769653965,2602143.0231832312],[4662190.478584558,2602377.080562513],[4661912.055554166,2602346.348290499],[4661488.792970537,2602796.3147039334],[4661035.523498084,2602582.0128320185],[4660175.86025427,2602541.200232116],[4660083.41939021,2602639.5989550743],[4659966.008378425,2602631.9369238135],[4659909.130707866,2602515.18015069],[4658960.955130474,2602301.667527923],[4657896.032922407,2601701.9535921863],[4656836.273676025,2601718.579094752],[4656787.727906194,2601593.049033706],[4656573.704993904,2601524.372584791],[4655928.43120037,2601543.0765584097],[4655596.076996206,2601363.4063258925],[4654986.181214769,2601334.5180025143],[4654763.690878401,2601083.866269285],[4654526.965075078,2601046.1269858796],[4654107.3887283765,2600676.5689163534],[4653650.581801811,2600549.507289487],[4652916.768687135,2600565.7785865525],[4652493.090213612,2600414.5952736],[4652269.031499352,2600427.0079919817],[4651848.632313359,2600933.334391064],[4651817.665055258,2601157.432231837],[4651721.71381743,2601246.9370670114],[4651148.341638679,2601338.843267358],[4650274.206161407,2601743.75806717],[4650136.633520906,2601647.30357707],[4649916.889434729,2601664.2111079353],[4649410.969702888,2601494.9058539257],[4648869.971632075,2601080.9242577674],[4648649.749367566,2601179.3151658652],[4648247.288292547,2601128.376411872],[4648117.096637727,2600921.182798859],[4647664.1218996,2600588.754546019],[4646915.703306912,2600389.5705395984],[4646809.389079548,2600289.7424982097],[4646588.225195311,2600412.267919017],[4646313.696964842,2600443.8536369754],[4646003.987992951,2600651.1215600492],[4645724.822346285,2601155.8905660757],[4645370.576527239,2601433.1379469726],[4645212.672217849,2601347.4155905205],[4645022.214510043,2601389.1955967937],[4644866.788783069,2601035.3091821535],[4644499.419504978,2600947.435304666],[4643576.091979746,2601089.4387117885],[4643489.699994488,2601210.734164121],[4643293.955999691,2601235.2165846257],[4643199.471875868,2601387.337714861],[4643224.6171611305,2601192.8671285487],[4643083.251119263,2601016.342981314],[4642617.322065279,2600719.7428260604],[4642428.226186696,2600723.1934068464],[4642136.965670377,2600218.511498112],[4641850.780078412,2600203.8883875026],[4641608.89058332,2600096.494326073],[4641137.608398372,2600119.809356729],[4640449.414595846,2600314.707083534],[4640277.851818189,2600486.3064850243],[4640148.525369633,2601114.0766246226],[4639914.13594076,2601111.499654332],[4639600.602713643,2601388.663009229],[4639402.788289572,2601428.471812243],[4639276.07115417,2601649.131071867],[4639121.345406093,2601662.9375727237],[4638924.129945344,2601840.659832789],[4638841.987185561,2601949.5917504984],[4638905.843587803,2602269.626126494],[4638820.005188816,2602770.9231410343],[4638254.582499992,2603461.4364736136],[4638334.07452434,2603617.234913538],[4637911.290886354,2604214.7427512934],[4637589.51412526,2604437.5504126647],[4637663.494613375,2604712.4564289926],[4637058.806893188,2604857.924885578],[4636590.123601754,2615781.471485536],[4646596.27990918,2616238.212826536],[4646922.192274979,2608751.593396098],[4654419.694974061,2609094.4937900426],[4654093.48587574,2616581.1572275856],[4661583.318973567,2616928.296445772],[4661810.806854847,2611949.620027745]]]}},{"type":"Feature","properties":{"flugjahr":"2008","gebiet":"Salzburg"},"geometry":{"type":"Polygon","coordinates":[[[4540054.375279137,2713952.6529440796],[4540346.373878122,2713688.7537990543],[4542210.264336839,2712785.6965330318],[4543709.909203212,2711855.0052209487],[4544313.454315616,2711642.5228866083],[4539782.496579344,2711439.4626469063],[4539673.507815928,2713935.594511118],[4540054.375279137,2713952.6529440796]]]}},{"type":"Feature","properties":{"flugjahr":"2008","gebiet":"Salzburg"},"geometry":{"type":"Polygon","coordinates":[[[4572813.385885506,2700418.7621187763],[4567815.534445576,2700193.535692294],[4567706.517799433,2702689.688531689],[4572704.337173926,2702914.9177939836],[4572813.385885506,2700418.7621187763]]]}},{"type":"Feature","properties":{"flugjahr":"2008","gebiet":"Salzburg"},"geometry":{"type":"Polygon","coordinates":[[[4516095.867330584,2680372.2688989476],[4516204.243375773,2677876.5130507825],[4513705.018269703,2677765.328148469],[4513596.664601785,2680261.1001314563],[4516095.867330584,2680372.2688989476]]]}},{"type":"Feature","properties":{"flugjahr":"2019","gebiet":"Ober\u00f6sterreich"},"geometry":{"type":"Polygon","coordinates":[[[4610411.898120462,2757151.647971952],[4637862.26383102,2758403.6814214163],[4638192.843084331,2750913.8560612765],[4635692.771676893,2750799.64563859],[4636388.215639073,2735019.4023789437],[4636137.966799831,2734709.3531560707],[4636003.408456584,2734588.355714643],[4635597.867667195,2734530.3704764117],[4635287.296773296,2733943.9491749075],[4634939.265308289,2733790.768916484],[4634804.669484079,2733753.8533642357],[4634265.450638438,2733972.0133605506],[4633902.528835545,2733821.4213720593],[4633630.086675251,2733567.902341381],[4633415.1866958,2733515.9550873167],[4633114.533487085,2733602.4579650713],[4632977.91943208,2733503.2184481174],[4632544.773062074,2733553.9996788194],[4632111.037912548,2733216.182373151],[4631851.81908313,2733146.1595383547],[4631618.540033967,2732701.693351856],[4630879.648142749,2732407.714942791],[4629974.126667609,2732323.7773999595],[4629358.117213979,2731984.440845052],[4629319.580873746,2731841.2927112663],[4628867.284631778,2731804.524285982],[4628709.232005942,2731392.8941047927],[4627734.033341823,2731315.091423563],[4627040.676433291,2730982.301539905],[4626595.120693955,2730871.698909344],[4626235.319615499,2731086.7243672693],[4625543.619854545,2730953.316050551],[4625518.387828709,2731332.0239077783],[4625617.720834428,2731411.5164755816],[4625767.8142348165,2731846.052674811],[4625632.24905948,2731970.4915039116],[4625153.875441737,2731965.7100510043],[4625592.978123616,2736602.5200671908],[4624973.743357737,2737298.0229619555],[4624138.605115409,2737783.377316734],[4622788.37455372,2739000.9775477946],[4622036.641890165,2740081.8952926467],[4621358.049438201,2740285.1536399936],[4620928.913901892,2740117.7643895918],[4620895.884761879,2739901.642622156],[4620234.00567957,2739733.0589967524],[4620016.232119192,2739568.601054001],[4619322.9668063065,2739908.547489791],[4619280.708099563,2739863.9782276754],[4618909.190745473,2740217.654571217],[4617570.107988538,2740816.469776549],[4617143.142138826,2740732.7230149694],[4616336.129787582,2740750.994520854],[4615217.95528124,2740184.9697125326],[4614201.277516522,2740797.862573142],[4613894.020839962,2741333.6263754433],[4613903.5926567735,2741511.6535746846],[4613343.468257837,2741462.9738741787],[4612638.293644202,2741922.950835709],[4612307.485647032,2741971.655854272],[4612010.769140551,2741841.322808752],[4611947.670969215,2742269.5626152204],[4611831.08038424,2742347.3631107016],[4611677.08409095,2742283.432009859],[4611646.194463158,2742094.9072994217],[4611237.627003596,2742017.6759642437],[4611041.432969787,2742140.182209234],[4610411.898120462,2757151.647971952]]]}},{"type":"Feature","properties":{"flugjahr":"2016-2017","gebiet":"Nieder\u00f6sterreich"},"geometry":{"type":"Polygon","coordinates":[[[4707399.499570208,2850369.0652918154],[4668509.043262894,2847042.1860352075],[4667937.241429187,2848495.657224725],[4668013.760924531,2849625.959578892],[4668638.620231683,2851699.3772963574],[4668714.420039912,2852617.7930410127],[4668917.176921256,2853263.2374866963],[4669279.486300854,2853997.8484965684],[4670543.857794311,2854878.7066982067],[4670850.282835072,2855440.3610897157],[4671827.723200684,2856133.0276031583],[4672811.251515756,2857146.3315961002],[4673577.853183571,2859573.937597273],[4673986.079341413,2860460.0640057446],[4674179.594201865,2861763.8831279236],[4674061.223599657,2862426.2728083055],[4674203.249365837,2863359.7066973797],[4675034.760125328,2863659.500279229],[4675517.4276276,2864072.6127447532],[4676760.375511809,2864164.344598353],[4677091.614251936,2863920.733406341],[4677738.407679566,2863630.4143806105],[4678559.463837156,2863859.3622748656],[4679192.503557896,2863875.102958124],[4679594.317762101,2863807.5484995823],[4679966.30781236,2863488.4762954554],[4679965.909977155,2863042.831410513],[4680074.522092769,2862917.6241647163],[4680750.900011109,2863030.778802904],[4683315.427142352,2863026.329476109],[4683657.932710629,2862381.1630345704],[4684059.329374097,2862093.122239075],[4685158.576935337,2862348.6479797163],[4685723.559607097,2862967.817773475],[4686474.526557197,2863391.1841915254],[4686491.259997689,2864230.2425436703],[4686226.178904771,2864517.7928580483],[4685679.778716742,2864696.8547865353],[4684997.312094037,2864719.66408546],[4684231.161765345,2864936.230836597],[4683840.0996976085,2865460.7554415613],[4684885.611973858,2866745.413670844],[4684815.451404271,2867546.3584700995],[4684882.809548677,2868319.606629755],[4685296.562585359,2868890.867758759],[4685374.521627658,2870789.097913833],[4685626.3302564155,2871400.5372969266],[4685723.279281243,2871970.7055995786],[4685551.413617448,2872760.094893269],[4685452.353850505,2874881.8243781794],[4686084.3717412725,2876580.937441143],[4686409.879044567,2876766.4601688543],[4686274.104160972,2879322.6359951985],[4686071.470539016,2879735.736194464],[4685488.7657229565,2880417.3832504675],[4684979.478841929,2882642.609395419],[4684712.549691591,2885233.49974317],[4684798.6948635215,2886116.6528947535],[4685285.429790682,2887256.9855496204],[4685284.544582434,2887427.3239308004],[4685624.268792381,2887749.820736145],[4685762.662820671,2888758.0858513582],[4685556.4508861415,2889702.596010394],[4685718.489257815,2890112.226859078],[4685973.543855769,2890498.9270729213],[4687550.495182924,2891335.646169298],[4688030.464121769,2891419.34143856],[4688449.483904104,2891193.5242432896],[4688787.80534918,2890793.5712196333],[4689283.457571939,2890530.4311064593],[4690803.959771842,2890955.6689522723],[4691325.895911612,2890714.194781905],[4691310.6886112895,2890364.4053897783],[4691503.328939889,2890055.3437758796],[4691549.955413479,2889760.6838318575],[4691422.6875915965,2889427.633575179],[4691520.686112116,2889185.466377369],[4691812.5848928355,2889114.252037154],[4694027.9293255,2888997.3346926365],[4694495.464887542,2889305.369769345],[4695488.312791848,2889347.1147788307],[4696325.220627162,2889522.43722017],[4696797.413387437,2889426.3388201874],[4698179.426826648,2888897.9064338235],[4699251.307391845,2886166.2488634726],[4699402.296771953,2885389.534183624],[4699060.260796329,2884065.00543785],[4699405.745798319,2883808.5113329417],[4700839.621300701,2883866.0839572744],[4701538.8378105415,2884676.177330582],[4702049.629133127,2884931.74802828],[4702203.378710752,2885247.891598342],[4703112.037452137,2885744.6759426226],[4703778.299527531,2885682.1965840952],[4704443.707005168,2885474.640147321],[4707399.499570208,2850369.0652918154]]]}},{"type":"Feature","properties":{"flugjahr":"2011","gebiet":"K\u00e4rnten"},"geometry":{"type":"Polygon","coordinates":[[[4606161.878764357,2624402.5528977076],[4611172.825386973,2624627.760985838],[4611606.733058749,2614645.5022802493],[4636590.123601754,2615781.471485536],[4637058.806893188,2604857.924885578],[4636426.537576001,2605013.1974432366],[4636140.630480604,2604887.468164883],[4635935.343442354,2605001.0816566707],[4635948.767249176,2605208.7837017532],[4635551.404382242,2605521.562078465],[4635308.44389965,2605593.530707186],[4635059.678477755,2605540.6934972624],[4634879.925726157,2605674.084395594],[4634707.167823817,2605609.437271793],[4633684.115611986,2605671.816994734],[4633274.485694268,2605908.460254688],[4632740.985379801,2605927.1238514427],[4632135.031709577,2606252.7861152077],[4631703.752802885,2606144.1961876187],[4631354.272305243,2606191.61561445],[4631010.330425739,2606025.5655127936],[4630720.674221032,2605751.7608384965],[4630660.075262846,2605467.6804386443],[4630415.029872977,2605447.285221941],[4630279.660209167,2605348.5700020483],[4630169.236635126,2605054.3785411175],[4629913.887697548,2604847.081564004],[4629329.00548446,2604871.4395146733],[4628808.090140421,2604756.131537945],[4628117.211774758,2605342.0873610936],[4627695.495935035,2605362.0329657244],[4627466.124894503,2605459.17472749],[4627380.479504122,2605962.4253681367],[4627157.319118782,2605999.611511592],[4626343.256606439,2606504.0908197025],[4626169.934575438,2606362.4999577953],[4625892.182536347,2606318.4757189844],[4625216.837225198,2606716.263942544],[4625102.388594858,2606954.935144859],[4624524.935525567,2607299.7206054823],[4624517.637499327,2607417.865600072],[4624211.735209004,2607478.2351836935],[4623760.500996341,2607835.552055034],[4623386.687929669,2607823.479949416],[4623340.612522424,2607896.2373706624],[4622845.376688196,2608038.104578898],[4622602.416494316,2608031.865900156],[4622200.945473587,2608549.5028004246],[4621335.869812347,2608780.6628602333],[4621092.02022536,2608712.191785211],[4620936.749152683,2608558.8680621367],[4620518.083552897,2608479.4017978236],[4620088.44020509,2608514.6963075637],[4619826.36751894,2608709.6661284356],[4619453.543230714,2608663.9419472227],[4619020.641131917,2608841.9764713654],[4618796.56850769,2608424.898906366],[4618668.742715139,2608459.3712596437],[4618491.953643616,2608362.7898014546],[4618231.904153144,2608404.0595558514],[4617901.158355537,2608254.1410549018],[4617559.462031045,2607909.52140933],[4617424.032208828,2607933.5988740795],[4617277.6993290875,2607803.9005510905],[4617022.69383042,2607746.913044184],[4616770.419637097,2607802.9971065125],[4616446.637758042,2607760.2071387814],[4615989.116552983,2607925.6578622847],[4615679.110885023,2607918.0012231963],[4615485.577760719,2608013.018562747],[4615390.189647949,2608169.4910008963],[4615155.863119421,2608184.586869117],[4614960.101172556,2607981.080946014],[4615013.511164335,2607797.9570255103],[4614861.434249808,2607604.794526514],[4614480.841727267,2607485.5432425635],[4614399.442777438,2607238.4104010006],[4614131.377039064,2607179.6298499377],[4613992.524111762,2606893.8224355066],[4613759.613911415,2606726.219059466],[4613171.63219692,2606785.5148507357],[4612691.789242723,2606701.254705334],[4612425.323129732,2606559.6395547106],[4612199.312320345,2606837.130955123],[4612028.954426304,2606807.177868571],[4611650.854873463,2607118.224947784],[4611268.942111022,2607255.9831864526],[4611079.602188058,2607833.3732154504],[4610948.233814054,2607850.1739523737],[4610802.932182154,2607665.2899359106],[4610564.280249988,2607692.806951911],[4610296.192979107,2607594.3327616886],[4610196.712938426,2607467.296823626],[4609238.951970968,2607812.1580218845],[4608755.2546047475,2607696.53658754],[4607962.54757087,2607640.498649235],[4607078.675389708,2608143.9979253397],[4607042.676532613,2608268.9655010044],[4606886.625691168,2608253.8915886264],[4606161.878764357,2624402.5528977076]]]}},{"type":"Feature","properties":{"flugjahr":"2012","gebiet":"K\u00e4rnten"},"geometry":{"type":"Polygon","coordinates":[[[4608272.359051157,2656199.293947202],[4608343.195513181,2654369.1822927864],[4611845.8011293225,2651061.0584083935],[4614538.494153585,2651183.2986178715],[4617873.702563691,2652144.9848724846],[4619742.431446754,2655150.5440793843],[4622203.327380817,2655394.354723165],[4622629.608833077,2657298.049830036],[4626590.04203967,2658194.3415750335],[4627154.265948908,2662554.007854618],[4631448.654009856,2663145.38870426],[4633186.328068474,2666767.302836495],[4641293.179590068,2668607.157357915],[4642059.979112251,2665740.2072291835],[4649935.5546605345,2666251.080713088],[4652627.557334565,2665947.186277184],[4653343.138039642,2663103.1666833432],[4654754.477022071,2661695.299972158],[4660679.956881099,2662553.7842181996],[4661067.474098976,2664330.3072702093],[4669810.137995213,2664555.9076942196],[4671415.262355125,2664571.3819491235],[4672116.772481812,2664457.9371377374],[4672316.825223223,2664580.0797182517],[4672575.494933695,2664582.5762218446],[4679451.71797725,2666492.9111278527],[4680052.752629615,2652783.3491403516],[4685057.461883024,2653013.9950882844],[4685923.862501767,2633048.692204978],[4665934.30171929,2632135.636020826],[4665498.400836486,2642110.6264189556],[4660500.977878907,2641881.3142711474],[4660282.7223601425,2646872.910619106],[4655285.289849978,2646643.8189672143],[4655503.424566404,2641652.239841005],[4650505.746614778,2641423.4318635724],[4650941.519993564,2631440.483614035],[4640945.669168705,2630983.5835866584],[4640728.001547116,2635975.014576383],[4630731.83555901,2635519.219236651],[4630949.37013648,2630527.750913915],[4610955.821041346,2629619.0955039104],[4611172.825386973,2624627.760985838],[4606161.878764357,2624402.5528977076],[4605522.920012113,2639375.4368057614],[4596624.370282711,2638972.638793931],[4595492.112079402,2639699.7157001887],[4595091.502434285,2648905.9375241282],[4590065.558490735,2648679.09410308],[4590505.407833409,2649309.3982206853],[4590628.394091946,2650535.668723792],[4590209.162037848,2652432.8705483237],[4589145.830699079,2654534.166693003],[4588554.894184118,2654897.738051148],[4587316.554003687,2656024.535471661],[4586343.025351305,2656568.950431335],[4585455.564060051,2657852.7093125777],[4584957.448682654,2658316.5387881324],[4582744.877632295,2661451.6731681046],[4582241.036918034,2661771.1567329867],[4581433.87979549,2662106.9944599355],[4581260.707116457,2662126.2057318827],[4581050.186542889,2662036.666882309],[4580813.407693778,2662113.0421089623],[4580586.412833681,2662471.030867145],[4579432.122968036,2663528.236244479],[4579256.296621182,2667609.7631998984],[4579854.623850383,2667518.467672226],[4580022.289694677,2667613.997214212],[4580275.918454743,2667791.276154288],[4580777.341247367,2668545.0231213802],[4581397.860236308,2668890.4897301635],[4582361.830410433,2668607.3815879216],[4583665.508437255,2668951.7117985375],[4583954.827208975,2668788.6634022607],[4584718.323674897,2668690.350187711],[4586013.688806406,2668302.3556683073],[4586804.835358697,2668214.8163612154],[4587004.344252303,2668149.2302312194],[4587036.988625106,2668006.8985421252],[4587165.258915488,2667945.3857318424],[4587717.881737738,2668004.567552083],[4587883.227544339,2667869.6959631843],[4588563.649209615,2667825.0785953356],[4588677.822688038,2667703.2218328826],[4589367.611518571,2667415.058054095],[4589632.976207887,2667458.795776922],[4590627.000410985,2666958.6086214576],[4591040.600280606,2666922.170249978],[4591402.489220056,2666642.870677002],[4593197.6164671155,2666219.821244673],[4594053.674204353,2666599.7939449362],[4594443.824736316,2666571.2781271287],[4595134.230515066,2666760.581920623],[4595960.421740832,2667185.894646023],[4597414.991531113,2666890.222449845],[4597971.12282656,2665416.1870076293],[4598438.069307902,2665137.0794024565],[4598898.622073055,2665210.8646866577],[4599113.078896544,2665357.3257167083],[4599512.700887513,2665207.7846366465],[4599803.056345997,2665335.624867937],[4599911.162595599,2665186.1215158333],[4600760.764754944,2665352.5155228567],[4601639.327491082,2665361.396873314],[4601753.196566536,2665079.816681155],[4601865.705084335,2665031.976360426],[4601860.5436275825,2664846.4692304423],[4601296.143357978,2664318.0294916034],[4601603.507292898,2663265.15654015],[4601436.7061700225,2662662.45649676],[4601735.268408413,2662502.8071567453],[4601681.233362421,2662323.9072725656],[4601828.053071606,2662198.2170449547],[4601766.538401269,2662089.5592988506],[4601949.617742907,2661639.0671595144],[4602508.174207722,2661289.3845585193],[4602593.117828211,2660962.3745740824],[4602872.207105779,2660741.207436005],[4602969.594340105,2660533.8703227006],[4603530.147171714,2660399.7153614527],[4604190.520224968,2660112.022052025],[4604690.005738374,2660069.958614489],[4604866.855573215,2659930.9307383224],[4605056.217615124,2659910.105625632],[4605459.269560748,2660019.5443166737],[4606023.01935165,2660383.1599965994],[4606026.5196299525,2660477.0640008654],[4606113.883761476,2660384.386226625],[4606537.548022623,2660286.9914497966],[4606936.49095261,2659974.7564935507],[4606960.754516197,2659317.095590749],[4607107.322479899,2659197.2813988533],[4607312.785323322,2659212.478393706],[4607671.075671727,2659099.324657852],[4607973.415061032,2658783.652528249],[4608242.96961235,2657869.4847879275],[4608158.325832748,2657082.2396291476],[4608415.503309288,2656791.3811042802],[4608272.359051157,2656199.293947202]]]}},{"type":"Feature","properties":{"flugjahr":"2009","gebiet":"Salzburg"},"geometry":{"type":"Polygon","coordinates":[[[4523796.715646683,2733498.181958756],[4523808.284981561,2733233.5046321955],[4520727.566837192,2733095.716840012],[4521172.511767825,2733464.197151801],[4521595.327476317,2733455.408907131],[4522061.023479123,2733653.9375133077],[4522523.44643976,2733713.327141338],[4522938.8149713725,2733582.695964141],[4523497.067187367,2733694.1646181243],[4523796.715646683,2733498.181958756]]]}},{"type":"Feature","properties":{"flugjahr":"2009","gebiet":"Salzburg"},"geometry":{"type":"Polygon","coordinates":[[[4515419.522548231,2730357.56650277],[4515971.341259028,2731549.9166270234],[4516355.582671217,2731898.9387132474],[4516420.951997383,2730402.2744319467],[4515419.522548231,2730357.56650277]]]}},{"type":"Feature","properties":{"flugjahr":"2009","gebiet":"Salzburg"},"geometry":{"type":"Polygon","coordinates":[[[4545433.655586018,2696687.1461185305],[4542934.640954352,2696575.1510377815],[4542825.856704878,2699071.1521012457],[4545324.821606387,2699183.1380756763],[4545433.655586018,2696687.1461185305]]]}},{"type":"Feature","properties":{"flugjahr":"DTM:2019, DSM:2009","gebiet":"Steiermark"},"geometry":{"type":"Polygon","coordinates":[[[4759535.384262775,2720281.136545112],[4759435.9319382785,2721961.5528064882],[4763535.941444666,2722031.1214319845],[4764998.681047656,2721882.287351313],[4767241.902173201,2721319.410255506],[4768204.194147294,2720876.706781558],[4759535.384262775,2720281.136545112]]]}},{"type":"Feature","properties":{"flugjahr":"2009","gebiet":"Salzburg"},"geometry":{"type":"Polygon","coordinates":[[[4524679.988675772,2713264.703311233],[4527178.900409696,2713376.4002909116],[4527287.765946861,2710880.3827047213],[4529786.714755577,2710992.0760096256],[4529895.531982362,2708496.040563058],[4521142.186652771,2708104.9739232403],[4521522.147594581,2708363.9883623477],[4522270.439818404,2708439.5994371315],[4523063.1449497985,2708791.833349332],[4523742.616742385,2709395.0900468314],[4524379.542975763,2709799.6149574025],[4525025.667915748,2710077.3702036943],[4525307.359636455,2710336.0143339797],[4525471.267272332,2710885.6205817144],[4525255.684641543,2712090.548279454],[4525094.147095065,2712487.453872917],[4524696.041576189,2712896.5916583063],[4524679.988675772,2713264.703311233]]]}},{"type":"Feature","properties":{"flugjahr":"2010","gebiet":"Salzburg"},"geometry":{"type":"Polygon","coordinates":[[[4557165.016424581,2714720.75377865],[4554666.796076243,2714608.430011382],[4554448.51907273,2719600.8401405048],[4556946.699169957,2719713.2131094555],[4557165.016424581,2714720.75377865]]]}},{"type":"Feature","properties":{"flugjahr":"2010","gebiet":"Salzburg"},"geometry":{"type":"Polygon","coordinates":[[[4552167.920227827,2714496.1381836557],[4550539.939002146,2714423.010858632],[4550419.51647446,2714677.919978719],[4550405.840606073,2715904.214295945],[4550155.348228638,2716131.068718297],[4550127.052021814,2716562.857622998],[4550343.916789288,2716752.814151408],[4550353.106956179,2716873.6638479684],[4550086.51829294,2717111.672027901],[4549708.115084525,2717239.414013836],[4549330.279008912,2717573.2808433794],[4549148.912474742,2717847.1654975996],[4549170.146278343,2718216.5721425973],[4549380.98219193,2718449.998489375],[4549444.146117636,2718703.079111077],[4549553.184915652,2718768.157048281],[4549583.761943912,2719130.299227077],[4550086.176620012,2719561.033898912],[4550128.707153022,2720000.190311221],[4550450.080581341,2720225.6195961977],[4550872.9726789,2720749.947736506],[4550846.408313973,2721128.9062016634],[4550529.831760817,2721291.4018967766],[4550373.264654898,2721653.5749413096],[4550155.479875436,2721909.049207258],[4550212.2004894735,2721911.5973502556],[4550586.071167148,2721324.0227787825],[4550900.943607705,2721165.680421709],[4550929.249171486,2721048.2285833796],[4550911.239064064,2720759.1996968035],[4550687.308584117,2720427.321441944],[4550157.396416646,2719956.258873589],[4550172.419758026,2719578.3672894044],[4550085.104099442,2719451.2437634515],[4551949.683368948,2719488.5764542464],[4552167.920227827,2714496.1381836557]]]}},{"type":"Feature","properties":{"flugjahr":"2009","gebiet":"Salzburg"},"geometry":{"type":"Polygon","coordinates":[[[4567706.3195195,2702689.6796029173],[4567815.534445576,2700193.535692294],[4557819.7022984065,2699743.918346665],[4557928.598430583,2697247.871465749],[4552930.641213814,2697023.4320470057],[4552821.758612539,2699519.4649373377],[4550322.779108595,2699407.297874942],[4550213.914871704,2701903.333430672],[4547714.9484146815,2701791.2210470554],[4547497.1232145205,2706783.365464018],[4544998.215205029,2706671.2923862343],[4544889.296969154,2709167.386571618],[4539891.416775974,2708943.38223607],[4539782.496579344,2711439.4626469063],[4544313.454315616,2711642.5228866083],[4544554.046145888,2711464.555399237],[4544922.065553088,2711389.917623144],[4545091.354684788,2711961.743579827],[4545034.085333543,2712280.481759541],[4545179.770172704,2712545.7627305486],[4545450.896075889,2712603.402344574],[4545602.124674993,2712548.9612588063],[4545716.256742485,2712385.335747627],[4546173.7829758115,2712226.9922834844],[4546413.1234073,2711869.5543722236],[4546810.675936979,2711953.443780937],[4546928.228808811,2711901.147237729],[4546909.292239322,2711104.501020597],[4547167.505031562,2710897.1867405116],[4547426.539488798,2710350.8719953327],[4547557.380695645,2710301.384811899],[4547763.853017805,2710491.5947690024],[4547893.669755304,2710808.9925643513],[4548295.850447988,2711140.3331176154],[4548453.655115672,2711665.1095688078],[4548733.457781395,2711934.2828338034],[4548989.178067583,2712414.9362378586],[4548966.369021573,2712647.971098501],[4549047.435122526,2712864.6867146143],[4549206.024091181,2712952.941042016],[4549579.243110833,2712985.7648100755],[4549851.586364054,2713239.747698106],[4550187.137921902,2713216.621900518],[4550489.693113524,2713483.4131241622],[4550448.723373799,2713780.22456526],[4550599.428622295,2713998.1037449585],[4550539.939002146,2714423.010858632],[4557165.016424581,2714720.75377865],[4557383.164958646,2709727.9719352145],[4559882.915077986,2709840.399543252],[4560317.924927164,2699856.4015241866],[4567815.331526444,2700193.731709117],[4567706.3195195,2702689.6796029173]]]}},{"type":"Feature","properties":{"flugjahr":"2007-2008","gebiet":"Nieder\u00f6sterreich"},"geometry":{"type":"Polygon","coordinates":[[[4747250.995067741,2853787.675762422],[4741024.609600802,2853252.3991498156],[4728571.389978126,2852182.960249231],[4728571.373475432,2852183.157134668],[4747250.995067741,2853787.675762422]]]}},{"type":"Feature","properties":{"flugjahr":"2015","gebiet":"Wien"},"geometry":{"type":"Polygon","coordinates":[[[4783224.3829537025,2800312.1862409045],[4782885.713449491,2800893.404464163],[4782695.833850213,2800998.714342776],[4782721.891935136,2801174.9192707613],[4782962.471395659,2801410.4173771697],[4783280.222297305,2801483.0930194375],[4783344.749703104,2801670.9249275997],[4783656.250555545,2801573.339040098],[4783621.389002955,2801686.081821895],[4782137.786595032,2801816.2772117835],[4781770.6989799,2801637.389851357],[4781635.457536457,2801895.8249920243],[4781651.3600931335,2802383.6987896366],[4781531.20933258,2802712.272769404],[4781316.982919711,2802966.4350767788],[4780624.210711937,2803193.0077111577],[4780404.133376004,2803412.496969194],[4780800.520449701,2803757.468415296],[4780788.686391884,2804117.6754641775],[4781597.245016086,2805196.627756145],[4781793.211008392,2805747.061376905],[4781811.739127876,2806354.4885309017],[4782004.817152045,2807038.7175134164],[4781739.620364627,2807108.7000436997],[4781597.492180605,2807276.5595973236],[4782107.160928504,2807862.0938817984],[4781994.061766804,2808002.1911239736],[4781455.802412094,2808138.3613488884],[4781192.622846419,2808299.7673222693],[4780942.798049152,2808863.5900120665],[4781155.872286087,2809137.1330850977],[4781103.6213437375,2809256.3801344093],[4780709.938412943,2809287.524545828],[4780193.39624135,2809199.0596148544],[4780252.18736754,2809362.604221224],[4780654.518624201,2809596.9490835667],[4780970.5995046655,2810015.707933722],[4781143.811640724,2809906.273318931],[4781091.748743814,2810103.4934333423],[4781165.269289551,2810140.0830317806],[4780724.573246695,2810385.1798820132],[4780664.994583464,2810525.8465058324],[4780684.410159512,2810670.8359695636],[4780601.761806606,2810755.251046835],[4780704.751771688,2810874.696260743],[4780706.19727362,2811172.2252967115],[4780618.018401515,2811529.2338501913],[4780768.807807896,2811990.4767748886],[4780752.072116832,2812219.9958400642],[4781033.603377018,2812701.323624835],[4781390.653478077,2812996.475030024],[4781304.882323037,2813264.061676676],[4781305.480394472,2813646.4138415344],[4781471.158027673,2813869.4372883867],[4781645.832173525,2813853.180159026],[4781998.398252328,2813568.3590742527],[4782009.174664813,2813462.4090029593],[4782535.142746301,2813313.691686136],[4783540.281900798,2812514.1094629033],[4784073.030024421,2812353.3336227606],[4783857.374597738,2811705.3255552514],[4783941.09037286,2811449.1457168544],[4784204.920362108,2811250.91226173],[4784581.9048005305,2811352.7770467433],[4784827.041125761,2811510.770333382],[4785306.024983899,2811516.64003646],[4785300.229002338,2811850.46491918],[4785396.571317171,2812166.22700778],[4785579.240887873,2812158.24527642],[4785777.356866293,2812323.323570426],[4785879.838655359,2812488.5920407763],[4785831.403156802,2812590.2973999246],[4786221.478195238,2812925.119448694],[4786130.966075492,2813146.7161387163],[4785729.794615004,2813220.644115475],[4786070.505323887,2813244.3939059656],[4786554.0291561,2813523.867291884],[4786846.704563379,2813507.8527066335],[4787218.035380872,2813687.3885318884],[4787391.665304184,2813967.8219474247],[4787732.336756101,2814205.9421732663],[4787855.623543939,2814405.338371775],[4787633.202664562,2814696.0444924408],[4787248.564790565,2814675.938335596],[4787439.3079491425,2815110.5090678153],[4787809.245550892,2815318.870725523],[4788025.737731436,2815320.6567624686],[4788248.072437413,2815482.728014608],[4788662.182024053,2815348.0698941983],[4789066.196571916,2815624.3571289065],[4789286.472774518,2815651.0905202543],[4789500.081300269,2816010.8172318866],[4789701.32821738,2816157.25883918],[4790310.666479242,2816095.671400039],[4790403.751633258,2816170.3655437483],[4790520.582301434,2816523.35331453],[4790847.438091273,2816660.402635945],[4791430.989003789,2817122.754686262],[4791125.2221924625,2817482.582914561],[4791613.36200493,2817692.273674455],[4792069.337262123,2816982.4511121945],[4792805.134093901,2816881.7559104133],[4793093.421872302,2816769.0728533277],[4793356.513591078,2816862.7400240134],[4793101.352706376,2817083.760614777],[4793061.744034,2817423.6783138313],[4793842.203501272,2817658.538465071],[4793888.678102981,2817995.817818341],[4793602.014185553,2818463.263141147],[4793624.830816357,2818539.123277553],[4793845.247562167,2819158.32354364],[4794202.5897578625,2819123.831953688],[4794319.17577066,2819185.968235048],[4794150.454073894,2819277.7243425753],[4794193.268670829,2819408.9326664913],[4794060.818310356,2819575.306580647],[4794093.793161714,2819781.76883505],[4793966.684484372,2820239.066812783],[4793803.112275857,2820381.0508585465],[4793845.312335379,2820855.8272965476],[4794117.936609507,2821157.2158215065],[4794395.522524473,2821126.532923396],[4794435.741051435,2821265.5220954344],[4794344.270920194,2821264.4931813916],[4794334.933417369,2821338.4275178686],[4794513.399149942,2821342.268344934],[4794488.557639668,2821499.2284715385],[4794790.070469916,2821548.897245433],[4794817.369575493,2821280.539396592],[4794745.231324267,2821183.976039502],[4795414.571401462,2820969.1210172],[4795485.550348347,2821236.169823709],[4796521.005900935,2821711.175444205],[4796987.413644635,2821656.813063145],[4797990.455237197,2821185.884109452],[4798088.301467443,2820362.1329070167],[4798302.406016676,2819722.407165043],[4798421.686802575,2818444.587462623],[4800916.552803042,2816937.031782161],[4801614.695482834,2816662.879074548],[4801719.981995434,2817384.154815338],[4801448.753449384,2818436.9785596444],[4801431.478827233,2818872.1824719417],[4802558.648389727,2818872.1486210595],[4802549.574249546,2818801.7318371814],[4803847.539052641,2818390.5935416217],[4803840.713102729,2818295.571706562],[4803976.20955891,2818227.8393009575],[4803882.128607331,2817763.5731147737],[4803726.848817572,2817529.029354673],[4803494.829418606,2816846.211441487],[4804065.264595206,2816610.076780806],[4804006.875020212,2816248.0187553624],[4804478.01664678,2816193.2118605976],[4804626.140591742,2815940.4462679084],[4805342.574005209,2815761.9855665574],[4805523.2566131195,2815742.205449336],[4805545.910553363,2815832.9966719546],[4805941.723103454,2816013.279120953],[4806575.5594254015,2815934.9354364607],[4806338.578552735,2814957.5760166314],[4806209.806250212,2813652.4610249274],[4806861.305719102,2813694.4335005595],[4806858.180297953,2813424.731326769],[4807232.143682959,2813311.854022726],[4806950.450663441,2811545.335389292],[4806951.56379931,2810745.8776651016],[4806819.3014368275,2810226.6816396327],[4806479.344940554,2809433.1119760377],[4806383.867368671,2808934.658485593],[4806877.105724431,2807973.471430898],[4806693.607673981,2807436.71813647],[4806673.921464796,2807055.978229003],[4806918.981988277,2806994.512232977],[4806962.724467219,2806901.9590922208],[4806933.270006794,2806791.8578318586],[4806660.581660451,2806958.5314812167],[4806605.525639622,2806398.0322119426],[4806975.957021457,2806009.0011693537],[4806641.934672605,2806073.029623031],[4806672.942090901,2805947.6096283174],[4806848.609503804,2805892.4236943903],[4807015.789633107,2805986.77741635],[4807271.697077826,2805942.8089583893],[4807192.571122351,2806158.593072911],[4807032.523967074,2806194.4374830495],[4806964.011947364,2806306.1812871885],[4807226.325725556,2806381.7884396547],[4807302.363646692,2806498.433350444],[4807456.075519618,2806504.56117602],[4807608.846716456,2806397.2897638623],[4807734.296317091,2805955.6671613418],[4807698.678012126,2805822.1386339734],[4807433.762814232,2805798.350845864],[4807450.326203643,2805722.6625530133],[4807597.6475199815,2805316.8498156182],[4807741.892395243,2805221.00275729],[4807732.590343176,2805047.940106231],[4807966.126877749,2804822.865989547],[4808237.99568949,2804775.3688375433],[4808052.084827793,2804989.76083491],[4808221.219936602,2805079.5259452015],[4808331.545414961,2805050.921248259],[4808645.767086236,2804661.73286215],[4808816.16806762,2804881.6698022024],[4809098.022136319,2805064.4390575364],[4809327.159247006,2805092.6351694856],[4809640.9387583155,2804902.644849845],[4809752.36987592,2804608.0934284097],[4809567.33004749,2804160.5181547124],[4809906.273588726,2803764.2409423194],[4809957.322262482,2801983.5943345213],[4807429.395207341,2802652.0989556042],[4806045.819494201,2803765.538162977],[4805325.9932985315,2804152.406782173],[4805115.487032563,2804187.5915967324],[4804003.276849199,2803785.6094410745],[4803608.529024215,2804041.8596194787],[4803255.301912298,2803609.635769927],[4802482.284858984,2803714.258045329],[4802424.940103545,2803392.144318617],[4801423.459400359,2802073.1098933406],[4800967.280617075,2801654.1519502695],[4800652.777880914,2801536.0663757375],[4799336.470304932,2801327.6646875674],[4799364.407388267,2800690.2260243674],[4799462.132647734,2800557.489401445],[4799546.457079222,2799878.7192542213],[4799794.57365719,2799366.357146066],[4798730.904908579,2799611.782636432],[4798554.884502306,2799336.1236692574],[4797928.791042917,2799251.100788823],[4798006.043071108,2799021.228033581],[4797677.6297676135,2798968.546061927],[4797581.806315418,2799192.412176466],[4797405.49229436,2799280.468915752],[4797380.402614167,2799390.0064282417],[4795839.593169408,2799720.5091546047],[4794870.272473054,2799759.5782474433],[4793842.026650732,2799908.53076815],[4793276.426460192,2800216.6171601834],[4791301.651025584,2800621.533369606],[4791332.123597391,2800446.0096352682],[4790957.26963587,2799122.262585321],[4790622.473294544,2799200.1521378644],[4790567.730385814,2798535.6171738235],[4790511.352641255,2798508.530442087],[4790168.475759562,2798599.0934734894],[4789475.906539088,2799077.4598452],[4789497.018168985,2799238.575727584],[4789381.144731333,2799532.8563553058],[4788615.158093707,2799618.9046500823],[4788338.852797154,2799521.6268412583],[4788097.331442073,2799696.195164797],[4787428.987648535,2799841.232680852],[4787063.943327465,2799785.3767657257],[4786696.2735372,2799457.1183940293],[4786380.520096813,2799294.065022745],[4785597.918517062,2799422.2165677575],[4784825.182584446,2799209.6328031467],[4784038.972149107,2798615.380276226],[4783584.720994756,2798407.9401976895],[4783243.985582388,2798609.0382307703],[4783460.8122977475,2798773.151201853],[4783481.359012426,2798872.4363894397],[4784966.980676017,2799442.241479248],[4784955.341855028,2799655.884135515],[4784760.037159436,2799735.5923453295],[4784906.785478373,2800007.360614175],[4783616.040096457,2799729.041985609],[4783656.921070852,2799834.786722518],[4783495.3989082575,2800166.7460430907],[4783224.3829537025,2800312.1862409045]]]}},{"type":"Feature","properties":{"flugjahr":"2015","gebiet":"Nieder\u00f6sterreich"},"geometry":{"type":"Polygon","coordinates":[[[4783103.822066392,2800479.297320671],[4783904.074496176,2790692.7849302497],[4777677.001902381,2790157.476193279],[4778760.169839634,2777203.3800009335],[4773778.210722627,2776775.648449041],[4773861.461267502,2775779.2026018417],[4768879.408234177,2775351.6700373883],[4768463.149592595,2780333.8635467472],[4738570.756669822,2777773.059963526],[4737571.577441654,2789728.879722172],[4741308.13582789,2790048.7576312227],[4740724.857794711,2797023.590027755],[4783013.787276724,2800657.8765979446],[4783103.822066392,2800479.297320671]]]}},{"type":"Feature","properties":{"flugjahr":"2011-2012","gebiet":"Nieder\u00f6sterreich"},"geometry":{"type":"Polygon","coordinates":[[[4783243.985582388,2798609.0382307703],[4783103.822066392,2800479.297320671],[4783224.3829537025,2800312.1862409045],[4783495.3989082575,2800166.7460430907],[4783656.921070852,2799834.786722518],[4783616.040096457,2799729.041985609],[4784906.785478373,2800007.360614175],[4784760.037159436,2799735.5923453295],[4784955.341855028,2799655.884135515],[4784966.980676017,2799442.241479248],[4783481.359012426,2798872.4363894397],[4783460.8122977475,2798773.151201853],[4783243.985582388,2798609.0382307703]]]}},{"type":"Feature","properties":{"flugjahr":"2010","gebiet":"Steiermark"},"geometry":{"type":"Polygon","coordinates":[[[4755509.5038198475,2720010.447241059],[4763052.166669222,2720471.5732174213],[4765813.96483738,2719822.7977471673],[4768706.329118528,2718531.3448944036],[4771499.307841487,2716227.0548094823],[4772927.159256093,2711496.792765072],[4772178.296172245,2711423.517721598],[4772207.680255421,2710431.7295687515],[4771262.113180372,2710335.2767687133],[4771660.708621951,2705394.2292741495],[4769681.239920189,2705197.4276189874],[4769835.681030378,2703241.8294597166],[4768859.60609883,2703118.1435625628],[4768927.896120215,2702161.663955152],[4768876.502972181,2702120.1072293143],[4767937.159496784,2702033.7316415817],[4768180.842487501,2699048.83131761],[4766191.664886705,2698877.411011553],[4766312.468736414,2696885.517232447],[4764361.240902606,2696711.6228191983],[4764404.071030177,2695718.4868897456],[4759460.652766607,2695287.7725547724],[4759701.866067282,2692362.0762475897],[4759666.483977358,2692304.160171622],[4756718.4089934435,2692040.3637414835],[4756914.831113659,2689059.503252826],[4737678.760260143,2687420.1265937747],[4737209.447059067,2687877.753545708],[4736893.000926233,2687887.5978791276],[4736761.190484817,2687991.251854246],[4736275.192460124,2688766.7665662053],[4735806.286395349,2689031.06560962],[4735497.514864686,2689462.165873073],[4735354.509023651,2689914.4096214953],[4735475.600809517,2690914.943047089],[4735208.694230259,2691859.5720134014],[4734444.203392938,2692890.2123331106],[4733342.786859608,2692814.0491285548],[4731788.609283574,2692443.3436175985],[4729397.761857113,2692151.145117212],[4727929.804869106,2692402.546790556],[4727580.254478241,2692374.209146705],[4726990.4759091865,2699513.623637467],[4728937.32511641,2699716.689186188],[4728975.304358238,2699775.2108827448],[4727091.553941879,2722580.579971934],[4737053.552204483,2723250.459610334],[4737435.415045262,2718278.5560578387],[4755459.860760517,2719505.826554047],[4755509.5038198475,2720010.447241059]]]}},{"type":"Feature","properties":{"flugjahr":"DTM:2019, DSM:2009","gebiet":"Steiermark"},"geometry":{"type":"Polygon","coordinates":[[[4756194.2780872,2658862.5043189395],[4757835.759226518,2659010.142131379],[4758086.953213118,2658641.8806943865],[4758152.811926533,2658052.3644901216],[4758065.6120370235,2657779.044342636],[4758204.241402184,2657609.3208227996],[4758204.502108743,2657259.995678708],[4758347.207041123,2656631.0350249037],[4758612.65966866,2656447.212523607],[4758643.409322203,2655996.2246149797],[4759066.73875087,2655340.302701894],[4759025.351081427,2655050.1036211336],[4758542.656877496,2654819.4449361637],[4758600.129933858,2654054.371932122],[4758544.532301273,2653653.3943940853],[4758822.160355944,2652962.64750447],[4758793.146527856,2651702.0992166917],[4758633.276332172,2651166.1699532964],[4758691.489535885,2650865.593451543],[4758200.045552906,2650078.9946303624],[4758111.627376909,2649352.20760955],[4758189.206655443,2648470.9929981274],[4757950.61495085,2647948.4278170406],[4757971.884246843,2647415.9411021327],[4757703.654864358,2646608.760638039],[4758077.601643361,2644881.575440308],[4756865.156886494,2645212.5413355865],[4756391.184901452,2645491.745911574],[4755969.352222467,2646595.1579905767],[4756342.409127445,2649451.114333698],[4756443.640561575,2650870.1535072955],[4757135.663291586,2651880.2353202505],[4757174.140570881,2652374.497614845],[4757025.751095345,2652606.824635322],[4756901.132912059,2653257.65654285],[4756667.762961291,2653830.363611917],[4756812.998246384,2654517.759039206],[4756696.128095909,2655358.109416213],[4756752.995034266,2656645.9470694372],[4756406.964982506,2658236.432667405],[4756194.2780872,2658862.5043189395]]]}},{"type":"Feature","properties":{"flugjahr":"DTM:2019, DSM:2010","gebiet":"Steiermark"},"geometry":{"type":"Polygon","coordinates":[[[4757835.759226518,2659010.142131379],[4756194.2780872,2658862.5043189395],[4755812.159043821,2660635.1578098806],[4756269.473762316,2660713.490960063],[4757308.302724565,2659771.8337535574],[4757835.759226518,2659010.142131379]]]}},{"type":"Feature","properties":{"flugjahr":"DTM:2019, DSM:2012","gebiet":"Steiermark"},"geometry":{"type":"Polygon","coordinates":[[[4630905.809790584,2716094.198145696],[4631297.637163392,2716120.4790762654],[4631884.083969669,2715344.2749081114],[4632011.90978425,2714919.7034062906],[4632465.341488527,2714516.993626504],[4632610.049291189,2713959.069936633],[4632769.699308906,2713654.0644844705],[4633010.083284843,2713426.8112267572],[4633181.065195606,2712726.9605940543],[4632981.5430125855,2712730.870822385],[4632808.699069685,2713199.423682225],[4632502.891204787,2713547.8073412795],[4632207.149454411,2714168.9018637026],[4631825.592522138,2714622.9349628403],[4631581.160096854,2715239.366927539],[4630905.809790584,2716094.198145696]]]}},{"type":"Feature","properties":{"flugjahr":"DTM:2019, DSM:2011","gebiet":"Steiermark"},"geometry":{"type":"Polygon","coordinates":[[[4631297.637163392,2716120.4790762654],[4630905.809790584,2716094.198145696],[4630814.643310766,2716429.5671132267],[4630515.465827509,2716695.1793836546],[4630354.492390576,2717303.414374192],[4630131.068402816,2717691.597393345],[4630028.868531839,2717806.047695931],[4629788.731294226,2717754.059183458],[4629587.776950204,2717859.002765306],[4629194.745329554,2718408.565981315],[4629879.642746119,2718665.5433312315],[4630009.134268009,2718300.6090198657],[4630437.287194385,2717812.666305215],[4630499.141489949,2717522.213548428],[4630705.013198263,2717214.310273909],[4630796.417515624,2716753.042674648],[4631107.080344448,2716659.117452379],[4631189.580482437,2716263.4967038566],[4631297.637163392,2716120.4790762654]]]}},{"type":"Feature","properties":{"flugjahr":"DTM:2019, DSM:2011","gebiet":"Steiermark"},"geometry":{"type":"Polygon","coordinates":[[[4796724.107392295,2668804.448360827],[4796427.71940169,2668988.4540261286],[4796508.751763655,2669348.9677259894],[4796944.024795007,2669399.9211660116],[4796724.107392295,2668804.448360827]]]}},{"type":"Feature","properties":{"flugjahr":"2008","gebiet":"Salzburg"},"geometry":{"type":"Polygon","coordinates":[[[4505882.417855627,2684919.213278247],[4505990.759189529,2682423.4348125895],[4500992.490523639,2682201.5597590944],[4501100.780521937,2679705.875543808],[4488604.856761487,2679152.1544655077],[4488496.676712121,2681647.6706589735],[4498493.323077679,2682090.664428753],[4498385.002765209,2684586.3212602413],[4505882.417855627,2684919.213278247]]]}},{"type":"Feature","properties":{"flugjahr":"DTM:2019, DSM:2012","gebiet":"Steiermark"},"geometry":{"type":"Polygon","coordinates":[[[4605077.080133913,2728370.05614787],[4605794.717841008,2728402.696668553],[4605762.923824802,2728109.899963591],[4606227.2575477455,2727892.787527407],[4606872.629988706,2726997.2704535173],[4607310.103306359,2726068.278869443],[4607739.728351534,2725660.404997353],[4608257.815487575,2725701.9584379196],[4608646.266964512,2725661.5562722594],[4609239.218755739,2725458.2977830106],[4609733.105478368,2725480.7562422166],[4610358.009277001,2725028.7378288736],[4610469.433017084,2724658.4575968864],[4610207.557235514,2724257.1971342433],[4609474.09537084,2724512.0964070424],[4608466.126295999,2725109.8686920363],[4607700.9983509295,2725082.120311384],[4607175.457034575,2725552.6996254297],[4606912.029782014,2725917.075859267],[4606858.90411359,2726282.996860197],[4606627.679001545,2726552.747451621],[4606491.888305641,2726884.885260546],[4605905.202720752,2727538.8444089033],[4605585.9935972,2727690.491008568],[4605295.270667179,2727809.4023428503],[4603659.535889282,2727943.3268219884],[4603111.799589533,2727915.4611250944],[4602633.905055072,2727574.4959752965],[4602540.974264866,2727797.486549007],[4603130.631524644,2728125.5120380213],[4604055.507133501,2728142.479768809],[4604257.7844627155,2728212.7216310464],[4604966.74396774,2728127.7872496736],[4605077.080133913,2728370.05614787]]]}},{"type":"Feature","properties":{"flugjahr":"DTM:2019, DSM:2011","gebiet":"Steiermark"},"geometry":{"type":"Polygon","coordinates":[[[4605794.717841008,2728402.696668553],[4605077.080133913,2728370.05614787],[4605097.808805908,2728565.130276535],[4604461.303620633,2729806.410898844],[4603975.871017199,2730640.1597636677],[4603640.861224276,2731060.3433487476],[4603879.519187401,2731738.7788946372],[4604186.206926144,2732031.9534680657],[4604499.131594041,2731932.0651015528],[4604665.436037077,2731521.2405288713],[4604676.793144089,2731285.5426173266],[4604514.608532339,2730781.727819852],[4605225.199965148,2729496.779124466],[4605375.756878157,2729421.536180955],[4605583.3605725365,2729415.9527880987],[4606230.313474613,2729989.8656044053],[4606839.361876741,2730240.740998783],[4607279.504351131,2730277.754336246],[4607552.172707723,2730205.068761877],[4607612.680483179,2730104.7247466557],[4607813.029365312,2730104.8219044525],[4607940.814715865,2730137.6541564134],[4608188.3114732085,2730387.1217187396],[4608408.846420364,2730452.1968226037],[4608599.888422873,2730664.0685071307],[4608891.73428571,2730656.3166497764],[4608948.70891711,2730476.7386814337],[4608275.727819193,2730175.897264516],[4608005.887898235,2729819.316973185],[4607522.309768786,2729790.3346663057],[4607208.176176049,2729963.230642884],[4606982.149842716,2729840.8593016244],[4606507.0293435715,2729779.2349235187],[4606394.575118553,2729579.9469588706],[4606219.255312332,2729511.9239863036],[4605758.8300402425,2729001.526348105],[4605794.717841008,2728402.696668553]]]}},{"type":"Feature","properties":{"flugjahr":"DTM:2019, DSM:2012","gebiet":"Steiermark"},"geometry":{"type":"Polygon","coordinates":[[[4637866.201017741,2723582.0085325036],[4638444.625391234,2723615.045774985],[4639385.099324071,2723138.7698457018],[4640840.346042188,2722757.8536177026],[4641244.000460511,2722531.0703616156],[4641145.652135367,2722216.2740110625],[4638187.879642576,2723074.0576289976],[4637604.435887327,2723432.090940378],[4637866.201017741,2723582.0085325036]]]}},{"type":"Feature","properties":{"flugjahr":"DTM:2019, DSM:2011","gebiet":"Steiermark"},"geometry":{"type":"Polygon","coordinates":[[[4638444.625391234,2723615.045774985],[4637866.201017741,2723582.0085325036],[4637866.0286412155,2723841.766852572],[4638110.5680178115,2723784.2196060405],[4638444.625391234,2723615.045774985]]]}},{"type":"Feature","properties":{"flugjahr":"2008","gebiet":"Salzburg"},"geometry":{"type":"Polygon","coordinates":[[[4513705.018269703,2677765.328148469],[4513813.338984579,2675269.624886289],[4518811.832824919,2675492.0966453054],[4518976.503582809,2671730.1611856055],[4518114.630590896,2671951.806379951],[4517821.505813988,2672458.7328296583],[4517615.4198685065,2672614.7908370947],[4516884.708593284,2672615.07336591],[4515861.773451777,2673031.907544202],[4515636.280480333,2673005.3477825765],[4515239.201752461,2672798.7554772836],[4514665.139832195,2672206.3658530284],[4514427.249931176,2672189.871744548],[4513350.256572252,2672914.8823856274],[4513144.377856997,2673696.0076238923],[4512654.227492784,2674437.6405734573],[4512446.9541814085,2674529.960343267],[4511760.11897925,2674614.0359406043],[4510651.166105263,2675117.3598414706],[4510093.345734969,2675108.35126698],[4509470.554547719,2675242.6693075337],[4509222.882097899,2675193.543406501],[4508988.048763713,2674956.4503132007],[4508890.456936793,2674464.7619060986],[4507643.868609674,2673721.4717105883],[4507127.03877343,2673661.463624924],[4506361.338593889,2674037.786481042],[4506207.351813905,2677431.99690305],[4513705.018269703,2677765.328148469]]]}},{"type":"Feature","properties":{"flugjahr":"2007","gebiet":"Salzburg"},"geometry":{"type":"Polygon","coordinates":[[[4541413.268441299,2674000.024374731],[4541630.276459377,2669008.4599435357],[4536631.730679406,2668785.0552751487],[4536523.307677958,2671280.843431744],[4539022.536455552,2671392.5238128486],[4538914.04806433,2673888.3195551597],[4541413.268441299,2674000.024374731]]]}},{"type":"Feature","properties":{"flugjahr":"2008","gebiet":"Salzburg"},"geometry":{"type":"Polygon","coordinates":[[[4544021.034153879,2671616.06387908],[4541521.788969265,2671504.2377733523],[4541304.719132903,2676495.845386426],[4543803.937257223,2676607.725131588],[4544021.034153879,2671616.06387908]]]}},{"type":"Feature","properties":{"flugjahr":"2009","gebiet":"Salzburg"},"geometry":{"type":"Polygon","coordinates":[[[4541521.788969265,2671504.2377733523],[4549019.48305697,2671839.8637437676],[4549356.700576099,2664084.7859057365],[4548999.300064009,2663978.1751866676],[4548474.382025813,2663399.3444586224],[4548187.712900692,2663263.43219232],[4547703.484970988,2663453.841851699],[4546958.402977262,2663352.4057121123],[4546708.741933446,2663402.250869167],[4546244.261391191,2663737.6380070313],[4546107.532601537,2664024.676596143],[4546234.606657941,2664512.6361725847],[4546149.707999552,2664852.026188872],[4545247.929458089,2665381.9775791173],[4545197.559448733,2665779.9557463517],[4544734.949548176,2666740.8262535557],[4544767.918131969,2666950.427445733],[4544668.538994504,2667254.1605586596],[4544434.887464921,2667442.8117261548],[4543477.608149144,2667843.1918077394],[4542805.938349021,2668035.240672323],[4540927.386882209,2667916.135707886],[4540342.860781086,2668247.187684006],[4539670.747298374,2668219.1257785656],[4539138.474764165,2668408.4430788467],[4538441.696567981,2668141.1373745888],[4538050.663349371,2667801.458589581],[4537358.502499427,2667819.5219268426],[4536849.525960548,2667887.815501081],[4536551.554908987,2668587.909777868],[4536276.2069746815,2668790.7329737623],[4535963.41346982,2668863.816306144],[4535667.688248283,2669304.8730780594],[4535359.1218144335,2669511.219518555],[4535054.324956267,2669492.599163454],[4534826.627144244,2669567.467974722],[4534531.222853214,2669494.2277522436],[4533904.686464608,2669501.236652467],[4533607.841739252,2669299.8699854305],[4533524.6551508205,2669116.058295672],[4533201.897927335,2668957.5602598293],[4532873.411268829,2668999.9091735138],[4532687.661676281,2668939.580452459],[4532068.0254634805,2669548.237822353],[4531717.8509521,2669743.7146700243],[4531393.576662802,2669712.228101323],[4531224.955219838,2669603.6456820536],[4530926.121408171,2669655.342014826],[4530644.759933953,2669604.76344174],[4530279.731847127,2669381.3600398167],[4529880.116769996,2669538.623608589],[4529523.532235905,2669489.69318705],[4529191.393407827,2669638.9561919556],[4529290.65961746,2670351.77015491],[4529171.064441304,2670682.6145427483],[4528977.098286616,2672061.749003144],[4528917.137967599,2673441.9028411414],[4531416.379989924,2673553.3754012026],[4530982.461295763,2683536.579218857],[4533481.643712938,2683648.207545407],[4533373.0559594305,2686144.0436208835],[4540870.405150295,2686479.42570551],[4541413.268441299,2674000.024374731],[4538914.04806433,2673888.3195551597],[4539022.536455552,2671392.5238128486],[4536523.307677958,2671280.843431744],[4536631.730679406,2668785.0552751487],[4541630.276459377,2669008.4599435357],[4541521.788969265,2671504.2377733523]]]}},{"type":"Feature","properties":{"flugjahr":"2008","gebiet":"Salzburg"},"geometry":{"type":"Polygon","coordinates":[[[4525875.559369316,2685809.324958156],[4526092.615318193,2680817.757039955],[4528591.789036056,2680929.2397745545],[4528483.2576239025,2683424.9671239564],[4530982.461295763,2683536.579218857],[4531416.379989924,2673553.3754012026],[4528917.137967599,2673441.9028411414],[4528977.098286616,2672061.749003144],[4528823.674976473,2672611.1796571636],[4528596.200750561,2672888.1893156366],[4528363.28192951,2672967.8446879443],[4527828.6085362565,2672982.003871286],[4526727.364541056,2672545.640475442],[4526518.083130972,2672358.2010448924],[4526431.0224954,2672148.2005474833],[4526138.9515049225,2671929.0512478855],[4525749.929558182,2671865.6647955],[4525566.756618711,2671999.5697930274],[4525139.9194904305,2672114.5970789245],[4524563.480702218,2671821.725824682],[4523875.480927065,2671674.9632231905],[4523500.696731734,2671883.3665753044],[4523110.909095326,2671782.426831552],[4524505.4949745145,2671266.866652156],[4523063.261984798,2671799.633317662],[4521481.378463636,2671680.256186947],[4521311.076284389,2675603.405875231],[4518811.832824919,2675492.0966453054],[4518703.46570796,2677987.792104617],[4521202.675815996,2678099.1428780546],[4521094.2483991645,2680594.910650234],[4523593.434042093,2680706.3006919874],[4523376.453456763,2685697.8285992504],[4525875.559369316,2685809.324958156]]]}},{"type":"Feature","properties":{"flugjahr":"2008","gebiet":"Salzburg"},"geometry":{"type":"Polygon","coordinates":[[[4554666.796076243,2714608.430011382],[4552167.920227827,2714496.1381836557],[4551949.683368948,2719488.5764542464],[4554448.51907273,2719600.8401405048],[4554666.796076243,2714608.430011382]]]}},{"type":"Feature","properties":{"flugjahr":"2009","gebiet":"Salzburg"},"geometry":{"type":"Polygon","coordinates":[[[4539673.507815928,2713935.594511118],[4539782.496579344,2711439.4626469063],[4537283.546231051,2711327.5837619775],[4537174.583571212,2713823.6793662794],[4539673.507815928,2713935.594511118]]]}},{"type":"Feature","properties":{"flugjahr":"2009","gebiet":"Salzburg"},"geometry":{"type":"Polygon","coordinates":[[[4570205.411078643,2702802.2396925474],[4567706.517799433,2702689.688531689],[4567488.396561287,2707682.0210613087],[4569987.273740537,2707794.599676014],[4570205.411078643,2702802.2396925474]]]}},{"type":"Feature","properties":{"flugjahr":"2010","gebiet":"K\u00e4rnten"},"geometry":{"type":"Polygon","coordinates":[[[4678428.269900173,2632702.1702218615],[4680929.346801778,2632817.5186860785],[4681802.819557845,2612852.6873840354],[4661810.806854847,2611949.620027745],[4661374.822292642,2621915.883158569],[4678864.608263978,2622719.705663995],[4678428.269900173,2632702.1702218615]]]}},{"type":"Feature","properties":{"flugjahr":"2012","gebiet":"Salzburg"},"geometry":{"type":"Polygon","coordinates":[[[4608512.040408657,2655623.9768340588],[4608295.165720308,2655610.0505943475],[4608272.359051157,2656199.293947202],[4608414.748632438,2656792.7363281683],[4608522.492516547,2656678.985963274],[4608579.527389434,2656327.710452432],[4608400.539636864,2656113.445535791],[4608561.806527969,2655712.28919404],[4608512.040408657,2655623.9768340588]]]}},{"type":"Feature","properties":{"flugjahr":"2012","gebiet":"Steiermark"},"geometry":{"type":"Polygon","coordinates":[[[4668885.8081788365,2744814.5034504873],[4670602.973846379,2744893.555941752],[4670230.785139702,2744607.53239359],[4670056.382602566,2744252.1707901834],[4669923.629968243,2744184.9601682397],[4669558.539033278,2744290.098851937],[4669085.133369868,2744246.508854191],[4668900.897581684,2744496.736555416],[4668885.8081788365,2744814.5034504873]]]}},{"type":"Feature","properties":{"flugjahr":"2020","gebiet":"Ober\u00f6sterreich"},"geometry":{"type":"Polygon","coordinates":[[[4673493.291710908,2745026.611771687],[4665999.466451297,2744681.7347465362],[4666109.746255381,2742185.1144905705],[4661114.777441377,2741956.5326076173],[4661223.976396592,2739459.910451523],[4658726.011728812,2739344.175810372],[4658836.08943298,2736848.6402348722],[4656338.034444823,2736733.9816607684],[4656448.11864361,2734237.4447447313],[4651451.862451569,2734008.3119546776],[4651561.850420624,2731511.812182078],[4646565.542471109,2731282.946670328],[4646675.44220404,2728786.5129656717],[4641679.043795986,2728557.853300114],[4641568.121229108,2731055.2733605313],[4636572.717835735,2730826.9323839713],[4635692.771676893,2750799.64563859],[4674222.036085911,2752565.6302543576],[4674462.598300723,2752212.889377951],[4674571.862075615,2751520.9393625404],[4674817.032888034,2751303.4223932223],[4674915.751709738,2751097.1840694817],[4674871.025209498,2750835.03330637],[4675011.441089743,2750562.302255421],[4675170.301514968,2750420.4725011997],[4675304.644211837,2750486.9444350824],[4675773.337656933,2750066.925860132],[4675999.874404624,2749737.2388446317],[4676595.816724748,2749655.8880231474],[4676802.017126921,2749456.115451741],[4676448.752040956,2749124.510297529],[4676494.545374058,2749067.836459955],[4676284.99715682,2748599.017547731],[4676093.051161183,2748379.719380927],[4676107.039363777,2748188.2796837064],[4676663.723732697,2747673.7353443108],[4673382.8944721855,2747523.2654518033],[4673493.291710908,2745026.611771687]]]}},{"type":"Feature","properties":{"flugjahr":"2017","gebiet":"Ober\u00f6sterreich"},"geometry":{"type":"Polygon","coordinates":[[[4610843.995994941,2746634.1459651208],[4611041.432969787,2742140.182209234],[4610619.500822547,2742390.766240066],[4610776.64698546,2742272.4080947544],[4610309.116575075,2741273.3588819206],[4609983.803064828,2740943.170164214],[4609160.897078183,2741383.5523918066],[4607914.871462422,2740997.2886053403],[4606164.556987781,2740701.667874215],[4605657.601436821,2740502.0760479285],[4604953.837509614,2740858.1391975083],[4604800.111159071,2741026.482678355],[4604473.643665044,2741096.50675142],[4604606.016611986,2740970.7842113003],[4604476.779470963,2740674.148038475],[4604020.481513854,2740253.862408531],[4603751.308483421,2739687.302621821],[4603279.314910852,2739182.1212766264],[4603007.208123106,2739070.2812791243],[4602846.494232717,2738881.3670246312],[4602775.527586013,2738486.131891974],[4602695.4616468055,2738449.801823573],[4602541.665804715,2737553.2176111606],[4601933.131612761,2737385.120878948],[4601742.037082221,2737239.514415472],[4601622.3474951,2737276.6916644806],[4601726.022037918,2736558.872660933],[4601604.044758149,2736445.2056491403],[4601665.723248947,2736032.998767064],[4601523.730367743,2735943.7503193496],[4600877.931589659,2735827.940173632],[4600667.799245146,2735626.7312223404],[4600150.938653478,2735458.098966214],[4599834.603020395,2735189.9411541666],[4599869.038129265,2735118.003997573],[4599447.486585683,2734880.3424563133],[4599606.166922708,2734288.5143946996],[4599384.741094978,2734225.5295104817],[4599357.964922236,2733885.6704835156],[4599205.346715106,2733643.7846511304],[4599116.308855897,2733029.306983678],[4599162.747274146,2732710.7355570183],[4598897.700845206,2732271.2280815984],[4598890.737535011,2731719.2330427314],[4598412.933500849,2731206.6548738377],[4598348.741389715,2730133.4973700973],[4598538.870329469,2729095.523883406],[4585722.838069433,2728514.9428255083],[4586013.71233524,2729051.2983880285],[4585731.839800875,2729779.6961045163],[4585574.9521146715,2729903.449062592],[4585604.5176553065,2730232.411250128],[4585100.2420346355,2730709.029451396],[4584508.280618406,2730289.700466511],[4584331.84984418,2730277.724311691],[4583983.191804621,2730465.720147458],[4583822.135663101,2730399.50242671],[4583421.452508106,2730417.3372125896],[4583140.270237382,2730685.2978141764],[4582982.337338003,2731083.690563329],[4582969.828908232,2731391.7725825524],[4583301.834253661,2731583.5909030954],[4583413.997804998,2731784.4430882195],[4583345.242952132,2732030.051276655],[4583780.76448602,2732790.9193337313],[4584033.900961978,2733504.5817112355],[4583968.340128785,2734646.33213599],[4584332.86728484,2734989.4561178456],[4584553.1514560245,2735442.409656762],[4584736.767716586,2735574.603591204],[4585147.380699893,2735381.0987875927],[4585570.347464804,2735860.39176549],[4586014.753429012,2735980.584631562],[4586287.807593814,2736236.483776782],[4586358.826943223,2736423.204511599],[4586338.9265150335,2737309.716021529],[4586447.120157424,2737641.994382327],[4586666.344136592,2738007.251588014],[4586973.293254243,2738225.9022710524],[4587042.667314625,2738392.1425752565],[4587210.693837016,2738518.246116996],[4587186.980083642,2738737.1933252867],[4587275.788736206,2739099.6251313887],[4587380.635069946,2739190.6168394056],[4587349.101731947,2739385.163146903],[4587493.108640513,2739785.9926619586],[4587299.129178774,2739751.157792451],[4585944.154280881,2740088.513303709],[4585598.750410769,2739997.2086410737],[4585244.054716868,2740182.9377600094],[4584609.971532715,2740179.1014762744],[4584490.70484949,2740036.195231354],[4584132.679821609,2740031.9068282223],[4583950.583490982,2740138.916598197],[4584137.502781912,2740302.094167337],[4584077.471817554,2740441.534312746],[4583470.066799424,2740565.6842845846],[4582605.81311778,2740443.453738816],[4582362.395638598,2740500.996241842],[4581878.876016131,2740637.9991473486],[4578790.523416579,2742085.879463854],[4578764.284740578,2742201.6194074214],[4578928.359312069,2742685.9055425413],[4578860.849425745,2743018.08976856],[4579101.263758042,2743329.460908142],[4579063.544766977,2743530.9551453996],[4579331.578372415,2744385.1680122246],[4579177.9502867935,2744699.5912542054],[4579210.649078698,2744803.7796988864],[4579190.371816996,2744855.9941619067],[4579242.507596147,2745230.2247703606],[4610843.995994941,2746634.1459651208]]]}},{"type":"Feature","properties":{"flugjahr":"2012","gebiet":"Salzburg"},"geometry":{"type":"Polygon","coordinates":[[[4490859.717037954,2664542.3274872964],[4490347.483543508,2665106.056210936],[4490112.175041432,2665589.363974818],[4489957.831446818,2665682.569080729],[4489377.619351249,2665815.8029988883],[4489211.016439298,2666027.9802882746],[4488518.083934651,2666025.5520116384],[4487068.891547622,2666567.9242385495],[4486709.378692147,2666445.995974425],[4486548.649323802,2666191.129900833],[4485890.938866373,2665990.516975916],[4485423.463345143,2665484.1337497057],[4484537.211385396,2665083.6114838114],[4483584.510612367,2665157.166453672],[4483589.415626155,2665486.511906574],[4483002.201701727,2666534.681461946],[4482780.2276469525,2666727.6062738486],[4482802.154385452,2667145.9425050085],[4482918.375625843,2667708.8607112626],[4483039.389619864,2667880.7202476896],[4483036.194422917,2668135.609169961],[4482887.584349199,2668672.2312839325],[4482623.723553753,2669142.633535583],[4481834.460016776,2670037.4718515566],[4481828.131348052,2670940.947688916],[4481681.434786112,2671624.853156943],[4481373.876799233,2672103.6553638284],[4480180.8874127045,2672676.330197309],[4480091.277198274,2674530.9233627333],[4479955.4433523845,2675046.5003347886],[4479568.434179298,2675286.750804858],[4479778.130282724,2675718.2803578004],[4479773.913548354,2675982.773085455],[4479643.619394359,2676540.5293905493],[4479328.292804819,2676998.7886247174],[4479327.291067136,2677465.373321811],[4479177.491078136,2677638.8807640984],[4479204.245100132,2677844.2086500307],[4479550.026391995,2678297.20815352],[4479544.527366924,2678751.657923093],[4501100.780521937,2679705.875543808],[4500992.490523639,2682201.5597590944],[4508489.94173141,2682534.4922303967],[4508706.567757095,2677543.040976904],[4506207.351813905,2677431.99690305],[4506361.338593889,2674037.786481042],[4505910.53809264,2674280.201629556],[4505595.363057315,2674276.3008918767],[4505039.083442466,2673939.057312129],[4504677.723099111,2673459.4360612533],[4504482.553238793,2673391.734458436],[4504000.877299393,2673721.127040028],[4503389.411635005,2674372.1532558184],[4503012.839545855,2674467.840097081],[4500119.012755239,2673045.6384453056],[4499893.085409238,2672744.4453871404],[4499538.360700871,2670220.3281547143],[4499332.214629283,2669847.6801631753],[4498888.805076375,2669464.727141667],[4497455.075808658,2669229.5510910098],[4496427.362335207,2668644.3007317055],[4496067.93644795,2668193.0377727086],[4495966.626178518,2667729.4281121492],[4495865.546475023,2667612.12446446],[4494248.803307485,2667433.928934345],[4492586.79567863,2665209.4452000344],[4491126.718960275,2664772.9513713773],[4490859.717037954,2664542.3274872964]]]}},{"type":"Feature","properties":{"flugjahr":"2015","gebiet":"Ober\u00f6sterreich"},"geometry":{"type":"Polygon","coordinates":[[[4533716.25410859,2791207.7829284417],[4534031.616334898,2791828.4242886375],[4535983.074274507,2793041.8072325718],[4539928.559711901,2793218.885262948],[4541240.963205365,2793765.8474264764],[4541760.199528331,2794543.3589044604],[4543731.17178579,2796630.588997908],[4544126.603560578,2797553.3976081293],[4545256.720744181,2798934.3746401714],[4546054.694519494,2799151.4854651447],[4547633.834872121,2800066.5453390214],[4549154.229742871,2801335.2004672615],[4553707.177174625,2801915.459665458],[4556834.54110492,2803831.8533554384],[4559973.67699627,2803942.1392944627],[4562131.397900763,2804209.2416507374],[4563724.000136386,2804884.5419620927],[4567552.040778256,2807056.297392626],[4568237.222216506,2807515.9133770764],[4569298.26894786,2809379.138234922],[4570039.423907338,2810016.058182751],[4570622.924533555,2810301.666068923],[4571289.87161515,2811128.566024609],[4573531.995307688,2813136.594932793],[4573491.2288634,2819107.146371323],[4574457.830229893,2823495.361221697],[4575301.868285226,2825909.8821386746],[4574819.013070157,2831361.0738592884],[4574624.787671769,2832563.6706204237],[4574637.304129212,2833905.354254458],[4575263.454448469,2834830.6114063626],[4577296.597294961,2835152.8266473217],[4578596.793061801,2836959.5570309423],[4580104.47294905,2837717.897940444],[4581684.64546386,2837298.4482928696],[4582798.094829242,2836398.513176636],[4584587.652501328,2834778.139084215],[4585945.859651177,2835621.8061095863],[4588262.205586075,2835090.9332295023],[4589249.783110727,2833572.0835931636],[4590223.213299011,2833409.391334364],[4591344.578668842,2833023.467699265],[4591777.081073131,2831571.3776497366],[4592042.682189352,2831221.4704252225],[4594016.135390738,2830834.3119632625],[4596216.785596042,2830702.8552468023],[4597126.878865972,2831611.363144098],[4607072.317165493,2832055.112272881],[4608509.318307111,2799594.487823778],[4613505.323648237,2799822.0483614793],[4614277.460764889,2782344.1016308432],[4609281.474712051,2782116.6796115953],[4609171.259342386,2784613.971721239],[4584189.285180311,2783479.354271494],[4583749.550290972,2793466.198694092],[4533716.25410859,2791207.7829284417]]]}},{"type":"Feature","properties":{"flugjahr":"2007","gebiet":"Salzburg"},"geometry":{"type":"Polygon","coordinates":[[[4518976.503582809,2671730.1611856055],[4518811.832824919,2675492.0966453054],[4521311.076284389,2675603.405875231],[4521481.378463636,2671680.256186947],[4519611.475537875,2671549.9858456533],[4518976.503582809,2671730.1611856055]]]}},{"type":"Feature","properties":{"flugjahr":"DTM:2019, DSM:2017","gebiet":"Steiermark"},"geometry":{"type":"Polygon","coordinates":[[[4758357.91704227,2673285.968674531],[4758385.966760444,2673484.3376301196],[4759070.667599718,2673747.040681671],[4759326.078569214,2673743.9691971624],[4759014.03162472,2673368.9455136824],[4758357.91704227,2673285.968674531]]]}},{"type":"Feature","properties":{"flugjahr":"DTM:2019, DSM:2010","gebiet":"Steiermark"},"geometry":{"type":"Polygon","coordinates":[[[4759326.078569214,2673743.9691971624],[4759070.667599718,2673747.040681671],[4758385.966760444,2673484.3376301196],[4758357.91704227,2673285.968674531],[4757106.579980194,2673195.0192642007],[4756326.010009352,2673384.9038067837],[4756186.41352381,2673507.5382003332],[4755936.718131373,2673559.9797369693],[4755670.127989085,2673472.489810806],[4754899.831168234,2673633.835457719],[4753561.706426286,2673724.712530162],[4752626.63234137,2674193.780366482],[4751476.161642345,2674436.539576619],[4750899.745461613,2674699.00600842],[4751171.837917453,2675277.247464834],[4751588.784498424,2675065.4157196404],[4752430.138263753,2674814.2831690805],[4753593.50142559,2674575.1012318456],[4754259.669374716,2674527.021376962],[4754930.099490533,2674587.2521912213],[4755931.822241345,2674995.259466225],[4756310.599298949,2675036.918737253],[4757353.654027693,2674891.299562215],[4757758.07673842,2675033.253821626],[4758199.274131345,2676208.022960251],[4758933.613780889,2676933.973926319],[4759643.315364163,2676738.7902984726],[4759769.941731762,2676364.282596809],[4759802.1675558165,2675881.2676265584],[4759540.043323003,2675714.8928356743],[4759466.145989228,2675322.0372072114],[4759411.386923361,2673899.984268029],[4759326.078569214,2673743.9691971624]]]}},{"type":"Feature","properties":{"flugjahr":"DTM:2019, DSM:2017","gebiet":"Steiermark"},"geometry":{"type":"Polygon","coordinates":[[[4758613.705667223,2670850.6961757597],[4758380.132019594,2671088.525324419],[4758303.633228935,2671333.838218806],[4758311.451419527,2672152.4329206105],[4758613.705667223,2670850.6961757597]]]}},{"type":"Feature","properties":{"flugjahr":"DTM:2019, DSM:2010","gebiet":"Steiermark"},"geometry":{"type":"Polygon","coordinates":[[[4758311.451419527,2672152.4329206105],[4758303.633228935,2671333.838218806],[4758380.132019594,2671088.525324419],[4758613.705667223,2670850.6961757597],[4758196.802249245,2670947.4050017893],[4756993.838621516,2670925.4229636514],[4756357.716658084,2671133.0356607987],[4755403.126433438,2671111.5995755047],[4754245.346477133,2671200.835164824],[4753981.984877124,2671541.9402979678],[4753724.799047012,2671628.070045721],[4752805.300197202,2671628.334897547],[4752338.922902363,2671756.809104153],[4751745.352949218,2672090.593950467],[4750626.035445691,2673084.647501262],[4750004.473026838,2673326.0135295694],[4749735.111058999,2673552.727236064],[4749872.642466863,2673865.4462718857],[4750891.758966775,2673557.4895217465],[4751164.225727721,2673373.9551231954],[4751265.191736309,2673104.3621653905],[4751688.268477603,2672752.6449347106],[4752545.535157546,2672823.530593382],[4753200.854780801,2672680.7967668306],[4753449.797310094,2672440.1182709057],[4753947.140615267,2672359.169775243],[4754573.9408327835,2671952.902535844],[4756422.854141226,2671976.9508294584],[4757213.363331562,2672176.936482627],[4758311.451419527,2672152.4329206105]]]}},{"type":"Feature","properties":{"flugjahr":"2019-2020","gebiet":"Nieder\u00f6sterreich"},"geometry":{"type":"Polygon","coordinates":[[[4807014.944137884,2858936.072743117],[4737288.209829799,2852931.8408634653],[4735022.345641036,2879838.931037629],[4736367.304787038,2879955.1982561024],[4736443.1036923425,2879057.553807268],[4737672.226468876,2879123.3163415454],[4737856.891374087,2877172.373090392],[4742635.64435004,2877582.3018581467],[4742577.00028169,2878542.836601486],[4743798.566978552,2878686.395515087],[4743722.789993486,2879583.03485819],[4743795.061646507,2879688.57074419],[4750080.291382761,2880222.8662382606],[4750149.299617112,2880135.9948966643],[4750308.4588923855,2878242.891962937],[4752743.51766372,2878442.747962631],[4752805.804253586,2878371.582209605],[4752883.2502299445,2877460.976666861],[4754112.319592556,2877525.9382748427],[4754212.771553985,2876571.3551241583],[4755435.600802481,2876642.0491147493],[4755541.317535626,2875681.702196843],[4757961.156481789,2875885.9890590427],[4758038.654117738,2875810.5354957376],[4758116.104325987,2874899.914431969],[4759329.594677037,2874979.217084837],[4759613.503667491,2872016.4713577274],[4760811.521428003,2872106.061737258],[4760943.092177561,2871127.892689741],[4762179.694612842,2871183.2501580184],[4762271.71782869,2870238.246603622],[4763495.616940632,2870309.0545076635],[4763601.35735823,2869348.6783836666],[4764808.62537279,2869432.7346026194],[4764929.977359294,2868459.070145891],[4767360.9692942975,2868661.054940744],[4767427.34410356,2868588.0832727375],[4767504.79679038,2867677.433298175],[4771168.809472944,2867988.8727326714],[4771248.941447558,2867899.5259212665],[4771323.75864874,2867002.758429944],[4772369.644778598,2867092.257273357],[4772293.1798789725,2868002.976043461],[4772357.230747197,2868091.129352968],[4774876.414226519,2868312.5004312093],[4774984.648650791,2868221.483682951],[4775059.539647149,2867323.711843205],[4784921.579866692,2868174.494157599],[4785029.817202835,2868083.483210303],[4785104.756216155,2867185.6793007753],[4785209.438843486,2867194.6499149553],[4786149.5301801395,2867276.303523875],[4786073.995358126,2868187.0953406435],[4786138.035147127,2868275.261010573],[4788671.106329749,2868496.6059206617],[4788765.452435229,2868402.936841487],[4788840.263879021,2867508.147068695],[4789885.045960035,2867598.7996778823],[4789842.383470602,2868578.224731997],[4791046.737643528,2868702.488407414],[4790910.904351985,2870671.01570247],[4792121.91571516,2870802.642161246],[4792047.270392129,2871714.4829732813],[4792100.544572931,2871797.135006993],[4793284.4811617965,2871907.469583712],[4792956.750308895,2875818.8437709827],[4793048.967142669,2875903.3482650956],[4794192.384671466,2876001.76995275],[4794155.391920242,2876986.513920767],[4795516.313965595,2877099.3027674635],[4795637.831436521,2876126.5907651656],[4799171.734066894,2876430.906123546],[4799097.010169023,2877342.7608427624],[4799161.030921414,2877430.939361928],[4801721.172121603,2877646.9872467294],[4801788.291274153,2877558.0417089514],[4801863.206031873,2876664.227783126],[4803054.959860821,2876756.032169381],[4803192.908612629,2875775.0753948796],[4804379.574958671,2875868.629630008],[4804446.693639959,2875779.6819132683],[4804521.6077101305,2874885.8479366237],[4805666.995373726,2874984.4647540944],[4807014.944137884,2858936.072743117]]]}},{"type":"Feature","properties":{"flugjahr":"2020","gebiet":"Nieder\u00f6sterreich"},"geometry":{"type":"Polygon","coordinates":[[[4767174.990611403,2855501.8616032694],[4807021.564782343,2858934.599297632],[4808783.815577488,2838006.1244979063],[4768935.367693554,2834572.898705997],[4767174.990611403,2855501.8616032694]]]}},{"type":"Feature","properties":{"flugjahr":"DTM:2019, DSM:2017","gebiet":"Steiermark"},"geometry":{"type":"Polygon","coordinates":[[[4637829.174591718,2723850.439716096],[4637866.201017741,2723582.0085325036],[4637589.729550953,2723441.1156190927],[4637829.174591718,2723850.439716096]]]}},{"type":"Feature","properties":{"flugjahr":"DTM:2019, DSM:2017","gebiet":"Steiermark"},"geometry":{"type":"Polygon","coordinates":[[[4629879.642746119,2718665.5433312315],[4629260.522868645,2718414.813072031],[4629147.70331468,2718481.529179905],[4629821.790320809,2718802.536375321],[4629879.642746119,2718665.5433312315]]]}},{"type":"Feature","properties":{"flugjahr":"2009-10","gebiet":"Steiermark"},"geometry":{"type":"Polygon","coordinates":[[[4758361.847861821,2673245.499536633],[4758457.953278116,2672720.9087573346],[4758311.451419527,2672152.4329206105],[4757213.363331562,2672176.936482627],[4756422.854141226,2671976.9508294584],[4754971.437208125,2671933.3741906723],[4754573.9408327835,2671952.902535844],[4753947.140615267,2672359.169775243],[4753449.797310094,2672440.1182709057],[4753200.854780801,2672680.7967668306],[4752545.535157546,2672823.530593382],[4751688.268477603,2672752.6449347106],[4751265.191736309,2673104.3621653905],[4751164.225727721,2673373.9551231954],[4750891.758966775,2673557.4895217465],[4749872.642466863,2673865.4462718857],[4749735.111058999,2673552.727236064],[4750004.473026838,2673326.0135295694],[4750626.035445691,2673084.647501262],[4751745.352949218,2672090.593950467],[4752338.922902363,2671756.809104153],[4752805.300197202,2671628.334897547],[4753724.799047012,2671628.070045721],[4753981.984877124,2671541.9402979678],[4754245.346477133,2671200.835164824],[4755403.126433438,2671111.5995755047],[4756357.716658084,2671133.0356607987],[4756993.838621516,2670925.4229636514],[4758196.802249245,2670947.4050017893],[4759036.089007885,2670734.0234537576],[4759096.37548749,2670640.347839372],[4759078.299003257,2670285.3674103483],[4759208.933320006,2670222.0350927073],[4759627.564353159,2669485.2264923705],[4760233.294556641,2669063.635228736],[4760419.865174799,2668846.6125886645],[4761544.1698442465,2668166.624512794],[4762044.379134023,2667562.4176063305],[4762507.86351622,2667471.1532001463],[4763017.020205771,2667212.5271282922],[4763585.344505792,2666607.2292121025],[4763789.700792958,2666519.817825377],[4765494.53144559,2666413.016306441],[4765839.703777295,2665807.726629325],[4766183.828602914,2665678.4287569923],[4766881.026920173,2665784.073636767],[4767411.622163211,2666221.2093398287],[4768152.546152947,2666428.1583031965],[4769026.320712108,2666055.431661351],[4770959.598829433,2665527.3710776013],[4771401.04830904,2660164.491349672],[4757836.2446224885,2659001.9457885684],[4757308.302724565,2659771.8337535574],[4756269.473762316,2660713.490960063],[4755812.159043821,2660635.1578098806],[4756194.4027255215,2658862.1374445856],[4753134.637647882,2658601.5419595614],[4752996.0131922,2658840.574604051],[4752790.496858513,2658982.1621172205],[4752122.696000186,2659067.2201142944],[4751795.59591476,2658972.2322072927],[4751379.838168184,2659264.884960818],[4750686.677369578,2659170.8984972574],[4750397.353609564,2659216.2420486314],[4750176.217182741,2659048.8303605514],[4749973.46939983,2659028.584287311],[4749707.406275677,2659120.508447379],[4749501.184678959,2659415.8092952436],[4749087.4161015805,2659438.8355720737],[4748653.195547421,2659658.6702830005],[4748773.910839912,2660449.4039188023],[4748610.415088122,2660754.3265789826],[4748583.9321527425,2661172.9109077463],[4748251.228933192,2661863.135245356],[4747999.772416834,2662160.3705043616],[4747965.959649561,2662704.7028526124],[4747817.328946987,2662827.920623305],[4747533.056624681,2662873.9936383907],[4747383.894969383,2663395.4106126395],[4747345.753121059,2664104.2534622345],[4746725.092305675,2665132.7738527907],[4746699.839917274,2665678.8099420536],[4746541.619633599,2665953.1202604147],[4746501.183291415,2666374.777612459],[4746878.72130132,2666899.3300775215],[4746865.066773288,2667467.323336124],[4747049.020453192,2667767.107851567],[4747142.841216007,2668711.408710097],[4747404.650665898,2668839.6737205],[4748204.579492321,2670189.452628079],[4748605.075234507,2670016.578031108],[4749056.7865463,2670131.407101575],[4749265.945758343,2669998.2381971944],[4749559.546822769,2669973.4855793975],[4749657.897934729,2669671.1059993715],[4749852.422161047,2669552.0152737843],[4750353.442852311,2669661.397198988],[4750487.961430278,2669768.7559948275],[4750650.105880775,2670571.1158066667],[4750515.484971099,2670900.205140705],[4750244.407187535,2671143.3048185552],[4750423.617910585,2671647.723383836],[4750429.48117792,2672039.4098971286],[4750328.11646673,2672331.644603851],[4750169.162183388,2672516.8186917007],[4749259.559527177,2672905.3705763733],[4748841.318965579,2673469.0942842816],[4748549.537742643,2673544.6111796177],[4748333.17391741,2673501.5191126093],[4747890.133527733,2674589.784893667],[4747941.58064989,2674868.7425244097],[4747819.491886418,2675099.872736652],[4747747.699968202,2675794.702257985],[4747574.5217828,2676203.0822225227],[4747030.3790486595,2676574.1905663917],[4746543.516197366,2676733.6890970124],[4746253.971398337,2677102.6565867774],[4745756.302557481,2677332.473493186],[4745674.001291843,2677608.225720321],[4745957.644587103,2677874.6966800108],[4746017.634294209,2678036.655430576],[4745843.424678326,2678559.1139871217],[4745632.173453164,2678716.465107416],[4745334.89807124,2678700.0452655065],[4745057.07765315,2678819.842247114],[4744876.473100059,2679125.215439226],[4744939.967810002,2679333.959054115],[4744893.263003269,2679507.978074664],[4744488.512350907,2679874.654444166],[4744040.3148328895,2680456.3747528493],[4743813.886648432,2680571.9746796093],[4743146.072167502,2680606.0256730733],[4743094.925644412,2681001.031221368],[4742933.432287233,2681188.731110887],[4742594.439337073,2681267.0765739745],[4742429.598098416,2681229.70699793],[4742096.613993687,2681403.9588380335],[4741994.992496133,2681721.4857471893],[4742250.433457555,2682006.891983789],[4742311.098181181,2682427.157655088],[4742055.432768752,2682774.6707924535],[4741267.867100573,2683191.8776548286],[4741029.150223234,2683704.304398615],[4741162.476995045,2683971.520044826],[4741176.384071472,2684270.476781871],[4740811.169911891,2684717.9868368977],[4740446.735721661,2684776.671635492],[4740401.437954219,2685175.4521761555],[4740244.511617223,2685404.50111879],[4740312.835798003,2685660.7383702947],[4740216.231047061,2685879.5906853946],[4739681.417219202,2686357.292126069],[4738557.068178424,2687000.1250093016],[4738390.360800786,2687177.2377134473],[4737860.463686537,2687293.7907376615],[4737678.760260143,2687420.1265937747],[4756914.831113659,2689059.503252826],[4756718.4089934435,2692040.3637414835],[4759666.483977358,2692304.160171622],[4759701.866067282,2692362.0762475897],[4759460.652766607,2695287.7725547724],[4764404.071030177,2695718.4868897456],[4764361.240902606,2696711.6228191983],[4766349.173891921,2696937.203786173],[4766191.664886705,2698877.411011553],[4768180.842487501,2699048.83131761],[4770760.018393808,2667755.867716702],[4770335.350754948,2667763.6753788292],[4769857.729244885,2667982.737179661],[4768940.776739109,2668015.62473362],[4768351.881727476,2667848.461556075],[4767906.280163037,2667546.518586714],[4767035.7681261115,2667705.0884546414],[4765627.206287192,2668174.760026605],[4764584.851113361,2668343.2679191963],[4764105.442704636,2668593.349164595],[4763363.692244415,2669183.5448305034],[4761859.171455849,2669884.118579358],[4760594.813731587,2670674.5052432194],[4760246.590778889,2671284.115114989],[4760123.767665956,2671669.9312747987],[4760091.36169777,2672486.369354704],[4759673.662451331,2673075.2822433147],[4759405.573414599,2673733.71251001],[4759326.078569214,2673743.9691971624],[4759411.386923361,2673899.984268029],[4759532.319349433,2675685.5021863086],[4759802.1675558165,2675881.2676265584],[4759769.941731762,2676364.282596809],[4759643.315364163,2676738.7902984726],[4758933.613780889,2676933.973926319],[4758199.274131345,2676208.022960251],[4757758.07673842,2675033.253821626],[4757353.654027693,2674891.299562215],[4756310.599298949,2675036.918737253],[4755931.822241345,2674995.259466225],[4754930.099490533,2674587.2521912213],[4754259.669374716,2674527.021376962],[4753593.50142559,2674575.1012318456],[4752430.138263753,2674814.2831690805],[4751588.784498424,2675065.4157196404],[4751171.837917453,2675277.247464834],[4750899.745461613,2674699.00600842],[4751476.161642345,2674436.539576619],[4752626.63234137,2674193.780366482],[4753561.706426286,2673724.712530162],[4754899.831168234,2673633.835457719],[4755670.127989085,2673472.489810806],[4755936.718131373,2673559.9797369693],[4756186.41352381,2673507.5382003332],[4756326.010009352,2673384.9038067837],[4757106.579980194,2673195.0192642007],[4758361.847861821,2673245.499536633]],[[4754575.485372333,2682431.1385331186],[4754269.811422676,2681409.813084066],[4754564.069940721,2680662.6739620618],[4755403.191151481,2680143.1605616417],[4756152.76856621,2680499.4066188186],[4756488.137481365,2681118.691874735],[4756274.992662231,2681524.216851856],[4756552.289230236,2682939.6768617393],[4756706.807397773,2683275.2371633393],[4756659.356508857,2683830.6402967735],[4756442.087854078,2684238.9773201514],[4755877.070979992,2684514.9856717736],[4755496.411787327,2684334.077631151],[4754987.800552909,2682962.9093975327],[4754575.485372333,2682431.1385331186]]]}},{"type":"Feature","properties":{"flugjahr":"2008-12","gebiet":"Steiermark"},"geometry":{"type":"Polygon","coordinates":[[[4609182.963086819,2717644.601695551],[4609810.419111427,2708186.0911788237],[4609489.624551133,2708361.2292285035],[4609394.001412158,2708603.9901410746],[4608763.910356494,2708693.607101924],[4608020.338709024,2708540.805144121],[4607878.4098624885,2708583.123493328],[4607439.112939989,2708194.123310417],[4606852.9045841135,2708228.4936147532],[4605696.035757551,2707916.3777221725],[4604598.14960437,2707329.3141387324],[4604177.052148577,2707166.021716432],[4603650.162009923,2707087.7606845642],[4602859.477916552,2706680.7462080824],[4601243.418338317,2706300.920162971],[4600917.197873723,2706146.924792634],[4600713.817834674,2705863.3315942036],[4600352.24665032,2705644.8649148233],[4599977.196544535,2705537.4641578672],[4599045.645466625,2705045.3587353146],[4598556.245810126,2704917.5671945997],[4598117.730247407,2704470.6299520195],[4597783.95704629,2704387.724866338],[4597452.082600228,2704451.6771007325],[4596960.539632139,2704274.1060179668],[4596640.926057053,2704029.7102658115],[4596062.325102454,2704194.1133049144],[4595739.253504168,2704011.934579202],[4595452.349386896,2704082.437143408],[4595014.143477172,2703943.1491109356],[4594704.871968625,2704010.125210005],[4594478.348397539,2703951.5800793706],[4593870.155534077,2703998.76459936],[4593654.573391906,2703911.7804345395],[4592914.499351185,2703884.6713992185],[4592593.035724575,2704259.898301865],[4592290.800709489,2704396.0755352415],[4592132.914048314,2704857.2661277847],[4592010.552693028,2704985.943102594],[4591727.908016312,2705143.907143985],[4591388.028337575,2705196.4815957122],[4591209.392163569,2705468.0168744856],[4590628.932775164,2705728.5682366663],[4590372.919259227,2706242.1227789586],[4590223.18393761,2706213.048372845],[4590059.177524942,2706433.869398281],[4590094.378223432,2706750.9516700865],[4589953.0380673325,2707233.925140557],[4590301.1482777,2707690.114178464],[4590702.517787228,2707967.415568111],[4590859.47493633,2709231.373421683],[4590995.811853257,2709433.5665145717],[4590999.012576216,2709643.089272831],[4591439.436471658,2710291.1590401977],[4591471.763457002,2711017.097222728],[4591578.439762866,2711219.59348249],[4591747.2525591785,2711304.3728407416],[4591747.655889979,2711454.2604903923],[4591954.130557181,2711789.8302368],[4591874.407957172,2712180.9107061345],[4591744.4024475645,2712393.162336092],[4591855.896333113,2712663.472686145],[4591826.388918136,2712783.0462364475],[4593550.832850478,2712861.1353700347],[4593594.602444866,2711862.6170721995],[4599841.359799072,2712145.6724468614],[4599863.260459345,2711645.9740160545],[4602361.889721014,2711759.3053078493],[4602208.687024995,2715254.571454599],[4603458.01165031,2715311.241726111],[4603414.222898771,2716309.773867968],[4604663.537535601,2716366.468733292],[4604598.92515816,2717839.784707867],[4605973.554412657,2717926.0108211595],[4606172.818011969,2717826.3960349928],[4606194.140923719,2717501.913450173],[4606269.037716264,2717450.4566768585],[4609182.963086819,2717644.601695551]]]}},{"type":"Feature","properties":{"flugjahr":"2008-12","gebiet":"Steiermark"},"geometry":{"type":"Polygon","coordinates":[[[4609855.581696754,2707602.03176922],[4610319.533335358,2700189.533557621],[4609182.151442958,2700110.511319916],[4608877.870654877,2700203.418772768],[4608508.555102322,2700065.508956278],[4607650.822205668,2700221.803985146],[4607069.223728582,2700187.186272138],[4606881.0145682525,2700107.4662058754],[4606740.086360427,2700448.3496291847],[4596350.930129616,2699754.899522625],[4596074.882944035,2699800.094345759],[4595812.369615599,2699719.6737165214],[4592744.673277626,2699530.6857665395],[4592316.96590311,2699979.1381776333],[4592251.217910943,2700492.520263303],[4591944.253311835,2700709.4032488465],[4591898.2102641575,2701176.847446677],[4591665.257634467,2701562.66187403],[4591765.162428935,2701942.218662976],[4591475.707804527,2702697.8903025435],[4591540.7738749925,2703058.85341976],[4591447.918569869,2703254.1522437017],[4591046.494595249,2703660.977031446],[4590757.593725497,2704256.5412242454],[4590841.107458912,2704948.8328781337],[4591273.633756591,2704975.565082517],[4591940.969389262,2704448.429338569],[4592184.171875333,2704029.8090344565],[4592178.949310368,2703788.5263875825],[4592270.41000104,2703666.31240668],[4592593.44813853,2703578.7356939088],[4592857.884086563,2703718.0398229053],[4593157.92415565,2703721.1312502176],[4593812.611177317,2703572.0359037],[4594080.01436396,2703403.8453111704],[4594653.844034285,2703544.0978169525],[4595228.679608464,2703849.299103296],[4595583.647537579,2703735.286281864],[4596225.2851609485,2703870.727040355],[4596799.535233767,2703842.8701965148],[4597516.449703408,2703993.5422828523],[4597710.5950245755,2704125.4940122124],[4598129.254060923,2704238.7375828736],[4599069.707776199,2704284.1705255816],[4599576.398137981,2704207.239098577],[4599984.233325589,2704542.297778791],[4600074.068547717,2704805.268599066],[4601457.137363603,2705545.9744077763],[4602707.6238872735,2705937.442655181],[4603329.519451122,2706232.8213478527],[4604599.2412895225,2706533.071246742],[4605348.800295783,2706976.350987601],[4607443.986310168,2707048.004828166],[4607864.560897767,2707223.024270427],[4608186.533286381,2707484.0934041827],[4609469.024675766,2708007.0965469675],[4609748.957431527,2707824.030275528],[4609855.581696754,2707602.03176922]]]}},{"type":"Feature","properties":{"flugjahr":"2010-11","gebiet":"Steiermark"},"geometry":{"type":"Polygon","coordinates":[[[4609946.808983948,2706177.6326278844],[4609855.581696754,2707602.03176922],[4611191.954009011,2707712.550438221],[4611433.78834529,2707910.9491529777],[4613864.146824344,2708452.338022541],[4614290.842768097,2708680.00076583],[4615661.055983116,2708851.7087103482],[4616211.295630904,2709100.642571727],[4616763.181819616,2709164.8374912106],[4616993.360562637,2709310.731616443],[4617194.985486781,2709652.9461411997],[4617739.991144916,2709935.6097036465],[4617892.451302704,2709924.8008427173],[4618166.605116707,2709750.176341896],[4618521.902994434,2709790.046474141],[4618626.481442679,2709885.097378208],[4618662.005544108,2710425.2784887776],[4618825.133046447,2710577.444813586],[4619203.776942518,2710729.0234839874],[4620012.257822367,2711698.767769129],[4621173.322440948,2712584.022832514],[4621512.989554001,2712643.2872484163],[4622320.185677247,2713107.9035628247],[4623253.482732228,2714322.9532038486],[4624054.88160076,2714874.747156406],[4624136.594070126,2715918.260692336],[4625255.80159124,2716838.4814140014],[4626619.1257614745,2717772.9948572633],[4627964.2027822705,2718239.938339387],[4629194.745329554,2718408.565981315],[4629587.776950204,2717859.002765306],[4629788.731294226,2717754.059183458],[4630028.868531839,2717806.047695931],[4630131.068402816,2717691.597393345],[4630354.492390576,2717303.414374192],[4630515.465827509,2716695.1793836546],[4630814.643310766,2716429.5671132267],[4630905.809790584,2716094.198145696],[4630415.387342847,2716061.3070682567],[4630340.311441778,2716156.9307270357],[4630151.378703777,2716173.346846351],[4629738.891144177,2715962.4716564706],[4629864.696968231,2714031.872867074],[4628026.135476359,2713896.9272904755],[4627908.319462406,2714390.101239977],[4626736.133631371,2714298.9916265015],[4626907.050856265,2711330.4701544293],[4622547.538977919,2710988.280431835],[4622663.290910218,2709033.186643261],[4617725.157913076,2708697.652424531],[4617774.322233758,2706696.874232249],[4609946.808983948,2706177.6326278844]]]}},{"type":"Feature","properties":{"flugjahr":"DTM:2019, DSM:2010","gebiet":"Steiermark"},"geometry":{"type":"Polygon","coordinates":[[[4772927.191055915,2711496.687320945],[4771499.307841487,2716227.0548094823],[4768706.329118528,2718531.3448944036],[4765813.96483738,2719822.7977471673],[4763052.166669222,2720471.5732174213],[4759535.828574744,2720284.9829971627],[4768204.194147294,2720876.706781558],[4769227.218107021,2720406.0588453007],[4770990.390533691,2718967.6750051584],[4773622.602713266,2717037.368586247],[4775084.373398189,2715694.8594257124],[4773839.973209879,2715586.478521824],[4773906.160944507,2714614.826150843],[4772930.888020592,2714502.95458169],[4773161.721735117,2711553.4653934357],[4772927.191055915,2711496.687320945]]]}},{"type":"Feature","properties":{"flugjahr":"2009","gebiet":"Steiermark"},"geometry":{"type":"Polygon","coordinates":[[[4777160.082489024,2667552.5970165385],[4776189.242562074,2667434.5346294865],[4773883.008017865,2667520.233180036],[4772820.010954011,2667731.7639197623],[4771872.849859442,2667760.8842248744],[4771155.240553822,2667947.9724399536],[4770752.73274693,2667787.3500290965],[4767937.159496784,2702033.7316415817],[4768876.502972181,2702120.1072293143],[4768927.896120215,2702161.663955152],[4768859.60609883,2703118.1435625628],[4769835.681030378,2703241.8294597166],[4769681.239920189,2705197.4276189874],[4771660.708621951,2705394.2292741495],[4771262.113180372,2710335.2767687133],[4772252.085272506,2710482.7436375334],[4772210.920616737,2711435.576814073],[4772927.159256093,2711496.792765072],[4774586.256096524,2705999.682888739],[4775890.826481576,2703694.8377218824],[4776362.979027213,2691379.1114580333],[4779039.139199342,2686354.2289625336],[4779502.177251144,2680475.0220044227],[4776495.4395906795,2676057.639522085],[4777160.082489024,2667552.5970165385]]]}},{"type":"Feature","properties":{"flugjahr":"2009","gebiet":"Steiermark"},"geometry":{"type":"Polygon","coordinates":[[[4669761.715570171,2717419.4223644813],[4669872.853160155,2715642.3406127444],[4669785.207537821,2715635.169952585],[4669796.679608399,2715359.679269621],[4669274.211599057,2715333.3137332518],[4669622.443335275,2707413.5916163195],[4668337.936756367,2707047.5128522003],[4668031.71672008,2707154.5630854475],[4667661.6141754445,2707028.4591775583],[4667260.526556722,2706581.6311604977],[4666935.843202372,2706356.523511828],[4666731.009228448,2705387.2105788756],[4666593.469089671,2705211.736825656],[4666201.619394989,2705215.771863626],[4665867.709663383,2705633.8579919455],[4665585.165092923,2705772.034638459],[4664807.212247397,2705467.074371372],[4664526.222100916,2705524.2464071335],[4664316.801993641,2705411.539467782],[4664096.018741334,2705648.6448374675],[4664080.383593122,2706027.288886263],[4663894.741349103,2706422.156890566],[4664409.664006225,2707082.391996085],[4664455.910474836,2707283.7050640527],[4664247.269738649,2707586.4350416046],[4664112.513793262,2708099.754653828],[4663956.752015209,2708247.7594417376],[4663524.872471275,2708342.054680118],[4662652.704305897,2708174.908527908],[4662044.865996469,2708284.153416903],[4661804.737249337,2708232.0986721045],[4661661.707828748,2708090.407483286],[4661483.846607021,2708581.7326041395],[4660344.043429031,2709444.3403583122],[4660206.942409175,2709760.362135335],[4659721.772090694,2710246.595798866],[4659447.790402456,2710372.160752364],[4659141.221228156,2710373.114419091],[4658883.854225493,2710280.23504335],[4658366.117660054,2710299.538646507],[4658108.188595295,2710196.629751388],[4657344.686981805,2710451.9032472493],[4657067.489417389,2710286.0529941763],[4656568.055907939,2710709.582488878],[4656055.398692248,2711570.9288970307],[4655763.768594641,2711710.7140605277],[4655446.953028903,2712104.588628932],[4655157.593714313,2712215.454776673],[4654277.534640753,2712228.189201972],[4653841.907749525,2712476.489509954],[4653452.967007609,2712505.7202413473],[4653326.483307306,2712717.1343773864],[4653034.468245636,2712957.0025304244],[4652809.654021219,2712966.7263593227],[4652391.928736269,2712784.4415975637],[4651924.297831277,2712212.832448962],[4651684.742225079,2715875.3493342735],[4651823.522009913,2716524.58134494],[4651669.306809587,2716684.259287674],[4651654.238378963,2716986.7018332053],[4657809.365541327,2717400.8396172356],[4657940.230245903,2716908.524792931],[4669615.998695413,2717694.245028223],[4669761.715570171,2717419.4223644813]]]}},{"type":"Feature","properties":{"flugjahr":"2010-11","gebiet":"Steiermark"},"geometry":{"type":"Polygon","coordinates":[[[4669796.679608399,2715359.679269621],[4669785.207537821,2715635.169952585],[4669875.398391896,2715690.030908376],[4669513.102174525,2721219.196539869],[4669366.201170428,2721227.0667007193],[4669360.161221336,2721308.1360162836],[4669504.417465213,2721344.027499328],[4669416.809385663,2722687.0034057363],[4668834.5343210865,2722643.1523388117],[4668824.308407039,2722278.165389249],[4656014.142090997,2721689.0614672545],[4655870.729167371,2723669.3073699432],[4652906.816346607,2723549.396485824],[4652851.156603439,2724494.114004],[4652794.274552442,2724543.297378066],[4645318.822908972,2724215.7520703725],[4646036.47633359,2724525.427189847],[4646568.354647307,2725021.785004852],[4646785.789359665,2725367.2965954435],[4646822.938548835,2725757.2572109844],[4646978.6774082985,2726088.6163858706],[4647164.083366709,2726880.8619276998],[4647319.101092852,2727111.892750621],[4648094.27551818,2727438.1589508355],[4648587.4854980735,2727457.728076602],[4648788.433406781,2727643.87424787],[4649193.936989493,2727826.222452453],[4650163.83754797,2727807.071140295],[4650894.471514264,2727443.4099859814],[4651565.0732545,2726897.137304452],[4653224.689880606,2726663.350749581],[4653504.294511941,2726904.811608227],[4654437.552993614,2727304.1279732864],[4654887.277617335,2727675.0747182523],[4656469.13157214,2727728.673025443],[4656845.992291496,2727628.0299430634],[4657336.662559243,2727722.607177018],[4658712.730836411,2728558.256661709],[4660050.701808287,2729017.72000201],[4661202.029843167,2729263.60658536],[4662173.6618676875,2729385.8883263883],[4662978.93344328,2729020.1717927977],[4663426.604300196,2729144.1932700137],[4663683.516664503,2728851.2745663836],[4663903.81558443,2728824.354457705],[4665422.504382988,2729101.4793226444],[4665991.322134497,2729440.243656221],[4666377.366674813,2729156.615292225],[4666938.561197703,2729084.0705849747],[4668443.853151564,2729960.890499601],[4668712.423592714,2730311.43443802],[4669126.9763567485,2730493.1635709284],[4669606.032014129,2730553.0797930127],[4670000.964168872,2730469.6631367784],[4670397.415780826,2730646.3540180055],[4670581.750654593,2730577.1828748775],[4670875.130058646,2730632.8495750027],[4671207.320395,2730467.716806695],[4671425.284198951,2730250.7764910115],[4671701.630500031,2730148.0506078824],[4672135.681818186,2730230.550442856],[4672785.044773794,2730641.1741192727],[4673272.746262357,2730718.284710016],[4673861.626179678,2731099.011526627],[4674950.71326202,2731039.791989913],[4675366.626634839,2731348.3444953137],[4675868.989976335,2731462.847034334],[4676380.379366171,2731793.415890314],[4676502.414803351,2732017.072086888],[4676554.65815242,2732550.666564606],[4676976.577716565,2732807.38051611],[4677625.06162748,2732996.436891099],[4677772.446470611,2733124.983287087],[4677759.266830468,2733472.097943325],[4677861.468702071,2733809.0786660085],[4678391.231725319,2734762.74788793],[4678469.126610778,2735115.2418127144],[4678731.446072558,2735371.031843244],[4678730.058848957,2735854.728834238],[4680450.486062016,2735964.348786419],[4680572.182191208,2734972.2366157337],[4695497.426481556,2735970.6009800737],[4695662.291685811,2733476.0744289584],[4695589.579117816,2733463.6813026145],[4695573.857985411,2733341.6549755577],[4695676.31281668,2733262.8794748923],[4695854.867885224,2730543.7255226434],[4696484.50967292,2730500.7894762917],[4696742.264994163,2726581.2682873285],[4697990.869571571,2726623.840200224],[4698139.283643446,2724650.967695612],[4699348.2427504035,2724702.425429476],[4699441.342859826,2723752.496514833],[4700056.115789526,2723759.671253796],[4700318.936058549,2719827.61597031],[4700373.562259554,2719772.9772197534],[4701411.739749767,2719800.918649474],[4701578.695466519,2719732.37022525],[4702026.277829189,2712912.756321452],[4703224.357538876,2712946.2535313712],[4703375.449931643,2712893.839538381],[4703898.715625189,2712962.945312113],[4704061.379025032,2710554.6468838286],[4703979.630276185,2710495.163412407],[4701571.293921201,2710289.93960465],[4701968.010828382,2704446.4019795805],[4701495.6589628905,2704352.8517826493],[4701652.065443809,2702457.246080421],[4696766.357875517,2701997.4897765163],[4696706.006363444,2702085.432155342],[4696547.988415528,2703983.7557477024],[4694551.1522316225,2703865.6776528596],[4694292.182290854,2706800.8534292714],[4686753.892497827,2706183.757524437],[4686603.058664235,2709128.3154583946],[4679660.24115261,2708810.06360868],[4679523.2072836645,2710803.6993933627],[4675586.777904319,2710623.272464958],[4675527.522222969,2710680.773954487],[4675429.600491619,2712616.9236347396],[4673457.7901538415,2712546.1658811485],[4673297.778170572,2715517.4381905785],[4669796.679608399,2715359.679269621]]]}},{"type":"Feature","properties":{"flugjahr":"DTM:2019, DSM:2017","gebiet":"Steiermark"},"geometry":{"type":"Polygon","coordinates":[[[4632523.080945875,2721679.823808854],[4632529.543429846,2721855.798844695],[4632971.816779149,2721981.0730725178],[4633687.184297514,2721613.3489593877],[4633580.513503333,2721531.3671670477],[4633269.435881239,2721554.6905303076],[4632838.309514575,2721830.59655162],[4632523.080945875,2721679.823808854]]]}},{"type":"Feature","properties":{"flugjahr":"DTM:2019, DSM:2017","gebiet":"Steiermark"},"geometry":{"type":"Polygon","coordinates":[[[4776657.59446023,2665565.4204985783],[4777265.668474533,2666200.925268049],[4777160.238330748,2667550.601717851],[4777871.708062469,2667515.617358506],[4778414.569182613,2667584.968494753],[4779137.93641385,2668018.8505251016],[4780057.698512454,2668054.339178934],[4780519.688793249,2667988.011114053],[4781816.951841571,2667572.4827982364],[4782122.951800289,2667216.074504002],[4782402.49886639,2667086.889766068],[4783470.984981857,2667017.1943039717],[4784960.298460582,2666638.2678986713],[4784798.262743993,2666444.919694575],[4784952.136831096,2665852.3758550338],[4784662.638246053,2665900.5143449917],[4783972.958153663,2665815.8067221045],[4783605.101790114,2665690.791885067],[4783261.194794276,2665853.046631721],[4783048.294292197,2665813.1306510083],[4782915.747225269,2665588.927840757],[4782955.3885283,2665340.238944995],[4782784.802295787,2664968.8814432803],[4781254.5680150185,2665166.7359052743],[4780525.811931703,2665357.214256303],[4778843.418720968,2665249.335730107],[4777518.721410427,2665500.9699305375],[4776657.59446023,2665565.4204985783]]]}},{"type":"Feature","properties":{"flugjahr":"2017","gebiet":"Steiermark"},"geometry":{"type":"Polygon","coordinates":[[[4777160.082489024,2667552.5970165385],[4777265.668474533,2666200.925268049],[4776657.59446023,2665565.4204985783],[4776015.010216736,2665501.415446368],[4775516.686802398,2665602.2316751927],[4774434.085901058,2665152.7214548048],[4774206.841346146,2665213.9284266373],[4774107.920422983,2665405.228517808],[4774107.103170627,2665621.67620183],[4774026.490947032,2665653.184938228],[4773773.485230532,2665596.3035821747],[4773516.044099688,2665322.095383779],[4772662.095301597,2665190.5784420585],[4772315.80055986,2665211.5786473597],[4771864.165558497,2665366.2294894997],[4770138.143340244,2665703.8475451935],[4769026.320712108,2666055.431661351],[4768152.546152947,2666428.1583031965],[4767411.622163211,2666221.2093398287],[4766881.026920173,2665784.073636767],[4766183.828602914,2665678.4287569923],[4765839.703777295,2665807.726629325],[4765494.53144559,2666413.016306441],[4763826.16159444,2666508.2880237694],[4763617.337988406,2666587.523117467],[4763051.272348037,2667189.0897683688],[4762507.86351622,2667471.1532001463],[4762044.379134023,2667562.4176063305],[4761544.1698442465,2668166.624512794],[4760419.865174799,2668846.6125886645],[4760233.294556641,2669063.635228736],[4759627.564353159,2669485.2264923705],[4759208.933320006,2670222.0350927073],[4759078.299003257,2670285.3674103483],[4759067.07012626,2670711.178077731],[4758609.902762422,2670851.5783014125],[4758311.451419527,2672152.4329206105],[4758457.953278116,2672720.9087573346],[4758357.91704227,2673285.968674531],[4759014.03162472,2673368.9455136824],[4759326.078569214,2673743.9691971624],[4759405.573414599,2673733.71251001],[4759673.662451331,2673075.2822433147],[4760091.36169777,2672486.369354704],[4760123.767665956,2671669.9312747987],[4760564.858005061,2670700.302259138],[4761859.171455849,2669884.118579358],[4763363.692244415,2669183.5448305034],[4764105.442704636,2668593.349164595],[4764584.851113361,2668343.2679191963],[4765627.206287192,2668174.760026605],[4767035.7681261115,2667705.0884546414],[4767906.280163037,2667546.518586714],[4768351.881727476,2667848.461556075],[4768984.194044634,2668016.1756797386],[4769857.729244885,2667982.737179661],[4770335.350754948,2667763.6753788292],[4770598.962289814,2667728.4534594934],[4771194.752804899,2667945.6484309123],[4771872.849859442,2667760.8842248744],[4772820.010954011,2667731.7639197623],[4773931.670864361,2667517.1322498275],[4776189.242562074,2667434.5346294865],[4777160.082489024,2667552.5970165385]]]}},{"type":"Feature","properties":{"flugjahr":"DTM:2019, DSM:2009","gebiet":"Steiermark"},"geometry":{"type":"Polygon","coordinates":[[[4777160.238330748,2667550.601717851],[4776495.4395906795,2676057.639522085],[4779502.177251144,2680475.0220044227],[4779039.139199342,2686354.2289625336],[4776362.979027213,2691379.1114580333],[4775890.826481576,2703694.8377218824],[4774586.256096524,2705999.682888739],[4772927.191055915,2711496.687320945],[4773161.721735117,2711553.4653934357],[4772930.888020592,2714502.95458169],[4773906.160944507,2714614.826150843],[4773839.973209879,2715586.478521824],[4777596.112926201,2715889.8859144566],[4777347.603888538,2718878.9638657095],[4779838.780485509,2719091.9578392208],[4779756.590167139,2720088.366297037],[4784738.817210361,2720515.454462602],[4784656.611487254,2721511.9000815656],[4784854.580258804,2721529.214755761],[4785007.5931677045,2721295.7806655047],[4785421.00890961,2721073.1577455695],[4785508.803332139,2720780.3790983194],[4786011.003271291,2720774.997033093],[4786401.134519129,2720387.854106366],[4786015.06178675,2720144.6066064816],[4784782.1549001625,2719939.9309492917],[4784331.193583222,2719571.7830178635],[4784196.748173479,2719668.3072538036],[4783867.4852775745,2719414.9293028717],[4783581.568986497,2719396.782667058],[4783336.103153325,2719109.1335538314],[4783076.069835405,2719040.9247442237],[4782441.4025993375,2719051.4918918847],[4782234.871179671,2719187.653016846],[4782056.240610133,2719043.143423532],[4781772.857094086,2719135.9404026987],[4781449.812501026,2719049.5003357166],[4781163.674920806,2719101.873995327],[4781076.149387801,2718736.9382225308],[4781147.551059414,2718245.402238584],[4781552.0063136155,2717657.167457128],[4781757.544771708,2717710.6482630563],[4781596.5930472305,2717386.4023771794],[4781783.803361324,2717137.424067717],[4781752.026441101,2716926.08598877],[4781638.816473258,2716859.0577253196],[4781449.463210162,2716969.1719406717],[4781173.360269243,2716623.151538451],[4780760.519634149,2716321.0451873224],[4780388.449075194,2716708.7533513224],[4780004.104025722,2716907.5095232995],[4779884.008509371,2717052.7677722257],[4780300.127669928,2717268.4809080423],[4780395.064414066,2717467.4166998146],[4780234.088369694,2717768.062875107],[4780243.242666254,2717958.12163956],[4780564.858327944,2718119.9061096497],[4780897.034701413,2718157.763900594],[4780771.498118726,2718396.124150302],[4780460.5715759965,2718336.4539672215],[4780239.53147437,2718162.8788901065],[4780050.615347954,2718229.117711256],[4779931.30461498,2718379.1995688123],[4779534.304561643,2717903.4156084163],[4779037.98622573,2717739.9326279773],[4778980.987933632,2717300.021185354],[4778858.516914573,2717089.8534575473],[4778701.630137113,2716993.912480251],[4778699.882293459,2716693.403708727],[4778605.638831185,2716589.808934387],[4778551.777717191,2716242.0457277535],[4778607.610178729,2716128.9436575146],[4778685.438661163,2716147.6002187273],[4778747.130821377,2715844.019536554],[4778617.8008046895,2715566.9708319604],[4778240.726406344,2715407.667099954],[4778178.90695142,2715470.572770998],[4777883.763403575,2715396.5776193086],[4777680.767947231,2715239.874885763],[4777018.381487103,2715150.146787068],[4776124.271597379,2714730.715878291],[4776403.990630833,2714268.7023147824],[4776482.322265739,2713968.6617881563],[4775158.856779591,2713415.5396615304],[4775104.715067384,2713291.1713273833],[4775579.120549907,2712975.108715647],[4775579.746505744,2712741.9844952924],[4775691.276368003,2712729.055549776],[4775830.241257761,2712921.599960917],[4776071.301743382,2712658.325561319],[4776015.271395406,2712541.712085572],[4776065.908587531,2712498.405560411],[4776189.580560892,2712578.0954658515],[4776191.261663982,2712413.472953027],[4776086.391105324,2712451.8857125514],[4776064.741759832,2712346.0919054905],[4776177.8197512245,2712184.372686543],[4776238.305295675,2712290.722200836],[4776397.748697587,2712108.124131756],[4776398.311393059,2711995.173371302],[4776503.070705724,2712180.4756662543],[4776631.156480239,2712222.3571620365],[4776574.324675955,2711740.338280185],[4776662.4607719835,2711585.7078492045],[4776784.109074348,2711727.5532279266],[4776853.187372688,2711639.560415933],[4776797.807579876,2711499.202485415],[4776633.518312676,2711516.9672532915],[4776629.683922856,2711371.8307795282],[4776706.758509093,2711343.2390552727],[4776773.976179837,2711422.8015775206],[4776828.863052421,2711345.312473788],[4776963.995509869,2711353.579317906],[4776721.359098233,2711188.6720397626],[4776953.725330758,2710965.8732565325],[4776920.587373884,2710878.7313540326],[4776812.92948706,2710873.8188927346],[4776948.426988906,2710744.7238509767],[4777247.997725335,2710840.7610575203],[4777299.672200894,2710769.0787373083],[4777362.890902631,2710879.84661999],[4777433.712792444,2710835.3094840087],[4777501.430898645,2710616.549680689],[4777380.764139494,2710380.997580103],[4777630.782378947,2710161.832069701],[4777710.461491341,2709975.8356752195],[4777853.456053848,2710031.516305498],[4777894.510265099,2709905.7816410833],[4778004.097351654,2709919.9028478945],[4778101.990008178,2709782.0812120466],[4778115.629857794,2709622.7565488014],[4778012.853169802,2709759.195094848],[4777952.902111932,2709699.917036513],[4777978.728676121,2709528.1225546254],[4777855.622954657,2709515.58338091],[4778027.917101274,2709477.711057983],[4777881.037012811,2709082.066163114],[4778019.694121043,2709036.130151563],[4777989.6267014835,2708910.808132332],[4778072.256976951,2708892.0949783623],[4778004.090411532,2708777.8991170092],[4778101.39610841,2708876.8293448733],[4778207.794621977,2708776.587488874],[4778191.764465369,2708681.5466185557],[4778317.3797563845,2708663.9461790835],[4778356.564074023,2708539.7287415434],[4778167.857331602,2708450.913763577],[4778192.141408829,2708267.9887538073],[4778280.974313546,2708258.4573618015],[4778295.227131717,2708334.639915094],[4778309.734273397,2708242.919293355],[4778436.965689621,2708227.3760179756],[4778129.11420236,2708148.709948918],[4778267.989579684,2708104.9552626223],[4778220.724714895,2707940.2633705554],[4778398.84151641,2708082.547648626],[4778486.692344889,2707843.3488008818],[4778616.672697016,2707868.463711227],[4778549.842027033,2707982.210074613],[4778629.754490078,2708037.975167487],[4778712.608416923,2707907.729550615],[4778897.757203448,2707831.2072203327],[4778977.514523838,2707576.2414496485],[4778828.292020188,2707545.535353403],[4778866.205170233,2707241.557484567],[4778975.681287298,2707208.057730942],[4778867.202124471,2707157.0979226325],[4778944.198071779,2706995.627364366],[4778862.633453162,2706867.307862364],[4779174.626299527,2706689.8528296975],[4779123.645485849,2706632.763079593],[4779228.787512406,2706645.230513658],[4779086.690435254,2706547.0826487495],[4779263.738665882,2706442.847970461],[4779083.734302253,2706387.9434813485],[4779168.237275482,2706291.805248879],[4779060.819465853,2706310.748988288],[4779149.925932424,2706216.5903377365],[4779094.274219827,2706015.9191153664],[4779286.815711344,2706063.5882927976],[4779192.1786984755,2705983.890407564],[4779270.773925433,2705891.2113007493],[4779085.946626221,2705800.154145142],[4779026.584035127,2705649.7574230987],[4779220.260186741,2705662.7174062217],[4779327.291816977,2705591.576362186],[4779209.277232397,2705512.8292287216],[4779383.461748565,2705445.668223147],[4779381.051616337,2705546.4696779265],[4779475.9322542185,2705566.4971658387],[4779447.3808433125,2705474.595348873],[4779518.470934552,2705411.6369363684],[4779412.810006507,2705313.1985645127],[4779548.872424917,2705338.826254796],[4779648.706029135,2705158.418016751],[4779552.766008044,2705131.5575625217],[4779617.367533892,2705026.406301111],[4779478.228224941,2704973.6162713324],[4779573.981363875,2704716.999774744],[4779441.183541455,2704652.852992613],[4779543.883157087,2704562.9926815536],[4779561.36229875,2704652.148643091],[4779703.813509241,2704617.200223785],[4779622.401098742,2704448.5688193124],[4779742.114667248,2704378.424498827],[4779643.041442195,2704292.27073245],[4779734.3676740825,2704348.7454787777],[4779935.772882523,2704008.943089011],[4780078.26303878,2704028.161365946],[4780176.261440968,2703742.9879280194],[4780415.019519241,2703563.9616619176],[4780437.493534559,2703325.594363327],[4780373.950287492,2703284.5511299525],[4780547.114020932,2703217.643419845],[4780389.35623948,2703164.8270613495],[4780524.963442544,2703065.337945595],[4780569.046133523,2703161.091276262],[4780644.574411397,2703148.3766650464],[4780653.457116063,2702906.9838392707],[4780719.876109528,2702883.086031879],[4780666.8662266685,2702845.246978981],[4780738.958376547,2702797.1108681383],[4780643.630792482,2702804.5671836585],[4780620.627442227,2702668.352069935],[4780737.405299008,2702707.252065369],[4780639.708824117,2702559.870466462],[4780830.834250633,2702519.695058866],[4780850.509911856,2702407.33695206],[4780985.312975025,2702374.379755951],[4781025.746976078,2702268.183709185],[4780938.647038244,2702210.2879690337],[4780901.153001838,2702312.5005479283],[4780857.158891351,2702250.058480415],[4781105.107909433,2702022.2897340325],[4780971.927871388,2702045.717347089],[4781031.675924065,2701941.7964395517],[4780943.669375807,2701852.351518264],[4781025.242263769,2701805.5118774334],[4780890.297934191,2701867.399606316],[4780779.457517697,2701797.1916226014],[4780942.99093849,2701763.948811375],[4780861.653467081,2701670.458831134],[4781015.844381654,2701501.6411776203],[4781018.697287687,2701423.671518229],[4780956.244200927,2701425.9841647977],[4781003.0383062,2701331.093925855],[4781124.118645427,2701327.5762453475],[4781172.432187696,2701224.4077204554],[4781078.701471899,2701188.494343403],[4781167.033848911,2701135.186591886],[4781217.501870027,2701207.1926905205],[4781260.308985518,2701131.086147225],[4781104.953638684,2701075.0301428232],[4781219.98289119,2700996.6945662326],[4781088.600004639,2700901.019036111],[4781219.943805018,2700884.844602441],[4781232.738282065,2700966.5809092643],[4781270.027301178,2700879.4271663507],[4781317.295021864,2700907.84345768],[4781254.939639858,2700795.6889021173],[4781445.432032546,2700818.9810054544],[4781269.328619134,2700658.846178335],[4781326.7605714025,2700596.645066365],[4781242.025781726,2700583.5753051746],[4781257.398161972,2700501.079592851],[4781500.0500884,2700589.177321014],[4781511.087515251,2700500.0099606374],[4781410.253471668,2700433.6789007713],[4781495.671830924,2700424.823613702],[4781426.076913847,2700278.5594564416],[4781518.999001515,2700307.6410782957],[4781495.018030035,2700151.9959662617],[4781631.468488705,2700123.358293444],[4781552.671903969,2699965.0704255304],[4781660.970142496,2699998.0272963447],[4781711.529326646,2699923.0604884345],[4781641.303230118,2699838.268507622],[4781606.641995893,2699895.9338399153],[4781605.491615113,2699770.458653824],[4781519.460061423,2699777.0325597227],[4781622.718255905,2699718.9668497597],[4781507.344091754,2699717.962815573],[4781568.80330905,2699449.884188952],[4781454.936680334,2699462.6545537445],[4781459.953632045,2699295.5874191616],[4781532.771053065,2699249.605597627],[4781428.511103453,2699173.249251293],[4781564.537516547,2699081.0753433937],[4781473.745566518,2699105.4823444467],[4781402.650646061,2699014.3256678944],[4781534.80209074,2698981.3678564588],[4781537.346579533,2699060.979360954],[4781658.534395683,2698930.5830664164],[4781531.26063432,2698890.5339809693],[4781592.387503236,2698780.7027891115],[4781505.379919711,2698716.1068346156],[4781594.01827169,2698693.4618961434],[4781604.511020741,2698480.779803756],[4781470.68457725,2698520.3869424257],[4781443.120035365,2698413.1293682316],[4781396.281430643,2698496.2607271643],[4781284.363293567,2698477.412510774],[4781380.046773352,2698293.1207092134],[4781244.157402698,2698220.047511881],[4781180.251255957,2698041.7841270138],[4781269.128813658,2698039.266426884],[4781288.929645462,2698170.0800758745],[4781408.135555794,2698153.5624755844],[4781369.3798653,2697992.5316732535],[4781514.83776162,2698003.805513129],[4781505.144404296,2697913.4384095306],[4781627.053090868,2697916.0146655664],[4781545.422003808,2697767.4186315173],[4781481.977276801,2697802.7747698524],[4781521.070908258,2697673.098495727],[4781685.827987758,2697676.281233476],[4781553.403367481,2697546.7668643985],[4781727.777930955,2697526.070392415],[4781660.85351359,2697436.30473995],[4781589.612173773,2697473.8130692597],[4781742.076350764,2697302.7190016164],[4781696.460009693,2697179.9115365474],[4781948.710440215,2697222.323878275],[4781737.320432376,2697006.171391688],[4781891.7778053135,2696744.580422089],[4781789.914312413,2696435.0779359443],[4781991.319827866,2696241.123995618],[4782031.86663871,2696397.221495921],[4782102.056727415,2696241.762090409],[4782210.916515224,2696259.9569857917],[4782171.627107504,2696152.8571454897],[4782262.3047183845,2695975.3345728144],[4782154.480939311,2696010.630978341],[4782118.240430869,2695932.133126258],[4782183.638922977,2695787.8506390965],[4782236.047694165,2695825.444883548],[4782292.764833769,2695746.7761823563],[4782331.808393784,2695805.3887733],[4782450.78805644,2695671.851536455],[4782220.085876797,2695574.961661081],[4782368.24339233,2695405.8056906494],[4782315.659884321,2695336.8812752403],[4782428.9167218,2695298.0365940575],[4782424.355818749,2695221.1726554506],[4782276.966770619,2695238.052089963],[4782296.809344263,2695169.266543597],[4782344.031924996,2695075.2925137766],[4782549.250031567,2695146.8809902905],[4782592.508839995,2694952.310823621],[4782718.027540267,2694927.494734148],[4782643.033843009,2694864.3569218544],[4782473.927551382,2694909.972539447],[4782493.911267752,2694823.2266457574],[4782733.207048363,2694860.566122946],[4782805.81704378,2694789.2722996166],[4782681.138338225,2694694.078172313],[4782726.485744355,2694569.4003286273],[4782888.653942573,2694529.473904905],[4782910.589354807,2694393.140933266],[4782820.125900019,2694415.345990481],[4782823.384558703,2694337.26347889],[4782984.172530793,2694290.627242933],[4783018.474595404,2694138.3449315834],[4783146.123690938,2694101.058259033],[4783032.118909464,2694027.0267844107],[4782983.701261124,2694098.9464577488],[4782989.0961968945,2693947.3005040614],[4783107.412657996,2694014.1156367534],[4783357.36911741,2693793.392546323],[4783263.9507221915,2693622.9598318227],[4783288.733707519,2693440.507407315],[4783359.094433131,2693352.495403422],[4783540.028012677,2693350.895006763],[4783514.294024554,2693113.6105927136],[4783698.193603209,2692967.549278393],[4783647.577223328,2692769.5514464383],[4783795.289884115,2692807.1998583344],[4783823.150241455,2692740.1644191965],[4783731.198789223,2692666.993120986],[4783604.920108847,2692690.935466379],[4783808.860316201,2692170.1094946614],[4783704.459067997,2692127.2357776286],[4783918.663117284,2692067.696377191],[4783914.820932179,2692004.1798761464],[4783755.434930077,2691999.351872378],[4784043.543513693,2691855.3487846456],[4783933.28477483,2691809.4038040116],[4784010.390814226,2691714.4173825546],[4783961.712982453,2691630.858741916],[4784147.349115102,2691608.1752089136],[4784049.40748278,2691499.21359169],[4784163.745080599,2691442.9945648564],[4784106.651235978,2691296.3980062213],[4784237.99641013,2691284.763414474],[4784231.862164905,2691124.045814529],[4784349.552683673,2691106.4028700013],[4784196.384380631,2690671.564761226],[4784256.553825313,2690600.240622541],[4784192.208786222,2690558.371957726],[4784358.331870064,2690505.7078091376],[4784254.964234874,2690466.599079467],[4784259.265406242,2690378.18045711],[4784344.599790134,2690414.0800514687],[4784395.015329022,2690315.550613329],[4784280.911890714,2690162.2635235386],[4784495.794777889,2689999.804216067],[4784516.552272872,2689773.0290199597],[4784396.094848539,2689754.727467156],[4784574.088524215,2689594.6931999004],[4784505.574987413,2689490.965744241],[4784624.601408966,2689398.019830704],[4784574.250931032,2689233.13377319],[4784745.268585359,2689192.4170763907],[4784515.760627958,2689060.7215982564],[4784578.8774413,2688964.355664591],[4784475.603108921,2688978.6592895305],[4784436.160680205,2688844.6961635],[4784616.617684638,2688807.288128756],[4784531.871446169,2688732.1664684108],[4784665.63454367,2688621.789034914],[4784557.885684614,2688467.6134563587],[4784565.585448569,2688192.0173318516],[4784702.780457685,2688007.274462248],[4784653.166255424,2687804.771352027],[4784404.196836749,2687526.430510738],[4784307.1732913535,2687255.2024569847],[4784248.5812864015,2686563.681910459],[4784171.491247587,2686539.1247546175],[4784344.337882906,2686335.4560945826],[4784208.672125783,2686317.1942854407],[4784269.374701774,2686141.6438683462],[4784187.928430198,2686221.3644831134],[4784180.241490304,2686107.7284769057],[4784066.624674137,2686101.979186091],[4784086.419192905,2685950.3900719658],[4784013.533908022,2685889.8213519803],[4784126.266929951,2685826.7044462347],[4784062.578910895,2685769.732250804],[4784019.353196325,2685872.7505366583],[4783919.040454273,2685800.363108819],[4783912.219524826,2685587.971009532],[4783369.748096723,2685635.7156619607],[4783347.468574967,2685499.1199073694],[4783427.0712758945,2685378.005160339],[4783335.659851819,2685312.6618429003],[4783461.832762929,2685243.852837038],[4783387.745959629,2685161.651398947],[4783273.349873821,2685225.2070395807],[4783221.996696382,2685171.0274420916],[4783334.023895028,2684856.3365284503],[4783198.951099915,2684819.1251338683],[4783211.926072344,2684667.4693853683],[4783314.304634049,2684640.8106349586],[4783222.337955759,2684564.967817457],[4783289.169675964,2684420.507767454],[4783195.739586209,2684254.432253884],[4783310.081247573,2684045.5479621314],[4783279.270483693,2683967.6633328805],[4783170.054388524,2683973.3724763542],[4783293.908242811,2683760.7847157563],[4783448.553827273,2683686.4484086293],[4783372.437497372,2683569.632638287],[4783472.983481083,2683479.6523458017],[4783344.083676243,2683316.3939451547],[4783326.943611862,2683120.9730162276],[4782941.715392212,2682763.5016813446],[4782976.417510564,2682581.0765674836],[4783212.615139638,2682352.5315211057],[4783281.735756502,2682167.707212623],[4783209.204047906,2681987.833815869],[4783089.24406355,2681956.7277755095],[4783198.07549051,2681870.1901588617],[4783096.562803075,2681562.279484099],[4783175.026106268,2681459.7819516803],[4783270.33594816,2681547.011808021],[4783274.784299108,2681438.455862792],[4783134.832719693,2681400.9027989767],[4783062.921717077,2681278.250334611],[4783249.158438653,2681046.0374667076],[4783416.922455062,2681029.6175135802],[4783471.760591611,2680864.133445034],[4783362.433120378,2680805.991997341],[4783590.973567113,2680761.6437291875],[4783548.650793474,2680695.138584309],[4783653.373175995,2680611.5154596907],[4783608.640270222,2680521.1472854447],[4783805.71777342,2680262.7419910617],[4783810.515369557,2680020.635293207],[4783920.8834976675,2680035.0337025323],[4783942.774161546,2679933.8121958384],[4784129.344124907,2679840.962167571],[4783999.013086724,2679794.997869858],[4783990.761258436,2679645.327786469],[4784091.185341448,2679581.30416781],[4784557.627355358,2679901.499768533],[4785160.641709471,2678618.418300257],[4785377.761695343,2678766.695755696],[4785436.326385648,2678650.527917881],[4785273.131239764,2678634.0845000604],[4785319.681775363,2678516.687744039],[4785416.0566262435,2678595.2568287994],[4785529.182319992,2678529.9700854956],[4785605.886321158,2678657.4926692727],[4785607.983046562,2678491.4541812926],[4785730.678584311,2678468.222998945],[4785779.832095897,2678291.3019973286],[4785941.783618755,2678228.388180245],[4785967.864555727,2677910.4644734785],[4785829.855900894,2677974.202495384],[4785886.479948121,2677859.8252313533],[4785742.22129882,2677818.7143979548],[4785760.639358473,2677734.7887357445],[4786032.3840657,2677695.449955384],[4785663.878553279,2677549.836081962],[4785635.419083843,2677498.2993336455],[4785823.933169632,2677310.0191081525],[4785517.920888624,2677140.0147535587],[4785643.925676231,2676901.793233926],[4785560.287449709,2676871.8627124797],[4785583.937071314,2676784.1538132536],[4785889.100110317,2676873.551313366],[4786086.3257407425,2676692.301441125],[4785983.938876748,2676504.977492355],[4785858.807042136,2676611.613376817],[4785681.94001722,2676575.943437936],[4785639.904566591,2676655.3672124073],[4785562.714824308,2676511.3557323553],[4785881.166722436,2676380.9089170247],[4786032.328709921,2676463.639525239],[4786159.437666961,2676191.492942331],[4786338.956090411,2676293.8860144187],[4786342.54266346,2676122.3844127404],[4786216.576700679,2676036.973994866],[4786345.956103838,2675934.6464040065],[4786111.286191318,2676039.4429404656],[4786042.822346678,2675964.8824766455],[4786167.369220044,2675786.4047404416],[4786308.14615923,2675819.9395484384],[4786366.635602893,2675698.714701287],[4786467.297631143,2675759.1061963914],[4786447.901039133,2675505.157282926],[4786543.661976354,2675507.0904562697],[4786468.575581003,2675370.974857438],[4786719.790282922,2675175.2407237496],[4786863.736025759,2675192.911559978],[4786974.08223037,2675027.9806375103],[4787072.79080186,2675063.68338629],[4786914.72065911,2674760.3736842903],[4786974.456381224,2674649.9331587898],[4787113.246460243,2674564.523202817],[4787422.238537558,2674581.465708972],[4787500.522840689,2674437.8388483264],[4787594.711014091,2674490.8369838013],[4787700.499163353,2674399.31890055],[4787492.428419815,2674146.0974253793],[4787346.359246631,2674141.051840378],[4787681.306295892,2673884.3203243376],[4787705.640776256,2673750.5488489415],[4787609.51833033,2673659.344325898],[4787898.429608003,2673729.1992986207],[4787995.463971631,2673416.1446407894],[4787892.555821157,2673327.0707598026],[4788051.74219019,2673355.577233217],[4788097.941900495,2673222.877317724],[4788039.809698515,2673162.594883796],[4788158.247304919,2673163.1068459298],[4788161.921355524,2673360.067886409],[4788278.530561401,2673516.229787812],[4788430.960758051,2673516.9341143947],[4788431.316304033,2673335.635812804],[4788277.787651732,2673304.840854375],[4788539.81820792,2673214.3275397574],[4788403.327457376,2673042.128090154],[4788426.20982273,2672967.7291319794],[4788527.163702651,2673058.1827559895],[4788622.620213156,2672947.316436525],[4788414.767172733,2672847.4141768087],[4788479.277677376,2672762.181132028],[4788584.528127311,2672777.9799457383],[4788548.694645724,2672637.2786780633],[4788740.511036288,2672781.1053441926],[4788841.686879379,2672709.865552978],[4788741.8813430695,2672544.337430015],[4788876.470741177,2672606.518766525],[4788902.496234684,2672764.208300908],[4789019.469268583,2672640.3260659887],[4788956.065979286,2672466.7062580236],[4788618.737189508,2672496.197553004],[4788374.897839996,2672609.7050409354],[4788140.41802174,2672516.1532188784],[4788006.639300812,2672668.918488604],[4787898.921259788,2672700.203823194],[4787817.895864515,2672607.9354140013],[4787717.163401318,2672711.12007684],[4787434.132005903,2672789.700654218],[4787001.99218743,2672570.8693807013],[4786932.775984699,2672418.9649596578],[4786469.13608663,2672243.764694708],[4786427.135983592,2672063.9019268844],[4786491.067309549,2671799.739889053],[4786328.137705468,2671052.3841114393],[4786043.071129791,2670906.1712417654],[4785931.609885962,2671000.4328534636],[4785828.636960747,2670584.2264422765],[4785690.291011809,2670400.7620137525],[4785728.739260734,2670210.9276188267],[4785513.45886247,2670082.3109166464],[4785742.254200917,2669779.450214558],[4785745.120598034,2669439.2403868195],[4785418.428363065,2669168.4689603588],[4785389.454296698,2668872.1967124827],[4785133.614482323,2668822.8182711396],[4785079.796720607,2668377.416778262],[4784852.2832045965,2668244.3631050414],[4784765.958966274,2667757.7426545448],[4784862.689952612,2667605.560472402],[4784829.2067933995,2667109.64059111],[4784946.3249165295,2666679.353901913],[4784305.4436519,2666770.318453486],[4783470.984981857,2667017.1943039717],[4782402.49886639,2667086.889766068],[4782122.951800289,2667216.074504002],[4781816.951841571,2667572.4827982364],[4780697.1451852275,2667944.039084756],[4780057.698512454,2668054.339178934],[4779137.93641385,2668018.8505251016],[4778414.569182613,2667584.968494753],[4777871.708062469,2667515.617358506],[4777160.238330748,2667550.601717851]]]}},{"type":"Feature","properties":{"flugjahr":"2010-11","gebiet":"Steiermark"},"geometry":{"type":"Polygon","coordinates":[[[4600390.098338325,2728178.961588113],[4600346.279103328,2729177.5119146365],[4598538.870329469,2729095.523883406],[4598348.741389715,2730133.4973700973],[4598412.933500849,2731206.6548738377],[4598890.737535011,2731719.2330427314],[4598897.700845206,2732271.2280815984],[4599162.747274146,2732710.7355570183],[4599116.308855897,2733029.306983678],[4599205.346715106,2733643.7846511304],[4599357.964922236,2733885.6704835156],[4599384.741094978,2734225.5295104817],[4599606.166922708,2734288.5143946996],[4599447.486585683,2734880.3424563133],[4599869.038129265,2735118.003997573],[4599834.603020395,2735189.9411541666],[4600150.938653478,2735458.098966214],[4600667.799245146,2735626.7312223404],[4600877.931589659,2735827.940173632],[4601523.730367743,2735943.7503193496],[4601665.723248947,2736032.998767064],[4601604.044758149,2736445.2056491403],[4601726.022037918,2736558.872660933],[4601622.3474951,2737276.6916644806],[4601742.037082221,2737239.514415472],[4601933.131612761,2737385.120878948],[4602541.665804715,2737553.2176111606],[4602695.4616468055,2738449.801823573],[4602775.527586013,2738486.131891974],[4602846.494232717,2738881.3670246312],[4603007.208123106,2739070.2812791243],[4603279.314910852,2739182.1212766264],[4603751.308483421,2739687.302621821],[4604020.481513854,2740253.862408531],[4604476.779470963,2740674.148038475],[4604606.016611986,2740970.7842113003],[4604473.643665044,2741096.50675142],[4604800.111159071,2741026.482678355],[4604953.837509614,2740858.1391975083],[4605657.601436821,2740502.0760479285],[4606164.556987781,2740701.667874215],[4607914.871462422,2740997.2886053403],[4609160.897078183,2741383.5523918066],[4609983.803064828,2740943.170164214],[4610309.116575075,2741273.3588819206],[4610776.64698546,2742272.4080947544],[4610619.500822547,2742390.766240066],[4611237.627003596,2742017.6759642437],[4611646.194463158,2742094.9072994217],[4611677.08409095,2742283.432009859],[4611831.08038424,2742347.3631107016],[4611947.670969215,2742269.5626152204],[4612010.769140551,2741841.322808752],[4612307.485647032,2741971.655854272],[4612638.293644202,2741922.950835709],[4613343.468257837,2741462.9738741787],[4613903.5926567735,2741511.6535746846],[4613894.020839962,2741333.6263754433],[4614201.277516522,2740797.862573142],[4615217.95528124,2740184.9697125326],[4616336.129787582,2740750.994520854],[4617143.142138826,2740732.7230149694],[4617570.107988538,2740816.469776549],[4618909.190745473,2740217.654571217],[4619280.708099563,2739863.9782276754],[4619322.9668063065,2739908.547489791],[4620016.232119192,2739568.601054001],[4620234.00567957,2739733.0589967524],[4620895.884761879,2739901.642622156],[4620928.913901892,2740117.7643895918],[4621358.049438201,2740285.1536399936],[4622036.641890165,2740081.8952926467],[4622788.37455372,2739000.9775477946],[4624138.605115409,2737783.377316734],[4624973.743357737,2737298.0229619555],[4625592.978123616,2736602.5200671908],[4625153.875441737,2731965.7100510043],[4625632.24905948,2731970.4915039116],[4625767.8142348165,2731846.052674811],[4625617.720834428,2731411.5164755816],[4625518.387828709,2731332.0239077783],[4625543.619854545,2730953.316050551],[4626235.319615499,2731086.7243672693],[4626595.120693955,2730871.698909344],[4627040.676433291,2730982.301539905],[4627734.033341823,2731315.091423563],[4628709.232005942,2731392.8941047927],[4628867.284631778,2731804.524285982],[4629319.580873746,2731841.2927112663],[4629358.117213979,2731984.440845052],[4629974.126667609,2732323.7773999595],[4630879.648142749,2732407.714942791],[4631618.540033967,2732701.693351856],[4631851.81908313,2733146.1595383547],[4632111.037912548,2733216.182373151],[4632544.773062074,2733553.9996788194],[4632977.91943208,2733503.2184481174],[4633114.533487085,2733602.4579650713],[4633415.1866958,2733515.9550873167],[4633630.086675251,2733567.902341381],[4633902.528835545,2733821.4213720593],[4634265.450638438,2733972.0133605506],[4634804.669484079,2733753.8533642357],[4635287.296773296,2733943.9491749075],[4635597.867667195,2734530.3704764117],[4636003.408456584,2734588.355714643],[4636388.215639073,2735019.4023789437],[4636572.717835735,2730826.9323839713],[4641568.121229108,2731055.2733605313],[4641679.043795986,2728557.853300114],[4646675.44220404,2728786.5129656717],[4646565.542471109,2731282.946670328],[4651561.850420624,2731511.812182078],[4651451.862451569,2734008.3119546776],[4656448.11864361,2734237.4447447313],[4656338.034444823,2736733.9816607684],[4665337.301048751,2737161.4068714436],[4665486.519829898,2735172.8910771087],[4667954.014641368,2735288.746348172],[4667952.017311609,2735622.7382944087],[4674753.395673012,2736082.6658524503],[4674894.950884348,2735591.0421772962],[4678578.99904257,2735819.4511590735],[4678587.672176167,2735517.3031626698],[4678259.3612364875,2735241.3068061844],[4678163.974837745,2734844.9857937046],[4677507.522630561,2733598.2784534],[4677437.5822207825,2733325.6890326925],[4676695.097374557,2732967.242324111],[4676346.515690152,2732658.2345979637],[4676236.079885204,2731869.19726521],[4675921.700845957,2731744.4543277114],[4675738.591385794,2731547.0835854537],[4675294.977256438,2731436.500222217],[4674819.8314348515,2731127.667031168],[4673953.884107396,2731209.624730843],[4673220.123050059,2730802.7749413634],[4672731.866724671,2730725.9592754515],[4672212.289857601,2730508.6006068764],[4671787.691596895,2730511.3388784435],[4670827.382762233,2730829.330536134],[4670334.39223245,2730783.7567954604],[4669998.573306942,2730625.0927122803],[4669794.0846779775,2730777.6121346843],[4669551.045855338,2730811.2364269546],[4669454.124713212,2730721.357284955],[4668597.225467538,2730557.070162047],[4668175.877410307,2730079.26678658],[4667830.977628704,2730080.0031677424],[4667688.831083977,2729986.5374068925],[4667518.348087996,2729667.4439621978],[4667289.488152076,2729660.51548455],[4667048.746909734,2729458.6315959427],[4665842.923504404,2729615.2066262052],[4665312.595042288,2729398.5797092747],[4664898.8908538325,2729569.563077111],[4664622.873481762,2729460.933913149],[4664307.652608245,2729448.5037388997],[4663699.81297684,2729087.1885429975],[4663415.840302633,2729269.3846180555],[4663167.141198313,2729287.8554360257],[4663082.928066869,2729434.253239037],[4662796.177775406,2729624.858451478],[4662739.118916776,2729768.8771255785],[4662330.036533375,2729902.2729248595],[4662204.963055908,2730041.405057867],[4661678.044247301,2730117.400108462],[4661521.689405332,2730334.4914103164],[4661159.45461873,2730535.718532276],[4661112.832987676,2730778.695309056],[4660904.340258734,2730853.009048765],[4660639.4384788005,2730719.7200671355],[4659746.296104127,2730742.292208338],[4659478.921481378,2730524.6982856975],[4658728.571837712,2730365.513818943],[4657947.458577784,2730015.492052176],[4657491.821483788,2730113.1804652754],[4657104.861805439,2730401.1513325535],[4656274.218034754,2730220.083145315],[4656021.436991342,2729887.0000995332],[4655939.01405559,2729495.8142092302],[4655801.133388606,2729319.3897865373],[4655160.070156295,2729104.8924797415],[4654029.406091839,2729052.3534522653],[4653828.430737663,2728935.4410000816],[4653601.681007081,2728976.259819191],[4653443.937688948,2729118.492366781],[4652529.452230671,2729124.184071218],[4652215.351438465,2728732.453420834],[4652044.653438647,2728866.874454811],[4651655.743255338,2728879.702944251],[4650405.148426033,2729288.949812725],[4649850.887791109,2729608.3973604008],[4648957.672442066,2729688.893588326],[4647936.903792051,2729351.9406034397],[4647730.281293133,2729030.9335088697],[4647484.31334659,2728856.46335412],[4646837.7996499045,2728659.95699077],[4646320.949613556,2728343.2057900536],[4645632.466035287,2727669.2777202497],[4644757.641466473,2726343.5019350583],[4644252.18953921,2726200.3213601797],[4643130.400775237,2726161.9917856464],[4642275.66943652,2726381.046936716],[4640781.901551561,2726519.0127899647],[4640629.52783589,2726848.1569065116],[4640185.0731745735,2726955.24314891],[4639289.090919561,2726815.1877329983],[4638953.207745798,2726869.1304398086],[4638453.561505591,2726658.7203798527],[4637938.53621197,2726568.4407804315],[4637138.281190428,2726646.1193331545],[4637025.759554893,2726554.6773399734],[4636963.149860356,2726231.306822612],[4636843.879912146,2726077.297628637],[4636420.211834656,2726017.473129551],[4636287.817015765,2725709.8132781307],[4634829.409088939,2725045.132280564],[4634799.956169395,2725750.5445510754],[4632787.870527022,2725658.0809688685],[4632850.546505403,2724242.830874589],[4632333.020135093,2724208.070461958],[4632346.968854121,2723995.1538323318],[4631817.508611944,2723685.4645293653],[4631513.221437524,2723354.201276116],[4630357.279264832,2722878.962964602],[4629944.831470302,2722545.9278873713],[4629591.931822071,2721858.0163138798],[4629062.132547734,2721577.638220692],[4628656.939784286,2721490.087502106],[4628073.206073634,2721470.6683168407],[4627788.8725100765,2721327.1437247647],[4627487.923481322,2721379.0213621655],[4626833.586056958,2721159.771110872],[4626359.160611934,2721229.6852996256],[4626130.5903943125,2720853.66521898],[4626136.961618151,2720674.6268997593],[4626459.946555623,2720494.8129594065],[4626567.239120252,2720350.717119536],[4626805.613019726,2720277.826395172],[4626842.159784003,2720056.6510315984],[4627005.769416877,2719903.795810919],[4627625.455199757,2719928.5847927937],[4627718.811684397,2719813.120228525],[4627473.876962772,2719658.9892905867],[4626756.017276268,2719462.0385477273],[4626273.364175681,2719136.020529659],[4625949.92730459,2719026.77192881],[4625557.881689822,2718695.566300413],[4625321.102303955,2718346.029050817],[4624647.057026416,2717806.8186785188],[4623981.921647267,2717414.129134659],[4623391.359361278,2717202.453035615],[4623149.764806988,2716848.0614827806],[4622441.164464708,2716388.0284516485],[4622345.497589132,2716181.174173816],[4622381.269431491,2715658.7887229873],[4622261.551052084,2715196.646338572],[4622030.891903101,2714891.338497123],[4621829.576570465,2714249.0588935926],[4621568.584339826,2714011.232055902],[4621353.961087036,2713858.012505035],[4620906.108403179,2713740.0453685117],[4620870.24970304,2713518.2698058975],[4620300.238286473,2713057.8179937666],[4619974.381623321,2713052.0886160526],[4619724.792239156,2712834.83797852],[4619014.353848033,2712523.2091597836],[4618535.191171236,2711811.6042614193],[4617589.037007009,2711200.5009139036],[4617430.219556576,2710957.188178108],[4617065.676409367,2710689.30192958],[4616378.497619566,2710404.9297546754],[4615758.832285874,2710450.5415520296],[4614396.049381714,2709797.121179237],[4614189.398383519,2709769.3814675487],[4613957.496244762,2709630.52504709],[4613593.4450794235,2709224.910701882],[4613344.8260257505,2709362.5587392473],[4613167.237514815,2709320.61325298],[4613045.616214651,2709195.023722055],[4612897.578441541,2708793.0915765786],[4612468.87672724,2708371.75620661],[4611732.679427159,2708461.5368389324],[4611454.814482768,2708622.3731938503],[4611338.192863996,2708828.06467756],[4611184.877254547,2708852.064777225],[4611063.023715127,2708673.193174047],[4610778.172616591,2708494.1472595762],[4610626.822498865,2708144.902017511],[4610386.637237752,2708057.4716408066],[4609810.419111427,2708186.0911788237],[4609624.060587235,2711160.094832921],[4613563.279385588,2711426.670719084],[4613607.106469807,2711588.659521462],[4613721.42215456,2711640.206659665],[4613625.6581320325,2713416.7523360066],[4614446.397679685,2713488.3936835313],[4614522.831993621,2713562.8288390543],[4614605.24435078,2713500.6082128896],[4614730.612416095,2713737.3079761597],[4614811.029082939,2713650.4051612616],[4614808.405071667,2714497.518267134],[4617908.250631665,2714732.376222966],[4617782.595249548,2716668.733797627],[4617838.2734411955,2716721.382329665],[4622766.477895624,2717057.9720476083],[4622587.832988938,2719801.0663136663],[4622374.157180124,2719688.2302934052],[4622338.430848077,2719802.9516471187],[4622363.595317051,2719868.7209137836],[4622585.955153103,2719901.8452800494],[4622537.230925692,2720645.668582375],[4622341.597956457,2720769.9153924184],[4622522.203961387,2720876.00544649],[4621976.417528647,2729127.653125395],[4605794.717841008,2728402.696668553],[4605758.8300402425,2729001.526348105],[4606219.255312332,2729511.9239863036],[4606394.575118553,2729579.9469588706],[4606507.0293435715,2729779.2349235187],[4606982.149842716,2729840.8593016244],[4607208.176176049,2729963.230642884],[4607522.309768786,2729790.3346663057],[4608005.887898235,2729819.316973185],[4608275.727819193,2730175.897264516],[4608948.70891711,2730476.7386814337],[4608891.73428571,2730656.3166497764],[4608599.888422873,2730664.0685071307],[4608408.846420364,2730452.1968226037],[4608188.3114732085,2730387.1217187396],[4607940.814715865,2730137.6541564134],[4607813.029365312,2730104.8219044525],[4607612.680483179,2730104.7247466557],[4607552.172707723,2730205.068761877],[4607279.504351131,2730277.754336246],[4606839.361876741,2730240.740998783],[4606230.313474613,2729989.8656044053],[4605583.3605725365,2729415.9527880987],[4605375.756878157,2729421.536180955],[4605225.199965148,2729496.779124466],[4604514.608532339,2730781.727819852],[4604676.793144089,2731285.5426173266],[4604665.436037077,2731521.2405288713],[4604499.131594041,2731932.0651015528],[4604186.206926144,2732031.9534680657],[4603879.519187401,2731738.7788946372],[4603640.861224276,2731060.3433487476],[4603975.871017199,2730640.1597636677],[4604461.303620633,2729806.410898844],[4605097.808805908,2728565.130276535],[4605077.080133913,2728370.05614787],[4600390.098338325,2728178.961588113]]]}},{"type":"Feature","properties":{"flugjahr":"2018","gebiet":"Ober\u00f6sterreich"},"geometry":{"type":"Polygon","coordinates":[[[4585595.550046177,2728509.1852337844],[4600346.279103328,2729177.5119146365],[4600477.734549679,2726181.832308209],[4602976.2731642,2726295.2047564243],[4603063.895160802,2724298.104665752],[4604313.1551107215,2724354.816533534],[4604663.537535601,2716366.468733292],[4603414.222898771,2716309.773867968],[4603458.01165031,2715311.241726111],[4602208.687024995,2715254.571454599],[4602361.889721014,2711759.3053078493],[4599863.260459345,2711645.9740160545],[4599841.359799072,2712145.6724468614],[4593594.602444866,2711862.6170721995],[4593550.832850478,2712861.1353700347],[4589802.812784253,2712691.414350642],[4589759.068186123,2713689.9460655316],[4587260.390222359,2713576.8984474256],[4587216.630096425,2714575.4113513594],[4584717.864180819,2714462.4089870634],[4584630.390713052,2716459.4284209074],[4583381.061048202,2716402.9291136647],[4583337.31637333,2717401.4390417556],[4582087.982031465,2717344.939811967],[4581934.918207445,2720839.7739156927],[4582945.039915662,2720885.450881538],[4582955.574066313,2721036.558897067],[4583276.157035485,2721238.8417202574],[4583355.775945363,2721644.8889065688],[4583205.733878454,2722060.0999346646],[4583279.191909811,2722263.5431372016],[4583062.934439207,2722420.92844917],[4582983.633758691,2722892.3960789647],[4582793.697830806,2723321.3583742627],[4583698.183885131,2724354.126745792],[4584289.738434714,2724838.6945589893],[4584748.806117867,2724954.909767853],[4584857.014107328,2725566.2177268467],[4584679.381510116,2726382.344497877],[4584768.778129704,2726602.8922088314],[4584732.495328774,2727041.5598636265],[4585273.052952639,2727989.451929689],[4585298.262893879,2728187.8761971663],[4585510.680519242,2728327.5727192275],[4585595.550046177,2728509.1852337844]]]}},{"type":"Feature","properties":{"flugjahr":"2011","gebiet":"Steiermark"},"geometry":{"type":"Polygon","coordinates":[[[4642369.716349575,2724064.22164093],[4644080.977391662,2724312.3527069692],[4644996.254851746,2724095.096294251],[4645318.822908972,2724215.7520703725],[4652794.274552442,2724543.297378066],[4652851.156603439,2724494.114004],[4652906.816346607,2723549.396485824],[4655870.729167371,2723669.3073699432],[4656014.142090997,2721689.0614672545],[4668824.308407039,2722278.165389249],[4668834.5343210865,2722643.1523388117],[4669416.809385663,2722687.0034057363],[4669504.417465213,2721344.027499328],[4669360.161221336,2721308.1360162836],[4669366.201170428,2721227.0667007193],[4669513.102174525,2721219.196539869],[4669758.414088361,2717449.7906437786],[4669671.394742087,2717647.890319045],[4669574.323681721,2717692.3449916774],[4657940.230245903,2716908.524792931],[4657809.365541327,2717400.8396172356],[4651654.238378963,2716986.7018332053],[4651669.306809587,2716684.259287674],[4651823.522009913,2716524.58134494],[4651706.534418805,2716185.924342699],[4651593.293495096,2716481.534309169],[4642911.242968038,2715908.5777089605],[4642720.914269263,2718743.385075436],[4642821.041760088,2718943.0018213615],[4642710.634102775,2718911.8860642086],[4642369.716349575,2724064.22164093]]]}},{"type":"Feature","properties":{"flugjahr":"2010-11","gebiet":"Steiermark"},"geometry":{"type":"Polygon","coordinates":[[[4638444.625391234,2723615.045774985],[4637866.0286412155,2723841.766852572],[4637881.956106724,2724098.2310641953],[4638172.676162383,2724491.6282349587],[4639043.299796708,2724505.6673432193],[4640053.584114095,2724294.9309943863],[4641457.928976033,2724407.793681894],[4641768.901424601,2724286.9212346855],[4642221.682268406,2724262.268085941],[4642596.187022002,2724086.4077904862],[4640499.592970144,2723979.4352042605],[4640510.160170542,2723756.8360719997],[4638444.625391234,2723615.045774985]]]}},{"type":"Feature","properties":{"flugjahr":"2013","gebiet":"Ober\u00f6sterreich"},"geometry":{"type":"Polygon","coordinates":[[[4633046.1056139,2810721.576362962],[4632935.490472005,2813218.51144799],[4631686.616409772,2813161.4670157866],[4630437.751624271,2813104.417352612],[4626691.107898216,2812933.297346655],[4620446.481184301,2812648.3893203316],[4620004.034592951,2822636.174839922],[4632492.665400192,2823206.4375191405],[4632769.493544853,2816964.0287427465],[4633046.1056139,2810721.576362962]]]}},{"type":"Feature","properties":{"flugjahr":"2011","gebiet":"K\u00e4rnten"},"geometry":{"type":"Polygon","coordinates":[[[4611172.825386973,2624627.760985838],[4610955.821041346,2629619.0955039104],[4630949.37013648,2630527.750913915],[4631166.689777072,2625536.4225925156],[4611172.825386973,2624627.760985838]]]}},{"type":"Feature","properties":{"flugjahr":"2012","gebiet":"Steiermark"},"geometry":{"type":"Polygon","coordinates":[[[4658835.19751139,2736868.856809171],[4658726.011728812,2739344.175810372],[4661223.976396592,2739459.910451523],[4661114.777441377,2741956.5326076173],[4666109.746255381,2742185.1144905705],[4665999.466451297,2744681.7347465362],[4668699.177238709,2744805.918784934],[4668705.8009761935,2744321.467981671],[4668893.767254486,2744046.9839393646],[4669491.090734864,2744075.7062014076],[4669984.020405,2743980.6990676047],[4670259.697297166,2744170.6617557327],[4670440.448859534,2744520.637803824],[4670972.030603421,2744504.641099317],[4671133.884342503,2744577.7720322376],[4671359.704669314,2744863.3773019547],[4671493.201244381,2744813.528293544],[4671577.1723121,2744315.9982052934],[4671707.1523979055,2744167.3907590574],[4672101.120013154,2743995.429710944],[4672122.259406318,2743628.94258908],[4672489.476181473,2743248.843010064],[4672183.773057224,2743028.2147722575],[4672128.766308003,2742619.8446248127],[4672200.3744100435,2742412.3599093705],[4672467.295856426,2742417.8830606793],[4672939.851656939,2742222.6035469864],[4673060.260272641,2742010.193005003],[4672836.05967223,2741898.069577835],[4672833.966537546,2741671.589684946],[4672903.997164306,2741641.479342873],[4673042.526014053,2741783.1045866543],[4673205.539864839,2741806.270012867],[4673758.96896776,2741058.7593260696],[4674305.157114845,2740738.5642894483],[4674307.38267497,2740374.25171198],[4674755.173333851,2740002.385528917],[4674792.440573177,2739277.879857471],[4675240.4557895325,2739314.800628795],[4675587.349566559,2739601.7706602113],[4675928.866803987,2739724.7723115827],[4676008.011283884,2739343.148089613],[4676231.0925341565,2739181.101090088],[4676336.738454265,2738827.676585786],[4677119.8779572975,2738437.284125505],[4677458.714483308,2738071.5563865695],[4677706.053241386,2737921.2691982277],[4677634.153382846,2737626.626016914],[4677830.870153777,2737448.536779905],[4677974.536478566,2737516.800638431],[4678181.6395311,2737446.737679577],[4678489.507527848,2737187.6339082206],[4678445.865448925,2736528.6124382867],[4678603.334501673,2736111.819583091],[4678527.132823248,2735836.337272219],[4674894.950884348,2735591.0421772962],[4674753.395673012,2736082.6658524503],[4668004.922382831,2735627.1975310203],[4667943.611449831,2735593.8432477145],[4667954.014641368,2735288.746348172],[4665486.519829898,2735172.8910771087],[4665337.301048751,2737161.4068714436],[4658835.19751139,2736868.856809171]]]}},{"type":"Feature","properties":{"flugjahr":"2017","gebiet":"Nieder\u00f6sterreich"},"geometry":{"type":"Polygon","coordinates":[[[4755595.627628652,2754143.1348019675],[4765560.486432142,2754996.8729548785],[4763481.671304202,2779906.539546963],[4768463.149592595,2780333.8635467472],[4768879.408234177,2775351.6700373883],[4773861.461267502,2775779.2026018417],[4776355.120414415,2745886.7192432606],[4798360.185012536,2747775.3743577134],[4798612.832812038,2747209.0485880934],[4799197.883629931,2746589.8392789625],[4799397.086837217,2746253.4679284594],[4799454.306211144,2745737.809053456],[4799394.572798283,2745528.8376688203],[4799155.122534231,2745281.6163767916],[4799409.808967264,2744605.4805473913],[4799573.49293441,2744394.894665947],[4799552.311776858,2743930.267749692],[4799352.336475129,2743651.359653759],[4798913.695687195,2743647.0383459837],[4798401.521475944,2743533.241901402],[4798296.432602506,2743439.715909574],[4797861.173662726,2742978.3241857206],[4798080.389055969,2742764.9061263795],[4798203.839089306,2742503.490142398],[4798316.494868928,2742466.3031610996],[4798318.113345036,2742228.4262812887],[4798087.697566548,2742123.6920801564],[4797493.550162524,2741470.15553041],[4797370.410552739,2741477.328365556],[4796964.593511245,2741266.5638979706],[4796695.509054263,2740996.4946862333],[4796585.479368676,2740629.6273011295],[4796766.650284574,2738989.0813211566],[4796657.638938193,2738845.7406702903],[4796632.764461107,2738607.769728061],[4796432.757140817,2738446.8739790893],[4796210.041704265,2738036.61314204],[4796152.745781325,2737614.7959196456],[4795721.019156438,2737122.9123717747],[4795752.287971723,2736911.7616825327],[4795916.931729367,2736744.5204059198],[4795965.573647597,2736543.24611238],[4795716.03881273,2735862.4971638857],[4795619.674168871,2734933.5731573845],[4795775.880690115,2734845.773053285],[4795805.933197763,2734688.6909602243],[4796395.7746327,2734459.3783554956],[4796545.468155332,2734301.4614165407],[4796530.725470714,2734222.9318224336],[4796678.259477395,2734237.39608693],[4796677.054883149,2734153.710848495],[4796978.522654213,2733874.513832492],[4797139.186268622,2733596.9595777392],[4797126.969844455,2733443.1823194884],[4797364.309751049,2733129.006154194],[4797642.0611917665,2733083.272803926],[4797927.568107672,2732918.652052336],[4798067.55725325,2732584.5912632262],[4798142.060695709,2732156.4445124585],[4798085.47242524,2731986.8302687523],[4798156.437895656,2731844.8960385197],[4797791.131609318,2730932.1078546746],[4797836.396910564,2730679.0800344963],[4797281.77859722,2730029.1396141187],[4797428.38608612,2729738.839580839],[4796920.574708038,2729397.4158426174],[4796866.725503365,2729340.110956499],[4796943.582114794,2729241.5090660583],[4796334.582258558,2728653.3045100663],[4796642.477778411,2728352.15701974],[4796564.045142521,2727998.7914353726],[4796236.7636802215,2727646.22611124],[4795961.361301662,2727660.7472645184],[4795630.359831314,2727411.232524201],[4795467.039548146,2727448.3999331733],[4795307.834770706,2727340.98467026],[4795562.564089784,2727277.884084188],[4795968.674460929,2727007.429854559],[4795891.959667661,2726635.0546676354],[4795939.475429394,2726390.296418137],[4795825.509319802,2726168.486438468],[4795619.109881393,2726023.6398451347],[4795191.683938317,2725945.549949258],[4795014.926302414,2725834.560920917],[4794351.431492712,2724888.2446761345],[4794312.82041624,2724711.12449143],[4794020.802912805,2724758.8701767386],[4793869.626991238,2724671.583816787],[4793665.233375406,2724839.9003277146],[4793474.532928609,2724747.557225582],[4793102.822072148,2724328.7086576885],[4792517.893934142,2724133.153298857],[4792078.726837655,2723335.7849469557],[4791594.146048902,2723045.6847341345],[4791533.330018878,2722463.066437917],[4791150.712037267,2722205.421340661],[4791042.1116898935,2722040.02668796],[4790797.279502792,2721940.96713831],[4790606.199895542,2721584.828335257],[4790288.8129902175,2721275.4607255915],[4789952.261598564,2721197.2508015423],[4789536.34614543,2720962.827817219],[4789013.080932439,2720854.8866804694],[4788500.552926481,2720560.063838447],[4787842.927528778,2720501.7400201256],[4787441.654152591,2720594.7460033],[4786864.182751953,2720591.725836448],[4786429.84678727,2720368.7838713606],[4786011.003271291,2720774.997033093],[4785508.803332139,2720780.3790983194],[4785421.00890961,2721073.1577455695],[4785007.5931677045,2721295.7806655047],[4784858.591953482,2721526.5107791047],[4784183.596354228,2721934.001556825],[4783973.4857295,2722222.6329758773],[4783801.773842556,2722596.4417462386],[4783831.673304837,2722933.849926373],[4783579.942350773,2723276.8711214378],[4783320.074750289,2723359.6370017976],[4783124.977349374,2723582.48433013],[4783162.296049405,2724229.5314872297],[4783508.037090271,2724498.0024354225],[4783062.55788891,2725351.63448068],[4782607.155119871,2725195.92072114],[4782259.230572169,2725462.9435848333],[4782251.103696501,2725578.240001824],[4782377.026801001,2725740.6278934665],[4782304.400270963,2725804.169420302],[4781689.392358113,2725786.1512144157],[4781769.537050031,2726012.0707730977],[4782031.075918364,2726204.0842069085],[4781862.566031371,2726741.6929129804],[4782013.243247793,2727314.19591925],[4781604.854879557,2727471.2400593334],[4781499.1145881,2727756.426340133],[4781545.655122154,2728027.7894386034],[4781296.5261660395,2728379.922954237],[4781391.1014239285,2728445.318917265],[4781435.118025446,2728762.3882342274],[4781659.857346151,2728866.568754756],[4781638.42861756,2729521.7121046293],[4781820.933724094,2729903.712872063],[4781707.87028091,2729924.0775993606],[4781440.428958519,2729645.6800603573],[4781310.890201539,2729378.815803129],[4781171.677906085,2729467.565515304],[4781043.200399454,2729776.5336421374],[4781381.43904301,2730334.733312968],[4781053.911609485,2730430.628527444],[4780970.229131199,2731077.631012199],[4780799.824252394,2731354.70559131],[4780182.125185738,2731124.194853636],[4780186.544611753,2731068.7004858158],[4779934.669775775,2731191.8717264496],[4779841.28623868,2730521.5723173097],[4779702.832877222,2730450.8502905047],[4779780.005662192,2729756.9186318885],[4779469.93963571,2729288.649447616],[4779106.2680233065,2729225.0798611203],[4778863.606519794,2729085.041075828],[4778739.235055201,2728334.444603454],[4778444.711236372,2728497.981175497],[4778387.088036862,2728711.108586981],[4777866.782542636,2728679.3604538855],[4777681.529742755,2728525.180717981],[4777766.474182873,2727750.0669298996],[4777657.062966986,2727110.984018839],[4777811.941041035,2726817.2592080995],[4777582.257848836,2726642.8034245344],[4777281.662410388,2726576.4258833816],[4776379.678327685,2727251.4830880654],[4776048.402509505,2727802.8838447975],[4775890.744595577,2728261.3348414563],[4775631.060586638,2728410.520500989],[4775565.59513739,2728532.865074919],[4775229.211939365,2728601.8352517327],[4775154.283625588,2728796.6850819965],[4774929.738295698,2728956.671195957],[4774760.604428719,2729401.176395635],[4773864.26941819,2729904.9738851534],[4773217.923930313,2729904.4339219667],[4772775.803299915,2729636.5006930097],[4772356.410649077,2729737.155005005],[4771393.293017419,2729747.185027381],[4770853.243963002,2730003.2051647813],[4770678.66267887,2730005.2040194385],[4769368.3554278575,2729549.834693748],[4768974.608422465,2729654.467259902],[4768287.662328238,2730180.441957836],[4767790.348286242,2730453.9126801854],[4766675.090914777,2730773.4854505174],[4766080.825239287,2730770.6677661063],[4765924.488360855,2730941.7728102216],[4765897.569829828,2731354.770356879],[4765231.48301507,2732045.274658648],[4765070.516302496,2732465.89289575],[4765042.279964279,2733412.6016381066],[4765204.466470015,2733773.7645412455],[4765150.381534504,2734173.5798124266],[4765074.612659014,2734299.7094753184],[4763834.0050801225,2735110.1286070254],[4762729.965084229,2735289.893766146],[4762351.20308462,2735057.7019433714],[4762047.05447589,2734406.666574182],[4761629.304884745,2734491.319860893],[4761092.168218997,2734348.3597741644],[4760881.126830568,2734370.2737067],[4760873.359097614,2734458.468664162],[4760735.529160737,2734513.191121693],[4760730.312790995,2734941.172836829],[4760521.252340068,2735408.149531068],[4760565.087794859,2735916.919018753],[4760393.677266852,2736561.817988473],[4760685.832188481,2737056.6861298345],[4760561.932721392,2737730.418974003],[4760802.787342966,2737904.115045366],[4761089.6380551895,2738346.2810786627],[4761127.789225808,2738801.1443961277],[4761393.194771524,2739251.3379919124],[4761398.524621626,2739560.966721585],[4761492.593944236,2739694.5927008474],[4761283.111562444,2740174.713622003],[4761012.632132699,2740448.1124691516],[4760306.837801864,2740015.2695482727],[4760135.370410196,2739967.463482826],[4759803.136624386,2740049.2671420258],[4759228.952231229,2740475.603248817],[4758892.910098345,2741587.725649022],[4758246.655057482,2742140.2054081326],[4757792.323844374,2741970.28708926],[4757460.739105376,2741952.753702568],[4757142.023253189,2741737.2719081105],[4756626.752057463,2741810.385359702],[4755595.627628652,2754143.1348019675]]]}},{"type":"Feature","properties":{"flugjahr":"2018","gebiet":"Ober\u00f6sterreich"},"geometry":{"type":"Polygon","coordinates":[[[4638192.843084331,2750913.8560612765],[4637531.402254824,2765892.7927136025],[4676246.687747428,2767668.32976914],[4676256.732645058,2767441.2476533065],[4675422.280065511,2767370.2577343155],[4675853.988638928,2766495.270353538],[4676296.68816884,2766217.4827527143],[4676430.3987266235,2765896.4281667694],[4676791.055164985,2765557.822678608],[4676748.712571951,2765142.644437043],[4677395.849437099,2764495.1427252963],[4677830.951184219,2763678.831365435],[4677600.267746116,2763201.6417934247],[4677602.386671012,2763009.38764206],[4677439.363588974,2762892.896943787],[4677396.866921153,2762646.1924124174],[4677097.249249889,2762363.0351086413],[4676897.617566119,2761945.133317304],[4676519.061754411,2761688.308985746],[4676154.4962364845,2761651.495670836],[4675225.732585974,2761362.392935775],[4674883.380937575,2760940.4251251565],[4674349.42432984,2760786.893411152],[4674190.484614267,2760487.839779393],[4673789.790528155,2760229.0947840144],[4673428.287327088,2759789.596279561],[4673546.478258709,2759296.401085484],[4674327.411624916,2759103.2336410647],[4674612.217604868,2758804.0338623016],[4674475.496704749,2758577.4629092338],[4674358.408134878,2758557.0546616665],[4674375.7512892345,2758135.0357869365],[4674511.911096063,2757803.849373771],[4674236.287488594,2757463.3834014367],[4674061.800628351,2757370.3326742183],[4673615.572597987,2756738.615738655],[4673597.846948485,2756383.9880995112],[4673772.2264833,2755886.2173140063],[4673884.519018548,2755702.371678222],[4674597.53534848,2755289.1011365578],[4674884.512776447,2754916.1985160913],[4675381.607618645,2754730.0306780976],[4675305.902446197,2754354.993090385],[4675388.038311679,2754174.7983586383],[4675151.001683386,2754080.1577844447],[4674914.513297635,2753756.9423588337],[4674404.281628144,2753483.222868582],[4673985.74896818,2753080.4679602487],[4674222.036085911,2752565.6302543576],[4638192.843084331,2750913.8560612765]]]}},{"type":"Feature","properties":{"flugjahr":"2012","gebiet":"Steiermark"},"geometry":{"type":"Polygon","coordinates":[[[4604598.92515816,2717839.784707867],[4604313.1551107215,2724354.816533534],[4603063.895160802,2724298.104665752],[4602976.2731642,2726295.2047564243],[4600477.734549679,2726181.832308209],[4600391.039985357,2728157.502023047],[4605077.080133913,2728370.05614787],[4604966.74396774,2728127.7872496736],[4604257.7844627155,2728212.7216310464],[4604055.507133501,2728142.479768809],[4603130.631524644,2728125.5120380213],[4602540.974264866,2727797.486549007],[4602633.905055072,2727574.4959752965],[4603111.799589533,2727915.4611250944],[4603659.535889282,2727943.3268219884],[4605295.270667179,2727809.4023428503],[4605585.9935972,2727690.491008568],[4605905.202720752,2727538.8444089033],[4606491.888305641,2726884.885260546],[4606627.679001545,2726552.747451621],[4606858.90411359,2726282.996860197],[4606912.029782014,2725917.075859267],[4607175.457034575,2725552.6996254297],[4607700.9983509295,2725082.120311384],[4608466.126295999,2725109.8686920363],[4609474.09537084,2724512.0964070424],[4610207.557235514,2724257.1971342433],[4610469.433017084,2724658.4575968864],[4610358.009277001,2725028.7378288736],[4609733.105478368,2725480.7562422166],[4609239.218755739,2725458.2977830106],[4608646.266964512,2725661.5562722594],[4608257.815487575,2725701.9584379196],[4607739.728351534,2725660.404997353],[4607310.103306359,2726068.278869443],[4606872.629988706,2726997.2704535173],[4606227.2575477455,2727892.787527407],[4605762.923824802,2728109.899963591],[4605794.717841008,2728402.696668553],[4621976.417528647,2729127.653125395],[4622522.203961387,2720876.00544649],[4622341.597956457,2720769.9153924184],[4622537.230925692,2720645.668582375],[4622585.955153103,2719901.8452800494],[4622363.595317051,2719868.7209137836],[4622338.430848077,2719802.9516471187],[4622374.157180124,2719688.2302934052],[4622587.832988938,2719801.0663136663],[4622766.477895624,2717057.9720476083],[4617838.2734411955,2716721.382329665],[4617782.595249548,2716668.733797627],[4617908.250631665,2714732.376222966],[4614808.405071667,2714497.518267134],[4614842.690325106,2713691.6380639095],[4614811.029082939,2713650.4051612616],[4614730.612416095,2713737.3079761597],[4614605.24435078,2713500.6082128896],[4614522.831993621,2713562.8288390543],[4614446.397679685,2713488.3936835313],[4613625.6581320325,2713416.7523360066],[4613721.42215456,2711640.206659665],[4613607.106469807,2711588.659521462],[4613563.279385588,2711426.670719084],[4609624.060587235,2711160.094832921],[4609182.963086819,2717644.601695551],[4606269.037716264,2717450.4566768585],[4606194.140923719,2717501.913450173],[4606172.818011969,2717826.3960349928],[4605973.554412657,2717926.0108211595],[4604598.92515816,2717839.784707867]]]}},{"type":"Feature","properties":{"flugjahr":"2017","gebiet":"Ober\u00f6sterreich"},"geometry":{"type":"Polygon","coordinates":[[[4681608.332123677,2835467.65932871],[4597126.878865972,2831611.363144098],[4597493.126159948,2834108.1400700444],[4598071.592762798,2835138.842395685],[4599316.647496105,2835300.402100461],[4599811.59754589,2835454.754893342],[4600318.349480888,2835700.5107916575],[4600601.242286541,2836045.355093401],[4601277.986420456,2836262.4826423414],[4601655.065333286,2837320.9968555863],[4601523.464340501,2837854.0924806925],[4601236.699224926,2838237.215081146],[4601191.318571146,2838827.871697715],[4602503.943932982,2841335.6330307024],[4602733.70765587,2842408.275409041],[4602661.51984759,2842905.4814186534],[4602338.762427251,2843837.462730642],[4601843.435063343,2844677.0905599715],[4601998.387800724,2845660.8694229573],[4601996.0924116075,2847062.1837536977],[4601763.372356147,2847994.660154331],[4601591.1383825345,2848333.563182367],[4601607.820962483,2849689.311058565],[4601509.972359182,2850077.3199410113],[4600925.5910762595,2850888.119972883],[4600197.207649147,2851545.0092739128],[4600065.749303708,2851839.3788740323],[4600623.004004633,2852551.168066761],[4601176.294375689,2853552.7252888153],[4601585.059012202,2854095.8532742364],[4601736.88311957,2854907.580059288],[4601753.969281006,2856309.7753004977],[4601882.84105614,2856609.524169142],[4602578.717317428,2857382.445283335],[4603070.029078764,2858383.78319483],[4603502.126456756,2858543.6664330596],[4605311.414446656,2858329.504637365],[4605923.754265023,2858023.847861551],[4606918.008656017,2857182.4856562144],[4607433.755826949,2857018.807097871],[4607898.891283538,2856621.9118641918],[4608173.773596764,2856228.726584566],[4608574.90909866,2856013.8648545044],[4609359.810418775,2855268.5774841765],[4610098.541925257,2854287.063968919],[4610673.932815026,2853732.798142225],[4610985.432300657,2853493.7608348643],[4611972.326371098,2853167.6078084316],[4612378.002713761,2852625.831235338],[4613632.585162975,2852332.8752325545],[4614793.09419621,2852204.927512487],[4615708.698409104,2852010.309955024],[4616210.0455730185,2851598.668677753],[4616379.750446412,2851233.9364998583],[4617169.57979741,2850293.1732406747],[4617929.79133052,2849168.1542774644],[4618208.86156072,2848911.4035064164],[4619707.557725596,2848598.8109526816],[4620073.548386751,2848326.9590259297],[4620153.957665282,2847396.83598845],[4620071.507097105,2846595.3462135247],[4619734.38897546,2845880.921955791],[4619462.604662436,2845760.8186465674],[4618741.042653443,2845916.3082979596],[4618455.560589582,2845894.7660949035],[4618141.423514674,2845856.810714936],[4617729.323188773,2845667.7639856194],[4617508.436775492,2844932.866616046],[4617192.981750421,2844707.85722528],[4617118.34890897,2844347.2678441536],[4617230.005165089,2844046.3955364255],[4617783.118039569,2843404.072514349],[4618330.718840117,2843248.957762559],[4618824.978084332,2843378.668316217],[4619161.614407051,2843366.083125495],[4619500.492465853,2843091.3286986058],[4619342.7129154,2841791.1584731257],[4619525.130989453,2841481.442984433],[4620162.967219153,2841168.7405238794],[4620965.94041218,2841067.516475694],[4621573.630893238,2840633.8049107613],[4622340.777575472,2840457.1294891736],[4624258.208391984,2840294.991024183],[4626837.165445064,2840242.6435743123],[4630406.0825977605,2839986.8724612747],[4632348.580873118,2839436.832713079],[4633574.7664677845,2839211.5185102047],[4636152.227277532,2839040.7901002304],[4636817.223817048,2838378.1401726934],[4641823.817720586,2838598.213629391],[4642968.384021585,2838851.0768821957],[4644359.984761739,2838911.211693663],[4644261.00500566,2840972.662894559],[4647208.852777055,2841098.537392718],[4647719.483140272,2841332.679526529],[4648194.495404166,2842046.764695582],[4648577.68447466,2843182.9545468306],[4648549.873917369,2844252.8868333157],[4648280.474065434,2844575.2377092224],[4648043.529684382,2845287.0352313262],[4648067.633462434,2846476.639621523],[4648267.660454474,2846652.331496858],[4650202.67511837,2847370.9478909313],[4650361.810119076,2847328.6300782547],[4650640.800077546,2846916.910353066],[4650982.183130444,2846696.510983205],[4651196.304278385,2846207.4680755516],[4651732.850858381,2845851.772018071],[4652049.7304172665,2845791.2163666505],[4652260.820677815,2845589.7114555817],[4652447.128854096,2845104.5436084084],[4652504.01354894,2844622.8860457665],[4652631.874001482,2844434.2347222646],[4652956.077940753,2844349.074984059],[4653803.172004016,2844405.7278026706],[4654179.442490357,2844318.0679996363],[4654370.19638233,2844181.760313944],[4658496.685968715,2844372.1292050085],[4659279.880204656,2844705.1329104835],[4660059.51082142,2845652.2609965536],[4660429.148653418,2845791.486048363],[4660749.708344748,2845750.0507028853],[4660999.191826846,2845611.858698017],[4661404.380678131,2845082.808846188],[4661909.128242996,2843851.227709063],[4662388.739893104,2843760.9573423797],[4663459.021954451,2843948.546598089],[4663734.993676529,2843776.303767101],[4664253.927185506,2843170.781186976],[4664558.784407769,2842533.557327616],[4664920.669597234,2841362.456396807],[4665132.559400318,2841150.1534659406],[4665980.986863316,2841214.768100345],[4665959.644526862,2840905.018043963],[4666371.0841247225,2840894.0401356947],[4666713.507847202,2841180.841666602],[4666972.492112573,2841206.1586803147],[4666920.581095868,2840807.4981021406],[4667034.846087142,2840697.465404195],[4667892.8306964,2840604.905807626],[4668124.726004556,2840716.827887499],[4668620.2213690085,2840514.2585560232],[4668969.68769933,2839900.347183359],[4669292.812528261,2839641.88199935],[4669329.408866831,2839175.839624256],[4669579.5923711825,2838806.6365981326],[4670035.626933351,2838803.269849921],[4670120.415656434,2838587.274240159],[4670611.700637192,2838257.1903394223],[4670545.732543114,2837763.9302004767],[4670884.159333082,2837698.3887496134],[4671029.225776086,2837788.3646231373],[4671100.046014433,2837967.8263884904],[4670974.94632593,2838265.615801039],[4670992.372462516,2838483.923082864],[4671124.11633604,2838493.0110822143],[4671298.60791344,2838657.1645061756],[4671428.472516587,2838988.75561194],[4671721.92112401,2839001.343363348],[4671826.78067675,2839121.992443929],[4672405.478900902,2839163.2952779434],[4672605.992436952,2838898.443041775],[4672714.5157351615,2838568.6158019044],[4672872.238611231,2838416.291205052],[4673221.67720315,2838290.470184555],[4673346.909038089,2838329.7958614454],[4673547.116071013,2838717.7660526116],[4673773.597013292,2838835.507810094],[4674020.549449042,2838852.510597075],[4674249.637253015,2838666.623875833],[4674580.943243377,2838811.124665406],[4674821.100449809,2838561.058934883],[4675200.198008833,2838452.9078376205],[4675515.590475482,2838558.865335674],[4675766.992837931,2838520.4444802925],[4676119.698356021,2838224.7473120764],[4676143.428572664,2837914.5522995857],[4676262.376211828,2837789.340991157],[4676660.231475204,2837667.9610771406],[4677182.932772999,2837719.3961352785],[4677565.715075883,2837641.9624286112],[4678118.430736675,2837314.004336163],[4678200.332759625,2837104.173351668],[4678959.565352554,2836457.5350201502],[4678976.371242039,2836353.826802836],[4678814.933998479,2836177.497217919],[4678814.585310258,2836052.346205253],[4678640.793349884,2835948.567111252],[4678669.707786036,2835823.786010465],[4679009.082235539,2835866.684819284],[4679472.721592531,2835709.239609001],[4679819.427222356,2835750.1965801404],[4680303.595770177,2835599.6892300434],[4681054.863236092,2835720.1613227446],[4681411.465820722,2835662.235083616],[4681608.332123677,2835467.65932871]]]}},{"type":"Feature","properties":{"flugjahr":"2013","gebiet":"Ober\u00f6sterreich"},"geometry":{"type":"Polygon","coordinates":[[[4633819.474759319,2793243.1798473787],[4621330.361558723,2792673.02578659],[4620778.165538044,2805157.4914151947],[4633267.239885837,2805727.704972419],[4633819.474759319,2793243.1798473787]]]}},{"type":"Feature","properties":{"flugjahr":"2007","gebiet":"Salzburg"},"geometry":{"type":"Polygon","coordinates":[[[4550866.795921812,2686927.4082369446],[4551300.282958436,2676946.1872268845],[4548802.308017453,2676831.6148376456],[4549019.48305697,2671839.8637437676],[4544021.034153879,2671616.06387908],[4543803.937257223,2676607.725131588],[4541304.719132903,2676495.845386426],[4540870.405150295,2686479.42570551],[4550866.795921812,2686927.4082369446]]]}},{"type":"Feature","properties":{"flugjahr":"2015","gebiet":"Nieder\u00f6sterreich"},"geometry":{"type":"Polygon","coordinates":[[[4838779.8693387555,2811384.346495964],[4839541.383335009,2810222.459391332],[4839780.4734875085,2808847.7851878214],[4840730.787515346,2808037.9130960554],[4843256.284453391,2806610.167914835],[4845741.166293314,2806404.404898557],[4846623.790885281,2804809.7501839185],[4846732.026995664,2804114.0250211116],[4846110.779987705,2803974.3613075046],[4846167.8019991,2803793.3869690653],[4846490.359011905,2803510.7992149508],[4846196.652641185,2802874.927918695],[4846363.864144871,2802505.44486646],[4844946.875503789,2801681.345734],[4844788.755444154,2801446.8368362556],[4844747.016303656,2800573.112411611],[4844614.300355437,2800111.507220878],[4844567.543411341,2799501.9396903273],[4841999.962860495,2800178.106206574],[4842393.335044735,2800430.6202196046],[4842921.273869629,2800592.3090294157],[4843833.233779756,2801122.384503919],[4843867.966804781,2801180.9882286545],[4843517.826498531,2801351.122673463],[4843172.890885031,2801734.2258717045],[4842589.728988948,2801498.15512052],[4842075.992114843,2800860.7647142266],[4841749.386628068,2801339.9778963025],[4841467.880738353,2801969.7273503738],[4841183.4259029245,2801940.2807721165],[4840543.999897024,2802200.263771237],[4840584.9156763945,2801668.0785761448],[4840359.14304327,2801352.5561357215],[4840109.756128562,2801230.8943402213],[4839904.800449583,2801459.289489385],[4839863.869962208,2801416.287945817],[4839586.468763828,2800829.0649619773],[4839450.843246552,2800329.6762789893],[4839695.820358043,2800240.298711712],[4840141.174221752,2800267.280575085],[4840932.474135409,2799686.091377357],[4842640.350540601,2798747.3757452294],[4843258.069117738,2798219.5848857863],[4842798.598624578,2797116.5196001837],[4842208.505841703,2796201.9178394345],[4841989.719014165,2795670.9796113353],[4841463.909527956,2793015.633291594],[4840986.688257288,2792355.210995241],[4840616.894448723,2792452.0044312403],[4840641.783874848,2792337.101937075],[4840549.458113137,2792321.2582318764],[4840429.000575842,2792665.7207834804],[4840200.463133416,2792587.96886857],[4840273.955080087,2792679.055267438],[4840133.460435565,2792878.645173438],[4840137.9302968,2793132.006049854],[4840301.255777893,2793688.683403254],[4840353.062119877,2793715.195351156],[4840363.202623605,2793589.1503041647],[4840471.453543698,2793515.7257659575],[4840546.577247977,2793625.0302675175],[4840289.849448053,2794048.9007527656],[4840043.068020834,2794220.638233055],[4839632.834284179,2794247.117175426],[4839466.194322405,2794323.4029247127],[4839447.087808116,2794414.775562181],[4838507.373917833,2794781.567268364],[4838219.8377363095,2794708.6994063873],[4837567.455531362,2794833.425237488],[4837355.2597787045,2794782.2573784147],[4837090.03204654,2794824.4366961834],[4836896.598180638,2794991.4026577147],[4836261.787811976,2794987.669288172],[4835886.457498642,2795586.2943274765],[4836182.230197532,2796362.9109728793],[4835889.140120189,2796799.5229546484],[4835020.224999079,2797077.218195436],[4834584.103384968,2797107.3389781555],[4834500.707957251,2797148.9273591232],[4834449.194507426,2797362.797744079],[4834322.780950757,2797402.733571283],[4834310.349689433,2797208.7573558036],[4834147.044042136,2797330.339712808],[4833836.1586241,2797390.8060890925],[4833729.004792432,2797257.9716416243],[4833737.562915855,2797048.2044210117],[4833622.471407049,2796813.6702149063],[4833568.7184668705,2796888.8569713556],[4833487.2979706945,2796860.7409528024],[4833326.074884788,2796627.267260971],[4833145.538607359,2796646.1202394874],[4833167.934498502,2796751.0328595834],[4833044.523075471,2796733.7243240033],[4833054.63995633,2796862.041794105],[4832860.8812042335,2796840.76666218],[4832656.490941702,2797022.1791792144],[4832552.882112591,2796686.2067692317],[4832493.419961675,2796700.0552582415],[4832522.47199595,2796859.3974427925],[4832373.212540506,2796815.2377784867],[4832399.761233837,2796559.6209789785],[4832234.40735729,2796252.0860497486],[4832070.037802904,2796227.9826493384],[4832021.567944849,2795992.769064721],[4831845.193206949,2796053.111181826],[4831874.886665021,2795944.9835372684],[4831739.848260246,2795929.298798296],[4831846.289411276,2795794.403228513],[4831735.372885719,2795809.7858210756],[4831730.306147285,2795708.125431107],[4831577.389439272,2795639.211588896],[4831571.99017968,2795460.7085921112],[4831691.100444761,2795456.6807945883],[4831715.824849986,2795337.214163747],[4831661.487309727,2795168.216242202],[4831464.025933021,2795141.990009743],[4831549.601272246,2794970.4028453934],[4831441.6748989895,2794951.3888193676],[4831349.256597327,2795112.09465732],[4831209.694294487,2795062.381402941],[4831089.61187315,2795190.8735058997],[4830873.276177718,2795110.255001364],[4830676.443875328,2794871.3356278962],[4830839.712731498,2794840.569141305],[4830635.107086824,2794482.482836718],[4830734.409930306,2794392.2341673714],[4830586.253247651,2794311.732692974],[4830780.467660118,2794245.2455561357],[4830699.765742298,2794162.293054173],[4830528.585289024,2794195.1058984105],[4830661.300663178,2794087.469994409],[4830503.928387164,2794023.789298834],[4830617.165721223,2793938.3799543674],[4830502.519910181,2793719.1781016034],[4830426.1138312565,2793689.0805540145],[4830421.208054078,2793856.6194988843],[4830094.197466251,2793715.5504376222],[4830108.311472001,2793656.0349021265],[4829981.46440303,2793589.0378387175],[4829948.821601157,2793379.6299958937],[4829797.821440976,2793388.6531796805],[4829853.095748058,2793309.068465258],[4829695.475624709,2793187.175495051],[4829780.192993086,2793113.3020097385],[4829660.308245789,2793042.0539901103],[4829655.356684968,2792951.5263092523],[4829739.148339645,2793030.8852600474],[4829834.418259467,2792956.488270474],[4829915.078529354,2793084.198006266],[4829957.318590105,2792926.906095084],[4830018.985095951,2793040.1687111356],[4830274.82964233,2792925.867001695],[4830220.1544483565,2792614.9814117043],[4830390.522204207,2792410.024187145],[4829828.483045271,2791933.097653806],[4829724.998364529,2791971.005228107],[4829688.864709254,2791834.840678638],[4829411.482657382,2791930.001984994],[4829471.17049731,2791804.3263644623],[4829202.29839814,2791823.577241452],[4829208.98088329,2791970.2573912176],[4829148.369887477,2791896.0989945782],[4829034.955747719,2791977.029134017],[4829016.521570069,2791895.71482353],[4828782.816701564,2791994.898565462],[4828581.903668562,2791710.946432683],[4828280.205829706,2791851.9570999113],[4828350.155497431,2791680.2437029555],[4828199.900771152,2791773.6387452846],[4827955.591412769,2791596.9350573705],[4827964.112137216,2791696.4508879157],[4827807.412145843,2791721.412101643],[4827730.300323496,2791677.34640841],[4827757.67913846,2791530.509744374],[4827589.5351219755,2791706.5219006334],[4827482.4468027,2791617.9692864707],[4827490.6468001725,2791286.376198647],[4827252.179629847,2791005.644625551],[4826756.501997644,2790800.9723540186],[4826681.796695625,2790700.4612966743],[4826535.529890168,2790880.696351854],[4826338.888624729,2790940.6437829486],[4826297.790496875,2790767.6866070037],[4825936.390202888,2790528.24390446],[4825759.038834401,2790547.3357146154],[4825603.953920688,2790287.688742583],[4825336.045215196,2790226.8902713694],[4825119.379743304,2790039.566479717],[4825143.448372866,2789977.5695253676],[4825007.359039294,2789976.176123692],[4824984.675043305,2789850.1841054913],[4824854.353025197,2789981.1831622836],[4824867.1424742285,2789849.0273636756],[4824778.439818647,2789746.408267401],[4824681.240088202,2789809.817931696],[4824674.79921035,2789733.7811789466],[4824541.961297336,2789687.5944232773],[4824389.9773009345,2789780.0713584474],[4824364.792731104,2789670.948451079],[4824428.91401943,2789635.0897836415],[4824344.022182706,2789508.107841432],[4824336.542474068,2789627.1220916505],[4824175.005485339,2789544.2511756048],[4824091.321531431,2789598.4965598723],[4824116.350515814,2789726.470782407],[4823922.116824784,2789704.0776202567],[4823933.921222835,2789602.555481154],[4823839.679240092,2789613.652849376],[4823876.161135556,2789762.4744869517],[4823717.978135566,2789795.787091285],[4823758.590659271,2789635.945110399],[4823634.161436855,2789735.813962533],[4823475.122169329,2789563.853387478],[4823266.980174695,2789647.8253956484],[4823111.763393355,2789648.2096072887],[4823156.278299151,2789556.6210785424],[4823301.102021482,2789598.1710572243],[4823143.362810621,2789448.8136598887],[4823166.597344434,2789342.3503770367],[4823284.159426124,2789298.715805224],[4823050.037341007,2789286.709124786],[4823110.939854941,2789233.8095516227],[4822979.506731209,2789125.831741116],[4822680.898210563,2789284.2742172377],[4822319.2128273975,2789017.8652928886],[4822288.608628737,2789085.472069356],[4821630.402479794,2789267.3570319097],[4821347.037955259,2789313.80172597],[4821356.13034752,2789202.0128649985],[4821270.526107464,2789317.4122956796],[4821245.2943554325,2789247.84859022],[4821194.613271337,2789297.896448834],[4820992.526370112,2789239.0723092295],[4820921.175234365,2789109.9265895393],[4821027.930602978,2789075.757952196],[4820878.1910513,2789074.070217777],[4820762.738868556,2788929.337581313],[4820650.8186530005,2789180.5639941394],[4820550.499992683,2789206.8676158036],[4820499.519827772,2789051.5096563622],[4820555.609686331,2789057.3913681866],[4820552.454293385,2788970.70474198],[4820461.4183878,2788945.618315244],[4820483.974019873,2788357.8887493056],[4820685.651393359,2786472.7428962323],[4820304.217813827,2786478.361343024],[4820276.529947216,2786275.460482464],[4820347.706793265,2785746.690143324],[4820634.9079637565,2785443.9677142603],[4820917.100065278,2784788.5572554762],[4820701.768715361,2784575.109731084],[4820730.244370725,2784072.5988291525],[4820431.1737581035,2783828.409338166],[4820011.4270197945,2783737.373086552],[4819916.499006854,2783478.0323451823],[4819493.381640301,2783246.9199055433],[4818847.077110589,2783251.463694528],[4818530.673230798,2783094.004938278],[4818268.107971501,2782805.584312945],[4817822.997443838,2783245.313504995],[4817413.595520274,2782838.227405805],[4817307.654320449,2782592.2539579147],[4817418.268800296,2781874.7755890572],[4816878.579595344,2781667.4273821963],[4816524.07150232,2781429.5412052493],[4816045.832588901,2781355.019716414],[4815896.35633333,2780640.744812662],[4816139.350814532,2779765.070390981],[4816124.176752734,2779549.9054355007],[4815594.440981899,2779163.6459919],[4814660.295663193,2777796.2719859057],[4814031.029520115,2776697.075499896],[4813264.926539402,2776180.0416245963],[4813069.857079414,2775535.275827401],[4812696.445918751,2774744.8810948646],[4812500.857200045,2774525.000662015],[4812200.6589769,2774383.0196908824],[4812093.901624208,2774621.9319355185],[4812132.112831485,2774960.1095383656],[4812033.945482154,2775177.1542106755],[4811438.169464955,2775787.745125533],[4811096.023676894,2775798.2322425763],[4810727.473252635,2776041.713813835],[4810394.668057417,2776846.167816876],[4810380.285589224,2777054.735635831],[4810263.619768345,2777028.33544769],[4809869.411213175,2777324.6602523634],[4809836.6150438525,2777457.5845533255],[4809667.765411423,2777564.5909788795],[4809325.2050699005,2778055.021358394],[4808802.814741188,2778473.6512818933],[4808607.464699168,2778832.5543292277],[4807974.268063494,2779409.1740065278],[4807737.124174703,2780071.5007164385],[4807532.725575417,2780360.5757638616],[4807347.823149624,2780255.964453134],[4807097.805074629,2780335.1781803817],[4807152.033621654,2780102.2774617984],[4806968.70666489,2780099.3063480225],[4807045.535046333,2780037.599357219],[4806889.509614828,2780029.05300705],[4806995.48708086,2779965.007936427],[4806912.291899985,2779896.216852927],[4806808.782080177,2779980.3270464805],[4806600.022206711,2779928.1022707317],[4806480.761961648,2779835.5784041877],[4806582.203626055,2779713.1758257775],[4806465.691448279,2779730.244049511],[4806405.040186167,2779930.4205962364],[4806376.065274715,2779840.3843575814],[4806155.698985482,2779875.6226896695],[4806143.64541312,2780006.494074858],[4805960.422075537,2779941.5313368314],[4805571.843658748,2779963.9604962263],[4805377.380742998,2780103.4965302018],[4805096.226145899,2779993.8410547683],[4805023.272966408,2779681.402298745],[4804646.955504572,2779417.5152073666],[4804445.969975697,2779507.468876765],[4803993.020661649,2779338.371560253],[4803770.930602233,2779577.90335473],[4803642.822603489,2779587.5650624144],[4801731.552783298,2802547.633599528],[4802442.983589247,2803417.498562544],[4802482.284858984,2803714.258045329],[4803255.301912298,2803609.635769927],[4803608.529024215,2804041.8596194787],[4804003.276849199,2803785.6094410745],[4805115.487032563,2804187.5915967324],[4805325.9932985315,2804152.406782173],[4806045.819494201,2803765.538162977],[4807429.395207341,2802652.0989556042],[4809957.322262482,2801983.5943345213],[4809906.273588726,2803764.2409423194],[4809567.33004749,2804160.5181547124],[4809752.36987592,2804608.0934284097],[4809640.9387583155,2804902.644849845],[4809327.159247006,2805092.6351694856],[4809098.022136319,2805064.4390575364],[4808816.16806762,2804881.6698022024],[4808645.767086236,2804661.73286215],[4808331.545414961,2805050.921248259],[4808221.219936602,2805079.5259452015],[4808052.084827793,2804989.76083491],[4808237.99568949,2804775.3688375433],[4807966.126877749,2804822.865989547],[4807732.590343176,2805047.940106231],[4807741.892395243,2805221.00275729],[4807597.6475199815,2805316.8498156182],[4807450.326203643,2805722.6625530133],[4807433.762814232,2805798.350845864],[4807698.678012126,2805822.1386339734],[4807734.296317091,2805955.6671613418],[4807608.846716456,2806397.2897638623],[4807456.075519618,2806504.56117602],[4807302.363646692,2806498.433350444],[4807226.325725556,2806381.7884396547],[4806964.011947364,2806306.1812871885],[4807032.523967074,2806194.4374830495],[4807192.571122351,2806158.593072911],[4807271.697077826,2805942.8089583893],[4807015.789633107,2805986.77741635],[4806896.7570162555,2805887.837090128],[4806672.942090901,2805947.6096283174],[4806641.934672605,2806073.029623031],[4806975.957021457,2806009.0011693537],[4806608.523139603,2806345.9014321086],[4806660.581660451,2806958.5314812167],[4806933.270006794,2806791.8578318586],[4806966.196447166,2806947.0526843886],[4806673.921464796,2807055.978229003],[4806693.607673981,2807436.71813647],[4806877.105724431,2807973.471430898],[4806538.18253543,2808703.2154856427],[4818582.78023704,2809739.6366869393],[4818690.669335495,2809649.2550054654],[4838779.8693387555,2811384.346495964]]]}},{"type":"Feature","properties":{"flugjahr":"2018","gebiet":"Nieder\u00f6sterreich"},"geometry":{"type":"Polygon","coordinates":[[[4805773.173989344,2873726.423727773],[4805917.448072674,2874001.8166595027],[4806702.05267935,2874186.257940016],[4806674.3340539355,2875192.3166594626],[4806966.469724495,2875367.419280785],[4810875.462766094,2875531.821527231],[4810988.709503611,2874496.8696139404],[4811338.8319579335,2874044.6772580873],[4812258.395504158,2873626.9616836947],[4812336.299326358,2871443.805763936],[4812976.904142457,2870723.269120534],[4814730.622701058,2871114.6264621243],[4816317.485494967,2870992.5136275594],[4816388.1892193975,2870087.377342671],[4817639.633672862,2870095.8410448125],[4817750.5870041065,2868950.8549826564],[4818252.428767849,2868542.5401311894],[4823551.856226243,2868876.2362763933],[4824627.440754929,2869367.263858754],[4824879.231745455,2869943.473896016],[4827579.21246707,2869970.048329753],[4827930.738759178,2869327.444744591],[4828825.95514939,2869121.1638472066],[4829484.269483235,2868493.2360742106],[4830257.998873813,2868222.5286574685],[4830939.540978857,2862129.7675404423],[4831246.218743131,2861506.983048911],[4832336.679992467,2861353.981525606],[4832452.380543619,2858824.3253182396],[4832740.4147882955,2857207.8184690657],[4832638.431655958,2855634.949286818],[4832889.716977724,2854701.7885246733],[4832845.077427952,2853996.2608849145],[4833027.937320168,2853118.4546781983],[4833901.553866668,2852825.032434214],[4834030.537854824,2852245.039444036],[4834495.696540108,2847107.160147306],[4833857.593224464,2846571.067005246],[4833443.473100167,2845939.4359470094],[4832583.484145678,2845693.148504797],[4832496.146525739,2843915.7929802192],[4831547.678197455,2843441.819195552],[4831187.224756526,2841752.186583748],[4830313.382965332,2841206.7062986707],[4830062.111641865,2839791.5749183767],[4829435.689260879,2839017.5105029643],[4828427.648725487,2838142.3597923606],[4828395.98263854,2837591.323263432],[4828536.976326356,2837268.3352986285],[4829055.507673851,2836746.0051828776],[4829615.329090353,2831366.5398402787],[4828508.482266002,2831233.132191869],[4828773.509563027,2828743.56069333],[4829069.153819384,2828037.772172969],[4831021.357187867,2828097.947116546],[4833842.784609372,2826309.2344049704],[4833796.538992033,2825108.626645766],[4833195.051008209,2822795.6071092887],[4834874.715942903,2821177.7000367497],[4836128.723360219,2820771.831178018],[4836703.8865158735,2820440.71644203],[4838408.475516745,2819885.340606805],[4838444.950171057,2817924.16164476],[4837469.927952348,2817491.221372143],[4837636.403568728,2815727.9205305995],[4838562.842790984,2815495.473764848],[4838795.102845775,2813592.3320520795],[4839854.799945216,2812856.9833655185],[4839949.587885553,2811576.8511250876],[4839896.47661291,2811488.947495564],[4818690.669335495,2809649.2550054654],[4818596.185116855,2809697.9309493266],[4816162.494558524,2838543.4331067083],[4808791.3048595395,2837907.15542258],[4808684.458613994,2837989.3302220223],[4808783.815577488,2838006.1244979063],[4805773.173989344,2873726.423727773]]]}},{"type":"Feature","properties":{"flugjahr":"2014","gebiet":"Nieder\u00f6sterreich"},"geometry":{"type":"Polygon","coordinates":[[[4769270.26170264,2830586.688357313],[4739381.239074934,2828025.28238151],[4737288.980031459,2852931.6045294525],[4767174.990611403,2855501.8616032694],[4769270.26170264,2830586.688357313]]]}},{"type":"Feature","properties":{"flugjahr":"2009","gebiet":"Salzburg"},"geometry":{"type":"Polygon","coordinates":[[[4569769.01473242,2712787.0669464516],[4564771.246694822,2712562.3848842927],[4564662.112795085,2715058.467194996],[4562163.4054443585,2714945.954047952],[4561945.051566557,2719938.0992293744],[4566942.542454705,2720163.1579884025],[4567051.804045188,2717666.933564085],[4574548.078884581,2718004.8912551855],[4574657.315225777,2715508.638071894],[4569659.83262593,2715283.3116431898],[4569769.01473242,2712787.0669464516]]]}},{"type":"Feature","properties":{"flugjahr":"2009","gebiet":"Salzburg"},"geometry":{"type":"Polygon","coordinates":[[[4531910.805381459,2719693.0203376208],[4532155.793499505,2719367.989928327],[4532526.724499617,2719078.1220868793],[4533059.741038803,2718933.470282976],[4533205.9727404155,2718820.7576135625],[4533566.556123001,2718903.9296846217],[4533958.2883550795,2718784.9416463436],[4534485.131683972,2718837.3227224317],[4535109.904459017,2719065.3259639097],[4535422.819580338,2719009.2841673363],[4535593.340000108,2718892.875870973],[4535642.893081161,2718757.1033119652],[4534457.706660244,2718704.0350157134],[4534566.694594318,2716207.889266612],[4532067.806454493,2716096.012655891],[4531910.805381459,2719693.0203376208]]]}},{"type":"Feature","properties":{"flugjahr":"DTM:2019, DSM:2009","gebiet":"Steiermark"},"geometry":{"type":"Polygon","coordinates":[[[4783695.274679579,2636436.0362922526],[4783559.863142072,2634470.090371321],[4782975.147043852,2634354.3919727667],[4781952.814890603,2634468.7405672306],[4780477.822153325,2635239.594764745],[4779156.6245711045,2636344.695609033],[4775190.999003521,2637041.256951003],[4773501.293060495,2637920.216072538],[4772396.434198798,2637898.199194147],[4770520.0054288,2638033.020095308],[4769360.577558986,2638762.7594702174],[4768535.617585629,2639465.9873906],[4767774.247585589,2639813.856791418],[4767066.658452698,2639962.0525318454],[4766297.372657952,2639940.223824197],[4765045.413881742,2639639.7182059544],[4764504.723852873,2639153.1578940293],[4764004.046357442,2638484.310562834],[4762157.874251319,2637294.480610005],[4761094.985589115,2637344.14202352],[4761185.047582349,2637621.5638688197],[4760975.912140139,2637984.157384649],[4759729.540893659,2639302.9035675866],[4760763.537879202,2639063.2033158652],[4762274.09295574,2638900.2435507695],[4763126.6474954365,2639080.046729517],[4763856.456238686,2639708.5076011177],[4764043.863225807,2640624.023566373],[4764262.516578046,2640915.447954784],[4766363.381447598,2641387.5944700935],[4767601.661992796,2641862.666178465],[4770789.020619923,2642201.3414482498],[4772181.260026185,2642201.1436702525],[4772712.4732973,2642468.1106150257],[4773152.988512985,2642403.556368907],[4773997.347690695,2642082.5828843503],[4775248.108354723,2641766.5700604357],[4777000.44004215,2641111.6272962056],[4779352.667302601,2639541.7842070074],[4780392.780594016,2639186.9595884867],[4782752.877272036,2638686.534240571],[4783348.174692935,2638636.764670632],[4783622.774038356,2638097.609595596],[4783695.274679579,2636436.0362922526]]]}},{"type":"Feature","properties":{"flugjahr":"2007","gebiet":"Salzburg"},"geometry":{"type":"Polygon","coordinates":[[[4525875.559369316,2685809.324958156],[4533373.0559594305,2686144.0436208835],[4533481.643712938,2683648.207545407],[4528483.2576239025,2683424.9671239564],[4528591.789036056,2680929.2397745545],[4526092.615318193,2680817.757039955],[4525875.559369316,2685809.324958156]]]}},{"type":"Feature","properties":{"flugjahr":"DTM:2019, DSM:2011","gebiet":"Steiermark"},"geometry":{"type":"Polygon","coordinates":[[[4632523.080945875,2721679.823808854],[4632838.309514575,2721830.59655162],[4633220.326597346,2721567.8990540416],[4633659.5281923935,2721562.907489051],[4633589.806465793,2721435.741956688],[4633656.376292735,2720878.2549846936],[4633553.1045961855,2720356.057229685],[4633750.392745757,2719969.6928240904],[4634009.597772942,2719747.302839575],[4634101.790687204,2719450.2299831514],[4633954.149201984,2719208.271845396],[4633580.466793527,2719186.2109651044],[4632993.10986107,2719740.9500998436],[4632769.789346208,2720104.107813453],[4632530.318144714,2720834.8814813434],[4632523.080945875,2721679.823808854]]]}},{"type":"Feature","properties":{"flugjahr":"DTM:2019, DSM:2012","gebiet":"Steiermark"},"geometry":{"type":"Polygon","coordinates":[[[4623100.281643415,2672049.578079286],[4623497.331435334,2672271.7773459563],[4623804.428801429,2672328.7834100877],[4624224.001698262,2672655.1111194827],[4624478.859533312,2672531.6107923705],[4624580.129363234,2672070.8617041814],[4624399.039655627,2671904.503048108],[4624017.943782386,2671270.7187799728],[4623864.755379616,2670557.2480957126],[4624032.35680461,2670137.5585419787],[4624035.18488828,2669774.4241453107],[4624194.034156927,2669440.3980679316],[4624435.420318025,2669258.231492902],[4624834.82015178,2668370.739260596],[4624962.6736126775,2667897.211204894],[4624687.111874213,2667829.6384406826],[4624224.117033974,2668337.9672302185],[4624115.914207868,2668705.317356677],[4623779.866694506,2669059.308770829],[4623433.626634355,2669210.689826048],[4623253.446877379,2670446.3952614395],[4623021.72385705,2670843.1514185974],[4623100.281643415,2672049.578079286]]]}},{"type":"Feature","properties":{"flugjahr":"2009","gebiet":"Salzburg"},"geometry":{"type":"Polygon","coordinates":[[[4590223.18393761,2706213.048372845],[4580091.760822668,2705749.3059269674],[4579764.057954969,2713238.046240296],[4584761.601672135,2713463.8919559075],[4584717.864180819,2714462.4089870634],[4587216.630096425,2714575.4113513594],[4587260.390222359,2713576.8984474256],[4589759.068186123,2713689.9460655316],[4589802.812784253,2712691.414350642],[4591826.388918136,2712783.0462364475],[4591855.896333113,2712663.472686145],[4591744.4024475645,2712393.162336092],[4591874.407957172,2712180.9107061345],[4591954.130557181,2711789.8302368],[4591747.655889979,2711454.2604903923],[4591747.2525591785,2711304.3728407416],[4591578.439762866,2711219.59348249],[4591471.763457002,2711017.097222728],[4591439.436471658,2710291.1590401977],[4590999.012576216,2709643.089272831],[4590995.811853257,2709433.5665145717],[4590859.47493633,2709231.373421683],[4590716.417846422,2708000.1494327914],[4590301.1482777,2707690.114178464],[4589953.0380673325,2707233.925140557],[4590094.378223432,2706750.9516700865],[4590059.177524942,2706433.869398281],[4590223.18393761,2706213.048372845]]]}},{"type":"Feature","properties":{"flugjahr":"DTM:2019, DSM:2009","gebiet":"Steiermark"},"geometry":{"type":"Polygon","coordinates":[[[4782784.802295787,2664968.8814432803],[4782588.682254159,2664580.5278561166],[4782513.825514253,2664004.031362685],[4782620.208539023,2663546.088257128],[4782560.192911591,2663263.3908014186],[4782391.437206422,2663069.2831546576],[4782087.999028854,2662963.0710685086],[4781853.844397338,2662722.9316725964],[4781495.690602607,2662862.374338717],[4781347.313460044,2662530.21908677],[4780863.623009636,2662186.90293735],[4780772.928540445,2662001.0129462043],[4780798.904196875,2660869.0281456043],[4780458.809851148,2660831.9638295076],[4779941.270777331,2660342.301979511],[4779815.372842393,2660113.021643359],[4779449.1431034645,2659849.6634870563],[4779210.779478924,2659818.8161413213],[4779148.464850312,2659711.257179841],[4778952.734703054,2658977.8430153825],[4778913.525028743,2658342.8202878614],[4779038.523533507,2657884.14063997],[4779024.322860873,2656835.1753445496],[4778557.528586474,2655832.305507651],[4778600.362965178,2655659.5837175073],[4778960.706152015,2655414.9549139785],[4778692.770257333,2654850.8695759363],[4773133.423368184,2654330.100386924],[4772593.074832295,2661317.9061584147],[4776654.449525615,2665562.1336680828],[4777518.721410427,2665500.9699305375],[4778843.418720968,2665249.335730107],[4780525.811931703,2665357.214256303],[4781254.5680150185,2665166.7359052743],[4782784.802295787,2664968.8814432803]]]}},{"type":"Feature","properties":{"flugjahr":"2010-11","gebiet":"Steiermark"},"geometry":{"type":"Polygon","coordinates":[[[4711669.661789524,2715268.883794632],[4710676.145638981,2727238.311888384],[4708740.005061035,2727088.5678383806],[4708681.928032805,2727140.796264597],[4707926.917657506,2736237.25155414],[4708009.604289259,2736346.238666437],[4707933.91831443,2737812.275420619],[4714099.640593588,2738244.907807587],[4714495.479763493,2738109.808395879],[4714167.362706469,2738020.5170394653],[4714298.822205168,2736255.0849965666],[4724294.803515841,2736932.3524438273],[4724883.983914879,2737057.6173274424],[4725545.773785702,2737008.595521881],[4726029.792523756,2729186.5059318985],[4726123.080519374,2729050.911442327],[4726047.037634818,2728924.3111689305],[4726235.940750998,2726050.9558104696],[4726341.385237228,2725850.086976166],[4726254.60977138,2725764.7731420603],[4726365.466544715,2724077.2915498577],[4726984.240020333,2724057.5907221087],[4727019.9530301625,2723612.758816699],[4720112.639838715,2722999.5469977586],[4720229.911444592,2721008.668741674],[4718242.3332381565,2720783.8834475144],[4718395.645983122,2718841.7345721247],[4715433.554337866,2718572.039122637],[4715658.569976426,2715610.7128388463],[4711669.661789524,2715268.883794632]]]}},{"type":"Feature","properties":{"flugjahr":"2010-11","gebiet":"Steiermark"},"geometry":{"type":"Polygon","coordinates":[[[4633716.467227215,2721552.1424523024],[4633798.05667039,2721481.471347896],[4634236.315968871,2722177.3785748594],[4634650.02824983,2722533.7541805343],[4634874.726296402,2722904.553622822],[4635549.681170884,2723007.9462594665],[4635613.81257096,2721933.958407904],[4634997.005294053,2721836.3841829174],[4635208.964372913,2718387.396436675],[4633365.399656481,2718243.199638694],[4633474.108213727,2716356.329479617],[4633403.758990045,2716289.3833330125],[4633065.238687274,2716326.6891114404],[4631297.637163392,2716120.4790762654],[4631189.580482437,2716263.4967038566],[4631107.080344448,2716659.117452379],[4630796.417515624,2716753.042674648],[4630705.013198263,2717214.310273909],[4630499.141489949,2717522.213548428],[4630437.287194385,2717812.666305215],[4630009.134268009,2718300.6090198657],[4629879.642746119,2718665.5433312315],[4630669.9912396455,2719237.1096392595],[4630821.737373978,2719424.5103856334],[4630641.369872354,2719935.7800252703],[4630617.235689165,2720532.6630075774],[4631443.375545001,2721039.8823948246],[4631961.386653852,2721469.6303870017],[4632523.080945875,2721679.823808854],[4632530.318144714,2720834.8814813434],[4632769.789346208,2720104.107813453],[4632993.10986107,2719740.9500998436],[4633580.466793527,2719186.2109651044],[4633954.149201984,2719208.271845396],[4634101.790687204,2719450.2299831514],[4634009.597772942,2719747.302839575],[4633750.392745757,2719969.6928240904],[4633553.1045961855,2720356.057229685],[4633656.376292735,2720878.2549846936],[4633589.806465793,2721435.741956688],[4633716.467227215,2721552.1424523024]]]}},{"type":"Feature","properties":{"flugjahr":"2017","gebiet":"Steiermark"},"geometry":{"type":"Polygon","coordinates":[[[4722069.873552853,2712155.530472668],[4722249.638424779,2711410.3078869693],[4721967.734858474,2710432.878926838],[4722005.308069043,2710195.3319597235],[4722214.084335332,2710114.998507946],[4723018.702781815,2710063.581854288],[4723981.837280088,2709717.737955884],[4724199.271885425,2709541.759049943],[4724461.698131333,2709153.395237178],[4724924.320858055,2708834.6689106757],[4725124.556196076,2707952.709896646],[4725339.912923508,2707420.841580184],[4725475.795478592,2707122.101818297],[4725677.165511343,2707076.428382025],[4725773.561569081,2706873.6143535245],[4725806.18523956,2706378.1894273087],[4726739.547516624,2705007.316016827],[4726788.249375765,2704776.594732045],[4727211.063548582,2704185.224407536],[4727633.44469708,2703778.262225338],[4727746.317868862,2703259.470085927],[4727695.338881488,2702892.111487909],[4727355.938364968,2702389.505748058],[4727120.388857329,2702224.098990217],[4726119.746662149,2701778.839438514],[4725617.661141956,2701672.0070979786],[4724763.767937132,2701060.278502522],[4724082.935675949,2700769.0184670635],[4723541.943280563,2700655.4109646482],[4723145.62673066,2700355.1176687176],[4723407.698692172,2700202.3214791464],[4723861.073564938,2700248.238626191],[4724172.157830204,2700135.5730737858],[4724492.156641034,2699856.1018721783],[4724688.660560573,2699371.946324926],[4724414.026677773,2698100.1934164115],[4724070.016959497,2697922.963903222],[4723713.348086469,2697508.586887981],[4723666.639689971,2696873.5901893396],[4723454.755507814,2696345.3951194086],[4723473.650313196,2696110.0879519056],[4723985.404848681,2695888.156939275],[4724179.675910348,2695493.06480791],[4724668.414348211,2694955.9910518937],[4724949.465343932,2694837.276990813],[4725318.623559249,2694502.369871654],[4725642.3453920465,2694023.632205409],[4725797.332829175,2693003.373442759],[4726276.947433121,2692762.8845945266],[4726369.926922949,2692640.742030218],[4726356.971936341,2692426.3540634727],[4726117.055351262,2692260.4470282565],[4726134.327020867,2692072.1259221784],[4725228.459173243,2691056.086601206],[4724963.886299114,2692144.8757260824],[4724859.597923785,2693102.347145383],[4725153.736767972,2693694.1817318755],[4724873.350482773,2693715.7100617625],[4724392.191634313,2693475.4211345473],[4723739.751160491,2694027.7851153444],[4723231.30157075,2694166.552637582],[4722871.001657572,2694709.7517023114],[4722662.86315794,2696357.488572604],[4722851.558633418,2696981.9358186466],[4722436.180688323,2697983.662551951],[4722417.052002577,2698280.0447856337],[4722531.388037272,2698576.2203863394],[4723248.347742154,2699329.806449128],[4723152.257161949,2699448.717417607],[4722543.454655378,2699515.840328863],[4722360.625515548,2699645.510765921],[4722188.083357269,2700229.027687808],[4722425.763932149,2700868.8672462543],[4722596.927241482,2701123.3100039386],[4722856.400089579,2701297.506473734],[4723375.651597922,2701512.1469311137],[4723833.200598596,2701420.5602422943],[4724374.044332,2701560.866164699],[4725456.1552971,2702252.8040871676],[4726290.407153416,2702644.2912637107],[4726746.117517546,2703311.689680276],[4726862.127559468,2703790.0484836274],[4726130.673109982,2704729.908351084],[4725275.667797826,2705639.3419814976],[4725048.3076892765,2706333.870570856],[4724655.809202433,2706830.2593631214],[4724440.196772549,2707540.4417561092],[4724234.509851442,2707699.205232869],[4723564.810764304,2708790.540550517],[4722975.3229717435,2709202.9665962295],[4722133.568440165,2709408.747092585],[4721564.288155271,2709782.5966415373],[4721288.2228459595,2710520.4091365174],[4721598.036192065,2711472.5084179807],[4721568.210626068,2711739.8270044774],[4721413.331911368,2711822.815809564],[4721058.3482744135,2711631.928995765],[4720201.41432018,2711502.908461299],[4719939.908502077,2711641.218906847],[4719713.53845654,2711830.125038974],[4719639.330849551,2712010.1499472773],[4719512.3237116495,2712845.9422217757],[4719647.864479879,2713141.7390154926],[4719514.183470767,2713181.186042886],[4718975.584555951,2713038.312925094],[4718681.427977528,2713150.9788108324],[4718311.659752811,2713141.415591733],[4717931.958336669,2712956.0855608163],[4717805.648080876,2712797.3271847316],[4717551.6742350245,2712742.874415819],[4717406.742783726,2712604.227051899],[4717196.509402644,2712592.646737933],[4716963.649379163,2712348.576247642],[4716656.48054723,2712300.8384839254],[4715995.02213479,2712016.5897798752],[4714931.381956562,2712237.2703099702],[4714503.576452579,2712810.32440728],[4713860.534937848,2713052.440333281],[4713534.378974506,2713066.5919704353],[4712932.447204713,2712540.0081998473],[4712615.978671394,2712109.93775966],[4712274.867577533,2711954.369933693],[4711497.898450456,2711798.367349344],[4710596.2629416585,2711259.467944233],[4710301.531412319,2711606.6088285884],[4710218.706023115,2711845.383771003],[4710281.29988664,2711919.3259878624],[4710190.21287129,2711910.3539468497],[4710145.532472849,2712250.221118519],[4710209.319641631,2712565.6238862616],[4710679.365764149,2712924.555907742],[4711137.59108948,2712976.1205476047],[4711782.786186571,2712918.23120103],[4712252.945622694,2713033.582737514],[4712568.079412429,2713281.90248786],[4712807.9515753025,2713814.092139194],[4713456.75421434,2714086.703303688],[4713832.3926612325,2714111.0026035444],[4714064.038256189,2714028.9967427147],[4714872.819872175,2713495.2289223764],[4715576.871572514,2713267.1822093013],[4716637.304332293,2713616.0662543094],[4717702.812263391,2714386.7368483674],[4718111.653579274,2714488.7116181278],[4718504.417838089,2714443.7572514545],[4718787.757201208,2714545.597499134],[4719305.208923652,2714545.6426780694],[4719373.140462808,2714350.644966391],[4719773.704734017,2714143.2780699716],[4720221.788421202,2713573.0959494957],[4720279.321910046,2713208.826963449],[4720240.599508208,2712491.1304353816],[4720629.459163485,2712435.8179106787],[4721051.095966269,2712494.4834768106],[4721696.057230476,2712363.1446502306],[4722069.873552853,2712155.530472668]]]}},{"type":"Feature","properties":{"flugjahr":"2012","gebiet":"Steiermark"},"geometry":{"type":"Polygon","coordinates":[[[4684084.077977351,2747516.9726151074],[4684887.360705078,2735292.597404748],[4680572.182191208,2734972.2366157337],[4680450.486062016,2735964.348786419],[4678730.058848957,2735854.728834238],[4678754.717101924,2736086.8752415935],[4678976.973298212,2736208.4834772497],[4678734.880873205,2737364.2629965725],[4678622.153718995,2737522.5637782305],[4677997.342719031,2737868.366575713],[4677463.295205757,2738493.7932510083],[4676503.82879971,2738940.68483037],[4676459.911958803,2739334.2519873893],[4676182.718899484,2739592.3478216548],[4676096.073609431,2739878.5369531712],[4676143.94062571,2740035.4236780605],[4676055.681347711,2740122.9237623857],[4675322.410822318,2739731.3403363787],[4675004.630745864,2739701.4898536587],[4674944.464098403,2739833.2601744337],[4675017.546107886,2740154.1795137315],[4674556.752600353,2740476.4117982327],[4674511.4120336585,2740885.077696082],[4674399.4395636665,2741037.634633656],[4674021.647299165,2741189.732591776],[4674120.129784385,2741394.457992117],[4673615.635404401,2741666.9245299934],[4673263.738846579,2742022.7972560707],[4673120.419273522,2742366.4185944744],[4672453.157276282,2742602.089401232],[4672324.880528359,2742714.792646076],[4672416.200411163,2742932.2062788145],[4672644.758410186,2743004.275052448],[4672912.166058629,2743239.1247759513],[4673013.063795565,2743445.393101145],[4673010.220666689,2743768.72834038],[4672743.61693157,2743893.5648213383],[4672311.982610685,2744318.8689306825],[4671829.230294412,2744434.267276773],[4671692.030762471,2744651.3568902756],[4671787.71146341,2744879.5794202434],[4672006.68869319,2744827.982338752],[4672000.6647185655,2744957.907556567],[4673493.291710908,2745026.611771687],[4673382.8944721855,2747523.2654518033],[4676663.723732697,2747673.7353443108],[4677231.585965879,2747294.372185153],[4677812.392399916,2747193.0978575856],[4678071.816939478,2746995.9262184063],[4678556.187320134,2746270.392428609],[4679207.055068877,2746548.1437178194],[4679996.812534905,2747029.5851397053],[4680350.575348823,2747389.5325898626],[4680756.089040824,2747507.6529237004],[4680870.355671035,2747734.7910319776],[4681224.6863329355,2747814.6003506123],[4681648.162019958,2747677.2627288196],[4682269.405195935,2748504.8672134164],[4683362.683189654,2748521.609110752],[4683219.108101775,2748167.061561801],[4683248.720441092,2747981.998036887],[4683527.744228809,2747736.4474598747],[4683781.170207239,2747758.488916534],[4683963.229526626,2747474.072031846],[4684084.077977351,2747516.9726151074]]]}},{"type":"Feature","properties":{"flugjahr":"DTM:2019, DSM:2010","gebiet":"Steiermark"},"geometry":{"type":"Polygon","coordinates":[[[4740407.852015572,2685120.694348761],[4740436.9910522215,2684793.4875412798],[4740356.458936269,2685172.881307766],[4740407.852015572,2685120.694348761]]]}},{"type":"Feature","properties":{"flugjahr":"2007","gebiet":"K\u00e4rnten"},"geometry":{"type":"Polygon","coordinates":[[[4606161.878764357,2624402.5528977076],[4606886.625691168,2608253.8915886264],[4606705.770202803,2608287.222045251],[4606242.79458616,2608157.644341534],[4606112.639457238,2608205.7793529727],[4605728.261778604,2607962.198935305],[4605477.572976761,2607956.562671267],[4605263.852694318,2608100.0010136827],[4604927.666764046,2608176.277916024],[4604632.392855127,2608087.033885471],[4604392.976568572,2607898.305661926],[4604123.447014671,2607977.872722665],[4603567.592811593,2607933.5673999414],[4603440.215135743,2608050.523351703],[4602996.437627064,2608066.2943217815],[4602841.4843133055,2608253.775693262],[4602712.177093919,2608267.3763068705],[4602489.7342153415,2608447.014768904],[4601894.288896586,2608515.784187596],[4601842.627654501,2608692.881450027],[4600905.270890831,2609065.8083258006],[4600636.563916137,2609007.626231157],[4600450.9557017805,2609235.923944416],[4599753.64841435,2609598.478417718],[4599440.331412223,2609914.655417158],[4598822.453130384,2610011.443872867],[4598350.483730724,2609987.863069559],[4598098.602079768,2610103.9800247373],[4597501.124607733,2609994.3022987214],[4597356.483320357,2610022.19306338],[4597074.185037671,2610283.931140708],[4596659.337930134,2610316.7579263085],[4596600.460666449,2610214.273397721],[4596296.429463177,2610123.018250696],[4596184.113355571,2610013.2097193794],[4595997.04468845,2609564.516896012],[4595456.94542323,2609356.9394807094],[4594972.286046464,2609484.0665763943],[4594893.796920748,2610183.4796634573],[4594701.894638215,2610431.0098062633],[4594520.83953552,2610487.303085487],[4594462.441200968,2610756.7949322048],[4594378.84271024,2610806.2677963064],[4593988.708926472,2610753.8364239982],[4593097.955280786,2610973.9058254156],[4592838.205589062,2610960.4993787613],[4592579.465474225,2610867.2085074927],[4592516.971179043,2610700.714737517],[4592260.345546484,2610493.7053021453],[4591639.678845183,2610370.1748939045],[4591137.2786957305,2610131.8083818657],[4590736.752802368,2610306.95148387],[4590488.788349728,2610691.427084757],[4590441.036232443,2611047.271713927],[4589968.874601914,2611081.9917019145],[4590080.970983061,2611549.5217781747],[4589881.2360778665,2612118.5612707157],[4590217.384964364,2613679.1490798034],[4591606.956839756,2613740.9384985385],[4591533.133137574,2615576.6394820823],[4591897.097967913,2615987.3283427926],[4591929.209895731,2616255.86781788],[4593997.596526331,2616349.2678304138],[4593752.822747937,2620834.558840531],[4594108.67929126,2621297.1673599523],[4594053.202792874,2622368.104749934],[4594262.178249175,2623140.8547266005],[4594776.912762645,2623748.3405440133],[4595266.405252719,2623908.975749178],[4606161.878764357,2624402.5528977076]]]}},{"type":"Feature","properties":{"flugjahr":"2006","gebiet":"K\u00e4rnten"},"geometry":{"type":"Polygon","coordinates":[[[4688305.2111726925,2651016.8095415113],[4681642.871238488,2657266.0403646836],[4683435.645087183,2658860.6013837396],[4689012.1502903085,2655803.2131788703],[4690840.813361818,2651599.0608149604],[4691346.975314539,2650343.1741387676],[4691312.318690264,2650138.0533887884],[4690609.350215932,2649278.8102788213],[4689471.36597256,2649311.6188522605],[4688305.2111726925,2651016.8095415113]]]}},{"type":"Feature","properties":{"flugjahr":"2011-2012","gebiet":"Nieder\u00f6sterreich"},"geometry":{"type":"Polygon","coordinates":[[[4768935.367693554,2834572.898705997],[4808683.41119337,2837997.4146687393],[4808791.3048595395,2837907.15542258],[4816162.494558524,2838543.4331067083],[4818582.78023704,2809739.6366869393],[4806538.18253543,2808703.2154856427],[4806383.867368671,2808934.658485593],[4806479.344940554,2809433.1119760377],[4806819.3014368275,2810226.6816396327],[4806951.56379931,2810745.8776651016],[4806950.450663441,2811545.335389292],[4807232.143682959,2813311.854022726],[4806858.180297953,2813424.731326769],[4806861.305719102,2813694.4335005595],[4806209.806250212,2813652.4610249274],[4806338.578552735,2814957.5760166314],[4806575.5594254015,2815934.9354364607],[4805941.723103454,2816013.279120953],[4805545.910553363,2815832.9966719546],[4805523.2566131195,2815742.205449336],[4805342.574005209,2815761.9855665574],[4804626.140591742,2815940.4462679084],[4804478.01664678,2816193.2118605976],[4804006.875020212,2816248.0187553624],[4804065.264595206,2816610.076780806],[4803494.829418606,2816846.211441487],[4803726.848817572,2817529.029354673],[4803882.128607331,2817763.5731147737],[4803976.20955891,2818227.8393009575],[4803840.713102729,2818295.571706562],[4803847.539052641,2818390.5935416217],[4802549.574249546,2818801.7318371814],[4802558.648389727,2818872.1486210595],[4801431.478827233,2818872.1824719417],[4801448.753449384,2818436.9785596444],[4801719.981995434,2817384.154815338],[4801614.695482834,2816662.879074548],[4800916.552803042,2816937.031782161],[4798421.686802575,2818444.587462623],[4798302.406016676,2819722.407165043],[4798088.301467443,2820362.1329070167],[4797990.455237197,2821185.884109452],[4796987.413644635,2821656.813063145],[4796615.887698607,2821718.1222047666],[4796102.861093932,2821562.851433165],[4795485.550348347,2821236.169823709],[4795414.571401462,2820969.1210172],[4794745.231324267,2821183.976039502],[4794817.369575493,2821280.539396592],[4794790.070469916,2821548.897245433],[4794488.557639668,2821499.2284715385],[4794513.399149942,2821342.268344934],[4794334.933417369,2821338.4275178686],[4794344.270920194,2821264.4931813916],[4794435.741051435,2821265.5220954344],[4794395.522524473,2821126.532923396],[4794117.936609507,2821157.2158215065],[4793845.312335379,2820855.8272965476],[4793803.112275857,2820381.0508585465],[4793966.684484372,2820239.066812783],[4794093.793161714,2819781.76883505],[4794060.818310356,2819575.306580647],[4794193.268670829,2819408.9326664913],[4794150.454073894,2819277.7243425753],[4794319.17577066,2819185.968235048],[4794202.5897578625,2819123.831953688],[4793845.247562167,2819158.32354364],[4793624.830816357,2818539.123277553],[4793602.014185553,2818463.263141147],[4793888.678102981,2817995.817818341],[4793842.203501272,2817658.538465071],[4793061.744034,2817423.6783138313],[4793101.352706376,2817083.760614777],[4793356.513591078,2816862.7400240134],[4793093.421872302,2816769.0728533277],[4792805.134093901,2816881.7559104133],[4792069.337262123,2816982.4511121945],[4791613.36200493,2817692.273674455],[4791125.2221924625,2817482.582914561],[4791430.989003789,2817122.754686262],[4790847.438091273,2816660.402635945],[4790520.582301434,2816523.35331453],[4790403.751633258,2816170.3655437483],[4790310.666479242,2816095.671400039],[4789701.32821738,2816157.25883918],[4789500.081300269,2816010.8172318866],[4789286.472774518,2815651.0905202543],[4789066.196571916,2815624.3571289065],[4788662.182024053,2815348.0698941983],[4788248.072437413,2815482.728014608],[4788025.737731436,2815320.6567624686],[4787809.245550892,2815318.870725523],[4787439.3079491425,2815110.5090678153],[4787248.564790565,2814675.938335596],[4787633.202664562,2814696.0444924408],[4787855.623543939,2814405.338371775],[4787732.336756101,2814205.9421732663],[4787391.665304184,2813967.8219474247],[4787218.035380872,2813687.3885318884],[4786846.704563379,2813507.8527066335],[4786554.0291561,2813523.867291884],[4786070.505323887,2813244.3939059656],[4785729.794615004,2813220.644115475],[4786130.966075492,2813146.7161387163],[4786221.478195238,2812925.119448694],[4785831.403156802,2812590.2973999246],[4785879.838655359,2812488.5920407763],[4785777.356866293,2812323.323570426],[4785579.240887873,2812158.24527642],[4785396.571317171,2812166.22700778],[4785300.229002338,2811850.46491918],[4785306.024983899,2811516.64003646],[4784827.041125761,2811510.770333382],[4784581.9048005305,2811352.7770467433],[4784204.920362108,2811250.91226173],[4783941.09037286,2811449.1457168544],[4783857.374597738,2811705.3255552514],[4784073.030024421,2812353.3336227606],[4783540.281900798,2812514.1094629033],[4782535.142746301,2813313.691686136],[4782009.174664813,2813462.4090029593],[4781998.398252328,2813568.3590742527],[4781540.0006722165,2813901.0784966657],[4781305.480394472,2813646.4138415344],[4781304.882323037,2813264.061676676],[4781390.653478077,2812996.475030024],[4781033.603377018,2812701.323624835],[4780739.735641536,2812178.6670807377],[4780768.807807896,2811990.4767748886],[4780615.16609258,2811482.4025922143],[4780707.422965866,2810957.1888740836],[4780601.761806606,2810755.251046835],[4780694.796677392,2810499.302826737],[4771026.310385799,2809659.564611249],[4768935.367693554,2834572.898705997]]]}},{"type":"Feature","properties":{"flugjahr":"DTM:2019, DSM:2010","gebiet":"Steiermark"},"geometry":{"type":"Polygon","coordinates":[[[4754987.800552909,2682962.9093975327],[4755496.411787327,2684334.077631151],[4755877.070979992,2684514.9856717736],[4756442.087854078,2684238.9773201514],[4756659.356508857,2683830.6402967735],[4756706.807397773,2683275.2371633393],[4756552.289230236,2682939.6768617393],[4756274.992662231,2681524.216851856],[4756488.137481365,2681118.691874735],[4756152.76856621,2680499.4066188186],[4755403.191151481,2680143.1605616417],[4754564.069940721,2680662.6739620618],[4754269.811422676,2681409.813084066],[4754575.485372333,2682431.1385331186],[4754987.800552909,2682962.9093975327]]]}},{"type":"Feature","properties":{"flugjahr":"2013-2014","gebiet":"Nieder\u00f6sterreich"},"geometry":{"type":"Polygon","coordinates":[[[4803324.723281058,2779315.47024143],[4802869.410434441,2778935.9263230762],[4802372.601027398,2778797.538902982],[4802186.779357927,2778305.1004286027],[4801611.392401641,2778050.846067764],[4801246.551345201,2777355.9149428494],[4800915.133224676,2777084.360795454],[4800979.042613169,2776667.896295171],[4800684.420045657,2776417.764141069],[4800414.1917391075,2776340.464422891],[4800547.629338151,2776122.5686895903],[4800813.54308878,2776201.5408429415],[4800519.148012312,2775561.9387035896],[4800624.437238897,2775472.1111839986],[4800744.152337622,2775492.8853672394],[4800792.0278425375,2775167.596181919],[4800681.488223985,2774923.3807023168],[4800694.182751526,2774708.0215266235],[4800554.741153644,2774523.828289023],[4800647.889033104,2774382.257016632],[4800627.014909355,2774263.8325346652],[4800487.983333449,2774214.28607425],[4800392.2056245655,2774379.3903688653],[4800271.471215377,2774378.3387323385],[4799888.272903794,2774014.3766914364],[4800402.449460521,2773797.5508706165],[4799862.281713389,2773079.5615775203],[4800205.3815071,2772782.0024638223],[4799944.263245269,2772700.0442032246],[4799666.455068634,2772317.4301158125],[4799355.144195579,2772098.7001761785],[4798452.50356498,2772648.5670139957],[4798181.996976479,2772268.4509331547],[4798054.22255822,2772288.284618897],[4798013.150574526,2771899.607841613],[4797111.4054618785,2771267.549698086],[4796616.60143137,2771181.0239612646],[4796375.921196765,2770971.4540439965],[4796332.155221467,2770816.460447107],[4796124.279865921,2770720.301366889],[4795528.883935835,2770894.346515587],[4795630.37612883,2770722.500852177],[4796867.718273357,2769813.157767334],[4798373.799680343,2768848.8451885725],[4798619.905490447,2768541.55422481],[4798121.998327942,2767678.493128735],[4798229.20543534,2767617.1973779844],[4797009.898432447,2766010.1763127064],[4796775.077247062,2765946.0445862687],[4796071.145867759,2765221.923646366],[4796026.997021846,2765027.625655875],[4796142.440112523,2764522.9411841123],[4796210.817232446,2764483.5179908327],[4796161.458923233,2763998.4259112184],[4795813.815761372,2763476.754141642],[4795558.529573654,2763634.0188167356],[4794940.530488918,2763309.2855779836],[4794587.101342643,2762552.0725211888],[4794429.511702854,2761890.6491769077],[4793884.244979607,2761441.9924813095],[4793222.156218764,2762066.1005608244],[4793419.656504286,2762760.464116181],[4793132.929448954,2763464.2507246],[4793315.205537223,2763478.5986021627],[4793635.01935482,2763659.491661052],[4793182.428004561,2763903.930394597],[4792204.57072297,2764013.6494434616],[4791420.647170036,2764216.394263155],[4790936.883418463,2764079.7802386824],[4790737.221399631,2763841.771796877],[4790301.4372033635,2762441.5679667797],[4790327.639093045,2761849.095580044],[4790729.02442408,2761800.226436632],[4790802.181096349,2762100.30917559],[4791072.979903585,2762085.778595153],[4791480.522340041,2761826.359510717],[4792702.015027642,2761565.2297590883],[4792991.690505348,2761375.4623759934],[4792805.7838442605,2760372.01920528],[4792408.814047709,2759488.979582566],[4792549.5807019435,2759384.0123105138],[4792706.854810054,2758851.21296499],[4792870.745895205,2758752.65480478],[4792937.301051533,2758580.997824544],[4792878.139688652,2758117.667024707],[4793005.131340282,2757357.18696336],[4792921.955048345,2757122.921816595],[4792706.253337265,2756938.84687144],[4792577.372186613,2756540.769975776],[4792685.946654522,2756049.309499293],[4792599.852994427,2755808.5172739034],[4792570.534019561,2755080.7119114446],[4792813.278212324,2754245.7571844365],[4792758.266681071,2753990.8895283737],[4792987.393242145,2753621.890471969],[4793008.946524065,2753188.227205191],[4793536.7376931375,2752884.060016281],[4793876.433690645,2751678.127292168],[4794230.86162415,2751501.9709075047],[4794364.4841798935,2751313.474877541],[4794264.343698445,2750593.068827366],[4794512.628461388,2750619.553765],[4794937.027336709,2750495.369166289],[4796212.215445153,2749796.1669874964],[4796554.311337694,2749966.5177367264],[4797019.087611472,2749901.1426905626],[4797079.019042718,2750053.2954859794],[4797589.883811343,2750121.8071322287],[4797715.363577108,2749386.8075153315],[4797646.643026757,2749105.4595915447],[4797890.377951801,2748894.2788891066],[4798244.485542963,2748366.485340109],[4798401.456181804,2747975.125728207],[4798360.185012536,2747775.3743577134],[4776355.120414415,2745886.7192432606],[4773778.210722627,2776775.648449041],[4803324.723281058,2779315.47024143]]]}},{"type":"Feature","properties":{"flugjahr":"2011","gebiet":"Steiermark"},"geometry":{"type":"Polygon","coordinates":[[[4741556.869788768,2753465.3285426362],[4741701.729003555,2752998.713422231],[4741896.877949051,2753009.324916565],[4742131.363688155,2752490.8386164256],[4742239.338479502,2752426.9803322777],[4742313.4125252245,2752109.1318493844],[4742236.46921058,2751984.102828542],[4742492.223740775,2751881.3014680035],[4742662.971883581,2751467.6444227514],[4742957.043249661,2751194.7070528716],[4743074.737144642,2750939.908980891],[4743088.9829763,2750591.6514386777],[4743418.515886646,2750216.8684003726],[4743685.363948582,2749646.8587931185],[4744114.461312658,2749913.1471608104],[4744360.7757900525,2749852.1179611045],[4744870.085321772,2749971.7426537476],[4744989.85994581,2749823.769425358],[4745670.27987109,2749414.9356123335],[4746305.619786717,2749233.281727626],[4747022.066642026,2748071.4496651674],[4747345.745449347,2748316.6101405565],[4747665.542858673,2748722.924376794],[4747826.289725908,2748731.8700388228],[4747923.185387971,2748838.0894023958],[4747957.414416179,2749168.2820007657],[4748275.121448576,2749733.2005717396],[4749655.298067572,2749796.9182660133],[4749828.009022774,2749680.243912443],[4749956.320033285,2749512.109626619],[4749963.725641396,2749049.4522381113],[4749757.042988233,2748714.4906062465],[4749711.706187035,2748009.9854056425],[4750105.387531616,2747453.2098550885],[4750157.30092319,2747291.712493506],[4750064.725351416,2746684.2590636266],[4750342.528216377,2746325.9461384667],[4750711.477996748,2745071.168172417],[4750899.446951185,2744868.349815924],[4751058.190556132,2744414.3173530484],[4750764.575190918,2744252.841024539],[4750709.630671031,2744344.3043761053],[4750614.930124899,2744298.316195165],[4750485.953732399,2744363.083405694],[4750348.769549681,2744219.323980349],[4750113.63459808,2744204.538031787],[4749988.11677616,2744274.5903201834],[4749764.762287621,2744179.569391028],[4748574.790630012,2744098.3251237734],[4748074.2125221705,2744184.419465813],[4747918.382950366,2744060.6404373026],[4747628.471619408,2744128.9121405985],[4747292.36651966,2744010.8422002643],[4746536.418133632,2744025.811975407],[4746320.068057224,2743944.597781237],[4743790.676544884,2743772.279929123],[4743694.53633713,2743817.7868379024],[4743426.372700877,2743747.9400029713],[4726461.844919987,2742592.9903278504],[4726413.229621932,2742409.836400526],[4726133.253033212,2742228.010499688],[4726125.352928803,2742070.4493946997],[4725855.920588693,2742050.590116218],[4725815.38923341,2741974.775472863],[4726091.357135015,2737056.62082952],[4725223.509551373,2737003.546710047],[4724883.983914879,2737057.6173274424],[4724294.803515841,2736932.3524438273],[4714298.822205168,2736255.0849965666],[4714167.362706469,2738020.5170394653],[4714495.479763493,2738109.808395879],[4714099.640593588,2738244.907807587],[4707933.91831443,2737812.275420619],[4708009.604289259,2736346.238666437],[4707926.917657506,2736237.25155414],[4708681.928032805,2727140.796264597],[4708740.005061035,2727088.5678383806],[4710676.145638981,2727238.311888384],[4711670.222050095,2715315.305134456],[4711622.1529445425,2715254.7584643518],[4709696.17919633,2715069.788954593],[4709844.065759511,2713098.574381281],[4703929.331963553,2712581.9041297985],[4703898.715625189,2712962.945312113],[4703375.449931643,2712893.839538381],[4703224.357538876,2712946.2535313712],[4702026.277829189,2712912.756321452],[4701578.695466519,2719732.37022525],[4701411.739749767,2719800.918649474],[4700373.562259554,2719772.9772197534],[4700318.936058549,2719827.61597031],[4700056.115789526,2723759.671253796],[4699441.342859826,2723752.496514833],[4699348.2427504035,2724702.425429476],[4698139.283643446,2724650.967695612],[4697990.869571571,2726623.840200224],[4696742.264994163,2726581.2682873285],[4696484.50967292,2730500.7894762917],[4695854.867885224,2730543.7255226434],[4695676.31281668,2733262.8794748923],[4695573.857985411,2733341.6549755577],[4695589.579117816,2733463.6813026145],[4695662.291685811,2733476.0744289584],[4695497.426481556,2735970.6009800737],[4684874.420339129,2735263.6895868517],[4684082.037414397,2747548.021051837],[4685451.742327621,2748397.178091709],[4686240.223229689,2747511.7211537417],[4686328.180160163,2747498.1001224853],[4686748.517488026,2746806.8079114086],[4686875.464679787,2745889.4227833548],[4686836.001678874,2745666.6255439874],[4687365.089054946,2745414.595008166],[4688140.971635791,2745426.1451723743],[4688460.218480643,2745202.2680293894],[4689170.61778787,2745149.186143851],[4689372.6987499455,2745218.412703603],[4689597.5285216905,2745065.197865463],[4689753.241665148,2745273.9918902484],[4690702.838959495,2745322.3954129317],[4690857.2520417655,2745580.5250651794],[4690925.455604733,2746080.67878181],[4691232.684824069,2746254.0790027366],[4691299.39875295,2746461.5599442217],[4691545.3787174225,2746635.2865583487],[4691743.471252523,2746903.500130423],[4691689.398743747,2747077.8943562936],[4691972.612857885,2747305.935983995],[4692357.448343148,2747908.467807323],[4692841.508710447,2748248.2280358854],[4693497.193285787,2748475.0582551886],[4693509.160722337,2748761.672724399],[4693839.873427695,2749204.652849159],[4694242.207950872,2749135.6913680774],[4694603.252048028,2748925.9644716294],[4694881.9831231255,2748887.5085242866],[4695681.14850456,2749087.1748207393],[4696106.408987287,2749417.545527062],[4696602.737451416,2749540.423627279],[4697444.627935384,2749928.248498795],[4697566.928177709,2750088.0435691704],[4697747.9543708665,2750157.545123233],[4698006.052495044,2750487.399715816],[4698404.264513396,2750532.2138413447],[4700065.5286123045,2749309.2339077834],[4700270.031353067,2749278.938888629],[4700622.611911335,2749461.1592907314],[4701031.173059531,2749350.769694255],[4701204.648722203,2749569.5056617428],[4701442.257193824,2749552.516509824],[4701793.178625657,2749661.8053686926],[4702568.314804205,2749562.1230679015],[4703206.880002099,2749804.971747458],[4703874.255913364,2749900.841790919],[4705000.320296576,2750289.0474857083],[4705282.149792924,2750270.070914635],[4705587.718934142,2750408.0138371596],[4705732.105821842,2750655.3210055074],[4705539.5570138665,2751052.0495627346],[4705710.364329918,2751060.2932373],[4705856.107859453,2751631.617947554],[4706172.285652589,2752036.7665327555],[4706251.578098444,2752031.8279394535],[4706607.689254686,2751610.932257439],[4706862.0654402375,2751701.708726302],[4707135.083284473,2751687.082168605],[4707255.757808982,2751779.8000929],[4707357.533968045,2751713.680193476],[4707622.929784206,2751731.140722215],[4707658.01297378,2751805.173142304],[4707999.842828334,2751589.443915479],[4708137.691507004,2751593.7750195274],[4708410.107676367,2751334.091261639],[4708865.206801864,2751597.0763898888],[4709491.722947849,2751744.141365429],[4709544.141932948,2751664.618944822],[4710132.270453846,2751732.871426321],[4710719.142296286,2751462.5368029247],[4710811.642159923,2751508.818193327],[4710823.219544549,2751685.597023817],[4711303.324287533,2752272.3017266947],[4711470.643629954,2752596.1129641146],[4711464.766629341,2752742.380286662],[4711328.423314393,2752833.758383532],[4711245.857087783,2753029.3058398296],[4711404.990967901,2753236.7676666337],[4711240.756196414,2753411.1718985457],[4711067.218313659,2753322.814882042],[4710805.927050054,2753371.627363667],[4710665.366369326,2753868.438387551],[4711069.340330687,2754197.086165103],[4711002.574597943,2754432.9659834956],[4711100.653196538,2754603.790313089],[4711012.849761149,2754693.0182756763],[4711092.200700813,2754788.350851509],[4711113.7236433,2755322.535837575],[4711202.450728604,2755485.2299190853],[4711609.314981524,2755663.3180558607],[4711659.7568078125,2756188.298338312],[4711735.906657917,2756281.6487414525],[4711975.765533638,2756265.546428232],[4712984.462025082,2756679.0743873767],[4713925.776047563,2756435.4482571883],[4714330.9248239,2756158.341221039],[4714786.717429057,2756058.2487499905],[4714814.443294618,2756166.723586509],[4715143.222561339,2756243.8537456887],[4716583.950294859,2756110.189471139],[4716844.240249949,2755992.5983122922],[4717003.442565682,2756005.4303452303],[4717249.172574297,2756370.6327175503],[4717159.163471025,2756637.583050556],[4717169.536112826,2756813.484732962],[4717268.359516344,2756893.965039496],[4717237.165363057,2757019.8677349174],[4717323.215232954,2757103.1847793227],[4717467.599422486,2757084.661675185],[4717521.6037831,2757188.946609009],[4717486.873276531,2757766.9405293395],[4717387.309685145,2757825.88976915],[4717272.571352521,2758191.136589374],[4717378.642042445,2758216.486648188],[4717461.449579297,2758508.6732107294],[4717394.606699433,2758562.332552983],[4717521.385545919,2758722.225411857],[4717541.924071555,2758957.8082091985],[4717467.383199456,2759062.981983812],[4717629.747139807,2759306.575826292],[4717615.16799653,2759435.233822493],[4717927.182359976,2759534.8714652285],[4718337.129336559,2759416.3835170744],[4718586.206297143,2759735.910607437],[4718746.835292514,2759688.0581028652],[4718929.670435929,2759792.474453871],[4719233.546586895,2759607.8112313617],[4719487.706345119,2759605.6356324684],[4720246.903420246,2760414.303022028],[4720709.107284542,2760467.0805411544],[4721035.311959287,2760245.8824984487],[4721829.599768475,2760390.862114409],[4722150.339311884,2760322.2622553376],[4722238.567642677,2760125.618327274],[4722512.775323534,2760279.1575721605],[4722843.732223606,2760253.4793360545],[4723288.979975568,2760373.494339326],[4723319.067424102,2760252.7198497257],[4723643.090846793,2760196.295706931],[4724311.166223708,2759577.2635090393],[4724526.916929305,2759504.2081146715],[4724601.888369025,2759082.2101108017],[4724776.456259043,2759194.4941321905],[4724933.585238218,2759150.503911417],[4724900.369002169,2759216.860835792],[4724982.25399469,2759258.6726434003],[4725227.094728619,2759212.450280493],[4725328.9001396615,2759340.683463116],[4725708.077074306,2759157.3488914147],[4725597.460678891,2758853.843570876],[4725686.458369781,2758277.1717173443],[4725589.625157283,2757763.7646349748],[4726263.041630377,2756077.392337353],[4726464.947347721,2756043.8119461923],[4726637.9486033395,2756129.490357451],[4727153.027028901,2756170.0170128266],[4727552.041620906,2756659.0126983654],[4727871.585455248,2756808.6199298366],[4727922.95143101,2756952.862251187],[4728323.38742028,2756899.4606404756],[4728450.432196435,2756809.308759082],[4728545.594034827,2756340.4659746815],[4729311.442311033,2754955.71887187],[4729653.136442498,2755003.2441734583],[4730155.929279657,2754685.5270697074],[4730387.638140435,2754830.5317996484],[4730763.004791834,2754901.0237455117],[4731402.075536477,2754852.547911741],[4731910.35752931,2754918.9770133607],[4732460.726353724,2754690.389901066],[4732754.842029846,2754813.2895843536],[4733151.723126657,2754750.9157826905],[4733249.632912367,2754821.798811721],[4733875.881762624,2754613.3444408644],[4734101.738392558,2754365.0388224986],[4734341.8816732,2754253.484745825],[4734388.002857742,2754117.473034527],[4734395.770894276,2753744.2723497995],[4734265.496446976,2753651.9750408945],[4734261.1446377,2753396.5485001486],[4733847.6238256525,2753097.1532859737],[4734311.531427611,2752399.037516601],[4734503.364010092,2752444.6741168243],[4734631.726186235,2752377.746973427],[4734810.870144881,2752574.332738023],[4735409.758121575,2752415.102302773],[4735900.895781917,2752578.3769797566],[4736080.786648063,2752721.3893507263],[4736210.037149199,2752696.899401675],[4737076.004166147,2752947.343334567],[4737229.587776044,2752853.05861455],[4737301.222134872,2752633.2726195017],[4737856.136703622,2752555.408192503],[4738144.244966691,2752873.1668408643],[4738644.1890185075,2753087.357941662],[4739659.278899169,2753048.127085953],[4741168.978661756,2753565.3100094036],[4741556.869788768,2753465.3285426362]]]}},{"type":"Feature","properties":{"flugjahr":"2010","gebiet":"Steiermark"},"geometry":{"type":"Polygon","coordinates":[[[4775084.373398189,2715694.8594257124],[4773622.602713266,2717037.368586247],[4770990.390533691,2718967.6750051584],[4769227.218107021,2720406.0588453007],[4768204.194147294,2720876.706781558],[4775370.8726462945,2721363.804285367],[4775825.4038552735,2715798.485201809],[4775084.373398189,2715694.8594257124]]]}},{"type":"Feature","properties":{"flugjahr":"2023","gebiet":"Vorarlberg","bemerkung":"2024 DSM und DTM Stand 2023 eingespielt"},"geometry":{"type":"Polygon","coordinates":[[[4334372.088693212,2684299.4547330546],[4334573.584009009,2684262.9270490683],[4334706.093788978,2684075.7147062635],[4334471.770062184,2683516.1577201695],[4334902.182659645,2683374.2408934887],[4335258.543203344,2683372.346781481],[4335416.736118431,2683254.8508007964],[4335608.077488723,2683271.1833941536],[4336003.725267421,2682877.301196823],[4336631.462970989,2682855.640609852],[4337229.021416762,2682635.405894373],[4337702.800353099,2682554.5357517847],[4337993.7825793065,2682346.6154557387],[4338135.533492842,2681884.0752421077],[4338067.897208938,2681695.977408862],[4337580.244875181,2681382.2763898727],[4337042.557198645,2681420.2804886466],[4336772.668187946,2681007.3816588214],[4336536.8205493735,2680805.9255549833],[4336435.559054604,2680553.650173659],[4336184.3220878495,2680354.4055898497],[4336316.139703561,2680154.0697090067],[4336626.689643476,2680141.9670605636],[4336873.521370683,2680018.9692826117],[4337124.521067969,2679560.696411263],[4337154.202258191,2679205.86520229],[4337314.350229858,2679032.420656745],[4337209.060351799,2678597.5971836327],[4337400.725779557,2678184.856658444],[4337305.612647188,2677438.770939469],[4337391.884809031,2676995.969936583],[4337318.937220618,2676704.806812959],[4336413.341558911,2675676.505594819],[4336142.438478242,2675518.98993594],[4336134.144056965,2675402.9435886918],[4336270.8464715285,2674999.9518402126],[4336343.407969221,2674382.1204329003],[4336669.959579492,2674083.0070598037],[4336676.892660235,2673720.4266451304],[4336785.553970757,2673534.6726332945],[4337223.323487395,2673185.0449640066],[4337228.687042973,2673040.1445496236],[4337076.481361579,2672840.557093759],[4337070.88466111,2672410.6247375226],[4336936.445830463,2672230.4856605553],[4336976.677659113,2671886.458619181],[4337292.131385214,2671734.5705872243],[4337522.790502575,2671428.4685141738],[4337712.801792327,2671403.4995572595],[4337979.985104272,2671210.6186593263],[4338052.15590337,2671057.848474998],[4337930.653379192,2669310.895983433],[4337500.866859206,2668657.6382831708],[4336967.497203141,2668134.197462388],[4336736.607539545,2668418.1757632955],[4336390.58501223,2668475.1906356667],[4335938.611102463,2668444.3862116123],[4335353.870082447,2668252.635439771],[4335365.832550574,2667350.858016115],[4335295.0252094725,2667201.8080824804],[4335111.373385309,2667086.665084856],[4334934.368277661,2667081.164889617],[4334651.833565194,2666419.4800761524],[4333585.914054241,2666641.804509255],[4333480.213012236,2666510.6381717166],[4333345.474235672,2666486.3046628493],[4333188.244756905,2666568.438952743],[4332922.490828051,2665764.1815682366],[4332676.020185518,2665401.284405872],[4332656.864260791,2665251.7852927907],[4332180.163841208,2664716.957594285],[4331870.428269507,2663749.1687439326],[4331386.841209057,2663289.146863032],[4331299.493028565,2663071.516299501],[4331364.808125984,2661925.881414892],[4331485.503877781,2661526.737200549],[4331449.174882515,2661295.817073822],[4331774.94259884,2661226.359941204],[4332038.031006311,2661030.7346228096],[4332451.483608148,2661138.160239213],[4332605.127208779,2661067.4541667467],[4333130.363531436,2659460.622071847],[4332971.811363261,2658792.5091417558],[4332680.1087711565,2658385.934341152],[4332274.820036077,2658025.7363683293],[4332122.9036706565,2657666.551886253],[4331368.264445386,2657167.551218453],[4331144.806950941,2656889.52591652],[4330604.240837628,2656530.243318126],[4330747.063566999,2656288.9011310614],[4330935.859644129,2656186.574704443],[4331184.967404233,2655597.5226168092],[4332246.543685497,2655031.698147893],[4332904.6787610445,2654792.907353658],[4333344.97022053,2653981.178673281],[4333321.775551675,2653846.4597478206],[4333148.191769158,2653693.4699986866],[4333075.9124787785,2653304.157729389],[4332957.307870411,2653202.0327602085],[4333368.626193908,2652458.2987888143],[4333356.147293283,2652193.549278916],[4333237.029976624,2652073.590919645],[4332678.127027637,2651990.8139772336],[4332490.354449669,2651872.5340062827],[4332120.274673103,2651976.8597781886],[4331979.221609039,2651626.4236846464],[4332086.461326239,2651435.35692739],[4332678.236999206,2650950.730784783],[4333835.614083695,2650453.677654591],[4333739.626727589,2649980.905947958],[4332738.781624892,2648784.9758516345],[4331224.420030282,2648565.6428792104],[4330823.124462081,2647679.3265857976],[4330295.317160503,2646986.992051229],[4329745.128595082,2646877.7077448545],[4329692.584070587,2646659.3670725245],[4329440.908266746,2646491.1064636856],[4329228.362091519,2646073.0327403536],[4328674.894271218,2645840.794420398],[4328784.581166652,2644912.0318081435],[4329500.938517175,2643922.277997895],[4329378.6669375505,2643474.771887316],[4329563.964612754,2643061.5107022272],[4329485.531027731,2642493.0675098067],[4329716.5886276765,2642217.85050058],[4330112.024966504,2641439.830410675],[4330400.219914795,2641109.4089051653],[4331075.269925712,2640604.1094074734],[4331812.503539984,2640392.8162721815],[4331978.393194127,2640208.5845300946],[4332052.805259867,2639638.7136356444],[4331959.193124548,2639470.7649722286],[4331818.836734032,2639399.1708140043],[4331969.003316273,2639123.6917859437],[4331924.559520884,2638755.391706899],[4332127.450981862,2638494.966583084],[4332188.490594467,2637706.613218144],[4332266.4621576695,2637515.8268594807],[4332220.876124201,2637286.786858099],[4331816.103301847,2636957.9057121417],[4331045.771743474,2636911.1831267294],[4330494.680161242,2636991.37767969],[4330345.006590212,2636897.8404450743],[4330196.51035017,2636579.9120841133],[4329901.0330050085,2636510.3899454977],[4329700.958143719,2636342.8146118084],[4329056.5525989495,2636183.246864938],[4328879.662382853,2636256.888628233],[4328528.331424062,2636837.008126509],[4327847.400968702,2637454.8207589397],[4327839.052455184,2638236.4056767365],[4327595.295573357,2638381.564121913],[4327158.430399315,2638352.4100471665],[4326696.417902158,2638515.3946274263],[4325482.6172019355,2638399.437093834],[4325092.341468022,2638521.434642877],[4324783.508890792,2638785.299744047],[4324688.139003666,2638960.167026498],[4324656.977396052,2639716.16664959],[4324785.606967518,2640168.5483756727],[4324368.824124039,2640530.8737687184],[4324083.324812365,2640648.5002723085],[4323837.810593487,2641251.723135856],[4323576.684816325,2641268.4333044845],[4323306.223077363,2641484.401498068],[4322863.191506659,2642314.1036419147],[4322653.306540099,2642404.309093846],[4322284.253197997,2642818.527894357],[4321818.270643506,2642794.3471244713],[4321522.6585965445,2642632.622936287],[4321343.502741407,2642626.365118091],[4321059.644251709,2642711.37936137],[4320638.120060053,2642989.7863429543],[4320147.272944679,2643040.046136245],[4319860.437433171,2643364.339770481],[4319533.681317236,2643480.640611361],[4319376.922422176,2643813.124765643],[4319428.764738993,2644016.6292231],[4319379.024275241,2644214.020401328],[4319201.185754918,2644505.1085139243],[4318927.396727039,2644259.921854621],[4318490.772815003,2644108.5202480243],[4318088.802124173,2644150.4227998033],[4317797.926925977,2644504.285347971],[4316884.5456289,2644121.8723804927],[4316148.818945347,2644238.610352055],[4315014.001262611,2644802.053980494],[4314486.934163353,2645227.0776000796],[4314311.444076417,2645586.1553545324],[4313950.218160536,2645521.939955529],[4313391.316722879,2645740.2051739385],[4312901.459977661,2646266.165317348],[4312127.591252049,2646432.276529731],[4311854.570785991,2646619.8919878346],[4311656.913312913,2646567.235182358],[4311404.099678716,2646676.152619845],[4311359.567300266,2646850.127934388],[4311505.16639534,2647287.786332039],[4311399.633092529,2647438.1919240537],[4311384.060350178,2648207.3022630475],[4311267.221548964,2648550.329204269],[4311438.740059421,2648787.918988483],[4311551.974688056,2649234.0820225924],[4311200.3094693255,2649536.6858644397],[4310956.538041728,2650009.4032534887],[4311311.419047151,2650492.823175975],[4311363.224631255,2650674.1728920205],[4311257.197047472,2650932.1050422005],[4311350.557518193,2651215.4080972327],[4311637.1621842785,2651475.516875403],[4311975.851152488,2651975.0818180805],[4311904.165064277,2652229.0818084013],[4312056.167402545,2652541.050543014],[4312576.095590977,2652951.3352511837],[4312393.95243685,2653374.6482780967],[4312354.706739628,2653958.64372338],[4311224.925713348,2654530.79695179],[4311074.330830583,2654657.2677501077],[4310826.29123954,2655241.8052626858],[4310838.944391162,2655473.365880352],[4310992.827132404,2655641.9685360617],[4311374.401339491,2655820.1179225356],[4311616.386906503,2656062.9901636206],[4311509.357732924,2656215.4917633054],[4311017.162931768,2656216.5865164506],[4310419.501047648,2656348.4253867487],[4310268.065875549,2656023.9943347503],[4309894.588284102,2655715.071835035],[4309395.465713584,2655671.7436540984],[4309038.019044256,2655533.917237039],[4308875.584420814,2655238.1853412036],[4308521.3022720665,2655145.9259690866],[4308275.103586015,2655299.24030893],[4308210.0470314035,2655463.2857695827],[4307965.324059487,2655434.1350361803],[4307823.203977284,2655705.9053684184],[4307266.491286083,2656166.6136445655],[4306974.900839627,2656301.5887422846],[4306679.4376278315,2656291.3421866316],[4306252.697063768,2656523.796695103],[4305621.3282629335,2657026.8315670188],[4305001.598001005,2657342.0278852107],[4304895.957588341,2657591.2558551356],[4304350.739292914,2658096.295394776],[4304145.404231897,2658166.3480836162],[4303384.015135666,2658143.370143814],[4303015.7894965755,2658037.9668819136],[4301756.687325054,2658000.7780328356],[4301446.313819707,2658367.459449023],[4301442.325425749,2658493.395962389],[4301241.453559469,2658568.09453363],[4300879.891453478,2658572.6928737205],[4300068.595937785,2658773.7002679314],[4299469.244216622,2658738.5084583517],[4299301.54502352,2658912.578626022],[4298592.750307887,2659281.7256075805],[4298421.7666012,2659718.6711705914],[4297933.656116527,2659731.505445311],[4297485.936512592,2659996.488568834],[4297157.838132088,2660088.2403890714],[4296659.68871126,2660537.9529755674],[4296664.299338648,2660797.175396446],[4296154.263612273,2660546.101321982],[4295852.840995025,2660491.449571956],[4295528.833728566,2660552.575434272],[4295100.599328922,2660384.0957872984],[4294099.474554458,2660527.893638338],[4293852.167111761,2659955.0451808516],[4293434.255964119,2659677.28266318],[4293066.625556483,2659615.5747005385],[4292537.090933582,2659631.988220454],[4292368.025688708,2659751.2315348233],[4291794.326773536,2659910.5570753664],[4291011.563294454,2660694.1471096086],[4290954.917601413,2660978.188484215],[4291224.593950437,2661294.167315663],[4291249.664133312,2661624.447315512],[4291412.169016935,2661890.5123237306],[4291189.006632483,2662474.489903797],[4291318.150253701,2663079.183079129],[4291471.179681299,2663151.1753379856],[4291974.708483295,2663043.8310851227],[4292286.491270198,2663464.9817266837],[4292928.951232237,2663548.871471662],[4293091.224155874,2664225.708688339],[4293118.4628035175,2664798.175186772],[4293040.221613114,2665235.4452952216],[4292603.495901865,2665710.3500685054],[4292557.558146059,2665868.513835083],[4292128.163893341,2666066.494788006],[4292002.743617642,2666377.8070853576],[4292284.338723788,2666893.8277883735],[4292361.744004941,2667456.3540265462],[4292988.887439087,2668243.7987788236],[4292316.86542702,2668788.2140154704],[4292315.074077218,2669430.0992607046],[4292148.250374708,2669807.396724318],[4292337.673006935,2670231.709771701],[4292145.939124552,2670577.4693408078],[4291639.147941064,2670306.5430379193],[4291293.876408116,2670337.880454831],[4290908.228073453,2670553.7602071855],[4290660.833759894,2670915.2862860565],[4290663.87022271,2671182.3229707126],[4290456.303349038,2671516.2281225985],[4290490.768571031,2671750.4175763796],[4290251.492711988,2672076.527071867],[4289828.662014466,2672279.3421110758],[4289047.35557052,2672929.94978775],[4288768.297495835,2672800.261377124],[4288473.398945694,2672771.4667657474],[4288046.423676169,2672820.5497390726],[4287813.48276944,2672933.977376385],[4287777.900873502,2673130.6313551925],[4287968.06746665,2673473.423945157],[4288418.128628437,2673784.649375978],[4288457.625113036,2673939.2234600857],[4288394.864575993,2675408.1614532317],[4288877.705641294,2675876.0430960404],[4289252.030613086,2676882.4914639485],[4288866.637312973,2677246.9017362804],[4288667.063085497,2677765.2402867335],[4288185.494344424,2678384.9160441514],[4287833.21723723,2678512.102516416],[4287600.179931456,2678804.5706837727],[4287232.141441103,2678683.304720677],[4287110.459312968,2678807.9759659218],[4286896.412781263,2678857.4019298484],[4286824.275127926,2679010.1992847016],[4286904.909986411,2679247.384991156],[4287333.3384341,2680095.5314407935],[4288011.290590118,2680973.4188385727],[4287487.451597018,2681820.5438380917],[4287331.921094725,2681892.8210003613],[4286674.038756893,2682561.0011079228],[4286349.334352503,2682709.7549524913],[4285968.552571986,2683064.212181599],[4285909.767806156,2683245.0945613715],[4285957.216856979,2683483.922101612],[4285789.494935698,2683533.499007701],[4285263.877745779,2684220.8693381087],[4285494.020691609,2684685.9025071003],[4286469.000977856,2685371.6818914185],[4286826.357413432,2686031.453810834],[4287225.403927314,2687360.475658092],[4288389.851887275,2688445.6459944886],[4289079.839471054,2688894.1274582646],[4289597.73566036,2689579.631254211],[4290536.64178855,2692740.584933043],[4291061.141115135,2693611.862468071],[4291453.4130259445,2694088.8952156953],[4292550.21853042,2695088.8187430473],[4293260.811766274,2695890.398119086],[4293767.480093039,2696741.3739112173],[4294188.373289603,2697803.095572128],[4294362.691393514,2699028.15430959],[4294273.161767787,2701061.1060728426],[4293910.377234675,2702404.2661527004],[4294034.893038263,2702865.3726345184],[4294611.943952394,2703625.489379985],[4294780.846030549,2704146.215247476],[4294713.169736038,2704316.807522274],[4294148.945835408,2704555.1457455354],[4292765.4164458895,2704660.3378646933],[4292405.005229417,2704771.763457387],[4291944.291592681,2705316.756524287],[4291506.387896636,2706188.4387455126],[4291378.544807249,2705580.9323242274],[4291167.024741158,2705304.3417090336],[4290881.080920737,2705213.268925691],[4290428.823514354,2705364.7717052177],[4290130.165654296,2705758.822870144],[4289309.33520056,2707679.6283670394],[4288114.186294224,2708706.5436568516],[4287855.586561083,2709051.448542827],[4287720.366496309,2709605.3949333616],[4287731.860810978,2710335.621247504],[4288150.272015525,2710260.9052031334],[4288234.629564822,2710048.262672494],[4288611.679837889,2709863.7183738593],[4288859.240699863,2709263.6816751645],[4290062.822197466,2708615.721917757],[4290735.402034105,2708544.3845595676],[4291305.397068617,2708611.5319579337],[4291984.186932994,2709262.5201448174],[4292609.946282004,2709302.1277824044],[4293062.089622197,2709827.1877187057],[4294235.912488106,2710785.5151118864],[4294547.594379838,2710490.7384781227],[4294885.424608553,2710640.284684974],[4294630.84447092,2711073.1253460264],[4294588.61007586,2711031.945807718],[4294408.79444816,2711265.148706611],[4294471.549707405,2711348.3432139205],[4293973.784059332,2712405.2486807792],[4294324.948453853,2712689.124243305],[4295173.110354008,2711614.069070247],[4295658.245789564,2711244.604801545],[4295941.666889601,2710848.342369564],[4296437.714928899,2709776.18834456],[4296864.424039092,2709740.903962583],[4297237.084547726,2710355.581766924],[4298107.014617332,2710820.2217665263],[4300212.479267034,2710694.6433363506],[4301613.8470190875,2710427.263292896],[4301679.331681779,2710608.26610945],[4301976.030445073,2710739.3709922675],[4302141.2211922165,2710707.266352411],[4302334.291450602,2711097.0137029462],[4302393.119942016,2711435.2802109704],[4302149.675246734,2711985.277382025],[4301721.104289615,2712460.406123728],[4301036.9141790215,2712975.5437890124],[4300508.095429755,2713121.9224391277],[4300253.514598175,2713507.1803910844],[4300483.407341402,2713629.4796890984],[4300847.006925643,2713653.6950946525],[4300915.527836417,2713790.7568812193],[4300852.517646148,2714847.6284934436],[4301259.3945915075,2715481.208689292],[4301369.635840972,2715844.624724315],[4301522.758992282,2715946.029445531],[4301493.462023374,2716244.435240409],[4301757.153941486,2716473.6627927143],[4301786.937280569,2716841.5128736515],[4302014.348498256,2717139.552843808],[4301865.8629499115,2717295.261790851],[4301835.762539913,2717516.106469837],[4301953.293660974,2717663.664745017],[4302427.202708872,2717882.211396135],[4302385.277870675,2718103.2469215854],[4302481.729299938,2718577.471875409],[4302591.611713224,2718683.282259297],[4302820.984914722,2718732.951479702],[4302797.313276517,2718979.4405588424],[4303124.102778016,2719419.417779344],[4303211.227936228,2719669.728251818],[4303416.245998714,2719751.236220372],[4303680.172352333,2719680.2051206245],[4304077.371269331,2720376.7019446637],[4304166.573454928,2720420.445837616],[4305302.767127693,2720241.1967523415],[4305712.429790336,2720301.611825317],[4305948.653968142,2720496.103596318],[4306158.181184383,2720473.8006426147],[4306766.178648756,2720030.855386275],[4307100.126824305,2719659.691568179],[4307380.129124799,2719673.8450453915],[4307911.796648068,2719394.525485053],[4307993.110194994,2719205.856171898],[4308014.150643733,2718725.7547365674],[4308170.944121045,2718599.8880979074],[4308204.846665354,2718351.84918742],[4308084.811491768,2717780.6130251316],[4307783.943356736,2717426.3943163496],[4307788.37162711,2717244.0230175895],[4308079.522735187,2716614.507202954],[4308099.713278957,2716370.3700139057],[4307880.597158212,2715851.96161173],[4307678.682182505,2715598.150092476],[4307393.673787095,2715423.0324930036],[4307315.245109184,2715090.20299486],[4307754.588044604,2715087.0659639845],[4308103.422076569,2714989.87847723],[4308291.9146692185,2714876.0605529957],[4308343.524627594,2714739.431684457],[4309172.458740608,2714457.9306612317],[4309735.758927483,2714449.213688325],[4310103.159895899,2714195.199254308],[4310496.140098169,2713563.9299507765],[4310797.070391551,2713518.5332535803],[4311019.493042866,2713357.327521141],[4311315.011134509,2713248.0974922776],[4311314.018624455,2713420.0750258337],[4311609.457667917,2713930.154303232],[4311602.798907243,2714128.863931571],[4311414.225870143,2714289.8455477976],[4311413.631428599,2714513.332152087],[4311810.791958452,2715045.95515909],[4312062.435937967,2715154.568381394],[4312435.440357347,2714985.4315182758],[4312728.734942289,2714716.237279999],[4313448.77838079,2714773.851925993],[4314062.202976413,2714464.8370713755],[4314274.225605027,2714224.958715214],[4314312.865991154,2713958.3780145464],[4314507.728029646,2713728.1213179245],[4314646.931718722,2713351.9561158423],[4315081.72098474,2713113.0797685017],[4315930.991654777,2713456.6016749144],[4316525.313724818,2714043.799066805],[4316868.746804098,2713890.446382531],[4317814.246769855,2713696.1511784284],[4317746.194282226,2713865.940808275],[4317816.914063397,2714091.0054359976],[4317703.685780112,2714312.335272506],[4317751.315729428,2714533.193931883],[4317934.126889618,2714613.9870956326],[4318139.647725283,2714534.0978551446],[4318522.864273307,2714934.9588747653],[4318876.530006814,2714868.7131758602],[4318975.571103389,2714758.356332602],[4319029.773903942,2714483.0152644673],[4318743.895860771,2714115.770050793],[4318739.512620961,2713906.148407586],[4318605.399093634,2713695.344319128],[4318574.427463897,2713163.8515557637],[4318707.5421125265,2713067.773092196],[4318818.0140679,2712711.084839886],[4318769.082525105,2712300.0694933524],[4318584.557117278,2712005.194911188],[4318905.630144099,2711744.1162457326],[4319041.736081806,2711510.0636952664],[4319550.816432239,2711189.7169721015],[4319681.145433731,2710971.368900851],[4319819.447522809,2711021.7536933473],[4319963.851983624,2710971.587614852],[4320383.740123239,2710366.3245870587],[4320805.124184329,2710059.5820739926],[4320872.423855656,2709942.8785394533],[4320829.3480526805,2709779.5169237107],[4320321.356254499,2709367.793651112],[4320799.640121284,2708180.496430709],[4321142.214800732,2707813.1175035266],[4321792.891339566,2707795.573203729],[4322205.67227688,2708109.972681712],[4322648.671066903,2708019.879017812],[4323786.28003244,2708593.62262922],[4324482.541845376,2708394.3666005214],[4324722.877901882,2708189.341413738],[4324682.621641358,2707866.0970356674],[4325273.0036190115,2706979.460108372],[4325310.8641399015,2706701.16660948],[4325121.087561071,2706343.6719733495],[4325234.131808888,2706009.854715478],[4326008.145447328,2705714.18591933],[4326321.677066714,2705372.9632301787],[4326493.484742524,2704935.678649233],[4326825.42604687,2704940.8321109377],[4327020.325739198,2704856.549969116],[4327212.401430074,2705164.346151606],[4327755.1102028405,2705404.0817985856],[4328069.675558053,2705168.522467043],[4328368.865437238,2704031.7982322294],[4328222.788785807,2703727.7544071893],[4328243.857654518,2703217.873439702],[4329168.59134577,2701720.1314543667],[4329125.518894584,2701556.7703535045],[4328477.547899831,2700941.073241361],[4328349.161507067,2700324.471276101],[4327488.498137066,2699908.300054812],[4327019.545553791,2699969.4649349987],[4326691.93368969,2699912.5624432666],[4326543.596373024,2699558.5248773172],[4326654.096095402,2699334.4423077037],[4326872.692018225,2699165.019551912],[4327144.7306256,2699128.222012948],[4327353.5789468,2698761.3788800086],[4327704.479877777,2698502.3239559773],[4327702.158130991,2698239.523810869],[4327467.656049353,2697811.01339097],[4327856.553475171,2696870.94500775],[4328776.543050078,2696507.248332764],[4329472.944341927,2696328.7069682474],[4329927.730289802,2696298.9245252954],[4330568.308800604,2696410.6957919323],[4331733.469190262,2696125.262822458],[4332384.464100672,2695932.9127760925],[4333440.049787725,2695225.601922581],[4333608.736265457,2695381.541134159],[4333625.876392899,2697028.040490854],[4333802.500836291,2697128.708877533],[4334301.077701097,2697078.078744165],[4334528.800516103,2697218.346157072],[4334540.474955662,2697703.817114095],[4334737.523565149,2697862.811333247],[4335260.300533332,2697576.649105586],[4335841.629971082,2697496.965508665],[4336233.820627616,2696892.7454789514],[4336369.88309194,2696812.274300436],[4336691.997728527,2696842.478578883],[4337061.475743413,2696622.98855636],[4337386.153662726,2696739.6318613174],[4337993.872634728,2697402.685180966],[4338190.3692938285,2697479.625214248],[4338516.118069036,2697305.134161524],[4339038.38822975,2696573.276577511],[4338998.588530038,2696367.192286798],[4338750.015790546,2696198.340811333],[4338980.776377924,2695945.064688721],[4339121.823573433,2695546.52770739],[4338899.559631965,2695127.893598276],[4338621.253883079,2694873.0302560357],[4338483.151595504,2694349.7171060904],[4338230.289679208,2694184.5992347514],[4338155.026199287,2693840.5116433506],[4337594.449757445,2693357.5105267563],[4337603.100156195,2692873.452665087],[4336706.773990552,2691573.3705359786],[4336908.019443943,2691298.1700540083],[4336866.047837635,2690902.824031117],[4336717.254257936,2690656.3637462677],[4336356.284999026,2690381.2262522853],[4337145.086988275,2689614.3326220866],[4337157.192114814,2689391.7454311443],[4337530.428349201,2688701.082409286],[4337531.026472876,2688564.376392856],[4337411.926473319,2688444.3979158513],[4337206.258065624,2688456.083532311],[4337105.571200121,2687984.5250700195],[4336582.986048353,2687504.155769016],[4336496.3872082075,2687300.686258608],[4336169.642531432,2686951.0891121724],[4335877.473446739,2686883.6475495775],[4335393.884370893,2686530.037522934],[4334956.140992428,2686525.4361516302],[4334682.693825915,2686715.5828598826],[4334601.369523455,2686274.6467697816],[4334463.430003989,2686134.5805856776],[4334517.347177893,2685366.7894025147],[4334285.953833606,2685013.414653234],[4334463.273586318,2684738.000664936],[4334440.08825039,2684603.2674768353],[4334316.645517723,2684500.5427104365],[4334372.088693212,2684299.4547330546]]]}},{"type":"Feature","properties":{"flugjahr":"2022","gebiet":"Salzburg","bemerkung":"2023 DSM und DTM Stand 2022 eingespielt"},"geometry":{"type":"Polygon","coordinates":[[[4552970.9750031065,2731840.4486078727],[4552753.961201985,2732259.8407744304],[4552415.457011229,2732469.3984831613],[4552138.7104445575,2733386.703733457],[4552173.635509572,2734100.0685178633],[4552357.301432088,2735196.987456077],[4551847.192830573,2735712.9580688183],[4551468.680955835,2735705.24950496],[4551101.11302683,2736112.2341852384],[4550819.845504221,2736257.676867772],[4550402.484148021,2736977.4508249154],[4549804.092583774,2737549.287387257],[4549908.258385049,2737708.903611591],[4549631.239295981,2737938.5640502986],[4549355.538421923,2737941.280167973],[4549405.137277928,2738067.3269292973],[4548477.901127085,2738354.144316142],[4548329.184973576,2738234.842879826],[4548191.408758564,2738308.2278024033],[4547866.261390758,2738781.5223708926],[4547605.355951084,2738831.9044366586],[4547515.519708926,2738983.461777694],[4547108.72892939,2738912.78825285],[4546929.127152447,2738965.135945582],[4546766.084454183,2738873.9836533507],[4546744.65447323,2738663.3427178664],[4546517.480387805,2738407.4710042467],[4546613.501254674,2738286.236009093],[4546354.15067094,2737880.129900614],[4545805.715220821,2737822.826178805],[4545615.351449984,2737614.380298871],[4545563.523960671,2737321.7051767968],[4545247.710835954,2737171.837318478],[4544163.590133724,2737102.985715692],[4543677.975733464,2737173.0222944147],[4543400.949640167,2737328.120533224],[4543170.155968761,2737295.213433615],[4542871.221362438,2737119.2525555245],[4542493.8785972595,2737438.6399586047],[4542170.643809482,2737577.785463544],[4542011.403499556,2737494.520565232],[4541619.900095151,2737506.451551204],[4541185.796276468,2737246.4388654656],[4540817.94670074,2737256.9477606816],[4540702.632295268,2737333.114918203],[4540561.599169488,2737305.4321956076],[4540330.463169102,2737750.7255836246],[4540056.824050995,2737805.4609176423],[4539907.321330092,2738014.486195541],[4539631.91127586,2738053.5307487114],[4539490.685365472,2738360.4971732665],[4539259.679910252,2738603.0311355772],[4539037.654869079,2738698.993588738],[4538947.257550206,2738947.0022390387],[4538964.041973039,2739150.7140254676],[4539447.304028802,2739708.4917436694],[4539426.595495639,2740021.9363894956],[4539505.268911992,2740234.039029894],[4539658.171073752,2740317.29911958],[4539702.1864855485,2740501.667795916],[4539778.946537715,2740487.9311089246],[4539924.004670492,2740870.6739693233],[4540137.623571494,2740982.2228786885],[4540146.8851507,2741055.713466374],[4540869.7728448035,2741160.6531547047],[4540988.546397498,2741430.1200029976],[4541093.958292804,2741522.9070751807],[4541175.745787726,2741447.303133975],[4541249.22176547,2741643.5176302427],[4541203.362770455,2742178.1696177404],[4541335.730816829,2742627.823362821],[4541258.46642659,2742666.8362283413],[4541156.930092678,2742523.2680203347],[4541124.65909267,2742625.181062276],[4541208.609866943,2742731.711938331],[4541536.68207893,2742855.4862639876],[4541822.962045352,2743373.5666920803],[4541601.42343541,2744095.6105832383],[4541046.063354298,2743985.6563017797],[4541108.800144238,2744186.92416996],[4541039.123299834,2744217.54271996],[4540891.313467973,2744034.646944458],[4540646.099899752,2743913.873263068],[4540518.676157098,2743930.6751349],[4540826.429873136,2744547.728986685],[4541367.695646282,2744899.5321416794],[4541262.775100453,2745441.5139173414],[4541309.56935545,2745593.9304379923],[4541607.055246812,2745785.7042529704],[4541894.657435273,2745820.892862548],[4542245.700941099,2746407.3422040646],[4543015.14518542,2747217.3414206076],[4544000.459993835,2749155.059020754],[4544516.169735954,2750556.950279731],[4545678.682654383,2751916.519803408],[4545847.807422302,2752197.6183815585],[4545912.451233097,2752536.987428389],[4545861.194874107,2752961.1514488673],[4545668.165217814,2753536.784937435],[4544331.564425868,2755527.8707010285],[4542670.116579699,2758900.440930971],[4541610.002579196,2760310.1176165794],[4541221.976044676,2760962.6316374447],[4540795.758352028,2761994.8431015625],[4540556.69290192,2763218.7702034824],[4540374.831170104,2763284.3414819213],[4540283.810535611,2762946.169361086],[4540087.434480734,2762811.976184854],[4539657.664519383,2762705.4559841664],[4539372.63992717,2762755.4349833513],[4539154.320871692,2763049.8047523824],[4539215.727702748,2764065.6994530866],[4539008.51385934,2764417.213500249],[4538398.329322581,2764699.537287072],[4536746.338601007,2764791.905865548],[4536178.5241595525,2764957.262961791],[4535827.05790688,2765177.987537895],[4535517.065801233,2765499.5178919504],[4535186.768116839,2766289.7783673466],[4534603.419675332,2768626.704217704],[4535810.29392424,2768626.75900429],[4535901.109277144,2768451.682674561],[4536116.495655281,2768291.205208206],[4536651.421438983,2768085.002092132],[4537109.107605235,2768155.570073504],[4537223.585277353,2768331.8565964974],[4537332.662996723,2769042.371587727],[4537545.044747397,2769407.2110029906],[4537578.214963763,2769793.039191818],[4537876.620889144,2770023.6188948527],[4538040.36480139,2770424.3242153856],[4538072.591741761,2770900.200745032],[4538348.798135139,2771225.886785862],[4538396.799830052,2771684.438500852],[4538822.322897656,2771688.52178056],[4539133.385654788,2771835.5997834336],[4540055.3559424095,2773104.067765356],[4540411.992874159,2773308.2535113557],[4540748.086703471,2773341.3698034543],[4540958.638693336,2773062.579243244],[4541253.793554867,2773092.8584323404],[4541427.609439493,2772966.553860527],[4541745.86432851,2772949.83074672],[4542491.041425799,2772038.483988704],[4542970.653942378,2771928.9284189083],[4543353.210994801,2772022.192500594],[4543966.657746886,2772469.1452586576],[4544363.776366321,2772504.0025896225],[4544533.198571995,2772614.7074171407],[4545279.9103265125,2772763.3813536232],[4545618.960663225,2773025.847858518],[4545807.828879301,2773309.5862364955],[4545834.295382602,2773527.967254793],[4545936.946242426,2773562.610020963],[4546089.872420114,2773228.180197655],[4546240.408312733,2773107.8276761267],[4547055.20713994,2773121.4021730796],[4547933.433583497,2773993.6248095804],[4548043.118370822,2773731.3189793783],[4547809.059525366,2773313.429989176],[4547836.695578225,2772798.2151385136],[4548279.119488786,2772576.8992792433],[4548669.001443994,2772685.5097586466],[4548880.566144244,2772201.5939626805],[4549080.918492974,2772064.465473678],[4548864.007269035,2771461.1820657593],[4548887.57052437,2771244.0443979898],[4548994.6878422275,2771108.7329942537],[4549336.326887409,2771039.0096969265],[4549780.926703571,2771293.2161572045],[4550214.863038536,2771242.6908848686],[4550236.352914915,2770981.425041668],[4550101.495895115,2770836.2298428463],[4550070.053723038,2770662.661564436],[4550336.620418491,2770135.177826505],[4550660.092065086,2770113.7041189927],[4550880.163284844,2769983.4844565527],[4551321.737636627,2769964.3300860757],[4551381.394266753,2769700.776568548],[4551874.39736108,2769240.538697048],[4552159.904761993,2769285.4142206875],[4552440.741501797,2769482.2115006573],[4552730.005366231,2769259.0255582184],[4553032.905394264,2769272.662836883],[4553347.928004803,2769078.666582851],[4553753.630996066,2769168.9969269596],[4553738.575949257,2768781.9782847716],[4553958.761345292,2768580.7043537404],[4554841.762369681,2768522.36902032],[4555005.760032933,2768619.8353280965],[4555082.0220763255,2768776.405989228],[4555574.363239602,2768969.7392153894],[4555568.157861198,2768837.341009954],[4555283.854609225,2768719.4404793405],[4555162.299708616,2768567.83573174],[4555180.9267859375,2767984.1689099274],[4555344.968020563,2767556.1830282626],[4555711.249999481,2767039.2125339885],[4555699.192889122,2766698.359126135],[4555905.776425121,2766533.5012370218],[4556149.621890205,2766523.4606926525],[4556523.540373068,2766653.393569017],[4556818.547833185,2766937.916072794],[4557256.930079788,2767173.8556478717],[4557412.284239104,2767057.7459541713],[4557734.74389175,2766991.2069502003],[4558406.709314132,2767040.516337931],[4558749.165081297,2766974.8844059985],[4559990.073540129,2767183.9689138355],[4560253.73910733,2767566.1838231906],[4560865.08334965,2767763.907169686],[4561090.058566478,2767978.2409055834],[4561074.915655581,2768322.7505196924],[4561369.610080792,2768480.8448326485],[4561515.680892507,2768467.63486771],[4561685.364310705,2768628.842276776],[4561695.144070739,2768912.4208622654],[4561799.796854483,2769102.802725704],[4562073.72062141,2769008.305466068],[4562429.683584944,2769084.0821424616],[4562476.932873981,2769285.5646170247],[4562632.967942584,2769202.0383702405],[4563065.324797367,2769577.5763620785],[4563448.676746451,2769340.964698463],[4563474.962186961,2769496.7456592605],[4563567.341571036,2769470.869932913],[4563688.293002103,2769674.531698995],[4563915.041333077,2769657.3086100174],[4564134.520320949,2769537.4728044616],[4564173.180963954,2769644.049568124],[4564332.11219297,2769725.432858007],[4564756.646738714,2769828.031009835],[4564897.045533177,2769945.551433887],[4564861.556138044,2770112.543388297],[4565062.131510754,2770092.064437092],[4565387.214889617,2770317.7021513875],[4565670.253876148,2770169.6397989797],[4566004.9291778095,2770261.473717462],[4565913.755110605,2770411.134836194],[4565984.81319212,2770456.8987924624],[4565817.849985647,2770689.863026754],[4565989.419490501,2770924.640968297],[4565855.570462,2771146.8151686564],[4565958.662759476,2771173.452967703],[4566048.477456184,2771385.332573605],[4566312.962794221,2771550.724207461],[4566341.489523039,2771678.4946729196],[4566562.70902719,2771693.513480876],[4566625.358258122,2771558.6405945155],[4566802.454410165,2771606.3167918306],[4566908.755589136,2771448.3670341177],[4566879.2160110185,2771775.058570664],[4567014.148658829,2771828.049577242],[4567279.337378288,2771811.886783123],[4567578.341892222,2771593.1344871656],[4567548.060087323,2771454.515423255],[4567478.558047583,2771441.598031553],[4567608.22731977,2771069.2101698043],[4567160.751756051,2770927.6979383896],[4567312.569690323,2770789.462143778],[4567294.066944983,2770559.1310144556],[4567411.072937052,2770146.082496456],[4567840.317812865,2770174.161146174],[4567860.58829282,2770077.8565174392],[4567959.11558845,2770114.298576913],[4567977.158049596,2769897.0880616093],[4568925.637096344,2769886.011833483],[4568964.439777622,2769653.414293465],[4569120.115844815,2769878.808447399],[4569264.547407223,2769843.8662885],[4569600.187636835,2769576.8946719547],[4569646.609547025,2769357.449300041],[4570019.516789014,2769370.9163212753],[4570299.944841148,2769031.2218850763],[4570558.542190913,2768938.012520475],[4570806.318856493,2768973.8597961986],[4571201.7603179775,2768533.779291347],[4571483.161127306,2768391.6008989466],[4571956.987510263,2768434.621402858],[4572459.653124813,2768255.2882531937],[4572615.662380166,2768351.1272869296],[4572752.841336864,2768324.740226092],[4572839.467687571,2767883.695344315],[4572649.435385115,2767709.9651788226],[4572946.444884496,2767108.053497323],[4572361.751787372,2766490.386546458],[4572517.012375485,2766212.3138844064],[4572268.794972688,2766160.0374644888],[4572054.998879961,2765927.941280746],[4572064.16022774,2765683.610461288],[4572136.057215324,2765622.536739857],[4572106.720054872,2765360.6091612214],[4572262.426433936,2764890.473180446],[4572165.515562584,2764745.1786598647],[4572284.223584458,2764660.5215925016],[4571988.82072956,2764530.9674997227],[4571940.236754823,2764152.388540302],[4571706.743602505,2764325.054783583],[4571287.952407805,2764347.4481686307],[4571011.9578352645,2764663.7381460615],[4570750.109037076,2764505.637618792],[4570571.663333891,2764519.81841693],[4570382.712105012,2764974.249616908],[4570601.971735854,2765443.0920802085],[4570517.421033058,2765527.954040285],[4570305.407884086,2765697.039781727],[4570041.123100833,2765670.2598993885],[4569762.199254244,2765875.5479045496],[4568485.612350783,2766011.607699927],[4568037.611759046,2766686.3959699254],[4567533.195879297,2766594.569370623],[4567169.804932335,2766368.252905451],[4567103.931996651,2766223.9147405485],[4566833.696707562,2766262.1925694],[4566596.305905432,2766119.1069493718],[4566461.717093937,2765824.4208983583],[4566048.608030999,2765563.0386831285],[4566201.886178659,2765413.7753150077],[4566048.704950668,2765113.0358314924],[4565906.829903868,2765001.168897243],[4565939.061586189,2764422.8376219906],[4566141.686361857,2764325.6690353313],[4566151.343108999,2763950.137896009],[4566268.00195656,2763609.755701607],[4566178.487903247,2763579.460252947],[4566462.399950392,2763035.024801117],[4566549.491160779,2762649.2367258966],[4566287.0170941595,2762383.9389608423],[4566396.806357682,2762094.9460199145],[4566359.00608856,2761964.375751961],[4566008.723865091,2761764.4417526443],[4566399.836181516,2761082.665812721],[4566331.323934047,2760867.607978026],[4566384.9459767565,2760596.0477175135],[4566205.59923288,2760252.640094162],[4566351.65227967,2760005.1305131936],[4566291.232872221,2759555.4531526063],[4566391.902760821,2759181.503564546],[4566349.352037173,2758959.258458889],[4566169.86725153,2758783.6663961112],[4565926.576890216,2758820.0752037745],[4565591.77419914,2758502.061549632],[4565721.523259155,2757942.0152197387],[4566115.321870674,2757619.226758529],[4566093.213171687,2756923.7488794187],[4566335.173981391,2756847.673227052],[4566476.107050747,2756641.3649173593],[4566805.2813718105,2756481.5627031107],[4566779.9516224675,2756329.840414781],[4567084.614841716,2756091.8275145153],[4567112.05967896,2755865.542323142],[4567459.125634395,2755521.275468761],[4567394.96529349,2755300.1045695012],[4567665.367760566,2754763.3253002358],[4567676.830963202,2754656.63268984],[4567396.551585236,2754688.7277227077],[4567056.895757335,2754576.839601959],[4567121.026801976,2754303.731353169],[4567382.068130929,2754166.1875238484],[4567404.646918859,2753807.143955522],[4567206.555956258,2753615.500768238],[4566887.510895184,2753515.5121260732],[4566863.067125802,2753372.0104527473],[4566880.384306543,2753076.7261152463],[4567175.516984746,2753128.3176489067],[4567231.866001948,2752381.2663310207],[4567109.02946177,2752314.925274814],[4567103.67823982,2751759.9408270987],[4567352.591262655,2751602.681543319],[4567378.858356704,2751121.5233993777],[4567686.1190135125,2751177.485870091],[4567911.853457271,2751125.3417502246],[4568437.043323078,2750964.9790746593],[4568554.652190427,2750791.9320392855],[4568762.0448940825,2750885.409004731],[4568882.9927649805,2750855.0786286546],[4569054.6968720285,2750074.067749313],[4555844.77261333,2749478.618767242],[4556374.274748387,2737396.022105814],[4558872.737589754,2737508.4950371543],[4559108.93410783,2732116.5675995494],[4552970.9750031065,2731840.4486078727]]]}},{"type":"Feature","properties":{"flugjahr":"2022","gebiet":"Ober\u00f6sterreich","bemerkung":"2023 DSM und DTM Stand 2022 eingespielt"},"geometry":{"type":"Polygon","coordinates":[[[4566254.34441985,2763655.0735571366],[4566141.686361857,2764325.6690353313],[4565939.061586189,2764422.8376219906],[4565901.235223991,2764707.3314765366],[4565906.829903868,2765001.168897243],[4566048.704950668,2765113.0358314924],[4566201.886178659,2765413.7753150077],[4566048.608030999,2765563.0386831285],[4566461.717093937,2765824.4208983583],[4566596.305905432,2766119.1069493718],[4566737.98341799,2766230.3850464504],[4567103.931996651,2766223.9147405485],[4567328.210218477,2766495.0874546464],[4567882.601225932,2766699.104441575],[4567920.130963231,2766632.6098504663],[4568037.611759046,2766686.3959699254],[4568485.612350783,2766011.607699927],[4569762.199254244,2765875.5479045496],[4570041.123100833,2765670.2598993885],[4570305.407884086,2765697.039781727],[4570517.421033058,2765527.954040285],[4570601.971735854,2765443.0920802085],[4570382.712105012,2764974.249616908],[4570571.663333891,2764519.81841693],[4570750.109037076,2764505.637618792],[4571011.9578352645,2764663.7381460615],[4571287.952407805,2764347.4481686307],[4571706.743602505,2764325.054783583],[4571963.5045824535,2764165.237687791],[4571988.82072956,2764530.9674997227],[4572284.223584458,2764660.5215925016],[4572165.515562584,2764745.1786598647],[4572262.426433936,2764890.473180446],[4572106.720054872,2765360.6091612214],[4572136.057215324,2765622.536739857],[4572064.16022774,2765683.610461288],[4572054.998879961,2765927.941280746],[4572268.794972688,2766160.0374644888],[4572517.012375485,2766212.3138844064],[4572361.751787372,2766490.386546458],[4572946.444884496,2767108.053497323],[4572649.435385115,2767709.9651788226],[4572839.467687571,2767883.695344315],[4572752.841336864,2768324.740226092],[4572615.662380166,2768351.1272869296],[4572459.653124813,2768255.2882531937],[4571956.987510263,2768434.621402858],[4571483.161127306,2768391.6008989466],[4571201.7603179775,2768533.779291347],[4570806.318856493,2768973.8597961986],[4570558.542190913,2768938.012520475],[4570299.944841148,2769031.2218850763],[4570019.516789014,2769370.9163212753],[4569646.609547025,2769357.449300041],[4569600.187636835,2769576.8946719547],[4569264.547407223,2769843.8662885],[4569120.115844815,2769878.808447399],[4568964.439777622,2769653.414293465],[4568925.637096344,2769886.011833483],[4567977.158049596,2769897.0880616093],[4567959.11558845,2770114.298576913],[4567860.58829282,2770077.8565174392],[4567840.317812865,2770174.161146174],[4567411.072937052,2770146.082496456],[4567294.066944983,2770559.1310144556],[4567312.569690323,2770789.462143778],[4567160.751756051,2770927.6979383896],[4567608.22731977,2771069.2101698043],[4567478.558047583,2771441.598031553],[4567548.060087323,2771454.515423255],[4567578.341892222,2771593.1344871656],[4567279.337378288,2771811.886783123],[4567027.358352129,2771828.4557773727],[4566879.2160110185,2771775.058570664],[4566908.755589136,2771448.3670341177],[4566802.454410165,2771606.3167918306],[4566625.358258122,2771558.6405945155],[4566562.70902719,2771693.513480876],[4566341.489523039,2771678.4946729196],[4566312.962794221,2771550.724207461],[4566048.477456184,2771385.332573605],[4565958.662759476,2771173.452967703],[4565855.570462,2771146.8151686564],[4565989.419490501,2770924.640968297],[4565817.849985647,2770689.863026754],[4565984.81319212,2770456.8987924624],[4565913.755110605,2770411.134836194],[4566004.9291778095,2770261.473717462],[4565670.253876148,2770169.6397989797],[4565387.214889617,2770317.7021513875],[4565062.131510754,2770092.064437092],[4564861.556138044,2770112.543388297],[4564897.045533177,2769945.551433887],[4564756.646738714,2769828.031009835],[4564332.11219297,2769725.432858007],[4564173.180963954,2769644.049568124],[4564134.520320949,2769537.4728044616],[4563915.041333077,2769657.3086100174],[4563688.293002103,2769674.531698995],[4563567.341571036,2769470.869932913],[4563474.962186961,2769496.7456592605],[4563448.676746451,2769340.964698463],[4563065.324797367,2769577.5763620785],[4562632.967942584,2769202.0383702405],[4562476.932873981,2769285.5646170247],[4562429.683584944,2769084.0821424616],[4562073.72062141,2769008.305466068],[4561799.796854483,2769102.802725704],[4561695.144070739,2768912.4208622654],[4561685.364310705,2768628.842276776],[4561515.680892507,2768467.63486771],[4561369.610080792,2768480.8448326485],[4561074.915655581,2768322.7505196924],[4560015.951299809,2792392.419222465],[4583749.550290972,2793466.198694092],[4584189.285180311,2783479.354271494],[4609171.259342386,2784613.971721239],[4609876.148993516,2768633.7970915693],[4584893.356132739,2767499.8947024737],[4585025.311055282,2764503.9392233044],[4566254.34441985,2763655.0735571366]]]}},{"type":"Feature","properties":{"flugjahr":"2010-11","gebiet":"Steiermark","bemerkung":"2023 DSM Stand 2010-11 neu eingespielt"},"geometry":{"type":"Polygon","coordinates":[[[4634829.409088939,2725045.132280564],[4634380.17818376,2724943.299333226],[4634264.432512803,2724799.267896682],[4634022.015565778,2724691.0224186815],[4633213.187297463,2724641.0003113723],[4632884.0157466205,2724236.4026886136],[4632346.968854121,2723995.1538323318],[4632333.020135093,2724208.070461958],[4632850.546505403,2724242.830874589],[4632787.870527022,2725658.0809688685],[4634799.956169395,2725750.5445510754],[4634829.409088939,2725045.132280564]]]}},{"type":"Feature","properties":{"flugjahr":"2017","gebiet":"Tirol","bemerkung":"2024 DSM und DTM Stand 2017 eingespielt"},"geometry":{"type":"Polygon","coordinates":[[[4414305.036210387,2654807.5676849484],[4414702.848090509,2654890.240821036],[4414820.031224679,2654882.3365557],[4414812.8314617425,2654799.0001132153],[4415110.783328436,2654787.3407364506],[4415111.440525474,2654645.2541335095],[4415015.698044453,2654591.8827926284],[4414797.031109849,2654637.0015648124],[4414755.622277109,2654286.51817202],[4414556.754532678,2654344.9593787827],[4414535.067490758,2654024.3200005516],[4414723.34821768,2654107.911884472],[4414750.300588247,2654005.615910009],[4414624.100811917,2653380.427032042],[4414091.032333851,2653417.30670165],[4413796.364443371,2653874.887381967],[4414138.846946458,2653814.0800437178],[4414022.23796049,2653978.6916156346],[4413846.616967974,2654020.7342502945],[4413826.329653832,2654113.150683247],[4413814.732680196,2654473.265715477],[4413935.161885454,2654913.3743393435],[4414256.739901133,2654802.703717058],[4414171.310504377,2654666.778292281],[4414018.842317526,2654712.2441451154],[4414148.768660666,2654531.181122092],[4414305.036210387,2654807.5676849484]]]}},{"type":"Feature","properties":{"flugjahr":"2018","gebiet":"Tirol","bemerkung":"2024 DSM und DTM Stand 2018 eingespielt"},"geometry":{"type":"Polygon","coordinates":[[[4369162.65680179,2638561.2888398976],[4368702.939901108,2638408.863659001],[4365556.455740115,2636699.1187917525],[4364850.574708259,2636078.9253392625],[4362775.391464875,2635435.651812643],[4362333.086215717,2635537.856209159],[4361852.625209936,2636044.67617375],[4361420.748648999,2636278.848084035],[4360189.215757718,2636415.874662195],[4358241.784475262,2636842.1722459225],[4356397.531175423,2637516.4519261806],[4356209.414585843,2637765.5953230243],[4356148.832564141,2638072.4623419847],[4356226.336259576,2639886.5318946717],[4355783.328925276,2641097.9719533073],[4355752.460481353,2641367.0612919666],[4355845.820655542,2641663.343205869],[4356755.1407296425,2642622.188575003],[4356993.266343551,2644309.140997644],[4357235.588974417,2644990.779165607],[4357666.356656629,2645403.4990252303],[4357691.32296459,2646369.8768197503],[4357348.215533579,2646943.681159568],[4356971.370857241,2647206.0778220557],[4353862.960959296,2648699.1090142718],[4352790.138239483,2649089.9512233166],[4352595.842251849,2649500.2694219043],[4352572.201984072,2650998.113422907],[4352488.540028346,2651231.8949121055],[4351209.685657983,2652557.248454069],[4350868.3953934,2652714.814178476],[4350411.8643265385,2652765.2791523216],[4350029.643997312,2652680.565690102],[4348158.275610715,2651923.258660063],[4347557.322415776,2651515.4642463895],[4346614.103170578,2648707.2686041147],[4346118.234521968,2647999.132650549],[4345786.702593881,2645694.9826437724],[4345719.25461723,2645480.4417289887],[4345513.661433893,2645234.6501887343],[4343676.749187661,2644509.300017578],[4343391.753459012,2644550.7143493122],[4342921.845721203,2644834.0103500923],[4341337.170728531,2645367.511309825],[4340698.26829543,2645279.795809497],[4340184.085569568,2644901.7296338826],[4339830.741243237,2644417.315861089],[4339652.811782113,2643976.9525865098],[4339615.737254297,2641247.7656652704],[4339448.181840413,2639118.130006628],[4339199.678297758,2638688.5059565916],[4338812.18036092,2638533.0693591344],[4336755.256340999,2638535.3378055473],[4336364.1236348525,2638461.9348358135],[4335903.495686116,2638181.2048739325],[4335250.741012324,2637420.5236969413],[4334512.847581798,2637015.2634594017],[4333370.8901167195,2636725.843504617],[4332986.354585107,2636475.1817120304],[4332759.295583173,2636484.4210775914],[4331692.320880908,2636924.260032366],[4332080.928169143,2637116.2550937766],[4332220.876124201,2637286.786858099],[4332266.4621576695,2637515.82685948],[4332188.490594467,2637706.613218144],[4332127.450981862,2638494.966583084],[4331924.559520884,2638755.3917068955],[4331969.003316274,2639123.6917859437],[4331818.836734032,2639399.170814003],[4331959.193124548,2639470.7649722286],[4332052.805259867,2639638.713635643],[4331978.393194127,2640208.5845300946],[4331812.503539984,2640392.8162721833],[4331075.269925712,2640604.1094074734],[4330654.048820478,2640882.1999465786],[4330112.024966504,2641439.830410675],[4329716.5886276765,2642217.85050058],[4329485.531027731,2642493.067509806],[4329563.964612754,2643061.5107022272],[4329378.6669375505,2643474.771887316],[4329500.938517175,2643922.277997895],[4328784.581166652,2644912.0318081435],[4328658.407506064,2645642.448776452],[4328674.894271218,2645840.794420395],[4329228.362091519,2646073.0327403536],[4329440.908266746,2646491.1064636856],[4329692.584070587,2646659.3670725245],[4329745.128595082,2646877.7077448545],[4330295.317160503,2646986.992051229],[4330823.124462081,2647679.3265857976],[4331224.420030282,2648565.6428792104],[4332738.781624892,2648784.9758516345],[4333739.626727589,2649980.905947958],[4333835.614083695,2650453.677654592],[4332678.236999206,2650950.730784785],[4332086.461326239,2651435.35692739],[4331979.221609039,2651626.4236846464],[4332120.274673103,2651976.8597781886],[4332490.354449669,2651872.5340062827],[4332678.127027637,2651990.813977233],[4333237.029976624,2652073.5909196436],[4333356.147293283,2652193.549278916],[4333368.626193908,2652458.2987888143],[4332957.307870411,2653202.0327602085],[4333075.9124787785,2653304.157729389],[4333148.191769158,2653693.4699986866],[4333321.775551675,2653846.4597478206],[4333344.97022053,2653981.178673279],[4332904.6787610445,2654792.907353658],[4332246.543685497,2655031.698147893],[4331184.967404233,2655597.52261681],[4330935.859644129,2656186.574704443],[4330747.063566999,2656288.9011310637],[4330604.240837628,2656530.243318126],[4331144.806950941,2656889.52591652],[4331368.264445386,2657167.551218453],[4332122.9036706565,2657666.551886253],[4332274.820036077,2658025.7363683293],[4332680.1087711565,2658385.934341152],[4332971.811363261,2658792.5091417558],[4333130.363531436,2659460.622071847],[4332605.127208779,2661067.4541667476],[4332451.483608148,2661138.160239213],[4332038.03100631,2661030.734622814],[4331774.94259884,2661226.359941206],[4331449.174882515,2661295.817073822],[4331485.503877781,2661526.737200549],[4331364.808125984,2661925.881414893],[4331289.2153875325,2662865.0054011624],[4331386.841209057,2663289.146863032],[4331870.428269507,2663749.1687439303],[4332180.163841208,2664716.957594285],[4332656.864260791,2665251.7852927903],[4332676.020185518,2665401.284405871],[4332922.490828051,2665764.1815682366],[4333188.244756905,2666568.438952743],[4333345.474235672,2666486.3046628493],[4333480.213012236,2666510.6381717166],[4333585.914054241,2666641.804509255],[4334651.833565194,2666419.4800761524],[4334934.368277661,2667081.164889617],[4335111.373385309,2667086.665084856],[4335295.0252094725,2667201.8080824804],[4335365.832550574,2667350.858016115],[4335353.870082447,2668252.635439771],[4335938.611102463,2668444.3862116123],[4336736.607539545,2668418.1757632955],[4336967.497203141,2668134.197462388],[4337322.850512692,2668482.9326838125],[4337715.574666933,2668189.5516168466],[4338482.210327352,2668047.5283587174],[4339414.541343867,2668005.242938916],[4340508.949298262,2668570.0083483863],[4342116.584051369,2669800.717065495],[4343382.507552057,2670256.2136467304],[4344118.144972914,2670289.0963398027],[4345084.5722658625,2670454.154866435],[4346483.559510239,2671005.3601612058],[4347499.391897043,2670988.4256665045],[4347785.931021836,2671077.258793509],[4349802.851113253,2671281.0812194124],[4351437.688880376,2670970.50605172],[4351616.684880689,2671049.3254969576],[4352170.713933377,2671005.417492397],[4353280.791738525,2669996.2859670394],[4353566.3978076745,2669376.6410095883],[4353955.977642444,2669046.9722696673],[4354627.977151848,2668957.773604011],[4355311.560403037,2669267.659036468],[4357105.380931311,2668724.174937562],[4357564.388008008,2668393.3468514327],[4358279.719818795,2668426.4623067444],[4358728.351324031,2669282.957568466],[4358913.179426824,2669927.741246768],[4359578.363931031,2670117.1678435914],[4360366.267002042,2670473.315203912],[4361415.845131554,2670461.6002327157],[4362095.574831496,2670575.756773201],[4364436.3380974345,2671730.0497716903],[4365198.620580628,2672931.175057643],[4365418.622582413,2673422.717304133],[4366403.9591473,2673729.279529464],[4367828.671822269,2674486.0352357845],[4369079.640431085,2675002.833191898],[4369380.322851517,2675613.4244848425],[4369937.129801844,2676101.4477936784],[4371605.114110925,2676908.9229431176],[4372573.185459203,2677549.0846490553],[4374596.046356283,2678566.416635605],[4374623.731851223,2676082.230661619],[4375028.987162105,2676000.6977818916],[4375356.747359792,2675609.5650611734],[4375541.751621977,2674520.6269263467],[4375477.57003008,2673768.8643305073],[4375034.779888603,2671820.2705383794],[4374581.11918299,2671138.8358468325],[4374905.987342915,2669389.73787455],[4375381.132464236,2669699.525238519],[4375974.5776524665,2670387.416921721],[4376246.609062428,2670387.569453691],[4376351.938152679,2668428.35735175],[4375885.61265746,2668113.969051718],[4375101.0769709395,2667016.8307931595],[4375018.829206017,2666219.147944902],[4375706.594511168,2665196.443239308],[4376171.840630581,2664821.8809823804],[4376161.39077977,2663689.506094511],[4375396.753313352,2664168.204524042],[4372628.851317087,2664461.678312311],[4372622.845466228,2664554.7260930194],[4370858.432964145,2664578.093350557],[4370403.580684286,2663537.306454353],[4369758.352466816,2662868.137559841],[4369347.767842324,2662275.31898907],[4369389.505636165,2661813.1129059573],[4369137.086297265,2661364.10232498],[4368716.002966093,2661168.513111748],[4368127.951138731,2661232.3949655364],[4367038.938593843,2660616.158956692],[4367155.48362143,2659896.5776744825],[4367049.578607475,2659493.6188449534],[4366115.183501315,2658903.764105562],[4366149.3197408635,2658536.7871621116],[4366960.500751973,2657045.160911345],[4366802.362609443,2656177.403704237],[4366680.5231805965,2656027.073662305],[4367143.049539562,2655298.5692530964],[4367147.047015381,2654628.024746713],[4370469.48331937,2654642.102015021],[4370520.066398671,2654537.4265832766],[4370658.147888305,2653145.4320444358],[4370567.029768796,2652510.2119452455],[4370635.409093485,2651109.2892882],[4370525.606989499,2650538.377956013],[4370654.113097914,2650196.1489653336],[4370665.519317218,2649415.2999323676],[4370496.260815872,2649300.7754380098],[4370505.6053303145,2645952.938008086],[4370422.008660288,2645881.0315336315],[4370508.850585525,2645701.505915592],[4370509.739258909,2645127.734149711],[4370390.86605348,2644859.501059491],[4370352.056871428,2644333.2420714283],[4370514.292721856,2644186.2346800524],[4370518.673340913,2643420.7339055315],[4370356.19323007,2643315.2337268717],[4370421.5213459125,2642648.713145918],[4370522.4474096615,2642484.756427323],[4370522.335050132,2642302.9227810972],[4370410.848545981,2642232.1888794606],[4370525.290360713,2641865.549602648],[4370390.159411072,2641715.978642212],[4370512.8016509665,2640624.754881489],[4370452.280809447,2640257.679468543],[4370335.347094604,2640128.749843197],[4370444.097219514,2640078.6713131415],[4370535.045624137,2639795.969085258],[4370547.320674634,2638731.8930914663],[4369162.65680179,2638561.2888398976]]]}},{"type":"Feature","properties":{"flugjahr":"2017","gebiet":"Tirol","bemerkung":"2024 DSM und DTM Stand 2017 eingespielt"},"geometry":{"type":"Polygon","coordinates":[[[4430277.370434895,2680658.963751738],[4430062.899255345,2680458.378883876],[4429408.043937537,2680271.1606908017],[4428706.87039303,2679561.414893172],[4428498.958820585,2679003.0773870707],[4428481.041833993,2678540.815912251],[4428784.4426059425,2677655.740225778],[4429310.959216499,2676584.2823283267],[4430281.640650254,2676188.656589464],[4430462.15716567,2676027.9841175284],[4430453.197267618,2675807.684284893],[4430791.876142127,2675208.6196343573],[4430768.304465554,2675093.6294136313],[4432008.037254109,2671762.5724602276],[4432274.331689394,2671399.6013331404],[4432285.090662521,2670806.6522487365],[4432349.5611402085,2670677.6126023945],[4431967.262379522,2669895.8094431427],[4431801.875645204,2669051.831506936],[4431905.424445172,2668616.4867179124],[4432243.648287933,2667833.6840872844],[4432399.044717276,2667691.6622811942],[4432537.521381892,2667148.0345395426],[4432403.6001899205,2667105.871192705],[4432997.041249873,2666021.0961719495],[4433331.458604262,2664964.052531465],[4433500.087230545,2664779.8911328823],[4433669.440685193,2664018.4048164105],[4433807.906636877,2663910.4504067395],[4433867.654178508,2663435.000645218],[4434050.910514263,2662988.6685039643],[4434073.361373084,2662661.498945023],[4433962.872629012,2662176.2976518227],[4434104.593677685,2661342.205119869],[4434187.773768858,2661310.0220432715],[4434254.593003388,2660491.5806603897],[4433944.18104829,2660167.340074158],[4433825.2533575725,2659125.2014230294],[4433858.64200798,2658720.330363543],[4434240.411770714,2658341.4425463583],[4433792.723767313,2658643.884773303],[4433038.791258108,2658310.6574845314],[4432174.773924367,2657801.0720094047],[4431464.834932138,2657664.361233641],[4430384.2342716865,2657202.5077153975],[4430082.841223179,2656998.7230369276],[4429799.32416618,2656657.420298633],[4429575.621710378,2656542.4005049467],[4428795.8787071295,2656395.0717916507],[4427826.686913544,2655616.114520873],[4427507.411088049,2655718.5970190233],[4427256.942353069,2655900.8606692525],[4427245.014817532,2656023.4193540714],[4427648.204754979,2656264.065814849],[4428323.522643016,2656956.7037334284],[4429197.63947755,2657266.9731627954],[4429725.518617813,2657567.3747318573],[4429994.638988274,2657950.40098695],[4432041.881450595,2659135.94398077],[4432676.532165116,2659925.4412551746],[4432616.70963925,2663438.0087043806],[4432538.336639403,2663803.035554896],[4432278.694512871,2664215.171026143],[4431729.866954439,2664497.112556215],[4431566.031962115,2664508.992787617],[4430536.464805447,2664332.5936928135],[4428660.946092451,2663290.090754634],[4427721.45630536,2662551.208962516],[4426639.833505561,2661445.0547781857],[4425292.943299893,2660366.4852302335],[4425101.545645753,2660231.053577558],[4424431.6422288595,2660014.308782137],[4423671.876174497,2659447.3945885026],[4422874.234903791,2658469.118063749],[4422631.689762642,2657934.4071404412],[4422308.908428422,2657794.66105673],[4422004.871309139,2657872.684581287],[4421946.168777245,2658126.6100336625],[4422124.370498147,2658641.0367465373],[4423338.479859518,2660252.153512101],[4424164.906202927,2660859.2999752625],[4425971.624871161,2661954.0395406107],[4427501.525375315,2664054.472477989],[4428235.958410842,2664556.7326867115],[4429107.884554361,2664928.692145708],[4429213.252672138,2665159.248237922],[4429180.96573469,2665270.1079061003],[4429461.263100143,2665461.942920332],[4429447.6345134685,2665660.141305516],[4429248.35487436,2665811.3514132584],[4429255.745953386,2665930.3534464114],[4429507.469585156,2666117.276685943],[4429386.199871575,2666232.420060148],[4429256.679628661,2666071.5273951627],[4428897.065255533,2666198.094465219],[4428819.658919012,2666104.09952946],[4428758.344566058,2666308.389804866],[4428867.227677161,2666465.9978972077],[4428749.526476288,2666497.096611769],[4428779.333987693,2666578.1489815144],[4428612.902227793,2666497.9583429107],[4428509.8273431435,2666599.7805008804],[4428392.460469096,2667062.0007039364],[4428132.247624426,2667590.0467071347],[4428023.076386162,2667723.4433000446],[4427402.626898981,2668018.6904772315],[4426979.476396193,2668570.346006781],[4426865.2395804,2668857.583131334],[4426820.885400471,2669478.2350140624],[4426379.672171934,2669638.3941193055],[4425788.704627166,2669987.3453935087],[4425175.758577533,2669998.6128308782],[4425130.033585358,2669658.317317427],[4424989.963980453,2669660.120113587],[4424815.90570919,2669087.0790661033],[4424714.035066251,2668205.902755838],[4424497.069158386,2667521.394003763],[4424026.292407519,2667187.885957646],[4423545.971356887,2666560.150908854],[4423441.501922457,2665775.77363237],[4423308.999938188,2665455.510403308],[4423049.65169959,2665272.631346253],[4422097.275308193,2665149.950244604],[4421511.107129811,2665424.474651887],[4421163.182139776,2665450.545668589],[4420878.150222674,2665236.3713823976],[4420721.27642429,2664891.218796573],[4420221.491676741,2664492.950302682],[4419645.645389998,2664381.9997765175],[4419476.896040295,2664274.562100405],[4419226.9525819365,2663874.521089592],[4418950.571961601,2662982.578967684],[4418332.457146258,2662525.147542541],[4418227.700778961,2662188.6408195845],[4417924.089932779,2661741.7942682877],[4416730.690339424,2660744.1890765065],[4416515.716057076,2660086.815415256],[4414894.913852613,2657822.858670771],[4414175.878320388,2657518.796182234],[4413656.11137859,2657682.1461904696],[4413372.524404767,2657384.921492069],[4412713.287699768,2656968.309741394],[4412777.622396376,2656783.5028635627],[4412657.506901254,2656648.0575508233],[4412566.762021765,2656688.825138642],[4412502.344434803,2656533.049240641],[4412417.910015859,2656583.3662209203],[4412337.993060493,2656343.4444649583],[4412205.685324135,2656439.50956039],[4412064.664900571,2656357.882318056],[4411879.642525087,2656171.3408014607],[4411891.194962143,2656077.8204678483],[4411791.06266927,2656086.815818459],[4411779.303971778,2655880.564560606],[4411565.204747711,2656142.7480510315],[4411492.191337076,2656128.1008459586],[4411495.668146165,2656063.088695038],[4411432.018549082,2656084.9690779266],[4411561.739788088,2655860.4089250714],[4411550.867496024,2655806.4267279035],[4411407.271364492,2655938.9217114737],[4411462.265821337,2655726.6680449517],[4411292.727811372,2655627.4620332113],[4411187.676358165,2655669.748953503],[4411053.475482679,2655486.66051506],[4410904.085673934,2655496.9982419275],[4410363.2786122905,2654942.2584837526],[4410222.070633265,2654900.2943005636],[4410161.116031238,2655026.8700155327],[4410043.7461315915,2654983.441797255],[4409962.400119533,2655052.8128569582],[4409851.683289731,2654944.387726401],[4409877.96218396,2654757.3617073856],[4409813.260554728,2654661.8624120476],[4409949.623189739,2654721.2496054317],[4410015.031123291,2654662.8998834766],[4409551.059826847,2654337.259723982],[4409642.892845604,2654050.6086754748],[4409203.347175404,2653815.7109641964],[4409514.949524178,2653311.8760404754],[4409610.197111323,2653329.2860774165],[4409682.697465925,2653226.0342259174],[4409832.93421013,2653262.7612414937],[4409831.958499677,2653015.3498962964],[4409972.047142895,2652954.7168874433],[4409968.160925603,2652878.563813162],[4409836.901644463,2652860.967566385],[4409903.123953306,2652781.1460313173],[4409667.512586866,2652665.4570892304],[4409859.390179647,2652399.982536852],[4410044.181783034,2652470.798901336],[4410222.346263616,2652423.0788749177],[4410118.264152592,2652250.2714784383],[4410331.004568891,2651904.9494118565],[4410443.37392587,2651884.382123941],[4410513.921487528,2651720.4397440115],[4410634.774334354,2651722.53162809],[4410639.28358662,2651663.340369961],[4410446.689801942,2651624.2782363687],[4410449.100194389,2651560.8465021867],[4410631.52095489,2651508.919322061],[4410466.621281956,2651307.9984676633],[4410656.528727571,2650849.5586279705],[4410785.531112668,2650850.335720636],[4410700.575514396,2650742.843138975],[4410881.3655023305,2650308.669467082],[4410775.269554653,2650107.4022621852],[4410753.719482213,2649495.8774296734],[4410814.973192024,2649457.4444979103],[4410711.172751353,2649075.09094893],[4410671.693052568,2648426.9644221296],[4410200.965723226,2647576.901097211],[4408217.422790067,2646103.452439705],[4407861.258943449,2645970.421921433],[4407202.198954213,2645971.7265538815],[4406427.315313756,2645658.142015243],[4406144.203918873,2644952.9571227627],[4405641.740660201,2644369.8794098333],[4405519.799327612,2643788.455198221],[4405565.752823403,2643042.047687286],[4405724.6197585985,2642492.814853967],[4405691.560036837,2642194.7104071463],[4405514.603752134,2641905.549177108],[4405103.581475659,2641521.103961663],[4404448.578735601,2640387.628655056],[4404060.081440784,2639990.459498503],[4404036.921139538,2639452.1028579897],[4403603.826331368,2638323.1021792083],[4403786.26867885,2636900.066108867],[4404414.799433096,2635102.448475038],[4404392.795403518,2634667.164673537],[4404128.464982976,2634336.7765039476],[4403321.266787119,2633950.3573683896],[4402219.298086113,2632796.3340413948],[4401715.217434476,2632502.921074791],[4401465.325660429,2632259.0639341096],[4399797.855401558,2628257.823579363],[4399590.051875476,2627991.041472563],[4399119.588955208,2627842.9156799633],[4398463.442360763,2628123.2371093174],[4398069.754195698,2628204.597738329],[4396943.430244192,2627988.425221423],[4395609.008099419,2628326.770060489],[4394723.618625721,2628665.262674546],[4393224.629584119,2628835.546091593],[4392075.075516715,2628577.0660959603],[4391362.777820901,2628527.517442207],[4389520.40675983,2627588.6670407234],[4387434.688249366,2627600.407542742],[4386425.292249185,2628471.562597608],[4385567.008184903,2628832.586529596],[4384969.767567819,2628837.147721021],[4384121.40697594,2628503.4274007413],[4382972.646528293,2628768.6563913017],[4382738.915359622,2628922.1542982934],[4382063.018396576,2629654.2561635603],[4381689.756419919,2630249.655872604],[4381349.957070578,2630390.1091400264],[4380733.264136939,2630448.8274295386],[4378925.448255107,2629791.1414859225],[4376814.433420158,2630110.6506444905],[4376633.190083512,2630261.5350863487],[4375956.542800384,2631216.115318482],[4375802.066644261,2631702.8139669048],[4375798.378305556,2632025.229828346],[4375960.343604395,2632338.7148784203],[4376489.3920616815,2632483.397588594],[4376965.792943484,2632860.2786551896],[4377583.83652997,2634430.1339263804],[4377665.074589341,2634946.8275856404],[4376944.521128109,2635402.505153224],[4375789.205559926,2635707.214948399],[4375070.796635026,2636433.7353247493],[4373543.396350408,2637334.896668384],[4373336.062130397,2637613.140147687],[4373120.626834774,2638641.430642407],[4372700.88511253,2638905.299664109],[4372264.064084078,2639069.367634451],[4371896.303076184,2639096.8982175807],[4371037.727693359,2638792.3509249846],[4370547.320674634,2638731.8930914663],[4370535.045624137,2639795.969085258],[4370444.097219514,2640078.6713131415],[4370335.347094604,2640128.749843197],[4370452.280809447,2640257.679468543],[4370512.8016509665,2640624.754881489],[4370390.159411072,2641715.978642212],[4370525.290360713,2641865.549602648],[4370410.848545981,2642232.1888794606],[4370522.335050132,2642302.9227810972],[4370522.4474096615,2642484.756427323],[4370421.5213459125,2642648.713145918],[4370356.19323007,2643315.2337268717],[4370518.673340913,2643420.7339055315],[4370514.292721856,2644186.2346800524],[4370352.056871428,2644333.2420714283],[4370390.86605348,2644859.501059491],[4370509.739258909,2645127.734149711],[4370508.850585525,2645701.505915592],[4370422.008660288,2645881.0315336315],[4370505.6053303145,2645952.938008086],[4370496.260815872,2649300.7754380098],[4370665.519317218,2649415.2999323676],[4370654.113097914,2650196.1489653336],[4370525.606989499,2650538.377956013],[4370635.409093485,2651109.2892882],[4370567.029768796,2652510.2119452455],[4370658.147888305,2653145.4320444358],[4370520.066398671,2654537.4265832766],[4370469.48331937,2654642.102015021],[4367147.047015381,2654628.024746713],[4367143.049539562,2655298.5692530964],[4366680.5231805965,2656027.073662305],[4366802.362609443,2656177.403704237],[4366960.500751973,2657045.160911345],[4366149.3197408635,2658536.7871621116],[4366115.183501315,2658903.764105562],[4367049.578607475,2659493.6188449534],[4367155.48362143,2659896.5776744825],[4367038.938593843,2660616.158956692],[4368127.951138731,2661232.3949655364],[4368716.002966093,2661168.513111748],[4369137.086297265,2661364.10232498],[4369389.505636165,2661813.1129059573],[4369347.767842324,2662275.31898907],[4369758.352466816,2662868.137559841],[4370403.580684286,2663537.306454353],[4370858.432964145,2664578.093350557],[4372622.845466228,2664554.7260930194],[4372628.851317087,2664461.678312311],[4375396.753313352,2664168.204524042],[4376161.39077977,2663689.506094511],[4376171.840630581,2664821.8809823804],[4375706.594511168,2665196.443239308],[4375018.829206017,2666219.147944902],[4375101.0769709395,2667016.8307931595],[4375885.61265746,2668113.969051718],[4376351.938152679,2668428.35735175],[4376246.609062428,2670387.569453691],[4375974.5776524665,2670387.416921721],[4375381.132464236,2669699.525238519],[4374905.987342915,2669389.73787455],[4374581.11918299,2671138.8358468325],[4375034.779888603,2671820.2705383794],[4375477.57003008,2673768.8643305073],[4375541.751621977,2674520.6269263467],[4375356.747359792,2675609.5650611734],[4375028.987162105,2676000.6977818916],[4374623.731851223,2676082.230661619],[4374596.046356283,2678566.416635605],[4375230.867887188,2678882.2693886263],[4375318.286081008,2679049.6866186075],[4375287.8146862555,2679181.7507607155],[4375501.136363039,2679505.701492104],[4375816.808716387,2680663.1619330817],[4375575.039062627,2681260.5873748115],[4376286.883867673,2682980.2239054847],[4376438.175407393,2683877.410486758],[4376674.8007362615,2684264.970431686],[4376965.805098739,2684488.8105974467],[4378842.887738398,2685446.0469984645],[4379852.465982296,2685752.817776005],[4381669.318748921,2685522.238095603],[4382591.44175813,2685951.21637743],[4383750.055192569,2687036.0409110347],[4384403.493464026,2688503.9510122356],[4384538.167151064,2688584.0454245694],[4384830.55343908,2688541.028318539],[4385096.64461746,2688809.575287286],[4386763.648842687,2689187.3039650875],[4387476.308421852,2689440.2959663277],[4388148.296618997,2689559.2438287297],[4389066.251435349,2689410.2468198147],[4390118.184233105,2688407.641106578],[4390768.857075575,2688304.576494802],[4391220.147928371,2688407.851227877],[4391658.818852592,2688614.7285702294],[4392388.215021515,2689263.9648701],[4393088.846180768,2689659.1426177337],[4395147.740892899,2689814.702426891],[4396406.2138199685,2690171.0110893445],[4397930.326670113,2690446.759604503],[4398180.586179737,2690422.7688758736],[4398809.395288825,2690086.049479266],[4399691.025334338,2689795.7963893097],[4401136.85653901,2690575.6762041184],[4401368.403686842,2690587.3112188056],[4402449.877024369,2690509.191199152],[4402674.153626511,2690415.1789140664],[4404449.584721111,2690220.7261788137],[4405880.146201465,2689544.3142526266],[4406606.141226847,2688938.072114911],[4407835.518236647,2688429.0486714896],[4410615.158764901,2687616.4198922934],[4412353.254097315,2686688.1862678947],[4413255.0686718775,2686496.9389389083],[4414188.531937942,2686404.0075433203],[4414986.577255127,2685773.9598965654],[4415865.546774741,2685547.500631322],[4417371.003555805,2684820.7999934577],[4417957.6077575665,2684773.631106777],[4418583.650614828,2684589.2359775165],[4418261.807591996,2683709.6962731057],[4417779.802555961,2683076.686406664],[4417828.38063374,2682873.5514392206],[4417330.027267952,2682226.6775718085],[4417347.182360168,2681655.91327384],[4417157.65586283,2681220.2164064595],[4417049.667549851,2680414.648361669],[4417112.986328915,2679774.6541329343],[4417916.748853589,2679578.918775925],[4421365.732440572,2680592.6199018275],[4423343.642606286,2680133.9047289053],[4424872.876132732,2679342.2857173914],[4426562.612224343,2679745.364684547],[4426879.644940447,2679885.475684204],[4426967.758370638,2680018.1877345806],[4427199.243260293,2679968.519362688],[4427718.88224499,2680023.2403414487],[4429265.820557186,2680472.7874876447],[4430277.370434895,2680658.963751738]]]}},{"type":"Feature","properties":{"flugjahr":"2019","gebiet":"Tirol","bemerkung":"2024 DSM und DTM Stand 2019 eingespielt"},"geometry":{"type":"Polygon","coordinates":[[[4356432.873010505,2719680.280622529],[4356704.287100904,2719631.069774135],[4356848.335143021,2719435.531112596],[4357430.314243155,2719363.8701941483],[4357550.019924554,2719237.3874496417],[4357576.0618667025,2719046.4181391313],[4357273.728520962,2718464.0930225844],[4356754.90019555,2718253.630239033],[4356937.029946594,2717647.972902007],[4356875.642681762,2717334.5876507717],[4356575.845037312,2717190.762621917],[4356398.621319084,2717009.048195578],[4355642.311857843,2715961.3795974487],[4355807.929743985,2715835.173061635],[4356741.997036993,2715640.7029830455],[4357976.334686675,2714485.474034246],[4360523.004443631,2713951.3464055653],[4361401.337520092,2714111.5278137317],[4363124.734046828,2714204.5941629657],[4363568.003035324,2714044.882959289],[4363699.990671198,2713833.6845948086],[4364000.547579151,2713824.9910041],[4364529.432358268,2715166.9063017326],[4364332.51661058,2715664.728721941],[4364435.764743821,2716084.931238125],[4364711.058242867,2716355.8899470894],[4365199.921010061,2716630.827935755],[4365555.852682018,2717143.1068772785],[4365770.581325526,2717694.4622346275],[4366019.583118375,2717828.8762550987],[4366549.206919687,2717630.1857027565],[4366871.346610604,2717401.7262889678],[4367504.221394406,2717527.004896339],[4367726.531279691,2717500.744120609],[4368217.810446839,2717154.55729707],[4368445.424842863,2716812.845002946],[4368886.342080871,2716656.8764652982],[4371968.917894275,2716686.173281203],[4372166.304344742,2716610.8468492897],[4372277.4406074,2716430.067161269],[4372404.884220974,2716429.193855811],[4372925.439226014,2716656.8725719107],[4373151.001795841,2716649.5408972837],[4373286.223613527,2716539.770294872],[4373401.541932051,2716276.734818434],[4373444.354562428,2716027.810372656],[4373333.322854461,2715830.99332855],[4373578.430877715,2715068.996134781],[4373730.801660448,2714992.3730343943],[4374103.068065278,2715046.794439691],[4374520.799634833,2714989.152406443],[4375090.098440393,2714604.1925642593],[4375253.924106758,2714401.3058689157],[4375557.171511476,2714351.5174379298],[4375978.057352102,2714490.383276796],[4376601.547993171,2714482.6028189003],[4377712.188591337,2714298.6109794592],[4378361.234527761,2713937.081960296],[4378833.679533189,2713174.4244040945],[4378918.719748113,2712643.271767692],[4378771.033170333,2712314.772236974],[4379321.023928708,2711954.216688136],[4379688.299536913,2711894.8388866163],[4379885.478216039,2712096.433599429],[4380109.469568014,2712190.818527071],[4380310.827979964,2712165.096010952],[4380865.612099414,2712564.8042791523],[4381597.115325245,2712458.8477929975],[4381833.992653614,2712524.281456192],[4381915.331784704,2712940.529433845],[4382176.635580125,2713155.1406664774],[4382623.487101478,2713148.468847686],[4383375.747915429,2713409.338499476],[4383931.744637442,2713371.339866083],[4384109.69155508,2713276.389965659],[4384445.615141641,2713386.417214385],[4384781.313095409,2713602.003987081],[4385230.848111295,2714110.388122605],[4385993.024713623,2714077.293600006],[4386274.262300894,2714249.8887056992],[4388052.394424191,2714447.4640654298],[4388239.034088295,2714398.4977779095],[4388372.658893858,2714216.2562434524],[4388561.744773774,2713459.3338112785],[4388779.677240452,2713253.181537345],[4389129.493224192,2712563.902728483],[4389388.696679016,2712306.8403335502],[4389778.784792053,2712453.149780357],[4390059.99298419,2712474.6558256615],[4390231.070083676,2712397.383290584],[4390520.491861963,2712032.6487040333],[4390449.919783401,2711713.4262939417],[4390485.979077015,2711483.851690826],[4390390.242383405,2711316.4624636094],[4390132.258663215,2711175.4072723566],[4389418.54472925,2710965.9211053406],[4388769.851039179,2710630.091687562],[4388286.462978631,2710545.7446302725],[4387926.912706035,2710310.5260538636],[4387238.056198984,2710045.0872106818],[4386950.893912541,2709735.6968207797],[4387036.374760292,2709168.3644494205],[4386881.48883371,2708638.9641139545],[4386881.568312521,2708344.4037158005],[4387095.11834866,2708122.045917237],[4387352.200601994,2708022.382284721],[4387648.695284837,2708031.4857997037],[4388463.028139781,2708440.3967635245],[4389640.639156984,2708714.8306975],[4390846.776709113,2708391.1788827386],[4391563.279242132,2708408.9307026933],[4391807.59366829,2708251.5228813374],[4392050.652130103,2707956.3251908226],[4392032.378900332,2707657.0764877815],[4391358.284887674,2706921.0729132933],[4391739.024325061,2706579.1312168264],[4392054.078006132,2706159.6161701544],[4391289.519474614,2705431.662392172],[4391339.426305697,2704238.9346685475],[4391143.513105369,2704003.1801573355],[4391447.48998541,2702830.761538816],[4392320.493804972,2702289.372477488],[4392574.469059046,2702040.125270519],[4392521.501844649,2701460.8273780365],[4392161.216167495,2700340.606331992],[4392173.123460192,2699468.1383476728],[4391898.03335443,2698824.274555637],[4392657.377897287,2697394.9422209766],[4392594.617946203,2696909.7976590428],[4392098.671327011,2696745.911976489],[4392021.799719346,2696264.377541659],[4391062.203337866,2696487.525526423],[4390253.65893177,2696118.6806223383],[4389950.959796994,2695422.5958683765],[4389424.440996143,2694729.7736206213],[4387150.45708151,2693787.3823159924],[4386277.571654824,2693592.7432626714],[4385385.408909064,2693190.761227906],[4384649.767374609,2692634.3652702384],[4384183.135363204,2691945.270242985],[4384101.896455951,2691358.5683178767],[4384557.671789706,2690740.972721512],[4385449.553222427,2690511.2079017987],[4385824.957857478,2688976.970358907],[4385096.64461746,2688809.575287286],[4384830.55343908,2688541.028318539],[4384538.167151064,2688584.0454245694],[4384403.493464026,2688503.9510122356],[4383750.055192569,2687036.0409110347],[4382591.44175813,2685951.21637743],[4381669.318748921,2685522.238095603],[4379852.465982296,2685752.817776005],[4378842.887738398,2685446.0469984645],[4376965.805098739,2684488.8105974467],[4376674.8007362615,2684264.970431686],[4376438.175407393,2683877.410486758],[4376286.883867673,2682980.2239054847],[4375575.039062627,2681260.5873748115],[4375815.38047177,2680649.213035856],[4375501.136363039,2679505.701492104],[4375287.8146862555,2679181.7507607155],[4375318.286081008,2679049.6866186075],[4375223.732214732,2678875.5332189417],[4372573.185459203,2677549.0846490553],[4371605.114110925,2676908.9229431176],[4369937.129801844,2676101.4477936784],[4369380.322851517,2675613.4244848425],[4369079.640431085,2675002.833191898],[4367828.671822269,2674486.0352357845],[4366403.9591473,2673729.279529464],[4365418.622582413,2673422.717304133],[4365198.620580628,2672931.175057643],[4364436.3380974345,2671730.0497716903],[4362095.574831496,2670575.756773201],[4361415.845131554,2670461.6002327157],[4360366.267002042,2670473.315203912],[4359578.363931031,2670117.1678435914],[4358913.179426824,2669927.741246768],[4358728.351324031,2669282.957568466],[4358279.719818795,2668426.4623067444],[4357564.388008008,2668393.3468514327],[4357105.380931311,2668724.174937562],[4355311.560403037,2669267.659036468],[4354627.977151848,2668957.773604011],[4353955.977642444,2669046.9722696673],[4353566.3978076745,2669376.6410095883],[4353280.791738525,2669996.2859670394],[4352170.713933377,2671005.417492397],[4351616.684880689,2671049.3254969576],[4351437.688880376,2670970.50605172],[4349813.473805837,2671281.776459178],[4347785.931021836,2671077.258793509],[4347499.391897043,2670988.4256665045],[4346483.559510239,2671005.3601612058],[4345084.5722658625,2670454.154866435],[4344118.144972914,2670289.0963398027],[4343382.507552057,2670256.2136467304],[4342116.584051369,2669800.717065495],[4340508.949298262,2668570.0083483863],[4339424.093860225,2668007.5114195943],[4338482.210327352,2668047.5283587174],[4337715.574666933,2668189.5516168466],[4337322.850512692,2668482.9326838125],[4337930.653379192,2669310.895983433],[4338052.15590337,2671057.848474998],[4337979.985104272,2671210.6186593263],[4337712.801792327,2671403.499557263],[4337522.790502575,2671428.4685141738],[4337292.131385214,2671734.570587227],[4336976.677659113,2671886.458619182],[4336936.445830463,2672230.4856605553],[4337070.88466111,2672410.6247375202],[4337076.481361579,2672840.557093759],[4337228.687042973,2673040.1445496236],[4337223.323487395,2673185.0449640066],[4336785.553970757,2673534.672633295],[4336676.892660235,2673720.4266451304],[4336669.959579492,2674083.0070598037],[4336343.407969221,2674382.1204329017],[4336270.8464715285,2674999.9518402126],[4336134.144056965,2675402.9435886918],[4336142.438478242,2675518.98993594],[4336413.341558911,2675676.505594819],[4337318.937220618,2676704.806812958],[4337391.884809031,2676995.969936583],[4337305.612647188,2677438.770939469],[4337400.725779558,2678184.856658444],[4337209.060351799,2678597.5971836327],[4337314.350229858,2679032.420656745],[4337154.202258191,2679205.86520229],[4337124.521067969,2679560.6964112646],[4336873.521370683,2680018.9692826136],[4336626.689643476,2680141.9670605636],[4336316.139703561,2680154.0697090076],[4336184.3220878495,2680354.4055898497],[4336435.559054604,2680553.650173659],[4336536.8205493735,2680805.9255549833],[4336772.668187946,2681007.3816588214],[4337042.557198645,2681420.2804886466],[4337580.244875181,2681382.2763898727],[4338067.897208938,2681695.977408862],[4338135.533492842,2681884.0752421077],[4337993.7825793065,2682346.61545574],[4337702.800353099,2682554.5357517847],[4337229.021416762,2682635.4058943763],[4336631.46297099,2682855.640609852],[4336003.725267421,2682877.301196823],[4335608.077488723,2683271.1833941536],[4335416.736118431,2683254.8508007964],[4335258.543203344,2683372.3467814834],[4334902.182659645,2683374.2408934897],[4334471.770062184,2683516.1577201695],[4334706.093788978,2684075.7147062635],[4334658.708877548,2684203.9671007106],[4334377.294572206,2684280.5731787737],[4334358.726721684,2684347.918306236],[4335104.081044603,2684640.7732386338],[4335535.067839778,2684654.347117381],[4335650.917261388,2684804.856562272],[4336235.852778148,2685133.0796792083],[4336769.864281148,2684958.799231047],[4337919.494827545,2685009.6319197235],[4338609.51061451,2684501.414483778],[4338808.95292906,2684587.9181208587],[4339094.680306794,2685147.028229945],[4339410.424025325,2685467.2594907936],[4339619.535766581,2685534.268939388],[4339824.360137939,2685455.4278338873],[4340456.047089835,2685633.388313077],[4340581.520611217,2685872.89322274],[4340830.115821965,2686027.3000191883],[4340852.813978496,2686225.4390055253],[4340988.693082335,2686362.32481305],[4342177.353972559,2686382.9767281795],[4342431.865425026,2686727.129879692],[4342836.507631567,2686961.488822656],[4342961.360855842,2687375.321514104],[4343242.9949982865,2687681.2806820073],[4343455.852169202,2687709.064008898],[4343715.015445001,2687619.8338422645],[4344655.668553774,2688387.683464592],[4344898.484528727,2688475.187370044],[4345382.78573304,2688433.5414778898],[4345840.64779957,2688239.7884708396],[4346412.9330844255,2688787.8222558284],[4346565.715859862,2689235.415580477],[4346961.479720069,2689382.407592809],[4346830.804983867,2689614.651232592],[4346877.949288081,2689980.549287733],[4347663.1284140535,2691218.814571764],[4347752.159744868,2691738.471857421],[4348376.885931777,2692266.198907542],[4348638.013669409,2692636.139812671],[4348850.944032301,2692738.9812574],[4349330.235235105,2693496.5702640587],[4349589.173731639,2693581.853663419],[4349924.781192459,2693929.5270368163],[4349857.471749586,2694357.075941232],[4350100.903698588,2694976.137768818],[4350094.359270882,2695273.352390892],[4350502.205700466,2695942.2051623324],[4350790.958839154,2696203.0865837517],[4351094.844107058,2696341.0472953594],[4351610.370760931,2696339.641989821],[4352109.332780665,2696476.6088805683],[4352329.097942873,2696693.284004614],[4352451.282635417,2697017.7729988624],[4352598.1863274025,2697148.40041503],[4353332.415405774,2697102.5403267588],[4353128.285587988,2697597.648827764],[4353233.644887118,2698274.228884785],[4353391.231532391,2698534.748375901],[4353267.551420357,2698862.8902713507],[4353355.059176452,2699088.4260409107],[4353671.6428307,2699341.4352370566],[4353601.040644416,2699703.8932131818],[4353773.0057928655,2700142.9053152204],[4353967.765829238,2700349.9821449583],[4354588.96519241,2700502.6588514484],[4355120.8675105525,2700888.8379245824],[4355155.502028334,2701301.078578549],[4355442.416315219,2701918.96981931],[4356493.466759931,2702435.6778890053],[4356330.556435248,2703086.2662340477],[4356358.507109724,2703286.6336666592],[4356215.652270213,2703458.0645942334],[4356173.719411131,2703850.9447645564],[4355981.193594601,2704085.143857496],[4355858.109114613,2704448.483461544],[4355993.627290972,2705098.0851097456],[4355818.591934274,2705724.771448168],[4356077.723963777,2706275.0145797287],[4355905.451491163,2706706.291013356],[4355932.3997009825,2707088.083832508],[4355674.003171559,2707467.7069778545],[4355321.428025775,2707521.0216864403],[4355020.921518431,2707763.8098866115],[4354520.953543424,2707618.3238660344],[4354146.626460928,2707799.5527496063],[4353926.112168303,2708085.336466632],[4353912.280178135,2708351.4156654617],[4353708.8740064455,2708596.300377108],[4353221.26255804,2710051.639801126],[4353254.788418411,2710260.1797001176],[4353529.083237479,2710575.1082019056],[4353602.622224432,2710887.075745406],[4353928.186029693,2711344.2547716442],[4354008.776799366,2711743.9311149884],[4353767.425327515,2712367.233948864],[4354795.074798678,2715540.1090467665],[4354622.792083244,2715756.869991762],[4354281.77192126,2716885.2360160775],[4353697.771016021,2716949.6071794266],[4353386.69114674,2717224.9939433155],[4353233.432486115,2717605.62606365],[4353237.454862806,2717848.4462629757],[4352998.686711548,2718351.930625325],[4353083.274718225,2718525.182149312],[4353305.136167549,2718643.6235862887],[4353305.410680128,2718852.4340782943],[4353497.02219983,2719164.832668396],[4353774.581682204,2719325.4858941096],[4354828.455086377,2719341.09799044],[4355282.665170629,2719190.6426841184],[4355675.971390561,2719506.4987037005],[4356432.873010505,2719680.280622529]]]}},{"type":"Feature","properties":{"flugjahr":"2013","gebiet":"Salzburg"},"geometry":{"type":"Polygon","coordinates":[[[4606075.388675816,2660468.1063009663],[4606026.5196299525,2660477.0640008654],[4606029.875217415,2660567.089941628],[4606075.388675816,2660468.1063009663]]]}},{"type":"Feature","properties":{"flugjahr":"2013","gebiet":"Salzburg"},"geometry":{"type":"Polygon","coordinates":[[[4605660.982411405,2660192.58808306],[4605459.269560748,2660019.5443166737],[4604866.855573215,2659930.9307383224],[4604690.005738374,2660069.958614489],[4604190.520224968,2660112.022052025],[4603530.147171714,2660399.7153614527],[4602969.594340105,2660533.8703227006],[4602872.207105779,2660741.207436005],[4602593.117828211,2660962.3745740824],[4602508.174207722,2661289.3845585193],[4601949.617742907,2661639.0671595144],[4601766.538401269,2662089.5592988506],[4601828.053071606,2662198.2170449547],[4601681.233362421,2662323.9072725656],[4601735.268408413,2662502.8071567453],[4601590.192656563,2662600.95408448],[4601831.291196916,2662504.3458154183],[4601767.792997552,2662357.3711138265],[4601959.29990774,2662198.312522339],[4601834.872877253,2662057.6743335063],[4601978.542080889,2661712.7244307315],[4602319.148444001,2661577.932836437],[4602602.479730566,2661305.827128209],[4602639.768135548,2661025.713964426],[4602948.944671909,2660762.0311106443],[4603051.798463941,2660575.410174556],[4603606.0253657475,2660451.4902534727],[4604254.091399946,2660162.6262351414],[4604738.130248387,2660130.0805668305],[4604934.880211049,2660002.283358278],[4605144.898785823,2659984.5134614618],[4605564.089121155,2660211.1228651237],[4605660.982411405,2660192.58808306]]]}},{"type":"Feature","properties":{"flugjahr":"2013","gebiet":"Salzburg"},"geometry":{"type":"Polygon","coordinates":[[[4601603.507292898,2663265.15654015],[4601296.143357978,2664318.0294916034],[4601860.5436275825,2664846.4692304423],[4601865.705084335,2665031.976360426],[4601753.196566536,2665079.816681155],[4601639.327491082,2665361.396873314],[4600760.764754944,2665352.5155228567],[4599911.162595599,2665186.1215158333],[4599803.056345997,2665335.624867937],[4599512.700887513,2665207.7846366465],[4599113.078896544,2665357.3257167083],[4598898.622073055,2665210.8646866577],[4598438.069307902,2665137.0794024565],[4598302.767452962,2665236.4304584702],[4598903.460688051,2665284.0374869984],[4599139.325295229,2665497.0867558517],[4599275.832468876,2665350.8582632113],[4599564.971692136,2665297.157114517],[4599785.30777361,2665428.7318277834],[4599951.719373783,2665280.403533756],[4600296.870321622,2665369.0173559836],[4600421.068517215,2665528.1648212182],[4600516.377284423,2665381.5476276446],[4600788.559638888,2665431.3096332652],[4600917.369568692,2665547.216069646],[4600981.717176518,2665395.565778546],[4601754.895938043,2665479.3328015553],[4601781.902767093,2665169.3712440794],[4601939.626448176,2665076.3720272603],[4601950.769327673,2664775.3381446013],[4601378.754897934,2664266.3438428496],[4601607.648492296,2663575.153388477],[4601603.507292898,2663265.15654015]]]}},{"type":"Feature","properties":{"flugjahr":"2013","gebiet":"Salzburg"},"geometry":{"type":"Polygon","coordinates":[[[4598068.529281278,2665403.1809090134],[4597971.12282656,2665416.1870076293],[4597414.991531113,2666890.222449845],[4595960.421740832,2667185.894646023],[4596284.047075764,2667201.647856512],[4597460.3339131335,2666975.689355182],[4598068.529281278,2665403.1809090134]]]}},{"type":"Feature","properties":{"flugjahr":"2021","gebiet":"Salzburg","bemerkung":"2022 eingef\u00fcgt"},"geometry":{"type":"Polygon","coordinates":[[[4593458.922990921,2686344.9933529124],[4593131.612151639,2693833.3931615516],[4593372.185920583,2693844.8405870507],[4593416.61912688,2693552.302977376],[4593239.468635846,2693274.297573161],[4593486.779106371,2693054.637722275],[4593535.256358731,2692856.8026574715],[4594026.039113521,2692220.4579424374],[4595114.492756431,2692231.6366808144],[4595261.458640412,2691806.2606225],[4595872.257684072,2691258.6813612],[4596256.59443635,2691259.1384767285],[4596401.15541744,2691354.2635340095],[4596631.959393511,2691312.0204081195],[4597360.57840331,2691629.385334106],[4597539.374039572,2691620.7330703735],[4597701.846917922,2691464.3754854635],[4598142.054773283,2691287.8517417377],[4598714.727588503,2691172.3333729138],[4599140.837460753,2691484.735147747],[4599760.225315392,2690891.1957445517],[4600322.32861539,2690788.1216751933],[4600784.244316822,2690496.628301339],[4600841.562177579,2689958.53407878],[4601272.357838614,2690052.0851779426],[4601693.25205065,2689936.6941065905],[4601989.93145778,2689951.4374633348],[4601980.5542754205,2690471.5523966984],[4602087.595711287,2691127.844376988],[4602200.307232866,2691338.466687398],[4602479.60127789,2691552.203143056],[4602504.486438158,2691778.679314021],[4602921.089441585,2692078.9301220262],[4603259.248771101,2691958.5268322905],[4603951.422514471,2692140.2150998046],[4604641.928224571,2692118.2035358427],[4604939.112948978,2691924.6006328342],[4605677.129893511,2690900.7825003676],[4606249.846655145,2691346.6773525826],[4606708.481610969,2691550.9907027874],[4606917.012233865,2691811.9064621385],[4607360.888517101,2691964.223051038],[4607858.558608311,2692660.311271667],[4607663.881806755,2692928.2974032424],[4607698.435446748,2693516.4797573257],[4608338.446949665,2693372.885384271],[4608706.864355946,2693670.3286900674],[4608683.555602375,2693836.0385100152],[4608824.5632482525,2693982.8105667615],[4609795.215151341,2694424.389225663],[4610445.860883259,2694100.4434380624],[4610285.652363264,2693752.2502345624],[4610347.356127831,2693409.252336094],[4610638.291416935,2692973.6798736285],[4610382.549547606,2692433.9735293575],[4610695.07297463,2692002.408332083],[4610395.285529776,2691857.7493710173],[4610280.196587841,2691527.1569684222],[4610456.993026887,2691206.6599338665],[4611192.919078605,2690892.150398406],[4611595.35050885,2690824.1162133943],[4611746.412806618,2690677.372443073],[4612071.901462835,2690633.776985175],[4612625.6607676055,2690197.1160509028],[4613450.73121232,2689924.907862055],[4613605.938734603,2689714.147177732],[4613929.574179439,2688949.4764305055],[4613969.113557346,2688463.8100184966],[4613771.446002809,2688144.2436730755],[4613387.0404353235,2687877.768649347],[4613269.383798867,2687625.2498272825],[4612802.857831209,2687453.2220018087],[4612673.137697592,2687149.797370591],[4612939.304358479,2686766.6031856854],[4613200.929938077,2686752.3496677307],[4613544.514449045,2686456.909073971],[4613829.996624187,2686138.8794627343],[4613970.165214258,2685650.4704130543],[4614572.72281473,2685340.6787279947],[4614736.252597661,2685026.800832283],[4615255.436875506,2684478.1327186297],[4616883.004942364,2683495.0556778214],[4616757.500453136,2683075.4788390845],[4616468.998514155,2683006.883121509],[4616419.9538574945,2682544.066368481],[4616280.060484895,2682422.497980557],[4616604.395906068,2682149.050483849],[4616666.876385015,2682274.359943128],[4616839.012637747,2682354.2151327166],[4617275.655398702,2682328.048506811],[4617358.218670083,2682518.3372465842],[4617683.024411961,2682028.9005043805],[4617903.538415286,2681872.695623705],[4617967.2722779075,2681440.276820554],[4618075.994071709,2681288.9076040117],[4618062.51892199,2680848.658195734],[4618220.648657788,2681019.4077378456],[4618495.964118032,2681038.9335370823],[4619100.072967757,2680816.0099065807],[4619488.656847913,2680831.908414093],[4620019.666359363,2680528.4143908788],[4620132.730552569,2680577.324127233],[4620493.514826922,2680468.8443201794],[4621420.019472377,2679817.171411155],[4622028.128634603,2678862.1086668856],[4622767.159600833,2678433.755428329],[4623474.9652416995,2678258.6382141723],[4624035.208153384,2678008.8847667957],[4624084.401225606,2677704.48036863],[4623939.146779423,2677578.0019623493],[4623921.824408047,2677404.670170918],[4624282.622967587,2676978.760091318],[4624052.024609287,2676557.5337381717],[4623713.711913907,2676356.535474125],[4623631.8596687615,2676137.921004233],[4623325.5882590525,2676031.28963245],[4622504.116650071,2676206.2235164815],[4622012.161962479,2676069.0434724214],[4621566.186856114,2675798.8898525434],[4621348.539565591,2675818.8845065213],[4621077.946142766,2675954.642316589],[4620905.051423241,2676231.408233785],[4620656.989859292,2676399.040845237],[4620531.953648979,2676738.21135312],[4620247.170190317,2677154.734542288],[4619946.77780648,2677123.5599789126],[4619340.71283768,2676680.0819244063],[4619089.462000579,2676335.670278994],[4618722.468381295,2676214.3513979805],[4618647.405166208,2676254.6516401954],[4618262.263467826,2675928.9340556767],[4618089.895649467,2675622.5122335902],[4617740.008291386,2675619.8153353343],[4617258.616297662,2674810.9656263944],[4616945.14394349,2674446.4971562307],[4616815.505700591,2674530.007342448],[4616515.5325431125,2674479.8333720556],[4616153.844439364,2673969.9530934244],[4615836.51640148,2673921.319952328],[4615713.896470516,2673760.0111259986],[4615871.694036307,2673426.7140248544],[4615551.580962867,2672899.4868070995],[4615487.883764702,2672571.503354612],[4615537.988807666,2672295.4852578947],[4616171.61566464,2671960.903415009],[4616465.994973318,2671267.7321003126],[4616795.432750902,2670975.5376690472],[4617528.074904559,2669975.1765627475],[4617857.456268676,2669683.5633159997],[4617668.741687713,2669136.834452551],[4617676.147885924,2668878.360094485],[4617479.815538447,2668678.801923276],[4617444.050907406,2668460.752040826],[4617147.976147055,2668073.9273589584],[4616783.467649442,2667892.028017774],[4616550.251038694,2667041.861514992],[4616310.841075871,2666727.4596354743],[4616189.418786072,2666128.368891626],[4615803.447715304,2665369.3777528056],[4615447.565070012,2665064.881097303],[4614882.250222547,2663883.4736510594],[4614984.13981961,2663458.403159979],[4614887.414695379,2662816.2778217667],[4615003.093941953,2662302.0930775353],[4614933.573812757,2661917.3058255673],[4614976.053980913,2661669.857344632],[4615067.157470976,2661592.0757081243],[4615076.043659408,2661276.9767156267],[4614708.247180088,2661113.378299642],[4614522.954080735,2660814.7203474008],[4613617.545201055,2660403.311612185],[4613464.930006857,2660130.85019695],[4613604.838091508,2659894.659006308],[4613499.211495851,2659825.5078209788],[4613445.67495089,2659390.2509263195],[4612753.173453062,2658669.497119326],[4612750.961321538,2657737.160310072],[4612438.735202825,2657299.4050793923],[4612066.321267442,2657020.11920787],[4611670.342622821,2656855.8204769115],[4611386.153803337,2656143.0077104056],[4611059.040545432,2655976.703208849],[4610517.141905083,2656021.014494328],[4610284.087520699,2655914.01629429],[4609893.228921214,2655542.2265719105],[4609727.653068978,2655270.4436101466],[4609265.102181398,2655144.2839104543],[4608798.879531849,2655230.2639495526],[4608514.188073076,2655614.490890227],[4608561.806527969,2655712.28919404],[4608400.356708372,2656105.1969800955],[4608579.527389434,2656327.710452432],[4608522.492516547,2656678.985963274],[4608158.325832748,2657082.2396291476],[4608309.522539644,2657873.5675398954],[4608065.3602058245,2658796.1175149214],[4607695.404824342,2659164.6887389417],[4607041.622897308,2659315.6279051495],[4606985.639197788,2660058.125883539],[4606663.239577659,2660279.0467988523],[4606113.883761476,2660384.386226625],[4606029.875217415,2660567.089941628],[4606023.01935165,2660383.1599965994],[4605815.656032808,2660247.8221424054],[4605564.089121155,2660211.1228651237],[4605134.754046697,2659983.043718176],[4604873.812785183,2660023.0693959277],[4604694.1627751095,2660142.8186328267],[4604254.091399946,2660162.6262351414],[4603606.0253657475,2660451.4902534727],[4602972.185057551,2660628.074662616],[4602948.944671909,2660762.0311106443],[4602639.768135548,2661025.713964426],[4602602.479730566,2661305.827128209],[4602319.148444001,2661577.932836437],[4601974.047707755,2661719.140948906],[4601834.872877253,2662057.6743335063],[4601959.29990774,2662198.312522339],[4601767.792997552,2662357.3711138265],[4601831.291196916,2662504.3458154183],[4601436.7061700225,2662662.45649676],[4601647.022485356,2663326.5924277743],[4601378.754897934,2664266.3438428496],[4601950.769327673,2664775.3381446013],[4601939.626448176,2665076.3720272603],[4601781.902767093,2665169.3712440794],[4601754.895938043,2665479.3328015553],[4600981.717176518,2665395.565778546],[4600917.369568692,2665547.216069646],[4600788.559638888,2665431.3096332652],[4600516.377284423,2665381.5476276446],[4600421.068517215,2665528.1648212182],[4600296.870321622,2665369.0173559836],[4599951.719373783,2665280.403533756],[4599785.30777361,2665428.7318277834],[4599564.971692136,2665297.157114517],[4599275.832468876,2665350.8582632113],[4599139.325295229,2665497.0867558517],[4598903.460688051,2665284.0374869984],[4598343.995352495,2665221.086082064],[4597986.411304255,2665513.128997326],[4597460.3339131335,2666975.689355182],[4596284.047075764,2667201.647856512],[4596002.899087577,2667203.8917655116],[4595524.190863839,2666908.8899225225],[4594674.269449218,2666628.8014534162],[4594053.674204353,2666599.7939449362],[4593197.6164671155,2666219.821244673],[4592863.330781377,2666270.0858903006],[4591402.489220056,2666642.870677002],[4591040.600280606,2666922.170249978],[4590627.000410985,2666958.6086214576],[4589632.976207887,2667458.795776922],[4589367.611518571,2667415.058054095],[4588677.822688038,2667703.2218328826],[4588563.649209615,2667825.0785953356],[4587883.227544339,2667869.6959631843],[4587717.881737738,2668004.567552083],[4587165.258915488,2667945.3857318424],[4587036.988625106,2668006.8985421252],[4587004.344252303,2668149.2302312194],[4586804.835358697,2668214.8163612154],[4586013.688806406,2668302.3556683073],[4584718.323674897,2668690.350187711],[4583954.827208975,2668788.6634022607],[4583665.508437255,2668951.7117985375],[4582361.830410433,2668607.3815879216],[4581397.860236308,2668890.4897301635],[4580777.341247367,2668545.0231213802],[4580275.918454743,2667791.276154288],[4580022.289694677,2667613.997214212],[4579854.623850383,2667518.467672226],[4579355.882853838,2667565.188496261],[4578300.193839827,2668215.915002397],[4577787.279851806,2668743.7322188974],[4577682.414069933,2669122.5331713925],[4577634.391681171,2670002.1298034834],[4577504.097792943,2670116.748050949],[4576752.906780271,2670342.7261571083],[4576378.413120218,2670616.886993632],[4575176.678984093,2670222.7141559264],[4574976.300569782,2670269.618712707],[4574632.619619727,2670188.3884552587],[4574243.678602026,2670810.6085079806],[4573972.682431113,2670890.464379074],[4573279.580518394,2670517.0364612862],[4573076.6368243955,2670253.7371054944],[4572317.05108961,2669957.3674169583],[4572149.363083438,2669804.7237910284],[4572046.539615064,2669819.10709232],[4571752.496949653,2670198.126344135],[4571079.468390102,2670606.125636655],[4569731.8308958765,2670629.5394181684],[4568457.035227013,2669923.782411663],[4567597.875114814,2669659.0124076856],[4567248.492575588,2669192.018766103],[4567085.585591059,2668423.2052602875],[4566782.194147791,2667958.284223664],[4566611.147597496,2667353.220322443],[4566739.709499988,2667023.7880109544],[4567138.922229329,2666691.5115719135],[4567343.034951679,2665477.939842382],[4565323.553574732,2664799.803904702],[4564536.574541808,2664741.417480211],[4563986.934576425,2664570.6271030796],[4563489.684506754,2664554.283415106],[4563086.302000081,2664660.2310405113],[4562369.476318103,2664347.879112237],[4561866.149695945,2664332.8516668784],[4561297.436015941,2677392.9278118555],[4573793.08249065,2677955.0540514416],[4573684.281420418,2680450.8411386735],[4576183.176267979,2680563.449786246],[4575965.45010031,2685555.1129797176],[4593458.922990921,2686344.9933529124]]]}},{"type":"Feature","properties":{"flugjahr":"2021","gebiet":"Ober\u00f6sterreich","bemerkung":"2022 eingef\u00fcgt"},"geometry":{"type":"Polygon","coordinates":[[[4585446.521276778,2746398.5103561925],[4586011.974030927,2746615.695619297],[4586109.155576969,2747166.8684957228],[4586227.646795391,2747316.8497082046],[4585633.550017979,2748336.5981394374],[4585449.930876622,2748516.7589084688],[4585286.444650202,2748483.2654463835],[4585455.869468072,2748863.495889806],[4585373.111886981,2748943.693530793],[4584831.736915293,2748948.3892957857],[4584447.974282225,2748752.331769701],[4584076.597336355,2748840.184617845],[4583941.081246127,2748636.1615788443],[4583952.311835151,2748334.313388486],[4583815.24305717,2748114.7627388956],[4583545.452707794,2747977.8816662757],[4583208.2886713855,2747937.3883151943],[4582908.199604742,2748231.1722326106],[4582729.115162838,2748148.4165437906],[4582561.194844282,2747900.634859889],[4582232.876375009,2748065.6441957126],[4582119.091851447,2748257.7327675093],[4582027.648952369,2749004.49256194],[4581896.452746844,2749118.558044925],[4581921.936752773,2749261.3743436174],[4581848.21913667,2749285.1263904744],[4581645.511906516,2749120.5063505564],[4580757.822578441,2749465.010239525],[4580600.148609318,2749316.838128352],[4580424.5599340275,2749424.5269038766],[4579879.456788046,2749297.093195645],[4579574.43062816,2749433.496518122],[4579238.153646454,2749198.1920896713],[4578899.53291673,2749203.9657978574],[4578216.2368517835,2748899.2986430833],[4578116.809082683,2748915.475177467],[4578102.262012141,2749000.8862055074],[4577628.817017346,2748997.4414817896],[4577428.770191152,2748792.157167604],[4576298.3609899795,2748633.073310405],[4576159.150514024,2748735.9510320416],[4575901.086675042,2748762.2437830744],[4575652.34087225,2748615.3962406274],[4575475.352142674,2748341.751649797],[4575378.923889321,2748333.5939627066],[4575385.465973712,2748221.072470041],[4574980.368988364,2748116.891183623],[4574819.174519147,2748273.029963297],[4574819.81850406,2748394.054512796],[4573868.5384270605,2748680.2862702818],[4573780.99422928,2748796.349415762],[4573398.334160819,2748946.2341138204],[4573155.627341735,2749290.0580572975],[4572033.243735748,2749725.2145725535],[4571793.519482685,2750156.664287109],[4571593.22442705,2750037.8131256085],[4571440.849191427,2750076.4949295064],[4571245.279681643,2750001.6640654607],[4571041.298401463,2750070.7760476004],[4570411.039164679,2749946.909937392],[4569118.255443073,2749914.9681937033],[4568882.9927649805,2750855.0786286546],[4568762.0448940825,2750885.409004731],[4568554.652190427,2750791.9320392855],[4568437.043323078,2750964.9790746593],[4567911.853457271,2751125.3417502246],[4567686.1190135125,2751177.485870091],[4567378.858356704,2751121.5233993777],[4567352.591262655,2751602.681543319],[4567098.662196236,2751786.6104535996],[4567109.02946177,2752314.925274814],[4567231.866001948,2752381.2663310207],[4567175.516984746,2753128.3176489067],[4566880.384306543,2753076.7261152463],[4566856.445111917,2753308.196309182],[4566887.510895184,2753515.5121260732],[4567206.555956258,2753615.500768238],[4567404.646918859,2753807.143955522],[4567382.068130929,2754166.1875238484],[4567121.026801976,2754303.731353169],[4567056.895757335,2754576.839601959],[4567396.551585236,2754688.7277227077],[4567676.830963202,2754656.63268984],[4567665.367760566,2754763.3253002358],[4567394.96529349,2755300.1045695012],[4567459.125634395,2755521.275468761],[4567112.05967896,2755865.542323142],[4567084.614841716,2756091.8275145153],[4566779.9516224675,2756329.840414781],[4566805.2813718105,2756481.5627031107],[4566476.107050747,2756641.3649173593],[4566335.173981391,2756847.673227052],[4566093.213171687,2756923.7488794187],[4566115.321870674,2757619.226758529],[4565721.523259155,2757942.0152197387],[4565591.77419914,2758502.061549632],[4565926.576890216,2758820.0752037745],[4566169.86725153,2758783.6663961112],[4566349.352037173,2758959.258458889],[4566391.902760821,2759181.503564546],[4566291.232872221,2759555.4531526063],[4566351.65227967,2760005.1305131936],[4566205.59923288,2760252.640094162],[4566384.9459767565,2760596.0477175135],[4566331.323934047,2760867.607978026],[4566399.836181516,2761082.665812721],[4566008.723865091,2761764.4417526443],[4566359.00608856,2761964.375751961],[4566396.806357682,2762094.9460199145],[4566287.0170941595,2762383.9389608423],[4566550.697018993,2762634.0922688623],[4566462.399950392,2763035.024801117],[4566178.487903247,2763579.460252947],[4566254.34441985,2763655.0735571366],[4585025.311055282,2764503.9392233044],[4584893.356132739,2767499.8947024737],[4609899.452280053,2768653.1306474796],[4610862.052800245,2746640.702467962],[4579238.8254033625,2745202.219965386],[4579361.57234803,2745841.599839661],[4580189.715398084,2746541.130975203],[4580710.640067252,2747478.752111865],[4581213.737888922,2747443.6224408695],[4581710.602430925,2747093.454469667],[4582185.93330587,2747041.0621019267],[4582324.262700219,2747111.0309046786],[4583273.848336671,2746685.5403393167],[4583405.429978358,2746490.8173875804],[4583776.135446622,2746315.956217833],[4583985.887748868,2746259.637471644],[4584242.420528832,2746310.310353069],[4584523.81714389,2746085.8161030835],[4585174.488944305,2746374.217304538],[4585446.521276778,2746398.5103561925]]]}},{"type":"Feature","properties":{"flugjahr":"2015","gebiet":"K\u00e4rnten","bemerkung":"2022 DTM-Daten neu eingef\u00fcgt (Datenfehler im Altbestand von 2015)"},"geometry":{"type":"Polygon","coordinates":[[[4678428.269900173,2632702.1702218615],[4678864.608263978,2622719.705663995],[4661374.822292642,2621915.883158569],[4661583.318973567,2616928.296445772],[4654093.48587574,2616581.1572275856],[4654419.694974061,2609094.4937900426],[4646922.192274979,2608751.593396098],[4646596.27990918,2616238.212826536],[4611606.733058749,2614645.5022802493],[4611172.825386973,2624627.760985838],[4631166.689777072,2625536.4225925156],[4630731.83555901,2635519.219236651],[4640728.001547116,2635975.014576383],[4640945.669168705,2630983.5835866584],[4650941.519993564,2631440.483614035],[4650505.746614778,2641423.4318635724],[4655503.424566404,2641652.239841005],[4655285.289849978,2646643.8189672143],[4660282.7223601425,2646872.910619106],[4660500.977878907,2641881.3142711474],[4665498.400836486,2642110.6264189556],[4665934.30171929,2632135.636020826],[4678428.269900173,2632702.1702218615]]]}},{"type":"Feature","properties":{"flugjahr":"2013","gebiet":"Salzburg"},"geometry":{"type":"Polygon","coordinates":[[[4608237.057344042,2657572.2286229017],[4608242.96961235,2657869.4847879275],[4607973.415061032,2658783.652528249],[4607671.075671727,2659099.324657852],[4607312.785323322,2659212.478393706],[4607107.322479899,2659197.2813988533],[4606960.754516197,2659317.095590749],[4606936.49095261,2659974.7564935507],[4606537.548022623,2660286.9914497966],[4606663.239577659,2660279.0467988523],[4606985.639197788,2660058.125883539],[4607041.622897308,2659315.6279051495],[4607695.404824342,2659164.6887389417],[4608065.3602058245,2658796.1175149214],[4608309.522539644,2657873.5675398954],[4608237.057344042,2657572.2286229017]]]}},{"type":"Feature","properties":{"flugjahr":"2022","gebiet":"Tirol","bemerkung":"2024 DSM und DTM Stand 2022 eingespielt"},"geometry":{"type":"Polygon","coordinates":[[[4500565.155704169,2651802.3134424016],[4509369.05946293,2650585.8407081887],[4506197.935948079,2650354.753419364],[4504568.406610447,2649790.394705131],[4503778.927559967,2649896.199145288],[4503186.965248014,2649196.5300865807],[4502137.425740684,2648824.2058860837],[4501126.201598398,2648871.9429857517],[4500502.8012015205,2649335.265268893],[4499790.750270165,2649371.343537734],[4499189.437797842,2650598.5879716193],[4497670.3003289765,2651454.1598638752],[4496854.208222188,2651449.805592148],[4496328.2888977155,2651109.0181381023],[4497469.420039906,2650460.944511132],[4498013.491369403,2649814.179443542],[4498221.427218969,2649062.8824856933],[4497913.394051545,2648723.4545948156],[4492651.090954805,2648069.81256263],[4491325.757533791,2648433.096927016],[4491068.545473126,2650040.4367079968],[4489840.7345528575,2651467.9459549263],[4488333.423977386,2652618.5081187543],[4487492.872226075,2653057.6397351534],[4486997.333464225,2653485.591490148],[4489673.649561397,2653272.352409094],[4490309.144287578,2653040.0589906448],[4494743.4409357775,2652577.6854730323],[4495988.850497534,2652313.1367488224],[4497272.49226376,2652242.917063717],[4499136.270182867,2651995.178615292],[4500136.365855723,2651961.139891917],[4500565.155704169,2651802.3134424016]]]}},{"type":"Feature","properties":{"flugjahr":"2022","gebiet":"Tirol","bemerkung":"2024 DSM und DTM Stand 2022 eingespielt"},"geometry":{"type":"Polygon","coordinates":[[[4505685.952344011,2653727.0169715257],[4506194.09985415,2653418.143997224],[4507983.51359989,2654253.664727512],[4508619.203608369,2653630.4131549476],[4510596.24257317,2653868.094292959],[4511458.235299229,2653287.5214843242],[4512287.210278814,2653551.7949625286],[4512722.689243427,2653526.632730925],[4513418.013654531,2653722.6758556752],[4513737.40643643,2652451.6925727567],[4512819.532881777,2652451.4927829215],[4511347.296142472,2652788.3756866762],[4509714.912047496,2652906.4309129594],[4509308.172738789,2653057.7347576553],[4507385.776551934,2653324.398211882],[4506189.340495492,2653350.703622425],[4505096.947793918,2653606.565459586],[4504364.465038806,2653569.195012226],[4505429.565800343,2654571.777963862],[4505685.952344011,2653727.0169715257]]]}},{"type":"Feature","properties":{"flugjahr":"2023","gebiet":"Tirol","bemerkung":"2024 DSM und DTM Stand 2023 eingespielt"},"geometry":{"type":"Polygon","coordinates":[[[4510111.275478555,2675107.391199029],[4510683.063997945,2675110.135476485],[4511760.11897925,2674614.0359406043],[4512627.541077315,2674456.508664119],[4513136.191053019,2673713.808052192],[4513350.256572252,2672914.8823856274],[4514427.249931176,2672189.871744548],[4514650.806648898,2672196.5119486735],[4515203.767595217,2672776.0862472076],[4515611.871844739,2672995.891909282],[4515842.234972233,2673033.708512853],[4516884.708593284,2672615.07336591],[4517621.439644657,2672612.227302493],[4517825.431710305,2672453.505517051],[4518093.619681776,2671966.8353354693],[4518611.965920266,2671812.3802619907],[4518886.235604664,2668506.8715750882],[4519162.88839917,2666527.7976653785],[4519483.902811988,2662669.162466235],[4519447.567000969,2662101.2303912225],[4519587.7413059985,2661129.651393652],[4519594.242863986,2658845.774529639],[4519349.724913695,2658537.6492273235],[4519087.251557132,2657641.0578455194],[4518491.47537792,2657475.44196673],[4518153.457553983,2659709.304926958],[4517028.942158076,2660514.218530562],[4515434.509199106,2660216.618150425],[4515121.330051614,2663223.9709609225],[4515180.202945646,2663700.262483645],[4515328.752319095,2664064.1085889065],[4515342.654705396,2664538.404426297],[4514996.694653847,2665488.9000988966],[4514882.645702061,2666224.783745367],[4515077.712184189,2666921.500612788],[4514886.6513995435,2667571.228132147],[4512053.887910125,2669724.0101897963],[4512094.917184503,2670755.701573143],[4511635.261814112,2671611.4798999904],[4509741.091799052,2672615.0020315927],[4508382.138767964,2672086.9193832087],[4505010.658634115,2671377.3351795305],[4504701.725297801,2670919.978379208],[4504782.890312534,2670190.300593677],[4506204.68392458,2669995.753946563],[4507295.170674104,2670158.3883048925],[4508367.796258886,2670842.849820326],[4509309.351218197,2670561.8349744407],[4509798.892799996,2669593.418400496],[4510474.957885288,2669050.007548669],[4510755.1409301935,2667875.4500256367],[4511872.38534161,2666694.6810967596],[4511951.387956224,2665480.203743468],[4511561.282512805,2663975.114627015],[4511194.14155691,2663741.85071229],[4510716.684961012,2664353.587404564],[4510182.925243317,2664474.0974475555],[4509583.548177779,2664252.0420315964],[4509157.933930023,2663543.503411145],[4511353.978656469,2660593.955745121],[4511204.626803972,2659814.93809035],[4509917.838259502,2660005.9993029106],[4506860.879970033,2659607.6475384035],[4502336.602885604,2660485.4093594654],[4500267.260993517,2660183.683559991],[4499191.175872944,2660255.5075265123],[4498456.429226649,2660201.0811524554],[4497700.111963128,2660040.559269189],[4496871.981994478,2660772.6537523805],[4496281.243091126,2660172.9663174814],[4496550.222179227,2658414.219125761],[4495622.688596279,2658130.153268602],[4495381.775661193,2657449.64169263],[4495839.073183882,2656918.2142340112],[4496661.502682154,2656812.6611635806],[4496834.653357311,2656903.158320168],[4498086.3970682705,2656927.3296985184],[4498869.530929477,2656763.0362428175],[4501029.147988235,2656587.7578412946],[4503482.5579859335,2656280.5449637324],[4503764.448376047,2655923.0099087874],[4503242.398213291,2654845.3712375103],[4501841.381336622,2655226.898444234],[4495521.845699638,2656022.704513571],[4492623.51678522,2656489.872268877],[4491440.264125236,2656529.981101642],[4490841.220869973,2655423.8352229046],[4492293.913562636,2655328.2229973306],[4492969.7464182945,2655143.7700595045],[4495808.989227299,2654848.645444691],[4497032.3605809985,2654597.153990873],[4497640.282588113,2654604.2098736893],[4499198.675077278,2654327.8979077972],[4500830.278943448,2654289.039609402],[4501430.555585382,2654105.266193008],[4502804.893256164,2653855.986259347],[4502351.690443585,2652656.394690199],[4502604.603601968,2652323.608164957],[4504364.465038806,2653569.195012226],[4505096.947793918,2653606.565459586],[4506189.340495492,2653350.703622425],[4507385.776551934,2653324.398211882],[4509308.172738789,2653057.7347576553],[4509714.912047496,2652906.4309129594],[4511347.296142472,2652788.3756866762],[4512819.532881777,2652451.4927829215],[4513737.40643643,2652451.6925727567],[4514203.4362016,2650597.1607319894],[4511949.062945296,2650204.12916433],[4500565.155704169,2651802.3134424016],[4500136.365855723,2651961.139891917],[4499136.270182867,2651995.178615292],[4497272.49226376,2652242.917063717],[4495988.850497534,2652313.1367488224],[4494743.4409357775,2652577.6854730323],[4490309.144287578,2653040.0589906448],[4489673.649561397,2653272.352409094],[4486997.333464225,2653485.591490148],[4486365.904500877,2653378.3533162735],[4487352.201206517,2652019.5469301874],[4488914.71390286,2650818.5022077085],[4489817.807560124,2649898.4549259413],[4489706.928039933,2648344.06371501],[4491074.061723654,2646699.9492691895],[4488979.995380902,2644886.473257523],[4488625.194014017,2644682.617891022],[4488299.879360524,2644647.7330033993],[4488047.388500633,2644690.6831970196],[4488067.216475797,2645003.44491705],[4487502.394227389,2645639.3781973682],[4487280.735108828,2645705.8856378966],[4486867.7454505265,2645639.779016083],[4486442.493102983,2645846.3128439835],[4486012.807314694,2645635.908491642],[4485681.922027691,2645631.6175387325],[4485437.728320365,2645754.9024863187],[4485227.024340076,2645978.992265557],[4484097.987617969,2646465.6573839695],[4483936.292499774,2646764.0540029253],[4483993.350677027,2647079.949327442],[4484274.473376734,2647403.405186617],[4484715.599035912,2647630.3540287334],[4485268.472997505,2648869.816775621],[4485647.396071379,2649272.884566059],[4485685.0275882045,2649421.1497662794],[4485124.076874239,2650455.224547754],[4483552.758226669,2651171.4357894533],[4482865.801747906,2652119.362327027],[4482834.5722248675,2652556.7982617123],[4483135.521366679,2652960.058977465],[4483196.233962311,2653968.3668882437],[4483005.358650363,2654188.8855526475],[4482658.0281864805,2654361.6667677215],[4482506.661927919,2654573.9857724328],[4482471.640477536,2654830.02113162],[4482592.344073708,2655180.3993091043],[4482520.725341912,2655592.3171045175],[4482327.031436565,2655923.6825915505],[4482312.009575966,2656318.478014652],[4481998.532908342,2656749.9345696825],[4481923.784313061,2657000.2882704823],[4481950.25509265,2657272.37834403],[4482148.09939744,2657766.6619729167],[4482399.123691242,2658159.869365395],[4482861.5975974705,2658572.887572744],[4483360.2995418515,2658841.4111463996],[4483597.907721878,2659221.9157921034],[4484206.427489316,2659660.029049418],[4484429.986737667,2659682.521366171],[4484946.917975424,2659562.6201007897],[4485634.520582206,2659255.780789313],[4486718.848022516,2659804.5484337793],[4487252.858602441,2659821.309693214],[4488371.188411778,2660094.2267884566],[4488697.859185184,2660810.5136781363],[4488788.009287929,2661430.5269057183],[4489018.421465106,2661791.5312636993],[4488940.942451724,2662738.100803742],[4489137.052674607,2663422.750197219],[4490004.859051787,2663836.098165616],[4490723.176832094,2664322.4822172876],[4491090.903126684,2664756.851198122],[4492580.058364066,2665203.8811166463],[4494248.803307485,2667433.928934345],[4495857.553346379,2667608.3562338436],[4495963.716723653,2667721.0942188534],[4496071.0894034235,2668198.771698977],[4496447.93064907,2668657.2335333987],[4497455.075808658,2669229.5510910098],[4498946.320140726,2669501.5505027506],[4499332.214629283,2669847.6801631753],[4499538.360700871,2670220.3281547143],[4499885.810759784,2672712.5825479757],[4500119.012755239,2673045.6384453056],[4503045.331571912,2674471.6623495016],[4503389.411635005,2674372.1532558184],[4504000.877299393,2673721.127040028],[4504474.003039469,2673392.9498254727],[4504671.422734215,2673453.291083638],[4505044.322844659,2673942.9833755577],[4505716.725139267,2674301.926352681],[4505971.618123376,2674256.2702127183],[4507127.03877343,2673661.463624924],[4507643.868609674,2673721.4717105883],[4508890.456936793,2674464.7619060986],[4508977.462528216,2674932.5365271512],[4509193.907398581,2675178.347117084],[4509477.082802756,2675242.174470184],[4510111.275478555,2675107.391199029]]]}},{"type":"Feature","properties":{"flugjahr":"2021","gebiet":"Tirol","bemerkung":"2024 DSM und DTM Stand 2021 eingespielt"},"geometry":{"type":"Polygon","coordinates":[[[4487240.960423492,2689373.6892797556],[4486736.781885689,2689613.119015905],[4485947.629595913,2689546.4611850246],[4485200.649580207,2689780.6100326343],[4485126.140045006,2689750.7522781654],[4485032.861431595,2689408.6175587922],[4484544.55295645,2689190.2978514982],[4484284.454983075,2688811.679645924],[4483775.01683535,2688527.607793751],[4483457.626664165,2688160.743703345],[4483271.4963020785,2688109.7946829787],[4482695.4762672065,2688373.818567028],[4482518.836782356,2688561.8707883847],[4482466.963992028,2688767.5782881184],[4481981.561733689,2689033.9432009566],[4481906.676713698,2689252.6302689873],[4481571.786319691,2689644.8061236585],[4481130.079154999,2689839.3140299185],[4480879.892235432,2689800.8296720046],[4480460.3769190535,2689210.8531917036],[4480414.281052643,2688773.4254685096],[4480131.977130964,2688609.765581928],[4479906.10943611,2688352.6997404327],[4479759.760041483,2687844.0353893656],[4479533.266094797,2687644.780812042],[4479279.788198615,2687607.0918454933],[4478944.007668061,2687329.765204254],[4478740.47690537,2686936.241461309],[4478705.476927116,2686300.2904241346],[4478778.789388557,2686108.626647508],[4479032.348422375,2685960.6188485767],[4479565.880331927,2685405.826186754],[4480198.373798569,2685271.427010631],[4480394.850022018,2685132.738710064],[4480537.02683051,2684944.3578142477],[4480571.143725945,2684666.517629021],[4481217.974176282,2683315.3564106026],[4481174.188093179,2682917.8868272738],[4480872.153004319,2682491.830456651],[4480392.560874532,2682020.6007967363],[4480281.62079957,2681370.9950453783],[4479907.542072045,2680570.5953987096],[4479517.433562548,2679992.520357996],[4479578.90975472,2679589.052560463],[4479718.6335353,2679431.0821269983],[4479747.845774878,2679259.5668084836],[4479503.806552766,2678837.577659717],[4479576.630953765,2678584.1612647744],[4479550.026368449,2678297.2081537717],[4479204.245100132,2677844.2086500307],[4479177.491043597,2677638.880745699],[4479327.291067136,2677465.373321811],[4479328.292795123,2676998.7886426137],[4479643.619394359,2676540.5293905493],[4479773.913526212,2675982.7730865413],[4479778.130282724,2675718.2803578004],[4479568.434179298,2675286.750804858],[4479955.4433523845,2675046.5003347886],[4480091.2771810945,2674530.923346972],[4480180.887412355,2672676.330195443],[4481357.147570297,2672113.9155167053],[4481552.934414214,2671891.3798362277],[4481694.233857731,2671587.802837642],[4481727.2350111995,2671181.736869797],[4481826.112005478,2670960.4545133254],[4481834.459990061,2670037.471872225],[4482612.206172259,2669158.5087794894],[4482894.590906312,2668653.9161559627],[4483048.695551425,2667938.743767013],[4482918.375625843,2667708.8607112626],[4482780.2276469525,2666727.6062738486],[4483008.588556552,2666524.830952546],[4483618.251761982,2665393.241385177],[4483549.295132537,2665058.3623272767],[4483308.331233216,2664728.8122308147],[4482982.090709838,2664726.3586811284],[4482046.76467676,2664188.9413477196],[4481032.890569728,2664633.7448911974],[4480756.748503255,2664708.8619574998],[4480495.625015938,2664671.7405880964],[4480316.972539815,2664578.8233163184],[4480250.459065519,2664321.4415431838],[4479848.321124945,2663916.2617235505],[4479482.315483299,2663764.0751238237],[4479291.96261463,2663340.0820028977],[4479177.046827946,2662723.8877517004],[4479034.644445113,2662550.341186059],[4478818.133169147,2662506.554445155],[4478550.0999965845,2662613.168794928],[4477555.615000624,2662429.2253547357],[4477392.226343826,2662489.5729492046],[4477217.6918952,2662693.8754531955],[4476458.730975472,2662706.063321922],[4475944.059142229,2662405.8186175576],[4475632.590082936,2661568.5076792073],[4474762.860266469,2661103.3851544484],[4474270.027624239,2661068.4590667505],[4472767.721767026,2661286.965646634],[4472014.106035396,2661000.9826728115],[4471781.246735187,2661068.4817827595],[4471544.521261813,2661252.040813336],[4471323.624580527,2661109.823728309],[4471021.833748806,2660464.2718344964],[4470840.422149967,2660274.8769986695],[4470217.252098201,2660215.843969016],[4469890.523741037,2660411.7459388073],[4469625.285781641,2660056.4649404464],[4469498.746617591,2659683.2135612103],[4469224.7616647845,2659439.2283652276],[4468955.583931866,2659432.2269053464],[4468548.602054868,2659736.206683485],[4468065.437161574,2659841.635146072],[4467658.940578568,2659565.366931515],[4466976.583325371,2659326.2650771914],[4466841.8635163205,2658907.690976964],[4466453.069795841,2658747.0821579625],[4465581.40038952,2658078.447520152],[4465179.859469237,2657461.1063698847],[4464913.000181943,2657382.1483023376],[4464166.62339837,2657369.054126797],[4464053.283385608,2656999.1868267953],[4463774.796181203,2656724.889594439],[4463552.919399757,2656681.020521517],[4463259.581546008,2656830.8030489255],[4462782.656292997,2656481.5852487627],[4462155.023899796,2655578.9673788906],[4461968.8536666855,2655528.0480959616],[4461523.089722313,2655609.3495198013],[4461368.738047397,2655501.613925463],[4461290.353492431,2655248.431819599],[4460927.070939633,2654748.568634921],[4460460.934215446,2654630.0468387166],[4460163.65990836,2654680.2164106476],[4459244.312547306,2654327.452767433],[4458728.434136585,2654347.3001410062],[4458310.382294929,2654463.548072002],[4457735.895907384,2654412.591089542],[4457366.745219124,2654292.2630572934],[4457108.356167261,2654322.606028888],[4456884.412368391,2654455.95660326],[4456763.540616103,2654219.509668156],[4456539.172488147,2654127.2955757705],[4456190.7577006435,2653797.15484152],[4455848.128834227,2653152.737449866],[4455727.023733979,2652590.7113388577],[4455557.056527346,2652400.996350262],[4454623.599993233,2652209.5694681],[4454386.628374289,2651978.748748147],[4454110.235436763,2651869.5907062087],[4452371.0347314095,2652291.1485653827],[4452004.182753064,2653195.4527809867],[4451559.419884192,2653614.3449609093],[4451413.460420708,2654049.2212670087],[4451148.692677006,2654449.675627094],[4450382.916432343,2654415.136862817],[4449542.454642825,2654680.6214274555],[4448759.30079829,2654373.018915135],[4448520.544442034,2654365.2494290974],[4448358.597025456,2654447.8555730493],[4447630.163260879,2654274.8084617658],[4447295.539085556,2654590.6530433716],[4446278.21347318,2655021.9345074515],[4445995.320459247,2655286.852371756],[4445252.659193207,2655531.304386923],[4445070.462292326,2655915.477704944],[4444796.487250163,2656127.535425623],[4444625.27509194,2656452.1645838516],[4444361.74307901,2656368.4626153214],[4444010.921966221,2656470.7536927382],[4443698.272566955,2656353.973308866],[4443260.041221798,2655906.7915093536],[4442853.015156235,2655706.899837508],[4442132.724724336,2655670.479243571],[4441626.837094666,2655345.184522718],[4441677.67414276,2654989.2320936257],[4441525.610407249,2654759.7005110392],[4440708.728913867,2654320.9719310016],[4440274.929966744,2654224.0424953573],[4439970.7606570665,2653967.6523588174],[4439335.419187745,2653926.425057775],[4438770.389095173,2653577.5069209114],[4438584.987110503,2653322.2353522815],[4438162.073509571,2653201.725897914],[4437702.549303221,2653405.820482625],[4437477.098080477,2653691.556957514],[4437416.208861393,2654143.7687194785],[4437009.2807705905,2654520.3443300403],[4436647.589865165,2654650.3937767204],[4436420.99384891,2654945.881519178],[4436150.797419806,2655109.999156653],[4435995.693571348,2655508.214466977],[4435585.715776262,2655739.931003236],[4435596.422933896,2656565.45519532],[4435128.102862305,2657843.0216765185],[4434974.459852185,2657977.827525928],[4434432.81518677,2658188.5235637054],[4433845.9777512215,2658750.446677581],[4433818.091344528,2659421.6013314417],[4433944.18104829,2660167.340074158],[4434254.593003388,2660491.5806603897],[4434187.773768858,2661310.0220432715],[4434104.593677685,2661342.205119869],[4433962.872629012,2662176.2976518227],[4434073.361373084,2662661.498945023],[4434050.910514263,2662988.6685039643],[4433867.654178508,2663435.000645218],[4433807.906636877,2663910.4504067395],[4433669.440685193,2664018.4048164105],[4433500.087230545,2664779.8911328823],[4433331.458604262,2664964.052531465],[4432997.041249873,2666021.0961719495],[4432403.6001899205,2667105.871192705],[4432537.521381892,2667148.0345395426],[4432399.044717276,2667691.6622811942],[4432243.648287933,2667833.6840872844],[4431905.424445172,2668616.4867179124],[4431801.875645204,2669051.831506936],[4431967.262379522,2669895.8094431427],[4432349.5611402085,2670677.6126023945],[4432285.090662521,2670806.6522487365],[4432274.331689394,2671399.6013331404],[4432008.037254109,2671762.5724602276],[4430768.304465554,2675093.6294136313],[4430791.876142127,2675208.6196343573],[4430453.197267618,2675807.684284893],[4430462.15716567,2676027.9841175284],[4430281.640650254,2676188.656589464],[4429332.649210688,2676559.8313552374],[4428784.4426059425,2677655.740225778],[4428476.618559362,2678573.1870894805],[4428498.958820585,2679003.0773870707],[4428687.072497687,2679535.3872313113],[4429436.305868962,2680287.648603163],[4430062.899255345,2680458.378883876],[4430330.901650662,2680693.3157067024],[4431017.089207321,2680901.2291883235],[4431313.626006254,2681105.7681599986],[4435290.600662067,2682695.249277433],[4437046.224875273,2683202.258133907],[4440426.97025857,2683836.871768341],[4443948.104705265,2684719.722648792],[4444607.399767997,2684961.9007601994],[4444737.925065095,2685089.4705396225],[4447672.704296035,2686467.0557571426],[4447921.515198312,2686436.352227263],[4448401.452627618,2686658.0903786807],[4448808.836499598,2687195.668361472],[4451996.902900689,2689787.6515833028],[4452278.043064348,2690689.8586905934],[4453063.358621203,2692563.5047249924],[4454394.567851014,2695210.913650101],[4456577.081840819,2697568.723616006],[4458468.509933988,2698824.124889192],[4459139.390164267,2699041.421645573],[4459185.445656108,2699315.094515744],[4461345.616101612,2700703.8989363327],[4465035.876593163,2702362.065650933],[4465096.644200592,2702499.6980107324],[4466135.882457894,2703338.4844071013],[4466421.20795452,2703868.194325753],[4468165.350334565,2705747.498367363],[4469729.179478629,2706958.9866164904],[4470144.543881053,2707175.673442026],[4472339.237326008,2707885.632198124],[4472447.846001862,2707731.8729668083],[4472876.394894996,2707841.76375484],[4473686.76237934,2708233.5370963053],[4476800.993463933,2708855.3881154265],[4478088.07478036,2709778.5460246787],[4478789.7758746585,2709598.0252735694],[4479415.03815572,2709047.012785422],[4480700.740658925,2707141.284715977],[4480769.270881698,2704721.4362353534],[4480555.5095163435,2704263.9204927697],[4480234.132304655,2703894.4336915296],[4479835.575065223,2703833.7724231407],[4479191.822920139,2703874.7897172547],[4478861.57762707,2703428.2187162773],[4478631.01403729,2702658.1445000125],[4478589.035918477,2702194.9841117524],[4478687.073763521,2701858.4758857554],[4478990.450811925,2701430.290282763],[4479668.916324714,2701250.4008960454],[4480534.181390233,2701539.2635212466],[4480851.268477846,2701461.8412240804],[4480993.666304134,2701078.024265858],[4481108.72799287,2700188.3624148755],[4480956.373913066,2697856.3272082824],[4480695.094688277,2696821.240272559],[4481335.512768603,2696242.4856132576],[4482215.526274122,2696326.065910765],[4482651.898320159,2696941.886421355],[4483082.299013585,2699210.7724340335],[4483000.957123437,2701706.1357915867],[4483727.649624961,2702249.853956416],[4484558.424248202,2702421.0394472303],[4486007.849449215,2700867.369071348],[4486900.439577552,2698926.458323528],[4487634.126537073,2697675.4647904937],[4488136.636892779,2696593.1661348282],[4488907.957723022,2694504.222617999],[4487811.095999563,2694719.5292268735],[4487842.07780923,2694493.2264574226],[4487671.600061479,2693128.255805267],[4487339.964681265,2691571.8844761574],[4487240.960423492,2689373.6892797556]]]}},{"type":"Feature","properties":{"flugjahr":"2022","gebiet":"Tirol","bemerkung":"2024 DSM und DTM Stand 2022 eingespielt"},"geometry":{"type":"Polygon","coordinates":[[[4527280.112484918,2622359.719791256],[4527283.627655569,2622114.4242703076],[4527475.600273834,2621774.0055397367],[4527435.393621182,2621384.117625888],[4527632.173437151,2620532.793817477],[4527580.222333906,2619563.5150005706],[4527474.174131643,2619362.9100448815],[4527290.252319322,2619229.693731974],[4526445.206936133,2619048.267122521],[4525853.11331375,2619189.6255887533],[4525100.444869924,2619185.6686991565],[4524545.354847989,2618949.7524270434],[4524229.781017526,2618681.7827724237],[4523340.002003275,2618504.2799653877],[4522486.0817493815,2618878.4089719667],[4522088.494684792,2619434.842219822],[4521801.563455715,2619478.213646898],[4521316.327569254,2619150.0120767388],[4520569.864870565,2618878.315144852],[4519695.624200222,2618896.8351601087],[4518672.327869347,2618804.135866495],[4518109.590330321,2618303.8986815894],[4517580.44684903,2618256.987631302],[4516988.69066295,2618394.885664501],[4516723.300099741,2618583.3896828187],[4516520.149474802,2618925.900125137],[4515816.254424785,2619147.6922686044],[4515023.584864659,2619932.3596313167],[4514314.963638144,2620336.0139492173],[4514076.118335028,2620779.6897545015],[4513854.303334761,2620919.7512838794],[4513474.537823453,2621059.099095793],[4512655.781018779,2621048.6136469557],[4512215.320270773,2620896.7092026826],[4511754.185447914,2620843.1136323633],[4510896.534827913,2620865.640686775],[4510497.949305321,2621067.4946051333],[4510063.7181451125,2621899.1966952616],[4509444.799336696,2621876.016328007],[4508480.052122927,2622169.622757417],[4508093.056299541,2622028.6744694514],[4507772.108845468,2622079.7070930237],[4507099.399662231,2622600.9321391787],[4506600.823677717,2622775.2589914594],[4506295.537591855,2623147.1841879385],[4505469.344774179,2623415.9430670985],[4505035.08680592,2623868.615039159],[4504559.714367565,2624077.613249597],[4504244.203935999,2624399.5406611683],[4503116.54120459,2625079.1794069535],[4502675.811907102,2625562.98086747],[4503448.2815104,2625861.1777032395],[4504752.832662363,2625931.205052999],[4506435.009237082,2625280.7128147036],[4507789.8252844885,2625544.107984815],[4507946.665841394,2624552.157822316],[4508327.835612339,2624163.0936292903],[4508859.175936125,2624159.4148918586],[4509488.371782947,2624629.3795531266],[4509973.785553479,2623894.3602597867],[4511036.0196050815,2624096.7562334733],[4511980.332616904,2623416.190202546],[4512892.753232513,2623976.5299840737],[4513682.907328719,2623072.1608673716],[4514297.313797684,2623315.9446872566],[4514782.616149588,2624377.7506629704],[4515585.697830729,2624499.2559914635],[4515474.5902114175,2622345.9115083315],[4516510.062241447,2621595.616064929],[4517671.01155679,2622279.43445012],[4518213.393472585,2623325.6947119106],[4518855.146727724,2623195.4191253064],[4518720.872842842,2621928.472268888],[4517683.225196698,2619710.8575160555],[4518015.190911442,2619373.073860701],[4520656.2061756095,2620051.9698061263],[4520785.648579834,2621495.990484402],[4521107.937116487,2621837.0686038295],[4521544.040257561,2620593.0988151776],[4522078.208646821,2620441.676032227],[4522790.724564662,2620757.7547545456],[4523586.561573967,2619826.89617587],[4524589.4666384775,2620057.262002647],[4525239.9747517295,2621016.483862632],[4525876.565413523,2620574.6786937155],[4526452.367224636,2620653.0376182473],[4527280.112484918,2622359.719791256]]]}},{"type":"Feature","properties":{"flugjahr":"2022","gebiet":"Tirol","bemerkung":"2024 DSM und DTM Stand 2022 eingespielt"},"geometry":{"type":"Polygon","coordinates":[[[4501024.52548227,2630301.921109027],[4500735.580341671,2631406.6968011055],[4500523.232894437,2631575.9916296084],[4499918.832391321,2631532.528964914],[4499439.926127978,2631812.3844136614],[4499021.509889979,2631864.57168005],[4498562.689974032,2632100.9209136604],[4497754.870999985,2632300.81688991],[4496911.40928767,2632143.839637355],[4496508.515601467,2632239.1221439624],[4495582.328102462,2632107.7488201237],[4495270.9934504265,2632208.9060634477],[4495084.017196387,2632416.241636915],[4494771.769391606,2633231.298159736],[4494732.968650305,2633683.32170351],[4494923.780693155,2634067.666746853],[4495234.188728365,2634345.311812584],[4495391.965683594,2635013.052378807],[4495324.12172604,2635340.359474783],[4494897.684325587,2635987.0271119727],[4494873.537882336,2636300.8033082793],[4495382.16141459,2637259.152519441],[4496140.443067217,2637985.7393797687],[4496496.3892921945,2638563.2418825636],[4496385.223606541,2638836.567931663],[4496039.419918257,2638931.37496951],[4495850.349143498,2639087.0538765807],[4495696.174908889,2639599.3128630966],[4495476.158680068,2639879.6607969077],[4495208.787127056,2640789.8915615454],[4495279.6231508255,2641247.5737901246],[4495216.269366118,2641512.9152135258],[4494701.752072886,2641814.356014951],[4494183.555445425,2642351.20963633],[4494090.571847548,2642693.6022257805],[4494170.317371167,2643168.1456329618],[4494024.283732398,2643468.390505693],[4493743.093275307,2643609.4321288234],[4493331.680652823,2643595.2376373867],[4493001.494664491,2643728.8043469787],[4492156.388198492,2643778.0959538547],[4491600.985945546,2642972.934864366],[4491172.5206501195,2642677.7948338306],[4490828.819201895,2642590.2402713797],[4490575.885600936,2642200.266365296],[4490251.875354467,2642062.2059918726],[4489887.931558332,2642099.258403765],[4489692.135205769,2642200.7485569934],[4488856.169555119,2643219.981851303],[4489502.1839745585,2644227.984702628],[4492320.471002975,2646216.41055936],[4493551.77215662,2645458.368798594],[4495438.373772373,2645292.1708350787],[4496091.1759642735,2644953.5196290426],[4496977.51840576,2645738.100788031],[4498999.171323213,2646120.624860916],[4499308.100151485,2644740.4922171673],[4500076.55591948,2644363.6300000018],[4500611.962648423,2644646.920062725],[4501037.707323768,2645653.1953315064],[4502769.896739172,2645584.292758918],[4505336.736376279,2646342.2434079694],[4507149.565698635,2647020.5661361637],[4508727.6561002135,2647040.1785916463],[4510194.512038214,2646177.879961664],[4511234.568530085,2646257.711956437],[4510525.473884403,2644542.225591929],[4510785.148517257,2644074.2320023854],[4511528.172233666,2643749.9193037157],[4512062.70995453,2643976.9573310823],[4512988.662259024,2645531.8894635458],[4513734.287832689,2646150.3882263466],[4514016.044425561,2646041.061101208],[4514249.392046256,2644922.617640053],[4514884.303060899,2644653.997362339],[4516066.403008183,2645444.32949875],[4516582.360264496,2646549.5617484497],[4517719.471344567,2646594.5004041647],[4517280.968719634,2644672.53331615],[4517482.864519166,2642131.4455793398],[4518401.333091925,2642017.2861863654],[4519186.93114628,2643253.026847108],[4519930.792363426,2643793.3322464866],[4520167.807462197,2642486.6154227573],[4522393.053848473,2640930.014276738],[4523364.601114174,2640702.324014173],[4523581.592098716,2640033.635573168],[4524986.247730911,2638361.2320269025],[4524023.939690133,2637869.6285409145],[4521733.625712711,2639148.7705595223],[4519943.673248561,2639628.4844045127],[4519401.60294806,2638844.8629357642],[4519608.137875998,2638330.328279213],[4520396.300847105,2637857.6225795248],[4520098.342266257,2637131.065082728],[4520229.599439823,2636352.7807898764],[4519828.3185546575,2635916.35386205],[4517900.864883836,2636435.493983947],[4516515.635030878,2638408.755963169],[4514658.97167642,2639165.2263600556],[4514258.476525266,2638796.837348897],[4514080.5341604985,2637904.3990181955],[4515247.778652162,2636862.702577376],[4516093.954205929,2635043.4067167467],[4515693.571262921,2634576.292541874],[4513886.060941707,2634937.1514095683],[4513183.797407801,2634422.609980669],[4511256.099320334,2633777.2138217087],[4510514.164346724,2633096.8536839145],[4508966.143305392,2632237.152854028],[4509639.573640835,2634905.2171514616],[4509758.231228271,2635951.257000276],[4510335.286217278,2636589.646031015],[4510069.084654037,2637422.82258717],[4510606.877133165,2638965.5051554907],[4510408.51754248,2640167.4222036023],[4509659.162179428,2641172.086168081],[4509091.299338912,2641292.1045286795],[4508627.390143195,2640943.296453463],[4508721.160919169,2639949.253492685],[4508333.612068094,2638583.478600323],[4506525.040627029,2635457.725306578],[4503744.111054628,2636681.8961962345],[4503108.564825909,2637540.121604079],[4501974.544192548,2637067.8408210366],[4500765.205003682,2637358.34341144],[4500344.758616168,2639519.9134155693],[4499325.494365829,2640980.758211613],[4499297.618411292,2641655.0450574285],[4498377.9931729445,2642005.8768818146],[4497728.301943097,2641651.2938979636],[4497423.813345169,2641007.9552395614],[4498351.443961813,2638986.4836191293],[4498307.646574068,2637183.0201427443],[4498583.331798405,2636546.4367885124],[4497114.312569786,2635832.399018729],[4497051.05640913,2633745.105875319],[4498203.807706753,2633475.731733946],[4498951.877793333,2634395.5163747063],[4499669.273492279,2634544.856868108],[4500765.482343801,2633894.149439884],[4503142.074099322,2633237.229608683],[4504779.360271197,2632584.9119114466],[4504240.88225539,2631145.0371984583],[4502925.822797787,2631276.9883019235],[4502337.492786225,2630713.905719339],[4501157.495258019,2630428.216133017],[4501024.52548227,2630301.921109027]]]}},{"type":"Feature","properties":{"flugjahr":"2022","gebiet":"Tirol","bemerkung":"2024 DSM und DTM Stand 2022 eingespielt"},"geometry":{"type":"Polygon","coordinates":[[[4503242.398213291,2654845.3712375103],[4502804.893256164,2653855.986259347],[4501430.555585382,2654105.266193008],[4500830.278943448,2654289.039609402],[4499198.675077278,2654327.8979077972],[4497640.282588113,2654604.2098736893],[4497032.3605809985,2654597.153990873],[4495808.989227299,2654848.645444691],[4492969.7464182945,2655143.7700595045],[4492293.913562636,2655328.2229973306],[4490841.220869973,2655423.8352229046],[4491440.264125236,2656529.981101642],[4492623.51678522,2656489.872268877],[4495521.845699638,2656022.704513571],[4501841.381336622,2655226.898444234],[4503242.398213291,2654845.3712375103]]]}},{"type":"Feature","properties":{"flugjahr":"2022","gebiet":"Tirol","bemerkung":"2024 DSM und DTM Stand 2022 eingespielt"},"geometry":{"type":"Polygon","coordinates":[[[4503482.5579859335,2656280.5449637324],[4501029.147988235,2656587.7578412946],[4498869.530929477,2656763.0362428175],[4498086.3970682705,2656927.3296985184],[4496834.653357311,2656903.158320168],[4497535.263143079,2657269.337452084],[4498821.688896202,2657049.316351535],[4499518.821257925,2657454.352751554],[4500350.198988515,2657372.572578886],[4501029.042890173,2656849.4227747545],[4501924.54110145,2657229.344333085],[4502869.575896811,2657058.056283952],[4503482.5579859335,2656280.5449637324]]]}},{"type":"Feature","properties":{"flugjahr":"2020","gebiet":"Tirol","bemerkung":"2024 DSM und DTM Stand 2020 eingespielt"},"geometry":{"type":"Polygon","coordinates":[[[4419030.146449803,2703067.146459739],[4418847.29345114,2702950.781426092],[4418732.954180742,2702740.0289774053],[4418447.782424781,2702708.748022834],[4418182.263933309,2702459.989800512],[4418111.64817342,2701753.970385731],[4418297.125544384,2701495.423965194],[4418321.002079529,2701173.1936061583],[4418138.73590081,2700689.838920192],[4418125.9001454115,2700327.2882577274],[4417783.4395051785,2699813.4455492473],[4417001.355595162,2699385.641167796],[4416833.508732145,2699363.8760658437],[4416394.228603986,2699538.2464616615],[4416073.063833081,2699409.7118457756],[4415793.475320012,2699458.238410387],[4414396.771874043,2699363.039823619],[4413989.568372064,2699275.7312290836],[4413719.385703587,2699028.5956335906],[4413746.513542407,2699236.7095637047],[4414223.582255165,2699732.6790179308],[4414382.469469983,2700293.2371207704],[4414525.206922438,2700524.661373119],[4414888.309655482,2700858.440911208],[4414952.253821238,2701250.0227570543],[4415172.031447376,2701395.8278903076],[4415460.497956231,2701809.4715458085],[4415931.450332558,2702248.202243908],[4415906.781299902,2702563.2552662324],[4415512.318821199,2703147.2318208423],[4419030.146449803,2703067.146459739]]]}},{"type":"Feature","properties":{"flugjahr":"2020","gebiet":"Tirol","bemerkung":"2024 DSM und DTM Stand 2020 eingespielt"},"geometry":{"type":"Polygon","coordinates":[[[4406077.626749969,2700782.966515827],[4405842.106633321,2700531.736566338],[4405491.887645619,2699931.3954827893],[4405437.525337277,2699475.2740113637],[4405532.769137732,2699156.881645933],[4405152.589502203,2698946.019397542],[4404361.924344891,2698928.0200527925],[4404099.207756003,2698802.588211391],[4403682.727095629,2698954.618967111],[4402255.85604922,2698966.1618699646],[4401699.567247656,2698889.848119348],[4401176.3099517925,2698989.129813269],[4400896.820466449,2698885.188555937],[4400497.473689224,2698920.086060652],[4400161.283692199,2698705.1432162207],[4399419.352195032,2698967.12206813],[4399152.104255922,2698885.042675836],[4398869.400043235,2698619.6221416984],[4398550.60878929,2698941.774406446],[4398316.956052049,2699006.5715769455],[4397824.012961177,2698970.486977271],[4396953.55864441,2698668.8687833315],[4396311.335453718,2698740.614006215],[4396032.4810735965,2698902.579201839],[4395713.118320106,2698834.1372915],[4395072.861188288,2698959.2076544412],[4394640.861815632,2699165.8700307077],[4394572.882155056,2699497.3159519],[4394654.829546442,2699942.6471390747],[4394520.715620843,2700264.03548112],[4394609.95620877,2700628.467092802],[4395195.040752352,2700747.6141724647],[4395630.092604542,2701181.622036032],[4395552.843537242,2702416.2137923944],[4394675.4982199045,2703381.311437775],[4393541.382397153,2704887.1143170847],[4393101.645579734,2705316.6652432117],[4395919.76703339,2705585.6015302883],[4397984.3333623875,2705411.6125759073],[4399565.586594929,2705050.3488443047],[4401151.451055009,2703716.392719627],[4401928.638593054,2702664.402847696],[4402580.401423926,2702181.6580563644],[4404091.283519546,2702108.0920507726],[4404751.200533527,2701456.8414598303],[4406077.626749969,2700782.966515827]]]}},{"type":"Feature","properties":{"flugjahr":"2018","gebiet":"Tirol","bemerkung":"2024 DSM und DTM Stand 2018 eingespielt"},"geometry":{"type":"Polygon","coordinates":[[[4434316.79477248,2655516.7638201537],[4433910.014729365,2655318.9091431624],[4433533.7836598605,2654359.711700635],[4433342.595500111,2654099.0711363293],[4432651.299278545,2653766.7331917216],[4431918.217871082,2653202.160380712],[4431287.973442151,2652011.621569477],[4431112.008988193,2651809.8791272826],[4428181.115157176,2650470.937695897],[4427855.000663891,2650491.24365592],[4425914.249535795,2651164.640140277],[4425690.344453513,2651375.0438617184],[4425151.932840707,2652340.9926717035],[4424640.7162196925,2652787.462756488],[4424240.841845273,2652944.139070967],[4421934.0306633385,2652859.036616363],[4419549.363983948,2652574.388699669],[4419385.524192644,2652595.3300447217],[4419217.022073264,2652738.057456652],[4418874.624907568,2652332.075946243],[4417322.797678966,2651629.2175101377],[4417256.936956359,2651526.7389864945],[4415835.827538453,2650830.9394534156],[4413962.513347015,2650690.1304631336],[4413678.459637234,2650306.1801170018],[4413069.25562727,2649946.5842545433],[4412811.290412129,2649947.411504803],[4412254.509119504,2650165.8982061115],[4411615.789453894,2650115.1685271435],[4411110.959943113,2649824.351047803],[4410814.973192024,2649457.4444979103],[4410742.069563114,2649710.860775813],[4410775.269554653,2650107.4022621852],[4410881.3655023305,2650308.669467082],[4410700.575514396,2650742.843138975],[4410785.531112668,2650850.335720636],[4410656.528727571,2650849.5586279705],[4410466.621281956,2651307.9984676633],[4410631.52095489,2651508.919322061],[4410449.100194389,2651560.8465021867],[4410446.689801942,2651624.2782363687],[4410639.28358662,2651663.340369961],[4410634.774334354,2651722.53162809],[4410513.921487528,2651720.4397440115],[4410443.37392587,2651884.382123941],[4410331.004568891,2651904.9494118565],[4410118.264152592,2652250.2714784383],[4410222.346263616,2652423.0788749177],[4410044.181783034,2652470.798901336],[4409859.390179647,2652399.982536852],[4409667.512586866,2652665.4570892304],[4409903.123953306,2652781.1460313173],[4409836.901644463,2652860.967566385],[4409968.160925603,2652878.563813162],[4409972.047142895,2652954.7168874433],[4409831.958499677,2653015.3498962964],[4409832.93421013,2653262.7612414937],[4409682.697465925,2653226.0342259174],[4409610.197111323,2653329.2860774165],[4409514.949524178,2653311.8760404754],[4409203.347175404,2653815.7109641964],[4409642.892845604,2654050.6086754748],[4409551.059826847,2654337.259723982],[4410015.031123291,2654662.8998834766],[4409949.623189739,2654721.2496054317],[4409813.260554728,2654661.8624120476],[4409883.276062201,2654984.203001932],[4409962.400119533,2655052.8128569582],[4410043.7461315915,2654983.441797255],[4410161.116031238,2655026.8700155327],[4410222.070633265,2654900.2943005636],[4410363.2786122905,2654942.2584837526],[4410904.085673934,2655496.9982419275],[4411053.475482679,2655486.66051506],[4411187.676358165,2655669.748953503],[4411292.727811372,2655627.4620332113],[4411462.265821337,2655726.6680449517],[4411407.271364492,2655938.9217114737],[4411550.867496024,2655806.4267279035],[4411432.018549082,2656084.9690779266],[4411495.668146165,2656063.088695038],[4411492.191337076,2656128.1008459586],[4411565.204747711,2656142.7480510315],[4411779.303971778,2655880.564560606],[4411791.06266927,2656086.815818459],[4411891.194962143,2656077.8204678483],[4411879.642525087,2656171.3408014607],[4412064.664900571,2656357.882318056],[4412205.685324135,2656439.50956039],[4412337.993060493,2656343.4444649583],[4412417.910015859,2656583.3662209203],[4412502.344434803,2656533.049240641],[4412566.762021765,2656688.825138642],[4412657.506901254,2656648.0575508233],[4412777.622396376,2656783.5028635627],[4412713.287699768,2656968.309741394],[4413372.524404767,2657384.921492069],[4413656.11137859,2657682.1461904696],[4414175.878320388,2657518.796182234],[4414894.913852613,2657822.858670771],[4416515.716057076,2660086.815415256],[4416730.690339424,2660744.1890765065],[4417924.089932779,2661741.7942682877],[4418227.700778961,2662188.6408195845],[4418332.457146258,2662525.147542541],[4418950.571961601,2662982.578967684],[4419226.9525819365,2663874.521089592],[4419476.896040295,2664274.562100405],[4419645.645389998,2664381.9997765175],[4420221.491676741,2664492.950302682],[4420721.27642429,2664891.218796573],[4420878.150222674,2665236.3713823976],[4421163.182139776,2665450.545668589],[4421511.107129811,2665424.474651887],[4422097.275308193,2665149.950244604],[4423049.65169959,2665272.631346253],[4423308.999938188,2665455.510403308],[4423441.501922457,2665775.77363237],[4423545.971356887,2666560.150908854],[4424026.292407519,2667187.885957646],[4424497.069158386,2667521.394003763],[4424714.035066251,2668205.902755838],[4424815.90570919,2669087.0790661033],[4424989.963980453,2669660.120113587],[4425130.033585358,2669658.317317427],[4425175.758577533,2669998.6128308782],[4425299.26353221,2670011.965526033],[4425788.704627166,2669987.3453935087],[4426379.672171934,2669638.3941193055],[4426820.885400471,2669478.2350140624],[4426865.2395804,2668857.583131334],[4426979.476396193,2668570.346006781],[4427402.626898981,2668018.6904772315],[4428023.076386162,2667723.4433000446],[4428132.247624426,2667590.0467071347],[4428392.460469096,2667062.0007039364],[4428509.8273431435,2666599.7805008804],[4428612.902227793,2666497.9583429107],[4428779.333987693,2666578.1489815144],[4428749.526476288,2666497.096611769],[4428867.227677161,2666465.9978972077],[4428758.344566058,2666308.389804866],[4428819.658919012,2666104.09952946],[4428897.065255533,2666198.094465219],[4429256.679628661,2666071.5273951627],[4429386.199871575,2666232.420060148],[4429507.469585156,2666117.276685943],[4429255.745953386,2665930.3534464114],[4429248.35487436,2665811.3514132584],[4429447.6345134685,2665660.141305516],[4429461.263100143,2665461.942920332],[4429180.96573469,2665270.1079061003],[4429213.252672138,2665159.248237922],[4429107.884554361,2664928.692145708],[4428235.958410842,2664556.7326867115],[4427501.525375315,2664054.472477989],[4425971.624871161,2661954.0395406107],[4424164.906202927,2660859.2999752625],[4423338.479859518,2660252.153512101],[4422124.370498147,2658641.0367465373],[4421946.168777245,2658126.6100336625],[4421958.465265579,2657934.182691548],[4422038.586375573,2657847.1597919865],[4422308.908428422,2657794.66105673],[4422631.689762642,2657934.4071404412],[4422874.234903791,2658469.118063749],[4423671.876174497,2659447.3945885026],[4424431.6422288595,2660014.308782137],[4425101.545645753,2660231.053577558],[4425292.943299893,2660366.4852302335],[4426639.833505561,2661445.0547781857],[4427721.45630536,2662551.208962516],[4428660.946092451,2663290.090754634],[4430536.464805447,2664332.5936928135],[4431729.866954439,2664497.112556215],[4432398.458996471,2664094.424863007],[4432616.70963925,2663438.0087043806],[4432676.532165116,2659925.4412551746],[4432041.881450595,2659135.94398077],[4429994.638988274,2657950.40098695],[4429725.518617813,2657567.3747318573],[4429197.63947755,2657266.9731627954],[4428323.522643016,2656956.7037334284],[4427648.204754979,2656264.065814849],[4427231.222380152,2655974.51019311],[4427411.846423399,2655767.3528008354],[4427826.686913544,2655616.114520873],[4428795.8787071295,2656395.0717916507],[4429575.621710378,2656542.4005049467],[4429799.32416618,2656657.420298633],[4430082.841223179,2656998.7230369276],[4430384.2342716865,2657202.5077153975],[4431464.834932138,2657664.361233641],[4432174.773924367,2657801.0720094047],[4433038.791258108,2658310.6574845314],[4433792.723767313,2658643.884773303],[4434593.532903405,2658059.616979576],[4435001.929886933,2657904.4076098143],[4435095.7502507,2657794.9666484995],[4435611.856414464,2656381.8964640424],[4435344.392183179,2655688.0531896944],[4435076.557602947,2655756.521754924],[4434959.542043934,2655868.9187611593],[4434896.171275027,2655567.151773582],[4434316.79477248,2655516.7638201537]],[[4413935.161885454,2654913.3743393435],[4413846.616967974,2654020.7342502945],[4414022.23796049,2653978.6916156346],[4414138.846946458,2653814.0800437178],[4413796.364443371,2653874.887381967],[4413981.135438467,2653562.12751666],[4414091.032333851,2653417.30670165],[4414624.100811917,2653380.427032042],[4414750.300588247,2654005.615910009],[4414723.34821768,2654107.911884472],[4414535.067490758,2654024.3200005516],[4414556.754532678,2654344.9593787827],[4414755.622277109,2654286.51817202],[4414797.031109849,2654637.0015648124],[4415015.698044453,2654591.8827926284],[4415111.440525474,2654645.2541335095],[4415110.783328436,2654787.3407364506],[4414812.8314617425,2654799.0001132153],[4414820.031224679,2654882.3365557],[4414702.848090509,2654890.240821036],[4414305.036210387,2654807.5676849484],[4414188.517715716,2654524.7796720276],[4414018.842317526,2654712.2441451154],[4414171.310504377,2654666.778292281],[4414256.739901133,2654802.703717058],[4413935.161885454,2654913.3743393435]]]}},{"type":"Feature","properties":{"flugjahr":"2020","gebiet":"Tirol","bemerkung":"2024 DSM und DTM Stand 2020 eingespielt"},"geometry":{"type":"Polygon","coordinates":[[[4490095.698116629,2733099.409066663],[4490363.853214962,2733256.0889596655],[4490997.017068367,2733374.9289498697],[4491555.397023084,2733852.6484603556],[4492299.174496895,2734225.0963452095],[4493098.766369199,2734305.2089441908],[4495716.179675408,2734971.4677208955],[4496869.0517281005,2735069.590266652],[4497498.8517210595,2734706.979025256],[4498414.900747069,2734385.7382605053],[4498841.292382744,2734112.864915754],[4499224.79501701,2734040.072641438],[4500138.10472953,2734318.8290587976],[4501075.003289011,2734747.2379208496],[4503231.349701351,2735292.1197313177],[4504522.518809797,2735164.1957494677],[4504928.717984096,2734887.437456284],[4505328.095486202,2734211.8310992187],[4505368.436133296,2733916.8630166543],[4505279.960224211,2732877.8057062775],[4505366.547548846,2732519.2987835812],[4505560.122101351,2732237.068853462],[4506050.008547509,2731784.9525543517],[4506430.508641235,2730868.2384849787],[4506848.859443545,2730145.756607685],[4507357.523479606,2729708.9939366733],[4508867.928734165,2728659.1230218667],[4509332.444753804,2728131.6217697435],[4509721.500079002,2727973.2568858042],[4510155.193811929,2728013.7415164034],[4511205.769547619,2728791.3595182155],[4511619.438440172,2728926.2052519955],[4514968.965421572,2728490.494992497],[4515298.23792233,2728240.9857273023],[4515485.649864182,2727849.0552751045],[4515276.851490809,2726174.672827696],[4515372.28689422,2725817.1207721606],[4515603.854401056,2725528.4209897527],[4515932.317672911,2725357.488075832],[4516961.699592215,2725180.178519961],[4517827.322758438,2724885.5138328383],[4518372.706717455,2724819.482913635],[4519389.792004408,2724461.9677437204],[4520062.629106247,2724330.617944164],[4521167.975350904,2723775.680645439],[4522510.959986178,2722332.5862274626],[4522594.061203173,2721955.4017413277],[4522514.6155058695,2721581.6666511577],[4521602.412452083,2720544.434775912],[4521422.767349602,2720074.0059855715],[4520899.11658545,2719215.4819883234],[4520853.324387852,2718673.3392393794],[4521037.738097315,2718299.1662382153],[4521551.259121026,2717907.742470754],[4521747.790824598,2717617.249119004],[4521814.28075676,2716785.0550723653],[4522299.672669812,2715208.249399424],[4522901.58083134,2714665.9793824167],[4523152.131179556,2714007.0859218324],[4523330.855742931,2713757.111693539],[4523968.767980622,2713211.7185442825],[4524661.057018341,2712924.6483766865],[4525138.7250130875,2712414.19072838],[4525463.56495158,2710975.9593282463],[4525380.978152822,2710460.484999473],[4525097.655153194,2710124.2247164506],[4524379.542975763,2709799.6149574025],[4523764.312756085,2709409.9149067723],[4523067.458798452,2708794.169063398],[4522270.439818404,2708439.5994371315],[4521522.147594581,2708363.9883623477],[4521148.508610049,2708112.319254755],[4520926.402241807,2707605.919318037],[4520902.234003875,2707159.1724516326],[4520996.630291287,2706653.2512945253],[4520914.210216256,2705839.0298323673],[4520157.088819945,2704737.6240631347],[4519737.634112682,2703558.412824222],[4519238.2247780645,2703065.8415238955],[4518509.3166729575,2702863.233741721],[4518093.788757654,2702607.9435567996],[4517603.027206889,2701990.0801043855],[4517198.842074598,2701212.8504172885],[4516303.36614222,2700319.804953134],[4516010.762890953,2700178.9481725073],[4515564.344286694,2700126.9024462397],[4515025.856275076,2700194.523072605],[4514124.370103938,2700518.5376305003],[4513806.098848663,2700534.5061681108],[4512421.4766271515,2699980.9007998235],[4511720.164028949,2699807.954821277],[4511102.547726002,2699758.0965788327],[4510734.292678253,2699525.3370089396],[4510408.262658369,2699018.5910757952],[4509880.275048712,2698523.787753394],[4509720.9899934335,2698054.151694185],[4509760.608136689,2697744.4404656803],[4510005.182725824,2697143.2035814254],[4510583.787337164,2696600.095316914],[4510771.209566631,2696208.195696267],[4510783.502268583,2695420.2138970234],[4510521.415670772,2694403.6114874403],[4510273.41454834,2694040.567236522],[4509671.793091803,2693639.6575483647],[4509036.196416505,2692774.432113183],[4508178.037355159,2692316.647459321],[4507723.370406947,2692238.8852391457],[4506466.023151918,2692497.28152862],[4505548.295094105,2692532.1340973703],[4504722.605277852,2692139.019895439],[4504267.0013228785,2691470.5669457163],[4503669.242171168,2691019.4722150434],[4502919.521220445,2690910.687787964],[4501928.37593058,2691039.530769489],[4500653.815460247,2690615.477588481],[4500364.235468007,2690661.476185533],[4499633.336726278,2690969.3145625615],[4499116.191239052,2691290.3692748975],[4498466.015195702,2691428.853232232],[4497218.1046869,2692123.942658468],[4496909.163110661,2692162.05788463],[4496332.709025556,2692081.5318875434],[4495524.25968083,2692218.7488418827],[4495201.723484944,2692101.114181715],[4494871.772960311,2691818.557836731],[4493158.455340363,2689712.2966223718],[4492676.88424586,2689415.522237217],[4492297.134757686,2689343.99861537],[4491454.837860894,2689456.6390793137],[4490243.907559932,2689199.0143735157],[4489933.126920715,2689274.4443198396],[4489461.414282911,2689537.142299822],[4489091.010335384,2689574.174286394],[4488784.271435355,2689483.792159042],[4487609.154895089,2688843.726950082],[4487193.7222884605,2688775.6403477993],[4487339.964681265,2691571.8844761574],[4487671.600061479,2693128.255805267],[4487842.07780923,2694493.2264574226],[4487811.095999563,2694719.5292268735],[4488907.957723022,2694504.222617999],[4488136.328290151,2696593.9065934573],[4487634.126537073,2697675.4647904937],[4486900.439577552,2698926.458323528],[4486007.849449215,2700867.369071348],[4484558.424248202,2702421.0394472303],[4483727.649624961,2702249.853956416],[4483000.957123437,2701706.1357915867],[4483082.299013585,2699210.7724340335],[4482651.898320159,2696941.886421355],[4482215.526274122,2696326.065910765],[4481335.512768603,2696242.4856132576],[4480695.094688277,2696821.240272559],[4480956.373913066,2697856.3272082824],[4481108.72799287,2700188.3624148755],[4480993.666304134,2701078.024265858],[4480851.268477846,2701461.8412240804],[4480534.181390233,2701539.2635212466],[4479668.916324714,2701250.4008960454],[4478990.450811925,2701430.290282763],[4478687.073763521,2701858.4758857554],[4478589.035918477,2702194.9841117524],[4478631.01403729,2702658.1445000125],[4478861.57762707,2703428.2187162773],[4479191.822920139,2703874.7897172547],[4479835.575065223,2703833.7724231407],[4480234.132304655,2703894.4336915296],[4480555.5095163435,2704263.9204927697],[4480768.401307051,2704718.400098333],[4480701.07410012,2707139.9031752506],[4479415.03815572,2709047.012785422],[4478789.7758746585,2709598.0252735694],[4478088.07478036,2709778.5460246787],[4476800.993463933,2708855.3881154265],[4473686.76237934,2708233.5370963053],[4472876.394894996,2707841.76375484],[4472447.846001862,2707731.8729668083],[4472339.237326008,2707885.632198124],[4470144.543881053,2707175.673442026],[4469743.03700158,2706967.6966251014],[4468165.350334565,2705747.498367363],[4466421.20795452,2703868.194325753],[4466135.882457894,2703338.4844071013],[4465096.644200592,2702499.6980107324],[4465035.876593163,2702362.065650933],[4461345.616101612,2700703.8989363327],[4459185.445656108,2699315.094515744],[4459139.390164267,2699041.421645573],[4458468.509933988,2698824.124889192],[4456599.715106753,2697588.542968473],[4454394.567851014,2695210.913650101],[4453063.358621203,2692563.5047249924],[4452278.043064348,2690689.8586905934],[4451996.902900689,2689787.6515833028],[4448808.836499598,2687195.668361472],[4448398.3901881585,2686656.176696718],[4447921.515198312,2686436.352227263],[4447672.704296035,2686467.0557571426],[4444737.925065095,2685089.4705396225],[4444607.399767997,2684961.9007601994],[4443948.104705265,2684719.722648792],[4440426.97025857,2683836.871768341],[4437031.175971178,2683198.4141263356],[4434656.504705585,2682464.433238726],[4431313.626006254,2681105.7681599986],[4431017.089207321,2680901.2291883235],[4430277.370434895,2680658.963751738],[4429265.820557186,2680472.7874876447],[4427718.88224499,2680023.2403414487],[4427199.243260293,2679968.519362688],[4426967.758370638,2680018.1877345806],[4426879.644940447,2679885.475684204],[4426562.612224343,2679745.364684547],[4425483.673277061,2679468.7004988156],[4425093.245376619,2679440.931999528],[4424943.074968996,2679348.4965156345],[4423343.642606286,2680133.9047289053],[4421365.732440572,2680592.6199018275],[4417916.748853589,2679578.918775925],[4417112.986328915,2679774.6541329343],[4417049.667549851,2680414.648361669],[4417157.65586283,2681220.2164064595],[4417347.182360168,2681655.91327384],[4417330.027267952,2682226.6775718085],[4417828.38063374,2682873.5514392206],[4417779.802555961,2683076.686406664],[4418261.807591996,2683709.6962731057],[4418583.650614828,2684589.2359775165],[4417957.6077575665,2684773.631106777],[4417371.003555805,2684820.7999934577],[4415865.546774741,2685547.500631322],[4414986.577255127,2685773.9598965654],[4414188.531937942,2686404.0075433203],[4413255.0686718775,2686496.9389389083],[4412353.254097315,2686688.1862678947],[4410615.158764901,2687616.4198922934],[4407835.518236647,2688429.0486714896],[4406606.141226847,2688938.072114911],[4405880.146201465,2689544.3142526266],[4404449.584721111,2690220.7261788137],[4402674.153626511,2690415.1789140664],[4402449.877024369,2690509.191199152],[4401136.85653901,2690575.6762041184],[4399691.025334338,2689795.7963893097],[4398809.395288825,2690086.049479266],[4398180.586179737,2690422.7688758736],[4397835.068031609,2690442.784199163],[4396406.2138199685,2690171.0110893445],[4395147.740892899,2689814.702426891],[4393088.846180768,2689659.1426177337],[4392388.215021515,2689263.9648701],[4391658.818852592,2688614.7285702294],[4391220.147928371,2688407.851227877],[4390695.2630524775,2688304.2114924574],[4390118.184233105,2688407.641106578],[4389850.223705961,2688594.620833843],[4389152.614985669,2689374.2300794846],[4388148.296618997,2689559.2438287297],[4385824.957857478,2688976.970358907],[4385449.553222427,2690511.2079017987],[4384557.671789706,2690740.972721512],[4384101.896455951,2691358.5683178767],[4384183.135363204,2691945.270242985],[4384649.767374609,2692634.3652702384],[4385385.408909064,2693190.761227906],[4386277.571654824,2693592.7432626714],[4387150.45708151,2693787.3823159924],[4389424.440996143,2694729.7736206213],[4389950.959796994,2695422.5958683765],[4390253.65893177,2696118.6806223383],[4391062.203337866,2696487.525526423],[4392021.799719346,2696264.377541659],[4392098.671327011,2696745.911976489],[4392594.617946203,2696909.7976590428],[4392657.377897287,2697394.9422209766],[4391898.03335443,2698824.274555637],[4392173.123460192,2699468.1383476728],[4392161.216167495,2700340.606331992],[4392521.501844649,2701460.8273780365],[4392574.469059046,2702040.125270519],[4392320.493804972,2702289.372477488],[4391447.48998541,2702830.761538816],[4391143.513105369,2704003.1801573355],[4391339.426305697,2704238.9346685475],[4391289.519474614,2705431.662392172],[4392050.7171215,2706169.0278758463],[4393541.382397153,2704887.1143170847],[4394675.4982199045,2703381.311437775],[4395545.606578804,2702435.149716056],[4395630.092604542,2701181.622036032],[4395195.040752352,2700747.6141724647],[4394609.95620877,2700628.467092802],[4394520.715620843,2700264.03548112],[4394654.829546442,2699942.6471390747],[4394572.882155056,2699497.3159519],[4394640.861815632,2699165.8700307077],[4395072.861188288,2698959.2076544412],[4395713.118320106,2698834.1372915],[4396032.4810735965,2698902.579201839],[4396311.335453718,2698740.614006215],[4396953.55864441,2698668.8687833315],[4397824.012961177,2698970.486977271],[4398316.956052049,2699006.5715769455],[4398550.60878929,2698941.774406446],[4398869.400043235,2698619.6221416984],[4399152.104255922,2698885.042675836],[4399419.352195032,2698967.12206813],[4400161.283692199,2698705.1432162207],[4400497.473689224,2698920.086060652],[4400896.820466449,2698885.188555937],[4401176.3099517925,2698989.129813269],[4401699.567247656,2698889.848119348],[4402255.85604922,2698966.1618699646],[4403682.727095629,2698954.618967111],[4404099.207756003,2698802.588211391],[4404361.924344891,2698928.0200527925],[4405152.589502203,2698946.019397542],[4405532.769137732,2699156.881645933],[4405437.525337277,2699475.2740113637],[4405491.887645619,2699931.3954827893],[4406022.344263083,2700751.3577772332],[4406951.660300759,2700977.0995965],[4407692.83910457,2701560.5363742625],[4408179.259486165,2701811.682875845],[4409199.584852702,2701995.513198104],[4409608.256471223,2702142.633443419],[4410008.440720381,2702428.3087776005],[4411335.942912335,2702595.0309955054],[4411793.619113631,2703226.380009452],[4412110.915963178,2703311.4679795764],[4413108.584010299,2703029.8182599857],[4413523.464600023,2703003.970542314],[4414313.553383943,2703165.871421561],[4415343.08816613,2703206.7123841634],[4415595.15555159,2703080.7331264303],[4415922.4813449895,2702525.900577711],[4415903.032130121,2702194.4997972315],[4415460.497956231,2701809.4715458085],[4415172.031447376,2701395.8278903076],[4414952.253821238,2701250.0227570543],[4414888.309655482,2700858.440911208],[4414525.206922438,2700524.661373119],[4414382.469469983,2700293.2371207704],[4414223.582255165,2699732.6790179308],[4413746.513542407,2699236.7095637047],[4413719.385703587,2699028.5956335906],[4413989.568372064,2699275.7312290836],[4414396.771874043,2699363.039823619],[4415793.475320012,2699458.238410387],[4416073.063833081,2699409.7118457756],[4416394.228603986,2699538.2464616615],[4416833.508732145,2699363.8760658437],[4417031.056826312,2699392.3101197234],[4417799.011656996,2699826.5214388636],[4418125.9001454115,2700327.2882577274],[4418138.73590081,2700689.838920192],[4418321.002079529,2701173.1936061583],[4418297.125544384,2701495.423965194],[4418109.565807104,2701774.1329323817],[4418235.233553782,2702545.9657498263],[4418480.555662473,2702722.8065677015],[4418732.954180742,2702740.0289774053],[4418847.29345114,2702950.781426092],[4419030.146449803,2703067.146459739],[4419944.78064105,2703052.799090001],[4420239.031441884,2703220.6132846046],[4420540.651677406,2703814.902114767],[4421101.5431316905,2703879.883887186],[4421201.129046606,2704502.4345985996],[4421635.479747014,2705052.5436645155],[4421871.4189461805,2705222.3029760905],[4422487.486374088,2705239.44280026],[4422958.155236944,2705054.8234229954],[4423500.3142806925,2705148.1580292494],[4424102.719340265,2704759.3401272534],[4424303.777818287,2704799.906415795],[4424593.44823646,2705144.8321265313],[4424777.239121666,2705222.1925447527],[4425582.055182151,2705170.86831375],[4425909.236812945,2705002.8986021345],[4426831.314504393,2705140.7729601893],[4427167.433451432,2704994.722726126],[4427614.307542895,2705016.5036883755],[4427268.549685872,2705556.8266100474],[4427233.993509531,2705955.2315203133],[4426934.783656299,2706638.1382782036],[4426582.482179839,2706638.5505724624],[4426159.484318626,2706518.8202490513],[4425657.577759032,2706669.8810973987],[4425094.403111414,2707367.7956483364],[4425163.226292273,2707976.512300349],[4425666.290570162,2708817.4219487677],[4425970.339354165,2708946.1132954243],[4426311.926352787,2709354.9199587973],[4426895.419217375,2709818.124676389],[4426916.536571537,2710017.971732234],[4427153.350961365,2710330.2437511347],[4427263.421279752,2710645.4832928195],[4427560.675118295,2711077.8226075913],[4427840.167051837,2711272.9076971426],[4427947.023089883,2711532.3779831342],[4428562.841913327,2712067.0455715307],[4428814.738644075,2712421.004045574],[4429529.273512369,2712918.848006106],[4429725.265151116,2712958.8511655973],[4429918.124127379,2712857.0323223183],[4430048.520649012,2712415.8359739617],[4430436.309622681,2711901.2200369593],[4430960.7307125935,2712001.1359234164],[4431475.529616884,2711954.9761826196],[4433148.464806591,2712034.771719764],[4433317.875594971,2711972.0979576865],[4433437.776730642,2711803.0600915994],[4433981.111259929,2711873.7952072313],[4434344.088598934,2711790.94330087],[4434532.844597491,2711664.470695595],[4434859.238555099,2711764.9479482146],[4435242.414550482,2712213.131779597],[4435400.27422349,2712298.451022479],[4436101.034612277,2712126.4121252997],[4436584.833598618,2712100.4464194076],[4437032.373214241,2712199.017955704],[4437310.24196153,2712404.5402495093],[4437894.68188272,2712614.809412564],[4438156.736873897,2712548.278301169],[4438689.55219621,2712709.5608731234],[4439318.284367029,2712727.361149569],[4439631.464136682,2713315.7117885062],[4440348.972296584,2713851.8377132355],[4440286.777751767,2715137.7617362393],[4440159.500350996,2715457.3267422933],[4440132.313780647,2715925.0099180494],[4440382.178210396,2716553.2812085645],[4440202.237540519,2717018.163157214],[4440494.267434832,2717696.388032692],[4441184.792800945,2718464.561197253],[4441587.314355231,2720051.317328314],[4441718.211870035,2720224.304391738],[4441918.291778562,2720307.0678632497],[4442356.582986601,2720144.4250827394],[4442571.9772110535,2720483.769925719],[4442807.751757363,2720606.471835568],[4443186.901816494,2720607.780765904],[4443441.445469332,2720499.1151496996],[4443601.4098563725,2721362.382092577],[4443941.745245606,2721724.8688196978],[4444164.422795873,2721773.4384229057],[4444634.950265899,2721633.4119990477],[4444910.614901375,2721273.711741478],[4445254.700294888,2721298.1764819063],[4445930.661125706,2720661.288117979],[4446234.575801519,2720619.860855321],[4446829.597807677,2720820.310177129],[4447347.835567261,2720794.0072839116],[4447517.040731479,2720699.7648787787],[4448195.0598925,2721030.368458503],[4448909.987322125,2721259.85843602],[4450706.826740979,2721319.560379938],[4452302.9908340005,2721208.216906868],[4452889.594678193,2721374.027340301],[4453463.1218864415,2721367.121468505],[4453959.862291108,2721511.3594577136],[4454297.767485646,2721450.542318402],[4455029.929329781,2721653.665728011],[4455782.693901673,2721268.985264959],[4457713.481843066,2720985.495697338],[4458576.468332696,2721104.356166901],[4458827.412560804,2721003.7125559165],[4458942.0623292355,2720735.228763134],[4459485.62837484,2720758.4229360144],[4459690.272823303,2720685.3237875714],[4459784.418576354,2720738.7903509233],[4460267.249702574,2722818.008636196],[4460441.755698471,2723006.024031948],[4461088.435100258,2722901.9808929213],[4463482.040881911,2723838.8131228047],[4464029.344089925,2723791.9849174484],[4464887.162425043,2724413.1394634633],[4466397.273457164,2724335.766802188],[4467836.93283664,2724716.862427291],[4469012.773091171,2724902.4419034673],[4469572.056295576,2724717.181723022],[4469753.4356741095,2725002.732533176],[4469944.479762836,2725123.518793915],[4470596.868323138,2725331.0354207447],[4471265.869116515,2725433.363694991],[4472024.755642059,2725865.812182555],[4472199.677727333,2725826.094375221],[4472615.358209191,2725535.4632821586],[4473157.353805166,2724364.192960469],[4473439.473256965,2724347.6430116827],[4473540.583106295,2724619.3213553084],[4473785.163422464,2724894.8919001194],[4474132.7025687,2725069.5726433946],[4474957.809578248,2724954.5592489326],[4475228.403182055,2724821.2836288055],[4475456.755859954,2724880.558921558],[4475799.224279836,2725204.1489153737],[4475987.820098826,2725269.0196815175],[4476368.984602704,2725237.450829965],[4476576.208205115,2724985.101118281],[4476899.551303001,2724806.583578701],[4477465.393207296,2724677.8827287713],[4477738.477868143,2724306.5990268285],[4478440.206592304,2724408.280587792],[4478728.15194689,2724375.188697741],[4479640.979164486,2724582.2774839173],[4480128.141922019,2724564.4646165464],[4480580.364906218,2724382.701112497],[4481140.1621602615,2723996.09368397],[4481943.306731382,2723970.3214745913],[4482694.335477684,2724387.3521366697],[4483025.169613262,2724473.5157735865],[4483620.509015349,2724865.1077578673],[4484251.718155989,2725023.3529187962],[4484731.939934422,2725043.158471308],[4485015.096315817,2725006.4163192427],[4485175.256449772,2724858.153140594],[4485401.191170685,2724317.539817484],[4485307.576447509,2723941.61627074],[4486467.603725025,2724122.0396672925],[4486684.324414029,2724234.3203308363],[4486792.35268611,2724643.890946647],[4486428.807017793,2725645.801337435],[4486312.673857594,2726492.1721239164],[4486031.070708157,2727601.109097043],[4484910.218241245,2729661.7972182063],[4484693.504827647,2730545.681669578],[4483919.51451027,2731382.6964386236],[4483519.76623863,2732122.6391515],[4483287.284652288,2733005.8710297043],[4483090.881999075,2734438.6750375945],[4483353.793707452,2734632.330167261],[4484829.476414575,2734606.3991871225],[4484951.5004904475,2734871.330856802],[4485747.4580435455,2735476.186474225],[4486018.979546946,2735554.258704902],[4486263.641036489,2735458.1295580287],[4486458.42053777,2735726.6566147837],[4486895.763419642,2735809.394427156],[4487912.44061473,2736562.2168314653],[4488826.562322427,2738130.872085927],[4489574.416277749,2739222.3406203715],[4490398.117743085,2739490.3318902627],[4490571.769745834,2739391.4501704024],[4491089.579418907,2738675.3016274665],[4491280.095451715,2738017.890061385],[4490734.557690757,2736642.366583116],[4490544.593928816,2736386.1509052124],[4490222.64436198,2735627.550734479],[4489959.714159639,2735383.9468644103],[4489641.095991698,2733790.2138620806],[4489929.489251254,2733223.100856738],[4490095.698116629,2733099.409066663]],[[4444541.503289424,2707804.5267090686],[4431636.388387133,2711942.778334628],[4432641.229537056,2708974.911476846],[4446376.359501527,2704567.011120775],[4446559.303229045,2704605.5653782706],[4446714.034401879,2705384.556669649],[4446627.950633932,2705629.62261102],[4444541.503289424,2707804.5267090686]]]}},{"type":"Feature","properties":{"flugjahr":"2022","gebiet":"Tirol","bemerkung":"2024 DSM und DTM Stand 2022 eingespielt"},"geometry":{"type":"Polygon","coordinates":[[[4531637.801259733,2666740.266997746],[4532629.391952962,2665590.0109882485],[4533787.950192999,2664672.0601421297],[4533147.692383844,2662417.418071343],[4531816.15071163,2661120.274331308],[4530517.060994743,2660024.4630496255],[4531016.017723922,2660518.417573334],[4531076.848505309,2661373.14269918],[4531663.833183538,2661692.1152607966],[4532248.267857932,2662206.1644970663],[4532312.790942366,2662488.957410519],[4532188.275619867,2662784.814307633],[4531533.143742487,2663359.3763584495],[4531041.122352516,2663407.437450543],[4530755.197266719,2663537.5787809603],[4530288.695695211,2663467.5556053435],[4529997.493848239,2663211.495977415],[4529493.356695876,2663069.463542651],[4528921.8565214425,2663023.3584187175],[4527712.832192322,2663213.501203106],[4527537.962979604,2663466.0219940543],[4526757.668342729,2665830.8610812426],[4526512.579889502,2666258.0645810757],[4526005.040622869,2666484.8995410455],[4525610.86652865,2666791.2631985415],[4525466.162565467,2667151.968216881],[4525105.459966277,2667445.8267937778],[4525002.821192155,2667707.0447029755],[4524477.556431429,2668217.5748917805],[4524270.198934157,2668309.899054209],[4523961.643347105,2668319.5647383146],[4523087.110389575,2669139.8670820924],[4522519.164104589,2669292.527938232],[4521827.516870508,2669685.9954055026],[4521203.9834923055,2670406.611809436],[4520956.883298702,2670809.0726572284],[4520375.950669567,2671241.474372233],[4519733.328372231,2671548.38199167],[4523063.261984798,2671799.633317662],[4526246.825160812,2670623.629067732],[4528325.683059097,2669255.50981614],[4531637.801259733,2666740.266997746]]]}},{"type":"Feature","properties":{"flugjahr":"2017","gebiet":"Tirol","bemerkung":"2024 DSM und DTM Stand 2017 eingespielt"},"geometry":{"type":"Polygon","coordinates":[[[4436056.909925083,2655277.701535332],[4434896.171275027,2655567.151773582],[4434959.542043934,2655868.9187611593],[4435146.930658227,2655729.430041901],[4435387.689922064,2655735.211789086],[4435611.856414464,2656381.8964640424],[4435095.7502507,2657794.9666484995],[4435001.929886933,2657904.4076098143],[4434593.532903405,2658059.616979576],[4434423.897292531,2658195.0037943646],[4434974.459852185,2657977.827525928],[4435128.5537883,2657842.2309258063],[4435596.613232947,2656564.5659286343],[4435627.945031041,2656370.109558535],[4435556.556502358,2655798.2540529044],[4435655.061211184,2655671.394065537],[4435996.324988305,2655507.5594861386],[4436056.909925083,2655277.701535332]]]}},{"type":"Feature","properties":{"flugjahr":"2021","gebiet":"Tirol","bemerkung":"2024 DSM und DTM Stand 2021 eingespielt"},"geometry":{"type":"Polygon","coordinates":[[[4432633.673052637,2708992.9402209325],[4431636.388387133,2711942.778334628],[4444541.503289424,2707804.5267090686],[4446627.950633932,2705629.62261102],[4446714.034401879,2705384.556669649],[4446559.303229045,2704605.5653782706],[4446376.359501527,2704567.011120775],[4432633.673052637,2708992.9402209325]]]}},{"type":"Feature","properties":{"flugjahr":"2020","gebiet":"Tirol","bemerkung":"2024 DSM und DTM Stand 2020 eingespielt"},"geometry":{"type":"Polygon","coordinates":[[[4481172.190255807,2724007.20547635],[4481684.951711473,2724667.302035992],[4482015.484399618,2724949.3029382653],[4483194.289111408,2725583.528160153],[4483767.107785097,2726379.0376797756],[4483645.155352327,2728050.400457031],[4482542.886705655,2728835.8771611024],[4482291.862831948,2734167.533555629],[4483210.001243862,2734587.5680214204],[4483070.6935104625,2734279.589168781],[4483511.308007271,2732144.430729625],[4483919.51451027,2731382.6964386236],[4484693.504827647,2730545.681669578],[4484917.675211946,2729645.412743091],[4485979.784272429,2727733.257244195],[4486312.673857594,2726492.1721239164],[4486428.807017793,2725645.801337435],[4486791.764314924,2724541.673603051],[4486684.324414029,2724234.3203308363],[4486566.212283999,2724155.333928472],[4485307.576447509,2723941.61627074],[4485397.790240491,2724337.519368266],[4485116.018340766,2724939.8442525356],[4484923.860494988,2725028.252358473],[4484271.902659882,2725025.454442286],[4483530.085870125,2724830.0213261303],[4483025.169613262,2724473.5157735865],[4482694.335477684,2724387.3521366697],[4481943.306731382,2723970.3214745913],[4481172.190255807,2724007.20547635]]]}},{"type":"Feature","properties":{"flugjahr":"2022-23","gebiet":"Steiermark","bemerkung":"2024 DSM und DTM Stand 2022-23 eingespielt"},"geometry":{"type":"Polygon","coordinates":[[[4652874.240707056,2712978.692661667],[4653140.158175482,2712899.783477625],[4653452.967007609,2712505.7202413473],[4653841.907749525,2712476.489509954],[4654182.379052793,2712250.85585067],[4655157.593714313,2712215.454776673],[4655446.953028903,2712104.588628932],[4655763.768594641,2711710.7140605277],[4656055.398692248,2711570.9288970307],[4656568.055907939,2710709.582488878],[4657067.489417389,2710286.0529941763],[4657344.686981805,2710451.9032472493],[4658108.188595295,2710196.629751388],[4658366.117660054,2710299.538646507],[4658883.854225493,2710280.23504335],[4659141.221228156,2710373.114419091],[4659447.790402456,2710372.160752364],[4659721.772090694,2710246.595798866],[4660206.942409175,2709760.362135335],[4660344.043429031,2709444.3403583122],[4661483.846607021,2708581.7326041395],[4661661.707828748,2708090.407483286],[4661804.737249337,2708232.0986721045],[4662044.865996469,2708284.153416903],[4662752.938582413,2708173.502096049],[4663524.872471275,2708342.054680118],[4664007.010766558,2708221.036765781],[4664136.010560906,2708043.7776130387],[4664247.269738649,2707586.4350416046],[4664455.910474836,2707283.7050640527],[4664409.664006225,2707082.391996085],[4663894.741349103,2706422.156890566],[4664080.383593122,2706027.288886263],[4664096.018741334,2705648.6448374675],[4664316.801993641,2705411.539467782],[4664526.222100916,2705524.2464071335],[4664807.212247397,2705467.074371372],[4665585.165092923,2705772.034638459],[4665867.709663383,2705633.8579919455],[4666201.619394989,2705215.771863626],[4666593.469089671,2705211.736825656],[4666731.009228448,2705387.2105788756],[4666935.843202372,2706356.523511828],[4667856.120982353,2707138.489713263],[4668119.997290961,2707151.6115953955],[4668337.936756367,2707047.5128522003],[4669289.133088173,2707353.4665521597],[4669972.870494472,2707476.9687542426],[4670172.5051086,2707379.0347658666],[4670285.745645241,2707150.007718502],[4670930.228647555,2706890.3328886004],[4671290.829530083,2707255.23449245],[4671924.412160289,2707380.430587338],[4672780.641882041,2707180.541712421],[4673316.467156952,2706453.428349033],[4673631.980227555,2706271.73555478],[4674048.7571008615,2706407.008139719],[4674396.319477212,2706384.9484730707],[4674703.64567436,2706138.818910965],[4674956.648142367,2705669.975726667],[4675319.932209028,2705654.6572270263],[4675793.589627225,2705407.1802513953],[4676288.677601197,2705059.588148356],[4676496.9454108365,2704696.8003365686],[4677259.331596051,2704398.540441338],[4677584.696671119,2704448.5417913618],[4677835.572153681,2704369.993195732],[4677999.323131673,2704131.2824493344],[4678403.2494194675,2703829.547047215],[4678610.157744042,2703497.727865829],[4678889.729915,2703495.5742709846],[4679103.661814122,2703710.6201312663],[4679679.204340942,2703971.334350262],[4679598.163427026,2704219.8558998182],[4679627.424560127,2704397.37746348],[4679997.219735287,2704803.78180218],[4680431.006059441,2705463.3829765627],[4681127.492520238,2705729.673649291],[4681193.681490605,2705932.9203777937],[4681177.9995451765,2706562.8272381574],[4681593.0782218035,2707032.3821392977],[4681689.757958131,2707271.0642262716],[4681991.234765848,2707339.996801605],[4682640.625563921,2706900.428577371],[4683502.886323883,2706585.7796009686],[4683684.67891369,2706164.724430478],[4683887.43047972,2705904.79248152],[4684235.348916373,2705646.5389664983],[4684436.561165503,2705603.752064802],[4684523.190036798,2705774.9081801963],[4684747.012957919,2705901.330305992],[4685191.5779118715,2705882.75998635],[4685827.168259892,2705597.7088873484],[4685955.310670441,2705394.3986226586],[4686140.347742817,2705286.802157022],[4686490.058957654,2705306.9107759753],[4687202.3332075365,2705100.4749124656],[4687484.8382213665,2705145.520624095],[4688243.5507749785,2704794.086140938],[4688490.950324828,2704384.0601814752],[4688623.01889732,2703726.4740343606],[4689034.425118585,2703391.079437384],[4689124.598892834,2703231.0690834336],[4689492.6651595635,2703106.8892056923],[4689926.015745626,2702796.522697026],[4690028.644274328,2702489.930656842],[4690426.159434588,2702037.7726419074],[4690410.161807705,2701763.7576895715],[4690121.237400043,2701523.211906851],[4690150.819873749,2700463.5364024173],[4690427.879202918,2700153.9905041293],[4690647.686184905,2700144.1014118646],[4690830.129511236,2700004.365447988],[4690916.762930581,2699605.9683535253],[4691288.577465116,2699077.5729470584],[4691993.92768075,2698845.821792715],[4692408.514198316,2698415.4828593265],[4692565.021934705,2698341.614864283],[4692849.915950724,2698377.7679948085],[4693086.866067443,2698228.5307052573],[4693180.864219004,2698072.70487211],[4693197.754578847,2697734.1454015216],[4694413.924265731,2698186.6212855983],[4694587.12498571,2698097.5135548627],[4694691.095600793,2697897.1063461057],[4694649.182014472,2697642.92466317],[4694514.819019335,2697486.5800285963],[4694827.04988802,2697424.902117347],[4695131.551452083,2697539.044209579],[4695357.668744321,2697408.333993396],[4695612.269511487,2697723.3803918753],[4695886.344642251,2697846.134241499],[4696249.201464746,2697817.829980064],[4696457.41391559,2697684.292432296],[4696969.054181074,2697917.093914739],[4697543.366170765,2697931.560903738],[4697916.023685051,2697816.6245354204],[4698093.76498167,2697965.967544957],[4698291.685263254,2697998.123264255],[4698547.913117143,2697888.8253271864],[4699078.36331898,2697283.6829793714],[4699755.446277337,2697079.708146976],[4699989.672198281,2696673.120005347],[4700055.543160998,2696017.524610956],[4700276.449472436,2695663.3679916845],[4700444.1094841845,2695517.9566401443],[4700828.123330037,2695395.543826652],[4701022.364930946,2695101.2144971727],[4701043.258598185,2694739.826661491],[4700924.319910698,2694004.6310547087],[4701317.419029247,2693880.6399517115],[4701762.254859897,2693924.2047404298],[4702331.762026946,2693797.3602059903],[4702533.984280578,2693617.516652316],[4702852.103350902,2692760.358314817],[4703535.931677213,2692516.65779417],[4703637.100568281,2692334.143445554],[4703748.526928137,2691598.551897887],[4703967.382770765,2691108.1635887036],[4704033.0702687455,2690524.629280892],[4703920.612696786,2690348.273116963],[4703527.13226642,2690138.9325458743],[4703439.097207516,2689748.499441321],[4703310.76665802,2689591.4314821307],[4703017.86325882,2689372.7065030225],[4702638.007889495,2689332.1343045156],[4702339.317344218,2689131.1474763076],[4702403.497122007,2688718.7011954207],[4702266.888245287,2688499.1797241936],[4701926.852461097,2688327.3195981123],[4701563.211343157,2688282.497081996],[4701138.197041597,2688015.6286345227],[4700742.461716993,2688017.3747285763],[4700456.897904436,2688156.3365957825],[4700116.420116714,2687766.257408756],[4699718.654413527,2687722.871157846],[4699423.50853923,2686938.505930947],[4699137.490333588,2686631.022459046],[4699009.706406699,2686255.772328059],[4698568.471668095,2685604.8161697863],[4698247.97291381,2685352.809087989],[4697948.059989389,2685270.9123803503],[4697481.076573749,2684658.8256829767],[4697218.104758254,2684442.51193785],[4697210.244638095,2684164.8924567434],[4696841.114239048,2683651.410865147],[4696266.845206983,2683498.8189570005],[4696329.363893063,2683169.391477259],[4696279.965149846,2682833.8036948005],[4696098.645867613,2682514.1568129426],[4696396.045697517,2681785.169761804],[4696478.523719653,2681297.509805801],[4696409.386284336,2680978.0286062006],[4696247.175708915,2680702.305581624],[4695846.870807824,2680533.724699143],[4695533.018533985,2680220.983893684],[4695404.773289979,2680015.8887239266],[4695488.362040339,2679731.4681534586],[4695409.847937699,2679511.6475030025],[4694892.964798241,2679260.616784573],[4694752.307050817,2678972.8750018766],[4694419.519706563,2678703.302472084],[4694551.878734697,2678082.822448062],[4694520.238604918,2677776.085005886],[4694674.470870357,2677296.7494515907],[4694720.233094207,2676595.2210884327],[4695212.331021721,2676086.410864131],[4695277.189618776,2675909.2355754427],[4695197.75722004,2675367.088595248],[4694922.3807224585,2675136.207635043],[4694599.774506824,2674359.658976196],[4694214.026517172,2674155.720766812],[4693878.072177476,2674301.3981927237],[4693102.713877712,2674415.837756621],[4692455.687686069,2675122.7043589125],[4692013.1125727715,2675255.4651225503],[4691856.426378569,2674761.8153377054],[4691525.296395192,2674477.328642507],[4691357.812630642,2673726.9588345005],[4691217.990907248,2673534.357658738],[4691030.632411942,2673443.659942555],[4690946.210395025,2673129.501421619],[4690916.193767543,2672327.425169527],[4690787.625272764,2672129.341264773],[4690497.613189251,2671980.8737212825],[4689693.457321691,2671952.8578347056],[4689354.017069873,2671285.7046014466],[4689201.176508772,2671161.579412313],[4688409.585084863,2671098.1580133433],[4688130.897451833,2671194.4324451815],[4687867.037460067,2671089.2215812053],[4687757.39896398,2670801.947994454],[4687390.373701649,2670581.898493866],[4687098.309557135,2670251.20033502],[4686492.5731722135,2669946.099854406],[4685812.025524578,2669839.7376222834],[4685570.397926101,2669615.45223706],[4685282.647125047,2669598.2205007663],[4684933.689431587,2669789.3518973663],[4684550.68748254,2669636.6373304278],[4683809.003124313,2669805.720392229],[4683491.277200277,2669718.0581158996],[4682588.217956129,2669065.05876775],[4681572.7281898875,2668669.1192380884],[4680965.440968721,2668261.903072397],[4680754.444408144,2667863.885073322],[4680887.929379369,2667239.489390211],[4680707.973864028,2667025.048957056],[4680401.869074651,2667061.031726221],[4680033.622959506,2667418.4296085862],[4679618.288375304,2667180.1724303775],[4679275.913460861,2667243.5112849325],[4679137.095052068,2667348.2251182953],[4678816.269485347,2667239.4145432003],[4678315.697150442,2666888.1582942745],[4677606.619428526,2667112.8036206444],[4676864.728507996,2666942.6318025384],[4675798.423001862,2666952.7185432124],[4675252.062555211,2666778.518809751],[4674677.608078332,2666421.8915366875],[4674098.9185224725,2666368.3146118657],[4673779.673554169,2666429.723566264],[4673081.605141905,2666242.5632932475],[4672501.677973346,2665209.1635506237],[4672340.26064363,2664616.3017885233],[4672172.279992654,2664471.4911936307],[4671607.780677549,2664505.652030635],[4671075.418337062,2664698.409718345],[4670288.262360613,2664761.393801277],[4670125.237451769,2664846.9915104737],[4669840.761749139,2665167.2081290944],[4669521.475628118,2665940.1901550028],[4669459.685956993,2667422.5490163434],[4669253.212724779,2667837.427775862],[4669144.6557417195,2668349.8689989066],[4668666.298001678,2669415.799747836],[4668032.464703428,2670348.5164501467],[4668040.321087614,2671062.450937625],[4667591.413244812,2671683.390522046],[4667285.112789411,2671929.560074806],[4667026.784960598,2672453.156903181],[4666384.630991896,2672704.9652207876],[4666239.276520699,2672867.452211273],[4666066.13096543,2673917.448592539],[4666226.89100384,2674456.2810113654],[4666095.835834985,2675001.755476846],[4665788.546171835,2675568.175873092],[4665725.732413404,2675927.608061575],[4665550.430757962,2676247.855291387],[4665066.4031753205,2676434.8528588084],[4664429.964644086,2676464.741033643],[4663617.461411212,2676740.7807956785],[4662487.534221003,2677311.5340879625],[4661729.5776825035,2677920.357933363],[4660329.458787694,2678414.7271222733],[4659938.372037918,2678698.068663857],[4659584.887338115,2678625.8285231255],[4659095.708890395,2678655.4698780393],[4657692.159843518,2679342.85124288],[4655970.4251396805,2679655.4038262093],[4655197.261835564,2680085.4133411907],[4655113.346698417,2680331.784703823],[4655318.770102093,2680879.6382610667],[4656004.138042658,2681791.7483858364],[4655999.028522525,2681885.5948020136],[4655794.1035744045,2682104.4094117745],[4655749.771472193,2682430.6599015514],[4655600.240441723,2682596.963424867],[4655211.556136509,2682711.2881932035],[4655008.12641171,2682873.1264360193],[4654594.052763154,2683727.934620397],[4654259.057984043,2684172.0042114216],[4653895.252443924,2684221.41291378],[4653527.681827831,2684539.879925943],[4653123.2185915345,2685128.8913938655],[4653106.027214727,2685361.3022490004],[4652666.8674189,2685804.607916551],[4652619.159358524,2686047.633876656],[4652691.600916253,2686452.288335161],[4652499.327500908,2686656.675909118],[4652442.255552392,2687136.477105463],[4652693.715028747,2687822.5595512427],[4653005.784824933,2688131.0914940247],[4653046.406635247,2688370.155575497],[4652335.883369951,2688581.858949472],[4651962.835513296,2688407.657784083],[4651706.310864726,2688454.9753019],[4651418.841328677,2689094.3955656067],[4651261.08639729,2689265.335695449],[4651187.734562004,2689796.4393126923],[4650685.320963904,2690563.1272348277],[4649887.921369455,2690608.7163625695],[4648912.517949491,2691218.6972784973],[4648458.620123666,2691792.4767760755],[4648162.420640044,2692379.47053501],[4648044.233179158,2692790.437804428],[4648061.5820770245,2693331.7107692976],[4647770.065271238,2694200.164586268],[4647113.51506701,2694483.4246310377],[4646685.075199959,2694796.13313366],[4646487.475227045,2695441.670377055],[4646296.897020147,2695607.1125897486],[4646063.935621684,2695505.389553612],[4645754.829237055,2695495.270230285],[4644900.786587043,2696169.8674573204],[4644108.627269905,2696346.863330672],[4643836.493412458,2696955.966651285],[4643863.277401775,2697213.411728965],[4643508.21964889,2697634.5694497707],[4643521.75059828,2698011.5159226563],[4643429.545169012,2698309.5680209626],[4643177.612976099,2698663.3780766996],[4642839.561051033,2698765.035845142],[4642651.431425272,2699011.666431149],[4641607.515876164,2699287.275933423],[4641372.314218404,2699533.7663589977],[4640477.264834319,2699475.86737517],[4640221.691212128,2699821.5082622063],[4640052.715645156,2700271.192795779],[4639940.270663411,2700779.509484564],[4640038.185815931,2700968.1439297646],[4640262.858547877,2701144.5519270906],[4640014.608972995,2701916.9058749564],[4640052.312897979,2702244.9164177165],[4639950.133865849,2702450.4364334485],[4639924.90927349,2702979.7552294754],[4640312.197039406,2703513.900409323],[4640426.114680151,2703794.3478373145],[4640466.114515117,2704252.582479394],[4640644.227071342,2704553.9794809716],[4640836.350765497,2704695.8738814457],[4640908.661821845,2704988.4403100447],[4641249.127330856,2705402.3588075945],[4641799.738516344,2705752.81613284],[4642168.575768262,2705725.6316866195],[4642671.292848343,2705820.670972432],[4643313.457992248,2706139.2782884366],[4643633.307987087,2706223.9592600223],[4643842.922232585,2706195.505723919],[4644514.781939879,2706385.3626131876],[4644633.9367262935,2706820.2003981504],[4645291.169814103,2707183.560581911],[4645343.59276791,2707518.2621521843],[4645689.194912806,2707997.494915314],[4646244.307555796,2708154.0075619947],[4646413.051556646,2708371.9202942755],[4646634.9500599215,2708497.1773789213],[4646944.003601403,2708508.313122396],[4647135.473926677,2708413.9776430093],[4647506.578200339,2708814.3108096677],[4648847.871416564,2709545.3001440796],[4649716.440588503,2710250.660057753],[4650113.124461145,2710341.8865747564],[4650368.651756109,2710590.806593273],[4651019.894799319,2710747.749701485],[4651195.061824789,2711070.0652098507],[4651598.348176389,2711261.6943012937],[4651797.252241736,2711568.082250545],[4651806.525687902,2711949.8676685262],[4652050.348843389,2712419.4675424057],[4652391.928736269,2712784.4415975637],[4652874.240707056,2712978.692661667]]]}},{"type":"Feature","properties":{"flugjahr":"2022","gebiet":"Steiermark","bemerkung":"2024 DSM Stand 2022 neu eingespielt - Seile"},"geometry":{"type":"Polygon","coordinates":[[[4740173.777956565,2626124.874082133],[4739228.744642864,2626462.703176896],[4739101.567958788,2626622.9386937646],[4739128.66976067,2627554.0100541865],[4738899.150861372,2627706.379878931],[4738454.058316693,2628211.521981995],[4738427.488464592,2629139.755699289],[4738189.114990617,2629286.300938168],[4737728.877935923,2629048.2616350926],[4737387.292550959,2629025.448104487],[4736802.473407773,2629343.6451440924],[4736530.547490477,2629747.4676864776],[4735904.319318172,2629772.4351662635],[4735741.979181078,2630011.872854804],[4735734.908473552,2630567.058535227],[4735441.580399377,2630590.409532316],[4734921.259094484,2630468.3981975457],[4734311.36888495,2630294.3720540204],[4733979.55969172,2630106.6768993186],[4733508.367745744,2630152.929693172],[4733142.738883469,2630000.9131620796],[4732699.389129451,2630012.2974777617],[4732295.311931716,2629747.556229325],[4732006.532206607,2629754.2192350323],[4731815.818078849,2629873.435006611],[4730907.469877201,2629850.5129441414],[4730745.6895181015,2629954.116591232],[4730663.107689327,2630169.4155360158],[4730145.125112845,2629713.1986535783],[4729742.458214332,2629712.601163934],[4729405.839233576,2629910.201597511],[4729185.356479946,2629807.94273431],[4728948.347914922,2629845.0197679545],[4728783.348504851,2629562.1941486197],[4728448.800144019,2629285.538526989],[4728238.514455731,2629237.7915946855],[4727803.856105259,2629373.8184001856],[4727450.175433276,2629693.5552390474],[4726834.55493576,2629736.3105727024],[4726404.039455411,2629634.2746841325],[4726048.70401375,2629261.691684004],[4725758.279056489,2629140.8241732274],[4725604.337088695,2628815.852250552],[4725162.651879811,2628561.276800644],[4723933.1595098125,2628571.5213457183],[4723338.631912072,2628259.8703500237],[4722668.452935946,2628163.6471799896],[4722442.453510212,2627975.317295909],[4721929.203356648,2627845.5561330826],[4720978.11831682,2628214.832362562],[4720505.330250886,2628062.05703792],[4719507.137234837,2628325.228273498],[4719237.770018488,2628277.761258119],[4718819.582067678,2628357.5330982925],[4718290.855745965,2628698.3950848477],[4718081.119578969,2629096.1371300267],[4717624.800231973,2629382.06302038],[4717092.571100294,2629163.493204237],[4716510.127540372,2629104.6117324014],[4716322.527195592,2629180.0196503876],[4716136.36081474,2629437.2401717845],[4715642.544034294,2629221.713251831],[4715413.693911742,2629301.223094391],[4715267.270553055,2629486.608859258],[4714917.646487811,2629587.520072513],[4714831.290609654,2629402.4586449866],[4714598.70485606,2629245.6339801257],[4714272.523502315,2629291.3244782775],[4714065.769843697,2628647.6659798883],[4713634.671298705,2628448.6680540266],[4713259.337682131,2628602.483479266],[4713139.430560599,2628889.185454796],[4712804.199381844,2628817.6640867847],[4712469.725613003,2628976.3657497084],[4712126.159981802,2629394.826864742],[4711719.847104496,2629081.5747953183],[4711493.251920942,2628718.2123725265],[4711303.476661675,2628613.401224447],[4710861.703920529,2628551.0958163138],[4710381.557005469,2627792.3982307464],[4710155.619602994,2627666.9133020705],[4709831.450171117,2627796.0788901555],[4709404.595097832,2628137.361974883],[4709111.0022376785,2628146.1589577547],[4708615.49017586,2628368.506788237],[4708479.571971021,2628545.3691370916],[4708356.427177051,2629177.183399013],[4707699.132406035,2629306.9360484416],[4707193.251116822,2629966.912063624],[4706275.843306403,2629722.4618588816],[4705778.264818516,2630017.013507534],[4705386.412616567,2630129.0485810023],[4705165.778835022,2630365.065803264],[4705050.15046073,2630696.9773429045],[4705097.517214542,2630966.3407751587],[4705317.483024386,2631320.7012270214],[4705614.636712158,2631521.4157175575],[4705729.857081043,2632383.681999498],[4705691.642843026,2632850.0081799785],[4705795.394510301,2633125.3639779845],[4705746.189933625,2634518.706354554],[4705996.368679338,2635145.656221989],[4706407.056151738,2635534.6531877876],[4706249.48998861,2635957.8546259296],[4706238.352056016,2636259.549405902],[4705897.0873669265,2636482.001572294],[4705681.521493062,2636877.3579305834],[4705698.902114613,2637053.2814086997],[4705993.387720483,2637604.140502199],[4705389.581513929,2638381.990793559],[4705216.906666386,2638827.361194546],[4705288.872234355,2639366.4563686764],[4704933.778518644,2639830.0390505767],[4704840.916701661,2640098.9566957275],[4704802.81640507,2640513.5008555334],[4705005.30614248,2641062.454331817],[4705006.442167441,2641298.2443308206],[4704724.835532457,2641506.174041981],[4704310.357452535,2641538.5808186615],[4702587.6509048045,2642060.720578726],[4702396.625312343,2642272.1372782714],[4701518.823870992,2642311.7559334617],[4700859.199301943,2642643.664073265],[4700721.644406506,2642880.5115138264],[4700916.219107231,2643651.641706694],[4700829.497103823,2644197.4753612564],[4700949.848765103,2645135.7501925672],[4701057.1354217045,2645454.93723607],[4701392.456672061,2645845.21245276],[4701521.496761072,2646445.9646017193],[4701547.683239774,2647252.9302000958],[4701737.070985119,2647440.321372333],[4701993.360959208,2647967.0188317853],[4702797.513206495,2648523.501336601],[4703245.913705336,2648647.9864005395],[4703388.058499894,2649360.3704044977],[4703607.599957497,2649806.5878226086],[4703234.837519188,2650093.8605786487],[4702768.974165481,2650783.8980536484],[4702619.302868538,2651540.8199339034],[4702696.000886551,2652649.4260888193],[4702537.599362699,2652870.855047938],[4702464.676039219,2653324.871184155],[4702528.243564896,2653727.1307147625],[4703033.107641609,2654017.786994552],[4703142.096423287,2654265.097369343],[4703238.905631046,2655069.9523873646],[4703515.576097772,2655993.171879086],[4703497.971255618,2656293.8761433763],[4703744.414537021,2656742.9366043936],[4703660.816418834,2657015.19897132],[4703172.847844035,2657498.88607317],[4703105.46573981,2657917.1314955056],[4702945.492456654,2658144.393866593],[4702432.859539484,2658455.647538095],[4702030.429951606,2658948.7698511533],[4701484.495994959,2659136.522957342],[4701044.054429828,2659633.658837875],[4700843.3084881585,2659963.694395886],[4700881.119314088,2660221.6587119997],[4700583.210415505,2660574.2386185355],[4700441.957517765,2661131.120676583],[4700250.975179506,2661469.7795632193],[4699800.571659752,2661909.3533335514],[4699664.941977831,2662604.767348203],[4699538.148307293,2662840.1389212864],[4699346.776896984,2662917.3135697516],[4699164.99970964,2663111.1072917003],[4699015.196984623,2663698.6026739553],[4698645.470272116,2664202.1206666427],[4698647.704030015,2664530.9674541606],[4698285.1769880485,2664813.059482582],[4698144.0811613025,2665142.32421917],[4697660.407390934,2665332.750245847],[4697444.069259076,2665532.9616656494],[4696950.138817562,2665471.173728504],[4696439.135293796,2665519.6952428934],[4693827.2624378735,2666168.103386847],[4692914.316186506,2666951.8017242607],[4692496.7624991285,2667088.695352232],[4691884.859868908,2667970.486909822],[4691553.14864919,2668210.2465040707],[4691356.303724296,2668472.4220005376],[4690852.806672433,2668628.216271439],[4690141.922018522,2668662.7571289865],[4689981.88362065,2668735.25996966],[4689752.4367130855,2669073.24675808],[4688639.791080474,2670163.970719056],[4688571.798053225,2670756.330527169],[4688659.348079699,2671128.3372278274],[4689144.717529694,2671146.9732121583],[4689327.55488152,2671249.4588487074],[4689693.457321691,2671952.8578347056],[4690497.613189251,2671980.8737212825],[4690855.026056666,2672191.49481673],[4691030.632411942,2673443.659942555],[4691217.990907248,2673534.357658738],[4691357.812630642,2673726.9588345005],[4691525.296395192,2674477.328642507],[4691856.426378569,2674761.8153377054],[4692013.1125727715,2675255.4651225503],[4692455.687686069,2675122.7043589125],[4693102.713877712,2674415.837756621],[4693878.072177476,2674301.3981927237],[4694214.026517172,2674155.720766812],[4694370.755951639,2674190.9653605893],[4694643.486440762,2674413.7197571127],[4694922.3807224585,2675136.207635043],[4695197.75722004,2675367.088595248],[4695277.189618776,2675909.2355754427],[4695212.331021721,2676086.410864131],[4694720.233094207,2676595.2210884327],[4694674.470870357,2677296.7494515907],[4694520.238604918,2677776.085005886],[4694551.878734697,2678082.822448062],[4694419.519706563,2678703.302472084],[4694752.307050817,2678972.8750018766],[4694892.964798241,2679260.616784573],[4695409.847937699,2679511.6475030025],[4695488.362040339,2679731.4681534586],[4695404.773289979,2680015.8887239266],[4695533.018533985,2680220.983893684],[4695846.870807824,2680533.724699143],[4696247.175708915,2680702.305581624],[4696409.386284336,2680978.0286062006],[4696478.523719653,2681297.509805801],[4696396.045697517,2681785.169761804],[4696098.645867613,2682514.1568129426],[4696279.965149846,2682833.8036948005],[4696329.363893063,2683169.391477259],[4696266.845206983,2683498.8189570005],[4696841.114239048,2683651.410865147],[4697210.244638095,2684164.8924567434],[4697218.104758254,2684442.51193785],[4697481.076573749,2684658.8256829767],[4697948.059989389,2685270.9123803503],[4698247.97291381,2685352.809087989],[4698568.471668095,2685604.8161697863],[4699009.706406699,2686255.772328059],[4699137.490333588,2686631.022459046],[4699423.50853923,2686938.505930947],[4699718.654413527,2687722.871157846],[4700116.420116714,2687766.257408756],[4700456.897904436,2688156.3365957825],[4700742.461716993,2688017.3747285763],[4701138.197041597,2688015.6286345227],[4701563.211343157,2688282.497081996],[4701926.852461097,2688327.3195981123],[4702266.888245287,2688499.1797241936],[4702403.497122007,2688718.7011954207],[4702339.317344218,2689131.1474763076],[4702638.007889495,2689332.1343045156],[4703017.86325882,2689372.7065030225],[4703390.623813108,2689666.185225294],[4703527.13226642,2690138.9325458743],[4704016.357700184,2690471.8075446724],[4703981.896935703,2690937.2824383113],[4704513.10689022,2690940.0293717403],[4704874.681854015,2690810.219688493],[4705333.662621281,2691199.300259015],[4705951.47154688,2691249.8635368315],[4706621.662906462,2691156.711551366],[4707075.598475902,2691005.867096222],[4707411.5572151905,2691143.1716530197],[4707975.808590946,2691090.176495225],[4708178.427492973,2690992.436502262],[4708354.009279048,2690734.320981918],[4708604.992031748,2690759.993379173],[4708980.236862219,2690958.4359557224],[4709250.518287654,2690930.4677171204],[4709695.297692693,2691234.743047183],[4709942.625413948,2691282.216054923],[4710228.594299462,2691225.3696686183],[4710571.576998364,2690987.9754786273],[4710839.9476023745,2690716.100099675],[4710934.186351526,2690346.3257797966],[4711214.054118728,2690298.118914783],[4711501.19600839,2690507.447602017],[4711808.535732427,2690579.725486305],[4711996.52230874,2690539.416845422],[4712233.514628691,2690687.4773212206],[4712453.145102452,2690666.5071034576],[4712890.975501258,2690792.9770003576],[4713429.10942308,2690741.803712534],[4713595.536545709,2691125.8856108203],[4713851.500917031,2691295.891097735],[4714422.701022875,2691358.362489927],[4714749.436352407,2691290.604268234],[4715201.263383048,2691420.235417535],[4715487.487528756,2691653.8901408943],[4715768.335036695,2691667.89205193],[4716177.345283489,2691537.7009647787],[4716996.292303446,2691623.637752683],[4717520.793649065,2691477.8982644943],[4717860.19880437,2691794.7639509235],[4718568.105099943,2691662.6882305266],[4719219.571070843,2691815.657221454],[4719624.41834393,2691766.344243523],[4720084.333007032,2691566.9089212264],[4720448.335675387,2691685.4070090447],[4720629.493186903,2691665.778827157],[4720908.532817845,2691333.3635969125],[4720975.9770331355,2691119.1678760345],[4721378.819656024,2690790.577747139],[4722211.583483573,2690857.227270855],[4722917.303847232,2690773.1141694714],[4723392.262366578,2690817.858766271],[4724512.736061274,2690434.6123258327],[4724780.666523054,2690553.679082754],[4726162.522173859,2692099.449993006],[4726757.437366067,2692283.206581483],[4727908.9824252995,2692404.700045164],[4729397.761857113,2692151.145117212],[4731788.609283574,2692443.3436175985],[4733342.786859608,2692814.0491285548],[4734407.428318033,2692906.5241806842],[4735208.694230259,2691859.5720134014],[4735475.600809517,2690914.943047089],[4735354.509023651,2689914.4096214953],[4735497.514864686,2689462.165873073],[4735805.28456304,2689032.110907391],[4736275.192460124,2688766.7665662053],[4736645.598643251,2688129.1707359157],[4736893.000926233,2687887.5978791276],[4737171.710279713,2687899.4452064084],[4737860.463686537,2687293.7907376615],[4738390.360800786,2687177.2377134473],[4738557.068178424,2687000.1250093016],[4739681.417219202,2686357.292126069],[4740216.231047061,2685879.5906853946],[4740309.625963736,2685691.720659847],[4740244.511617223,2685404.50111879],[4740374.647054542,2685124.158251412],[4740384.7867006315,2684871.49988008],[4740446.735721661,2684776.671635492],[4740811.169911891,2684717.9868368977],[4741176.384071472,2684270.476781871],[4741162.476995045,2683971.520044826],[4741029.150223234,2683704.304398615],[4741267.867100573,2683191.8776548286],[4742055.432768752,2682774.6707924535],[4742311.098181181,2682427.157655088],[4742250.433457555,2682006.891983789],[4741994.992496133,2681721.4857471893],[4742096.613993687,2681403.9588380335],[4742429.598098416,2681229.70699793],[4742594.439337073,2681267.0765739745],[4742933.432287233,2681188.731110887],[4743094.925644412,2681001.031221368],[4743146.072167502,2680606.0256730733],[4743813.886648432,2680571.9746796093],[4744040.3148328895,2680456.3747528493],[4744488.512350907,2679874.654444166],[4744893.263003269,2679507.978074664],[4744939.967810002,2679333.959054115],[4744876.473100059,2679125.215439226],[4745057.07765315,2678819.842247114],[4745334.89807124,2678700.0452655065],[4745632.173453164,2678716.465107416],[4745843.424678326,2678559.1139871217],[4746017.634294209,2678036.655430576],[4745957.644587103,2677874.6966800108],[4745674.001291843,2677608.225720321],[4745756.302557481,2677332.473493186],[4746253.971398337,2677102.6565867774],[4746543.516197366,2676733.6890970124],[4747030.3790486595,2676574.1905663917],[4747574.5217828,2676203.0822225227],[4747747.699968202,2675794.702257985],[4747819.491886418,2675099.872736652],[4747941.58064989,2674868.7425244097],[4747890.133527733,2674589.784893667],[4748333.17391741,2673501.5191126093],[4748549.537742643,2673544.6111796177],[4748841.318965579,2673469.0942842816],[4749259.559527177,2672905.3705763733],[4750169.162183388,2672516.8186917007],[4750316.330227948,2672358.49008716],[4750429.48117792,2672039.4098971286],[4750423.617910585,2671647.723383836],[4750244.407187535,2671143.3048185552],[4750515.484971099,2670900.205140705],[4750650.105880775,2670571.1158066667],[4750510.331022492,2669806.8342124317],[4750353.442852311,2669661.397198988],[4749852.422161047,2669552.0152737843],[4749657.897934729,2669671.1059993715],[4749559.546822769,2669973.4855793975],[4749265.945758343,2669998.2381971944],[4749056.7865463,2670131.407101575],[4748605.075234507,2670016.578031108],[4748204.579492321,2670189.452628079],[4747404.650665898,2668839.6737205],[4747142.841216007,2668711.408710097],[4747049.020453192,2667767.107851567],[4746865.066773288,2667467.323336124],[4746878.72130132,2666899.3300775215],[4746501.183291415,2666374.777612459],[4746541.619633599,2665953.1202604147],[4746699.839917274,2665678.8099420536],[4746711.248278887,2665173.6802770523],[4747345.753121059,2664104.2534622345],[4747383.894969383,2663395.4106126395],[4747533.056624681,2662873.9936383907],[4747817.328946987,2662827.920623305],[4747965.959649561,2662704.7028526124],[4747999.772416834,2662160.3705043616],[4748251.228933192,2661863.135245356],[4748583.9321527425,2661172.9109077463],[4748610.415088122,2660754.3265789826],[4748773.910839912,2660449.4039188023],[4748653.195547421,2659658.6702830005],[4749087.4161015805,2659438.8355720737],[4749501.184678959,2659415.8092952436],[4749707.406275677,2659120.508447379],[4749973.46939983,2659028.584287311],[4750176.217182741,2659048.8303605514],[4750397.353609564,2659216.2420486314],[4750686.677369578,2659170.8984972574],[4751344.676833004,2659267.253879837],[4751795.59591476,2658972.2322072927],[4752122.696000186,2659067.2201142944],[4752790.496858513,2658982.1621172205],[4753034.227284166,2658791.302773114],[4753130.664881623,2658441.447911576],[4753417.290487843,2658620.933585171],[4753718.957318953,2658616.940602677],[4753970.2375135,2658505.501329355],[4754084.409329609,2658345.6480070762],[4754083.010435955,2658149.500038842],[4754411.451570563,2657830.3303825893],[4754353.953382173,2657267.103915262],[4754157.411210303,2656951.6718098666],[4753756.408780545,2656601.3368357075],[4753727.684264265,2656243.3294565845],[4754002.2890957175,2655599.2055733516],[4754291.368546084,2655721.7385021835],[4754928.973143149,2655731.374584015],[4755117.3966343785,2655637.0431720275],[4755225.142767977,2655417.8484350424],[4755201.205788761,2654479.1122064376],[4755337.998808861,2654096.866423263],[4755209.67172974,2653799.983475448],[4755278.493655908,2653487.5137958108],[4755130.952593555,2652995.913969372],[4755240.516440338,2652798.07995299],[4755179.200258987,2652368.0090966546],[4755243.113343367,2652028.4606605796],[4755155.105556799,2651842.194699644],[4754957.956049767,2651747.7691840627],[4754972.136479173,2651285.1681532236],[4754773.2470497005,2650817.4429869596],[4754896.436969667,2649969.433835971],[4754697.399844549,2649650.244618983],[4754750.133221263,2649432.564477481],[4754957.950704773,2649180.563820307],[4755055.248754848,2648392.515038886],[4755306.36497969,2647808.4833207084],[4755324.2719878685,2647216.164686553],[4755496.302805561,2646693.286416486],[4755629.44724828,2645113.6481829174],[4755866.78451291,2643968.936954465],[4756256.748196111,2643267.0220166766],[4756738.542469504,2642627.2302785316],[4757608.31868326,2641726.9356704173],[4758334.997812288,2640338.462530059],[4759349.212921085,2639659.983090317],[4759976.922959077,2639070.6483465936],[4760924.967576045,2638049.84645252],[4761158.6327062175,2637696.7425521673],[4761186.624717093,2637516.5470971675],[4761094.985589115,2637344.14202352],[4760908.875734709,2637264.036771197],[4760163.768383784,2637419.457886265],[4759884.311777094,2637397.664426836],[4758983.545644127,2636929.683871768],[4758544.586022636,2636843.230464165],[4756470.7568275975,2637036.1190999458],[4755509.749110484,2637589.207080544],[4755011.459124859,2637782.837968296],[4753508.197940039,2637633.509270823],[4753397.923337507,2637609.9818401122],[4753645.417395213,2637282.1584767327],[4753714.256621238,2636898.0290265046],[4753665.995104334,2636190.1929901345],[4753409.766012219,2635933.0861280235],[4753077.521332151,2635940.507232968],[4752651.092106027,2635758.721682517],[4752390.752828744,2635863.3134570057],[4752247.457205408,2635665.9069053214],[4752171.442875223,2635319.9083736055],[4752287.5019209385,2635069.267804549],[4752264.569039395,2634883.0468261894],[4751817.748702071,2634586.0620900933],[4750896.972202381,2634476.23963518],[4750391.220551776,2634707.977411296],[4749707.624620581,2634553.1388047007],[4749501.553054686,2634730.7424950805],[4749403.917706311,2634971.428742126],[4749431.762380701,2635378.6320727686],[4749316.220683927,2635484.7056272007],[4749140.404465226,2635501.6783069326],[4748944.926140346,2635208.6979818814],[4748913.965500509,2634882.6443223166],[4748782.1099384185,2634736.407939726],[4748405.07404546,2634711.699474639],[4747842.99471735,2634381.6096039545],[4747281.197830317,2634239.170099536],[4747194.301963409,2633798.080277135],[4747032.883967509,2633686.5103210695],[4746819.8511619065,2633693.17625589],[4746678.14954324,2633567.2465964784],[4746634.468075957,2633335.7645736397],[4746501.38806193,2633194.484714332],[4745763.8321659,2633160.1422604774],[4745723.648915717,2633043.3404661906],[4745846.36019414,2632778.81478038],[4745941.875017893,2632172.7620254513],[4746295.689712106,2631569.6681960244],[4746386.320590576,2631236.6021831217],[4746325.827414629,2630854.503016519],[4746178.836358009,2630618.515303307],[4746027.4522027355,2630529.4391977936],[4745765.925948774,2630533.293723342],[4746194.316620419,2630216.918234713],[4746288.291013291,2629968.0738786645],[4746164.46634339,2629637.086002972],[4745896.361452559,2629378.316885834],[4745911.90338788,2629087.97128624],[4745606.619939672,2628576.4443471925],[4745276.94528933,2628533.1515617096],[4745064.982250456,2628847.432446903],[4744382.330823844,2628114.892693102],[4744202.723747267,2627737.8017824627],[4743967.939819466,2627516.7612420516],[4743666.8284465615,2627415.743700017],[4743415.8560204115,2627522.035426182],[4743479.459799161,2627163.8857931644],[4743384.27650526,2626934.309906835],[4743191.813850289,2626784.8071986213],[4742877.19928619,2626730.5607959656],[4742575.070421199,2626516.560927677],[4742377.004942931,2626510.3948032367],[4742139.3866357505,2626630.492376726],[4741974.957820937,2626990.139098613],[4741581.107912309,2627150.0355308987],[4741271.609203912,2627028.144039721],[4740952.24442076,2626449.430659257],[4740469.483734076,2626148.8719260665],[4740173.777956565,2626124.874082133]]]}},{"type":"Feature","properties":{"flugjahr":"2023","gebiet":"K\u00e4rnten","bemerkung":"2024 DSM und DTM Stand 2023 eingespielt"},"geometry":{"type":"Polygon","coordinates":[[[4549124.351694697,2664051.8180656116],[4549332.14070811,2664089.1449986747],[4550667.447029564,2663842.803553308],[4551228.4232717175,2663338.639484406],[4551327.95540925,2662731.755351877],[4551282.543807542,2662393.531641915],[4551919.28452427,2662289.9928855365],[4552588.746099676,2661825.722654854],[4553140.024201213,2661821.412096012],[4553838.985006086,2661324.4438857175],[4554595.955278271,2661037.206020947],[4554706.70513038,2661255.29572727],[4554685.198554475,2661680.5752391135],[4554763.474843429,2662069.307765496],[4554860.8310210835,2662249.776608053],[4555117.8851354765,2662421.4019744196],[4556020.816184162,2662578.9887260757],[4556424.334804168,2662377.9703609636],[4556825.5548966825,2662321.933095843],[4557194.956837062,2662467.586145576],[4557702.56928442,2662407.3176413057],[4558424.193423583,2662540.762295551],[4558819.054563496,2663275.9106928348],[4559091.891754437,2663476.2722776504],[4559413.158657684,2663507.7090952555],[4559719.559948929,2663650.5458970717],[4560272.91704908,2663575.339524067],[4560859.76080068,2663651.7258866136],[4561131.509714131,2663761.9879148686],[4561585.12935132,2664205.601308083],[4562003.261577334,2664382.465430967],[4562369.476318103,2664347.879112237],[4563086.302000081,2664660.2310405113],[4563489.684506754,2664554.283415106],[4563986.934576425,2664570.6271030796],[4564536.574541808,2664741.417480211],[4565323.553574732,2664799.803904702],[4567343.034951679,2665477.939842382],[4567138.922229329,2666691.5115719135],[4566739.709499988,2667023.7880109544],[4566611.147597496,2667353.220322443],[4566782.194147791,2667958.284223664],[4567085.585591059,2668423.2052602875],[4567248.492575588,2669192.018766103],[4567597.875114814,2669659.0124076856],[4568457.035227013,2669923.782411663],[4569907.350109366,2670671.4566073287],[4571079.468390102,2670606.125636655],[4571752.496949653,2670198.126344135],[4572046.539615064,2669819.10709232],[4572149.363083438,2669804.7237910284],[4572317.05108961,2669957.3674169583],[4573076.6368243955,2670253.7371054944],[4573279.580518394,2670517.0364612862],[4573885.902800162,2670858.5382570587],[4574165.113560346,2670866.1088752956],[4574301.201187323,2670732.145984971],[4575346.740445175,2668695.882759373],[4576198.075946211,2667760.6030629743],[4576234.300510768,2667181.8693089047],[4576800.125769608,2666659.028948445],[4577462.507493993,2665805.34419758],[4577801.020571753,2665003.114474537],[4578323.911804749,2664223.1947679566],[4579629.309585491,2663397.4673793195],[4580586.412833681,2662471.030867145],[4580813.407693778,2662113.0421089623],[4581050.186542889,2662036.666882309],[4581260.707116457,2662126.2057318827],[4581433.87979549,2662106.9944599355],[4582284.07804631,2661749.0830521276],[4582825.394897993,2661374.2559996136],[4584957.448682654,2658316.5387881324],[4585455.564060051,2657852.7093125777],[4586343.025351305,2656568.950431335],[4587267.947106676,2656059.362758878],[4588554.894184118,2654897.738051148],[4589092.659358013,2654604.810761763],[4590209.162037848,2652432.8705483237],[4590628.394091946,2650535.668723792],[4590522.410081768,2649379.2065134947],[4589526.464763494,2647928.474722027],[4589057.167585879,2647061.859467861],[4588501.711819881,2644697.510659137],[4588235.618402641,2642819.5158151505],[4587902.446106788,2642093.1020900784],[4587418.375910825,2641426.9211448617],[4587208.365072999,2641302.387449388],[4584858.209057396,2641061.3892296394],[4583666.295208539,2641119.719373789],[4582779.278140038,2640941.695595106],[4581159.523517123,2641162.8811504957],[4579638.093265964,2641057.3202887704],[4579056.711386294,2640947.100474196],[4577971.862082622,2641678.671698689],[4577695.958259634,2642263.555178345],[4577707.2973309355,2642671.2711919416],[4577333.707054876,2642875.571749313],[4576363.673712126,2643708.362960687],[4575581.851983622,2643922.287687351],[4575304.1149157565,2644549.1116966503],[4575039.573167873,2644918.4033230087],[4574267.450135176,2645116.7836551927],[4573205.516656987,2645597.2917837007],[4572563.58161065,2645658.462440218],[4572239.05801445,2645816.953621774],[4571828.156737508,2646164.6568908636],[4571407.631805305,2646295.816958418],[4570804.559773313,2646200.6625776207],[4570566.908111209,2646274.0212558093],[4569861.824926157,2646935.6787766838],[4568925.712278811,2648832.597244501],[4568245.052476794,2649001.109039448],[4567772.271874958,2649758.2710252996],[4567081.049250436,2650584.6719075837],[4564522.329286741,2651592.372489379],[4563752.6873814035,2652010.0200644843],[4563091.507145224,2652122.3721638084],[4562740.08603214,2651839.440456791],[4561884.87122676,2651643.948452454],[4560775.197707677,2651701.146287068],[4559952.543730574,2651448.090295205],[4559094.326026087,2651367.547792514],[4557336.570527015,2651488.8029207047],[4556503.420337233,2651339.377416716],[4555714.010440551,2650366.482456793],[4555110.325472296,2648854.6633047345],[4555134.148752487,2648444.530054602],[4555270.24245701,2648010.412112096],[4555220.700874982,2647836.1043811133],[4554804.2728739735,2647273.1508000353],[4554095.759349326,2646629.0792665873],[4552466.708698806,2645792.652288455],[4550550.466918748,2645016.50379658],[4549561.523895203,2644299.906440591],[4548459.851024289,2644010.4658359587],[4547934.916792299,2643614.7741408586],[4547136.858889444,2642840.744003215],[4545716.509014573,2642529.017178829],[4545244.376656261,2642209.7710227002],[4544422.784340139,2641953.8940471844],[4543443.69656787,2642141.2058962975],[4540971.704511036,2642904.0199322347],[4540693.863689712,2643187.730471025],[4539862.795331899,2642896.457442987],[4539520.995878868,2642428.829134157],[4538373.129216339,2643178.6106274514],[4538420.0951522775,2644173.9602273926],[4538275.104019085,2644909.8179554217],[4538198.14974038,2646424.6797707337],[4538083.950019595,2646649.316617869],[4537725.726297979,2646866.102514734],[4537453.725290288,2647260.0277435696],[4537869.178185966,2648125.0995593513],[4537670.042963346,2648754.8654708695],[4537035.8055389505,2649181.1274210406],[4536467.778416301,2649426.9861305356],[4536146.263680632,2649789.1350529995],[4535791.484743483,2649845.895366586],[4535367.303137064,2650045.116491469],[4534615.225435937,2650001.9564043004],[4533662.277147561,2650679.601573652],[4533613.5244583925,2650851.3615784547],[4533791.668137433,2651331.661462864],[4533643.481963284,2651683.714430116],[4533443.831441994,2651804.168520873],[4533063.113323328,2651861.6020812867],[4532372.614291878,2652295.907712835],[4531831.380637155,2652834.3844423685],[4531627.277708549,2653368.30751125],[4531465.051169033,2653555.6868186556],[4530523.810916903,2653800.756321253],[4530431.61796023,2654437.0375741846],[4530264.357628843,2654726.884040675],[4530244.19691949,2655037.883780938],[4529985.237782661,2655741.261025759],[4529721.478852211,2656274.0858194223],[4529082.67983622,2657103.7677170336],[4529107.118389778,2657265.259312519],[4529780.171117008,2658160.062240928],[4529809.035124936,2658576.5978229493],[4529735.323768527,2658970.115176369],[4530046.641603304,2659246.593909814],[4530381.414283622,2659904.5907744723],[4531816.15071163,2661120.274331308],[4533147.692383844,2662417.418071343],[4533787.950192999,2664672.0601421297],[4532629.391952962,2665590.0109882485],[4531636.870532506,2666741.4944448723],[4528325.93472375,2669255.932891898],[4526247.20594289,2670624.0550306602],[4523110.9090953255,2671782.426831552],[4523500.696731734,2671883.3665753044],[4523875.480927065,2671674.9632231905],[4524563.480702218,2671821.725824682],[4525139.9194904305,2672114.5970789245],[4525566.756618711,2671999.5697930274],[4525749.929558182,2671865.6647955],[4526138.9515049225,2671929.0512478855],[4526431.0224954,2672148.2005474833],[4526518.083130972,2672358.2010448924],[4526727.364541056,2672545.640475442],[4527760.779323262,2672974.9744774345],[4528490.807513831,2672938.516513933],[4528771.069171108,2672714.8916465165],[4528981.522407615,2672045.9056131393],[4529171.064441304,2670682.6145427483],[4529290.65961746,2670351.77015491],[4529191.393407827,2669638.9561919556],[4529280.436168717,2669549.880742342],[4529523.532235905,2669489.69318705],[4529880.116769996,2669538.623608589],[4530279.731847127,2669381.3600398167],[4530644.759933953,2669604.76344174],[4530926.121408171,2669655.342014826],[4531224.955219838,2669603.6456820536],[4531393.576662802,2669712.228101323],[4531717.8509521,2669743.7146700243],[4532068.0254634805,2669548.237822353],[4532687.661676281,2668939.580452459],[4532873.411268829,2668999.9091735138],[4533201.897927335,2668957.5602598293],[4533524.6551508205,2669116.058295672],[4533607.841739252,2669299.8699854305],[4533904.686464608,2669501.236652467],[4534531.222853214,2669494.2277522436],[4534826.627144244,2669567.467974722],[4535054.324956267,2669492.599163454],[4535359.1218144335,2669511.219518555],[4535667.688248283,2669304.8730780594],[4535963.41346982,2668863.816306144],[4536276.2069746815,2668790.7329737623],[4536551.554908987,2668587.909777868],[4536849.525960548,2667887.815501081],[4537358.502499427,2667819.5219268426],[4538050.663349371,2667801.458589581],[4538441.696567981,2668141.1373745888],[4539138.474764165,2668408.4430788467],[4539670.747298374,2668219.1257785656],[4540342.860781086,2668247.187684006],[4540927.386882209,2667916.135707886],[4542909.724338114,2668021.8775378335],[4544434.887464921,2667442.8117261548],[4544668.538994504,2667254.1605586596],[4544767.918131969,2666950.427445733],[4544734.949548176,2666740.8262535557],[4545197.559448733,2665779.9557463517],[4545247.929458089,2665381.9775791173],[4546143.31694225,2664860.7450733134],[4546234.606657941,2664512.6361725847],[4546108.836616539,2664017.7311025453],[4546244.261391191,2663737.6380070313],[4546708.741933446,2663402.250869167],[4546958.402977262,2663352.4057121123],[4547703.484970988,2663453.841851699],[4548187.712900692,2663263.43219232],[4548474.382025813,2663399.3444586224],[4549124.351694697,2664051.8180656116]]]}},{"type":"Feature","properties":{"flugjahr":"2022","gebiet":"Tirol","bemerkung":"2024 DSM und DTM Stand 2022 eingespielt"},"geometry":{"type":"Polygon","coordinates":[[[4519831.001850594,2671525.3260057666],[4520980.881084767,2670786.8784564305],[4521203.9834923055,2670406.611809436],[4521827.516870508,2669685.9954055026],[4522519.164104589,2669292.527938232],[4523087.110389575,2669139.8670820924],[4523961.643347105,2668319.5647383146],[4524270.198934157,2668309.899054209],[4524477.556431429,2668217.5748917805],[4525002.821192155,2667707.0447029755],[4525105.459966277,2667445.8267937778],[4525466.162565467,2667151.968216881],[4525610.86652865,2666791.2631985415],[4526005.040622869,2666484.8995410455],[4526307.436757295,2666397.6202898817],[4526535.0695431465,2666234.350676711],[4526769.347949534,2665800.345227766],[4527537.962979604,2663466.0219940543],[4527712.832192322,2663213.501203106],[4528921.8565214425,2663023.3584187175],[4529493.356695876,2663069.463542651],[4529997.493848239,2663211.495977415],[4530288.695695211,2663467.5556053435],[4530755.197266719,2663537.5787809603],[4531041.122352516,2663407.437450543],[4531562.082615752,2663344.1517365556],[4532228.357210648,2662733.236598641],[4532314.024775312,2662456.300003627],[4532231.124192957,2662178.302392692],[4531873.2517541805,2661940.540066992],[4531663.833183538,2661692.1152607966],[4531076.848505309,2661373.14269918],[4530987.375176516,2660459.644971939],[4530381.414283622,2659904.5907744723],[4530046.641603304,2659246.593909814],[4529744.5565667935,2658987.8957416345],[4529780.171117008,2658160.062240928],[4529107.118389778,2657265.259312519],[4529085.442891161,2657094.314679519],[4529721.478852211,2656274.0858194223],[4529985.237782661,2655741.261025759],[4530244.19691949,2655037.883780938],[4530264.357628843,2654726.884040675],[4530431.61796023,2654437.0375741846],[4530523.810916903,2653800.756321253],[4531465.051169033,2653555.6868186556],[4531627.277708549,2653368.30751125],[4531831.380637155,2652834.3844423685],[4532372.614291878,2652295.907712835],[4533063.113323328,2651861.6020812867],[4533443.831441994,2651804.168520873],[4533643.481963284,2651683.714430116],[4533791.537162737,2651337.790589774],[4533613.5244583925,2650851.3615784547],[4533673.6814509295,2650668.5256509655],[4534615.225435937,2650001.9564043004],[4535367.303137064,2650045.116491469],[4535791.484743483,2649845.895366586],[4536146.263680632,2649789.1350529995],[4536467.778416301,2649426.9861305356],[4537035.8055389505,2649181.1274210406],[4537654.607366448,2648775.9452539375],[4537870.106457443,2648131.57195377],[4537454.834477912,2647253.1498331735],[4537725.726297979,2646866.102514734],[4538012.087520063,2646715.7525495947],[4538159.825243027,2646535.5382352136],[4538201.171625638,2645686.558364082],[4537909.279867433,2645566.554282527],[4537614.568738163,2645635.673074879],[4534937.108761128,2648275.2844539103],[4532651.429318679,2649560.600442239],[4531915.875281132,2650428.131550343],[4531337.984113962,2650528.1762714153],[4530760.592325494,2649941.142669225],[4531056.9592561275,2648639.6917840564],[4532740.262396741,2647347.4327799883],[4533608.362553169,2644910.740865577],[4534387.171698768,2644174.2840225818],[4533771.9989592545,2643963.435971066],[4532449.226108599,2644873.356623834],[4531388.797716576,2645118.1485958756],[4531220.933124545,2645094.6567885843],[4530145.07931266,2646121.4805714563],[4529751.709544074,2646636.519250005],[4528972.474868479,2647187.2933952324],[4526709.566190751,2649408.5998143572],[4524910.161888796,2650949.298770166],[4523361.34218303,2652441.6337314644],[4522405.132211923,2653204.921929354],[4522317.42381588,2654065.923832099],[4523291.620701272,2654976.690882327],[4524782.909133121,2654432.2345715854],[4525456.387243989,2654784.965489452],[4525522.839740716,2655313.023097816],[4525120.727902671,2656020.992580373],[4523914.330922884,2657069.3424674845],[4525630.328831401,2657973.7057125354],[4526294.940929411,2658772.510576943],[4526352.211170677,2659380.003684501],[4525773.361589434,2660156.049182885],[4524264.519975978,2659605.518645938],[4523447.392127318,2659668.139558793],[4523204.43678163,2660400.2306082384],[4522326.670447736,2660668.57746579],[4521904.172791572,2661505.0022867722],[4521037.148277752,2661703.622594552],[4520970.614102075,2662924.888132331],[4521292.0356158,2665331.838809467],[4521195.4993493995,2666076.871891008],[4520647.057502468,2666418.6705322214],[4520115.719428195,2666334.7156737116],[4519818.809110075,2665236.493090131],[4519610.270855614,2663024.915568181],[4519714.973310047,2660452.560273445],[4520108.9037274895,2659494.3174022594],[4519594.242863986,2658845.774529639],[4519587.7413059985,2661129.651393652],[4519447.567000969,2662101.2303912225],[4519483.902811988,2662669.162466235],[4518611.965920266,2671812.3802619907],[4519831.001850594,2671525.3260057666]]]}},{"type":"Feature","properties":{"flugjahr":"2022","gebiet":"Tirol","bemerkung":"2024 DSM und DTM Stand 2022 eingespielt"},"geometry":{"type":"Polygon","coordinates":[[[4540186.074271106,2631200.5004116525],[4539640.045141104,2631144.6197340423],[4538603.066535166,2630021.5494226855],[4538368.383991529,2629887.4463797323],[4537664.05792662,2629732.0996578173],[4537002.617122978,2629918.224918276],[4536046.993338049,2629759.9658717345],[4535769.986520892,2629922.23414124],[4535595.943600342,2630438.2307728617],[4535392.98774487,2630529.490375418],[4535112.685081246,2630389.8343287157],[4534588.055158007,2630301.304843763],[4534219.417754115,2630045.8542087474],[4533435.7465397585,2629993.936186691],[4532601.192330523,2629681.910456806],[4532042.682168158,2629717.3585680174],[4531716.443889659,2629442.8012241987],[4531308.564417032,2629353.633639414],[4530734.47549779,2628763.0894512683],[4530451.668940722,2628654.8076165426],[4530023.066116839,2628693.3507329347],[4529665.925780219,2628874.6407468542],[4530258.277952387,2629670.0765888775],[4530088.59535695,2629894.0270259236],[4528933.974745327,2630261.2040498764],[4528187.674697287,2630298.7798845097],[4527793.988950754,2630591.276283572],[4527868.383032845,2631131.164845428],[4528693.364843667,2630923.761068502],[4529125.2043034835,2631054.049575296],[4529287.814712001,2631339.127830047],[4528415.043617496,2632030.6062729773],[4528117.565504321,2632520.842631044],[4528374.280406935,2632795.034092504],[4529834.648529927,2632765.6388523034],[4530478.37211672,2633480.5139677627],[4531676.97078798,2633336.940627543],[4532357.231123384,2632973.2606329964],[4532536.003517677,2632434.4630818847],[4532301.649283528,2631454.8755001985],[4532142.256902543,2631156.700187869],[4532430.878866349,2630918.1711655855],[4533263.728211694,2631272.8070694846],[4533186.4039908,2632233.14931144],[4533567.604016814,2632793.427342046],[4533913.464401938,2632776.6166515113],[4534198.840020776,2632250.542799648],[4534482.77971136,2632197.0394114773],[4534626.695186725,2632699.611736715],[4535019.988344016,2633166.7759361104],[4537276.629855584,2633219.3954295274],[4538123.735135132,2633106.041793026],[4538423.038085191,2632682.35769397],[4537724.713914101,2631928.103545124],[4537542.631074142,2631159.212537848],[4538283.072225934,2631274.9257819145],[4540250.800512575,2632667.616971068],[4540947.95171882,2631802.3677188056],[4541064.866336743,2631479.9496173477],[4540186.074271106,2631200.5004116525]]]}},{"type":"Feature","properties":{"flugjahr":"2022","gebiet":"Tirol","bemerkung":"2024 DSM und DTM Stand 2022 eingespielt"},"geometry":{"type":"Polygon","coordinates":[[[4526593.505382352,2631070.711641274],[4527115.731872353,2628812.676789676],[4526190.455950416,2628131.5023613176],[4524833.235864951,2628134.6579924943],[4523231.514139142,2628889.02905547],[4522337.463516678,2629502.577394797],[4522662.435787475,2630282.021849387],[4523253.621008679,2630456.784235283],[4524087.724568436,2629710.5207794243],[4525751.8179430915,2629479.8675246057],[4525778.334896902,2631288.468164851],[4526174.191055843,2631941.12249867],[4526649.836543115,2631729.430207258],[4526593.505382352,2631070.711641274]]]}},{"type":"Feature","properties":{"flugjahr":"2022","gebiet":"Tirol","bemerkung":"2024 DSM und DTM Stand 2022 eingespielt"},"geometry":{"type":"Polygon","coordinates":[[[4522149.074508211,2627930.7110436675],[4521718.145888541,2627107.183567998],[4518043.168899204,2627261.5134687754],[4520092.224718502,2629058.16264924],[4521580.576390335,2628328.815550893],[4522149.074508211,2627930.7110436675]]]}},{"type":"Feature","properties":{"flugjahr":"2022-23","gebiet":"K\u00e4rnten","bemerkung":"2024 DSM und DTM Stand 2022-23 eingespielt"},"geometry":{"type":"Polygon","coordinates":[[[4573422.232534915,2609993.9037203114],[4573034.81618197,2609892.464185864],[4571988.646302598,2610239.5642311643],[4571525.5450136075,2609919.666613047],[4571257.770397727,2609832.613333827],[4570638.403065676,2610066.869981729],[4570435.142934987,2609762.6427338487],[4570170.83730114,2609641.733562828],[4570074.373985313,2609370.3181222975],[4569910.501350238,2609220.914611351],[4569523.844405599,2609148.532966011],[4568668.3361429935,2609490.2513693897],[4568522.349264198,2609760.788701821],[4568491.541733399,2610194.548524837],[4568177.076216211,2610570.7350607915],[4567724.150442389,2610792.2988505033],[4567546.592466,2611051.4127970017],[4567102.335135833,2610990.459659239],[4566597.936868646,2611234.80847138],[4566212.201919418,2611183.5886834664],[4565712.816124205,2611331.2340696407],[4565093.969865324,2611738.600597346],[4564512.680593625,2611949.591011988],[4564194.382936719,2612404.4592057625],[4563644.767336675,2612739.919173594],[4563514.02148487,2612936.120159016],[4562740.824544028,2612973.463117715],[4562529.328932989,2612812.9285649825],[4562189.587508704,2612767.6828350294],[4561837.229774665,2612874.9221744407],[4561503.913339854,2613144.068820996],[4560612.948696877,2613124.125932078],[4560178.193696572,2613236.675752626],[4559954.041030846,2613414.6867610207],[4559633.707514886,2613430.335449009],[4559460.537443748,2613518.6034054225],[4559010.257224623,2613457.4067287035],[4558189.987509131,2613794.7682862524],[4557697.878518938,2614120.836457679],[4557209.679278597,2613893.905400227],[4556176.545419293,2613830.5598598765],[4555856.338827209,2613606.2017725836],[4555304.415618062,2613601.482816506],[4554988.601417897,2613420.2834693072],[4554625.939072956,2613349.0233864593],[4554106.708840326,2613514.832413067],[4553614.10059921,2613389.745280519],[4553321.249768426,2613418.6474185553],[4552850.767451666,2613592.642657834],[4552643.902645814,2613857.465208543],[4552292.40594434,2613921.7522693365],[4551579.125449291,2613662.7608320443],[4550958.25475369,2613954.085644095],[4550571.6182983555,2613695.712430405],[4549990.392411175,2613626.7071590517],[4549537.279723227,2613769.4996747794],[4549162.315376843,2613750.7234926815],[4548273.75575869,2614115.0634029796],[4547781.115821304,2614199.037389689],[4547470.357401129,2613947.0525406003],[4547035.920864,2613820.5766403237],[4546116.874598137,2614217.608133356],[4545534.006872498,2614626.6897021206],[4545336.521433949,2614512.826592411],[4544943.245946013,2614454.231356197],[4544289.529698794,2614486.0268033477],[4543998.070451987,2614343.9565092223],[4543901.309965251,2616601.3746695984],[4546400.667488339,2616712.1390677867],[4546184.4671496805,2621703.248826872],[4548684.781397876,2621815.083931932],[4548576.669033959,2624310.2099452233],[4546077.374773756,2624198.4033598155],[4545752.898933,2631685.770912793],[4570748.959237525,2632805.762700906],[4570640.680427461,2635300.9914474506],[4575638.90871161,2635525.7591436235],[4575313.768125969,2643012.765557303],[4577097.373933265,2643093.6924171546],[4577707.2973309355,2642671.2711919416],[4577695.958259634,2642263.555178345],[4577971.862082622,2641678.671698689],[4579172.802102398,2640927.3157157497],[4579638.093265964,2641057.3202887704],[4581159.523517123,2641162.8811504957],[4582779.278140038,2640941.695595106],[4583666.295208539,2641119.719373789],[4584858.209057396,2641061.3892296394],[4587208.365072999,2641302.387449388],[4587418.375910825,2641426.9211448617],[4587822.2412689105,2641974.224507777],[4590061.808733683,2642205.5510980445],[4590579.984957814,2642016.821636725],[4591272.361018626,2641462.7775555644],[4591832.042065634,2641426.0017057974],[4593540.178451039,2640577.650570388],[4594506.446619155,2639984.8460076516],[4595193.402527813,2639884.9238939933],[4596564.965249553,2639034.344729504],[4596927.82680825,2638454.4410873866],[4597974.144019689,2637802.3364826175],[4599068.209127378,2636073.8859981885],[4599923.776494418,2635177.08753352],[4600306.450369596,2634464.019177328],[4600509.3646238325,2633759.8324332004],[4600021.636218686,2628101.009615071],[4599884.475688383,2627913.728354343],[4598594.0387358675,2627242.1586295255],[4597793.833139957,2627002.936813448],[4596595.689228114,2625683.2516372497],[4596753.531201456,2625232.1782780048],[4596531.575147205,2624712.928732908],[4595461.297769493,2623978.316759992],[4594776.912762645,2623748.3405440133],[4594262.178249175,2623140.8547266005],[4594053.202792874,2622368.104749934],[4594076.057049093,2621217.6627372513],[4592927.9227605425,2619875.3835759694],[4591844.462225246,2617825.6941759316],[4591645.605872679,2617720.689008549],[4591344.952666788,2617791.1692364914],[4590922.546116506,2617410.9759830814],[4591741.8276215065,2616841.666076933],[4591941.426565926,2616097.368791638],[4591327.640045698,2615347.4137352044],[4590364.390377018,2614361.6650038036],[4589767.943373908,2611732.802404372],[4589414.088251071,2611481.783562151],[4588173.411594467,2611000.726231819],[4588045.620099375,2610781.8927788828],[4587712.306577105,2610588.8117656093],[4587127.111847475,2610566.4464957463],[4586318.511144325,2610705.08153744],[4586088.976978776,2610683.7388586975],[4585958.988273565,2610561.845346645],[4585470.584244701,2610386.8056108337],[4584940.829991611,2610425.983439739],[4584637.70299484,2610612.2556190807],[4584072.389013883,2610441.9059544792],[4583833.853809111,2610443.17297068],[4582121.526132994,2610903.30322405],[4581932.395128717,2611128.872109834],[4581846.1186747365,2611455.103842713],[4581872.62065567,2611930.46190279],[4581407.19359971,2612080.575595636],[4580898.693461104,2612385.889780881],[4580028.11377306,2612503.669736146],[4580150.366447132,2611855.9413133506],[4580093.3090913305,2611623.2921802904],[4579920.420655669,2611404.4365210035],[4579680.813732784,2611291.616277776],[4579431.929960076,2611300.4209784726],[4578977.00300406,2611555.0407725805],[4578293.123918539,2611173.163694256],[4577678.970523738,2611286.588082219],[4577529.321366199,2610993.7614937024],[4577244.123834814,2610822.8825750602],[4577081.471788851,2610506.471680684],[4576750.088805444,2610268.5076168664],[4576338.229737669,2609667.8256695806],[4575993.661666405,2609387.259915118],[4575645.113130767,2609383.598197615],[4575468.384838942,2609484.688485057],[4574876.493718811,2609593.1207476608],[4574511.681191347,2609756.7763304496],[4573836.854155021,2610276.6172342314],[4573594.949455209,2610193.7255224516],[4573422.232534915,2609993.9037203114]]]}},{"type":"Feature","properties":{"flugjahr":"2022","gebiet":"K\u00e4rnten","bemerkung":"2024 DSM und DTM Stand 2022 eingespielt"},"geometry":{"type":"Polygon","coordinates":[[[4540484.401068642,2641857.263996426],[4539553.3025200255,2642415.746134489],[4539862.795331899,2642896.457442987],[4540693.863689712,2643187.730471025],[4540971.704511036,2642904.0199322347],[4543443.69656787,2642141.2058962975],[4544422.784340139,2641953.8940471844],[4545244.376656261,2642209.7710227002],[4545716.509014573,2642529.017178829],[4547052.028319782,2642809.9369543996],[4548459.851024289,2644010.4658359587],[4549561.523895203,2644299.906440591],[4550550.466918748,2645016.50379658],[4552466.708698806,2645792.652288455],[4553967.82570583,2646529.2999470313],[4554804.2728739735,2647273.1508000353],[4555213.307787395,2647821.7658041427],[4555270.24245701,2648010.412112096],[4555134.148752487,2648444.530054602],[4555110.325472296,2648854.6633047345],[4555714.010440551,2650366.482456793],[4556503.420337233,2651339.377416716],[4557336.570527015,2651488.8029207047],[4559094.326026087,2651367.547792514],[4559952.543730574,2651448.090295205],[4560775.197707677,2651701.146287068],[4561884.87122676,2651643.948452454],[4562740.08603214,2651839.440456791],[4563091.507145224,2652122.3721638084],[4563752.6873814035,2652010.0200644843],[4564522.329286741,2651592.372489379],[4567081.049250436,2650584.6719075837],[4567772.271874958,2649758.2710252996],[4568245.052476794,2649001.109039448],[4568925.712278811,2648832.597244501],[4569861.824926157,2646935.6787766838],[4570566.908111209,2646274.0212558093],[4570804.559773313,2646200.6625776207],[4571407.631805305,2646295.816958418],[4571828.156737508,2646164.6568908636],[4572239.05801445,2645816.953621774],[4572563.58161065,2645658.462440218],[4573205.516656987,2645597.2917837007],[4574267.450135176,2645116.7836551927],[4575039.573167873,2644918.4033230087],[4575304.1149157565,2644549.1116966503],[4575581.851983622,2643922.287687351],[4576363.673712126,2643708.362960687],[4577097.373933265,2643093.6924171546],[4575313.768125969,2643012.765557303],[4575638.90871161,2635525.7591436235],[4570640.680427461,2635300.9914474506],[4570748.959237525,2632805.762700906],[4545752.898933,2631685.770912793],[4546077.374773756,2624198.4033598155],[4548576.669033959,2624310.2099452233],[4548684.781397876,2621815.083931932],[4546184.4671496805,2621703.248826872],[4546400.667488339,2616712.1390677867],[4543901.309965251,2616601.3746695984],[4543999.070571902,2614344.0012181876],[4543687.10774031,2614282.040759675],[4543218.357353816,2614439.144891718],[4542704.756777523,2614174.1124988655],[4542422.408464615,2614122.481734705],[4541836.957448169,2614174.3482222715],[4541616.691832994,2614285.5482704532],[4541203.51229198,2614177.069809513],[4540820.311761668,2614302.0026967],[4540593.31307549,2614082.8006276297],[4540249.834906781,2613915.4154054304],[4539670.905663585,2613793.5321210413],[4538740.453222386,2613991.0575055815],[4538239.445197804,2614198.7593966816],[4537789.131463462,2614554.774726879],[4537635.3793198075,2615097.0831788075],[4537702.848616186,2615367.1789454706],[4537622.5552416835,2616179.862266283],[4537726.815318601,2616479.614269371],[4536965.401191333,2616313.579591977],[4536459.584520381,2616609.1025407636],[4536031.631129433,2616657.0225311033],[4535360.776917131,2617061.224348261],[4534889.213173366,2617491.3274181364],[4534681.638857588,2617911.2038959246],[4533580.774611543,2618225.2062962246],[4532914.40737821,2618178.4785526413],[4532584.738302427,2618293.817901002],[4532410.834182299,2618260.0547409337],[4531958.772535223,2617961.809861272],[4531876.953197294,2617537.029569534],[4531586.1326660365,2617217.9671097193],[4530947.042265613,2616842.3629815914],[4530265.023057497,2616740.933248248],[4529879.540471097,2616895.800909057],[4529621.0184345925,2617173.3644867004],[4529495.267070734,2617508.862431362],[4529130.401624549,2617696.6605817666],[4528677.731707526,2618338.6877558352],[4527540.381543473,2618616.1228388296],[4526828.488067992,2619129.4273615857],[4527348.315484694,2619258.169067777],[4527588.633608909,2619601.810937008],[4527627.704958612,2620613.86749816],[4527435.393621182,2621384.117625888],[4527475.600273834,2621774.0055397367],[4527283.627655569,2622114.4242703076],[4527225.341304771,2622582.3689674754],[4527587.803914448,2623131.5311590545],[4527679.853229544,2623679.1665155985],[4527674.941038411,2624349.4983728356],[4527777.502446797,2624445.0687724967],[4528190.756684524,2624548.96446215],[4528995.382093792,2624335.7467687875],[4529284.799867183,2624349.626025754],[4529613.633634881,2624506.273068926],[4529764.784819942,2624752.5206226944],[4529709.935528487,2625175.606260892],[4528866.765201724,2626373.6817586496],[4528847.375959812,2626625.3388809143],[4529115.183109031,2627857.861769845],[4529040.849374535,2628361.1012081574],[4529264.580190402,2628701.0915154656],[4529655.770623536,2628875.0205992674],[4530054.865123797,2628685.721803431],[4530569.988707783,2628675.6913569835],[4531308.564417032,2629353.633639414],[4531716.443889659,2629442.8012241987],[4532042.682168158,2629717.3585680174],[4532601.192330523,2629681.910456806],[4533435.7465397585,2629993.936186691],[4534219.417754115,2630045.8542087474],[4534588.055158007,2630301.304843763],[4535112.685081246,2630389.8343287157],[4535401.671089107,2630530.7589965668],[4535595.943600342,2630438.2307728617],[4535769.986520892,2629922.23414124],[4536046.99336419,2629759.9658608893],[4537002.617122978,2629918.224918276],[4537670.595857886,2629732.4627516074],[4538403.691943001,2629897.661860446],[4538603.066535166,2630021.5494226855],[4539640.045141104,2631144.6197340423],[4540279.485536058,2631215.765542601],[4541179.176265944,2631528.8030795883],[4542675.250950029,2632919.2802069928],[4543117.4964382835,2632734.9961403785],[4543584.129648167,2632183.715405863],[4544054.957042142,2631929.1842687894],[4545239.2012763275,2631799.046066919],[4546426.271527672,2632562.7045052596],[4546629.89786323,2632938.37057038],[4546690.291658306,2633475.655006321],[4546931.50911003,2633804.491338235],[4547427.561230227,2634078.213064284],[4547905.785526437,2634497.6595292385],[4548090.727228807,2634899.989528399],[4548101.499603991,2635299.032684634],[4547960.136170912,2636145.844237959],[4547730.029232973,2636566.6264671013],[4547451.179977338,2636748.1935699414],[4546859.693880134,2636862.285375527],[4546013.197541127,2637394.062385675],[4545356.291755948,2637931.796730767],[4544577.613265936,2638309.0653138477],[4544286.111613794,2638621.094156318],[4544201.127512994,2638617.2964174966],[4544194.020203054,2638711.99538707],[4543736.097320855,2639027.0936690923],[4542479.170102084,2639344.9935884033],[4542392.676064099,2639480.1540863244],[4542384.120356477,2639989.8656524103],[4541944.720923868,2640594.3374762638],[4541696.843117372,2641171.3604760207],[4541490.791017657,2641314.6796308598],[4540744.07326445,2641544.369721484],[4540484.401068642,2641857.263996426]]]}},{"type":"Feature","properties":{"flugjahr":"2023","gebiet":"Ober\u00f6sterreich","bemerkung":"2024 DSM und DTM Stand 2023 eingespielt"},"geometry":{"type":"Polygon","coordinates":[[[4632470.5195889855,2823705.952550296],[4684366.158662186,2826087.021028069],[4684646.070419553,2825582.361943521],[4684750.23394559,2825223.746618535],[4685123.067024582,2825238.0272548366],[4685697.111106129,2824739.008623244],[4686126.021285015,2824797.9491692367],[4686541.777376961,2824681.0656903535],[4686985.337198616,2824166.9811977306],[4687004.832431974,2823977.652564465],[4686913.876845393,2823795.217085043],[4687014.054256547,2823704.746143946],[4687331.652888091,2823700.4479561453],[4687481.220302891,2823580.225723392],[4687530.870649872,2823321.2073832056],[4687397.406835376,2822612.154828638],[4687040.380622916,2822356.30492085],[4686749.488170122,2821853.2115915874],[4686464.955870307,2821610.7367261266],[4687215.8793871505,2821455.316419041],[4687594.266009309,2821144.4570020107],[4688014.057610811,2821251.0358645795],[4688667.854373064,2820915.9237648733],[4688825.344233781,2820685.930081334],[4688900.850679543,2819715.20712805],[4688855.9959986545,2819419.76072587],[4688514.947180847,2818918.3432329856],[4688239.581801661,2817665.0327854147],[4688285.106319667,2817184.5456078583],[4688209.171029217,2817001.8034608793],[4688306.217608076,2816734.9670830998],[4688186.551763119,2816500.135874762],[4688268.487858026,2816190.5474870806],[4688174.244667242,2815879.8000507373],[4688336.281371763,2815368.6715739546],[4688255.1954205725,2815166.667714734],[4688113.908487799,2815056.9906910486],[4687980.0287829265,2814647.287696501],[4687992.358942277,2814371.519690553],[4687790.497996288,2813668.3117328635],[4687905.794942268,2813642.618271506],[4688173.915263685,2813849.284816405],[4688657.403079112,2813986.8382182918],[4689671.003589754,2813735.480040334],[4689927.6720609525,2813862.518774313],[4690232.5187860215,2813852.6165874717],[4690499.401979643,2813750.8633759413],[4690610.524873466,2813549.7650887948],[4690851.652985946,2813374.716148569],[4691020.484290669,2812958.0146246315],[4690936.714607131,2812502.557252813],[4691076.551057052,2811704.0304025016],[4690991.291656629,2811035.254163849],[4691189.100205798,2810574.854480354],[4691362.813469224,2809242.2659627255],[4691528.022786819,2808794.3610217073],[4691506.417475048,2807821.145523078],[4691638.569793036,2807440.797338664],[4691565.868344681,2806871.7298697834],[4691791.643370488,2806457.6794917053],[4691831.225544545,2806087.055014996],[4691656.40060061,2805853.6661476353],[4691237.263338948,2805732.1046615336],[4690845.7467417,2805373.5371161615],[4690714.007849407,2805072.0689971815],[4690290.449145457,2804847.1863295776],[4690326.141802076,2804182.0285695936],[4690653.777425611,2803863.8020091187],[4690683.632150097,2803598.856123874],[4690282.900476942,2803109.701865568],[4689823.492827368,2802970.2623237795],[4689361.953986522,2802340.113400769],[4689218.322328413,2801833.8327670335],[4689846.78223333,2801730.8032342624],[4690015.6483012615,2801604.465507075],[4690165.892734589,2801154.866425384],[4690351.565682919,2801033.313539352],[4690464.12162535,2800822.2645580983],[4690447.784788385,2800627.2673326745],[4690275.004832071,2800415.005647602],[4690795.004946355,2800228.854358831],[4690939.844482999,2800057.35227778],[4690907.858877,2799607.321231078],[4690735.526319484,2799430.1221579676],[4690540.666317685,2799421.0865317257],[4689609.868963305,2799769.4217910706],[4689260.0077863,2800069.593812145],[4688021.243509457,2802472.217854526],[4687638.331967607,2802794.8903613],[4686018.840395952,2802891.087364804],[4685214.101824554,2802636.5693736533],[4684850.4862502515,2802325.3783460036],[4684489.000116334,2802235.552918941],[4684137.357363476,2802351.432598319],[4683866.011753628,2802732.3445819314],[4683618.89295538,2802704.887729641],[4682919.431757861,2802154.907090782],[4682036.505600073,2801946.8629779317],[4682031.01969924,2801531.108661896],[4682186.146825954,2800702.261672587],[4682020.043028554,2800182.940620202],[4681550.874991474,2799363.2610407495],[4681327.458800436,2798556.9522568686],[4680327.338430751,2797786.816666792],[4679987.336154754,2797618.9118484915],[4679006.360093023,2797519.485324561],[4678355.18133872,2797368.2391788857],[4677344.930965319,2796824.953651174],[4676253.884413049,2796521.2388217817],[4674899.611771263,2795945.055303011],[4673781.379469065,2795622.087651174],[4673459.97250553,2795305.8980028923],[4673249.597702996,2795330.2221267894],[4672211.677417824,2795926.0406412287],[4671717.958261446,2795926.276174659],[4671229.8024630705,2795081.7743404405],[4671293.567180308,2794639.195913127],[4671163.780944347,2794202.707771371],[4670899.912636295,2793921.2188963788],[4670320.297194531,2793534.0614998583],[4669854.807109054,2793395.4546209183],[4669324.248444576,2793481.1064553037],[4668398.786601806,2793843.8507862203],[4667403.537924845,2794469.741969555],[4667310.941561173,2794637.6656229342],[4667341.357194179,2794854.313949891],[4666312.907917205,2795079.1801420096],[4665364.534959911,2795755.290226771],[4664604.504502963,2796767.479605905],[4664325.20438452,2796967.8408685583],[4663883.441911379,2797128.66832872],[4663506.773938972,2797424.665094132],[4662334.283686029,2798973.5158131835],[4661853.383983745,2799833.4032119443],[4661312.817110507,2800324.091048693],[4659607.142667789,2801027.403911575],[4658741.802421611,2801232.8401079946],[4658532.698753727,2801386.4010848235],[4657609.214996292,2801616.185397754],[4656925.445290083,2801566.7065112554],[4656541.835928434,2801185.652684903],[4655077.245611302,2800184.154646366],[4654802.603275387,2799852.148958883],[4654572.191464983,2798571.1029907945],[4654321.993231226,2797801.733782032],[4654277.706400307,2797040.834316035],[4654462.409061255,2796647.8739076387],[4654516.084946414,2796318.967737856],[4654292.455341382,2795604.8764495677],[4654642.614522224,2795049.337704403],[4654708.079288388,2794657.896916184],[4654327.126430523,2793021.517064117],[4653831.097776451,2792329.9275557916],[4653654.15523312,2791782.16542517],[4654379.745825838,2791026.645828657],[4654485.106364087,2790684.093599586],[4654514.619380248,2790177.879642139],[4654434.5524712335,2789838.8203529506],[4653909.750227404,2789185.9478573455],[4653850.981479524,2788930.9465586455],[4654347.786086701,2788951.810347193],[4655323.030161137,2788550.157782921],[4655806.787630917,2788142.915763695],[4655922.899810255,2787760.815662905],[4655675.033201037,2787298.888898183],[4655080.5354904635,2786885.07633734],[4654810.413927629,2786698.4500974226],[4634150.417982501,2785752.300062844],[4632470.5195889855,2823705.952550296]]]}},{"type":"Feature","properties":{"flugjahr":"2023","gebiet":"Ober\u00f6sterreich","bemerkung":"2024 DSM und DTM Stand 2023 eingespielt"},"geometry":{"type":"Polygon","coordinates":[[[4533716.25410859,2791207.7829284417],[4560015.951299809,2792392.419222465],[4561090.058566478,2767978.2409055834],[4560865.08334965,2767763.907169686],[4560253.73910733,2767566.1838231906],[4559990.073540129,2767183.9689138355],[4558749.165081297,2766974.8844059985],[4558406.709314132,2767040.516337931],[4557734.74389175,2766991.2069502003],[4557412.284239104,2767057.7459541713],[4557256.930079788,2767173.8556478717],[4556818.547833185,2766937.916072794],[4556523.540373068,2766653.393569017],[4556149.621890205,2766523.4606926525],[4555905.776425121,2766533.5012370218],[4555699.192889122,2766698.359126135],[4555711.249999481,2767039.2125339885],[4555344.968020563,2767556.1830282626],[4555180.9267859375,2767984.1689099274],[4555162.299708616,2768567.83573174],[4555283.854609225,2768719.4404793405],[4555568.157861198,2768837.341009954],[4555574.363239602,2768969.7392153894],[4555082.0220763255,2768776.405989228],[4555005.760032933,2768619.8353280965],[4554841.762369681,2768522.36902032],[4553958.761345292,2768580.7043537404],[4553738.575949257,2768781.9782847716],[4553753.630996066,2769168.9969269596],[4553347.928004803,2769078.666582851],[4553032.905394264,2769272.662836883],[4552730.005366231,2769259.0255582184],[4552440.741501797,2769482.2115006573],[4552159.904761993,2769285.4142206875],[4551874.39736108,2769240.538697048],[4551381.394266753,2769700.776568548],[4551321.737636627,2769964.3300860757],[4550880.163284844,2769983.4844565527],[4550660.092065086,2770113.7041189927],[4550336.620418491,2770135.177826505],[4550070.053723038,2770662.661564436],[4550101.495895115,2770836.2298428463],[4550236.352914915,2770981.425041668],[4550214.863038536,2771242.6908848686],[4549780.926703571,2771293.2161572045],[4549336.326887409,2771039.0096969265],[4548994.6878422275,2771108.7329942537],[4548887.57052437,2771244.0443979898],[4548864.007269035,2771461.1820657593],[4549080.918492974,2772064.465473678],[4548880.566144244,2772201.5939626805],[4548669.001443994,2772685.5097586466],[4548279.119488786,2772576.8992792433],[4547836.695578225,2772798.2151385136],[4547809.059525366,2773313.429989176],[4548043.118370822,2773731.3189793783],[4547933.433583497,2773993.6248095804],[4547055.20713994,2773121.4021730796],[4546240.408312733,2773107.8276761267],[4546089.872420114,2773228.180197655],[4545936.946242426,2773562.610020963],[4545834.295382602,2773527.967254793],[4545807.828879301,2773309.5862364955],[4545618.960663225,2773025.847858518],[4545279.9103265125,2772763.3813536232],[4544533.198571995,2772614.7074171407],[4544363.776366321,2772504.0025896225],[4543966.657746886,2772469.1452586576],[4543353.210994801,2772022.192500594],[4542970.653942378,2771928.9284189083],[4542491.041425799,2772038.483988704],[4541745.86432851,2772949.83074672],[4541427.609439493,2772966.553860527],[4541253.793554867,2773092.8584323404],[4540958.638693336,2773062.579243244],[4540748.086703471,2773341.3698034543],[4540411.992874159,2773308.2535113557],[4540055.3559424095,2773104.067765356],[4539133.385654788,2771835.5997834336],[4538822.322897656,2771688.52178056],[4538396.799830052,2771684.438500852],[4538348.798135139,2771225.886785862],[4538072.591741761,2770900.200745032],[4538040.36480139,2770424.3242153856],[4537876.620889144,2770023.6188948527],[4537578.214963763,2769793.039191818],[4537545.044747397,2769407.2110029906],[4537332.662996723,2769042.371587727],[4537223.585277353,2768331.8565964974],[4537109.107605235,2768155.570073504],[4536651.421438983,2768085.002092132],[4536116.495655281,2768291.205208206],[4535901.109277144,2768451.682674561],[4535810.29392424,2768626.75900429],[4534425.976550859,2768626.698944786],[4534223.096672598,2768821.776095839],[4533935.840515371,2770096.0155011443],[4533330.350820778,2771020.702809703],[4532210.383439142,2772119.501534566],[4527333.576834295,2776135.569177042],[4526540.405442286,2777021.8363195336],[4526178.658213777,2777641.1975168576],[4525857.355572749,2778549.63476004],[4525481.679696177,2781017.9872081643],[4525579.956506514,2781517.8164691115],[4526150.258152933,2782262.979018939],[4526063.548408041,2782983.727974261],[4526229.544118318,2783332.46133498],[4526700.382581553,2783604.772346713],[4527172.311194597,2783623.912618171],[4527745.063426217,2783445.3945640977],[4528295.651081417,2783018.668485676],[4528963.100113485,2784607.9695795416],[4528937.917157854,2785204.37500554],[4529125.516949219,2785608.140446463],[4530126.761708387,2786254.5668366672],[4531264.839144423,2786431.7212929903],[4531643.004145743,2786875.0618180363],[4531629.050784328,2787443.922436455],[4531779.683777244,2787776.971005893],[4532136.206793759,2787983.1365273213],[4532594.096735474,2787979.646822347],[4532892.037951608,2789108.976152744],[4533460.245137434,2789945.1707644784],[4533716.25410859,2791207.7829284417]]]}}]}